
Note: Compatibility modes selected: hs a


Circuit: * ro-array-coupling-xor-driven-buffered @ tt_27c_3.30v -- generated by sim/harness, do not edit

Doing analysis at TEMP = 27.000000 and TNOM = 27.000000

Using SPARSE 1.3 as Direct Linear Solver

Initial Transient Solution
--------------------------

Node                                   Voltage
----                                   -------
vsup                                       3.3
en                                         3.3
vddr1                                      3.3
vddr2                                      3.3
vddb1                                      3.3
vddb2                                      3.3
vdd                                        3.3
xg1.py                                 1.58325
n11                                          0
g10                                1.24708e-07
xg1.nm                            7.45296e-206
xg1.ny                            6.95739e-206
x11.py                                     3.3
n12                                        3.3
g11                                          0
x11.ny                             2.35462e-08
x12.py                                     3.3
n13                                1.24708e-07
g12                                        3.3
x12.ny                             1.06256e-07
x13.py                                     3.3
n14                                        3.3
g13                                1.24708e-07
x13.ny                             2.35463e-08
x14.py                                     3.3
ro1                                1.24708e-07
g14                                        3.3
x14.ny                             1.06256e-07
xg2.py                                 1.59988
n21                                          0
g20                                1.17147e-07
xg2.nm                            1.54244e-206
xg2.ny                            1.43249e-206
x21.py                                     3.3
n22                                        3.3
g21                                          0
x21.ny                             2.18706e-08
x22.py                                     3.3
n23                                1.17147e-07
g22                                        3.3
x22.ny                              9.8695e-08
x23.py                                     3.3
n24                                        3.3
g23                                1.17147e-07
x23.ny                             2.18707e-08
x24.py                                     3.3
ro2                                1.17147e-07
g24                                        3.3
x24.ny                              9.8695e-08
rb1                                        3.3
rb2                                        3.3
xa1.an                             1.84515e-08
xa1.bn                             1.84515e-08
xa1.mid                               0.783854
t1                                 1.12326e-07
xa1.s1                             5.61632e-08
xa1.s2                             2.36649e-08
q1                                 -9.2686e-16
qb1                               -4.05927e-22
qb2                               -4.05911e-22
qt                                 -2.3362e-21
x1                                       -1.65
x2                                       -1.65
bx2#branch                                   0
bx1#branch                                   0
vtr#branch                          2.3362e-11
vb2#branch                         4.05911e-12
vb1#branch                         4.05927e-12
vr1#branch                          9.2686e-06
vn24#branch                                  0
vn23#branch                                  0
vn22#branch                                  0
vn21#branch                                  0
vn20#branch                        -3.4973e-28
vn14#branch                                  0
vn13#branch                                  0
vn12#branch                                  0
vn11#branch                                  0
vn10#branch                       -4.18896e-29
vr2#branch                         9.82234e-06
ven#branch                                   0
vsup#branch                        -1.9091e-05

 Reference value :  0.00000e+00
 Reference value :  4.90000e-10
 Reference value :  9.40300e-10
 Reference value :  1.36450e-09
 Reference value :  1.83925e-09
 Reference value :  2.31550e-09
 Reference value :  2.77000e-09
 Reference value :  3.24650e-09
 Reference value :  3.72010e-09
 Reference value :  4.15750e-09
 Reference value :  4.64010e-09
 Reference value :  5.13070e-09
 Reference value :  5.57030e-09
 Reference value :  6.02070e-09
 Reference value :  6.49030e-09
 Reference value :  6.98350e-09
 Reference value :  7.41850e-09
 Reference value :  7.89070e-09
 Reference value :  8.36070e-09
 Reference value :  8.87350e-09
 Reference value :  9.34150e-09
 Reference value :  9.78010e-09
 Reference value :  1.02145e-08
 Reference value :  1.06835e-08
 Reference value :  1.11407e-08
 Reference value :  1.15892e-08
 Reference value :  1.20675e-08
 Reference value :  1.25135e-08
 Reference value :  1.29692e-08
 Reference value :  1.34075e-08
 Reference value :  1.38807e-08
 Reference value :  1.43145e-08
 Reference value :  1.47625e-08
 Reference value :  1.52485e-08
 Reference value :  1.57015e-08
 Reference value :  1.61775e-08
 Reference value :  1.66525e-08
 Reference value :  1.71365e-08
 Reference value :  1.75975e-08
 Reference value :  1.80503e-08
 Reference value :  1.85155e-08
 Reference value :  1.89725e-08
 Reference value :  1.94292e-08
 Reference value :  1.98515e-08
 Reference value :  2.03103e-08
 Reference value :  2.07600e-08
 Reference value :  2.12000e-08
 Reference value :  2.16755e-08
 Reference value :  2.21255e-08
 Reference value :  2.25592e-08
 Reference value :  2.30492e-08
 Reference value :  2.34801e-08
 Reference value :  2.39600e-08
 Reference value :  2.44500e-08
 Reference value :  2.48915e-08
 Reference value :  2.53345e-08
 Reference value :  2.57835e-08
 Reference value :  2.62865e-08
 Reference value :  2.67285e-08
 Reference value :  2.71685e-08
 Reference value :  2.76145e-08
 Reference value :  2.80485e-08
 Reference value :  2.85265e-08
 Reference value :  2.90255e-08
 Reference value :  2.94492e-08
 Reference value :  2.99007e-08
 Reference value :  3.03745e-08
 Reference value :  3.08315e-08
 Reference value :  3.12725e-08
 Reference value :  3.17145e-08
 Reference value :  3.22025e-08
 Reference value :  3.26400e-08
 Reference value :  3.30975e-08
 Reference value :  3.35807e-08
 Reference value :  3.40101e-08
 Reference value :  3.44785e-08
 Reference value :  3.49415e-08
 Reference value :  3.54125e-08
 Reference value :  3.58665e-08
 Reference value :  3.63215e-08
 Reference value :  3.67901e-08
 Reference value :  3.72835e-08
 Reference value :  3.77492e-08
 Reference value :  3.82715e-08
 Reference value :  3.87101e-08
 Reference value :  3.91900e-08
 Reference value :  3.96815e-08
 Reference value :  4.01607e-08
 Reference value :  4.06092e-08
 Reference value :  4.10785e-08
 Reference value :  4.15301e-08
 Reference value :  4.19715e-08
 Reference value :  4.24292e-08
 Reference value :  4.28615e-08
 Reference value :  4.33203e-08
 Reference value :  4.37875e-08
 Reference value :  4.42301e-08
 Reference value :  4.46955e-08
 Reference value :  4.51725e-08
 Reference value :  4.56025e-08
 Reference value :  4.60335e-08
 Reference value :  4.64865e-08
 Reference value :  4.69800e-08
 Reference value :  4.74001e-08
 Reference value :  4.78465e-08
 Reference value :  4.82735e-08
 Reference value :  4.87385e-08
 Reference value :  4.92025e-08
 Reference value :  4.96655e-08
 Reference value :  5.01515e-08
 Reference value :  5.07503e-08
 Reference value :  5.12835e-08
 Reference value :  5.17492e-08
 Reference value :  5.21965e-08
 Reference value :  5.26492e-08
 Reference value :  5.30885e-08
 Reference value :  5.35400e-08
 Reference value :  5.39875e-08
 Reference value :  5.44665e-08
 Reference value :  5.49265e-08
 Reference value :  5.53655e-08
 Reference value :  5.58307e-08
 Reference value :  5.62855e-08
 Reference value :  5.67292e-08
 Reference value :  5.71900e-08
 Reference value :  5.76525e-08
 Reference value :  5.80907e-08
 Reference value :  5.85407e-08
 Reference value :  5.90145e-08
 Reference value :  5.94855e-08
 Reference value :  5.99207e-08
 Reference value :  6.03965e-08
 Reference value :  6.08392e-08
 Reference value :  6.13035e-08
 Reference value :  6.18000e-08
 Reference value :  6.22655e-08
 Reference value :  6.27045e-08
 Reference value :  6.31685e-08
 Reference value :  6.36500e-08
 Reference value :  6.41225e-08
 Reference value :  6.45892e-08
 Reference value :  6.50245e-08
 Reference value :  6.54635e-08
 Reference value :  6.59335e-08
 Reference value :  6.64055e-08
 Reference value :  6.68501e-08
 Reference value :  6.73335e-08
 Reference value :  6.77855e-08
 Reference value :  6.82645e-08
 Reference value :  6.87601e-08
 Reference value :  6.92175e-08
 Reference value :  6.96675e-08
 Reference value :  7.01792e-08
 Reference value :  7.06655e-08
 Reference value :  7.11607e-08
 Reference value :  7.16307e-08
 Reference value :  7.20975e-08
 Reference value :  7.26015e-08
 Reference value :  7.30607e-08
 Reference value :  7.35125e-08
 Reference value :  7.39700e-08
 Reference value :  7.44225e-08
 Reference value :  7.48900e-08
 Reference value :  7.53475e-08
 Reference value :  7.57935e-08
 Reference value :  7.62603e-08
 Reference value :  7.67385e-08
 Reference value :  7.71765e-08
 Reference value :  7.76235e-08
 Reference value :  7.80885e-08
 Reference value :  7.85355e-08
 Reference value :  7.89800e-08
 Reference value :  7.94625e-08
 Reference value :  7.99107e-08
 Reference value :  8.03501e-08
 Reference value :  8.07985e-08
 Reference value :  8.12703e-08
 Reference value :  8.17345e-08
 Reference value :  8.21701e-08
 Reference value :  8.26285e-08
 Reference value :  8.30803e-08
 Reference value :  8.36225e-08
 Reference value :  8.41025e-08
 Reference value :  8.45803e-08
 Reference value :  8.50335e-08
 Reference value :  8.55045e-08
 Reference value :  8.59745e-08
 Reference value :  8.64665e-08
 Reference value :  8.69503e-08
 Reference value :  8.74200e-08
 Reference value :  8.78985e-08
 Reference value :  8.83735e-08
 Reference value :  8.88175e-08
 Reference value :  8.93015e-08
 Reference value :  8.97555e-08
 Reference value :  9.02507e-08
 Reference value :  9.07265e-08
 Reference value :  9.12200e-08
 Reference value :  9.16701e-08
 Reference value :  9.21785e-08
 Reference value :  9.26165e-08
 Reference value :  9.31645e-08
 Reference value :  9.36165e-08
 Reference value :  9.40703e-08
 Reference value :  9.45515e-08
 Reference value :  9.50501e-08
 Reference value :  9.55225e-08
 Reference value :  9.59945e-08
 Reference value :  9.64675e-08
 Reference value :  9.69125e-08
 Reference value :  9.74435e-08
 Reference value :  9.79445e-08
 Reference value :  9.84207e-08
 Reference value :  9.88755e-08
 Reference value :  9.93775e-08
 Reference value :  9.98125e-08
 Reference value :  1.00319e-07
 Reference value :  1.00768e-07
 Reference value :  1.01231e-07
 Reference value :  1.01670e-07
 Reference value :  1.02117e-07
 Reference value :  1.02619e-07
 Reference value :  1.03061e-07
 Reference value :  1.03556e-07
 Reference value :  1.04014e-07
 Reference value :  1.04483e-07
 Reference value :  1.04930e-07
 Reference value :  1.05386e-07
 Reference value :  1.05848e-07
 Reference value :  1.06289e-07
 Reference value :  1.06798e-07
 Reference value :  1.07258e-07
 Reference value :  1.07722e-07
 Reference value :  1.08200e-07
 Reference value :  1.08652e-07
 Reference value :  1.09136e-07
 Reference value :  1.09600e-07
 Reference value :  1.10063e-07
 Reference value :  1.10531e-07
 Reference value :  1.11000e-07
 Reference value :  1.11441e-07
 Reference value :  1.11897e-07
 Reference value :  1.12374e-07
 Reference value :  1.12849e-07
 Reference value :  1.13315e-07
 Reference value :  1.13807e-07
 Reference value :  1.14255e-07
 Reference value :  1.14699e-07
 Reference value :  1.15156e-07
 Reference value :  1.15591e-07
 Reference value :  1.16052e-07
 Reference value :  1.16539e-07
 Reference value :  1.17010e-07
 Reference value :  1.17489e-07
 Reference value :  1.17921e-07
 Reference value :  1.18380e-07
 Reference value :  1.18845e-07
 Reference value :  1.19290e-07
 Reference value :  1.19772e-07
 Reference value :  1.20239e-07
 Reference value :  1.20724e-07
 Reference value :  1.21161e-07
 Reference value :  1.21631e-07
 Reference value :  1.22097e-07
 Reference value :  1.22651e-07
 Reference value :  1.23145e-07
 Reference value :  1.23638e-07
 Reference value :  1.24130e-07
 Reference value :  1.24964e-07
 Reference value :  1.25789e-07
 Reference value :  1.26628e-07
 Reference value :  1.27436e-07
 Reference value :  1.28236e-07
 Reference value :  1.28991e-07
 Reference value :  1.29428e-07
 Reference value :  1.29900e-07
 Reference value :  1.30374e-07
 Reference value :  1.30867e-07
 Reference value :  1.31318e-07
 Reference value :  1.31773e-07
 Reference value :  1.32252e-07
 Reference value :  1.32704e-07
 Reference value :  1.33189e-07
 Reference value :  1.33658e-07
 Reference value :  1.34100e-07
 Reference value :  1.34562e-07
 Reference value :  1.35041e-07
 Reference value :  1.35477e-07
 Reference value :  1.35970e-07
 Reference value :  1.36422e-07
 Reference value :  1.36880e-07
 Reference value :  1.37320e-07
 Reference value :  1.37792e-07
 Reference value :  1.38280e-07
 Reference value :  1.38721e-07
 Reference value :  1.39170e-07
 Reference value :  1.39636e-07
 Reference value :  1.40069e-07
 Reference value :  1.40520e-07
 Reference value :  1.41028e-07
 Reference value :  1.41481e-07
 Reference value :  1.41926e-07
 Reference value :  1.42418e-07
 Reference value :  1.42930e-07
 Reference value :  1.43412e-07
 Reference value :  1.43849e-07
 Reference value :  1.44369e-07
 Reference value :  1.44858e-07
 Reference value :  1.45310e-07
 Reference value :  1.45774e-07
 Reference value :  1.46250e-07
 Reference value :  1.46702e-07
 Reference value :  1.47146e-07
 Reference value :  1.47601e-07
 Reference value :  1.48054e-07
 Reference value :  1.48503e-07
 Reference value :  1.49000e-07
 Reference value :  1.49512e-07
 Reference value :  1.49950e-07
 Reference value :  1.50412e-07
 Reference value :  1.50912e-07
 Reference value :  1.51383e-07
 Reference value :  1.51859e-07
 Reference value :  1.52318e-07
 Reference value :  1.52786e-07
 Reference value :  1.53231e-07
 Reference value :  1.53677e-07
 Reference value :  1.54143e-07
 Reference value :  1.54591e-07
 Reference value :  1.55065e-07
 Reference value :  1.55550e-07
 Reference value :  1.56003e-07
 Reference value :  1.56460e-07
 Reference value :  1.56896e-07
 Reference value :  1.57355e-07
 Reference value :  1.57799e-07
 Reference value :  1.58238e-07
 Reference value :  1.58692e-07
 Reference value :  1.59146e-07
 Reference value :  1.59595e-07
 Reference value :  1.60052e-07
 Reference value :  1.60549e-07
 Reference value :  1.61040e-07
 Reference value :  1.61480e-07
 Reference value :  1.61951e-07
 Reference value :  1.62401e-07
 Reference value :  1.62840e-07
 Reference value :  1.63300e-07
 Reference value :  1.63727e-07
 Reference value :  1.64172e-07
 Reference value :  1.64651e-07
 Reference value :  1.65083e-07
 Reference value :  1.65550e-07
 Reference value :  1.66011e-07
 Reference value :  1.66521e-07
 Reference value :  1.66984e-07
 Reference value :  1.67415e-07
 Reference value :  1.67907e-07
 Reference value :  1.68347e-07
 Reference value :  1.68780e-07
 Reference value :  1.69221e-07
 Reference value :  1.69668e-07
 Reference value :  1.70130e-07
 Reference value :  1.70579e-07
 Reference value :  1.71050e-07
 Reference value :  1.71504e-07
 Reference value :  1.71961e-07
 Reference value :  1.72427e-07
 Reference value :  1.72855e-07
 Reference value :  1.73320e-07
 Reference value :  1.73766e-07
 Reference value :  1.74214e-07
 Reference value :  1.74672e-07
 Reference value :  1.75119e-07
 Reference value :  1.75566e-07
 Reference value :  1.76003e-07
 Reference value :  1.76439e-07
 Reference value :  1.76890e-07
 Reference value :  1.77329e-07
 Reference value :  1.77770e-07
 Reference value :  1.78223e-07
 Reference value :  1.78662e-07
 Reference value :  1.79153e-07
 Reference value :  1.79598e-07
 Reference value :  1.80094e-07
 Reference value :  1.80542e-07
 Reference value :  1.80989e-07
 Reference value :  1.81493e-07
 Reference value :  1.81933e-07
 Reference value :  1.82396e-07
 Reference value :  1.82820e-07
 Reference value :  1.83289e-07
 Reference value :  1.83719e-07
 Reference value :  1.84178e-07
 Reference value :  1.84632e-07
 Reference value :  1.85113e-07
 Reference value :  1.85563e-07
 Reference value :  1.86007e-07
 Reference value :  1.86460e-07
 Reference value :  1.86900e-07
 Reference value :  1.87340e-07
 Reference value :  1.87819e-07
 Reference value :  1.88260e-07
 Reference value :  1.88761e-07
 Reference value :  1.89190e-07
 Reference value :  1.89660e-07
 Reference value :  1.90094e-07
 Reference value :  1.90546e-07
 Reference value :  1.90982e-07
 Reference value :  1.91416e-07
 Reference value :  1.91877e-07
 Reference value :  1.92323e-07
 Reference value :  1.92769e-07
 Reference value :  1.93231e-07
 Reference value :  1.93674e-07
 Reference value :  1.94170e-07
 Reference value :  1.94639e-07
 Reference value :  1.95116e-07
 Reference value :  1.95535e-07
 Reference value :  1.95998e-07
 Reference value :  1.96450e-07
 Reference value :  1.96873e-07
 Reference value :  1.97350e-07
 Reference value :  1.97779e-07
 Reference value :  1.98240e-07
 Reference value :  1.98680e-07
 Reference value :  1.99141e-07
 Reference value :  1.99586e-07
 Reference value :  2.00046e-07
 Reference value :  2.00487e-07
 Reference value :  2.00969e-07
 Reference value :  2.01430e-07
 Reference value :  2.01905e-07
 Reference value :  2.02390e-07
 Reference value :  2.02831e-07
 Reference value :  2.03290e-07
 Reference value :  2.03738e-07
 Reference value :  2.04186e-07
 Reference value :  2.04620e-07
 Reference value :  2.05080e-07
 Reference value :  2.05525e-07
 Reference value :  2.06000e-07
 Reference value :  2.06428e-07
 Reference value :  2.06881e-07
 Reference value :  2.07309e-07
 Reference value :  2.07746e-07
 Reference value :  2.08220e-07
 Reference value :  2.08651e-07
 Reference value :  2.09131e-07
 Reference value :  2.09577e-07
 Reference value :  2.10028e-07
 Reference value :  2.10460e-07
 Reference value :  2.10961e-07
 Reference value :  2.11391e-07
 Reference value :  2.11847e-07
 Reference value :  2.12296e-07
 Reference value :  2.12754e-07
 Reference value :  2.13214e-07
 Reference value :  2.13657e-07
 Reference value :  2.14128e-07
 Reference value :  2.14616e-07
 Reference value :  2.15120e-07
 Reference value :  2.15564e-07
 Reference value :  2.16057e-07
 Reference value :  2.16510e-07
 Reference value :  2.16989e-07
 Reference value :  2.17449e-07
 Reference value :  2.17882e-07
 Reference value :  2.18345e-07
 Reference value :  2.18774e-07
 Reference value :  2.19271e-07
 Reference value :  2.19730e-07
 Reference value :  2.20169e-07
 Reference value :  2.20628e-07
 Reference value :  2.21068e-07
 Reference value :  2.21580e-07
 Reference value :  2.22121e-07
 Reference value :  2.22551e-07
 Reference value :  2.23006e-07
 Reference value :  2.23431e-07
 Reference value :  2.23911e-07
 Reference value :  2.24373e-07
 Reference value :  2.24822e-07
 Reference value :  2.25265e-07
 Reference value :  2.25746e-07
 Reference value :  2.26191e-07
 Reference value :  2.26622e-07
 Reference value :  2.27100e-07
 Reference value :  2.27580e-07
 Reference value :  2.28060e-07
 Reference value :  2.28486e-07
 Reference value :  2.28970e-07
 Reference value :  2.29391e-07
 Reference value :  2.29817e-07
 Reference value :  2.30280e-07
 Reference value :  2.30730e-07
 Reference value :  2.31187e-07
 Reference value :  2.31650e-07
 Reference value :  2.32084e-07
 Reference value :  2.32540e-07
 Reference value :  2.32996e-07
 Reference value :  2.33451e-07
 Reference value :  2.33900e-07
 Reference value :  2.34354e-07
 Reference value :  2.34791e-07
 Reference value :  2.35250e-07
 Reference value :  2.35717e-07
 Reference value :  2.36150e-07
 Reference value :  2.36621e-07
 Reference value :  2.37074e-07
 Reference value :  2.37610e-07
 Reference value :  2.38055e-07
 Reference value :  2.38520e-07
 Reference value :  2.38970e-07
 Reference value :  2.39393e-07
 Reference value :  2.39891e-07
 Reference value :  2.40352e-07
 Reference value :  2.40794e-07
 Reference value :  2.41283e-07
 Reference value :  2.41713e-07
 Reference value :  2.42150e-07
 Reference value :  2.42627e-07
 Reference value :  2.43060e-07
 Reference value :  2.43538e-07
 Reference value :  2.44001e-07
 Reference value :  2.44438e-07
 Reference value :  2.44910e-07
 Reference value :  2.45358e-07
 Reference value :  2.45832e-07
 Reference value :  2.46333e-07
 Reference value :  2.46800e-07
 Reference value :  2.47291e-07
 Reference value :  2.47746e-07
 Reference value :  2.48220e-07
 Reference value :  2.48702e-07
 Reference value :  2.49200e-07
 Reference value :  2.49698e-07
 Reference value :  2.50131e-07
 Reference value :  2.50585e-07
 Reference value :  2.51052e-07
 Reference value :  2.51485e-07
 Reference value :  2.51940e-07
 Reference value :  2.52402e-07
 Reference value :  2.52832e-07
 Reference value :  2.53293e-07
 Reference value :  2.53773e-07
 Reference value :  2.54221e-07
 Reference value :  2.54707e-07
 Reference value :  2.55172e-07
 Reference value :  2.55627e-07
 Reference value :  2.56113e-07
 Reference value :  2.56556e-07
 Reference value :  2.57020e-07
 Reference value :  2.57470e-07
 Reference value :  2.57902e-07
 Reference value :  2.58360e-07
 Reference value :  2.58858e-07
 Reference value :  2.59298e-07
 Reference value :  2.59741e-07
 Reference value :  2.60212e-07
 Reference value :  2.60663e-07
 Reference value :  2.61135e-07
 Reference value :  2.61570e-07
 Reference value :  2.62075e-07
 Reference value :  2.62528e-07
 Reference value :  2.62989e-07
 Reference value :  2.63470e-07
 Reference value :  2.63914e-07
 Reference value :  2.64366e-07
 Reference value :  2.64841e-07
 Reference value :  2.65268e-07
 Reference value :  2.65721e-07
 Reference value :  2.66164e-07
 Reference value :  2.66619e-07
 Reference value :  2.67089e-07
 Reference value :  2.67522e-07
 Reference value :  2.67971e-07
 Reference value :  2.68429e-07
 Reference value :  2.68871e-07
 Reference value :  2.69320e-07
 Reference value :  2.69760e-07
 Reference value :  2.70223e-07
 Reference value :  2.70654e-07
 Reference value :  2.71099e-07
 Reference value :  2.71551e-07
 Reference value :  2.71993e-07
 Reference value :  2.72441e-07
 Reference value :  2.72911e-07
 Reference value :  2.73388e-07
 Reference value :  2.73862e-07
 Reference value :  2.74300e-07
 Reference value :  2.74730e-07
 Reference value :  2.75195e-07
 Reference value :  2.75643e-07
 Reference value :  2.76100e-07
 Reference value :  2.76531e-07
 Reference value :  2.76993e-07
 Reference value :  2.77445e-07
 Reference value :  2.77894e-07
 Reference value :  2.78351e-07
 Reference value :  2.78801e-07
 Reference value :  2.79246e-07
 Reference value :  2.79693e-07
 Reference value :  2.80131e-07
 Reference value :  2.80590e-07
 Reference value :  2.81038e-07
 Reference value :  2.81461e-07
 Reference value :  2.81906e-07
 Reference value :  2.82368e-07
 Reference value :  2.82797e-07
 Reference value :  2.83250e-07
 Reference value :  2.83710e-07
 Reference value :  2.84161e-07
 Reference value :  2.84596e-07
 Reference value :  2.85033e-07
 Reference value :  2.85459e-07
 Reference value :  2.85893e-07
 Reference value :  2.86350e-07
 Reference value :  2.86806e-07
 Reference value :  2.87259e-07
 Reference value :  2.87724e-07
 Reference value :  2.88161e-07
 Reference value :  2.88636e-07
 Reference value :  2.89087e-07
 Reference value :  2.89539e-07
 Reference value :  2.89985e-07
 Reference value :  2.90449e-07
 Reference value :  2.90902e-07
 Reference value :  2.91352e-07
 Reference value :  2.91796e-07
 Reference value :  2.92250e-07
 Reference value :  2.92700e-07
 Reference value :  2.93144e-07
 Reference value :  2.93593e-07
 Reference value :  2.94045e-07
 Reference value :  2.94523e-07
 Reference value :  2.94975e-07
 Reference value :  2.95433e-07
 Reference value :  2.95877e-07
 Reference value :  2.96325e-07
 Reference value :  2.96764e-07
 Reference value :  2.97223e-07
 Reference value :  2.97681e-07
 Reference value :  2.98109e-07
 Reference value :  2.98578e-07
 Reference value :  2.99015e-07
 Reference value :  2.99466e-07
 Reference value :  2.99910e-07
 Reference value :  3.00350e-07
 Reference value :  3.00807e-07
 Reference value :  3.01263e-07
 Reference value :  3.01706e-07
 Reference value :  3.02164e-07
 Reference value :  3.02616e-07
 Reference value :  3.03071e-07
 Reference value :  3.03526e-07
 Reference value :  3.03967e-07
 Reference value :  3.04466e-07
 Reference value :  3.04910e-07
 Reference value :  3.05362e-07
 Reference value :  3.05806e-07
 Reference value :  3.06249e-07
 Reference value :  3.06708e-07
 Reference value :  3.07170e-07
 Reference value :  3.07628e-07
 Reference value :  3.08076e-07
 Reference value :  3.08514e-07
 Reference value :  3.08970e-07
 Reference value :  3.09409e-07
 Reference value :  3.09856e-07
 Reference value :  3.10310e-07
 Reference value :  3.10750e-07
 Reference value :  3.11187e-07
 Reference value :  3.11643e-07
 Reference value :  3.12115e-07
 Reference value :  3.12553e-07
 Reference value :  3.13001e-07
 Reference value :  3.13430e-07
 Reference value :  3.13870e-07
 Reference value :  3.14331e-07
 Reference value :  3.14801e-07
 Reference value :  3.15241e-07
 Reference value :  3.15688e-07
 Reference value :  3.16155e-07
 Reference value :  3.16598e-07
 Reference value :  3.17044e-07
 Reference value :  3.17484e-07
 Reference value :  3.17960e-07
 Reference value :  3.18403e-07
 Reference value :  3.18858e-07
 Reference value :  3.19302e-07
 Reference value :  3.19750e-07
 Reference value :  3.20198e-07
 Reference value :  3.20656e-07
 Reference value :  3.21109e-07
 Reference value :  3.21557e-07
 Reference value :  3.21991e-07
 Reference value :  3.22436e-07
 Reference value :  3.22873e-07
 Reference value :  3.23328e-07
 Reference value :  3.23775e-07
 Reference value :  3.24237e-07
 Reference value :  3.24670e-07
 Reference value :  3.25128e-07
 Reference value :  3.25573e-07
 Reference value :  3.26021e-07
 Reference value :  3.26480e-07
 Reference value :  3.26914e-07
 Reference value :  3.27386e-07
 Reference value :  3.27830e-07
 Reference value :  3.28277e-07
 Reference value :  3.28740e-07
 Reference value :  3.29200e-07
 Reference value :  3.29662e-07
 Reference value :  3.30111e-07
 Reference value :  3.30568e-07
 Reference value :  3.31022e-07
 Reference value :  3.31466e-07
 Reference value :  3.31951e-07
 Reference value :  3.32430e-07
 Reference value :  3.32904e-07
 Reference value :  3.33342e-07
 Reference value :  3.33765e-07
 Reference value :  3.34223e-07
 Reference value :  3.34706e-07
 Reference value :  3.35150e-07
 Reference value :  3.35620e-07
 Reference value :  3.36050e-07
 Reference value :  3.36503e-07
 Reference value :  3.36950e-07
 Reference value :  3.37370e-07
 Reference value :  3.37851e-07
 Reference value :  3.38302e-07
 Reference value :  3.38776e-07
 Reference value :  3.39220e-07
 Reference value :  3.39690e-07
 Reference value :  3.40137e-07
 Reference value :  3.40582e-07
 Reference value :  3.41042e-07
 Reference value :  3.41501e-07
 Reference value :  3.41944e-07
 Reference value :  3.42406e-07
 Reference value :  3.42838e-07
 Reference value :  3.43294e-07
 Reference value :  3.43726e-07
 Reference value :  3.44176e-07
 Reference value :  3.44615e-07
 Reference value :  3.45050e-07
 Reference value :  3.45490e-07
 Reference value :  3.45930e-07
 Reference value :  3.46401e-07
 Reference value :  3.46828e-07
 Reference value :  3.47285e-07
 Reference value :  3.47741e-07
 Reference value :  3.48179e-07
 Reference value :  3.48629e-07
 Reference value :  3.49080e-07
 Reference value :  3.49521e-07
 Reference value :  3.49961e-07
 Reference value :  3.50401e-07
 Reference value :  3.50851e-07
 Reference value :  3.51301e-07
 Reference value :  3.51751e-07
 Reference value :  3.52201e-07
 Reference value :  3.52658e-07
 Reference value :  3.53144e-07
 Reference value :  3.53614e-07
 Reference value :  3.54066e-07
 Reference value :  3.54520e-07
 Reference value :  3.54979e-07
 Reference value :  3.55430e-07
 Reference value :  3.55889e-07
 Reference value :  3.56341e-07
 Reference value :  3.56800e-07
 Reference value :  3.57248e-07
 Reference value :  3.57705e-07
 Reference value :  3.58164e-07
 Reference value :  3.58621e-07
 Reference value :  3.59080e-07
 Reference value :  3.59534e-07
 Reference value :  3.60017e-07
 Reference value :  3.60474e-07
 Reference value :  3.60930e-07
 Reference value :  3.61380e-07
 Reference value :  3.61851e-07
 Reference value :  3.62319e-07
 Reference value :  3.62786e-07
 Reference value :  3.63234e-07
 Reference value :  3.63711e-07
 Reference value :  3.64150e-07
 Reference value :  3.64616e-07
 Reference value :  3.65117e-07
 Reference value :  3.65580e-07
 Reference value :  3.66041e-07
 Reference value :  3.66510e-07
 Reference value :  3.66962e-07
 Reference value :  3.67408e-07
 Reference value :  3.67870e-07
 Reference value :  3.68335e-07
 Reference value :  3.68800e-07
 Reference value :  3.69259e-07
 Reference value :  3.69708e-07
 Reference value :  3.70202e-07
 Reference value :  3.70662e-07
 Reference value :  3.71125e-07
 Reference value :  3.71577e-07
 Reference value :  3.72029e-07
 Reference value :  3.72485e-07
 Reference value :  3.72950e-07
 Reference value :  3.73410e-07
 Reference value :  3.73871e-07
 Reference value :  3.74320e-07
 Reference value :  3.74772e-07
 Reference value :  3.75226e-07
 Reference value :  3.75667e-07
 Reference value :  3.76124e-07
 Reference value :  3.76576e-07
 Reference value :  3.77038e-07
 Reference value :  3.77493e-07
 Reference value :  3.77943e-07
 Reference value :  3.78396e-07
 Reference value :  3.78861e-07
 Reference value :  3.79341e-07
 Reference value :  3.79801e-07
 Reference value :  3.80255e-07
 Reference value :  3.80698e-07
 Reference value :  3.81163e-07
 Reference value :  3.81657e-07
 Reference value :  3.82104e-07
 Reference value :  3.82560e-07
 Reference value :  3.83049e-07
 Reference value :  3.83499e-07
 Reference value :  3.83951e-07
 Reference value :  3.84405e-07
 Reference value :  3.84862e-07
 Reference value :  3.85343e-07
 Reference value :  3.85797e-07
 Reference value :  3.86270e-07
 Reference value :  3.86730e-07
 Reference value :  3.87184e-07
 Reference value :  3.87635e-07
 Reference value :  3.88081e-07
 Reference value :  3.88557e-07
 Reference value :  3.89020e-07
 Reference value :  3.89480e-07
 Reference value :  3.89936e-07
 Reference value :  3.90396e-07
 Reference value :  3.90840e-07
 Reference value :  3.91301e-07
 Reference value :  3.91780e-07
 Reference value :  3.92235e-07
 Reference value :  3.92681e-07
 Reference value :  3.93150e-07
 Reference value :  3.93645e-07
 Reference value :  3.94105e-07
 Reference value :  3.94577e-07
 Reference value :  3.95038e-07
 Reference value :  3.95501e-07
 Reference value :  3.95951e-07
 Reference value :  3.96410e-07
 Reference value :  3.96879e-07
 Reference value :  3.97357e-07
 Reference value :  3.97845e-07
 Reference value :  3.98294e-07
 Reference value :  3.98761e-07
 Reference value :  3.99211e-07
 Reference value :  3.99656e-07
 Reference value :  4.00130e-07
 Reference value :  4.00585e-07
 Reference value :  4.01028e-07
 Reference value :  4.01481e-07
 Reference value :  4.01942e-07
 Reference value :  4.02409e-07
 Reference value :  4.02871e-07
 Reference value :  4.03322e-07
 Reference value :  4.03787e-07
 Reference value :  4.04248e-07
 Reference value :  4.04702e-07
 Reference value :  4.05169e-07
 Reference value :  4.05630e-07
 Reference value :  4.06099e-07
 Reference value :  4.06552e-07
 Reference value :  4.07022e-07
 Reference value :  4.07500e-07
 Reference value :  4.07949e-07
 Reference value :  4.08404e-07
 Reference value :  4.08848e-07
 Reference value :  4.09317e-07
 Reference value :  4.09780e-07
 Reference value :  4.10229e-07
 Reference value :  4.10680e-07
 Reference value :  4.11150e-07
 Reference value :  4.11591e-07
 Reference value :  4.12050e-07
 Reference value :  4.12531e-07
 Reference value :  4.12990e-07
 Reference value :  4.13482e-07
 Reference value :  4.13935e-07
 Reference value :  4.14414e-07
 Reference value :  4.14869e-07
 Reference value :  4.15324e-07
 Reference value :  4.15784e-07
 Reference value :  4.16233e-07
 Reference value :  4.16690e-07
 Reference value :  4.17150e-07
 Reference value :  4.17641e-07
 Reference value :  4.18097e-07
 Reference value :  4.18539e-07
 Reference value :  4.19016e-07
 Reference value :  4.19466e-07
 Reference value :  4.19909e-07
 Reference value :  4.20362e-07
 Reference value :  4.20818e-07
 Reference value :  4.21269e-07
 Reference value :  4.21740e-07
 Reference value :  4.22231e-07
 Reference value :  4.22699e-07
 Reference value :  4.23177e-07
 Reference value :  4.23627e-07
 Reference value :  4.24087e-07
 Reference value :  4.24552e-07
 Reference value :  4.25064e-07
 Reference value :  4.25520e-07
 Reference value :  4.25987e-07
 Reference value :  4.26467e-07
 Reference value :  4.26920e-07
 Reference value :  4.27384e-07
 Reference value :  4.27832e-07
 Reference value :  4.28316e-07
 Reference value :  4.28761e-07
 Reference value :  4.29224e-07
 Reference value :  4.29687e-07
 Reference value :  4.30148e-07
 Reference value :  4.30609e-07
 Reference value :  4.31084e-07
 Reference value :  4.31559e-07
 Reference value :  4.32022e-07
 Reference value :  4.32467e-07
 Reference value :  4.32925e-07
 Reference value :  4.33395e-07
 Reference value :  4.33858e-07
 Reference value :  4.34341e-07
 Reference value :  4.34800e-07
 Reference value :  4.35250e-07
 Reference value :  4.35699e-07
 Reference value :  4.36143e-07
 Reference value :  4.36592e-07
 Reference value :  4.37050e-07
 Reference value :  4.37507e-07
 Reference value :  4.37957e-07
 Reference value :  4.38421e-07
 Reference value :  4.38884e-07
 Reference value :  4.39334e-07
 Reference value :  4.39791e-07
 Reference value :  4.40278e-07
 Reference value :  4.40730e-07
 Reference value :  4.41170e-07
 Reference value :  4.41644e-07
 Reference value :  4.42092e-07
 Reference value :  4.42549e-07
 Reference value :  4.43016e-07
 Reference value :  4.43496e-07
 Reference value :  4.43953e-07
 Reference value :  4.44430e-07
 Reference value :  4.44901e-07
 Reference value :  4.45375e-07
 Reference value :  4.45821e-07
 Reference value :  4.46293e-07
 Reference value :  4.46757e-07
 Reference value :  4.47225e-07
 Reference value :  4.47683e-07
 Reference value :  4.48143e-07
 Reference value :  4.48591e-07
 Reference value :  4.49040e-07
 Reference value :  4.49544e-07
 Reference value :  4.50004e-07
 Reference value :  4.50464e-07
 Reference value :  4.50930e-07
 Reference value :  4.51395e-07
 Reference value :  4.51869e-07
 Reference value :  4.52344e-07
 Reference value :  4.52804e-07
 Reference value :  4.53254e-07
 Reference value :  4.53711e-07
 Reference value :  4.54161e-07
 Reference value :  4.54612e-07
 Reference value :  4.55090e-07
 Reference value :  4.55540e-07
 Reference value :  4.55982e-07
 Reference value :  4.56461e-07
 Reference value :  4.56940e-07
 Reference value :  4.57400e-07
 Reference value :  4.57858e-07
 Reference value :  4.58325e-07
 Reference value :  4.58775e-07
 Reference value :  4.59230e-07
 Reference value :  4.59692e-07
 Reference value :  4.60145e-07
 Reference value :  4.60603e-07
 Reference value :  4.61094e-07
 Reference value :  4.61593e-07
 Reference value :  4.62090e-07
 Reference value :  4.62543e-07
 Reference value :  4.62999e-07
 Reference value :  4.63477e-07
 Reference value :  4.63962e-07
 Reference value :  4.64452e-07
 Reference value :  4.64924e-07
 Reference value :  4.65374e-07
 Reference value :  4.65830e-07
 Reference value :  4.66320e-07
 Reference value :  4.66781e-07
 Reference value :  4.67241e-07
 Reference value :  4.67710e-07
 Reference value :  4.68180e-07
 Reference value :  4.68652e-07
 Reference value :  4.69120e-07
 Reference value :  4.69581e-07
 Reference value :  4.70037e-07
 Reference value :  4.70481e-07
 Reference value :  4.70923e-07
 Reference value :  4.71397e-07
 Reference value :  4.71857e-07
 Reference value :  4.72306e-07
 Reference value :  4.72755e-07
 Reference value :  4.73226e-07
 Reference value :  4.73681e-07
 Reference value :  4.74147e-07
 Reference value :  4.74616e-07
 Reference value :  4.75070e-07
 Reference value :  4.75542e-07
 Reference value :  4.76031e-07
 Reference value :  4.76480e-07
 Reference value :  4.76938e-07
 Reference value :  4.77395e-07
 Reference value :  4.77856e-07
 Reference value :  4.78306e-07
 Reference value :  4.78790e-07
 Reference value :  4.79241e-07
 Reference value :  4.79692e-07
 Reference value :  4.80164e-07
 Reference value :  4.80637e-07
 Reference value :  4.81081e-07
 Reference value :  4.81541e-07
 Reference value :  4.82011e-07
 Reference value :  4.82476e-07
 Reference value :  4.82930e-07
 Reference value :  4.83384e-07
 Reference value :  4.83863e-07
 Reference value :  4.84313e-07
 Reference value :  4.84761e-07
 Reference value :  4.85216e-07
 Reference value :  4.85659e-07
 Reference value :  4.86115e-07
 Reference value :  4.86579e-07
 Reference value :  4.87042e-07
 Reference value :  4.87519e-07
 Reference value :  4.87992e-07
 Reference value :  4.88461e-07
 Reference value :  4.88915e-07
 Reference value :  4.89368e-07
 Reference value :  4.89831e-07
 Reference value :  4.90300e-07
 Reference value :  4.90783e-07
 Reference value :  4.91255e-07
 Reference value :  4.91739e-07
 Reference value :  4.92191e-07
 Reference value :  4.92653e-07
 Reference value :  4.93163e-07
 Reference value :  4.93650e-07
 Reference value :  4.94124e-07
 Reference value :  4.94599e-07
 Reference value :  4.95052e-07
 Reference value :  4.95501e-07
 Reference value :  4.95991e-07
 Reference value :  4.96467e-07
 Reference value :  4.96925e-07
 Reference value :  4.97391e-07
 Reference value :  4.97861e-07
 Reference value :  4.98342e-07
 Reference value :  4.98780e-07
 Reference value :  4.99230e-07
 Reference value :  4.99686e-07
 Reference value :  5.00139e-07
 Reference value :  5.00622e-07
 Reference value :  5.01065e-07
 Reference value :  5.01521e-07
 Reference value :  5.02002e-07
 Reference value :  5.02473e-07
 Reference value :  5.02968e-07
 Reference value :  5.03444e-07
 Reference value :  5.03903e-07
 Reference value :  5.04384e-07
 Reference value :  5.04830e-07
 Reference value :  5.05288e-07
 Reference value :  5.05778e-07
 Reference value :  5.06228e-07
 Reference value :  5.06703e-07
 Reference value :  5.07151e-07
 Reference value :  5.07600e-07
 Reference value :  5.08062e-07
 Reference value :  5.08520e-07
 Reference value :  5.08969e-07
 Reference value :  5.09431e-07
 Reference value :  5.09911e-07
 Reference value :  5.10368e-07
 Reference value :  5.10821e-07
 Reference value :  5.11283e-07
 Reference value :  5.11741e-07
 Reference value :  5.12201e-07
 Reference value :  5.12643e-07
 Reference value :  5.13104e-07
 Reference value :  5.13602e-07
 Reference value :  5.14072e-07
 Reference value :  5.14530e-07
 Reference value :  5.14991e-07
 Reference value :  5.15465e-07
 Reference value :  5.15942e-07
 Reference value :  5.16406e-07
 Reference value :  5.16862e-07
 Reference value :  5.17344e-07
 Reference value :  5.17801e-07
 Reference value :  5.18270e-07
 Reference value :  5.18750e-07
 Reference value :  5.19200e-07
 Reference value :  5.19660e-07
 Reference value :  5.20134e-07
 Reference value :  5.20587e-07
 Reference value :  5.21061e-07
 Reference value :  5.21577e-07
 Reference value :  5.22058e-07
 Reference value :  5.22522e-07
 Reference value :  5.22963e-07
 Reference value :  5.23410e-07
 Reference value :  5.23873e-07
 Reference value :  5.24342e-07
 Reference value :  5.24810e-07
 Reference value :  5.25288e-07
 Reference value :  5.25737e-07
 Reference value :  5.26221e-07
 Reference value :  5.26718e-07
 Reference value :  5.27178e-07
 Reference value :  5.27631e-07
 Reference value :  5.28089e-07
 Reference value :  5.28565e-07
 Reference value :  5.29029e-07
 Reference value :  5.29472e-07
 Reference value :  5.29940e-07
 Reference value :  5.30414e-07
 Reference value :  5.30860e-07
 Reference value :  5.31505e-07
 Reference value :  5.32391e-07
 Reference value :  5.33220e-07
 Reference value :  5.34066e-07
 Reference value :  5.34863e-07
 Reference value :  5.35316e-07
 Reference value :  5.35771e-07
 Reference value :  5.36229e-07
 Reference value :  5.36687e-07
 Reference value :  5.37141e-07
 Reference value :  5.37626e-07
 Reference value :  5.38093e-07
 Reference value :  5.38576e-07
 Reference value :  5.39025e-07
 Reference value :  5.39490e-07
 Reference value :  5.39954e-07
 Reference value :  5.40420e-07
 Reference value :  5.40894e-07
 Reference value :  5.41371e-07
 Reference value :  5.41865e-07
 Reference value :  5.42324e-07
 Reference value :  5.42801e-07
 Reference value :  5.43277e-07
 Reference value :  5.43732e-07
 Reference value :  5.44187e-07
 Reference value :  5.44640e-07
 Reference value :  5.45100e-07
 Reference value :  5.45560e-07
 Reference value :  5.46036e-07
 Reference value :  5.46483e-07
 Reference value :  5.46948e-07
 Reference value :  5.47440e-07
 Reference value :  5.47936e-07
 Reference value :  5.48391e-07
 Reference value :  5.48868e-07
 Reference value :  5.49338e-07
 Reference value :  5.49782e-07
 Reference value :  5.50269e-07
 Reference value :  5.50781e-07
 Reference value :  5.51228e-07
 Reference value :  5.51685e-07
 Reference value :  5.52139e-07
 Reference value :  5.52591e-07
 Reference value :  5.53039e-07
 Reference value :  5.53494e-07
 Reference value :  5.53950e-07
 Reference value :  5.54401e-07
 Reference value :  5.54859e-07
 Reference value :  5.55306e-07
 Reference value :  5.55769e-07
 Reference value :  5.56221e-07
 Reference value :  5.56696e-07
 Reference value :  5.57163e-07
 Reference value :  5.57647e-07
 Reference value :  5.58104e-07
 Reference value :  5.58580e-07
 Reference value :  5.59031e-07
 Reference value :  5.59520e-07
 Reference value :  5.59982e-07
 Reference value :  5.60442e-07
 Reference value :  5.60917e-07
 Reference value :  5.61397e-07
 Reference value :  5.61856e-07
 Reference value :  5.62321e-07
 Reference value :  5.62790e-07
 Reference value :  5.63242e-07
 Reference value :  5.63711e-07
 Reference value :  5.64170e-07
 Reference value :  5.64644e-07
 Reference value :  5.65127e-07
 Reference value :  5.65585e-07
 Reference value :  5.66065e-07
 Reference value :  5.66523e-07
 Reference value :  5.66977e-07
 Reference value :  5.67450e-07
 Reference value :  5.67904e-07
 Reference value :  5.68350e-07
 Reference value :  5.68810e-07
 Reference value :  5.69269e-07
 Reference value :  5.69733e-07
 Reference value :  5.70180e-07
 Reference value :  5.70631e-07
 Reference value :  5.71093e-07
 Reference value :  5.71545e-07
 Reference value :  5.71995e-07
 Reference value :  5.72453e-07
 Reference value :  5.72901e-07
 Reference value :  5.73343e-07
 Reference value :  5.73857e-07
 Reference value :  5.74310e-07
 Reference value :  5.74772e-07
 Reference value :  5.75240e-07
 Reference value :  5.75708e-07
 Reference value :  5.76169e-07
 Reference value :  5.76620e-07
 Reference value :  5.77082e-07
 Reference value :  5.77577e-07
 Reference value :  5.78030e-07
 Reference value :  5.78503e-07
 Reference value :  5.78950e-07
 Reference value :  5.79410e-07
 Reference value :  5.79855e-07
 Reference value :  5.80320e-07
 Reference value :  5.80776e-07
 Reference value :  5.81240e-07
 Reference value :  5.81691e-07
 Reference value :  5.82150e-07
 Reference value :  5.82620e-07
 Reference value :  5.83077e-07
 Reference value :  5.83573e-07
 Reference value :  5.84030e-07
 Reference value :  5.84539e-07
 Reference value :  5.85021e-07
 Reference value :  5.85480e-07
 Reference value :  5.85973e-07
 Reference value :  5.86422e-07
 Reference value :  5.86882e-07
 Reference value :  5.87351e-07
 Reference value :  5.87818e-07
 Reference value :  5.88281e-07
 Reference value :  5.88851e-07
 Reference value :  5.89320e-07
 Reference value :  5.89784e-07
 Reference value :  5.90257e-07
 Reference value :  5.90721e-07
 Reference value :  5.91176e-07
 Reference value :  5.91640e-07
 Reference value :  5.92083e-07
 Reference value :  5.92537e-07
 Reference value :  5.92988e-07
 Reference value :  5.93471e-07
 Reference value :  5.93935e-07
 Reference value :  5.94434e-07
 Reference value :  5.94899e-07
 Reference value :  5.95357e-07
 Reference value :  5.95806e-07
 Reference value :  5.96260e-07
 Reference value :  5.96724e-07
 Reference value :  5.97190e-07
 Reference value :  5.97642e-07
 Reference value :  5.98100e-07
 Reference value :  5.98552e-07
 Reference value :  5.99008e-07
 Reference value :  5.99457e-07
 Reference value :  5.99924e-07
 Reference value :  6.00395e-07
 Reference value :  6.00836e-07
 Reference value :  6.01279e-07
 Reference value :  6.01721e-07
 Reference value :  6.02181e-07
 Reference value :  6.02626e-07
 Reference value :  6.03072e-07
 Reference value :  6.03556e-07
 Reference value :  6.04010e-07
 Reference value :  6.04467e-07
 Reference value :  6.04915e-07
 Reference value :  6.05360e-07
 Reference value :  6.05810e-07
 Reference value :  6.06274e-07
 Reference value :  6.06764e-07
 Reference value :  6.07244e-07
 Reference value :  6.07693e-07
 Reference value :  6.08155e-07
 Reference value :  6.08606e-07
 Reference value :  6.09088e-07
 Reference value :  6.09550e-07
 Reference value :  6.09994e-07
 Reference value :  6.10461e-07
 Reference value :  6.10924e-07
 Reference value :  6.11370e-07
 Reference value :  6.11829e-07
 Reference value :  6.12302e-07
 Reference value :  6.12743e-07
 Reference value :  6.13200e-07
 Reference value :  6.13660e-07
 Reference value :  6.14126e-07
 Reference value :  6.14607e-07
 Reference value :  6.15046e-07
 Reference value :  6.15504e-07
 Reference value :  6.15962e-07
 Reference value :  6.16414e-07
 Reference value :  6.16861e-07
 Reference value :  6.17315e-07
 Reference value :  6.17780e-07
 Reference value :  6.18238e-07
 Reference value :  6.18690e-07
 Reference value :  6.19148e-07
 Reference value :  6.19619e-07
 Reference value :  6.20089e-07
 Reference value :  6.20560e-07
 Reference value :  6.21019e-07
 Reference value :  6.21458e-07
 Reference value :  6.21908e-07
 Reference value :  6.22364e-07
 Reference value :  6.22810e-07
 Reference value :  6.23271e-07
 Reference value :  6.23709e-07
 Reference value :  6.24150e-07
 Reference value :  6.24596e-07
 Reference value :  6.25061e-07
 Reference value :  6.25517e-07
 Reference value :  6.25995e-07
 Reference value :  6.26467e-07
 Reference value :  6.26920e-07
 Reference value :  6.27380e-07
 Reference value :  6.27846e-07
 Reference value :  6.28310e-07
 Reference value :  6.28773e-07
 Reference value :  6.29231e-07
 Reference value :  6.29712e-07
 Reference value :  6.30201e-07
 Reference value :  6.30660e-07
 Reference value :  6.31120e-07
 Reference value :  6.31596e-07
 Reference value :  6.32047e-07
 Reference value :  6.32500e-07
 Reference value :  6.32938e-07
 Reference value :  6.33390e-07
 Reference value :  6.33853e-07
 Reference value :  6.34339e-07
 Reference value :  6.34807e-07
 Reference value :  6.35310e-07
 Reference value :  6.35768e-07
 Reference value :  6.36210e-07
 Reference value :  6.36671e-07
 Reference value :  6.37136e-07
 Reference value :  6.37627e-07
 Reference value :  6.38070e-07
 Reference value :  6.38531e-07
 Reference value :  6.39011e-07
 Reference value :  6.39471e-07
 Reference value :  6.39931e-07
 Reference value :  6.40400e-07
 Reference value :  6.40878e-07
 Reference value :  6.41329e-07
 Reference value :  6.41771e-07
 Reference value :  6.42220e-07
 Reference value :  6.42683e-07
 Reference value :  6.43217e-07
 Reference value :  6.43681e-07
 Reference value :  6.44141e-07
 Reference value :  6.44604e-07
 Reference value :  6.45041e-07
 Reference value :  6.45503e-07
 Reference value :  6.45977e-07
 Reference value :  6.46431e-07
 Reference value :  6.46874e-07
 Reference value :  6.47335e-07
 Reference value :  6.47820e-07
 Reference value :  6.48280e-07
 Reference value :  6.48730e-07
 Reference value :  6.49212e-07
 Reference value :  6.49693e-07
 Reference value :  6.50149e-07
 Reference value :  6.50590e-07
 Reference value :  6.51050e-07
 Reference value :  6.51520e-07
 Reference value :  6.51973e-07
 Reference value :  6.52412e-07
 Reference value :  6.52880e-07
 Reference value :  6.53350e-07
 Reference value :  6.53809e-07
 Reference value :  6.54267e-07
 Reference value :  6.54763e-07
 Reference value :  6.55229e-07
 Reference value :  6.55682e-07
 Reference value :  6.56160e-07
 Reference value :  6.56640e-07
 Reference value :  6.57100e-07
 Reference value :  6.57580e-07
 Reference value :  6.58034e-07
 Reference value :  6.58507e-07
 Reference value :  6.58960e-07
 Reference value :  6.59431e-07
 Reference value :  6.59903e-07
 Reference value :  6.60382e-07
 Reference value :  6.60830e-07
 Reference value :  6.61290e-07
 Reference value :  6.61768e-07
 Reference value :  6.62232e-07
 Reference value :  6.62680e-07
 Reference value :  6.63150e-07
 Reference value :  6.63635e-07
 Reference value :  6.64102e-07
 Reference value :  6.64573e-07
 Reference value :  6.65050e-07
 Reference value :  6.65566e-07
 Reference value :  6.66022e-07
 Reference value :  6.66466e-07
 Reference value :  6.66963e-07
 Reference value :  6.67450e-07
 Reference value :  6.67909e-07
 Reference value :  6.68353e-07
 Reference value :  6.68810e-07
 Reference value :  6.69264e-07
 Reference value :  6.69758e-07
 Reference value :  6.70202e-07
 Reference value :  6.70706e-07
 Reference value :  6.71181e-07
 Reference value :  6.71623e-07
 Reference value :  6.72079e-07
 Reference value :  6.72522e-07
 Reference value :  6.72988e-07
 Reference value :  6.73433e-07
 Reference value :  6.73879e-07
 Reference value :  6.74336e-07
 Reference value :  6.74803e-07
 Reference value :  6.75251e-07
 Reference value :  6.75733e-07
 Reference value :  6.76199e-07
 Reference value :  6.76656e-07
 Reference value :  6.77115e-07
 Reference value :  6.77559e-07
 Reference value :  6.78078e-07
 Reference value :  6.78530e-07
 Reference value :  6.79000e-07
 Reference value :  6.79451e-07
 Reference value :  6.79921e-07
 Reference value :  6.80377e-07
 Reference value :  6.80821e-07
 Reference value :  6.81283e-07
 Reference value :  6.81746e-07
 Reference value :  6.82190e-07
 Reference value :  6.82639e-07
 Reference value :  6.83104e-07
 Reference value :  6.83562e-07
 Reference value :  6.84010e-07
 Reference value :  6.84455e-07
 Reference value :  6.84930e-07
 Reference value :  6.85392e-07
 Reference value :  6.85841e-07
 Reference value :  6.86282e-07
 Reference value :  6.86770e-07
 Reference value :  6.87267e-07
 Reference value :  6.87714e-07
 Reference value :  6.88188e-07
 Reference value :  6.88688e-07
 Reference value :  6.89161e-07
 Reference value :  6.89603e-07
 Reference value :  6.90065e-07
 Reference value :  6.90518e-07
 Reference value :  6.91020e-07
 Reference value :  6.91470e-07
 Reference value :  6.91970e-07
 Reference value :  6.92421e-07
 Reference value :  6.92875e-07
 Reference value :  6.93320e-07
 Reference value :  6.93787e-07
 Reference value :  6.94277e-07
 Reference value :  6.94740e-07
 Reference value :  6.95180e-07
 Reference value :  6.95622e-07
 Reference value :  6.96098e-07
 Reference value :  6.96550e-07
 Reference value :  6.96993e-07
 Reference value :  6.97457e-07
 Reference value :  6.97920e-07
 Reference value :  6.98366e-07
 Reference value :  6.98813e-07
 Reference value :  6.99291e-07
 Reference value :  6.99762e-07
 Reference value :  7.00210e-07
 Reference value :  7.00663e-07
 Reference value :  7.01111e-07
 Reference value :  7.01578e-07
 Reference value :  7.02025e-07
 Reference value :  7.02504e-07
 Reference value :  7.02959e-07
 Reference value :  7.03417e-07
 Reference value :  7.03871e-07
 Reference value :  7.04341e-07
 Reference value :  7.04925e-07
 Reference value :  7.05660e-07
 Reference value :  7.06264e-07
 Reference value :  7.06753e-07
 Reference value :  7.07235e-07
 Reference value :  7.07690e-07
 Reference value :  7.08130e-07
 Reference value :  7.08582e-07
 Reference value :  7.09034e-07
 Reference value :  7.09489e-07
 Reference value :  7.09933e-07
 Reference value :  7.10381e-07
 Reference value :  7.10840e-07
 Reference value :  7.11280e-07
 Reference value :  7.11736e-07
 Reference value :  7.12198e-07
 Reference value :  7.12659e-07
 Reference value :  7.13108e-07
 Reference value :  7.13558e-07
 Reference value :  7.14042e-07
 Reference value :  7.14507e-07
 Reference value :  7.14959e-07
 Reference value :  7.15406e-07
 Reference value :  7.15861e-07
 Reference value :  7.16321e-07
 Reference value :  7.16761e-07
 Reference value :  7.17209e-07
 Reference value :  7.17669e-07
 Reference value :  7.18132e-07
 Reference value :  7.18575e-07
 Reference value :  7.19031e-07
 Reference value :  7.19496e-07
 Reference value :  7.19981e-07
 Reference value :  7.20427e-07
 Reference value :  7.20892e-07
 Reference value :  7.21350e-07
 Reference value :  7.21835e-07
 Reference value :  7.22280e-07
 Reference value :  7.22732e-07
 Reference value :  7.23193e-07
 Reference value :  7.23649e-07
 Reference value :  7.24105e-07
 Reference value :  7.24592e-07
 Reference value :  7.25093e-07
 Reference value :  7.25553e-07
 Reference value :  7.26011e-07
 Reference value :  7.26500e-07
 Reference value :  7.26981e-07
 Reference value :  7.27458e-07
 Reference value :  7.27900e-07
 Reference value :  7.28400e-07
 Reference value :  7.28921e-07
 Reference value :  7.29373e-07
 Reference value :  7.29818e-07
 Reference value :  7.30270e-07
 Reference value :  7.30759e-07
 Reference value :  7.31214e-07
 Reference value :  7.31664e-07
 Reference value :  7.32128e-07
 Reference value :  7.32582e-07
 Reference value :  7.33046e-07
 Reference value :  7.33494e-07
 Reference value :  7.33974e-07
 Reference value :  7.34436e-07
 Reference value :  7.34880e-07
 Reference value :  7.35330e-07
 Reference value :  7.35780e-07
 Reference value :  7.36252e-07
 Reference value :  7.36700e-07
 Reference value :  7.37160e-07
 Reference value :  7.37660e-07
 Reference value :  7.38130e-07
 Reference value :  7.38581e-07
 Reference value :  7.39031e-07
 Reference value :  7.39492e-07
 Reference value :  7.39970e-07
 Reference value :  7.40413e-07
 Reference value :  7.40863e-07
 Reference value :  7.41343e-07
 Reference value :  7.41843e-07
 Reference value :  7.42292e-07
 Reference value :  7.42788e-07
 Reference value :  7.43246e-07
 Reference value :  7.43751e-07
 Reference value :  7.44201e-07
 Reference value :  7.44656e-07
 Reference value :  7.45120e-07
 Reference value :  7.45568e-07
 Reference value :  7.46020e-07
 Reference value :  7.46491e-07
 Reference value :  7.46975e-07
 Reference value :  7.47422e-07
 Reference value :  7.47871e-07
 Reference value :  7.48315e-07
 Reference value :  7.48793e-07
 Reference value :  7.49241e-07
 Reference value :  7.49685e-07
 Reference value :  7.50131e-07
 Reference value :  7.50626e-07
 Reference value :  7.51079e-07
 Reference value :  7.51527e-07
 Reference value :  7.51991e-07
 Reference value :  7.52451e-07
 Reference value :  7.52899e-07
 Reference value :  7.53346e-07
 Reference value :  7.53820e-07
 Reference value :  7.54281e-07
 Reference value :  7.54730e-07
 Reference value :  7.55183e-07
 Reference value :  7.55670e-07
 Reference value :  7.56140e-07
 Reference value :  7.56581e-07
 Reference value :  7.57064e-07
 Reference value :  7.57550e-07
 Reference value :  7.58030e-07
 Reference value :  7.58471e-07
 Reference value :  7.58930e-07
 Reference value :  7.59419e-07
 Reference value :  7.59870e-07
 Reference value :  7.60316e-07
 Reference value :  7.60800e-07
 Reference value :  7.61293e-07
 Reference value :  7.61756e-07
 Reference value :  7.62207e-07
 Reference value :  7.62653e-07
 Reference value :  7.63121e-07
 Reference value :  7.63568e-07
 Reference value :  7.64020e-07
 Reference value :  7.64490e-07
 Reference value :  7.64950e-07
 Reference value :  7.65398e-07
 Reference value :  7.65846e-07
 Reference value :  7.66299e-07
 Reference value :  7.66808e-07
 Reference value :  7.67253e-07
 Reference value :  7.67701e-07
 Reference value :  7.68171e-07
 Reference value :  7.68643e-07
 Reference value :  7.69091e-07
 Reference value :  7.69541e-07
 Reference value :  7.70005e-07
 Reference value :  7.70514e-07
 Reference value :  7.70964e-07
 Reference value :  7.71415e-07
 Reference value :  7.71890e-07
 Reference value :  7.72361e-07
 Reference value :  7.72833e-07
 Reference value :  7.73291e-07
 Reference value :  7.73770e-07
 Reference value :  7.74248e-07
 Reference value :  7.74710e-07
 Reference value :  7.75180e-07
 Reference value :  7.75640e-07
 Reference value :  7.76108e-07
 Reference value :  7.76550e-07
 Reference value :  7.76997e-07
 Reference value :  7.77471e-07
 Reference value :  7.77921e-07
 Reference value :  7.78370e-07
 Reference value :  7.78831e-07
 Reference value :  7.79324e-07
 Reference value :  7.79771e-07
 Reference value :  7.80220e-07
 Reference value :  7.80670e-07
 Reference value :  7.81140e-07
 Reference value :  7.81585e-07
 Reference value :  7.82028e-07
 Reference value :  7.82484e-07
 Reference value :  7.82968e-07
 Reference value :  7.83414e-07
 Reference value :  7.83860e-07
 Reference value :  7.84310e-07
 Reference value :  7.84784e-07
 Reference value :  7.85255e-07
 Reference value :  7.85709e-07
 Reference value :  7.86163e-07
 Reference value :  7.86644e-07
 Reference value :  7.87109e-07
 Reference value :  7.87551e-07
 Reference value :  7.88000e-07
 Reference value :  7.88477e-07
 Reference value :  7.88927e-07
 Reference value :  7.89371e-07
 Reference value :  7.89823e-07
 Reference value :  7.90310e-07
 Reference value :  7.90770e-07
 Reference value :  7.91222e-07
 Reference value :  7.91666e-07
 Reference value :  7.92122e-07
 Reference value :  7.92570e-07
 Reference value :  7.93034e-07
 Reference value :  7.93483e-07
 Reference value :  7.93959e-07
 Reference value :  7.94427e-07
 Reference value :  7.94920e-07
 Reference value :  7.95393e-07
 Reference value :  7.95831e-07
 Reference value :  7.96295e-07
 Reference value :  7.96832e-07
 Reference value :  7.97322e-07
 Reference value :  7.97771e-07
 Reference value :  7.98215e-07
 Reference value :  7.98672e-07
 Reference value :  7.99185e-07
 Reference value :  7.99641e-07
 Reference value :  8.00100e-07
 Reference value :  8.00550e-07
 Reference value :  8.01006e-07
 Reference value :  8.01451e-07
 Reference value :  8.01905e-07
 Reference value :  8.02367e-07
 Reference value :  8.02812e-07
 Reference value :  8.03260e-07
 Reference value :  8.03710e-07
 Reference value :  8.04175e-07
 Reference value :  8.04660e-07
 Reference value :  8.05130e-07
 Reference value :  8.05581e-07
 Reference value :  8.06040e-07
 Reference value :  8.06500e-07
 Reference value :  8.06948e-07
 Reference value :  8.07402e-07
 Reference value :  8.07870e-07
 Reference value :  8.08340e-07
 Reference value :  8.08804e-07
 Reference value :  8.09263e-07
 Reference value :  8.09724e-07
 Reference value :  8.10173e-07
 Reference value :  8.10624e-07
 Reference value :  8.11079e-07
 Reference value :  8.11548e-07
 Reference value :  8.11990e-07
 Reference value :  8.12449e-07
 Reference value :  8.12892e-07
 Reference value :  8.13345e-07
 Reference value :  8.13800e-07
 Reference value :  8.14260e-07
 Reference value :  8.14740e-07
 Reference value :  8.15215e-07
 Reference value :  8.15660e-07
 Reference value :  8.16102e-07
 Reference value :  8.16555e-07
 Reference value :  8.16995e-07
 Reference value :  8.17451e-07
 Reference value :  8.17897e-07
 Reference value :  8.18370e-07
 Reference value :  8.18824e-07
 Reference value :  8.19291e-07
 Reference value :  8.19767e-07
 Reference value :  8.20261e-07
 Reference value :  8.20716e-07
 Reference value :  8.21161e-07
 Reference value :  8.21621e-07
 Reference value :  8.22074e-07
 Reference value :  8.22521e-07
 Reference value :  8.22971e-07
 Reference value :  8.23420e-07
 Reference value :  8.23907e-07
 Reference value :  8.24352e-07
 Reference value :  8.24803e-07
 Reference value :  8.25295e-07
 Reference value :  8.25743e-07
 Reference value :  8.26197e-07
 Reference value :  8.26645e-07
 Reference value :  8.27100e-07
 Reference value :  8.27556e-07
 Reference value :  8.28030e-07
 Reference value :  8.28472e-07
 Reference value :  8.28940e-07
 Reference value :  8.29394e-07
 Reference value :  8.29838e-07
 Reference value :  8.30306e-07
 Reference value :  8.30777e-07
 Reference value :  8.31222e-07
 Reference value :  8.31680e-07
 Reference value :  8.32141e-07
 Reference value :  8.32630e-07
 Reference value :  8.33085e-07
 Reference value :  8.33584e-07
 Reference value :  8.34038e-07
 Reference value :  8.34510e-07
 Reference value :  8.34960e-07
 Reference value :  8.35410e-07
 Reference value :  8.35878e-07
 Reference value :  8.36327e-07
 Reference value :  8.36831e-07
 Reference value :  8.37277e-07
 Reference value :  8.37770e-07
 Reference value :  8.38241e-07
 Reference value :  8.38710e-07
 Reference value :  8.39170e-07
 Reference value :  8.39688e-07
 Reference value :  8.40178e-07
 Reference value :  8.40695e-07
 Reference value :  8.41204e-07
 Reference value :  8.41694e-07
 Reference value :  8.42206e-07
 Reference value :  8.42713e-07
 Reference value :  8.43257e-07
 Reference value :  8.43774e-07
 Reference value :  8.44313e-07
 Reference value :  8.44804e-07
 Reference value :  8.45285e-07
 Reference value :  8.45771e-07
 Reference value :  8.46262e-07
 Reference value :  8.46750e-07
 Reference value :  8.47201e-07
 Reference value :  8.47686e-07
 Reference value :  8.48186e-07
 Reference value :  8.48701e-07
 Reference value :  8.49229e-07
 Reference value :  8.49743e-07
 Reference value :  8.50253e-07
 Reference value :  8.50810e-07
 Reference value :  8.51260e-07
 Reference value :  8.51742e-07
 Reference value :  8.52229e-07
 Reference value :  8.52708e-07
 Reference value :  8.53170e-07
 Reference value :  8.53617e-07
 Reference value :  8.54131e-07
 Reference value :  8.54669e-07
 Reference value :  8.55190e-07
 Reference value :  8.55692e-07
 Reference value :  8.56260e-07
 Reference value :  8.56785e-07
 Reference value :  8.57280e-07
 Reference value :  8.57733e-07
 Reference value :  8.58283e-07
 Reference value :  8.58834e-07
 Reference value :  8.59360e-07
 Reference value :  8.59816e-07
 Reference value :  8.60341e-07
 Reference value :  8.60871e-07
 Reference value :  8.61316e-07
 Reference value :  8.61780e-07
 Reference value :  8.62290e-07
 Reference value :  8.62820e-07
 Reference value :  8.63309e-07
 Reference value :  8.63751e-07
 Reference value :  8.64243e-07
 Reference value :  8.64710e-07
 Reference value :  8.65190e-07
 Reference value :  8.65640e-07
 Reference value :  8.66098e-07
 Reference value :  8.66557e-07
 Reference value :  8.67005e-07
 Reference value :  8.67463e-07
 Reference value :  8.67940e-07
 Reference value :  8.68400e-07
 Reference value :  8.68863e-07
 Reference value :  8.69360e-07
 Reference value :  8.69844e-07
 Reference value :  8.70340e-07
 Reference value :  8.70810e-07
 Reference value :  8.71274e-07
 Reference value :  8.71722e-07
 Reference value :  8.72169e-07
 Reference value :  8.72628e-07
 Reference value :  8.73101e-07
 Reference value :  8.73561e-07
 Reference value :  8.74027e-07
 Reference value :  8.74475e-07
 Reference value :  8.74939e-07
 Reference value :  8.75384e-07
 Reference value :  8.75830e-07
 Reference value :  8.76283e-07
 Reference value :  8.76744e-07
 Reference value :  8.77195e-07
 Reference value :  8.77656e-07
 Reference value :  8.78119e-07
 Reference value :  8.78604e-07
 Reference value :  8.79060e-07
 Reference value :  8.79524e-07
 Reference value :  8.79967e-07
 Reference value :  8.80446e-07
 Reference value :  8.80894e-07
 Reference value :  8.81375e-07
 Reference value :  8.81878e-07
 Reference value :  8.82360e-07
 Reference value :  8.82860e-07
 Reference value :  8.83350e-07
 Reference value :  8.83818e-07
 Reference value :  8.84278e-07
 Reference value :  8.84749e-07
 Reference value :  8.85210e-07
 Reference value :  8.85681e-07
 Reference value :  8.86131e-07
 Reference value :  8.86637e-07
 Reference value :  8.87112e-07
 Reference value :  8.87581e-07
 Reference value :  8.88037e-07
 Reference value :  8.88481e-07
 Reference value :  8.88925e-07
 Reference value :  8.89389e-07
 Reference value :  8.89837e-07
 Reference value :  8.90280e-07
 Reference value :  8.90767e-07
 Reference value :  8.91226e-07
 Reference value :  8.91692e-07
 Reference value :  8.92136e-07
 Reference value :  8.92598e-07
 Reference value :  8.93048e-07
 Reference value :  8.93506e-07
 Reference value :  8.94031e-07
 Reference value :  8.94488e-07
 Reference value :  8.94950e-07
 Reference value :  8.95440e-07
 Reference value :  8.95940e-07
 Reference value :  8.96405e-07
 Reference value :  8.96893e-07
 Reference value :  8.97342e-07
 Reference value :  8.97807e-07
 Reference value :  8.98264e-07
 Reference value :  8.98730e-07
 Reference value :  8.99210e-07
 Reference value :  8.99685e-07
 Reference value :  9.00142e-07
 Reference value :  9.00590e-07
 Reference value :  9.01069e-07
 Reference value :  9.01523e-07
 Reference value :  9.02008e-07
 Reference value :  9.02470e-07
 Reference value :  9.02939e-07
 Reference value :  9.03431e-07
 Reference value :  9.03890e-07
 Reference value :  9.04336e-07
 Reference value :  9.04820e-07
 Reference value :  9.05280e-07
 Reference value :  9.05747e-07
 Reference value :  9.06209e-07
 Reference value :  9.06679e-07
 Reference value :  9.07151e-07
 Reference value :  9.07622e-07
 Reference value :  9.08110e-07
 Reference value :  9.08572e-07
 Reference value :  9.09040e-07
 Reference value :  9.09483e-07
 Reference value :  9.09949e-07
 Reference value :  9.10388e-07
 Reference value :  9.10882e-07
 Reference value :  9.11380e-07
 Reference value :  9.11850e-07
 Reference value :  9.12359e-07
 Reference value :  9.12838e-07
 Reference value :  9.13327e-07
 Reference value :  9.13800e-07
 Reference value :  9.14292e-07
 Reference value :  9.14785e-07
 Reference value :  9.15305e-07
 Reference value :  9.15784e-07
 Reference value :  9.16254e-07
 Reference value :  9.16750e-07
 Reference value :  9.17274e-07
 Reference value :  9.17792e-07
 Reference value :  9.18260e-07
 Reference value :  9.18771e-07
 Reference value :  9.19310e-07
 Reference value :  9.19840e-07
 Reference value :  9.20326e-07
 Reference value :  9.20805e-07
 Reference value :  9.21312e-07
 Reference value :  9.21800e-07
 Reference value :  9.22314e-07
 Reference value :  9.22815e-07
 Reference value :  9.23308e-07
 Reference value :  9.23836e-07
 Reference value :  9.24360e-07
 Reference value :  9.24849e-07
 Reference value :  9.25300e-07
 Reference value :  9.25840e-07
 Reference value :  9.26331e-07
 Reference value :  9.26849e-07
 Reference value :  9.27323e-07
 Reference value :  9.27814e-07
 Reference value :  9.28320e-07
 Reference value :  9.28860e-07
 Reference value :  9.29342e-07
 Reference value :  9.29815e-07
 Reference value :  9.30321e-07
 Reference value :  9.30817e-07
 Reference value :  9.31340e-07
 Reference value :  9.31845e-07
 Reference value :  9.32330e-07
 Reference value :  9.32886e-07
 Reference value :  9.33413e-07
 Reference value :  9.33900e-07
 Reference value :  9.34385e-07
 Reference value :  9.34887e-07
 Reference value :  9.35390e-07
 Reference value :  9.35871e-07
 Reference value :  9.36329e-07
 Reference value :  9.36772e-07
 Reference value :  9.37277e-07
 Reference value :  9.37723e-07
 Reference value :  9.38210e-07
 Reference value :  9.38663e-07
 Reference value :  9.39189e-07
 Reference value :  9.39658e-07
 Reference value :  9.40189e-07
 Reference value :  9.40681e-07
 Reference value :  9.41150e-07
 Reference value :  9.41641e-07
 Reference value :  9.42163e-07
 Reference value :  9.42671e-07
 Reference value :  9.43211e-07
 Reference value :  9.43672e-07
 Reference value :  9.44127e-07
 Reference value :  9.44584e-07
 Reference value :  9.45041e-07
 Reference value :  9.45551e-07
 Reference value :  9.46020e-07
 Reference value :  9.46500e-07
 Reference value :  9.47006e-07
 Reference value :  9.47478e-07
 Reference value :  9.47975e-07
 Reference value :  9.48492e-07
 Reference value :  9.48985e-07
 Reference value :  9.49472e-07
 Reference value :  9.49968e-07
 Reference value :  9.50451e-07
 Reference value :  9.50921e-07
 Reference value :  9.51366e-07
 Reference value :  9.51808e-07
 Reference value :  9.52269e-07
 Reference value :  9.52720e-07
 Reference value :  9.53173e-07
 Reference value :  9.53643e-07
 Reference value :  9.54137e-07
 Reference value :  9.54588e-07
 Reference value :  9.55060e-07
 Reference value :  9.55599e-07
 Reference value :  9.56082e-07
 Reference value :  9.56553e-07
 Reference value :  9.57052e-07
 Reference value :  9.57538e-07
 Reference value :  9.57989e-07
 Reference value :  9.58441e-07
 Reference value :  9.58923e-07
 Reference value :  9.59401e-07
 Reference value :  9.59852e-07
 Reference value :  9.60321e-07
 Reference value :  9.60792e-07
 Reference value :  9.61250e-07
 Reference value :  9.61689e-07
 Reference value :  9.62148e-07
 Reference value :  9.62603e-07
 Reference value :  9.63049e-07
 Reference value :  9.63492e-07
 Reference value :  9.63936e-07
 Reference value :  9.64395e-07
 Reference value :  9.64833e-07
 Reference value :  9.65292e-07
 Reference value :  9.65781e-07
 Reference value :  9.66236e-07
 Reference value :  9.66691e-07
 Reference value :  9.67160e-07
 Reference value :  9.67622e-07
 Reference value :  9.68079e-07
 Reference value :  9.68521e-07
 Reference value :  9.69002e-07
 Reference value :  9.69531e-07
 Reference value :  9.70003e-07
 Reference value :  9.70470e-07
 Reference value :  9.70946e-07
 Reference value :  9.71411e-07
 Reference value :  9.71862e-07
 Reference value :  9.72321e-07
 Reference value :  9.72777e-07
 Reference value :  9.73234e-07
 Reference value :  9.73710e-07
 Reference value :  9.74200e-07
 Reference value :  9.74658e-07
 Reference value :  9.75141e-07
 Reference value :  9.75642e-07
 Reference value :  9.76101e-07
 Reference value :  9.76610e-07
 Reference value :  9.77137e-07
 Reference value :  9.77587e-07
 Reference value :  9.78050e-07
 Reference value :  9.78524e-07
 Reference value :  9.78970e-07
 Reference value :  9.79437e-07
 Reference value :  9.79930e-07
 Reference value :  9.80378e-07
 Reference value :  9.80841e-07
 Reference value :  9.81299e-07
 Reference value :  9.81750e-07
 Reference value :  9.82240e-07
 Reference value :  9.82693e-07
 Reference value :  9.83160e-07
 Reference value :  9.83656e-07
 Reference value :  9.84156e-07
 Reference value :  9.84639e-07
 Reference value :  9.85108e-07
 Reference value :  9.85577e-07
 Reference value :  9.86031e-07
 Reference value :  9.86502e-07
 Reference value :  9.86955e-07
 Reference value :  9.87429e-07
 Reference value :  9.87910e-07
 Reference value :  9.88384e-07
 Reference value :  9.88850e-07
 Reference value :  9.89307e-07
 Reference value :  9.89756e-07
 Reference value :  9.90215e-07
 Reference value :  9.90657e-07
 Reference value :  9.91130e-07
 Reference value :  9.91581e-07
 Reference value :  9.92023e-07
 Reference value :  9.92510e-07
 Reference value :  9.92981e-07
 Reference value :  9.93442e-07
 Reference value :  9.93928e-07
 Reference value :  9.94406e-07
 Reference value :  9.94900e-07
 Reference value :  9.95376e-07
 Reference value :  9.95867e-07
 Reference value :  9.96331e-07
 Reference value :  9.96800e-07
 Reference value :  9.97301e-07
 Reference value :  9.97757e-07
 Reference value :  9.98211e-07
 Reference value :  9.98669e-07
 Reference value :  9.99111e-07
 Reference value :  9.99597e-07
 Reference value :  1.00006e-06
 Reference value :  1.00054e-06
 Reference value :  1.00099e-06
 Reference value :  1.00143e-06
 Reference value :  1.00189e-06
 Reference value :  1.00236e-06
 Reference value :  1.00283e-06
 Reference value :  1.00331e-06
 Reference value :  1.00377e-06
 Reference value :  1.00426e-06
 Reference value :  1.00470e-06
 Reference value :  1.00516e-06
 Reference value :  1.00565e-06
 Reference value :  1.00614e-06
 Reference value :  1.00659e-06
 Reference value :  1.00706e-06
 Reference value :  1.00751e-06
 Reference value :  1.00797e-06
 Reference value :  1.00846e-06
 Reference value :  1.00893e-06
 Reference value :  1.00939e-06
 Reference value :  1.00989e-06
 Reference value :  1.01035e-06
 Reference value :  1.01083e-06
 Reference value :  1.01131e-06
 Reference value :  1.01176e-06
 Reference value :  1.01224e-06
 Reference value :  1.01273e-06
 Reference value :  1.01321e-06
 Reference value :  1.01368e-06
 Reference value :  1.01415e-06
 Reference value :  1.01461e-06
 Reference value :  1.01508e-06
 Reference value :  1.01559e-06
 Reference value :  1.01608e-06
 Reference value :  1.01656e-06
 Reference value :  1.01702e-06
 Reference value :  1.01749e-06
 Reference value :  1.01796e-06
 Reference value :  1.01842e-06
 Reference value :  1.01888e-06
 Reference value :  1.01936e-06
 Reference value :  1.01982e-06
 Reference value :  1.02029e-06
 Reference value :  1.02075e-06
 Reference value :  1.02120e-06
 Reference value :  1.02167e-06
 Reference value :  1.02212e-06
 Reference value :  1.02256e-06
 Reference value :  1.02302e-06
 Reference value :  1.02347e-06
 Reference value :  1.02393e-06
 Reference value :  1.02440e-06
 Reference value :  1.02485e-06
 Reference value :  1.02533e-06
 Reference value :  1.02582e-06
 Reference value :  1.02628e-06
 Reference value :  1.02676e-06
 Reference value :  1.02723e-06
 Reference value :  1.02768e-06
 Reference value :  1.02819e-06
 Reference value :  1.02865e-06
 Reference value :  1.02912e-06
 Reference value :  1.02957e-06
 Reference value :  1.03008e-06
 Reference value :  1.03056e-06
 Reference value :  1.03102e-06
 Reference value :  1.03150e-06
 Reference value :  1.03198e-06
 Reference value :  1.03243e-06
 Reference value :  1.03290e-06
 Reference value :  1.03337e-06
 Reference value :  1.03384e-06
 Reference value :  1.03430e-06
 Reference value :  1.03477e-06
 Reference value :  1.03524e-06
 Reference value :  1.03571e-06
 Reference value :  1.03618e-06
 Reference value :  1.03664e-06
 Reference value :  1.03712e-06
 Reference value :  1.03761e-06
 Reference value :  1.03807e-06
 Reference value :  1.03854e-06
 Reference value :  1.03904e-06
 Reference value :  1.03950e-06
 Reference value :  1.03998e-06
 Reference value :  1.04043e-06
 Reference value :  1.04088e-06
 Reference value :  1.04133e-06
 Reference value :  1.04182e-06
 Reference value :  1.04228e-06
 Reference value :  1.04273e-06
 Reference value :  1.04318e-06
 Reference value :  1.04364e-06
 Reference value :  1.04409e-06
 Reference value :  1.04456e-06
 Reference value :  1.04503e-06
 Reference value :  1.04548e-06
 Reference value :  1.04597e-06
 Reference value :  1.04644e-06
 Reference value :  1.04694e-06
 Reference value :  1.04747e-06
 Reference value :  1.04795e-06
 Reference value :  1.04841e-06
 Reference value :  1.04888e-06
 Reference value :  1.04934e-06
 Reference value :  1.04997e-06
 Reference value :  1.05052e-06
 Reference value :  1.05098e-06
 Reference value :  1.05144e-06
 Reference value :  1.05191e-06
 Reference value :  1.05236e-06
 Reference value :  1.05282e-06
 Reference value :  1.05329e-06
 Reference value :  1.05377e-06
 Reference value :  1.05427e-06
 Reference value :  1.05475e-06
 Reference value :  1.05541e-06
 Reference value :  1.05589e-06
 Reference value :  1.05634e-06
 Reference value :  1.05684e-06
 Reference value :  1.05732e-06
 Reference value :  1.05779e-06
 Reference value :  1.05824e-06
 Reference value :  1.05870e-06
 Reference value :  1.05917e-06
 Reference value :  1.05962e-06
 Reference value :  1.06009e-06
 Reference value :  1.06057e-06
 Reference value :  1.06103e-06
 Reference value :  1.06148e-06
 Reference value :  1.06193e-06
 Reference value :  1.06238e-06
 Reference value :  1.06286e-06
 Reference value :  1.06333e-06
 Reference value :  1.06378e-06
 Reference value :  1.06425e-06
 Reference value :  1.06471e-06
 Reference value :  1.06517e-06
 Reference value :  1.06563e-06
 Reference value :  1.06614e-06
 Reference value :  1.06661e-06
 Reference value :  1.06708e-06
 Reference value :  1.06757e-06
 Reference value :  1.06807e-06
 Reference value :  1.06853e-06
 Reference value :  1.06899e-06
 Reference value :  1.06948e-06
 Reference value :  1.06994e-06
 Reference value :  1.07043e-06
 Reference value :  1.07089e-06
 Reference value :  1.07136e-06
 Reference value :  1.07181e-06
 Reference value :  1.07228e-06
 Reference value :  1.07273e-06
 Reference value :  1.07319e-06
 Reference value :  1.07365e-06
 Reference value :  1.07412e-06
 Reference value :  1.07457e-06
 Reference value :  1.07504e-06
 Reference value :  1.07549e-06
 Reference value :  1.07595e-06
 Reference value :  1.07641e-06
 Reference value :  1.07687e-06
 Reference value :  1.07732e-06
 Reference value :  1.07782e-06
 Reference value :  1.07829e-06
 Reference value :  1.07876e-06
 Reference value :  1.07923e-06
 Reference value :  1.07971e-06
 Reference value :  1.08063e-06
 Reference value :  1.08148e-06
 Reference value :  1.08236e-06
 Reference value :  1.08323e-06
 Reference value :  1.08386e-06
 Reference value :  1.08434e-06
 Reference value :  1.08482e-06
 Reference value :  1.08528e-06
 Reference value :  1.08573e-06
 Reference value :  1.08621e-06
 Reference value :  1.08668e-06
 Reference value :  1.08714e-06
 Reference value :  1.08759e-06
 Reference value :  1.08804e-06
 Reference value :  1.08850e-06
 Reference value :  1.08897e-06
 Reference value :  1.08944e-06
 Reference value :  1.08993e-06
 Reference value :  1.09040e-06
 Reference value :  1.09088e-06
 Reference value :  1.09135e-06
 Reference value :  1.09182e-06
 Reference value :  1.09227e-06
 Reference value :  1.09275e-06
 Reference value :  1.09322e-06
 Reference value :  1.09369e-06
 Reference value :  1.09415e-06
 Reference value :  1.09460e-06
 Reference value :  1.09507e-06
 Reference value :  1.09556e-06
 Reference value :  1.09603e-06
 Reference value :  1.09651e-06
 Reference value :  1.09699e-06
 Reference value :  1.09745e-06
 Reference value :  1.09790e-06
 Reference value :  1.09836e-06
 Reference value :  1.09885e-06
 Reference value :  1.09931e-06
 Reference value :  1.09976e-06
 Reference value :  1.10021e-06
 Reference value :  1.10068e-06
 Reference value :  1.10113e-06
 Reference value :  1.10161e-06
 Reference value :  1.10208e-06
 Reference value :  1.10253e-06
 Reference value :  1.10299e-06
 Reference value :  1.10345e-06
 Reference value :  1.10394e-06
 Reference value :  1.10440e-06
 Reference value :  1.10489e-06
 Reference value :  1.10535e-06
 Reference value :  1.10580e-06
 Reference value :  1.10627e-06
 Reference value :  1.10675e-06
 Reference value :  1.10725e-06
 Reference value :  1.10776e-06
 Reference value :  1.10822e-06
 Reference value :  1.10869e-06
 Reference value :  1.10914e-06
 Reference value :  1.10960e-06
 Reference value :  1.11004e-06
 Reference value :  1.11051e-06
 Reference value :  1.11096e-06
 Reference value :  1.11141e-06
 Reference value :  1.11192e-06
 Reference value :  1.11238e-06
 Reference value :  1.11284e-06
 Reference value :  1.11335e-06
 Reference value :  1.11381e-06
 Reference value :  1.11428e-06
 Reference value :  1.11475e-06
 Reference value :  1.11521e-06
 Reference value :  1.11566e-06
 Reference value :  1.11614e-06
 Reference value :  1.11662e-06
 Reference value :  1.11709e-06
 Reference value :  1.11754e-06
 Reference value :  1.11801e-06
 Reference value :  1.11847e-06
 Reference value :  1.11894e-06
 Reference value :  1.11942e-06
 Reference value :  1.11991e-06
 Reference value :  1.12038e-06
 Reference value :  1.12086e-06
 Reference value :  1.12130e-06
 Reference value :  1.12175e-06
 Reference value :  1.12221e-06
 Reference value :  1.12268e-06
 Reference value :  1.12314e-06
 Reference value :  1.12362e-06
 Reference value :  1.12410e-06
 Reference value :  1.12456e-06
 Reference value :  1.12504e-06
 Reference value :  1.12550e-06
 Reference value :  1.12597e-06
 Reference value :  1.12644e-06
 Reference value :  1.12690e-06
 Reference value :  1.12734e-06
 Reference value :  1.12780e-06
 Reference value :  1.12825e-06
 Reference value :  1.12872e-06
 Reference value :  1.12918e-06
 Reference value :  1.12964e-06
 Reference value :  1.13010e-06
 Reference value :  1.13056e-06
 Reference value :  1.13102e-06
 Reference value :  1.13147e-06
 Reference value :  1.13195e-06
 Reference value :  1.13241e-06
 Reference value :  1.13292e-06
 Reference value :  1.13338e-06
 Reference value :  1.13384e-06
 Reference value :  1.13429e-06
 Reference value :  1.13474e-06
 Reference value :  1.13519e-06
 Reference value :  1.13565e-06
 Reference value :  1.13609e-06
 Reference value :  1.13654e-06
 Reference value :  1.13699e-06
 Reference value :  1.13745e-06
 Reference value :  1.13791e-06
 Reference value :  1.13835e-06
 Reference value :  1.13881e-06
 Reference value :  1.13928e-06
 Reference value :  1.13972e-06
 Reference value :  1.14021e-06
 Reference value :  1.14069e-06
 Reference value :  1.14116e-06
 Reference value :  1.14162e-06
 Reference value :  1.14211e-06
 Reference value :  1.14257e-06
 Reference value :  1.14305e-06
 Reference value :  1.14353e-06
 Reference value :  1.14399e-06
 Reference value :  1.14446e-06
 Reference value :  1.14496e-06
 Reference value :  1.14542e-06
 Reference value :  1.14587e-06
 Reference value :  1.14633e-06
 Reference value :  1.14678e-06
 Reference value :  1.14723e-06
 Reference value :  1.14772e-06
 Reference value :  1.14817e-06
 Reference value :  1.14867e-06
 Reference value :  1.14912e-06
 Reference value :  1.14960e-06
 Reference value :  1.15011e-06
 Reference value :  1.15058e-06
 Reference value :  1.15105e-06
 Reference value :  1.15151e-06
 Reference value :  1.15198e-06
 Reference value :  1.15244e-06
 Reference value :  1.15295e-06
 Reference value :  1.15342e-06
 Reference value :  1.15389e-06
 Reference value :  1.15438e-06
 Reference value :  1.15484e-06
 Reference value :  1.15531e-06
 Reference value :  1.15577e-06
 Reference value :  1.15623e-06
 Reference value :  1.15669e-06
 Reference value :  1.15717e-06
 Reference value :  1.15767e-06
 Reference value :  1.15811e-06
 Reference value :  1.15859e-06
 Reference value :  1.15906e-06
 Reference value :  1.15951e-06
 Reference value :  1.16000e-06
 Reference value :  1.16045e-06
 Reference value :  1.16092e-06
 Reference value :  1.16139e-06
 Reference value :  1.16184e-06
 Reference value :  1.16232e-06
 Reference value :  1.16278e-06
 Reference value :  1.16323e-06
 Reference value :  1.16372e-06
 Reference value :  1.16417e-06
 Reference value :  1.16464e-06
 Reference value :  1.16511e-06
 Reference value :  1.16556e-06
 Reference value :  1.16603e-06
 Reference value :  1.16657e-06
 Reference value :  1.16706e-06
 Reference value :  1.16752e-06
 Reference value :  1.16799e-06
 Reference value :  1.16845e-06
 Reference value :  1.16890e-06
 Reference value :  1.16936e-06
 Reference value :  1.16982e-06
 Reference value :  1.17028e-06
 Reference value :  1.17073e-06
 Reference value :  1.17118e-06
 Reference value :  1.17166e-06
 Reference value :  1.17211e-06
 Reference value :  1.17257e-06
 Reference value :  1.17303e-06
 Reference value :  1.17349e-06
 Reference value :  1.17395e-06
 Reference value :  1.17445e-06
 Reference value :  1.17493e-06
 Reference value :  1.17540e-06
 Reference value :  1.17588e-06
 Reference value :  1.17634e-06
 Reference value :  1.17679e-06
 Reference value :  1.17725e-06
 Reference value :  1.17773e-06
 Reference value :  1.17820e-06
 Reference value :  1.17871e-06
 Reference value :  1.17918e-06
 Reference value :  1.17964e-06
 Reference value :  1.18011e-06
 Reference value :  1.18056e-06
 Reference value :  1.18102e-06
 Reference value :  1.18147e-06
 Reference value :  1.18195e-06
 Reference value :  1.18243e-06
 Reference value :  1.18291e-06
 Reference value :  1.18337e-06
 Reference value :  1.18382e-06
 Reference value :  1.18427e-06
 Reference value :  1.18473e-06
 Reference value :  1.18519e-06
 Reference value :  1.18566e-06
 Reference value :  1.18613e-06
 Reference value :  1.18659e-06
 Reference value :  1.18707e-06
 Reference value :  1.18755e-06
 Reference value :  1.18803e-06
 Reference value :  1.18849e-06
 Reference value :  1.18894e-06
 Reference value :  1.18945e-06
 Reference value :  1.18989e-06
 Reference value :  1.19035e-06
 Reference value :  1.19082e-06
 Reference value :  1.19126e-06
 Reference value :  1.19172e-06
 Reference value :  1.19219e-06
 Reference value :  1.19264e-06
 Reference value :  1.19315e-06
 Reference value :  1.19364e-06
 Reference value :  1.19412e-06
 Reference value :  1.19461e-06
 Reference value :  1.19506e-06
 Reference value :  1.19554e-06
 Reference value :  1.19600e-06
 Reference value :  1.19647e-06
 Reference value :  1.19693e-06
 Reference value :  1.19739e-06
 Reference value :  1.19787e-06
 Reference value :  1.19833e-06
 Reference value :  1.19883e-06
 Reference value :  1.19933e-06
 Reference value :  1.19978e-06
 Reference value :  1.20024e-06
 Reference value :  1.20070e-06
 Reference value :  1.20117e-06
 Reference value :  1.20165e-06
 Reference value :  1.20212e-06
 Reference value :  1.20259e-06
 Reference value :  1.20305e-06
 Reference value :  1.20358e-06
 Reference value :  1.20407e-06
 Reference value :  1.20452e-06
 Reference value :  1.20503e-06
 Reference value :  1.20553e-06
 Reference value :  1.20602e-06
 Reference value :  1.20653e-06
 Reference value :  1.20698e-06
 Reference value :  1.20743e-06
 Reference value :  1.20793e-06
 Reference value :  1.20837e-06
 Reference value :  1.20884e-06
 Reference value :  1.20931e-06
 Reference value :  1.20977e-06
 Reference value :  1.21023e-06
 Reference value :  1.21071e-06
 Reference value :  1.21118e-06
 Reference value :  1.21165e-06
 Reference value :  1.21211e-06
 Reference value :  1.21256e-06
 Reference value :  1.21303e-06
 Reference value :  1.21348e-06
 Reference value :  1.21396e-06
 Reference value :  1.21444e-06
 Reference value :  1.21493e-06
 Reference value :  1.21542e-06
 Reference value :  1.21588e-06
 Reference value :  1.21636e-06
 Reference value :  1.21682e-06
 Reference value :  1.21728e-06
 Reference value :  1.21774e-06
 Reference value :  1.21820e-06
 Reference value :  1.21867e-06
 Reference value :  1.21915e-06
 Reference value :  1.21960e-06
 Reference value :  1.22005e-06
 Reference value :  1.22051e-06
 Reference value :  1.22100e-06
 Reference value :  1.22146e-06
 Reference value :  1.22195e-06
 Reference value :  1.22240e-06
 Reference value :  1.22285e-06
 Reference value :  1.22331e-06
 Reference value :  1.22377e-06
 Reference value :  1.22423e-06
 Reference value :  1.22468e-06
 Reference value :  1.22513e-06
 Reference value :  1.22558e-06
 Reference value :  1.22604e-06
 Reference value :  1.22650e-06
 Reference value :  1.22696e-06
 Reference value :  1.22742e-06
 Reference value :  1.22788e-06
 Reference value :  1.22835e-06
 Reference value :  1.22881e-06
 Reference value :  1.22927e-06
 Reference value :  1.22973e-06
 Reference value :  1.23020e-06
 Reference value :  1.23066e-06
 Reference value :  1.23113e-06
 Reference value :  1.23158e-06
 Reference value :  1.23203e-06
 Reference value :  1.23252e-06
 Reference value :  1.23296e-06
 Reference value :  1.23342e-06
 Reference value :  1.23388e-06
 Reference value :  1.23432e-06
 Reference value :  1.23477e-06
 Reference value :  1.23522e-06
 Reference value :  1.23571e-06
 Reference value :  1.23617e-06
 Reference value :  1.23665e-06
 Reference value :  1.23713e-06
 Reference value :  1.23763e-06
 Reference value :  1.23808e-06
 Reference value :  1.23856e-06
 Reference value :  1.23901e-06
 Reference value :  1.23947e-06
 Reference value :  1.23993e-06
 Reference value :  1.24038e-06
 Reference value :  1.24083e-06
 Reference value :  1.24129e-06
 Reference value :  1.24174e-06
 Reference value :  1.24222e-06
 Reference value :  1.24271e-06
 Reference value :  1.24315e-06
 Reference value :  1.24359e-06
 Reference value :  1.24405e-06
 Reference value :  1.24452e-06
 Reference value :  1.24499e-06
 Reference value :  1.24544e-06
 Reference value :  1.24590e-06
 Reference value :  1.24636e-06
 Reference value :  1.24682e-06
 Reference value :  1.24728e-06
 Reference value :  1.24775e-06
 Reference value :  1.24820e-06
 Reference value :  1.24865e-06
 Reference value :  1.24912e-06
 Reference value :  1.24957e-06
 Reference value :  1.25003e-06
 Reference value :  1.25049e-06
 Reference value :  1.25095e-06
 Reference value :  1.25139e-06
 Reference value :  1.25186e-06
 Reference value :  1.25232e-06
 Reference value :  1.25279e-06
 Reference value :  1.25327e-06
 Reference value :  1.25375e-06
 Reference value :  1.25420e-06
 Reference value :  1.25467e-06
 Reference value :  1.25514e-06
 Reference value :  1.25559e-06
 Reference value :  1.25605e-06
 Reference value :  1.25651e-06
 Reference value :  1.25699e-06
 Reference value :  1.25745e-06
 Reference value :  1.25791e-06
 Reference value :  1.25836e-06
 Reference value :  1.25880e-06
 Reference value :  1.25925e-06
 Reference value :  1.25969e-06
 Reference value :  1.26017e-06
 Reference value :  1.26066e-06
 Reference value :  1.26115e-06
 Reference value :  1.26163e-06
 Reference value :  1.26211e-06
 Reference value :  1.26257e-06
 Reference value :  1.26307e-06
 Reference value :  1.26353e-06
 Reference value :  1.26402e-06
 Reference value :  1.26449e-06
 Reference value :  1.26493e-06
 Reference value :  1.26539e-06
 Reference value :  1.26584e-06
 Reference value :  1.26629e-06
 Reference value :  1.26676e-06
 Reference value :  1.26722e-06
 Reference value :  1.26767e-06
 Reference value :  1.26814e-06
 Reference value :  1.26858e-06
 Reference value :  1.26903e-06
 Reference value :  1.26948e-06
 Reference value :  1.26995e-06
 Reference value :  1.27041e-06
 Reference value :  1.27086e-06
 Reference value :  1.27132e-06
 Reference value :  1.27178e-06
 Reference value :  1.27226e-06
 Reference value :  1.27272e-06
 Reference value :  1.27317e-06
 Reference value :  1.27362e-06
 Reference value :  1.27412e-06
 Reference value :  1.27456e-06
 Reference value :  1.27502e-06
 Reference value :  1.27548e-06
 Reference value :  1.27592e-06
 Reference value :  1.27639e-06
 Reference value :  1.27683e-06
 Reference value :  1.27731e-06
 Reference value :  1.27776e-06
 Reference value :  1.27821e-06
 Reference value :  1.27867e-06
 Reference value :  1.27914e-06
 Reference value :  1.27959e-06
 Reference value :  1.28007e-06
 Reference value :  1.28055e-06
 Reference value :  1.28103e-06
 Reference value :  1.28149e-06
 Reference value :  1.28195e-06
 Reference value :  1.28241e-06
 Reference value :  1.28286e-06
 Reference value :  1.28332e-06
 Reference value :  1.28378e-06
 Reference value :  1.28423e-06
 Reference value :  1.28469e-06
 Reference value :  1.28516e-06
 Reference value :  1.28561e-06
 Reference value :  1.28610e-06
 Reference value :  1.28661e-06
 Reference value :  1.28708e-06
 Reference value :  1.28754e-06
 Reference value :  1.28798e-06
 Reference value :  1.28846e-06
 Reference value :  1.28890e-06
 Reference value :  1.28936e-06
 Reference value :  1.28981e-06
 Reference value :  1.29029e-06
 Reference value :  1.29074e-06
 Reference value :  1.29122e-06
 Reference value :  1.29169e-06
 Reference value :  1.29216e-06
 Reference value :  1.29263e-06
 Reference value :  1.29309e-06
 Reference value :  1.29353e-06
 Reference value :  1.29401e-06
 Reference value :  1.29445e-06
 Reference value :  1.29495e-06
 Reference value :  1.29542e-06
 Reference value :  1.29588e-06
 Reference value :  1.29634e-06
 Reference value :  1.29681e-06
 Reference value :  1.29728e-06
 Reference value :  1.29775e-06
 Reference value :  1.29820e-06
 Reference value :  1.29870e-06
 Reference value :  1.29915e-06
 Reference value :  1.29963e-06
 Reference value :  1.30011e-06
 Reference value :  1.30058e-06
 Reference value :  1.30106e-06
 Reference value :  1.30153e-06
 Reference value :  1.30201e-06
 Reference value :  1.30247e-06
 Reference value :  1.30294e-06
 Reference value :  1.30341e-06
 Reference value :  1.30389e-06
 Reference value :  1.30437e-06
 Reference value :  1.30482e-06
 Reference value :  1.30529e-06
 Reference value :  1.30575e-06
 Reference value :  1.30621e-06
 Reference value :  1.30671e-06
 Reference value :  1.30717e-06
 Reference value :  1.30763e-06
 Reference value :  1.30810e-06
 Reference value :  1.30855e-06
 Reference value :  1.30901e-06
 Reference value :  1.30946e-06
 Reference value :  1.30993e-06
 Reference value :  1.31038e-06
 Reference value :  1.31088e-06
 Reference value :  1.31131e-06
 Reference value :  1.31178e-06
 Reference value :  1.31223e-06
 Reference value :  1.31268e-06
 Reference value :  1.31313e-06
 Reference value :  1.31359e-06
 Reference value :  1.31404e-06
 Reference value :  1.31449e-06
 Reference value :  1.31493e-06
 Reference value :  1.31541e-06
 Reference value :  1.31585e-06
 Reference value :  1.31631e-06
 Reference value :  1.31675e-06
 Reference value :  1.31722e-06
 Reference value :  1.31768e-06
 Reference value :  1.31817e-06
 Reference value :  1.31861e-06
 Reference value :  1.31908e-06
 Reference value :  1.31952e-06
 Reference value :  1.32000e-06
 Reference value :  1.32044e-06
 Reference value :  1.32090e-06
 Reference value :  1.32134e-06
 Reference value :  1.32180e-06
 Reference value :  1.32227e-06
 Reference value :  1.32273e-06
 Reference value :  1.32322e-06
 Reference value :  1.32369e-06
 Reference value :  1.32422e-06
 Reference value :  1.32469e-06
 Reference value :  1.32516e-06
 Reference value :  1.32562e-06
 Reference value :  1.32607e-06
 Reference value :  1.32655e-06
 Reference value :  1.32704e-06
 Reference value :  1.32754e-06
 Reference value :  1.32800e-06
 Reference value :  1.32848e-06
 Reference value :  1.32893e-06
 Reference value :  1.32938e-06
 Reference value :  1.32984e-06
 Reference value :  1.33032e-06
 Reference value :  1.33079e-06
 Reference value :  1.33123e-06
 Reference value :  1.33170e-06
 Reference value :  1.33218e-06
 Reference value :  1.33264e-06
 Reference value :  1.33310e-06
 Reference value :  1.33357e-06
 Reference value :  1.33401e-06
 Reference value :  1.33449e-06
 Reference value :  1.33494e-06
 Reference value :  1.33539e-06
 Reference value :  1.33584e-06
 Reference value :  1.33630e-06
 Reference value :  1.33673e-06
 Reference value :  1.33719e-06
 Reference value :  1.33764e-06
 Reference value :  1.33812e-06
 Reference value :  1.33860e-06
 Reference value :  1.33905e-06
 Reference value :  1.33954e-06
 Reference value :  1.33998e-06
 Reference value :  1.34045e-06
 Reference value :  1.34092e-06
 Reference value :  1.34137e-06
 Reference value :  1.34183e-06
 Reference value :  1.34231e-06
 Reference value :  1.34278e-06
 Reference value :  1.34323e-06
 Reference value :  1.34369e-06
 Reference value :  1.34414e-06
 Reference value :  1.34459e-06
 Reference value :  1.34503e-06
 Reference value :  1.34548e-06
 Reference value :  1.34593e-06
 Reference value :  1.34638e-06
 Reference value :  1.34684e-06
 Reference value :  1.34728e-06
 Reference value :  1.34776e-06
 Reference value :  1.34819e-06
 Reference value :  1.34865e-06
 Reference value :  1.34910e-06
 Reference value :  1.34957e-06
 Reference value :  1.35004e-06
 Reference value :  1.35051e-06
 Reference value :  1.35096e-06
 Reference value :  1.35143e-06
 Reference value :  1.35186e-06
 Reference value :  1.35232e-06
 Reference value :  1.35279e-06
 Reference value :  1.35324e-06
 Reference value :  1.35370e-06
 Reference value :  1.35413e-06
 Reference value :  1.35458e-06
 Reference value :  1.35502e-06
 Reference value :  1.35546e-06
 Reference value :  1.35591e-06
 Reference value :  1.35637e-06
 Reference value :  1.35682e-06
 Reference value :  1.35726e-06
 Reference value :  1.35773e-06
 Reference value :  1.35817e-06
 Reference value :  1.35864e-06
 Reference value :  1.35908e-06
 Reference value :  1.35953e-06
 Reference value :  1.36001e-06
 Reference value :  1.36044e-06
 Reference value :  1.36091e-06
 Reference value :  1.36146e-06
 Reference value :  1.36193e-06
 Reference value :  1.36239e-06
 Reference value :  1.36286e-06
 Reference value :  1.36331e-06
 Reference value :  1.36392e-06
 Reference value :  1.36439e-06
 Reference value :  1.36485e-06
 Reference value :  1.36530e-06
 Reference value :  1.36576e-06
 Reference value :  1.36620e-06
 Reference value :  1.36667e-06
 Reference value :  1.36716e-06
 Reference value :  1.36762e-06
 Reference value :  1.36807e-06
 Reference value :  1.36854e-06
 Reference value :  1.36900e-06
 Reference value :  1.36946e-06
 Reference value :  1.36993e-06
 Reference value :  1.37042e-06
 Reference value :  1.37086e-06
 Reference value :  1.37146e-06
 Reference value :  1.37205e-06
 Reference value :  1.37254e-06
 Reference value :  1.37300e-06
 Reference value :  1.37348e-06
 Reference value :  1.37394e-06
 Reference value :  1.37440e-06
 Reference value :  1.37487e-06
 Reference value :  1.37533e-06
 Reference value :  1.37581e-06
 Reference value :  1.37626e-06
 Reference value :  1.37674e-06
 Reference value :  1.37719e-06
 Reference value :  1.37768e-06
 Reference value :  1.37814e-06
 Reference value :  1.37859e-06
 Reference value :  1.37904e-06
 Reference value :  1.37950e-06
 Reference value :  1.38006e-06
 Reference value :  1.38055e-06
 Reference value :  1.38100e-06
 Reference value :  1.38146e-06
 Reference value :  1.38191e-06
 Reference value :  1.38236e-06
 Reference value :  1.38284e-06
 Reference value :  1.38329e-06
 Reference value :  1.38373e-06
 Reference value :  1.38419e-06
 Reference value :  1.38465e-06
 Reference value :  1.38511e-06
 Reference value :  1.38555e-06
 Reference value :  1.38603e-06
 Reference value :  1.38646e-06
 Reference value :  1.38695e-06
 Reference value :  1.38740e-06
 Reference value :  1.38785e-06
 Reference value :  1.38829e-06
 Reference value :  1.38875e-06
 Reference value :  1.38920e-06
 Reference value :  1.38965e-06
 Reference value :  1.39010e-06
 Reference value :  1.39059e-06
 Reference value :  1.39106e-06
 Reference value :  1.39153e-06
 Reference value :  1.39198e-06
 Reference value :  1.39242e-06
 Reference value :  1.39292e-06
 Reference value :  1.39343e-06
 Reference value :  1.39394e-06
 Reference value :  1.39438e-06
 Reference value :  1.39485e-06
 Reference value :  1.39532e-06
 Reference value :  1.39581e-06
 Reference value :  1.39632e-06
 Reference value :  1.39678e-06
 Reference value :  1.39724e-06
 Reference value :  1.39768e-06
 Reference value :  1.39814e-06
 Reference value :  1.39859e-06
 Reference value :  1.39907e-06
 Reference value :  1.39952e-06
 Reference value :  1.39996e-06
 Reference value :  1.40042e-06
 Reference value :  1.40086e-06
 Reference value :  1.40134e-06
 Reference value :  1.40179e-06
 Reference value :  1.40226e-06
 Reference value :  1.40270e-06
 Reference value :  1.40316e-06
 Reference value :  1.40361e-06
 Reference value :  1.40407e-06
 Reference value :  1.40455e-06
 Reference value :  1.40501e-06
 Reference value :  1.40546e-06
 Reference value :  1.40591e-06
 Reference value :  1.40636e-06
 Reference value :  1.40681e-06
 Reference value :  1.40728e-06
 Reference value :  1.40776e-06
 Reference value :  1.40821e-06
 Reference value :  1.40868e-06
 Reference value :  1.40913e-06
 Reference value :  1.40957e-06
 Reference value :  1.41002e-06
 Reference value :  1.41047e-06
 Reference value :  1.41094e-06
 Reference value :  1.41140e-06
 Reference value :  1.41186e-06
 Reference value :  1.41236e-06
 Reference value :  1.41286e-06
 Reference value :  1.41335e-06
 Reference value :  1.41383e-06
 Reference value :  1.41429e-06
 Reference value :  1.41479e-06
 Reference value :  1.41527e-06
 Reference value :  1.41572e-06
 Reference value :  1.41618e-06
 Reference value :  1.41664e-06
 Reference value :  1.41710e-06
 Reference value :  1.41755e-06
 Reference value :  1.41800e-06
 Reference value :  1.41844e-06
 Reference value :  1.41891e-06
 Reference value :  1.41935e-06
 Reference value :  1.41982e-06
 Reference value :  1.42029e-06
 Reference value :  1.42076e-06
 Reference value :  1.42121e-06
 Reference value :  1.42166e-06
 Reference value :  1.42214e-06
 Reference value :  1.42261e-06
 Reference value :  1.42306e-06
 Reference value :  1.42352e-06
 Reference value :  1.42397e-06
 Reference value :  1.42443e-06
 Reference value :  1.42489e-06
 Reference value :  1.42533e-06
 Reference value :  1.42580e-06
 Reference value :  1.42629e-06
 Reference value :  1.42681e-06
 Reference value :  1.42727e-06
 Reference value :  1.42773e-06
 Reference value :  1.42822e-06
 Reference value :  1.42868e-06
 Reference value :  1.42917e-06
 Reference value :  1.42962e-06
 Reference value :  1.43038e-06
 Reference value :  1.43117e-06
 Reference value :  1.43200e-06
 Reference value :  1.43280e-06
 Reference value :  1.43358e-06
 Reference value :  1.43405e-06
 Reference value :  1.43452e-06
 Reference value :  1.43497e-06
 Reference value :  1.43544e-06
 Reference value :  1.43590e-06
 Reference value :  1.43639e-06
 Reference value :  1.43685e-06
 Reference value :  1.43733e-06
 Reference value :  1.43778e-06
 Reference value :  1.43825e-06
 Reference value :  1.43870e-06
 Reference value :  1.43915e-06
 Reference value :  1.43959e-06
 Reference value :  1.44005e-06
 Reference value :  1.44051e-06
 Reference value :  1.44095e-06
 Reference value :  1.44142e-06
 Reference value :  1.44187e-06
 Reference value :  1.44235e-06
 Reference value :  1.44282e-06
 Reference value :  1.44331e-06
 Reference value :  1.44376e-06
 Reference value :  1.44423e-06
 Reference value :  1.44467e-06
 Reference value :  1.44516e-06
 Reference value :  1.44562e-06
 Reference value :  1.44608e-06
 Reference value :  1.44653e-06
 Reference value :  1.44699e-06
 Reference value :  1.44745e-06
 Reference value :  1.44790e-06
 Reference value :  1.44835e-06
 Reference value :  1.44888e-06
 Reference value :  1.44956e-06
 Reference value :  1.45027e-06
 Reference value :  1.45094e-06
 Reference value :  1.45142e-06
 Reference value :  1.45186e-06
 Reference value :  1.45231e-06
 Reference value :  1.45276e-06
 Reference value :  1.45323e-06
 Reference value :  1.45368e-06
 Reference value :  1.45414e-06
 Reference value :  1.45460e-06
 Reference value :  1.45507e-06
 Reference value :  1.45553e-06
 Reference value :  1.45597e-06
 Reference value :  1.45644e-06
 Reference value :  1.45688e-06
 Reference value :  1.45732e-06
 Reference value :  1.45777e-06
 Reference value :  1.45823e-06
 Reference value :  1.45870e-06
 Reference value :  1.45917e-06
 Reference value :  1.45965e-06
 Reference value :  1.46012e-06
 Reference value :  1.46058e-06
 Reference value :  1.46104e-06
 Reference value :  1.46149e-06
 Reference value :  1.46199e-06
 Reference value :  1.46245e-06
 Reference value :  1.46292e-06
 Reference value :  1.46337e-06
 Reference value :  1.46387e-06
 Reference value :  1.46431e-06
 Reference value :  1.46477e-06
 Reference value :  1.46523e-06
 Reference value :  1.46569e-06
 Reference value :  1.46615e-06
 Reference value :  1.46660e-06
 Reference value :  1.46707e-06
 Reference value :  1.46752e-06
 Reference value :  1.46801e-06
 Reference value :  1.46848e-06
 Reference value :  1.46895e-06
 Reference value :  1.46940e-06
 Reference value :  1.46984e-06
 Reference value :  1.47031e-06
 Reference value :  1.47075e-06
 Reference value :  1.47122e-06
 Reference value :  1.47169e-06
 Reference value :  1.47214e-06
 Reference value :  1.47259e-06
 Reference value :  1.47304e-06
 Reference value :  1.47351e-06
 Reference value :  1.47394e-06
 Reference value :  1.47441e-06
 Reference value :  1.47487e-06
 Reference value :  1.47532e-06
 Reference value :  1.47579e-06
 Reference value :  1.47624e-06
 Reference value :  1.47670e-06
 Reference value :  1.47716e-06
 Reference value :  1.47760e-06
 Reference value :  1.47807e-06
 Reference value :  1.47854e-06
 Reference value :  1.47899e-06
 Reference value :  1.47945e-06
 Reference value :  1.47990e-06
 Reference value :  1.48037e-06
 Reference value :  1.48084e-06
 Reference value :  1.48128e-06
 Reference value :  1.48178e-06
 Reference value :  1.48224e-06
 Reference value :  1.48270e-06
 Reference value :  1.48318e-06
 Reference value :  1.48364e-06
 Reference value :  1.48411e-06
 Reference value :  1.48456e-06
 Reference value :  1.48501e-06
 Reference value :  1.48546e-06
 Reference value :  1.48590e-06
 Reference value :  1.48640e-06
 Reference value :  1.48686e-06
 Reference value :  1.48730e-06
 Reference value :  1.48775e-06
 Reference value :  1.48821e-06
 Reference value :  1.48871e-06
 Reference value :  1.48918e-06
 Reference value :  1.48964e-06
 Reference value :  1.49014e-06
 Reference value :  1.49057e-06
 Reference value :  1.49104e-06
 Reference value :  1.49153e-06
 Reference value :  1.49199e-06
 Reference value :  1.49248e-06
 Reference value :  1.49293e-06
 Reference value :  1.49339e-06
 Reference value :  1.49385e-06
 Reference value :  1.49429e-06
 Reference value :  1.49478e-06
 Reference value :  1.49520e-06
 Reference value :  1.49566e-06
 Reference value :  1.49610e-06
 Reference value :  1.49654e-06
 Reference value :  1.49701e-06
 Reference value :  1.49746e-06
 Reference value :  1.49792e-06
 Reference value :  1.49841e-06
 Reference value :  1.49884e-06
 Reference value :  1.49931e-06
 Reference value :  1.49980e-06
 Reference value :  1.50024e-06
 Reference value :  1.50070e-06
 Reference value :  1.50115e-06
 Reference value :  1.50162e-06
 Reference value :  1.50208e-06
 Reference value :  1.50255e-06
 Reference value :  1.50301e-06
 Reference value :  1.50349e-06
 Reference value :  1.50396e-06
 Reference value :  1.50443e-06
 Reference value :  1.50489e-06
 Reference value :  1.50538e-06
 Reference value :  1.50586e-06
 Reference value :  1.50631e-06
 Reference value :  1.50678e-06
 Reference value :  1.50723e-06
 Reference value :  1.50772e-06
 Reference value :  1.50816e-06
 Reference value :  1.50865e-06
 Reference value :  1.50910e-06
 Reference value :  1.50957e-06
 Reference value :  1.51006e-06
 Reference value :  1.51052e-06
 Reference value :  1.51101e-06
 Reference value :  1.51148e-06
 Reference value :  1.51194e-06
 Reference value :  1.51241e-06
 Reference value :  1.51285e-06
 Reference value :  1.51331e-06
 Reference value :  1.51375e-06
 Reference value :  1.51420e-06
 Reference value :  1.51468e-06
 Reference value :  1.51513e-06
 Reference value :  1.51561e-06
 Reference value :  1.51608e-06
 Reference value :  1.51654e-06
 Reference value :  1.51701e-06
 Reference value :  1.51746e-06
 Reference value :  1.51792e-06
 Reference value :  1.51838e-06
 Reference value :  1.51883e-06
 Reference value :  1.51928e-06
 Reference value :  1.51972e-06
 Reference value :  1.52017e-06
 Reference value :  1.52064e-06
 Reference value :  1.52110e-06
 Reference value :  1.52161e-06
 Reference value :  1.52207e-06
 Reference value :  1.52253e-06
 Reference value :  1.52300e-06
 Reference value :  1.52348e-06
 Reference value :  1.52395e-06
 Reference value :  1.52445e-06
 Reference value :  1.52494e-06
 Reference value :  1.52539e-06
 Reference value :  1.52586e-06
 Reference value :  1.52634e-06
 Reference value :  1.52680e-06
 Reference value :  1.52729e-06
 Reference value :  1.52775e-06
 Reference value :  1.52821e-06
 Reference value :  1.52868e-06
 Reference value :  1.52915e-06
 Reference value :  1.52959e-06
 Reference value :  1.53005e-06
 Reference value :  1.53055e-06
 Reference value :  1.53107e-06
 Reference value :  1.53154e-06
 Reference value :  1.53201e-06
 Reference value :  1.53246e-06
 Reference value :  1.53291e-06
 Reference value :  1.53335e-06
 Reference value :  1.53380e-06
 Reference value :  1.53441e-06
 Reference value :  1.53497e-06
 Reference value :  1.53543e-06
 Reference value :  1.53589e-06
 Reference value :  1.53633e-06
 Reference value :  1.53678e-06
 Reference value :  1.53723e-06
 Reference value :  1.53768e-06
 Reference value :  1.53815e-06
 Reference value :  1.53859e-06
 Reference value :  1.53905e-06
 Reference value :  1.53953e-06
 Reference value :  1.54000e-06
 Reference value :  1.54047e-06
 Reference value :  1.54093e-06
 Reference value :  1.54138e-06
 Reference value :  1.54185e-06
 Reference value :  1.54230e-06
 Reference value :  1.54276e-06
 Reference value :  1.54321e-06
 Reference value :  1.54369e-06
 Reference value :  1.54414e-06
 Reference value :  1.54461e-06
 Reference value :  1.54509e-06
 Reference value :  1.54557e-06
 Reference value :  1.54603e-06
 Reference value :  1.54649e-06
 Reference value :  1.54695e-06
 Reference value :  1.54743e-06
 Reference value :  1.54790e-06
 Reference value :  1.54836e-06
 Reference value :  1.54881e-06
 Reference value :  1.54927e-06
 Reference value :  1.54972e-06
 Reference value :  1.55019e-06
 Reference value :  1.55067e-06
 Reference value :  1.55112e-06
 Reference value :  1.55159e-06
 Reference value :  1.55203e-06
 Reference value :  1.55248e-06
 Reference value :  1.55294e-06
 Reference value :  1.55341e-06
 Reference value :  1.55388e-06
 Reference value :  1.55435e-06
 Reference value :  1.55481e-06
 Reference value :  1.55527e-06
 Reference value :  1.55573e-06
 Reference value :  1.55616e-06
 Reference value :  1.55661e-06
 Reference value :  1.55709e-06
 Reference value :  1.55753e-06
 Reference value :  1.55798e-06
 Reference value :  1.55845e-06
 Reference value :  1.55889e-06
 Reference value :  1.55936e-06
 Reference value :  1.55985e-06
 Reference value :  1.56031e-06
 Reference value :  1.56078e-06
 Reference value :  1.56127e-06
 Reference value :  1.56173e-06
 Reference value :  1.56223e-06
 Reference value :  1.56271e-06
 Reference value :  1.56320e-06
 Reference value :  1.56369e-06
 Reference value :  1.56416e-06
 Reference value :  1.56461e-06
 Reference value :  1.56508e-06
 Reference value :  1.56553e-06
 Reference value :  1.56597e-06
 Reference value :  1.56645e-06
 Reference value :  1.56693e-06
 Reference value :  1.56743e-06
 Reference value :  1.56792e-06
 Reference value :  1.56835e-06
 Reference value :  1.56880e-06
 Reference value :  1.56925e-06
 Reference value :  1.56970e-06
 Reference value :  1.57015e-06
 Reference value :  1.57061e-06
 Reference value :  1.57107e-06
 Reference value :  1.57155e-06
 Reference value :  1.57201e-06
 Reference value :  1.57245e-06
 Reference value :  1.57290e-06
 Reference value :  1.57338e-06
 Reference value :  1.57382e-06
 Reference value :  1.57428e-06
 Reference value :  1.57475e-06
 Reference value :  1.57521e-06
 Reference value :  1.57565e-06
 Reference value :  1.57610e-06
 Reference value :  1.57655e-06
 Reference value :  1.57706e-06
 Reference value :  1.57751e-06
 Reference value :  1.57794e-06
 Reference value :  1.57841e-06
 Reference value :  1.57889e-06
 Reference value :  1.57935e-06
 Reference value :  1.57979e-06
 Reference value :  1.58026e-06
 Reference value :  1.58078e-06
 Reference value :  1.58123e-06
 Reference value :  1.58168e-06
 Reference value :  1.58214e-06
 Reference value :  1.58260e-06
 Reference value :  1.58306e-06
 Reference value :  1.58353e-06
 Reference value :  1.58399e-06
 Reference value :  1.58444e-06
 Reference value :  1.58495e-06
 Reference value :  1.58542e-06
 Reference value :  1.58586e-06
 Reference value :  1.58634e-06
 Reference value :  1.58680e-06
 Reference value :  1.58726e-06
 Reference value :  1.58774e-06
 Reference value :  1.58823e-06
 Reference value :  1.58869e-06
 Reference value :  1.58914e-06
 Reference value :  1.58958e-06
 Reference value :  1.59008e-06
 Reference value :  1.59053e-06
 Reference value :  1.59099e-06
 Reference value :  1.59146e-06
 Reference value :  1.59193e-06
 Reference value :  1.59238e-06
 Reference value :  1.59281e-06
 Reference value :  1.59327e-06
 Reference value :  1.59371e-06
 Reference value :  1.59419e-06
 Reference value :  1.59464e-06
 Reference value :  1.59511e-06
 Reference value :  1.59558e-06
 Reference value :  1.59605e-06
 Reference value :  1.59652e-06
 Reference value :  1.59699e-06
 Reference value :  1.59752e-06
 Reference value :  1.59798e-06
 Reference value :  1.59847e-06
 Reference value :  1.59895e-06
 Reference value :  1.59939e-06
 Reference value :  1.59988e-06
 Reference value :  1.60034e-06
 Reference value :  1.60078e-06
 Reference value :  1.60124e-06
 Reference value :  1.60170e-06
 Reference value :  1.60215e-06
 Reference value :  1.60262e-06
 Reference value :  1.60308e-06
 Reference value :  1.60354e-06
 Reference value :  1.60402e-06
 Reference value :  1.60450e-06
 Reference value :  1.60495e-06
 Reference value :  1.60541e-06
 Reference value :  1.60588e-06
 Reference value :  1.60636e-06
 Reference value :  1.60681e-06
 Reference value :  1.60729e-06
 Reference value :  1.60779e-06
 Reference value :  1.60828e-06
 Reference value :  1.60873e-06
 Reference value :  1.60919e-06
 Reference value :  1.60970e-06
 Reference value :  1.61017e-06
 Reference value :  1.61065e-06
 Reference value :  1.61110e-06
 Reference value :  1.61156e-06
 Reference value :  1.61204e-06
 Reference value :  1.61247e-06
 Reference value :  1.61294e-06
 Reference value :  1.61340e-06
 Reference value :  1.61387e-06
 Reference value :  1.61432e-06
 Reference value :  1.61478e-06
 Reference value :  1.61525e-06
 Reference value :  1.61575e-06
 Reference value :  1.61620e-06
 Reference value :  1.61664e-06
 Reference value :  1.61710e-06
 Reference value :  1.61756e-06
 Reference value :  1.61803e-06
 Reference value :  1.61854e-06
 Reference value :  1.61899e-06
 Reference value :  1.61946e-06
 Reference value :  1.61994e-06
 Reference value :  1.62043e-06
 Reference value :  1.62090e-06
 Reference value :  1.62139e-06
 Reference value :  1.62187e-06
 Reference value :  1.62235e-06
 Reference value :  1.62283e-06
 Reference value :  1.62329e-06
 Reference value :  1.62375e-06
 Reference value :  1.62421e-06
 Reference value :  1.62468e-06
 Reference value :  1.62514e-06
 Reference value :  1.62560e-06
 Reference value :  1.62609e-06
 Reference value :  1.62655e-06
 Reference value :  1.62700e-06
 Reference value :  1.62747e-06
 Reference value :  1.62793e-06
 Reference value :  1.62839e-06
 Reference value :  1.62884e-06
 Reference value :  1.62929e-06
 Reference value :  1.62975e-06
 Reference value :  1.63020e-06
 Reference value :  1.63067e-06
 Reference value :  1.63113e-06
 Reference value :  1.63162e-06
 Reference value :  1.63208e-06
 Reference value :  1.63255e-06
 Reference value :  1.63304e-06
 Reference value :  1.63350e-06
 Reference value :  1.63396e-06
 Reference value :  1.63447e-06
 Reference value :  1.63492e-06
 Reference value :  1.63538e-06
 Reference value :  1.63588e-06
 Reference value :  1.63637e-06
 Reference value :  1.63683e-06
 Reference value :  1.63730e-06
 Reference value :  1.63776e-06
 Reference value :  1.63821e-06
 Reference value :  1.63866e-06
 Reference value :  1.63912e-06
 Reference value :  1.63968e-06
 Reference value :  1.64015e-06
 Reference value :  1.64059e-06
 Reference value :  1.64105e-06
 Reference value :  1.64150e-06
 Reference value :  1.64195e-06
 Reference value :  1.64242e-06
 Reference value :  1.64290e-06
 Reference value :  1.64336e-06
 Reference value :  1.64382e-06
 Reference value :  1.64431e-06
 Reference value :  1.64477e-06
 Reference value :  1.64527e-06
 Reference value :  1.64573e-06
 Reference value :  1.64618e-06
 Reference value :  1.64666e-06
 Reference value :  1.64713e-06
 Reference value :  1.64760e-06
 Reference value :  1.64808e-06
 Reference value :  1.64853e-06
 Reference value :  1.64901e-06
 Reference value :  1.64946e-06
 Reference value :  1.64993e-06
 Reference value :  1.65037e-06
 Reference value :  1.65083e-06
 Reference value :  1.65131e-06
 Reference value :  1.65176e-06
 Reference value :  1.65222e-06
 Reference value :  1.65269e-06
 Reference value :  1.65317e-06
 Reference value :  1.65365e-06
 Reference value :  1.65413e-06
 Reference value :  1.65458e-06
 Reference value :  1.65506e-06
 Reference value :  1.65551e-06
 Reference value :  1.65596e-06
 Reference value :  1.65642e-06
 Reference value :  1.65687e-06
 Reference value :  1.65733e-06
 Reference value :  1.65777e-06
 Reference value :  1.65823e-06
 Reference value :  1.65869e-06
 Reference value :  1.65916e-06
 Reference value :  1.65960e-06
 Reference value :  1.66007e-06
 Reference value :  1.66053e-06
 Reference value :  1.66101e-06
 Reference value :  1.66149e-06
 Reference value :  1.66194e-06
 Reference value :  1.66239e-06
 Reference value :  1.66288e-06
 Reference value :  1.66335e-06
 Reference value :  1.66384e-06
 Reference value :  1.66434e-06
 Reference value :  1.66479e-06
 Reference value :  1.66525e-06
 Reference value :  1.66570e-06
 Reference value :  1.66615e-06
 Reference value :  1.66661e-06
 Reference value :  1.66708e-06
 Reference value :  1.66755e-06
 Reference value :  1.66802e-06
 Reference value :  1.66848e-06
 Reference value :  1.66894e-06
 Reference value :  1.66938e-06
 Reference value :  1.66985e-06
 Reference value :  1.67030e-06
 Reference value :  1.67076e-06
 Reference value :  1.67123e-06
 Reference value :  1.67169e-06
 Reference value :  1.67217e-06
 Reference value :  1.67262e-06
 Reference value :  1.67310e-06
 Reference value :  1.67357e-06
 Reference value :  1.67403e-06
 Reference value :  1.67451e-06
 Reference value :  1.67499e-06
 Reference value :  1.67546e-06
 Reference value :  1.67593e-06
 Reference value :  1.67640e-06
 Reference value :  1.67685e-06
 Reference value :  1.67730e-06
 Reference value :  1.67777e-06
 Reference value :  1.67822e-06
 Reference value :  1.67867e-06
 Reference value :  1.67914e-06
 Reference value :  1.67960e-06
 Reference value :  1.68006e-06
 Reference value :  1.68053e-06
 Reference value :  1.68099e-06
 Reference value :  1.68147e-06
 Reference value :  1.68194e-06
 Reference value :  1.68239e-06
 Reference value :  1.68285e-06
 Reference value :  1.68331e-06
 Reference value :  1.68377e-06
 Reference value :  1.68423e-06
 Reference value :  1.68470e-06
 Reference value :  1.68518e-06
 Reference value :  1.68566e-06
 Reference value :  1.68612e-06
 Reference value :  1.68659e-06
 Reference value :  1.68708e-06
 Reference value :  1.68760e-06
 Reference value :  1.68806e-06
 Reference value :  1.68854e-06
 Reference value :  1.68900e-06
 Reference value :  1.68947e-06
 Reference value :  1.68992e-06
 Reference value :  1.69037e-06
 Reference value :  1.69082e-06
 Reference value :  1.69129e-06
 Reference value :  1.69176e-06
 Reference value :  1.69222e-06
 Reference value :  1.69268e-06
 Reference value :  1.69313e-06
 Reference value :  1.69359e-06
 Reference value :  1.69405e-06
 Reference value :  1.69452e-06
 Reference value :  1.69498e-06
 Reference value :  1.69546e-06
 Reference value :  1.69593e-06
 Reference value :  1.69640e-06
 Reference value :  1.69686e-06
 Reference value :  1.69731e-06
 Reference value :  1.69778e-06
 Reference value :  1.69824e-06
 Reference value :  1.69873e-06
 Reference value :  1.69920e-06
 Reference value :  1.69967e-06
 Reference value :  1.70014e-06
 Reference value :  1.70062e-06
 Reference value :  1.70110e-06
 Reference value :  1.70158e-06
 Reference value :  1.70203e-06
 Reference value :  1.70249e-06
 Reference value :  1.70296e-06
 Reference value :  1.70342e-06
 Reference value :  1.70388e-06
 Reference value :  1.70436e-06
 Reference value :  1.70483e-06
 Reference value :  1.70528e-06
 Reference value :  1.70573e-06
 Reference value :  1.70620e-06
 Reference value :  1.70665e-06
 Reference value :  1.70711e-06
 Reference value :  1.70758e-06
 Reference value :  1.70804e-06
 Reference value :  1.70849e-06
 Reference value :  1.70896e-06
 Reference value :  1.70941e-06
 Reference value :  1.70989e-06
 Reference value :  1.71037e-06
 Reference value :  1.71086e-06
 Reference value :  1.71132e-06
 Reference value :  1.71178e-06
 Reference value :  1.71227e-06
 Reference value :  1.71276e-06
 Reference value :  1.71323e-06
 Reference value :  1.71369e-06
 Reference value :  1.71416e-06
 Reference value :  1.71461e-06
 Reference value :  1.71507e-06
 Reference value :  1.71554e-06
 Reference value :  1.71600e-06
 Reference value :  1.71645e-06
 Reference value :  1.71690e-06
 Reference value :  1.71739e-06
 Reference value :  1.71785e-06
 Reference value :  1.71830e-06
 Reference value :  1.71879e-06
 Reference value :  1.71924e-06
 Reference value :  1.71972e-06
 Reference value :  1.72020e-06
 Reference value :  1.72065e-06
 Reference value :  1.72113e-06
 Reference value :  1.72162e-06
 Reference value :  1.72209e-06
 Reference value :  1.72254e-06
 Reference value :  1.72300e-06
 Reference value :  1.72348e-06
 Reference value :  1.72397e-06
 Reference value :  1.72443e-06
 Reference value :  1.72488e-06
 Reference value :  1.72534e-06
 Reference value :  1.72580e-06
 Reference value :  1.72625e-06
 Reference value :  1.72672e-06
 Reference value :  1.72721e-06
 Reference value :  1.72768e-06
 Reference value :  1.72814e-06
 Reference value :  1.72862e-06
 Reference value :  1.72908e-06
 Reference value :  1.72957e-06
 Reference value :  1.73004e-06
 Reference value :  1.73050e-06
 Reference value :  1.73100e-06
 Reference value :  1.73145e-06
 Reference value :  1.73194e-06
 Reference value :  1.73241e-06
 Reference value :  1.73286e-06
 Reference value :  1.73331e-06
 Reference value :  1.73376e-06
 Reference value :  1.73421e-06
 Reference value :  1.73467e-06
 Reference value :  1.73513e-06
 Reference value :  1.73558e-06
 Reference value :  1.73604e-06
 Reference value :  1.73650e-06
 Reference value :  1.73697e-06
 Reference value :  1.73742e-06
 Reference value :  1.73788e-06
 Reference value :  1.73834e-06
 Reference value :  1.73880e-06
 Reference value :  1.73926e-06
 Reference value :  1.73973e-06
 Reference value :  1.74019e-06
 Reference value :  1.74065e-06
 Reference value :  1.74114e-06
 Reference value :  1.74160e-06
 Reference value :  1.74205e-06
 Reference value :  1.74250e-06
 Reference value :  1.74296e-06
 Reference value :  1.74341e-06
 Reference value :  1.74388e-06
 Reference value :  1.74434e-06
 Reference value :  1.74481e-06
 Reference value :  1.74528e-06
 Reference value :  1.74573e-06
 Reference value :  1.74621e-06
 Reference value :  1.74667e-06
 Reference value :  1.74715e-06
 Reference value :  1.74760e-06
 Reference value :  1.74806e-06
 Reference value :  1.74856e-06
 Reference value :  1.74910e-06
 Reference value :  1.74961e-06
 Reference value :  1.75015e-06
 Reference value :  1.75068e-06
 Reference value :  1.75124e-06
 Reference value :  1.75175e-06
 Reference value :  1.75229e-06
 Reference value :  1.75277e-06
 Reference value :  1.75335e-06
 Reference value :  1.75393e-06
 Reference value :  1.75442e-06
 Reference value :  1.75491e-06
 Reference value :  1.75536e-06
 Reference value :  1.75582e-06
 Reference value :  1.75629e-06
 Reference value :  1.75675e-06
 Reference value :  1.75722e-06
 Reference value :  1.75771e-06
 Reference value :  1.75821e-06
 Reference value :  1.75870e-06
 Reference value :  1.75920e-06
 Reference value :  1.75978e-06
 Reference value :  1.76033e-06
 Reference value :  1.76087e-06
 Reference value :  1.76141e-06
 Reference value :  1.76194e-06
 Reference value :  1.76243e-06
 Reference value :  1.76296e-06
 Reference value :  1.76357e-06
 Reference value :  1.76410e-06
 Reference value :  1.76465e-06
 Reference value :  1.76511e-06
 Reference value :  1.76558e-06
 Reference value :  1.76605e-06
 Reference value :  1.76651e-06
 Reference value :  1.76700e-06
 Reference value :  1.76748e-06
 Reference value :  1.76793e-06
 Reference value :  1.76838e-06
 Reference value :  1.76888e-06
 Reference value :  1.76949e-06
 Reference value :  1.77002e-06
 Reference value :  1.77065e-06
 Reference value :  1.77124e-06
 Reference value :  1.77184e-06
 Reference value :  1.77250e-06
 Reference value :  1.77302e-06
 Reference value :  1.77350e-06
 Reference value :  1.77399e-06
 Reference value :  1.77446e-06
 Reference value :  1.77493e-06
 Reference value :  1.77542e-06
 Reference value :  1.77591e-06
 Reference value :  1.77639e-06
 Reference value :  1.77690e-06
 Reference value :  1.77741e-06
 Reference value :  1.77794e-06
 Reference value :  1.77851e-06
 Reference value :  1.77921e-06
 Reference value :  1.77968e-06
 Reference value :  1.78026e-06
 Reference value :  1.78074e-06
 Reference value :  1.78121e-06
 Reference value :  1.78171e-06
 Reference value :  1.78216e-06
 Reference value :  1.78263e-06
 Reference value :  1.78312e-06
 Reference value :  1.78358e-06
 Reference value :  1.78407e-06
 Reference value :  1.78454e-06
 Reference value :  1.78499e-06
 Reference value :  1.78545e-06
 Reference value :  1.78590e-06
 Reference value :  1.78635e-06
 Reference value :  1.78682e-06
 Reference value :  1.78730e-06
 Reference value :  1.78776e-06
 Reference value :  1.78821e-06
 Reference value :  1.78866e-06
 Reference value :  1.78913e-06
 Reference value :  1.78960e-06
 Reference value :  1.79004e-06
 Reference value :  1.79050e-06
 Reference value :  1.79095e-06
 Reference value :  1.79140e-06
 Reference value :  1.79186e-06
 Reference value :  1.79232e-06
 Reference value :  1.79280e-06
 Reference value :  1.79326e-06
 Reference value :  1.79374e-06
 Reference value :  1.79420e-06
 Reference value :  1.79468e-06
 Reference value :  1.79517e-06
 Reference value :  1.79563e-06
 Reference value :  1.79609e-06
 Reference value :  1.79656e-06
 Reference value :  1.79703e-06
 Reference value :  1.79748e-06
 Reference value :  1.79796e-06
 Reference value :  1.79842e-06
 Reference value :  1.79887e-06
 Reference value :  1.79933e-06
 Reference value :  1.79979e-06
 Reference value :  1.80025e-06
 Reference value :  1.80073e-06
 Reference value :  1.80118e-06
 Reference value :  1.80163e-06
 Reference value :  1.80212e-06
 Reference value :  1.80258e-06
 Reference value :  1.80303e-06
 Reference value :  1.80353e-06
 Reference value :  1.80400e-06
 Reference value :  1.80445e-06
 Reference value :  1.80490e-06
 Reference value :  1.80537e-06
 Reference value :  1.80587e-06
 Reference value :  1.80632e-06
 Reference value :  1.80677e-06
 Reference value :  1.80724e-06
 Reference value :  1.80771e-06
 Reference value :  1.80816e-06
 Reference value :  1.80862e-06
 Reference value :  1.80908e-06
 Reference value :  1.80958e-06
 Reference value :  1.81004e-06
 Reference value :  1.81051e-06
 Reference value :  1.81097e-06
 Reference value :  1.81144e-06
 Reference value :  1.81190e-06
 Reference value :  1.81235e-06
 Reference value :  1.81282e-06
 Reference value :  1.81326e-06
 Reference value :  1.81374e-06
 Reference value :  1.81421e-06
 Reference value :  1.81465e-06
 Reference value :  1.81515e-06
 Reference value :  1.81561e-06
 Reference value :  1.81606e-06
 Reference value :  1.81653e-06
 Reference value :  1.81699e-06
 Reference value :  1.81745e-06
 Reference value :  1.81792e-06
 Reference value :  1.81838e-06
 Reference value :  1.81885e-06
 Reference value :  1.81932e-06
 Reference value :  1.81978e-06
 Reference value :  1.82022e-06
 Reference value :  1.82071e-06
 Reference value :  1.82116e-06
 Reference value :  1.82161e-06
 Reference value :  1.82207e-06
 Reference value :  1.82253e-06
 Reference value :  1.82297e-06
 Reference value :  1.82344e-06
 Reference value :  1.82389e-06
 Reference value :  1.82443e-06
 Reference value :  1.82491e-06
 Reference value :  1.82536e-06
 Reference value :  1.82583e-06
 Reference value :  1.82628e-06
 Reference value :  1.82673e-06
 Reference value :  1.82721e-06
 Reference value :  1.82767e-06
 Reference value :  1.82812e-06
 Reference value :  1.82860e-06
 Reference value :  1.82904e-06
 Reference value :  1.82950e-06
 Reference value :  1.82996e-06
 Reference value :  1.83042e-06
 Reference value :  1.83086e-06
 Reference value :  1.83135e-06
 Reference value :  1.83179e-06
 Reference value :  1.83225e-06
 Reference value :  1.83272e-06
 Reference value :  1.83318e-06
 Reference value :  1.83365e-06
 Reference value :  1.83411e-06
 Reference value :  1.83457e-06
 Reference value :  1.83503e-06
 Reference value :  1.83549e-06
 Reference value :  1.83593e-06
 Reference value :  1.83638e-06
 Reference value :  1.83683e-06
 Reference value :  1.83731e-06
 Reference value :  1.83778e-06
 Reference value :  1.83822e-06
 Reference value :  1.83868e-06
 Reference value :  1.83915e-06
 Reference value :  1.83960e-06
 Reference value :  1.84008e-06
 Reference value :  1.84055e-06
 Reference value :  1.84101e-06
 Reference value :  1.84149e-06
 Reference value :  1.84196e-06
 Reference value :  1.84243e-06
 Reference value :  1.84294e-06
 Reference value :  1.84341e-06
 Reference value :  1.84388e-06
 Reference value :  1.84434e-06
 Reference value :  1.84479e-06
 Reference value :  1.84525e-06
 Reference value :  1.84572e-06
 Reference value :  1.84617e-06
 Reference value :  1.84667e-06
 Reference value :  1.84712e-06
 Reference value :  1.84757e-06
 Reference value :  1.84806e-06
 Reference value :  1.84852e-06
 Reference value :  1.84897e-06
 Reference value :  1.84943e-06
 Reference value :  1.84990e-06
 Reference value :  1.85035e-06
 Reference value :  1.85082e-06
 Reference value :  1.85128e-06
 Reference value :  1.85174e-06
 Reference value :  1.85221e-06
 Reference value :  1.85268e-06
 Reference value :  1.85313e-06
 Reference value :  1.85362e-06
 Reference value :  1.85407e-06
 Reference value :  1.85455e-06
 Reference value :  1.85503e-06
 Reference value :  1.85550e-06
 Reference value :  1.85595e-06
 Reference value :  1.85641e-06
 Reference value :  1.85688e-06
 Reference value :  1.85733e-06
 Reference value :  1.85779e-06
 Reference value :  1.85826e-06
 Reference value :  1.85871e-06
 Reference value :  1.85916e-06
 Reference value :  1.85962e-06
 Reference value :  1.86006e-06
 Reference value :  1.86054e-06
 Reference value :  1.86099e-06
 Reference value :  1.86144e-06
 Reference value :  1.86190e-06
 Reference value :  1.86235e-06
 Reference value :  1.86281e-06
 Reference value :  1.86330e-06
 Reference value :  1.86378e-06
 Reference value :  1.86426e-06
 Reference value :  1.86475e-06
 Reference value :  1.86520e-06
 Reference value :  1.86566e-06
 Reference value :  1.86624e-06
 Reference value :  1.86680e-06
 Reference value :  1.86728e-06
 Reference value :  1.86775e-06
 Reference value :  1.86824e-06
 Reference value :  1.86868e-06
 Reference value :  1.86915e-06
 Reference value :  1.86963e-06
 Reference value :  1.87011e-06
 Reference value :  1.87058e-06
 Reference value :  1.87105e-06
 Reference value :  1.87150e-06
 Reference value :  1.87196e-06
 Reference value :  1.87243e-06
 Reference value :  1.87289e-06
 Reference value :  1.87334e-06
 Reference value :  1.87381e-06
 Reference value :  1.87428e-06
 Reference value :  1.87474e-06
 Reference value :  1.87520e-06
 Reference value :  1.87566e-06
 Reference value :  1.87612e-06
 Reference value :  1.87659e-06
 Reference value :  1.87706e-06
 Reference value :  1.87752e-06
 Reference value :  1.87798e-06
 Reference value :  1.87848e-06
 Reference value :  1.87893e-06
 Reference value :  1.87940e-06
 Reference value :  1.87988e-06
 Reference value :  1.88033e-06
 Reference value :  1.88080e-06
 Reference value :  1.88124e-06
 Reference value :  1.88170e-06
 Reference value :  1.88217e-06
 Reference value :  1.88265e-06
 Reference value :  1.88310e-06
 Reference value :  1.88355e-06
 Reference value :  1.88402e-06
 Reference value :  1.88447e-06
 Reference value :  1.88493e-06
 Reference value :  1.88539e-06
 Reference value :  1.88586e-06
 Reference value :  1.88630e-06
 Reference value :  1.88677e-06
 Reference value :  1.88723e-06
 Reference value :  1.88768e-06
 Reference value :  1.88814e-06
 Reference value :  1.88862e-06
 Reference value :  1.88908e-06
 Reference value :  1.88958e-06
 Reference value :  1.89006e-06
 Reference value :  1.89053e-06
 Reference value :  1.89104e-06
 Reference value :  1.89152e-06
 Reference value :  1.89198e-06
 Reference value :  1.89245e-06
 Reference value :  1.89293e-06
 Reference value :  1.89339e-06
 Reference value :  1.89385e-06
 Reference value :  1.89431e-06
 Reference value :  1.89478e-06
 Reference value :  1.89525e-06
 Reference value :  1.89570e-06
 Reference value :  1.89620e-06
 Reference value :  1.89666e-06
 Reference value :  1.89712e-06
 Reference value :  1.89762e-06
 Reference value :  1.89809e-06
 Reference value :  1.89859e-06
 Reference value :  1.89905e-06
 Reference value :  1.89950e-06
 Reference value :  1.90001e-06
 Reference value :  1.90050e-06
 Reference value :  1.90095e-06
 Reference value :  1.90141e-06
 Reference value :  1.90189e-06
 Reference value :  1.90235e-06
 Reference value :  1.90284e-06
 Reference value :  1.90331e-06
 Reference value :  1.90378e-06
 Reference value :  1.90426e-06
 Reference value :  1.90471e-06
 Reference value :  1.90518e-06
 Reference value :  1.90563e-06
 Reference value :  1.90610e-06
 Reference value :  1.90657e-06
 Reference value :  1.90705e-06
 Reference value :  1.90751e-06
 Reference value :  1.90797e-06
 Reference value :  1.90845e-06
 Reference value :  1.90892e-06
 Reference value :  1.90941e-06
 Reference value :  1.90986e-06
 Reference value :  1.91032e-06
 Reference value :  1.91077e-06
 Reference value :  1.91124e-06
 Reference value :  1.91171e-06
 Reference value :  1.91218e-06
 Reference value :  1.91264e-06
 Reference value :  1.91311e-06
 Reference value :  1.91357e-06
 Reference value :  1.91403e-06
 Reference value :  1.91454e-06
 Reference value :  1.91501e-06
 Reference value :  1.91546e-06
 Reference value :  1.91593e-06
 Reference value :  1.91639e-06
 Reference value :  1.91686e-06
 Reference value :  1.91734e-06
 Reference value :  1.91781e-06
 Reference value :  1.91828e-06
 Reference value :  1.91875e-06
 Reference value :  1.91921e-06
 Reference value :  1.91966e-06
 Reference value :  1.92013e-06
 Reference value :  1.92061e-06
 Reference value :  1.92105e-06
 Reference value :  1.92152e-06
 Reference value :  1.92200e-06
 Reference value :  1.92248e-06
 Reference value :  1.92294e-06
 Reference value :  1.92342e-06
 Reference value :  1.92388e-06
 Reference value :  1.92437e-06
 Reference value :  1.92487e-06
 Reference value :  1.92536e-06
 Reference value :  1.92584e-06
 Reference value :  1.92630e-06
 Reference value :  1.92676e-06
 Reference value :  1.92724e-06
 Reference value :  1.92770e-06
 Reference value :  1.92816e-06
 Reference value :  1.92863e-06
 Reference value :  1.92909e-06
 Reference value :  1.92954e-06
 Reference value :  1.93001e-06
 Reference value :  1.93047e-06
 Reference value :  1.93096e-06
 Reference value :  1.93143e-06
 Reference value :  1.93191e-06
 Reference value :  1.93238e-06
 Reference value :  1.93285e-06
 Reference value :  1.93331e-06
 Reference value :  1.93380e-06
 Reference value :  1.93425e-06
 Reference value :  1.93471e-06
 Reference value :  1.93518e-06
 Reference value :  1.93565e-06
 Reference value :  1.93611e-06
 Reference value :  1.93657e-06
 Reference value :  1.93704e-06
 Reference value :  1.93752e-06
 Reference value :  1.93801e-06
 Reference value :  1.93849e-06
 Reference value :  1.93896e-06
 Reference value :  1.93945e-06
 Reference value :  1.93990e-06
 Reference value :  1.94036e-06
 Reference value :  1.94082e-06
 Reference value :  1.94127e-06
 Reference value :  1.94173e-06
 Reference value :  1.94219e-06
 Reference value :  1.94265e-06
 Reference value :  1.94311e-06
 Reference value :  1.94357e-06
 Reference value :  1.94403e-06
 Reference value :  1.94450e-06
 Reference value :  1.94499e-06
 Reference value :  1.94545e-06
 Reference value :  1.94590e-06
 Reference value :  1.94637e-06
 Reference value :  1.94684e-06
 Reference value :  1.94729e-06
 Reference value :  1.94775e-06
 Reference value :  1.94824e-06
 Reference value :  1.94871e-06
 Reference value :  1.94919e-06
 Reference value :  1.94965e-06
 Reference value :  1.95010e-06
 Reference value :  1.95057e-06
 Reference value :  1.95104e-06
 Reference value :  1.95150e-06
 Reference value :  1.95197e-06
 Reference value :  1.95247e-06
 Reference value :  1.95294e-06
 Reference value :  1.95340e-06
 Reference value :  1.95386e-06
 Reference value :  1.95433e-06
 Reference value :  1.95479e-06
 Reference value :  1.95524e-06
 Reference value :  1.95570e-06
 Reference value :  1.95615e-06
 Reference value :  1.95661e-06
 Reference value :  1.95709e-06
 Reference value :  1.95755e-06
 Reference value :  1.95801e-06
 Reference value :  1.95847e-06
 Reference value :  1.95892e-06
 Reference value :  1.95939e-06
 Reference value :  1.95987e-06
 Reference value :  1.96032e-06
 Reference value :  1.96078e-06
 Reference value :  1.96125e-06
 Reference value :  1.96171e-06
 Reference value :  1.96218e-06
 Reference value :  1.96268e-06
 Reference value :  1.96313e-06
 Reference value :  1.96359e-06
 Reference value :  1.96405e-06
 Reference value :  1.96450e-06
 Reference value :  1.96498e-06
 Reference value :  1.96544e-06
 Reference value :  1.96591e-06
 Reference value :  1.96638e-06
 Reference value :  1.96686e-06
 Reference value :  1.96732e-06
 Reference value :  1.96780e-06
 Reference value :  1.96825e-06
 Reference value :  1.96875e-06
 Reference value :  1.96921e-06
 Reference value :  1.96968e-06
 Reference value :  1.97014e-06
 Reference value :  1.97059e-06
 Reference value :  1.97106e-06
 Reference value :  1.97152e-06
 Reference value :  1.97200e-06
 Reference value :  1.97247e-06
 Reference value :  1.97292e-06
 Reference value :  1.97339e-06
 Reference value :  1.97385e-06
 Reference value :  1.97435e-06
 Reference value :  1.97479e-06
 Reference value :  1.97527e-06
 Reference value :  1.97571e-06
 Reference value :  1.97615e-06
 Reference value :  1.97662e-06
 Reference value :  1.97708e-06
 Reference value :  1.97754e-06
 Reference value :  1.97800e-06
 Reference value :  1.97846e-06
 Reference value :  1.97893e-06
 Reference value :  1.97937e-06
 Reference value :  1.97985e-06
 Reference value :  1.98032e-06
 Reference value :  1.98081e-06
 Reference value :  1.98128e-06
 Reference value :  1.98175e-06
 Reference value :  1.98220e-06
 Reference value :  1.98264e-06
 Reference value :  1.98310e-06
 Reference value :  1.98357e-06
 Reference value :  1.98403e-06
 Reference value :  1.98449e-06
 Reference value :  1.98496e-06
 Reference value :  1.98543e-06
 Reference value :  1.98588e-06
 Reference value :  1.98634e-06
 Reference value :  1.98680e-06
 Reference value :  1.98725e-06
 Reference value :  1.98771e-06
 Reference value :  1.98817e-06
 Reference value :  1.98863e-06
 Reference value :  1.98910e-06
 Reference value :  1.98955e-06
 Reference value :  1.99000e-06
 Reference value :  1.99045e-06
 Reference value :  1.99091e-06
 Reference value :  1.99138e-06
 Reference value :  1.99183e-06
 Reference value :  1.99229e-06
 Reference value :  1.99276e-06
 Reference value :  1.99321e-06
 Reference value :  1.99366e-06
 Reference value :  1.99415e-06
 Reference value :  1.99460e-06
 Reference value :  1.99506e-06
 Reference value :  1.99551e-06
 Reference value :  1.99599e-06
 Reference value :  1.99650e-06
 Reference value :  1.99695e-06
 Reference value :  1.99742e-06
 Reference value :  1.99789e-06
 Reference value :  1.99835e-06
 Reference value :  1.99882e-06
 Reference value :  1.99929e-06
 Reference value :  1.99977e-06
 Reference value :  2.00024e-06
 Reference value :  2.00070e-06
 Reference value :  2.00115e-06
 Reference value :  2.00164e-06
 Reference value :  2.00212e-06
 Reference value :  2.00259e-06
 Reference value :  2.00308e-06
 Reference value :  2.00357e-06
 Reference value :  2.00406e-06
 Reference value :  2.00452e-06
 Reference value :  2.00496e-06
 Reference value :  2.00544e-06
 Reference value :  2.00590e-06
 Reference value :  2.00641e-06
 Reference value :  2.00690e-06
 Reference value :  2.00738e-06
 Reference value :  2.00783e-06
 Reference value :  2.00831e-06
 Reference value :  2.00877e-06
 Reference value :  2.00922e-06
 Reference value :  2.00967e-06
 Reference value :  2.01013e-06
 Reference value :  2.01061e-06
 Reference value :  2.01108e-06
 Reference value :  2.01156e-06
 Reference value :  2.01202e-06
 Reference value :  2.01247e-06
 Reference value :  2.01294e-06
 Reference value :  2.01340e-06
 Reference value :  2.01388e-06
 Reference value :  2.01436e-06
 Reference value :  2.01481e-06
 Reference value :  2.01527e-06
 Reference value :  2.01574e-06
 Reference value :  2.01619e-06
 Reference value :  2.01664e-06
 Reference value :  2.01711e-06
 Reference value :  2.01756e-06
 Reference value :  2.01805e-06
 Reference value :  2.01851e-06
 Reference value :  2.01896e-06
 Reference value :  2.01943e-06
 Reference value :  2.01989e-06
 Reference value :  2.02036e-06
 Reference value :  2.02084e-06
 Reference value :  2.02129e-06
 Reference value :  2.02175e-06
 Reference value :  2.02223e-06
 Reference value :  2.02267e-06
 Reference value :  2.02313e-06
 Reference value :  2.02359e-06
 Reference value :  2.02406e-06
 Reference value :  2.02456e-06
 Reference value :  2.02502e-06
 Reference value :  2.02547e-06
 Reference value :  2.02594e-06
 Reference value :  2.02640e-06
 Reference value :  2.02685e-06
 Reference value :  2.02733e-06
 Reference value :  2.02779e-06
 Reference value :  2.02825e-06
 Reference value :  2.02872e-06
 Reference value :  2.02918e-06
 Reference value :  2.02963e-06
 Reference value :  2.03013e-06
 Reference value :  2.03061e-06
 Reference value :  2.03108e-06
 Reference value :  2.03157e-06
 Reference value :  2.03203e-06
 Reference value :  2.03250e-06
 Reference value :  2.03296e-06
 Reference value :  2.03342e-06
 Reference value :  2.03390e-06
 Reference value :  2.03435e-06
 Reference value :  2.03482e-06
 Reference value :  2.03532e-06
 Reference value :  2.03579e-06
 Reference value :  2.03624e-06
 Reference value :  2.03675e-06
 Reference value :  2.03720e-06
 Reference value :  2.03772e-06
 Reference value :  2.03819e-06
 Reference value :  2.03871e-06
 Reference value :  2.03920e-06
 Reference value :  2.03971e-06
 Reference value :  2.04019e-06
 Reference value :  2.04065e-06
 Reference value :  2.04119e-06
 Reference value :  2.04170e-06
 Reference value :  2.04215e-06
 Reference value :  2.04262e-06
 Reference value :  2.04308e-06
 Reference value :  2.04357e-06
 Reference value :  2.04412e-06
 Reference value :  2.04456e-06
 Reference value :  2.04505e-06
 Reference value :  2.04559e-06
 Reference value :  2.04609e-06
 Reference value :  2.04660e-06
 Reference value :  2.04713e-06
 Reference value :  2.04761e-06
 Reference value :  2.04810e-06
 Reference value :  2.04864e-06
 Reference value :  2.04910e-06
 Reference value :  2.04955e-06
 Reference value :  2.05010e-06
 Reference value :  2.05061e-06
 Reference value :  2.05114e-06
 Reference value :  2.05165e-06
 Reference value :  2.05218e-06
 Reference value :  2.05266e-06
 Reference value :  2.05315e-06
 Reference value :  2.05363e-06
 Reference value :  2.05415e-06
 Reference value :  2.05465e-06
 Reference value :  2.05515e-06
 Reference value :  2.05565e-06
 Reference value :  2.05616e-06
 Reference value :  2.05668e-06
 Reference value :  2.05716e-06
 Reference value :  2.05764e-06
 Reference value :  2.05809e-06
 Reference value :  2.05855e-06
 Reference value :  2.05901e-06
 Reference value :  2.05946e-06
 Reference value :  2.05993e-06
 Reference value :  2.06038e-06
 Reference value :  2.06083e-06
 Reference value :  2.06131e-06
 Reference value :  2.06177e-06
 Reference value :  2.06223e-06
 Reference value :  2.06270e-06
 Reference value :  2.06318e-06
 Reference value :  2.06362e-06
 Reference value :  2.06407e-06
 Reference value :  2.06454e-06
 Reference value :  2.06499e-06
 Reference value :  2.06546e-06
 Reference value :  2.06593e-06
 Reference value :  2.06638e-06
 Reference value :  2.06682e-06
 Reference value :  2.06730e-06
 Reference value :  2.06776e-06
 Reference value :  2.06823e-06
 Reference value :  2.06869e-06
 Reference value :  2.06919e-06
 Reference value :  2.06966e-06
 Reference value :  2.07010e-06
 Reference value :  2.07059e-06
 Reference value :  2.07106e-06
 Reference value :  2.07153e-06
 Reference value :  2.07199e-06
 Reference value :  2.07246e-06
 Reference value :  2.07290e-06
 Reference value :  2.07336e-06
 Reference value :  2.07381e-06
 Reference value :  2.07426e-06
 Reference value :  2.07473e-06
 Reference value :  2.07520e-06
 Reference value :  2.07566e-06
 Reference value :  2.07614e-06
 Reference value :  2.07660e-06
 Reference value :  2.07706e-06
 Reference value :  2.07755e-06
 Reference value :  2.07804e-06
 Reference value :  2.07850e-06
 Reference value :  2.07895e-06
 Reference value :  2.07945e-06
 Reference value :  2.07993e-06
 Reference value :  2.08042e-06
 Reference value :  2.08091e-06
 Reference value :  2.08140e-06
 Reference value :  2.08186e-06
 Reference value :  2.08234e-06
 Reference value :  2.08281e-06
 Reference value :  2.08327e-06
 Reference value :  2.08373e-06
 Reference value :  2.08419e-06
 Reference value :  2.08466e-06
 Reference value :  2.08514e-06
 Reference value :  2.08560e-06
 Reference value :  2.08605e-06
 Reference value :  2.08651e-06
 Reference value :  2.08701e-06
 Reference value :  2.08751e-06
 Reference value :  2.08798e-06
 Reference value :  2.08846e-06
 Reference value :  2.08895e-06
 Reference value :  2.08943e-06
 Reference value :  2.08989e-06
 Reference value :  2.09034e-06
 Reference value :  2.09079e-06
 Reference value :  2.09127e-06
 Reference value :  2.09173e-06
 Reference value :  2.09219e-06
 Reference value :  2.09265e-06
 Reference value :  2.09312e-06
 Reference value :  2.09358e-06
 Reference value :  2.09404e-06
 Reference value :  2.09454e-06
 Reference value :  2.09502e-06
 Reference value :  2.09551e-06
 Reference value :  2.09600e-06
 Reference value :  2.09650e-06
 Reference value :  2.09697e-06
 Reference value :  2.09751e-06
 Reference value :  2.09797e-06
 Reference value :  2.09847e-06
 Reference value :  2.09900e-06
 Reference value :  2.09951e-06
 Reference value :  2.10001e-06
 Reference value :  2.10059e-06
 Reference value :  2.10114e-06
 Reference value :  2.10163e-06
 Reference value :  2.10212e-06
 Reference value :  2.10260e-06
 Reference value :  2.10308e-06
 Reference value :  2.10362e-06
 Reference value :  2.10417e-06
 Reference value :  2.10468e-06
 Reference value :  2.10523e-06
 Reference value :  2.10575e-06
 Reference value :  2.10621e-06
 Reference value :  2.10670e-06
 Reference value :  2.10729e-06
 Reference value :  2.10781e-06
 Reference value :  2.10837e-06
 Reference value :  2.10890e-06
 Reference value :  2.10942e-06
 Reference value :  2.10997e-06
 Reference value :  2.11044e-06
 Reference value :  2.11095e-06
 Reference value :  2.11148e-06
 Reference value :  2.11195e-06
 Reference value :  2.11249e-06
 Reference value :  2.11300e-06
 Reference value :  2.11346e-06
 Reference value :  2.11394e-06
 Reference value :  2.11440e-06
 Reference value :  2.11487e-06
 Reference value :  2.11539e-06
 Reference value :  2.11585e-06
 Reference value :  2.11630e-06
 Reference value :  2.11682e-06
 Reference value :  2.11732e-06
 Reference value :  2.11786e-06
 Reference value :  2.11840e-06
 Reference value :  2.11895e-06
 Reference value :  2.11950e-06
 Reference value :  2.11998e-06
 Reference value :  2.12043e-06
 Reference value :  2.12089e-06
 Reference value :  2.12136e-06
 Reference value :  2.12184e-06
 Reference value :  2.12231e-06
 Reference value :  2.12279e-06
 Reference value :  2.12337e-06
 Reference value :  2.12398e-06
 Reference value :  2.12444e-06
 Reference value :  2.12497e-06
 Reference value :  2.12545e-06
 Reference value :  2.12591e-06
 Reference value :  2.12639e-06
 Reference value :  2.12688e-06
 Reference value :  2.12734e-06
 Reference value :  2.12781e-06
 Reference value :  2.12826e-06
 Reference value :  2.12877e-06
 Reference value :  2.12922e-06
 Reference value :  2.12969e-06
 Reference value :  2.13016e-06
 Reference value :  2.13063e-06
 Reference value :  2.13110e-06
 Reference value :  2.13160e-06
 Reference value :  2.13207e-06
 Reference value :  2.13252e-06
 Reference value :  2.13299e-06
 Reference value :  2.13347e-06
 Reference value :  2.13392e-06
 Reference value :  2.13437e-06
 Reference value :  2.13483e-06
 Reference value :  2.13529e-06
 Reference value :  2.13574e-06
 Reference value :  2.13620e-06
 Reference value :  2.13667e-06
 Reference value :  2.13714e-06
 Reference value :  2.13761e-06
 Reference value :  2.13807e-06
 Reference value :  2.13852e-06
 Reference value :  2.13901e-06
 Reference value :  2.13948e-06
 Reference value :  2.13994e-06
 Reference value :  2.14040e-06
 Reference value :  2.14086e-06
 Reference value :  2.14132e-06
 Reference value :  2.14180e-06
 Reference value :  2.14225e-06
 Reference value :  2.14272e-06
 Reference value :  2.14317e-06
 Reference value :  2.14363e-06
 Reference value :  2.14408e-06
 Reference value :  2.14454e-06
 Reference value :  2.14500e-06
 Reference value :  2.14546e-06
 Reference value :  2.14592e-06
 Reference value :  2.14639e-06
 Reference value :  2.14684e-06
 Reference value :  2.14733e-06
 Reference value :  2.14780e-06
 Reference value :  2.14826e-06
 Reference value :  2.14872e-06
 Reference value :  2.14918e-06
 Reference value :  2.14967e-06
 Reference value :  2.15013e-06
 Reference value :  2.15060e-06
 Reference value :  2.15107e-06
 Reference value :  2.15153e-06
 Reference value :  2.15200e-06
 Reference value :  2.15246e-06
 Reference value :  2.15292e-06
 Reference value :  2.15338e-06
 Reference value :  2.15384e-06
 Reference value :  2.15430e-06
 Reference value :  2.15475e-06
 Reference value :  2.15522e-06
 Reference value :  2.15569e-06
 Reference value :  2.15615e-06
 Reference value :  2.15661e-06
 Reference value :  2.15706e-06
 Reference value :  2.15750e-06
 Reference value :  2.15799e-06
 Reference value :  2.15844e-06
 Reference value :  2.15889e-06
 Reference value :  2.15934e-06
 Reference value :  2.15980e-06
 Reference value :  2.16027e-06
 Reference value :  2.16075e-06
 Reference value :  2.16123e-06
 Reference value :  2.16168e-06
 Reference value :  2.16214e-06
 Reference value :  2.16262e-06
 Reference value :  2.16309e-06
 Reference value :  2.16355e-06
 Reference value :  2.16401e-06
 Reference value :  2.16450e-06
 Reference value :  2.16495e-06
 Reference value :  2.16540e-06
 Reference value :  2.16590e-06
 Reference value :  2.16637e-06
 Reference value :  2.16683e-06
 Reference value :  2.16729e-06
 Reference value :  2.16776e-06
 Reference value :  2.16822e-06
 Reference value :  2.16867e-06
 Reference value :  2.16913e-06
 Reference value :  2.16961e-06
 Reference value :  2.17008e-06
 Reference value :  2.17052e-06
 Reference value :  2.17099e-06
 Reference value :  2.17146e-06
 Reference value :  2.17194e-06
 Reference value :  2.17243e-06
 Reference value :  2.17291e-06
 Reference value :  2.17340e-06
 Reference value :  2.17390e-06
 Reference value :  2.17438e-06
 Reference value :  2.17487e-06
 Reference value :  2.17533e-06
 Reference value :  2.17579e-06
 Reference value :  2.17624e-06
 Reference value :  2.17671e-06
 Reference value :  2.17717e-06
 Reference value :  2.17764e-06
 Reference value :  2.17811e-06
 Reference value :  2.17857e-06
 Reference value :  2.17903e-06
 Reference value :  2.17955e-06
 Reference value :  2.18001e-06
 Reference value :  2.18047e-06
 Reference value :  2.18092e-06
 Reference value :  2.18137e-06
 Reference value :  2.18183e-06
 Reference value :  2.18228e-06
 Reference value :  2.18276e-06
 Reference value :  2.18324e-06
 Reference value :  2.18372e-06
 Reference value :  2.18421e-06
 Reference value :  2.18467e-06
 Reference value :  2.18516e-06
 Reference value :  2.18563e-06
 Reference value :  2.18610e-06
 Reference value :  2.18656e-06
 Reference value :  2.18705e-06
 Reference value :  2.18752e-06
 Reference value :  2.18798e-06
 Reference value :  2.18843e-06
 Reference value :  2.18892e-06
 Reference value :  2.18937e-06
 Reference value :  2.18983e-06
 Reference value :  2.19028e-06
 Reference value :  2.19073e-06
 Reference value :  2.19121e-06
 Reference value :  2.19167e-06
 Reference value :  2.19215e-06
 Reference value :  2.19264e-06
 Reference value :  2.19311e-06
 Reference value :  2.19358e-06
 Reference value :  2.19404e-06
 Reference value :  2.19449e-06
 Reference value :  2.19495e-06
 Reference value :  2.19540e-06
 Reference value :  2.19586e-06
 Reference value :  2.19633e-06
 Reference value :  2.19679e-06
 Reference value :  2.19724e-06
 Reference value :  2.19770e-06
 Reference value :  2.19818e-06
 Reference value :  2.19864e-06
 Reference value :  2.19910e-06
 Reference value :  2.19959e-06
 Reference value :  2.20007e-06
 Reference value :  2.20053e-06
 Reference value :  2.20103e-06
 Reference value :  2.20149e-06
 Reference value :  2.20193e-06
 Reference value :  2.20241e-06
 Reference value :  2.20288e-06
 Reference value :  2.20332e-06
 Reference value :  2.20380e-06
 Reference value :  2.20428e-06
 Reference value :  2.20472e-06
 Reference value :  2.20522e-06
 Reference value :  2.20568e-06
 Reference value :  2.20614e-06
 Reference value :  2.20664e-06
 Reference value :  2.20712e-06
 Reference value :  2.20757e-06
 Reference value :  2.20804e-06
 Reference value :  2.20849e-06
 Reference value :  2.20894e-06
 Reference value :  2.20942e-06
 Reference value :  2.20987e-06
 Reference value :  2.21032e-06
 Reference value :  2.21079e-06
 Reference value :  2.21125e-06
 Reference value :  2.21170e-06
 Reference value :  2.21220e-06
 Reference value :  2.21268e-06
 Reference value :  2.21313e-06
 Reference value :  2.21362e-06
 Reference value :  2.21407e-06
 Reference value :  2.21453e-06
 Reference value :  2.21502e-06
 Reference value :  2.21547e-06
 Reference value :  2.21593e-06
 Reference value :  2.21641e-06
 Reference value :  2.21686e-06
 Reference value :  2.21734e-06
 Reference value :  2.21784e-06
 Reference value :  2.21833e-06
 Reference value :  2.21878e-06
 Reference value :  2.21923e-06
 Reference value :  2.21974e-06
 Reference value :  2.22022e-06
 Reference value :  2.22068e-06
 Reference value :  2.22115e-06
 Reference value :  2.22160e-06
 Reference value :  2.22206e-06
 Reference value :  2.22254e-06
 Reference value :  2.22302e-06
 Reference value :  2.22347e-06
 Reference value :  2.22394e-06
 Reference value :  2.22439e-06
 Reference value :  2.22483e-06
 Reference value :  2.22530e-06
 Reference value :  2.22581e-06
 Reference value :  2.22640e-06
 Reference value :  2.22688e-06
 Reference value :  2.22734e-06
 Reference value :  2.22781e-06
 Reference value :  2.22833e-06
 Reference value :  2.22879e-06
 Reference value :  2.22924e-06
 Reference value :  2.22974e-06
 Reference value :  2.23021e-06
 Reference value :  2.23067e-06
 Reference value :  2.23114e-06
 Reference value :  2.23160e-06
 Reference value :  2.23208e-06
 Reference value :  2.23252e-06
 Reference value :  2.23298e-06
 Reference value :  2.23344e-06
 Reference value :  2.23392e-06
 Reference value :  2.23439e-06
 Reference value :  2.23487e-06
 Reference value :  2.23532e-06
 Reference value :  2.23579e-06
 Reference value :  2.23624e-06
 Reference value :  2.23669e-06
 Reference value :  2.23719e-06
 Reference value :  2.23766e-06
 Reference value :  2.23813e-06
 Reference value :  2.23859e-06
 Reference value :  2.23904e-06
 Reference value :  2.23953e-06
 Reference value :  2.23997e-06
 Reference value :  2.24045e-06
 Reference value :  2.24093e-06
 Reference value :  2.24140e-06
 Reference value :  2.24187e-06
 Reference value :  2.24233e-06
 Reference value :  2.24279e-06
 Reference value :  2.24325e-06
 Reference value :  2.24372e-06
 Reference value :  2.24417e-06
 Reference value :  2.24463e-06
 Reference value :  2.24510e-06
 Reference value :  2.24555e-06
 Reference value :  2.24600e-06
 Reference value :  2.24646e-06
 Reference value :  2.24692e-06
 Reference value :  2.24739e-06
 Reference value :  2.24789e-06
 Reference value :  2.24835e-06
 Reference value :  2.24881e-06
 Reference value :  2.24931e-06
 Reference value :  2.24979e-06
 Reference value :  2.25025e-06
 Reference value :  2.25072e-06
 Reference value :  2.25117e-06
 Reference value :  2.25164e-06
 Reference value :  2.25210e-06
 Reference value :  2.25255e-06
 Reference value :  2.25301e-06
 Reference value :  2.25349e-06
 Reference value :  2.25393e-06
 Reference value :  2.25440e-06
 Reference value :  2.25485e-06
 Reference value :  2.25533e-06
 Reference value :  2.25579e-06
 Reference value :  2.25625e-06
 Reference value :  2.25671e-06
 Reference value :  2.25718e-06
 Reference value :  2.25765e-06
 Reference value :  2.25810e-06
 Reference value :  2.25857e-06
 Reference value :  2.25902e-06
 Reference value :  2.25948e-06
 Reference value :  2.25995e-06
 Reference value :  2.26041e-06
 Reference value :  2.26090e-06
 Reference value :  2.26137e-06
 Reference value :  2.26183e-06
 Reference value :  2.26230e-06
 Reference value :  2.26278e-06
 Reference value :  2.26326e-06
 Reference value :  2.26370e-06
 Reference value :  2.26419e-06
 Reference value :  2.26464e-06
 Reference value :  2.26510e-06
 Reference value :  2.26557e-06
 Reference value :  2.26604e-06
 Reference value :  2.26651e-06
 Reference value :  2.26700e-06
 Reference value :  2.26746e-06
 Reference value :  2.26796e-06
 Reference value :  2.26842e-06
 Reference value :  2.26888e-06
 Reference value :  2.26935e-06
 Reference value :  2.26980e-06
 Reference value :  2.27027e-06
 Reference value :  2.27075e-06
 Reference value :  2.27120e-06
 Reference value :  2.27167e-06
 Reference value :  2.27214e-06
 Reference value :  2.27259e-06
 Reference value :  2.27306e-06
 Reference value :  2.27353e-06
 Reference value :  2.27399e-06
 Reference value :  2.27446e-06
 Reference value :  2.27494e-06
 Reference value :  2.27543e-06
 Reference value :  2.27588e-06
 Reference value :  2.27636e-06
 Reference value :  2.27682e-06
 Reference value :  2.27730e-06
 Reference value :  2.27776e-06
 Reference value :  2.27820e-06
 Reference value :  2.27866e-06
 Reference value :  2.27914e-06
 Reference value :  2.27962e-06
 Reference value :  2.28010e-06
 Reference value :  2.28059e-06
 Reference value :  2.28104e-06
 Reference value :  2.28152e-06
 Reference value :  2.28197e-06
 Reference value :  2.28246e-06
 Reference value :  2.28292e-06
 Reference value :  2.28337e-06
 Reference value :  2.28383e-06
 Reference value :  2.28432e-06
 Reference value :  2.28479e-06
 Reference value :  2.28524e-06
 Reference value :  2.28572e-06
 Reference value :  2.28620e-06
 Reference value :  2.28666e-06
 Reference value :  2.28713e-06
 Reference value :  2.28762e-06
 Reference value :  2.28807e-06
 Reference value :  2.28853e-06
 Reference value :  2.28900e-06
 Reference value :  2.28945e-06
 Reference value :  2.28992e-06
 Reference value :  2.29041e-06
 Reference value :  2.29089e-06
 Reference value :  2.29135e-06
 Reference value :  2.29182e-06
 Reference value :  2.29227e-06
 Reference value :  2.29274e-06
 Reference value :  2.29320e-06
 Reference value :  2.29367e-06
 Reference value :  2.29415e-06
 Reference value :  2.29460e-06
 Reference value :  2.29508e-06
 Reference value :  2.29554e-06
 Reference value :  2.29599e-06
 Reference value :  2.29646e-06
 Reference value :  2.29693e-06
 Reference value :  2.29738e-06
 Reference value :  2.29787e-06
 Reference value :  2.29834e-06
 Reference value :  2.29880e-06
 Reference value :  2.29926e-06
 Reference value :  2.29973e-06
 Reference value :  2.30021e-06
 Reference value :  2.30104e-06
 Reference value :  2.30193e-06
 Reference value :  2.30278e-06
 Reference value :  2.30366e-06
 Reference value :  2.30413e-06
 Reference value :  2.30458e-06
 Reference value :  2.30508e-06
 Reference value :  2.30554e-06
 Reference value :  2.30601e-06
 Reference value :  2.30646e-06
 Reference value :  2.30694e-06
 Reference value :  2.30740e-06
 Reference value :  2.30787e-06
 Reference value :  2.30833e-06
 Reference value :  2.30885e-06
 Reference value :  2.30933e-06
 Reference value :  2.30979e-06
 Reference value :  2.31025e-06
 Reference value :  2.31072e-06
 Reference value :  2.31118e-06
 Reference value :  2.31163e-06
 Reference value :  2.31209e-06
 Reference value :  2.31254e-06
 Reference value :  2.31301e-06
 Reference value :  2.31346e-06
 Reference value :  2.31391e-06
 Reference value :  2.31437e-06
 Reference value :  2.31483e-06
 Reference value :  2.31530e-06
 Reference value :  2.31576e-06
 Reference value :  2.31621e-06
 Reference value :  2.31669e-06
 Reference value :  2.31716e-06
 Reference value :  2.31762e-06
 Reference value :  2.31810e-06
 Reference value :  2.31858e-06
 Reference value :  2.31905e-06
 Reference value :  2.31952e-06
 Reference value :  2.31997e-06
 Reference value :  2.32045e-06
 Reference value :  2.32093e-06
 Reference value :  2.32138e-06
 Reference value :  2.32185e-06
 Reference value :  2.32231e-06
 Reference value :  2.32276e-06
 Reference value :  2.32323e-06
 Reference value :  2.32368e-06
 Reference value :  2.32415e-06
 Reference value :  2.32460e-06
 Reference value :  2.32511e-06
 Reference value :  2.32559e-06
 Reference value :  2.32605e-06
 Reference value :  2.32652e-06
 Reference value :  2.32703e-06
 Reference value :  2.32752e-06
 Reference value :  2.32799e-06
 Reference value :  2.32846e-06
 Reference value :  2.32892e-06
 Reference value :  2.32936e-06
 Reference value :  2.32983e-06
 Reference value :  2.33030e-06
 Reference value :  2.33077e-06
 Reference value :  2.33123e-06
 Reference value :  2.33171e-06
 Reference value :  2.33217e-06
 Reference value :  2.33263e-06
 Reference value :  2.33309e-06
 Reference value :  2.33356e-06
 Reference value :  2.33402e-06
 Reference value :  2.33452e-06
 Reference value :  2.33499e-06
 Reference value :  2.33545e-06
 Reference value :  2.33591e-06
 Reference value :  2.33637e-06
 Reference value :  2.33683e-06
 Reference value :  2.33730e-06
 Reference value :  2.33776e-06
 Reference value :  2.33820e-06
 Reference value :  2.33866e-06
 Reference value :  2.33912e-06
 Reference value :  2.33958e-06
 Reference value :  2.34008e-06
 Reference value :  2.34056e-06
 Reference value :  2.34102e-06
 Reference value :  2.34149e-06
 Reference value :  2.34197e-06
 Reference value :  2.34245e-06
 Reference value :  2.34292e-06
 Reference value :  2.34337e-06
 Reference value :  2.34382e-06
 Reference value :  2.34431e-06
 Reference value :  2.34475e-06
 Reference value :  2.34522e-06
 Reference value :  2.34570e-06
 Reference value :  2.34617e-06
 Reference value :  2.34663e-06
 Reference value :  2.34710e-06
 Reference value :  2.34755e-06
 Reference value :  2.34802e-06
 Reference value :  2.34848e-06
 Reference value :  2.34897e-06
 Reference value :  2.34945e-06
 Reference value :  2.34995e-06
 Reference value :  2.35041e-06
 Reference value :  2.35086e-06
 Reference value :  2.35132e-06
 Reference value :  2.35179e-06
 Reference value :  2.35224e-06
 Reference value :  2.35269e-06
 Reference value :  2.35315e-06
 Reference value :  2.35360e-06
 Reference value :  2.35405e-06
 Reference value :  2.35452e-06
 Reference value :  2.35496e-06
 Reference value :  2.35542e-06
 Reference value :  2.35590e-06
 Reference value :  2.35639e-06
 Reference value :  2.35686e-06
 Reference value :  2.35736e-06
 Reference value :  2.35782e-06
 Reference value :  2.35828e-06
 Reference value :  2.35875e-06
 Reference value :  2.35921e-06
 Reference value :  2.35968e-06
 Reference value :  2.36015e-06
 Reference value :  2.36065e-06
 Reference value :  2.36117e-06
 Reference value :  2.36168e-06
 Reference value :  2.36214e-06
 Reference value :  2.36264e-06
 Reference value :  2.36316e-06
 Reference value :  2.36362e-06
 Reference value :  2.36410e-06
 Reference value :  2.36458e-06
 Reference value :  2.36504e-06
 Reference value :  2.36549e-06
 Reference value :  2.36597e-06
 Reference value :  2.36646e-06
 Reference value :  2.36692e-06
 Reference value :  2.36738e-06
 Reference value :  2.36783e-06
 Reference value :  2.36828e-06
 Reference value :  2.36877e-06
 Reference value :  2.36929e-06
 Reference value :  2.36978e-06
 Reference value :  2.37023e-06
 Reference value :  2.37069e-06
 Reference value :  2.37115e-06
 Reference value :  2.37161e-06
 Reference value :  2.37206e-06
 Reference value :  2.37251e-06
 Reference value :  2.37297e-06
 Reference value :  2.37342e-06
 Reference value :  2.37388e-06
 Reference value :  2.37436e-06
 Reference value :  2.37482e-06
 Reference value :  2.37532e-06
 Reference value :  2.37578e-06
 Reference value :  2.37625e-06
 Reference value :  2.37671e-06
 Reference value :  2.37719e-06
 Reference value :  2.37766e-06
 Reference value :  2.37816e-06
 Reference value :  2.37862e-06
 Reference value :  2.37909e-06
 Reference value :  2.37955e-06
 Reference value :  2.38003e-06
 Reference value :  2.38050e-06
 Reference value :  2.38099e-06
 Reference value :  2.38144e-06
 Reference value :  2.38190e-06
 Reference value :  2.38237e-06
 Reference value :  2.38282e-06
 Reference value :  2.38328e-06
 Reference value :  2.38374e-06
 Reference value :  2.38421e-06
 Reference value :  2.38469e-06
 Reference value :  2.38518e-06
 Reference value :  2.38565e-06
 Reference value :  2.38613e-06
 Reference value :  2.38660e-06
 Reference value :  2.38706e-06
 Reference value :  2.38754e-06
 Reference value :  2.38798e-06
 Reference value :  2.38843e-06
 Reference value :  2.38892e-06
 Reference value :  2.38938e-06
 Reference value :  2.38984e-06
 Reference value :  2.39032e-06
 Reference value :  2.39076e-06
 Reference value :  2.39123e-06
 Reference value :  2.39167e-06
 Reference value :  2.39212e-06
 Reference value :  2.39259e-06
 Reference value :  2.39305e-06
 Reference value :  2.39350e-06
 Reference value :  2.39397e-06
 Reference value :  2.39442e-06
 Reference value :  2.39487e-06
 Reference value :  2.39531e-06
 Reference value :  2.39575e-06
 Reference value :  2.39621e-06
 Reference value :  2.39667e-06
 Reference value :  2.39716e-06
 Reference value :  2.39762e-06
 Reference value :  2.39807e-06
 Reference value :  2.39854e-06
 Reference value :  2.39898e-06
 Reference value :  2.39944e-06
 Reference value :  2.39989e-06
 Reference value :  2.40037e-06
 Reference value :  2.40083e-06
 Reference value :  2.40132e-06
 Reference value :  2.40177e-06
 Reference value :  2.40225e-06
 Reference value :  2.40269e-06
 Reference value :  2.40315e-06
 Reference value :  2.40361e-06
 Reference value :  2.40406e-06
 Reference value :  2.40453e-06
 Reference value :  2.40500e-06
 Reference value :  2.40546e-06
 Reference value :  2.40592e-06
 Reference value :  2.40642e-06
 Reference value :  2.40688e-06
 Reference value :  2.40737e-06
 Reference value :  2.40784e-06
 Reference value :  2.40833e-06
 Reference value :  2.40884e-06
 Reference value :  2.40929e-06
 Reference value :  2.40975e-06
 Reference value :  2.41023e-06
 Reference value :  2.41070e-06
 Reference value :  2.41115e-06
 Reference value :  2.41161e-06
 Reference value :  2.41206e-06
 Reference value :  2.41251e-06
 Reference value :  2.41298e-06
 Reference value :  2.41346e-06
 Reference value :  2.41398e-06
 Reference value :  2.41445e-06
 Reference value :  2.41492e-06
 Reference value :  2.41537e-06
 Reference value :  2.41584e-06
 Reference value :  2.41632e-06
 Reference value :  2.41678e-06
 Reference value :  2.41725e-06
 Reference value :  2.41771e-06
 Reference value :  2.41818e-06
 Reference value :  2.41865e-06
 Reference value :  2.41910e-06
 Reference value :  2.41959e-06
 Reference value :  2.42006e-06
 Reference value :  2.42051e-06
 Reference value :  2.42096e-06
 Reference value :  2.42141e-06
 Reference value :  2.42186e-06
 Reference value :  2.42234e-06
 Reference value :  2.42279e-06
 Reference value :  2.42328e-06
 Reference value :  2.42376e-06
 Reference value :  2.42422e-06
 Reference value :  2.42469e-06
 Reference value :  2.42517e-06
 Reference value :  2.42562e-06
 Reference value :  2.42610e-06
 Reference value :  2.42655e-06
 Reference value :  2.42701e-06
 Reference value :  2.42750e-06
 Reference value :  2.42794e-06
 Reference value :  2.42843e-06
 Reference value :  2.42893e-06
 Reference value :  2.42938e-06
 Reference value :  2.42984e-06
 Reference value :  2.43031e-06
 Reference value :  2.43076e-06
 Reference value :  2.43122e-06
 Reference value :  2.43169e-06
 Reference value :  2.43215e-06
 Reference value :  2.43261e-06
 Reference value :  2.43307e-06
 Reference value :  2.43352e-06
 Reference value :  2.43397e-06
 Reference value :  2.43446e-06
 Reference value :  2.43491e-06
 Reference value :  2.43537e-06
 Reference value :  2.43586e-06
 Reference value :  2.43631e-06
 Reference value :  2.43679e-06
 Reference value :  2.43725e-06
 Reference value :  2.43770e-06
 Reference value :  2.43818e-06
 Reference value :  2.43868e-06
 Reference value :  2.43913e-06
 Reference value :  2.43963e-06
 Reference value :  2.44009e-06
 Reference value :  2.44059e-06
 Reference value :  2.44106e-06
 Reference value :  2.44150e-06
 Reference value :  2.44196e-06
 Reference value :  2.44243e-06
 Reference value :  2.44288e-06
 Reference value :  2.44336e-06
 Reference value :  2.44381e-06
 Reference value :  2.44430e-06
 Reference value :  2.44476e-06
 Reference value :  2.44521e-06
 Reference value :  2.44568e-06
 Reference value :  2.44614e-06
 Reference value :  2.44660e-06
 Reference value :  2.44705e-06
 Reference value :  2.44750e-06
 Reference value :  2.44795e-06
 Reference value :  2.44841e-06
 Reference value :  2.44886e-06
 Reference value :  2.44932e-06
 Reference value :  2.44978e-06
 Reference value :  2.45023e-06
 Reference value :  2.45071e-06
 Reference value :  2.45115e-06
 Reference value :  2.45164e-06
 Reference value :  2.45210e-06
 Reference value :  2.45259e-06
 Reference value :  2.45306e-06
 Reference value :  2.45355e-06
 Reference value :  2.45402e-06
 Reference value :  2.45455e-06
 Reference value :  2.45502e-06
 Reference value :  2.45546e-06
 Reference value :  2.45596e-06
 Reference value :  2.45643e-06
 Reference value :  2.45691e-06
 Reference value :  2.45738e-06
 Reference value :  2.45782e-06
 Reference value :  2.45829e-06
 Reference value :  2.45877e-06
 Reference value :  2.45922e-06
 Reference value :  2.45968e-06
 Reference value :  2.46018e-06
 Reference value :  2.46063e-06
 Reference value :  2.46113e-06
 Reference value :  2.46159e-06
 Reference value :  2.46207e-06
 Reference value :  2.46254e-06
 Reference value :  2.46300e-06
 Reference value :  2.46353e-06
 Reference value :  2.46399e-06
 Reference value :  2.46446e-06
 Reference value :  2.46493e-06
 Reference value :  2.46538e-06
 Reference value :  2.46583e-06
 Reference value :  2.46627e-06
 Reference value :  2.46673e-06
 Reference value :  2.46720e-06
 Reference value :  2.46764e-06
 Reference value :  2.46810e-06
 Reference value :  2.46855e-06
 Reference value :  2.46902e-06
 Reference value :  2.46948e-06
 Reference value :  2.46992e-06
 Reference value :  2.47038e-06
 Reference value :  2.47082e-06
 Reference value :  2.47130e-06
 Reference value :  2.47176e-06
 Reference value :  2.47224e-06
 Reference value :  2.47273e-06
 Reference value :  2.47320e-06
 Reference value :  2.47368e-06
 Reference value :  2.47416e-06
 Reference value :  2.47461e-06
 Reference value :  2.47508e-06
 Reference value :  2.47553e-06
 Reference value :  2.47598e-06
 Reference value :  2.47644e-06
 Reference value :  2.47690e-06
 Reference value :  2.47736e-06
 Reference value :  2.47781e-06
 Reference value :  2.47827e-06
 Reference value :  2.47873e-06
 Reference value :  2.47919e-06
 Reference value :  2.47968e-06
 Reference value :  2.48021e-06
 Reference value :  2.48067e-06
 Reference value :  2.48114e-06
 Reference value :  2.48163e-06
 Reference value :  2.48210e-06
 Reference value :  2.48260e-06
 Reference value :  2.48308e-06
 Reference value :  2.48352e-06
 Reference value :  2.48403e-06
 Reference value :  2.48451e-06
 Reference value :  2.48499e-06
 Reference value :  2.48550e-06
 Reference value :  2.48594e-06
 Reference value :  2.48641e-06
 Reference value :  2.48691e-06
 Reference value :  2.48737e-06
 Reference value :  2.48785e-06
 Reference value :  2.48830e-06
 Reference value :  2.48879e-06
 Reference value :  2.48928e-06
 Reference value :  2.48975e-06
 Reference value :  2.49023e-06
 Reference value :  2.49070e-06
 Reference value :  2.49121e-06
 Reference value :  2.49169e-06
 Reference value :  2.49215e-06
 Reference value :  2.49261e-06
 Reference value :  2.49310e-06
 Reference value :  2.49357e-06
 Reference value :  2.49402e-06
 Reference value :  2.49447e-06
 Reference value :  2.49493e-06
 Reference value :  2.49538e-06
 Reference value :  2.49583e-06
 Reference value :  2.49630e-06
 Reference value :  2.49675e-06
 Reference value :  2.49721e-06
 Reference value :  2.49773e-06
 Reference value :  2.49819e-06
 Reference value :  2.49868e-06
 Reference value :  2.49914e-06
 Reference value :  2.49963e-06
 Reference value :  2.50010e-06
 Reference value :  2.50058e-06
 Reference value :  2.50104e-06
 Reference value :  2.50150e-06
 Reference value :  2.50198e-06
 Reference value :  2.50245e-06
 Reference value :  2.50292e-06
 Reference value :  2.50338e-06
 Reference value :  2.50384e-06
 Reference value :  2.50430e-06
 Reference value :  2.50478e-06
 Reference value :  2.50526e-06
 Reference value :  2.50573e-06
 Reference value :  2.50621e-06
 Reference value :  2.50667e-06
 Reference value :  2.50713e-06
 Reference value :  2.50761e-06
 Reference value :  2.50807e-06
 Reference value :  2.50854e-06
 Reference value :  2.50900e-06
 Reference value :  2.50947e-06
 Reference value :  2.50991e-06
 Reference value :  2.51036e-06
 Reference value :  2.51084e-06
 Reference value :  2.51129e-06
 Reference value :  2.51177e-06
 Reference value :  2.51225e-06
 Reference value :  2.51273e-06
 Reference value :  2.51323e-06
 Reference value :  2.51371e-06
 Reference value :  2.51416e-06
 Reference value :  2.51463e-06
 Reference value :  2.51508e-06
 Reference value :  2.51555e-06
 Reference value :  2.51603e-06
 Reference value :  2.51648e-06
 Reference value :  2.51693e-06
 Reference value :  2.51740e-06
 Reference value :  2.51787e-06
 Reference value :  2.51836e-06
 Reference value :  2.51885e-06
 Reference value :  2.51933e-06
 Reference value :  2.51980e-06
 Reference value :  2.52028e-06
 Reference value :  2.52075e-06
 Reference value :  2.52120e-06
 Reference value :  2.52167e-06
 Reference value :  2.52213e-06
 Reference value :  2.52259e-06
 Reference value :  2.52306e-06
 Reference value :  2.52351e-06
 Reference value :  2.52397e-06
 Reference value :  2.52447e-06
 Reference value :  2.52495e-06
 Reference value :  2.52542e-06
 Reference value :  2.52587e-06
 Reference value :  2.52635e-06
 Reference value :  2.52683e-06
 Reference value :  2.52728e-06
 Reference value :  2.52774e-06
 Reference value :  2.52821e-06
 Reference value :  2.52865e-06
 Reference value :  2.52910e-06
 Reference value :  2.52955e-06
 Reference value :  2.53003e-06
 Reference value :  2.53048e-06
 Reference value :  2.53094e-06
 Reference value :  2.53140e-06
 Reference value :  2.53185e-06
 Reference value :  2.53231e-06
 Reference value :  2.53275e-06
 Reference value :  2.53323e-06
 Reference value :  2.53370e-06
 Reference value :  2.53420e-06
 Reference value :  2.53468e-06
 Reference value :  2.53515e-06
 Reference value :  2.53564e-06
 Reference value :  2.53609e-06
 Reference value :  2.53655e-06
 Reference value :  2.53702e-06
 Reference value :  2.53747e-06
 Reference value :  2.53795e-06
 Reference value :  2.53843e-06
 Reference value :  2.53888e-06
 Reference value :  2.53936e-06
 Reference value :  2.53981e-06
 Reference value :  2.54026e-06
 Reference value :  2.54071e-06
 Reference value :  2.54116e-06
 Reference value :  2.54162e-06
 Reference value :  2.54207e-06
 Reference value :  2.54253e-06
 Reference value :  2.54302e-06
 Reference value :  2.54348e-06
 Reference value :  2.54393e-06
 Reference value :  2.54441e-06
 Reference value :  2.54486e-06
 Reference value :  2.54531e-06
 Reference value :  2.54578e-06
 Reference value :  2.54624e-06
 Reference value :  2.54668e-06
 Reference value :  2.54716e-06
 Reference value :  2.54760e-06
 Reference value :  2.54807e-06
 Reference value :  2.54853e-06
 Reference value :  2.54899e-06
 Reference value :  2.54945e-06
 Reference value :  2.54990e-06
 Reference value :  2.55035e-06
 Reference value :  2.55084e-06
 Reference value :  2.55130e-06
 Reference value :  2.55178e-06
 Reference value :  2.55223e-06
 Reference value :  2.55269e-06
 Reference value :  2.55317e-06
 Reference value :  2.55361e-06
 Reference value :  2.55415e-06
 Reference value :  2.55459e-06
 Reference value :  2.55505e-06
 Reference value :  2.55553e-06
 Reference value :  2.55600e-06
 Reference value :  2.55647e-06
 Reference value :  2.55693e-06
 Reference value :  2.55739e-06
 Reference value :  2.55784e-06
 Reference value :  2.55832e-06
 Reference value :  2.55878e-06
 Reference value :  2.55927e-06
 Reference value :  2.55974e-06
 Reference value :  2.56020e-06
 Reference value :  2.56067e-06
 Reference value :  2.56124e-06
 Reference value :  2.56173e-06
 Reference value :  2.56221e-06
 Reference value :  2.56267e-06
 Reference value :  2.56312e-06
 Reference value :  2.56358e-06
 Reference value :  2.56405e-06
 Reference value :  2.56453e-06
 Reference value :  2.56499e-06
 Reference value :  2.56544e-06
 Reference value :  2.56590e-06
 Reference value :  2.56637e-06
 Reference value :  2.56683e-06
 Reference value :  2.56730e-06
 Reference value :  2.56775e-06
 Reference value :  2.56822e-06
 Reference value :  2.56873e-06
 Reference value :  2.56922e-06
 Reference value :  2.56970e-06
 Reference value :  2.57016e-06
 Reference value :  2.57064e-06
 Reference value :  2.57112e-06
 Reference value :  2.57156e-06
 Reference value :  2.57202e-06
 Reference value :  2.57247e-06
 Reference value :  2.57298e-06
 Reference value :  2.57345e-06
 Reference value :  2.57397e-06
 Reference value :  2.57443e-06
 Reference value :  2.57492e-06
 Reference value :  2.57539e-06
 Reference value :  2.57583e-06
 Reference value :  2.57633e-06
 Reference value :  2.57680e-06
 Reference value :  2.57725e-06
 Reference value :  2.57772e-06
 Reference value :  2.57819e-06
 Reference value :  2.57866e-06
 Reference value :  2.57914e-06
 Reference value :  2.57961e-06
 Reference value :  2.58008e-06
 Reference value :  2.58057e-06
 Reference value :  2.58103e-06
 Reference value :  2.58149e-06
 Reference value :  2.58194e-06
 Reference value :  2.58240e-06
 Reference value :  2.58286e-06
 Reference value :  2.58333e-06
 Reference value :  2.58380e-06
 Reference value :  2.58425e-06
 Reference value :  2.58470e-06
 Reference value :  2.58517e-06
 Reference value :  2.58562e-06
 Reference value :  2.58615e-06
 Reference value :  2.58661e-06
 Reference value :  2.58708e-06
 Reference value :  2.58754e-06
 Reference value :  2.58802e-06
 Reference value :  2.58850e-06
 Reference value :  2.58898e-06
 Reference value :  2.58945e-06
 Reference value :  2.58991e-06
 Reference value :  2.59038e-06
 Reference value :  2.59084e-06
 Reference value :  2.59129e-06
 Reference value :  2.59175e-06
 Reference value :  2.59221e-06
 Reference value :  2.59266e-06
 Reference value :  2.59312e-06
 Reference value :  2.59358e-06
 Reference value :  2.59405e-06
 Reference value :  2.59450e-06
 Reference value :  2.59496e-06
 Reference value :  2.59542e-06
 Reference value :  2.59587e-06
 Reference value :  2.59634e-06
 Reference value :  2.59679e-06
 Reference value :  2.59724e-06
 Reference value :  2.59773e-06
 Reference value :  2.59818e-06
 Reference value :  2.59864e-06
 Reference value :  2.59912e-06
 Reference value :  2.59958e-06
 Reference value :  2.60005e-06
 Reference value :  2.60050e-06
 Reference value :  2.60097e-06
 Reference value :  2.60143e-06
 Reference value :  2.60189e-06
 Reference value :  2.60234e-06
 Reference value :  2.60281e-06
 Reference value :  2.60326e-06
 Reference value :  2.60372e-06
 Reference value :  2.60420e-06
 Reference value :  2.60465e-06
 Reference value :  2.60509e-06
 Reference value :  2.60554e-06
 Reference value :  2.60600e-06
 Reference value :  2.60645e-06
 Reference value :  2.60690e-06
 Reference value :  2.60737e-06
 Reference value :  2.60783e-06
 Reference value :  2.60828e-06
 Reference value :  2.60876e-06
 Reference value :  2.60923e-06
 Reference value :  2.60969e-06
 Reference value :  2.61018e-06
 Reference value :  2.61068e-06
 Reference value :  2.61115e-06
 Reference value :  2.61162e-06
 Reference value :  2.61211e-06
 Reference value :  2.61258e-06
 Reference value :  2.61306e-06
 Reference value :  2.61354e-06
 Reference value :  2.61402e-06
 Reference value :  2.61449e-06
 Reference value :  2.61497e-06
 Reference value :  2.61545e-06
 Reference value :  2.61592e-06
 Reference value :  2.61640e-06
 Reference value :  2.61686e-06
 Reference value :  2.61732e-06
 Reference value :  2.61784e-06
 Reference value :  2.61832e-06
 Reference value :  2.61881e-06
 Reference value :  2.61928e-06
 Reference value :  2.61976e-06
 Reference value :  2.62023e-06
 Reference value :  2.62067e-06
 Reference value :  2.62113e-06
 Reference value :  2.62162e-06
 Reference value :  2.62207e-06
 Reference value :  2.62259e-06
 Reference value :  2.62305e-06
 Reference value :  2.62351e-06
 Reference value :  2.62398e-06
 Reference value :  2.62447e-06
 Reference value :  2.62494e-06
 Reference value :  2.62541e-06
 Reference value :  2.62586e-06
 Reference value :  2.62631e-06
 Reference value :  2.62678e-06
 Reference value :  2.62724e-06
 Reference value :  2.62771e-06
 Reference value :  2.62816e-06
 Reference value :  2.62862e-06
 Reference value :  2.62909e-06
 Reference value :  2.62954e-06
 Reference value :  2.63002e-06
 Reference value :  2.63049e-06
 Reference value :  2.63102e-06
 Reference value :  2.63153e-06
 Reference value :  2.63198e-06
 Reference value :  2.63245e-06
 Reference value :  2.63291e-06
 Reference value :  2.63337e-06
 Reference value :  2.63384e-06
 Reference value :  2.63430e-06
 Reference value :  2.63477e-06
 Reference value :  2.63524e-06
 Reference value :  2.63576e-06
 Reference value :  2.63625e-06
 Reference value :  2.63671e-06
 Reference value :  2.63716e-06
 Reference value :  2.63762e-06
 Reference value :  2.63808e-06
 Reference value :  2.63853e-06
 Reference value :  2.63901e-06
 Reference value :  2.63947e-06
 Reference value :  2.63993e-06
 Reference value :  2.64039e-06
 Reference value :  2.64087e-06
 Reference value :  2.64136e-06
 Reference value :  2.64183e-06
 Reference value :  2.64230e-06
 Reference value :  2.64275e-06
 Reference value :  2.64322e-06
 Reference value :  2.64370e-06
 Reference value :  2.64419e-06
 Reference value :  2.64465e-06
 Reference value :  2.64515e-06
 Reference value :  2.64575e-06
 Reference value :  2.64621e-06
 Reference value :  2.64666e-06
 Reference value :  2.64713e-06
 Reference value :  2.64760e-06
 Reference value :  2.64807e-06
 Reference value :  2.64855e-06
 Reference value :  2.64900e-06
 Reference value :  2.64946e-06
 Reference value :  2.65000e-06
 Reference value :  2.65049e-06
 Reference value :  2.65099e-06
 Reference value :  2.65156e-06
 Reference value :  2.65207e-06
 Reference value :  2.65259e-06
 Reference value :  2.65316e-06
 Reference value :  2.65367e-06
 Reference value :  2.65426e-06
 Reference value :  2.65477e-06
 Reference value :  2.65531e-06
 Reference value :  2.65587e-06
 Reference value :  2.65639e-06
 Reference value :  2.65693e-06
 Reference value :  2.65745e-06
 Reference value :  2.65797e-06
 Reference value :  2.65846e-06
 Reference value :  2.65901e-06
 Reference value :  2.65967e-06
 Reference value :  2.66016e-06
 Reference value :  2.66063e-06
 Reference value :  2.66110e-06
 Reference value :  2.66160e-06
 Reference value :  2.66213e-06
 Reference value :  2.66273e-06
 Reference value :  2.66329e-06
 Reference value :  2.66380e-06
 Reference value :  2.66441e-06
 Reference value :  2.66487e-06
 Reference value :  2.66539e-06
 Reference value :  2.66590e-06
 Reference value :  2.66645e-06
 Reference value :  2.66696e-06
 Reference value :  2.66747e-06
 Reference value :  2.66812e-06
 Reference value :  2.66864e-06
 Reference value :  2.66912e-06
 Reference value :  2.66975e-06
 Reference value :  2.67031e-06
 Reference value :  2.67079e-06
 Reference value :  2.67130e-06
 Reference value :  2.67183e-06
 Reference value :  2.67233e-06
 Reference value :  2.67286e-06
 Reference value :  2.67333e-06
 Reference value :  2.67385e-06
 Reference value :  2.67432e-06
 Reference value :  2.67482e-06
 Reference value :  2.67538e-06
 Reference value :  2.67590e-06
 Reference value :  2.67641e-06
 Reference value :  2.67692e-06
 Reference value :  2.67743e-06
 Reference value :  2.67796e-06
 Reference value :  2.67848e-06
 Reference value :  2.67899e-06
 Reference value :  2.67957e-06
 Reference value :  2.68007e-06
 Reference value :  2.68054e-06
 Reference value :  2.68103e-06
 Reference value :  2.68152e-06
 Reference value :  2.68207e-06
 Reference value :  2.68268e-06
 Reference value :  2.68316e-06
 Reference value :  2.68365e-06
 Reference value :  2.68415e-06
 Reference value :  2.68464e-06
 Reference value :  2.68513e-06
 Reference value :  2.68560e-06
 Reference value :  2.68610e-06
 Reference value :  2.68656e-06
 Reference value :  2.68703e-06
 Reference value :  2.68749e-06
 Reference value :  2.68801e-06
 Reference value :  2.68847e-06
 Reference value :  2.68895e-06
 Reference value :  2.68945e-06
 Reference value :  2.68996e-06
 Reference value :  2.69045e-06
 Reference value :  2.69095e-06
 Reference value :  2.69142e-06
 Reference value :  2.69191e-06
 Reference value :  2.69240e-06
 Reference value :  2.69300e-06
 Reference value :  2.69350e-06
 Reference value :  2.69398e-06
 Reference value :  2.69445e-06
 Reference value :  2.69499e-06
 Reference value :  2.69551e-06
 Reference value :  2.69598e-06
 Reference value :  2.69647e-06
 Reference value :  2.69698e-06
 Reference value :  2.69746e-06
 Reference value :  2.69792e-06
 Reference value :  2.69841e-06
 Reference value :  2.69890e-06
 Reference value :  2.69940e-06
 Reference value :  2.69987e-06
 Reference value :  2.70040e-06
 Reference value :  2.70091e-06
 Reference value :  2.70140e-06
 Reference value :  2.70190e-06
 Reference value :  2.70244e-06
 Reference value :  2.70290e-06
 Reference value :  2.70337e-06
 Reference value :  2.70384e-06
 Reference value :  2.70431e-06
 Reference value :  2.70483e-06
 Reference value :  2.70531e-06
 Reference value :  2.70578e-06
 Reference value :  2.70626e-06
 Reference value :  2.70678e-06
 Reference value :  2.70725e-06
 Reference value :  2.70777e-06
 Reference value :  2.70830e-06
 Reference value :  2.70876e-06
 Reference value :  2.70928e-06
 Reference value :  2.70976e-06
 Reference value :  2.71024e-06
 Reference value :  2.71074e-06
 Reference value :  2.71127e-06
 Reference value :  2.71177e-06
 Reference value :  2.71227e-06
 Reference value :  2.71280e-06
 Reference value :  2.71336e-06
 Reference value :  2.71392e-06
 Reference value :  2.71444e-06
 Reference value :  2.71504e-06
 Reference value :  2.71557e-06
 Reference value :  2.71607e-06
 Reference value :  2.71656e-06
 Reference value :  2.71707e-06
 Reference value :  2.71768e-06
 Reference value :  2.71821e-06
 Reference value :  2.71875e-06
 Reference value :  2.71925e-06
 Reference value :  2.71975e-06
 Reference value :  2.72024e-06
 Reference value :  2.72074e-06
 Reference value :  2.72121e-06
 Reference value :  2.72170e-06
 Reference value :  2.72223e-06
 Reference value :  2.72310e-06
 Reference value :  2.72395e-06
 Reference value :  2.72484e-06
 Reference value :  2.72551e-06
 Reference value :  2.72611e-06
 Reference value :  2.72657e-06
 Reference value :  2.72721e-06
 Reference value :  2.72774e-06
 Reference value :  2.72824e-06
 Reference value :  2.72877e-06
 Reference value :  2.72930e-06
 Reference value :  2.72978e-06
 Reference value :  2.73024e-06
 Reference value :  2.73072e-06
 Reference value :  2.73119e-06
 Reference value :  2.73174e-06
 Reference value :  2.73223e-06
 Reference value :  2.73296e-06
 Reference value :  2.73351e-06
 Reference value :  2.73399e-06
 Reference value :  2.73445e-06
 Reference value :  2.73497e-06
 Reference value :  2.73546e-06
 Reference value :  2.73593e-06
 Reference value :  2.73644e-06
 Reference value :  2.73692e-06
 Reference value :  2.73737e-06
 Reference value :  2.73789e-06
 Reference value :  2.73847e-06
 Reference value :  2.73908e-06
 Reference value :  2.73961e-06
 Reference value :  2.74022e-06
 Reference value :  2.74080e-06
 Reference value :  2.74137e-06
 Reference value :  2.74202e-06
 Reference value :  2.74256e-06
 Reference value :  2.74313e-06
 Reference value :  2.74360e-06
 Reference value :  2.74406e-06
 Reference value :  2.74453e-06
 Reference value :  2.74499e-06
 Reference value :  2.74544e-06
 Reference value :  2.74590e-06
 Reference value :  2.74642e-06
 Reference value :  2.74696e-06
 Reference value :  2.74743e-06
 Reference value :  2.74793e-06
 Reference value :  2.74843e-06
 Reference value :  2.74893e-06
 Reference value :  2.74940e-06
 Reference value :  2.74990e-06
 Reference value :  2.75045e-06
 Reference value :  2.75099e-06
 Reference value :  2.75147e-06
 Reference value :  2.75198e-06
 Reference value :  2.75246e-06
 Reference value :  2.75296e-06
 Reference value :  2.75341e-06
 Reference value :  2.75388e-06
 Reference value :  2.75449e-06
 Reference value :  2.75500e-06
 Reference value :  2.75553e-06
 Reference value :  2.75600e-06
 Reference value :  2.75656e-06
 Reference value :  2.75705e-06
 Reference value :  2.75755e-06
 Reference value :  2.75808e-06
 Reference value :  2.75871e-06
 Reference value :  2.75930e-06
 Reference value :  2.75982e-06
 Reference value :  2.76039e-06
 Reference value :  2.76088e-06
 Reference value :  2.76140e-06
 Reference value :  2.76197e-06
 Reference value :  2.76245e-06
 Reference value :  2.76291e-06
 Reference value :  2.76336e-06
 Reference value :  2.76384e-06
 Reference value :  2.76433e-06
 Reference value :  2.76479e-06
 Reference value :  2.76523e-06
 Reference value :  2.76569e-06
 Reference value :  2.76615e-06
 Reference value :  2.76661e-06
 Reference value :  2.76705e-06
 Reference value :  2.76750e-06
 Reference value :  2.76795e-06
 Reference value :  2.76842e-06
 Reference value :  2.76887e-06
 Reference value :  2.76936e-06
 Reference value :  2.76982e-06
 Reference value :  2.77027e-06
 Reference value :  2.77073e-06
 Reference value :  2.77122e-06
 Reference value :  2.77167e-06
 Reference value :  2.77213e-06
 Reference value :  2.77258e-06
 Reference value :  2.77304e-06
 Reference value :  2.77349e-06
 Reference value :  2.77394e-06
 Reference value :  2.77442e-06
 Reference value :  2.77492e-06
 Reference value :  2.77536e-06
 Reference value :  2.77581e-06
 Reference value :  2.77631e-06
 Reference value :  2.77678e-06
 Reference value :  2.77723e-06
 Reference value :  2.77768e-06
 Reference value :  2.77815e-06
 Reference value :  2.77861e-06
 Reference value :  2.77905e-06
 Reference value :  2.77950e-06
 Reference value :  2.77997e-06
 Reference value :  2.78042e-06
 Reference value :  2.78092e-06
 Reference value :  2.78139e-06
 Reference value :  2.78186e-06
 Reference value :  2.78232e-06
 Reference value :  2.78276e-06
 Reference value :  2.78324e-06
 Reference value :  2.78370e-06
 Reference value :  2.78413e-06
 Reference value :  2.78460e-06
 Reference value :  2.78505e-06
 Reference value :  2.78550e-06
 Reference value :  2.78597e-06
 Reference value :  2.78645e-06
 Reference value :  2.78690e-06
 Reference value :  2.78735e-06
 Reference value :  2.78784e-06
 Reference value :  2.78833e-06
 Reference value :  2.78881e-06
 Reference value :  2.78929e-06
 Reference value :  2.78976e-06
 Reference value :  2.79023e-06
 Reference value :  2.79072e-06
 Reference value :  2.79116e-06
 Reference value :  2.79165e-06
 Reference value :  2.79213e-06
 Reference value :  2.79263e-06
 Reference value :  2.79311e-06
 Reference value :  2.79356e-06
 Reference value :  2.79401e-06
 Reference value :  2.79447e-06
 Reference value :  2.79491e-06
 Reference value :  2.79538e-06
 Reference value :  2.79583e-06
 Reference value :  2.79629e-06
 Reference value :  2.79674e-06
 Reference value :  2.79720e-06
 Reference value :  2.79764e-06
 Reference value :  2.79822e-06
 Reference value :  2.79883e-06
 Reference value :  2.79936e-06
 Reference value :  2.79988e-06
 Reference value :  2.80033e-06
 Reference value :  2.80079e-06
 Reference value :  2.80126e-06
 Reference value :  2.80172e-06
 Reference value :  2.80217e-06
 Reference value :  2.80261e-06
 Reference value :  2.80307e-06
 Reference value :  2.80353e-06
 Reference value :  2.80400e-06
 Reference value :  2.80445e-06
 Reference value :  2.80494e-06
 Reference value :  2.80538e-06
 Reference value :  2.80583e-06
 Reference value :  2.80630e-06
 Reference value :  2.80680e-06
 Reference value :  2.80725e-06
 Reference value :  2.80769e-06
 Reference value :  2.80815e-06
 Reference value :  2.80864e-06
 Reference value :  2.80913e-06
 Reference value :  2.80965e-06
 Reference value :  2.81015e-06
 Reference value :  2.81061e-06
 Reference value :  2.81105e-06
 Reference value :  2.81157e-06
 Reference value :  2.81202e-06
 Reference value :  2.81247e-06
 Reference value :  2.81293e-06
 Reference value :  2.81342e-06
 Reference value :  2.81391e-06
 Reference value :  2.81435e-06
 Reference value :  2.81480e-06
 Reference value :  2.81525e-06
 Reference value :  2.81573e-06
 Reference value :  2.81620e-06
 Reference value :  2.81666e-06
 Reference value :  2.81716e-06
 Reference value :  2.81763e-06
 Reference value :  2.81807e-06
 Reference value :  2.81855e-06
 Reference value :  2.81902e-06
 Reference value :  2.81949e-06
 Reference value :  2.81996e-06
 Reference value :  2.82042e-06
 Reference value :  2.82088e-06
 Reference value :  2.82135e-06
 Reference value :  2.82180e-06
 Reference value :  2.82228e-06
 Reference value :  2.82274e-06
 Reference value :  2.82318e-06
 Reference value :  2.82365e-06
 Reference value :  2.82415e-06
 Reference value :  2.82460e-06
 Reference value :  2.82506e-06
 Reference value :  2.82553e-06
 Reference value :  2.82602e-06
 Reference value :  2.82652e-06
 Reference value :  2.82697e-06
 Reference value :  2.82746e-06
 Reference value :  2.82795e-06
 Reference value :  2.82840e-06
 Reference value :  2.82885e-06
 Reference value :  2.82936e-06
 Reference value :  2.82983e-06
 Reference value :  2.83029e-06
 Reference value :  2.83072e-06
 Reference value :  2.83118e-06
 Reference value :  2.83162e-06
 Reference value :  2.83207e-06
 Reference value :  2.83251e-06
 Reference value :  2.83297e-06
 Reference value :  2.83342e-06
 Reference value :  2.83386e-06
 Reference value :  2.83431e-06
 Reference value :  2.83477e-06
 Reference value :  2.83522e-06
 Reference value :  2.83570e-06
 Reference value :  2.83619e-06
 Reference value :  2.83664e-06
 Reference value :  2.83709e-06
 Reference value :  2.83757e-06
 Reference value :  2.83804e-06
 Reference value :  2.83851e-06
 Reference value :  2.83896e-06
 Reference value :  2.83945e-06
 Reference value :  2.83996e-06
 Reference value :  2.84041e-06
 Reference value :  2.84087e-06
 Reference value :  2.84135e-06
 Reference value :  2.84182e-06
 Reference value :  2.84228e-06
 Reference value :  2.84274e-06
 Reference value :  2.84321e-06
 Reference value :  2.84367e-06
 Reference value :  2.84411e-06
 Reference value :  2.84457e-06
 Reference value :  2.84506e-06
 Reference value :  2.84555e-06
 Reference value :  2.84603e-06
 Reference value :  2.84649e-06
 Reference value :  2.84695e-06
 Reference value :  2.84741e-06
 Reference value :  2.84787e-06
 Reference value :  2.84836e-06
 Reference value :  2.84880e-06
 Reference value :  2.84928e-06
 Reference value :  2.84975e-06
 Reference value :  2.85026e-06
 Reference value :  2.85072e-06
 Reference value :  2.85117e-06
 Reference value :  2.85164e-06
 Reference value :  2.85211e-06
 Reference value :  2.85255e-06
 Reference value :  2.85302e-06
 Reference value :  2.85350e-06
 Reference value :  2.85397e-06
 Reference value :  2.85441e-06
 Reference value :  2.85488e-06
 Reference value :  2.85538e-06
 Reference value :  2.85586e-06
 Reference value :  2.85631e-06
 Reference value :  2.85677e-06
 Reference value :  2.85722e-06
 Reference value :  2.85769e-06
 Reference value :  2.85815e-06
 Reference value :  2.85864e-06
 Reference value :  2.85909e-06
 Reference value :  2.85955e-06
 Reference value :  2.86002e-06
 Reference value :  2.86048e-06
 Reference value :  2.86093e-06
 Reference value :  2.86138e-06
 Reference value :  2.86188e-06
 Reference value :  2.86236e-06
 Reference value :  2.86283e-06
 Reference value :  2.86329e-06
 Reference value :  2.86378e-06
 Reference value :  2.86425e-06
 Reference value :  2.86471e-06
 Reference value :  2.86516e-06
 Reference value :  2.86565e-06
 Reference value :  2.86615e-06
 Reference value :  2.86660e-06
 Reference value :  2.86706e-06
 Reference value :  2.86754e-06
 Reference value :  2.86801e-06
 Reference value :  2.86848e-06
 Reference value :  2.86895e-06
 Reference value :  2.86941e-06
 Reference value :  2.86987e-06
 Reference value :  2.87033e-06
 Reference value :  2.87080e-06
 Reference value :  2.87126e-06
 Reference value :  2.87171e-06
 Reference value :  2.87217e-06
 Reference value :  2.87264e-06
 Reference value :  2.87309e-06
 Reference value :  2.87359e-06
 Reference value :  2.87406e-06
 Reference value :  2.87453e-06
 Reference value :  2.87499e-06
 Reference value :  2.87545e-06
 Reference value :  2.87591e-06
 Reference value :  2.87636e-06
 Reference value :  2.87684e-06
 Reference value :  2.87730e-06
 Reference value :  2.87778e-06
 Reference value :  2.87827e-06
 Reference value :  2.87875e-06
 Reference value :  2.87925e-06
 Reference value :  2.87972e-06
 Reference value :  2.88016e-06
 Reference value :  2.88061e-06
 Reference value :  2.88107e-06
 Reference value :  2.88152e-06
 Reference value :  2.88197e-06
 Reference value :  2.88242e-06
 Reference value :  2.88287e-06
 Reference value :  2.88332e-06
 Reference value :  2.88377e-06
 Reference value :  2.88422e-06
 Reference value :  2.88468e-06
 Reference value :  2.88515e-06
 Reference value :  2.88560e-06
 Reference value :  2.88607e-06
 Reference value :  2.88652e-06
 Reference value :  2.88698e-06
 Reference value :  2.88744e-06
 Reference value :  2.88789e-06
 Reference value :  2.88834e-06
 Reference value :  2.88881e-06
 Reference value :  2.88926e-06
 Reference value :  2.88971e-06
 Reference value :  2.89017e-06
 Reference value :  2.89063e-06
 Reference value :  2.89109e-06
 Reference value :  2.89154e-06
 Reference value :  2.89199e-06
 Reference value :  2.89244e-06
 Reference value :  2.89292e-06
 Reference value :  2.89338e-06
 Reference value :  2.89381e-06
 Reference value :  2.89428e-06
 Reference value :  2.89474e-06
 Reference value :  2.89519e-06
 Reference value :  2.89564e-06
 Reference value :  2.89611e-06
 Reference value :  2.89659e-06
 Reference value :  2.89710e-06
 Reference value :  2.89755e-06
 Reference value :  2.89802e-06
 Reference value :  2.89847e-06
 Reference value :  2.89892e-06
 Reference value :  2.89941e-06
 Reference value :  2.89986e-06
No. of Data Rows : 3770009
t2a                 =  4.38363e-09
t2b                 =  6.80905e-07
tk                  =  4.70406e-09
tk                  =  7.55485e-09
tk                  =  1.04075e-08
tk                  =  1.32603e-08
tk                  =  1.61145e-08
tk                  =  1.89704e-08
tk                  =  2.18232e-08
tk                  =  2.46765e-08
tk                  =  2.75268e-08
tk                  =  3.03777e-08
tk                  =  3.32292e-08
tk                  =  3.60810e-08
tk                  =  3.89292e-08
tk                  =  4.17826e-08
tk                  =  4.46340e-08
tk                  =  4.74873e-08
tk                  =  5.03408e-08
tk                  =  5.31954e-08
tk                  =  5.60482e-08
tk                  =  5.89007e-08
tk                  =  6.17514e-08
tk                  =  6.46021e-08
tk                  =  6.74536e-08
tk                  =  7.03051e-08
tk                  =  7.31558e-08
tk                  =  7.60038e-08
tk                  =  7.88553e-08
tk                  =  8.17083e-08
tk                  =  8.45623e-08
tk                  =  8.74162e-08
tk                  =  9.02716e-08
tk                  =  9.31253e-08
tk                  =  9.59780e-08
tk                  =  9.88278e-08
tk                  =  1.01679e-07
tk                  =  1.04532e-07
tk                  =  1.07383e-07
tk                  =  1.10233e-07
tk                  =  1.13084e-07
tk                  =  1.15936e-07
tk                  =  1.18790e-07
tk                  =  1.21643e-07
tk                  =  1.24497e-07
tk                  =  1.27352e-07
tk                  =  1.30205e-07
tk                  =  1.33056e-07
tk                  =  1.35907e-07
tk                  =  1.38759e-07
tk                  =  1.41610e-07
tk                  =  1.44462e-07
tk                  =  1.47309e-07
tk                  =  1.50163e-07
tk                  =  1.53013e-07
tk                  =  1.55867e-07
tk                  =  1.58721e-07
tk                  =  1.61577e-07
tk                  =  1.64429e-07
tk                  =  1.67283e-07
tk                  =  1.70133e-07
tk                  =  1.72984e-07
tk                  =  1.75836e-07
tk                  =  1.78686e-07
tk                  =  1.81537e-07
tk                  =  1.84385e-07
tk                  =  1.87237e-07
tk                  =  1.90090e-07
tk                  =  1.92943e-07
tk                  =  1.95796e-07
tk                  =  1.98652e-07
tk                  =  2.01506e-07
tk                  =  2.04358e-07
tk                  =  2.07209e-07
tk                  =  2.10059e-07
tk                  =  2.12911e-07
tk                  =  2.15762e-07
tk                  =  2.18611e-07
tk                  =  2.21463e-07
tk                  =  2.24313e-07
tk                  =  2.27167e-07
tk                  =  2.30021e-07
tk                  =  2.32876e-07
tk                  =  2.35731e-07
tk                  =  2.38583e-07
tk                  =  2.41435e-07
tk                  =  2.44285e-07
tk                  =  2.47136e-07
tk                  =  2.49988e-07
tk                  =  2.52839e-07
tk                  =  2.55686e-07
tk                  =  2.58540e-07
tk                  =  2.61392e-07
tk                  =  2.64245e-07
tk                  =  2.67098e-07
tk                  =  2.69955e-07
tk                  =  2.72807e-07
tk                  =  2.75661e-07
tk                  =  2.78510e-07
tk                  =  2.81361e-07
tk                  =  2.84212e-07
tk                  =  2.87063e-07
tk                  =  2.89914e-07
tk                  =  2.92764e-07
tk                  =  2.95615e-07
tk                  =  2.98468e-07
tk                  =  3.01322e-07
tk                  =  3.04176e-07
tk                  =  3.07032e-07
tk                  =  3.09886e-07
tk                  =  3.12738e-07
tk                  =  3.15588e-07
tk                  =  3.18440e-07
tk                  =  3.21291e-07
tk                  =  3.24142e-07
tk                  =  3.26990e-07
tk                  =  3.29842e-07
tk                  =  3.32694e-07
tk                  =  3.35548e-07
tk                  =  3.38401e-07
tk                  =  3.41257e-07
tk                  =  3.44109e-07
tk                  =  3.46963e-07
tk                  =  3.49814e-07
tk                  =  3.52665e-07
tk                  =  3.55516e-07
tk                  =  3.58367e-07
tk                  =  3.61219e-07
tk                  =  3.64067e-07
tk                  =  3.66919e-07
tk                  =  3.69772e-07
tk                  =  3.72626e-07
tk                  =  3.75479e-07
tk                  =  3.78334e-07
tk                  =  3.81187e-07
tk                  =  3.84042e-07
tk                  =  3.86893e-07
tk                  =  3.89743e-07
tk                  =  3.92593e-07
tk                  =  3.95445e-07
tk                  =  3.98295e-07
tk                  =  4.01146e-07
tk                  =  4.03998e-07
tk                  =  4.06851e-07
tk                  =  4.09706e-07
tk                  =  4.12561e-07
tk                  =  4.15416e-07
tk                  =  4.18269e-07
tk                  =  4.21120e-07
tk                  =  4.23970e-07
tk                  =  4.26821e-07
tk                  =  4.29674e-07
tk                  =  4.32526e-07
tk                  =  4.35373e-07
tk                  =  4.38226e-07
tk                  =  4.41078e-07
tk                  =  4.43932e-07
tk                  =  4.46785e-07
tk                  =  4.49641e-07
tk                  =  4.52495e-07
tk                  =  4.55348e-07
tk                  =  4.58198e-07
tk                  =  4.61049e-07
tk                  =  4.63899e-07
tk                  =  4.66752e-07
tk                  =  4.69603e-07
tk                  =  4.72452e-07
tk                  =  4.75304e-07
tk                  =  4.78157e-07
tk                  =  4.81012e-07
tk                  =  4.83865e-07
tk                  =  4.86720e-07
tk                  =  4.89573e-07
tk                  =  4.92425e-07
tk                  =  4.95277e-07
tk                  =  4.98128e-07
tk                  =  5.00980e-07
tk                  =  5.03832e-07
tk                  =  5.06679e-07
tk                  =  5.09532e-07
tk                  =  5.12383e-07
tk                  =  5.15236e-07
tk                  =  5.18090e-07
tk                  =  5.20945e-07
tk                  =  5.23799e-07
tk                  =  5.26652e-07
tk                  =  5.29503e-07
tk                  =  5.32354e-07
tk                  =  5.35204e-07
tk                  =  5.38056e-07
tk                  =  5.40907e-07
tk                  =  5.43756e-07
tk                  =  5.46609e-07
tk                  =  5.49461e-07
tk                  =  5.52315e-07
tk                  =  5.55168e-07
tk                  =  5.58024e-07
tk                  =  5.60876e-07
tk                  =  5.63730e-07
tk                  =  5.66579e-07
tk                  =  5.69430e-07
tk                  =  5.72282e-07
tk                  =  5.75134e-07
tk                  =  5.77983e-07
tk                  =  5.80835e-07
tk                  =  5.83686e-07
tk                  =  5.86540e-07
tk                  =  5.89394e-07
tk                  =  5.92248e-07
tk                  =  5.95104e-07
tk                  =  5.97957e-07
tk                  =  6.00808e-07
tk                  =  6.03658e-07
tk                  =  6.06509e-07
tk                  =  6.09360e-07
tk                  =  6.12212e-07
tk                  =  6.15058e-07
tk                  =  6.17913e-07
tk                  =  6.20765e-07
tk                  =  6.23619e-07
tk                  =  6.26472e-07
tk                  =  6.29328e-07
tk                  =  6.32181e-07
tk                  =  6.35035e-07
tk                  =  6.37885e-07
tk                  =  6.40736e-07
tk                  =  6.43587e-07
tk                  =  6.46439e-07
tk                  =  6.49290e-07
tk                  =  6.52138e-07
tk                  =  6.54990e-07
tk                  =  6.57843e-07
tk                  =  6.60698e-07
tk                  =  6.63551e-07
tk                  =  6.66407e-07
tk                  =  6.69260e-07
tk                  =  6.72113e-07
tk                  =  6.74963e-07
tk                  =  6.77814e-07
tk                  =  6.80666e-07
tk                  =  6.83516e-07
tk                  =  6.86365e-07
tk                  =  6.89218e-07
tk                  =  6.92068e-07
tk                  =  6.94923e-07
tk                  =  6.97777e-07
tk                  =  7.00632e-07
tk                  =  7.03486e-07
tk                  =  7.06340e-07
tk                  =  7.09190e-07
tk                  =  7.12041e-07
tk                  =  7.14892e-07
tk                  =  7.17744e-07
tk                  =  7.20595e-07
tk                  =  7.23442e-07
tk                  =  7.26295e-07
tk                  =  7.29146e-07
tk                  =  7.32000e-07
tk                  =  7.34854e-07
tk                  =  7.37710e-07
tk                  =  7.40563e-07
tk                  =  7.43415e-07
tk                  =  7.46265e-07
tk                  =  7.49115e-07
tk                  =  7.51967e-07
tk                  =  7.54819e-07
tk                  =  7.57670e-07
tk                  =  7.60519e-07
tk                  =  7.63371e-07
tk                  =  7.66224e-07
tk                  =  7.69079e-07
tk                  =  7.71932e-07
tk                  =  7.74788e-07
tk                  =  7.77641e-07
tk                  =  7.80493e-07
tk                  =  7.83343e-07
tk                  =  7.86194e-07
tk                  =  7.89046e-07
tk                  =  7.91897e-07
tk                  =  7.94746e-07
tk                  =  7.97599e-07
tk                  =  8.00450e-07
tk                  =  8.03303e-07
tk                  =  8.06157e-07
tk                  =  8.09013e-07
tk                  =  8.11867e-07
tk                  =  8.14720e-07
tk                  =  8.17572e-07
tk                  =  8.20423e-07
tk                  =  8.23274e-07
tk                  =  8.26126e-07
tk                  =  8.28979e-07
tk                  =  8.31827e-07
tk                  =  8.34679e-07
tk                  =  8.37531e-07
tk                  =  8.40385e-07
tk                  =  8.43239e-07
tk                  =  8.46095e-07
tk                  =  8.48947e-07
tk                  =  8.51800e-07
tk                  =  8.54651e-07
tk                  =  8.57501e-07
tk                  =  8.60353e-07
tk                  =  8.63204e-07
tk                  =  8.66053e-07
tk                  =  8.68905e-07
tk                  =  8.71756e-07
tk                  =  8.74609e-07
tk                  =  8.77463e-07
tk                  =  8.80318e-07
tk                  =  8.83173e-07
tk                  =  8.86025e-07
tk                  =  8.88876e-07
tk                  =  8.91726e-07
tk                  =  8.94578e-07
tk                  =  8.97430e-07
tk                  =  9.00282e-07
tk                  =  9.03129e-07
tk                  =  9.05983e-07
tk                  =  9.08834e-07
tk                  =  9.11689e-07
tk                  =  9.14542e-07
tk                  =  9.17398e-07
tk                  =  9.20251e-07
tk                  =  9.23106e-07
tk                  =  9.25956e-07
tk                  =  9.28806e-07
tk                  =  9.31658e-07
tk                  =  9.34509e-07
tk                  =  9.37359e-07
tk                  =  9.40210e-07
tk                  =  9.43061e-07
tk                  =  9.45916e-07
tk                  =  9.48770e-07
tk                  =  9.51624e-07
tk                  =  9.54480e-07
tk                  =  9.57333e-07
tk                  =  9.60186e-07
tk                  =  9.63035e-07
tk                  =  9.65886e-07
tk                  =  9.68738e-07
tk                  =  9.71589e-07
tk                  =  9.74436e-07
tk                  =  9.77289e-07
tk                  =  9.80141e-07
tk                  =  9.82995e-07
tk                  =  9.85849e-07
tk                  =  9.88705e-07
tk                  =  9.91559e-07
tk                  =  9.94413e-07
tk                  =  9.97264e-07
tk                  =  1.00011e-06
tk                  =  1.00297e-06
tk                  =  1.00582e-06
tk                  =  1.00867e-06
tk                  =  1.01152e-06
tk                  =  1.01437e-06
tk                  =  1.01722e-06
tk                  =  1.02007e-06
tk                  =  1.02293e-06
tk                  =  1.02578e-06
tk                  =  1.02864e-06
tk                  =  1.03149e-06
tk                  =  1.03434e-06
tk                  =  1.03719e-06
tk                  =  1.04004e-06
tk                  =  1.04289e-06
tk                  =  1.04574e-06
tk                  =  1.04859e-06
tk                  =  1.05145e-06
tk                  =  1.05430e-06
tk                  =  1.05715e-06
tk                  =  1.06001e-06
tk                  =  1.06286e-06
tk                  =  1.06572e-06
tk                  =  1.06857e-06
tk                  =  1.07142e-06
tk                  =  1.07427e-06
tk                  =  1.07712e-06
tk                  =  1.07997e-06
tk                  =  1.08282e-06
tk                  =  1.08567e-06
tk                  =  1.08852e-06
tk                  =  1.09138e-06
tk                  =  1.09423e-06
tk                  =  1.09709e-06
tk                  =  1.09994e-06
tk                  =  1.10280e-06
tk                  =  1.10565e-06
tk                  =  1.10850e-06
tk                  =  1.11135e-06
tk                  =  1.11420e-06
tk                  =  1.11705e-06
tk                  =  1.11990e-06
tk                  =  1.12275e-06
tk                  =  1.12560e-06
tk                  =  1.12846e-06
tk                  =  1.13131e-06
tk                  =  1.13417e-06
tk                  =  1.13702e-06
tk                  =  1.13987e-06
tk                  =  1.14272e-06
tk                  =  1.14557e-06
tk                  =  1.14843e-06
tk                  =  1.15128e-06
tk                  =  1.15413e-06
tk                  =  1.15698e-06
tk                  =  1.15983e-06
tk                  =  1.16268e-06
tk                  =  1.16554e-06
tk                  =  1.16839e-06
tk                  =  1.17125e-06
tk                  =  1.17410e-06
tk                  =  1.17695e-06
tk                  =  1.17980e-06
tk                  =  1.18265e-06
tk                  =  1.18550e-06
tk                  =  1.18835e-06
tk                  =  1.19120e-06
tk                  =  1.19406e-06
tk                  =  1.19691e-06
tk                  =  1.19976e-06
tk                  =  1.20262e-06
tk                  =  1.20547e-06
tk                  =  1.20832e-06
tk                  =  1.21118e-06
tk                  =  1.21403e-06
tk                  =  1.21688e-06
tk                  =  1.21973e-06
tk                  =  1.22258e-06
tk                  =  1.22543e-06
tk                  =  1.22828e-06
tk                  =  1.23113e-06
tk                  =  1.23399e-06
tk                  =  1.23684e-06
tk                  =  1.23969e-06
tk                  =  1.24255e-06
tk                  =  1.24540e-06
tk                  =  1.24826e-06
tk                  =  1.25111e-06
tk                  =  1.25396e-06
tk                  =  1.25681e-06
tk                  =  1.25966e-06
tk                  =  1.26251e-06
tk                  =  1.26536e-06
tk                  =  1.26821e-06
tk                  =  1.27107e-06
tk                  =  1.27392e-06
tk                  =  1.27678e-06
tk                  =  1.27963e-06
tk                  =  1.28248e-06
tk                  =  1.28533e-06
tk                  =  1.28818e-06
tk                  =  1.29104e-06
tk                  =  1.29389e-06
tk                  =  1.29674e-06
tk                  =  1.29959e-06
tk                  =  1.30244e-06
tk                  =  1.30529e-06
tk                  =  1.30815e-06
tk                  =  1.31100e-06
tk                  =  1.31386e-06
tk                  =  1.31671e-06
tk                  =  1.31956e-06
tk                  =  1.32241e-06
tk                  =  1.32526e-06
tk                  =  1.32811e-06
tk                  =  1.33097e-06
tk                  =  1.33382e-06
tk                  =  1.33667e-06
tk                  =  1.33952e-06
tk                  =  1.34237e-06
tk                  =  1.34523e-06
tk                  =  1.34808e-06
tk                  =  1.35094e-06
tk                  =  1.35379e-06
tk                  =  1.35664e-06
tk                  =  1.35949e-06
tk                  =  1.36234e-06
tk                  =  1.36519e-06
tk                  =  1.36805e-06
tk                  =  1.37089e-06
tk                  =  1.37375e-06
tk                  =  1.37660e-06
tk                  =  1.37945e-06
tk                  =  1.38230e-06
tk                  =  1.38516e-06
tk                  =  1.38801e-06
tk                  =  1.39087e-06
tk                  =  1.39372e-06
tk                  =  1.39657e-06
tk                  =  1.39942e-06
tk                  =  1.40227e-06
tk                  =  1.40512e-06
tk                  =  1.40797e-06
tk                  =  1.41082e-06
tk                  =  1.41367e-06
tk                  =  1.41653e-06
tk                  =  1.41938e-06
tk                  =  1.42224e-06
tk                  =  1.42509e-06
tk                  =  1.42794e-06
tk                  =  1.43079e-06
tk                  =  1.43364e-06
tk                  =  1.43649e-06
tk                  =  1.43935e-06
tk                  =  1.44219e-06
tk                  =  1.44505e-06
tk                  =  1.44790e-06
tk                  =  1.45075e-06
tk                  =  1.45361e-06
tk                  =  1.45646e-06
tk                  =  1.45931e-06
tk                  =  1.46217e-06
tk                  =  1.46502e-06
tk                  =  1.46787e-06
tk                  =  1.47072e-06
tk                  =  1.47357e-06
tk                  =  1.47642e-06
tk                  =  1.47927e-06
tk                  =  1.48213e-06
tk                  =  1.48498e-06
tk                  =  1.48783e-06
tk                  =  1.49069e-06
tk                  =  1.49354e-06
tk                  =  1.49640e-06
tk                  =  1.49925e-06
tk                  =  1.50210e-06
tk                  =  1.50495e-06
tk                  =  1.50780e-06
tk                  =  1.51065e-06
tk                  =  1.51350e-06
tk                  =  1.51635e-06
tk                  =  1.51920e-06
tk                  =  1.52206e-06
tk                  =  1.52491e-06
tk                  =  1.52777e-06
tk                  =  1.53062e-06
tk                  =  1.53347e-06
tk                  =  1.53633e-06
tk                  =  1.53918e-06
tk                  =  1.54203e-06
tk                  =  1.54488e-06
tk                  =  1.54773e-06
tk                  =  1.55058e-06
tk                  =  1.55343e-06
tk                  =  1.55628e-06
tk                  =  1.55914e-06
tk                  =  1.56199e-06
tk                  =  1.56484e-06
tk                  =  1.56770e-06
tk                  =  1.57055e-06
tk                  =  1.57340e-06
tk                  =  1.57625e-06
tk                  =  1.57910e-06
tk                  =  1.58196e-06
tk                  =  1.58481e-06
tk                  =  1.58766e-06
tk                  =  1.59051e-06
tk                  =  1.59336e-06
tk                  =  1.59622e-06
tk                  =  1.59907e-06
tk                  =  1.60193e-06
tk                  =  1.60478e-06
tk                  =  1.60763e-06
tk                  =  1.61048e-06
tk                  =  1.61334e-06
tk                  =  1.61619e-06
tk                  =  1.61904e-06
tk                  =  1.62189e-06
tk                  =  1.62474e-06
tk                  =  1.62759e-06
tk                  =  1.63044e-06
tk                  =  1.63330e-06
tk                  =  1.63615e-06
tk                  =  1.63901e-06
tk                  =  1.64186e-06
tk                  =  1.64471e-06
tk                  =  1.64756e-06
tk                  =  1.65041e-06
tk                  =  1.65326e-06
tk                  =  1.65611e-06
tk                  =  1.65896e-06
tk                  =  1.66181e-06
tk                  =  1.66467e-06
tk                  =  1.66752e-06
tk                  =  1.67037e-06
tk                  =  1.67323e-06
tk                  =  1.67608e-06
tk                  =  1.67893e-06
tk                  =  1.68179e-06
tk                  =  1.68464e-06
tk                  =  1.68749e-06
tk                  =  1.69034e-06
tk                  =  1.69319e-06
tk                  =  1.69604e-06
tk                  =  1.69889e-06
tk                  =  1.70175e-06
tk                  =  1.70460e-06
tk                  =  1.70745e-06
tk                  =  1.71031e-06
tk                  =  1.71316e-06
tk                  =  1.71601e-06
tk                  =  1.71887e-06
tk                  =  1.72172e-06
tk                  =  1.72457e-06
tk                  =  1.72742e-06
tk                  =  1.73027e-06
tk                  =  1.73312e-06
tk                  =  1.73597e-06
tk                  =  1.73882e-06
tk                  =  1.74168e-06
tk                  =  1.74453e-06
tk                  =  1.74739e-06
tk                  =  1.75024e-06
tk                  =  1.75309e-06
tk                  =  1.75594e-06
tk                  =  1.75879e-06
tk                  =  1.76164e-06
tk                  =  1.76449e-06
tk                  =  1.76734e-06
tk                  =  1.77020e-06
tk                  =  1.77305e-06
tk                  =  1.77590e-06
tk                  =  1.77876e-06
tk                  =  1.78161e-06
tk                  =  1.78447e-06
tk                  =  1.78732e-06
tk                  =  1.79017e-06
tk                  =  1.79302e-06
tk                  =  1.79587e-06
tk                  =  1.79872e-06
tk                  =  1.80157e-06
tk                  =  1.80442e-06
tk                  =  1.80727e-06
tk                  =  1.81013e-06
tk                  =  1.81298e-06
tk                  =  1.81584e-06
tk                  =  1.81869e-06
tk                  =  1.82155e-06
tk                  =  1.82440e-06
tk                  =  1.82725e-06
tk                  =  1.83010e-06
tk                  =  1.83295e-06
tk                  =  1.83580e-06
tk                  =  1.83865e-06
tk                  =  1.84150e-06
tk                  =  1.84435e-06
tk                  =  1.84721e-06
tk                  =  1.85006e-06
tk                  =  1.85292e-06
tk                  =  1.85577e-06
tk                  =  1.85862e-06
tk                  =  1.86148e-06
tk                  =  1.86433e-06
tk                  =  1.86718e-06
tk                  =  1.87003e-06
tk                  =  1.87288e-06
tk                  =  1.87573e-06
tk                  =  1.87858e-06
tk                  =  1.88143e-06
tk                  =  1.88429e-06
tk                  =  1.88714e-06
tk                  =  1.89000e-06
tk                  =  1.89285e-06
tk                  =  1.89570e-06
tk                  =  1.89855e-06
tk                  =  1.90141e-06
tk                  =  1.90426e-06
tk                  =  1.90711e-06
tk                  =  1.90996e-06
tk                  =  1.91281e-06
tk                  =  1.91566e-06
tk                  =  1.91851e-06
tk                  =  1.92137e-06
tk                  =  1.92422e-06
tk                  =  1.92707e-06
tk                  =  1.92993e-06
tk                  =  1.93278e-06
tk                  =  1.93563e-06
tk                  =  1.93848e-06
tk                  =  1.94133e-06
tk                  =  1.94418e-06
tk                  =  1.94703e-06
tk                  =  1.94988e-06
tk                  =  1.95274e-06
tk                  =  1.95559e-06
tk                  =  1.95844e-06
tk                  =  1.96130e-06
tk                  =  1.96415e-06
tk                  =  1.96701e-06
tk                  =  1.96986e-06
tk                  =  1.97271e-06
tk                  =  1.97556e-06
tk                  =  1.97841e-06
tk                  =  1.98126e-06
tk                  =  1.98411e-06
tk                  =  1.98696e-06
tk                  =  1.98982e-06
tk                  =  1.99267e-06
tk                  =  1.99552e-06
tk                  =  1.99838e-06
tk                  =  2.00123e-06
tk                  =  2.00408e-06
tk                  =  2.00693e-06
tk                  =  2.00978e-06
tk                  =  2.01264e-06
tk                  =  2.01549e-06
tk                  =  2.01833e-06
tk                  =  2.02119e-06
tk                  =  2.02404e-06
tk                  =  2.02689e-06
tk                  =  2.02975e-06
tk                  =  2.03260e-06
tk                  =  2.03545e-06
tk                  =  2.03831e-06
tk                  =  2.04116e-06
tk                  =  2.04401e-06
tk                  =  2.04686e-06
tk                  =  2.04971e-06
tk                  =  2.05256e-06
tk                  =  2.05541e-06
tk                  =  2.05826e-06
tk                  =  2.06111e-06
tk                  =  2.06397e-06
tk                  =  2.06682e-06
tk                  =  2.06968e-06
tk                  =  2.07253e-06
tk                  =  2.07539e-06
tk                  =  2.07824e-06
tk                  =  2.08109e-06
tk                  =  2.08394e-06
tk                  =  2.08679e-06
tk                  =  2.08964e-06
tk                  =  2.09249e-06
tk                  =  2.09534e-06
tk                  =  2.09820e-06
tk                  =  2.10105e-06
tk                  =  2.10390e-06
tk                  =  2.10676e-06
tk                  =  2.10961e-06
tk                  =  2.11246e-06
tk                  =  2.11531e-06
tk                  =  2.11816e-06
tk                  =  2.12102e-06
tk                  =  2.12387e-06
tk                  =  2.12671e-06
tk                  =  2.12957e-06
tk                  =  2.13242e-06
tk                  =  2.13527e-06
tk                  =  2.13813e-06
tk                  =  2.14098e-06
tk                  =  2.14384e-06
tk                  =  2.14669e-06
tk                  =  2.14954e-06
tk                  =  2.15239e-06
tk                  =  2.15524e-06
tk                  =  2.15810e-06
tk                  =  2.16095e-06
tk                  =  2.16380e-06
tk                  =  2.16665e-06
tk                  =  2.16950e-06
tk                  =  2.17235e-06
tk                  =  2.17521e-06
tk                  =  2.17806e-06
tk                  =  2.18092e-06
tk                  =  2.18377e-06
tk                  =  2.18662e-06
tk                  =  2.18947e-06
tk                  =  2.19232e-06
tk                  =  2.19517e-06
qw0                 =  -1.38731e-02
qw1                 =  -4.14578e-02
qb10                =  -7.00410e-03
qb11                =  -2.09564e-02
qb20                =  -7.42005e-03
qb21                =  -2.21927e-02
qt0                 =  -1.39933e-02
qt1                 =  -4.18075e-02
m_period = 2.8521875000e-09
m_f_osc = 3.5060808590e+08
m_period_r2 = 2.6426600234e-09
m_period_startup16 = 2.8522975625e-09
m_period_b00 = 2.8522175208e-09
m_period_b01 = 2.8520708333e-09
m_period_b02 = 2.8522104167e-09
m_period_b03 = 2.8520541667e-09
m_period_b04 = 2.8521458333e-09
m_period_b05 = 2.8522666667e-09
m_period_b06 = 2.8522583333e-09
m_period_b07 = 2.8522333333e-09
m_period_b08 = 2.8520208333e-09
m_period_b09 = 2.8522291667e-09
m_period_b10 = 2.8522291667e-09
m_period_b11 = 2.8522291667e-09
m_period_b12 = 2.8521875000e-09
m_period_b13 = 2.8521041667e-09
m_period_b14 = 2.8520000000e-09
m_period_b15 = 2.8523333333e-09
m_sigma_1 = 1.9870717178e-12
m_sigma_2 = 3.2325361401e-12
m_sigma_4 = 5.2113007427e-12
m_sigma_8 = 5.7095060948e-12
m_sigma_16 = 5.0605329082e-12
m_sigma_32 = 6.4896458926e-12
m_sigma_64 = 3.5135372946e-12
m_sigma_128 = 4.7440279158e-12
m_sigma_startup16_1 = 1.7986492328e-12
m_sigma_startup16_2 = 2.9128495848e-12
m_sigma_startup16_4 = 5.3392811800e-12
m_sigma_startup16_8 = 7.3236061586e-12
m_i_ring_a = 1.8889476279e-05
m_i_buf1_a = 9.5542976882e-06
m_i_buf2_a = 1.0116061548e-05
m_i_tree_a = 1.9046592528e-05
m_p_active_w = 6.2335271724e-05
m_p_buf1_w = 3.1529182372e-05
m_p_buf2_w = 3.3383003110e-05
m_e_per_cycle_j = 1.7779188282e-13
m_c_eff_node_f = 3.2652320074e-15
m_vsup_v = 3.3000000002e+00
Note: Simulation executed from .control section 

Warning: m=xx on .subckt line will override multiplier m hierarchy!

