
Note: Compatibility modes selected: hs a


Circuit: * ro-array-coupling-xor-static @ tt_27c_3.30v -- generated by sim/harness, do not edit

Doing analysis at TEMP = 27.000000 and TNOM = 27.000000

Using SPARSE 1.3 as Direct Linear Solver

Initial Transient Solution
--------------------------

Node                                   Voltage
----                                   -------
vsup                                       3.3
en                                         3.3
vddr1                                      3.3
vdd                                        3.3
xg1.py                                 1.58325
n11                                          0
g10                                1.24708e-07
xg1.nm                            9.09078e-110
xg1.ny                            8.48632e-110
x11.py                                     3.3
n12                                        3.3
g11                                          0
x11.ny                             2.35462e-08
x12.py                                     3.3
n13                                1.24708e-07
g12                                        3.3
x12.ny                             1.06256e-07
x13.py                                     3.3
n14                                        3.3
g13                                1.24708e-07
x13.ny                             2.35463e-08
x14.py                                     3.3
ro1                                1.24708e-07
g14                                        3.3
x14.ny                             1.06256e-07
xa1.an                                     3.3
xa1.bn                                     3.3
xa1.mid                                    3.3
t1                                 4.53008e-08
xa1.s1                             9.54365e-09
xa1.s2                             2.26504e-08
q1                                 -9.2686e-16
qt                                -1.48519e-21
x1                                       -1.65
bx1#branch                                   0
vtr#branch                         1.48519e-11
vr1#branch                          9.2686e-06
vn14#branch                                  0
vn13#branch                                  0
vn12#branch                                  0
vn11#branch                                  0
vn10#branch                        2.15979e-28
ven#branch                                   0
vsup#branch                       -9.26861e-06

 Reference value :  0.00000e+00
 Reference value :  7.49250e-10
 Reference value :  1.51550e-09
 Reference value :  2.27850e-09
 Reference value :  3.03925e-09
 Reference value :  3.77450e-09
 Reference value :  4.53150e-09
 Reference value :  5.29925e-09
 Reference value :  6.01750e-09
 Reference value :  6.76850e-09
 Reference value :  7.50010e-09
 Reference value :  8.29925e-09
 Reference value :  9.05000e-09
 Reference value :  9.79010e-09
 Reference value :  1.05315e-08
 Reference value :  1.12955e-08
 Reference value :  1.20775e-08
 Reference value :  1.28303e-08
 Reference value :  1.35607e-08
 Reference value :  1.43085e-08
 Reference value :  1.50535e-08
 Reference value :  1.58135e-08
 Reference value :  1.65625e-08
 Reference value :  1.73035e-08
 Reference value :  1.80735e-08
 Reference value :  1.88485e-08
 Reference value :  1.95792e-08
 Reference value :  2.03175e-08
 Reference value :  2.10825e-08
 Reference value :  2.18735e-08
 Reference value :  2.26165e-08
 Reference value :  2.34135e-08
 Reference value :  2.41625e-08
 Reference value :  2.49235e-08
 Reference value :  2.56801e-08
 Reference value :  2.64555e-08
 Reference value :  2.72301e-08
 Reference value :  2.80345e-08
 Reference value :  2.88675e-08
 Reference value :  2.97375e-08
 Reference value :  3.06025e-08
 Reference value :  3.13655e-08
 Reference value :  3.21001e-08
 Reference value :  3.28415e-08
 Reference value :  3.35925e-08
 Reference value :  3.43607e-08
 Reference value :  3.51885e-08
 Reference value :  3.59835e-08
 Reference value :  3.67401e-08
 Reference value :  3.75445e-08
 Reference value :  3.83001e-08
 Reference value :  3.90825e-08
 Reference value :  3.98555e-08
 Reference value :  4.06285e-08
 Reference value :  4.13855e-08
 Reference value :  4.21725e-08
 Reference value :  4.29525e-08
 Reference value :  4.37307e-08
 Reference value :  4.45101e-08
 Reference value :  4.52925e-08
 Reference value :  4.60785e-08
 Reference value :  4.68692e-08
 Reference value :  4.76492e-08
 Reference value :  4.84135e-08
 Reference value :  4.92207e-08
 Reference value :  5.00085e-08
 Reference value :  5.07785e-08
 Reference value :  5.15403e-08
 Reference value :  5.23100e-08
 Reference value :  5.30925e-08
 Reference value :  5.38607e-08
 Reference value :  5.46407e-08
 Reference value :  5.54003e-08
 Reference value :  5.61985e-08
 Reference value :  5.69525e-08
 Reference value :  5.77392e-08
 Reference value :  5.85192e-08
 Reference value :  5.92835e-08
 Reference value :  6.00365e-08
 Reference value :  6.08085e-08
 Reference value :  6.15965e-08
 Reference value :  6.23635e-08
 Reference value :  6.31545e-08
 Reference value :  6.39125e-08
 Reference value :  6.46985e-08
 Reference value :  6.54700e-08
 Reference value :  6.62535e-08
 Reference value :  6.70145e-08
 Reference value :  6.78025e-08
 Reference value :  6.85700e-08
 Reference value :  6.93455e-08
 Reference value :  7.01300e-08
 Reference value :  7.09007e-08
 Reference value :  7.16755e-08
 Reference value :  7.24665e-08
 Reference value :  7.32401e-08
 Reference value :  7.40292e-08
 Reference value :  7.48201e-08
 Reference value :  7.56135e-08
 Reference value :  7.63815e-08
 Reference value :  7.71485e-08
 Reference value :  7.79407e-08
 Reference value :  7.87007e-08
 Reference value :  7.94803e-08
 Reference value :  8.02565e-08
 Reference value :  8.10545e-08
 Reference value :  8.18301e-08
 Reference value :  8.26092e-08
 Reference value :  8.33725e-08
 Reference value :  8.42265e-08
 Reference value :  8.50901e-08
 Reference value :  8.59001e-08
 Reference value :  8.66725e-08
 Reference value :  8.74565e-08
 Reference value :  8.82385e-08
 Reference value :  8.90265e-08
 Reference value :  8.98515e-08
 Reference value :  9.06415e-08
 Reference value :  9.14907e-08
 Reference value :  9.23475e-08
 Reference value :  9.31935e-08
 Reference value :  9.40585e-08
 Reference value :  9.48507e-08
 Reference value :  9.56355e-08
 Reference value :  9.64703e-08
 Reference value :  9.72545e-08
 Reference value :  9.80425e-08
 Reference value :  9.88075e-08
 Reference value :  9.95865e-08
 Reference value :  1.00361e-07
 Reference value :  1.01153e-07
 Reference value :  1.01914e-07
 Reference value :  1.02685e-07
 Reference value :  1.03481e-07
 Reference value :  1.04296e-07
 Reference value :  1.05064e-07
 Reference value :  1.05825e-07
 Reference value :  1.06621e-07
 Reference value :  1.07408e-07
 Reference value :  1.08180e-07
 Reference value :  1.08979e-07
 Reference value :  1.09754e-07
 Reference value :  1.10559e-07
 Reference value :  1.11341e-07
 Reference value :  1.12147e-07
 Reference value :  1.12901e-07
 Reference value :  1.13654e-07
 Reference value :  1.14440e-07
 Reference value :  1.15211e-07
 Reference value :  1.15994e-07
 Reference value :  1.16783e-07
 Reference value :  1.17571e-07
 Reference value :  1.18370e-07
 Reference value :  1.19134e-07
 Reference value :  1.19940e-07
 Reference value :  1.20719e-07
 Reference value :  1.21512e-07
 Reference value :  1.22271e-07
 Reference value :  1.23041e-07
 Reference value :  1.23821e-07
 Reference value :  1.24601e-07
 Reference value :  1.25395e-07
 Reference value :  1.26172e-07
 Reference value :  1.26974e-07
 Reference value :  1.27747e-07
 Reference value :  1.28528e-07
 Reference value :  1.29298e-07
 Reference value :  1.30076e-07
 Reference value :  1.30867e-07
 Reference value :  1.31620e-07
 Reference value :  1.32407e-07
 Reference value :  1.33217e-07
 Reference value :  1.33973e-07
 Reference value :  1.34781e-07
 Reference value :  1.35542e-07
 Reference value :  1.36304e-07
 Reference value :  1.37092e-07
 Reference value :  1.38039e-07
 Reference value :  1.38934e-07
 Reference value :  1.39706e-07
 Reference value :  1.40512e-07
 Reference value :  1.41311e-07
 Reference value :  1.42088e-07
 Reference value :  1.42868e-07
 Reference value :  1.43638e-07
 Reference value :  1.44420e-07
 Reference value :  1.45213e-07
 Reference value :  1.46002e-07
 Reference value :  1.46775e-07
 Reference value :  1.47572e-07
 Reference value :  1.48342e-07
 Reference value :  1.49099e-07
 Reference value :  1.49866e-07
 Reference value :  1.50690e-07
 Reference value :  1.51471e-07
 Reference value :  1.52271e-07
 Reference value :  1.53069e-07
 Reference value :  1.53836e-07
 Reference value :  1.54639e-07
 Reference value :  1.55420e-07
 Reference value :  1.56204e-07
 Reference value :  1.57000e-07
 Reference value :  1.57788e-07
 Reference value :  1.58580e-07
 Reference value :  1.59365e-07
 Reference value :  1.60164e-07
 Reference value :  1.60961e-07
 Reference value :  1.61738e-07
 Reference value :  1.62527e-07
 Reference value :  1.63317e-07
 Reference value :  1.64138e-07
 Reference value :  1.64907e-07
 Reference value :  1.65683e-07
 Reference value :  1.66485e-07
 Reference value :  1.67278e-07
 Reference value :  1.68070e-07
 Reference value :  1.68857e-07
 Reference value :  1.69631e-07
 Reference value :  1.70458e-07
 Reference value :  1.71230e-07
 Reference value :  1.72011e-07
 Reference value :  1.72770e-07
 Reference value :  1.73557e-07
 Reference value :  1.74321e-07
 Reference value :  1.75092e-07
 Reference value :  1.75870e-07
 Reference value :  1.76661e-07
 Reference value :  1.77421e-07
 Reference value :  1.78198e-07
 Reference value :  1.78961e-07
 Reference value :  1.79741e-07
 Reference value :  1.80521e-07
 Reference value :  1.81311e-07
 Reference value :  1.82074e-07
 Reference value :  1.82851e-07
 Reference value :  1.83639e-07
 Reference value :  1.84411e-07
 Reference value :  1.85209e-07
 Reference value :  1.85975e-07
 Reference value :  1.86748e-07
 Reference value :  1.87530e-07
 Reference value :  1.88323e-07
 Reference value :  1.89090e-07
 Reference value :  1.89918e-07
 Reference value :  1.90753e-07
 Reference value :  1.91536e-07
 Reference value :  1.92306e-07
 Reference value :  1.93102e-07
 Reference value :  1.93889e-07
 Reference value :  1.94690e-07
 Reference value :  1.95477e-07
 Reference value :  1.96261e-07
 Reference value :  1.97044e-07
 Reference value :  1.97820e-07
 Reference value :  1.98582e-07
 Reference value :  1.99350e-07
 Reference value :  2.00170e-07
 Reference value :  2.00940e-07
 Reference value :  2.01748e-07
 Reference value :  2.02558e-07
 Reference value :  2.03349e-07
 Reference value :  2.04132e-07
 Reference value :  2.04907e-07
 Reference value :  2.05683e-07
 Reference value :  2.06475e-07
 Reference value :  2.07271e-07
 Reference value :  2.08070e-07
 Reference value :  2.08831e-07
 Reference value :  2.09613e-07
 Reference value :  2.10391e-07
 Reference value :  2.11169e-07
 Reference value :  2.11977e-07
 Reference value :  2.12786e-07
 Reference value :  2.13581e-07
 Reference value :  2.14360e-07
 Reference value :  2.15127e-07
 Reference value :  2.15911e-07
 Reference value :  2.16672e-07
 Reference value :  2.17474e-07
 Reference value :  2.18275e-07
 Reference value :  2.19045e-07
 Reference value :  2.19811e-07
 Reference value :  2.20911e-07
 Reference value :  2.21721e-07
 Reference value :  2.22521e-07
 Reference value :  2.23350e-07
 Reference value :  2.24130e-07
 Reference value :  2.24959e-07
 Reference value :  2.25705e-07
 Reference value :  2.26476e-07
 Reference value :  2.27256e-07
 Reference value :  2.28004e-07
 Reference value :  2.28776e-07
 Reference value :  2.29570e-07
 Reference value :  2.30338e-07
 Reference value :  2.31119e-07
 Reference value :  2.31904e-07
 Reference value :  2.32711e-07
 Reference value :  2.33498e-07
 Reference value :  2.34266e-07
 Reference value :  2.35033e-07
 Reference value :  2.35816e-07
 Reference value :  2.36590e-07
 Reference value :  2.37352e-07
 Reference value :  2.38137e-07
 Reference value :  2.38934e-07
 Reference value :  2.39718e-07
 Reference value :  2.40523e-07
 Reference value :  2.41317e-07
 Reference value :  2.42088e-07
 Reference value :  2.42907e-07
 Reference value :  2.43708e-07
 Reference value :  2.44538e-07
 Reference value :  2.45370e-07
 Reference value :  2.46200e-07
 Reference value :  2.47011e-07
 Reference value :  2.47838e-07
 Reference value :  2.48628e-07
 Reference value :  2.49406e-07
 Reference value :  2.50176e-07
 Reference value :  2.50990e-07
 Reference value :  2.51774e-07
 Reference value :  2.52551e-07
 Reference value :  2.53329e-07
 Reference value :  2.54150e-07
 Reference value :  2.55050e-07
 Reference value :  2.55845e-07
 Reference value :  2.56644e-07
 Reference value :  2.57453e-07
 Reference value :  2.58271e-07
 Reference value :  2.59138e-07
 Reference value :  2.59999e-07
 Reference value :  2.60825e-07
 Reference value :  2.61645e-07
 Reference value :  2.62458e-07
 Reference value :  2.63254e-07
 Reference value :  2.64103e-07
 Reference value :  2.64912e-07
 Reference value :  2.65673e-07
 Reference value :  2.66470e-07
 Reference value :  2.67238e-07
 Reference value :  2.68006e-07
 Reference value :  2.68768e-07
 Reference value :  2.69589e-07
 Reference value :  2.70366e-07
 Reference value :  2.71127e-07
 Reference value :  2.71881e-07
 Reference value :  2.72656e-07
 Reference value :  2.73443e-07
 Reference value :  2.74202e-07
 Reference value :  2.74987e-07
 Reference value :  2.75778e-07
 Reference value :  2.76570e-07
 Reference value :  2.77373e-07
 Reference value :  2.78151e-07
 Reference value :  2.78940e-07
 Reference value :  2.79765e-07
 Reference value :  2.80540e-07
 Reference value :  2.81313e-07
 Reference value :  2.82119e-07
 Reference value :  2.82920e-07
 Reference value :  2.83687e-07
 Reference value :  2.84489e-07
 Reference value :  2.85262e-07
 Reference value :  2.86053e-07
 Reference value :  2.86841e-07
 Reference value :  2.87670e-07
 Reference value :  2.88469e-07
 Reference value :  2.89250e-07
 Reference value :  2.90022e-07
 Reference value :  2.90800e-07
 Reference value :  2.91601e-07
 Reference value :  2.92423e-07
 Reference value :  2.93206e-07
 Reference value :  2.93963e-07
 Reference value :  2.94749e-07
 Reference value :  2.95530e-07
 Reference value :  2.96311e-07
 Reference value :  2.97092e-07
 Reference value :  2.97870e-07
 Reference value :  2.98711e-07
 Reference value :  2.99483e-07
 Reference value :  3.00267e-07
 Reference value :  3.01048e-07
 Reference value :  3.01830e-07
 Reference value :  3.02600e-07
 Reference value :  3.03360e-07
 Reference value :  3.04111e-07
 Reference value :  3.04892e-07
 Reference value :  3.05690e-07
 Reference value :  3.06482e-07
 Reference value :  3.07632e-07
 Reference value :  3.08419e-07
 Reference value :  3.09248e-07
 Reference value :  3.10050e-07
 Reference value :  3.10835e-07
 Reference value :  3.11599e-07
 Reference value :  3.12401e-07
 Reference value :  3.13175e-07
 Reference value :  3.13943e-07
 Reference value :  3.14715e-07
 Reference value :  3.15510e-07
 Reference value :  3.16281e-07
 Reference value :  3.17061e-07
 Reference value :  3.17873e-07
 Reference value :  3.18651e-07
 Reference value :  3.19431e-07
 Reference value :  3.20226e-07
 Reference value :  3.21001e-07
 Reference value :  3.21786e-07
 Reference value :  3.22542e-07
 Reference value :  3.23309e-07
 Reference value :  3.24063e-07
 Reference value :  3.24855e-07
 Reference value :  3.25643e-07
 Reference value :  3.26437e-07
 Reference value :  3.27200e-07
 Reference value :  3.27990e-07
 Reference value :  3.28766e-07
 Reference value :  3.29531e-07
 Reference value :  3.30302e-07
 Reference value :  3.31077e-07
 Reference value :  3.31859e-07
 Reference value :  3.32638e-07
 Reference value :  3.33410e-07
 Reference value :  3.34203e-07
 Reference value :  3.35006e-07
 Reference value :  3.35787e-07
 Reference value :  3.36677e-07
 Reference value :  3.37448e-07
 Reference value :  3.38221e-07
 Reference value :  3.38973e-07
 Reference value :  3.39766e-07
 Reference value :  3.40534e-07
 Reference value :  3.41271e-07
 Reference value :  3.42125e-07
 Reference value :  3.43215e-07
 Reference value :  3.44448e-07
 Reference value :  3.45278e-07
 Reference value :  3.46050e-07
 Reference value :  3.46830e-07
 Reference value :  3.47618e-07
 Reference value :  3.48371e-07
 Reference value :  3.49140e-07
 Reference value :  3.49917e-07
 Reference value :  3.50668e-07
 Reference value :  3.51429e-07
 Reference value :  3.52186e-07
 Reference value :  3.52968e-07
 Reference value :  3.53750e-07
 Reference value :  3.54511e-07
 Reference value :  3.55277e-07
 Reference value :  3.56046e-07
 Reference value :  3.56810e-07
 Reference value :  3.57597e-07
 Reference value :  3.58341e-07
 Reference value :  3.59275e-07
 Reference value :  3.60149e-07
 Reference value :  3.61160e-07
 Reference value :  3.62075e-07
 Reference value :  3.62955e-07
 Reference value :  3.63861e-07
 Reference value :  3.64738e-07
 Reference value :  3.65580e-07
 Reference value :  3.66370e-07
 Reference value :  3.67122e-07
 Reference value :  3.67883e-07
 Reference value :  3.68660e-07
 Reference value :  3.69414e-07
 Reference value :  3.70171e-07
 Reference value :  3.70924e-07
 Reference value :  3.71683e-07
 Reference value :  3.72450e-07
 Reference value :  3.73225e-07
 Reference value :  3.74012e-07
 Reference value :  3.74771e-07
 Reference value :  3.75546e-07
 Reference value :  3.76303e-07
 Reference value :  3.77083e-07
 Reference value :  3.77830e-07
 Reference value :  3.78601e-07
 Reference value :  3.79391e-07
 Reference value :  3.80135e-07
 Reference value :  3.80901e-07
 Reference value :  3.81677e-07
 Reference value :  3.82720e-07
 Reference value :  3.83500e-07
 Reference value :  3.84250e-07
 Reference value :  3.85045e-07
 Reference value :  3.85812e-07
 Reference value :  3.86580e-07
 Reference value :  3.87311e-07
 Reference value :  3.88155e-07
 Reference value :  3.88920e-07
 Reference value :  3.89685e-07
 Reference value :  3.90485e-07
 Reference value :  3.91235e-07
 Reference value :  3.91990e-07
 Reference value :  3.92749e-07
 Reference value :  3.93574e-07
 Reference value :  3.94332e-07
 Reference value :  3.95068e-07
 Reference value :  3.95814e-07
 Reference value :  3.96570e-07
 Reference value :  3.97314e-07
 Reference value :  3.98074e-07
 Reference value :  3.98837e-07
 Reference value :  3.99633e-07
 Reference value :  4.00381e-07
 Reference value :  4.01110e-07
 Reference value :  4.01855e-07
 Reference value :  4.02632e-07
 Reference value :  4.03373e-07
 Reference value :  4.04151e-07
 Reference value :  4.04902e-07
 Reference value :  4.05670e-07
 Reference value :  4.06420e-07
 Reference value :  4.07169e-07
 Reference value :  4.07930e-07
 Reference value :  4.08696e-07
 Reference value :  4.09445e-07
 Reference value :  4.10191e-07
 Reference value :  4.10954e-07
 Reference value :  4.11729e-07
 Reference value :  4.12522e-07
 Reference value :  4.13366e-07
 Reference value :  4.14105e-07
 Reference value :  4.14861e-07
 Reference value :  4.15647e-07
 Reference value :  4.16400e-07
 Reference value :  4.17166e-07
 Reference value :  4.17950e-07
 Reference value :  4.18720e-07
 Reference value :  4.19520e-07
 Reference value :  4.20281e-07
 Reference value :  4.21070e-07
 Reference value :  4.21820e-07
 Reference value :  4.22590e-07
 Reference value :  4.23390e-07
 Reference value :  4.24120e-07
 Reference value :  4.24880e-07
 Reference value :  4.25695e-07
 Reference value :  4.26447e-07
 Reference value :  4.27209e-07
 Reference value :  4.27984e-07
 Reference value :  4.28768e-07
 Reference value :  4.29538e-07
 Reference value :  4.30298e-07
 Reference value :  4.31060e-07
 Reference value :  4.31820e-07
 Reference value :  4.32576e-07
 Reference value :  4.33359e-07
 Reference value :  4.34140e-07
 Reference value :  4.34931e-07
 Reference value :  4.35710e-07
 Reference value :  4.36471e-07
 Reference value :  4.37269e-07
 Reference value :  4.38030e-07
 Reference value :  4.38804e-07
 Reference value :  4.39581e-07
 Reference value :  4.40347e-07
 Reference value :  4.41136e-07
 Reference value :  4.41920e-07
 Reference value :  4.42661e-07
 Reference value :  4.43444e-07
 Reference value :  4.44218e-07
 Reference value :  4.44989e-07
 Reference value :  4.45745e-07
 Reference value :  4.46497e-07
 Reference value :  4.47250e-07
 Reference value :  4.48041e-07
 Reference value :  4.48808e-07
 Reference value :  4.49583e-07
 Reference value :  4.50350e-07
 Reference value :  4.51118e-07
 Reference value :  4.51916e-07
 Reference value :  4.52740e-07
 Reference value :  4.53480e-07
 Reference value :  4.54224e-07
 Reference value :  4.54991e-07
 Reference value :  4.55789e-07
 Reference value :  4.56541e-07
 Reference value :  4.57757e-07
 Reference value :  4.58512e-07
 Reference value :  4.59270e-07
 Reference value :  4.60077e-07
 Reference value :  4.60861e-07
 Reference value :  4.61619e-07
 Reference value :  4.62390e-07
 Reference value :  4.63128e-07
 Reference value :  4.63929e-07
 Reference value :  4.64715e-07
 Reference value :  4.65486e-07
 Reference value :  4.66271e-07
 Reference value :  4.67052e-07
 Reference value :  4.67868e-07
 Reference value :  4.68650e-07
 Reference value :  4.69432e-07
 Reference value :  4.70234e-07
 Reference value :  4.71031e-07
 Reference value :  4.71801e-07
 Reference value :  4.72570e-07
 Reference value :  4.73366e-07
 Reference value :  4.74150e-07
 Reference value :  4.74905e-07
 Reference value :  4.75700e-07
 Reference value :  4.76455e-07
 Reference value :  4.77221e-07
 Reference value :  4.78000e-07
 Reference value :  4.78769e-07
 Reference value :  4.79519e-07
 Reference value :  4.80290e-07
 Reference value :  4.81055e-07
 Reference value :  4.81815e-07
 Reference value :  4.82570e-07
 Reference value :  4.83323e-07
 Reference value :  4.84090e-07
 Reference value :  4.84847e-07
 Reference value :  4.85591e-07
 Reference value :  4.86371e-07
 Reference value :  4.87144e-07
 Reference value :  4.87936e-07
 Reference value :  4.88693e-07
 Reference value :  4.89487e-07
 Reference value :  4.90234e-07
 Reference value :  4.90992e-07
 Reference value :  4.91779e-07
 Reference value :  4.92564e-07
 Reference value :  4.93353e-07
 Reference value :  4.94139e-07
 Reference value :  4.94905e-07
 Reference value :  4.95655e-07
 Reference value :  4.96420e-07
 Reference value :  4.97220e-07
 Reference value :  4.97976e-07
 Reference value :  4.98798e-07
 Reference value :  4.99612e-07
 Reference value :  5.00380e-07
 Reference value :  5.01141e-07
 Reference value :  5.01913e-07
 Reference value :  5.02691e-07
 Reference value :  5.03509e-07
 Reference value :  5.04309e-07
 Reference value :  5.05100e-07
 Reference value :  5.05882e-07
 Reference value :  5.06658e-07
 Reference value :  5.07441e-07
 Reference value :  5.08230e-07
 Reference value :  5.09005e-07
 Reference value :  5.09776e-07
 Reference value :  5.10573e-07
 Reference value :  5.11351e-07
 Reference value :  5.12130e-07
 Reference value :  5.12925e-07
 Reference value :  5.13727e-07
 Reference value :  5.14570e-07
 Reference value :  5.15344e-07
 Reference value :  5.16117e-07
 Reference value :  5.16881e-07
 Reference value :  5.17694e-07
 Reference value :  5.18450e-07
 Reference value :  5.19199e-07
 Reference value :  5.19987e-07
 Reference value :  5.20789e-07
 Reference value :  5.21540e-07
 Reference value :  5.22301e-07
 Reference value :  5.23061e-07
 Reference value :  5.23860e-07
 Reference value :  5.24671e-07
 Reference value :  5.25484e-07
 Reference value :  5.26240e-07
 Reference value :  5.26980e-07
 Reference value :  5.27777e-07
 Reference value :  5.28600e-07
 Reference value :  5.29381e-07
 Reference value :  5.30150e-07
 Reference value :  5.30909e-07
 Reference value :  5.31660e-07
 Reference value :  5.32409e-07
 Reference value :  5.33170e-07
 Reference value :  5.33939e-07
 Reference value :  5.34711e-07
 Reference value :  5.35464e-07
 Reference value :  5.36246e-07
 Reference value :  5.37014e-07
 Reference value :  5.37791e-07
 Reference value :  5.38567e-07
 Reference value :  5.39359e-07
 Reference value :  5.40124e-07
 Reference value :  5.40881e-07
 Reference value :  5.41677e-07
 Reference value :  5.42745e-07
 Reference value :  5.43502e-07
 Reference value :  5.44271e-07
 Reference value :  5.45040e-07
 Reference value :  5.45812e-07
 Reference value :  5.46579e-07
 Reference value :  5.47362e-07
 Reference value :  5.48135e-07
 Reference value :  5.48890e-07
 Reference value :  5.49650e-07
 Reference value :  5.50389e-07
 Reference value :  5.51171e-07
 Reference value :  5.51932e-07
 Reference value :  5.52668e-07
 Reference value :  5.53410e-07
 Reference value :  5.54169e-07
 Reference value :  5.54920e-07
 Reference value :  5.55663e-07
 Reference value :  5.56401e-07
 Reference value :  5.57130e-07
 Reference value :  5.57924e-07
 Reference value :  5.58711e-07
 Reference value :  5.59464e-07
 Reference value :  5.60225e-07
 Reference value :  5.60990e-07
 Reference value :  5.61724e-07
 Reference value :  5.62496e-07
 Reference value :  5.63250e-07
 Reference value :  5.64011e-07
 Reference value :  5.64794e-07
 Reference value :  5.65552e-07
 Reference value :  5.66298e-07
 Reference value :  5.67051e-07
 Reference value :  5.67847e-07
 Reference value :  5.68611e-07
 Reference value :  5.69401e-07
 Reference value :  5.70155e-07
 Reference value :  5.70968e-07
 Reference value :  5.71743e-07
 Reference value :  5.72500e-07
 Reference value :  5.73262e-07
 Reference value :  5.74041e-07
 Reference value :  5.74811e-07
 Reference value :  5.75571e-07
 Reference value :  5.76311e-07
 Reference value :  5.77086e-07
 Reference value :  5.77830e-07
 Reference value :  5.78580e-07
 Reference value :  5.79327e-07
 Reference value :  5.80077e-07
 Reference value :  5.80844e-07
 Reference value :  5.81601e-07
 Reference value :  5.82338e-07
 Reference value :  5.83101e-07
 Reference value :  5.83876e-07
 Reference value :  5.84660e-07
 Reference value :  5.85434e-07
 Reference value :  5.86191e-07
 Reference value :  5.86964e-07
 Reference value :  5.87734e-07
 Reference value :  5.88470e-07
 Reference value :  5.89231e-07
 Reference value :  5.89991e-07
 Reference value :  5.90770e-07
 Reference value :  5.91535e-07
 Reference value :  5.92279e-07
 Reference value :  5.93081e-07
 Reference value :  5.93851e-07
 Reference value :  5.94599e-07
 Reference value :  5.95332e-07
 Reference value :  5.96120e-07
 Reference value :  5.96886e-07
 Reference value :  5.97656e-07
 Reference value :  5.98419e-07
 Reference value :  5.99212e-07
 Reference value :  5.99985e-07
 Reference value :  6.00731e-07
 Reference value :  6.01482e-07
 Reference value :  6.02205e-07
 Reference value :  6.02990e-07
 Reference value :  6.03733e-07
 Reference value :  6.04500e-07
 Reference value :  6.05238e-07
 Reference value :  6.06017e-07
 Reference value :  6.06798e-07
 Reference value :  6.07575e-07
 Reference value :  6.08336e-07
 Reference value :  6.09110e-07
 Reference value :  6.09856e-07
 Reference value :  6.10614e-07
 Reference value :  6.11380e-07
 Reference value :  6.12175e-07
 Reference value :  6.12938e-07
 Reference value :  6.13694e-07
 Reference value :  6.14460e-07
 Reference value :  6.15200e-07
 Reference value :  6.15964e-07
 Reference value :  6.16696e-07
 Reference value :  6.17450e-07
 Reference value :  6.18222e-07
 Reference value :  6.18991e-07
 Reference value :  6.19768e-07
 Reference value :  6.20544e-07
 Reference value :  6.21297e-07
 Reference value :  6.22079e-07
 Reference value :  6.22836e-07
 Reference value :  6.23598e-07
 Reference value :  6.24343e-07
 Reference value :  6.25101e-07
 Reference value :  6.25867e-07
 Reference value :  6.26664e-07
 Reference value :  6.27440e-07
 Reference value :  6.28203e-07
 Reference value :  6.28958e-07
 Reference value :  6.29752e-07
 Reference value :  6.30500e-07
 Reference value :  6.31270e-07
 Reference value :  6.32057e-07
 Reference value :  6.32802e-07
 Reference value :  6.33551e-07
 Reference value :  6.34292e-07
 Reference value :  6.35048e-07
 Reference value :  6.35796e-07
 Reference value :  6.36560e-07
 Reference value :  6.37372e-07
 Reference value :  6.38132e-07
 Reference value :  6.38901e-07
 Reference value :  6.39655e-07
 Reference value :  6.40402e-07
 Reference value :  6.41158e-07
 Reference value :  6.41920e-07
 Reference value :  6.42651e-07
 Reference value :  6.43412e-07
 Reference value :  6.44177e-07
 Reference value :  6.44916e-07
 Reference value :  6.45651e-07
 Reference value :  6.46441e-07
 Reference value :  6.47205e-07
 Reference value :  6.47955e-07
 Reference value :  6.48696e-07
 Reference value :  6.49470e-07
 Reference value :  6.50260e-07
 Reference value :  6.51343e-07
 Reference value :  6.52140e-07
 Reference value :  6.52907e-07
 Reference value :  6.53662e-07
 Reference value :  6.54428e-07
 Reference value :  6.55202e-07
 Reference value :  6.55958e-07
 Reference value :  6.56768e-07
 Reference value :  6.57525e-07
 Reference value :  6.58271e-07
 Reference value :  6.59044e-07
 Reference value :  6.59817e-07
 Reference value :  6.60571e-07
 Reference value :  6.61332e-07
 Reference value :  6.62094e-07
 Reference value :  6.62862e-07
 Reference value :  6.63630e-07
 Reference value :  6.64400e-07
 Reference value :  6.65156e-07
 Reference value :  6.65920e-07
 Reference value :  6.66704e-07
 Reference value :  6.67479e-07
 Reference value :  6.68247e-07
 Reference value :  6.69030e-07
 Reference value :  6.69783e-07
 Reference value :  6.70576e-07
 Reference value :  6.71361e-07
 Reference value :  6.72111e-07
 Reference value :  6.72886e-07
 Reference value :  6.73641e-07
 Reference value :  6.74403e-07
 Reference value :  6.75204e-07
 Reference value :  6.75990e-07
 Reference value :  6.76778e-07
 Reference value :  6.77551e-07
 Reference value :  6.78320e-07
 Reference value :  6.79114e-07
 Reference value :  6.79922e-07
 Reference value :  6.80720e-07
 Reference value :  6.81519e-07
 Reference value :  6.82315e-07
 Reference value :  6.83089e-07
 Reference value :  6.83861e-07
 Reference value :  6.84651e-07
 Reference value :  6.85450e-07
 Reference value :  6.86249e-07
 Reference value :  6.87016e-07
 Reference value :  6.87810e-07
 Reference value :  6.88601e-07
 Reference value :  6.89386e-07
 Reference value :  6.90161e-07
 Reference value :  6.90920e-07
 Reference value :  6.91725e-07
 Reference value :  6.92511e-07
 Reference value :  6.93280e-07
 Reference value :  6.94083e-07
 Reference value :  6.94897e-07
 Reference value :  6.95679e-07
 Reference value :  6.96474e-07
 Reference value :  6.97250e-07
 Reference value :  6.98011e-07
 Reference value :  6.98816e-07
 Reference value :  6.99601e-07
 Reference value :  7.00402e-07
 Reference value :  7.01168e-07
 Reference value :  7.01940e-07
 Reference value :  7.02724e-07
 Reference value :  7.03531e-07
 Reference value :  7.04319e-07
 Reference value :  7.05100e-07
 Reference value :  7.05882e-07
 Reference value :  7.06654e-07
 Reference value :  7.07470e-07
 Reference value :  7.08249e-07
 Reference value :  7.09058e-07
 Reference value :  7.09858e-07
 Reference value :  7.10631e-07
 Reference value :  7.11440e-07
 Reference value :  7.12237e-07
 Reference value :  7.13036e-07
 Reference value :  7.13838e-07
 Reference value :  7.14626e-07
 Reference value :  7.15420e-07
 Reference value :  7.16220e-07
 Reference value :  7.17031e-07
 Reference value :  7.17809e-07
 Reference value :  7.18600e-07
 Reference value :  7.19403e-07
 Reference value :  7.20203e-07
 Reference value :  7.20974e-07
 Reference value :  7.21773e-07
 Reference value :  7.22564e-07
 Reference value :  7.23335e-07
 Reference value :  7.24114e-07
 Reference value :  7.24936e-07
 Reference value :  7.25754e-07
 Reference value :  7.26546e-07
 Reference value :  7.27329e-07
 Reference value :  7.28140e-07
 Reference value :  7.28923e-07
 Reference value :  7.29700e-07
 Reference value :  7.30470e-07
 Reference value :  7.31255e-07
 Reference value :  7.32096e-07
 Reference value :  7.32867e-07
 Reference value :  7.33641e-07
 Reference value :  7.34425e-07
 Reference value :  7.35199e-07
 Reference value :  7.36019e-07
 Reference value :  7.36825e-07
 Reference value :  7.37600e-07
 Reference value :  7.38401e-07
 Reference value :  7.39178e-07
 Reference value :  7.39976e-07
 Reference value :  7.40764e-07
 Reference value :  7.41577e-07
 Reference value :  7.42425e-07
 Reference value :  7.43233e-07
 Reference value :  7.44026e-07
 Reference value :  7.44822e-07
 Reference value :  7.45581e-07
 Reference value :  7.46374e-07
 Reference value :  7.47163e-07
 Reference value :  7.47960e-07
 Reference value :  7.48750e-07
 Reference value :  7.49550e-07
 Reference value :  7.50354e-07
 Reference value :  7.51131e-07
 Reference value :  7.51920e-07
 Reference value :  7.52700e-07
 Reference value :  7.53484e-07
 Reference value :  7.54242e-07
 Reference value :  7.55010e-07
 Reference value :  7.55822e-07
 Reference value :  7.56630e-07
 Reference value :  7.57401e-07
 Reference value :  7.58181e-07
 Reference value :  7.59010e-07
 Reference value :  7.59814e-07
 Reference value :  7.60593e-07
 Reference value :  7.61370e-07
 Reference value :  7.62173e-07
 Reference value :  7.62941e-07
 Reference value :  7.63742e-07
 Reference value :  7.64564e-07
 Reference value :  7.65359e-07
 Reference value :  7.66160e-07
 Reference value :  7.66960e-07
 Reference value :  7.67770e-07
 Reference value :  7.68600e-07
 Reference value :  7.69448e-07
 Reference value :  7.70330e-07
 Reference value :  7.71163e-07
 Reference value :  7.72030e-07
 Reference value :  7.72830e-07
 Reference value :  7.73661e-07
 Reference value :  7.74416e-07
 Reference value :  7.75220e-07
 Reference value :  7.76029e-07
 Reference value :  7.76820e-07
 Reference value :  7.77631e-07
 Reference value :  7.78432e-07
 Reference value :  7.79234e-07
 Reference value :  7.80061e-07
 Reference value :  7.80908e-07
 Reference value :  7.81767e-07
 Reference value :  7.82581e-07
 Reference value :  7.83430e-07
 Reference value :  7.84320e-07
 Reference value :  7.85130e-07
 Reference value :  7.85976e-07
 Reference value :  7.86759e-07
 Reference value :  7.87547e-07
 Reference value :  7.88320e-07
 Reference value :  7.89115e-07
 Reference value :  7.89893e-07
 Reference value :  7.90666e-07
 Reference value :  7.91441e-07
 Reference value :  7.92247e-07
 Reference value :  7.93024e-07
 Reference value :  7.93789e-07
 Reference value :  7.94564e-07
 Reference value :  7.95382e-07
 Reference value :  7.96168e-07
 Reference value :  7.96946e-07
 Reference value :  7.97743e-07
 Reference value :  7.98530e-07
 Reference value :  7.99319e-07
 Reference value :  8.00090e-07
 Reference value :  8.00857e-07
 Reference value :  8.01638e-07
 Reference value :  8.02411e-07
 Reference value :  8.03212e-07
 Reference value :  8.03980e-07
 Reference value :  8.04760e-07
 Reference value :  8.05531e-07
 Reference value :  8.06325e-07
 Reference value :  8.07109e-07
 Reference value :  8.07893e-07
 Reference value :  8.08669e-07
 Reference value :  8.09458e-07
 Reference value :  8.10256e-07
 Reference value :  8.11059e-07
 Reference value :  8.11870e-07
 Reference value :  8.12670e-07
 Reference value :  8.13464e-07
 Reference value :  8.14260e-07
 Reference value :  8.15054e-07
 Reference value :  8.15853e-07
 Reference value :  8.16657e-07
 Reference value :  8.17419e-07
 Reference value :  8.18171e-07
 Reference value :  8.18951e-07
 Reference value :  8.19765e-07
 Reference value :  8.20531e-07
 Reference value :  8.21327e-07
 Reference value :  8.22097e-07
 Reference value :  8.22881e-07
 Reference value :  8.23650e-07
 Reference value :  8.24419e-07
 Reference value :  8.25203e-07
 Reference value :  8.25989e-07
 Reference value :  8.26760e-07
 Reference value :  8.27550e-07
 Reference value :  8.28313e-07
 Reference value :  8.29102e-07
 Reference value :  8.29900e-07
 Reference value :  8.30660e-07
 Reference value :  8.31476e-07
 Reference value :  8.32291e-07
 Reference value :  8.33060e-07
 Reference value :  8.33840e-07
 Reference value :  8.34620e-07
 Reference value :  8.35432e-07
 Reference value :  8.36215e-07
 Reference value :  8.36971e-07
 Reference value :  8.37730e-07
 Reference value :  8.38488e-07
 Reference value :  8.39263e-07
 Reference value :  8.40062e-07
 Reference value :  8.40820e-07
 Reference value :  8.41591e-07
 Reference value :  8.42393e-07
 Reference value :  8.43161e-07
 Reference value :  8.43942e-07
 Reference value :  8.44721e-07
 Reference value :  8.45493e-07
 Reference value :  8.46280e-07
 Reference value :  8.47055e-07
 Reference value :  8.47811e-07
 Reference value :  8.48576e-07
 Reference value :  8.49360e-07
 Reference value :  8.50110e-07
 Reference value :  8.50865e-07
 Reference value :  8.51621e-07
 Reference value :  8.52390e-07
 Reference value :  8.53159e-07
 Reference value :  8.53890e-07
 Reference value :  8.54644e-07
 Reference value :  8.55432e-07
 Reference value :  8.56227e-07
 Reference value :  8.57021e-07
 Reference value :  8.57783e-07
 Reference value :  8.58554e-07
 Reference value :  8.59344e-07
 Reference value :  8.60090e-07
 Reference value :  8.60857e-07
 Reference value :  8.61600e-07
 Reference value :  8.62365e-07
 Reference value :  8.63150e-07
 Reference value :  8.63926e-07
 Reference value :  8.64690e-07
 Reference value :  8.65455e-07
 Reference value :  8.66221e-07
 Reference value :  8.66964e-07
 Reference value :  8.67727e-07
 Reference value :  8.68510e-07
 Reference value :  8.69260e-07
 Reference value :  8.70051e-07
 Reference value :  8.70822e-07
 Reference value :  8.71610e-07
 Reference value :  8.72360e-07
 Reference value :  8.73097e-07
 Reference value :  8.73868e-07
 Reference value :  8.74660e-07
 Reference value :  8.75431e-07
 Reference value :  8.76204e-07
 Reference value :  8.76944e-07
 Reference value :  8.77692e-07
 Reference value :  8.78467e-07
 Reference value :  8.79213e-07
 Reference value :  8.79950e-07
 Reference value :  8.80682e-07
 Reference value :  8.81460e-07
 Reference value :  8.82243e-07
 Reference value :  8.83015e-07
 Reference value :  8.83770e-07
 Reference value :  8.84541e-07
 Reference value :  8.85289e-07
 Reference value :  8.86053e-07
 Reference value :  8.86810e-07
 Reference value :  8.87567e-07
 Reference value :  8.88346e-07
 Reference value :  8.89131e-07
 Reference value :  8.89920e-07
 Reference value :  8.90696e-07
 Reference value :  8.91441e-07
 Reference value :  8.92227e-07
 Reference value :  8.93021e-07
 Reference value :  8.93783e-07
 Reference value :  8.94540e-07
 Reference value :  8.95283e-07
 Reference value :  8.96042e-07
 Reference value :  8.96793e-07
 Reference value :  8.97550e-07
 Reference value :  8.98321e-07
 Reference value :  8.99068e-07
 Reference value :  8.99812e-07
 Reference value :  9.00562e-07
 Reference value :  9.01290e-07
 Reference value :  9.02050e-07
 Reference value :  9.02802e-07
 Reference value :  9.03555e-07
 Reference value :  9.04298e-07
 Reference value :  9.05054e-07
 Reference value :  9.05860e-07
 Reference value :  9.06638e-07
 Reference value :  9.07395e-07
 Reference value :  9.08164e-07
 Reference value :  9.09027e-07
 Reference value :  9.09830e-07
 Reference value :  9.10632e-07
 Reference value :  9.11448e-07
 Reference value :  9.12241e-07
 Reference value :  9.12999e-07
 Reference value :  9.13800e-07
 Reference value :  9.14582e-07
 Reference value :  9.15370e-07
 Reference value :  9.16160e-07
 Reference value :  9.16913e-07
 Reference value :  9.17701e-07
 Reference value :  9.18490e-07
 Reference value :  9.19257e-07
 Reference value :  9.20040e-07
 Reference value :  9.20814e-07
 Reference value :  9.21582e-07
 Reference value :  9.22379e-07
 Reference value :  9.23150e-07
 Reference value :  9.23911e-07
 Reference value :  9.24697e-07
 Reference value :  9.25571e-07
 Reference value :  9.26373e-07
 Reference value :  9.27140e-07
 Reference value :  9.27917e-07
 Reference value :  9.28707e-07
 Reference value :  9.29489e-07
 Reference value :  9.30250e-07
 Reference value :  9.31048e-07
 Reference value :  9.31845e-07
 Reference value :  9.32628e-07
 Reference value :  9.33408e-07
 Reference value :  9.34191e-07
 Reference value :  9.34974e-07
 Reference value :  9.35740e-07
 Reference value :  9.36520e-07
 Reference value :  9.37291e-07
 Reference value :  9.38080e-07
 Reference value :  9.38859e-07
 Reference value :  9.39621e-07
 Reference value :  9.40380e-07
 Reference value :  9.41150e-07
 Reference value :  9.41940e-07
 Reference value :  9.42705e-07
 Reference value :  9.43481e-07
 Reference value :  9.44290e-07
 Reference value :  9.45059e-07
 Reference value :  9.45858e-07
 Reference value :  9.46610e-07
 Reference value :  9.47390e-07
 Reference value :  9.48160e-07
 Reference value :  9.48920e-07
 Reference value :  9.49691e-07
 Reference value :  9.50478e-07
 Reference value :  9.51244e-07
 Reference value :  9.52015e-07
 Reference value :  9.52801e-07
 Reference value :  9.53587e-07
 Reference value :  9.54389e-07
 Reference value :  9.55143e-07
 Reference value :  9.55929e-07
 Reference value :  9.56710e-07
 Reference value :  9.57472e-07
 Reference value :  9.58251e-07
 Reference value :  9.59030e-07
 Reference value :  9.59821e-07
 Reference value :  9.60610e-07
 Reference value :  9.61390e-07
 Reference value :  9.62150e-07
 Reference value :  9.62954e-07
 Reference value :  9.63735e-07
 Reference value :  9.64551e-07
 Reference value :  9.65341e-07
 Reference value :  9.66116e-07
 Reference value :  9.66906e-07
 Reference value :  9.67682e-07
 Reference value :  9.68482e-07
 Reference value :  9.69270e-07
 Reference value :  9.70054e-07
 Reference value :  9.70820e-07
 Reference value :  9.71591e-07
 Reference value :  9.72369e-07
 Reference value :  9.73150e-07
 Reference value :  9.73940e-07
 Reference value :  9.74811e-07
 Reference value :  9.75622e-07
 Reference value :  9.76461e-07
 Reference value :  9.77340e-07
 Reference value :  9.78130e-07
 Reference value :  9.78879e-07
 Reference value :  9.79651e-07
 Reference value :  9.80440e-07
 Reference value :  9.81246e-07
 Reference value :  9.82034e-07
 Reference value :  9.82813e-07
 Reference value :  9.83662e-07
 Reference value :  9.84483e-07
 Reference value :  9.85360e-07
 Reference value :  9.86189e-07
 Reference value :  9.87002e-07
 Reference value :  9.87794e-07
 Reference value :  9.88615e-07
 Reference value :  9.89394e-07
 Reference value :  9.90170e-07
 Reference value :  9.90940e-07
 Reference value :  9.91706e-07
 Reference value :  9.92495e-07
 Reference value :  9.93261e-07
 Reference value :  9.94024e-07
 Reference value :  9.94810e-07
 Reference value :  9.95596e-07
 Reference value :  9.96366e-07
 Reference value :  9.97150e-07
 Reference value :  9.97936e-07
 Reference value :  9.98711e-07
 Reference value :  9.99522e-07
 Reference value :  1.00029e-06
 Reference value :  1.00106e-06
 Reference value :  1.00186e-06
 Reference value :  1.00265e-06
 Reference value :  1.00342e-06
 Reference value :  1.00423e-06
 Reference value :  1.00506e-06
 Reference value :  1.00584e-06
 Reference value :  1.00663e-06
 Reference value :  1.00740e-06
 Reference value :  1.00817e-06
 Reference value :  1.00896e-06
 Reference value :  1.00977e-06
 Reference value :  1.01057e-06
 Reference value :  1.01136e-06
 Reference value :  1.01213e-06
 Reference value :  1.01288e-06
 Reference value :  1.01365e-06
 Reference value :  1.01445e-06
 Reference value :  1.01522e-06
 Reference value :  1.01601e-06
 Reference value :  1.01679e-06
 Reference value :  1.01757e-06
 Reference value :  1.01836e-06
 Reference value :  1.01914e-06
 Reference value :  1.01990e-06
 Reference value :  1.02069e-06
 Reference value :  1.02148e-06
 Reference value :  1.02227e-06
 Reference value :  1.02306e-06
 Reference value :  1.02383e-06
 Reference value :  1.02462e-06
 Reference value :  1.02542e-06
 Reference value :  1.02619e-06
 Reference value :  1.02698e-06
 Reference value :  1.02777e-06
 Reference value :  1.02853e-06
 Reference value :  1.02932e-06
 Reference value :  1.03012e-06
 Reference value :  1.03090e-06
 Reference value :  1.03172e-06
 Reference value :  1.03249e-06
 Reference value :  1.03326e-06
 Reference value :  1.03405e-06
 Reference value :  1.03484e-06
 Reference value :  1.03559e-06
 Reference value :  1.03635e-06
 Reference value :  1.03711e-06
 Reference value :  1.03789e-06
 Reference value :  1.03865e-06
 Reference value :  1.03940e-06
 Reference value :  1.04022e-06
 Reference value :  1.04100e-06
 Reference value :  1.04176e-06
 Reference value :  1.04253e-06
 Reference value :  1.04333e-06
 Reference value :  1.04409e-06
 Reference value :  1.04484e-06
 Reference value :  1.04558e-06
 Reference value :  1.04634e-06
 Reference value :  1.04710e-06
 Reference value :  1.04791e-06
 Reference value :  1.04866e-06
 Reference value :  1.04943e-06
 Reference value :  1.05020e-06
 Reference value :  1.05099e-06
 Reference value :  1.05175e-06
 Reference value :  1.05253e-06
 Reference value :  1.05330e-06
 Reference value :  1.05410e-06
 Reference value :  1.05486e-06
 Reference value :  1.05563e-06
 Reference value :  1.05640e-06
 Reference value :  1.05720e-06
 Reference value :  1.05799e-06
 Reference value :  1.05878e-06
 Reference value :  1.05956e-06
 Reference value :  1.06034e-06
 Reference value :  1.06112e-06
 Reference value :  1.06190e-06
 Reference value :  1.06268e-06
 Reference value :  1.06350e-06
 Reference value :  1.06428e-06
 Reference value :  1.06504e-06
 Reference value :  1.06584e-06
 Reference value :  1.06662e-06
 Reference value :  1.06741e-06
 Reference value :  1.06819e-06
 Reference value :  1.06895e-06
 Reference value :  1.06971e-06
 Reference value :  1.07049e-06
 Reference value :  1.07127e-06
 Reference value :  1.07203e-06
 Reference value :  1.07282e-06
 Reference value :  1.07362e-06
 Reference value :  1.07440e-06
 Reference value :  1.07518e-06
 Reference value :  1.07595e-06
 Reference value :  1.07673e-06
 Reference value :  1.07751e-06
 Reference value :  1.07828e-06
 Reference value :  1.07903e-06
 Reference value :  1.07981e-06
 Reference value :  1.08059e-06
 Reference value :  1.08136e-06
 Reference value :  1.08213e-06
 Reference value :  1.08292e-06
 Reference value :  1.08368e-06
 Reference value :  1.08449e-06
 Reference value :  1.08528e-06
 Reference value :  1.08607e-06
 Reference value :  1.08686e-06
 Reference value :  1.08764e-06
 Reference value :  1.08842e-06
 Reference value :  1.08920e-06
 Reference value :  1.08996e-06
 Reference value :  1.09074e-06
 Reference value :  1.09150e-06
 Reference value :  1.09228e-06
 Reference value :  1.09305e-06
 Reference value :  1.09385e-06
 Reference value :  1.09466e-06
 Reference value :  1.09545e-06
 Reference value :  1.09624e-06
 Reference value :  1.09702e-06
 Reference value :  1.09777e-06
 Reference value :  1.09855e-06
 Reference value :  1.09931e-06
 Reference value :  1.10008e-06
 Reference value :  1.10085e-06
 Reference value :  1.10167e-06
 Reference value :  1.10244e-06
 Reference value :  1.10320e-06
 Reference value :  1.10398e-06
 Reference value :  1.10477e-06
 Reference value :  1.10554e-06
 Reference value :  1.10631e-06
 Reference value :  1.10713e-06
 Reference value :  1.10791e-06
 Reference value :  1.10870e-06
 Reference value :  1.10948e-06
 Reference value :  1.11027e-06
 Reference value :  1.11105e-06
 Reference value :  1.11184e-06
 Reference value :  1.11261e-06
 Reference value :  1.11354e-06
 Reference value :  1.11450e-06
 Reference value :  1.11530e-06
 Reference value :  1.11607e-06
 Reference value :  1.11684e-06
 Reference value :  1.11762e-06
 Reference value :  1.11841e-06
 Reference value :  1.11921e-06
 Reference value :  1.12000e-06
 Reference value :  1.12078e-06
 Reference value :  1.12156e-06
 Reference value :  1.12233e-06
 Reference value :  1.12312e-06
 Reference value :  1.12391e-06
 Reference value :  1.12470e-06
 Reference value :  1.12549e-06
 Reference value :  1.12630e-06
 Reference value :  1.12708e-06
 Reference value :  1.12785e-06
 Reference value :  1.12864e-06
 Reference value :  1.12946e-06
 Reference value :  1.13028e-06
 Reference value :  1.13112e-06
 Reference value :  1.13190e-06
 Reference value :  1.13272e-06
 Reference value :  1.13354e-06
 Reference value :  1.13433e-06
 Reference value :  1.13510e-06
 Reference value :  1.13590e-06
 Reference value :  1.13666e-06
 Reference value :  1.13745e-06
 Reference value :  1.13822e-06
 Reference value :  1.13901e-06
 Reference value :  1.13980e-06
 Reference value :  1.14058e-06
 Reference value :  1.14142e-06
 Reference value :  1.14221e-06
 Reference value :  1.14299e-06
 Reference value :  1.14379e-06
 Reference value :  1.14460e-06
 Reference value :  1.14541e-06
 Reference value :  1.14627e-06
 Reference value :  1.14713e-06
 Reference value :  1.14798e-06
 Reference value :  1.14881e-06
 Reference value :  1.14965e-06
 Reference value :  1.15046e-06
 Reference value :  1.15123e-06
 Reference value :  1.15204e-06
 Reference value :  1.15282e-06
 Reference value :  1.15363e-06
 Reference value :  1.15441e-06
 Reference value :  1.15519e-06
 Reference value :  1.15601e-06
 Reference value :  1.15682e-06
 Reference value :  1.15759e-06
 Reference value :  1.15837e-06
 Reference value :  1.15914e-06
 Reference value :  1.15994e-06
 Reference value :  1.16071e-06
 Reference value :  1.16149e-06
 Reference value :  1.16226e-06
 Reference value :  1.16307e-06
 Reference value :  1.16385e-06
 Reference value :  1.16464e-06
 Reference value :  1.16541e-06
 Reference value :  1.16618e-06
 Reference value :  1.16697e-06
 Reference value :  1.16776e-06
 Reference value :  1.16852e-06
 Reference value :  1.16932e-06
 Reference value :  1.17010e-06
 Reference value :  1.17089e-06
 Reference value :  1.17166e-06
 Reference value :  1.17244e-06
 Reference value :  1.17321e-06
 Reference value :  1.17399e-06
 Reference value :  1.17475e-06
 Reference value :  1.17553e-06
 Reference value :  1.17632e-06
 Reference value :  1.17710e-06
 Reference value :  1.17788e-06
 Reference value :  1.17866e-06
 Reference value :  1.17943e-06
 Reference value :  1.18020e-06
 Reference value :  1.18099e-06
 Reference value :  1.18175e-06
 Reference value :  1.18252e-06
 Reference value :  1.18329e-06
 Reference value :  1.18409e-06
 Reference value :  1.18486e-06
 Reference value :  1.18564e-06
 Reference value :  1.18645e-06
 Reference value :  1.18722e-06
 Reference value :  1.18803e-06
 Reference value :  1.18881e-06
 Reference value :  1.18960e-06
 Reference value :  1.19039e-06
 Reference value :  1.19115e-06
 Reference value :  1.19192e-06
 Reference value :  1.19270e-06
 Reference value :  1.19379e-06
 Reference value :  1.19459e-06
 Reference value :  1.19544e-06
 Reference value :  1.19622e-06
 Reference value :  1.19701e-06
 Reference value :  1.19780e-06
 Reference value :  1.19856e-06
 Reference value :  1.19931e-06
 Reference value :  1.20010e-06
 Reference value :  1.20090e-06
 Reference value :  1.20170e-06
 Reference value :  1.20250e-06
 Reference value :  1.20329e-06
 Reference value :  1.20408e-06
 Reference value :  1.20487e-06
 Reference value :  1.20564e-06
 Reference value :  1.20642e-06
 Reference value :  1.20719e-06
 Reference value :  1.20798e-06
 Reference value :  1.20876e-06
 Reference value :  1.20955e-06
 Reference value :  1.21035e-06
 Reference value :  1.21113e-06
 Reference value :  1.21190e-06
 Reference value :  1.21267e-06
 Reference value :  1.21346e-06
 Reference value :  1.21424e-06
 Reference value :  1.21513e-06
 Reference value :  1.21630e-06
 Reference value :  1.21768e-06
 Reference value :  1.21890e-06
 Reference value :  1.22004e-06
 Reference value :  1.22088e-06
 Reference value :  1.22184e-06
 Reference value :  1.22270e-06
 Reference value :  1.22352e-06
 Reference value :  1.22431e-06
 Reference value :  1.22510e-06
 Reference value :  1.22632e-06
 Reference value :  1.22772e-06
 Reference value :  1.22905e-06
 Reference value :  1.23009e-06
 Reference value :  1.23089e-06
 Reference value :  1.23168e-06
 Reference value :  1.23247e-06
 Reference value :  1.23324e-06
 Reference value :  1.23400e-06
 Reference value :  1.23474e-06
 Reference value :  1.23554e-06
 Reference value :  1.23636e-06
 Reference value :  1.23712e-06
 Reference value :  1.23788e-06
 Reference value :  1.23864e-06
 Reference value :  1.23945e-06
 Reference value :  1.24022e-06
 Reference value :  1.24100e-06
 Reference value :  1.24178e-06
 Reference value :  1.24254e-06
 Reference value :  1.24333e-06
 Reference value :  1.24410e-06
 Reference value :  1.24484e-06
 Reference value :  1.24559e-06
 Reference value :  1.24636e-06
 Reference value :  1.24713e-06
 Reference value :  1.24789e-06
 Reference value :  1.24865e-06
 Reference value :  1.24941e-06
 Reference value :  1.25018e-06
 Reference value :  1.25092e-06
 Reference value :  1.25167e-06
 Reference value :  1.25242e-06
 Reference value :  1.25321e-06
 Reference value :  1.25396e-06
 Reference value :  1.25471e-06
 Reference value :  1.25547e-06
 Reference value :  1.25624e-06
 Reference value :  1.25701e-06
 Reference value :  1.25780e-06
 Reference value :  1.25857e-06
 Reference value :  1.25932e-06
 Reference value :  1.26009e-06
 Reference value :  1.26082e-06
 Reference value :  1.26159e-06
 Reference value :  1.26235e-06
 Reference value :  1.26312e-06
 Reference value :  1.26389e-06
 Reference value :  1.26467e-06
 Reference value :  1.26546e-06
 Reference value :  1.26625e-06
 Reference value :  1.26726e-06
 Reference value :  1.26800e-06
 Reference value :  1.26878e-06
 Reference value :  1.26960e-06
 Reference value :  1.27039e-06
 Reference value :  1.27116e-06
 Reference value :  1.27195e-06
 Reference value :  1.27270e-06
 Reference value :  1.27346e-06
 Reference value :  1.27422e-06
 Reference value :  1.27503e-06
 Reference value :  1.27579e-06
 Reference value :  1.27656e-06
 Reference value :  1.27735e-06
 Reference value :  1.27812e-06
 Reference value :  1.27890e-06
 Reference value :  1.27967e-06
 Reference value :  1.28043e-06
 Reference value :  1.28117e-06
 Reference value :  1.28197e-06
 Reference value :  1.28274e-06
 Reference value :  1.28351e-06
 Reference value :  1.28432e-06
 Reference value :  1.28507e-06
 Reference value :  1.28583e-06
 Reference value :  1.28658e-06
 Reference value :  1.28740e-06
 Reference value :  1.28817e-06
 Reference value :  1.28895e-06
 Reference value :  1.28973e-06
 Reference value :  1.29049e-06
 Reference value :  1.29124e-06
 Reference value :  1.29203e-06
 Reference value :  1.29281e-06
 Reference value :  1.29357e-06
 Reference value :  1.29434e-06
 Reference value :  1.29514e-06
 Reference value :  1.29592e-06
 Reference value :  1.29668e-06
 Reference value :  1.29746e-06
 Reference value :  1.29821e-06
 Reference value :  1.29900e-06
 Reference value :  1.29980e-06
 Reference value :  1.30060e-06
 Reference value :  1.30137e-06
 Reference value :  1.30224e-06
 Reference value :  1.30303e-06
 Reference value :  1.30383e-06
 Reference value :  1.30463e-06
 Reference value :  1.30540e-06
 Reference value :  1.30620e-06
 Reference value :  1.30699e-06
 Reference value :  1.30775e-06
 Reference value :  1.30854e-06
 Reference value :  1.30934e-06
 Reference value :  1.31011e-06
 Reference value :  1.31089e-06
 Reference value :  1.31170e-06
 Reference value :  1.31245e-06
 Reference value :  1.31324e-06
 Reference value :  1.31403e-06
 Reference value :  1.31482e-06
 Reference value :  1.31562e-06
 Reference value :  1.31639e-06
 Reference value :  1.31717e-06
 Reference value :  1.31796e-06
 Reference value :  1.31876e-06
 Reference value :  1.31954e-06
 Reference value :  1.32032e-06
 Reference value :  1.32110e-06
 Reference value :  1.32190e-06
 Reference value :  1.32269e-06
 Reference value :  1.32351e-06
 Reference value :  1.32428e-06
 Reference value :  1.32504e-06
 Reference value :  1.32583e-06
 Reference value :  1.32661e-06
 Reference value :  1.32739e-06
 Reference value :  1.32818e-06
 Reference value :  1.32896e-06
 Reference value :  1.32979e-06
 Reference value :  1.33057e-06
 Reference value :  1.33137e-06
 Reference value :  1.33215e-06
 Reference value :  1.33293e-06
 Reference value :  1.33372e-06
 Reference value :  1.33450e-06
 Reference value :  1.33527e-06
 Reference value :  1.33605e-06
 Reference value :  1.33684e-06
 Reference value :  1.33761e-06
 Reference value :  1.33839e-06
 Reference value :  1.33919e-06
 Reference value :  1.33998e-06
 Reference value :  1.34077e-06
 Reference value :  1.34156e-06
 Reference value :  1.34236e-06
 Reference value :  1.34314e-06
 Reference value :  1.34391e-06
 Reference value :  1.34478e-06
 Reference value :  1.34558e-06
 Reference value :  1.34635e-06
 Reference value :  1.34714e-06
 Reference value :  1.34793e-06
 Reference value :  1.34869e-06
 Reference value :  1.34950e-06
 Reference value :  1.35028e-06
 Reference value :  1.35106e-06
 Reference value :  1.35187e-06
 Reference value :  1.35266e-06
 Reference value :  1.35345e-06
 Reference value :  1.35424e-06
 Reference value :  1.35503e-06
 Reference value :  1.35581e-06
 Reference value :  1.35660e-06
 Reference value :  1.35736e-06
 Reference value :  1.35815e-06
 Reference value :  1.35892e-06
 Reference value :  1.35970e-06
 Reference value :  1.36047e-06
 Reference value :  1.36129e-06
 Reference value :  1.36220e-06
 Reference value :  1.36308e-06
 Reference value :  1.36392e-06
 Reference value :  1.36478e-06
 Reference value :  1.36558e-06
 Reference value :  1.36644e-06
 Reference value :  1.36746e-06
 Reference value :  1.36825e-06
 Reference value :  1.36907e-06
 Reference value :  1.36985e-06
 Reference value :  1.37065e-06
 Reference value :  1.37146e-06
 Reference value :  1.37232e-06
 Reference value :  1.37322e-06
 Reference value :  1.37406e-06
 Reference value :  1.37491e-06
 Reference value :  1.37576e-06
 Reference value :  1.37656e-06
 Reference value :  1.37735e-06
 Reference value :  1.37815e-06
 Reference value :  1.37892e-06
 Reference value :  1.37969e-06
 Reference value :  1.38047e-06
 Reference value :  1.38125e-06
 Reference value :  1.38203e-06
 Reference value :  1.38282e-06
 Reference value :  1.38360e-06
 Reference value :  1.38439e-06
 Reference value :  1.38518e-06
 Reference value :  1.38596e-06
 Reference value :  1.38674e-06
 Reference value :  1.38753e-06
 Reference value :  1.38831e-06
 Reference value :  1.38910e-06
 Reference value :  1.38987e-06
 Reference value :  1.39066e-06
 Reference value :  1.39144e-06
 Reference value :  1.39226e-06
 Reference value :  1.39303e-06
 Reference value :  1.39382e-06
 Reference value :  1.39464e-06
 Reference value :  1.39545e-06
 Reference value :  1.39623e-06
 Reference value :  1.39700e-06
 Reference value :  1.39776e-06
 Reference value :  1.39854e-06
 Reference value :  1.39932e-06
 Reference value :  1.40008e-06
 Reference value :  1.40087e-06
 Reference value :  1.40168e-06
 Reference value :  1.40245e-06
 Reference value :  1.40323e-06
 Reference value :  1.40399e-06
 Reference value :  1.40481e-06
 Reference value :  1.40559e-06
 Reference value :  1.40638e-06
 Reference value :  1.40715e-06
 Reference value :  1.40797e-06
 Reference value :  1.40877e-06
 Reference value :  1.40956e-06
 Reference value :  1.41032e-06
 Reference value :  1.41112e-06
 Reference value :  1.41192e-06
 Reference value :  1.41271e-06
 Reference value :  1.41349e-06
 Reference value :  1.41426e-06
 Reference value :  1.41503e-06
 Reference value :  1.41582e-06
 Reference value :  1.41659e-06
 Reference value :  1.41737e-06
 Reference value :  1.41816e-06
 Reference value :  1.41897e-06
 Reference value :  1.41978e-06
 Reference value :  1.42057e-06
 Reference value :  1.42137e-06
 Reference value :  1.42216e-06
 Reference value :  1.42303e-06
 Reference value :  1.42386e-06
 Reference value :  1.42472e-06
 Reference value :  1.42549e-06
 Reference value :  1.42628e-06
 Reference value :  1.42706e-06
 Reference value :  1.42782e-06
 Reference value :  1.42860e-06
 Reference value :  1.42939e-06
 Reference value :  1.43017e-06
 Reference value :  1.43094e-06
 Reference value :  1.43174e-06
 Reference value :  1.43253e-06
 Reference value :  1.43331e-06
 Reference value :  1.43413e-06
 Reference value :  1.43487e-06
 Reference value :  1.43562e-06
 Reference value :  1.43643e-06
 Reference value :  1.43720e-06
 Reference value :  1.43797e-06
 Reference value :  1.43894e-06
 Reference value :  1.43970e-06
 Reference value :  1.44049e-06
 Reference value :  1.44128e-06
 Reference value :  1.44206e-06
 Reference value :  1.44283e-06
 Reference value :  1.44361e-06
 Reference value :  1.44439e-06
 Reference value :  1.44517e-06
 Reference value :  1.44594e-06
 Reference value :  1.44670e-06
 Reference value :  1.44748e-06
 Reference value :  1.44827e-06
 Reference value :  1.44905e-06
 Reference value :  1.44982e-06
 Reference value :  1.45062e-06
 Reference value :  1.45140e-06
 Reference value :  1.45220e-06
 Reference value :  1.45300e-06
 Reference value :  1.45377e-06
 Reference value :  1.45455e-06
 Reference value :  1.45535e-06
 Reference value :  1.45613e-06
 Reference value :  1.45689e-06
 Reference value :  1.45768e-06
 Reference value :  1.45847e-06
 Reference value :  1.45925e-06
 Reference value :  1.46002e-06
 Reference value :  1.46080e-06
 Reference value :  1.46158e-06
 Reference value :  1.46235e-06
 Reference value :  1.46312e-06
 Reference value :  1.46397e-06
 Reference value :  1.46476e-06
 Reference value :  1.46554e-06
 Reference value :  1.46632e-06
 Reference value :  1.46709e-06
 Reference value :  1.46791e-06
 Reference value :  1.46868e-06
 Reference value :  1.46948e-06
 Reference value :  1.47026e-06
 Reference value :  1.47104e-06
 Reference value :  1.47181e-06
 Reference value :  1.47261e-06
 Reference value :  1.47338e-06
 Reference value :  1.47416e-06
 Reference value :  1.47496e-06
 Reference value :  1.47573e-06
 Reference value :  1.47651e-06
 Reference value :  1.47731e-06
 Reference value :  1.47810e-06
 Reference value :  1.47891e-06
 Reference value :  1.47968e-06
 Reference value :  1.48051e-06
 Reference value :  1.48129e-06
 Reference value :  1.48209e-06
 Reference value :  1.48286e-06
 Reference value :  1.48365e-06
 Reference value :  1.48444e-06
 Reference value :  1.48522e-06
 Reference value :  1.48599e-06
 Reference value :  1.48678e-06
 Reference value :  1.48758e-06
 Reference value :  1.48835e-06
 Reference value :  1.48913e-06
 Reference value :  1.48990e-06
 Reference value :  1.49067e-06
 Reference value :  1.49144e-06
 Reference value :  1.49224e-06
 Reference value :  1.49302e-06
 Reference value :  1.49379e-06
 Reference value :  1.49459e-06
 Reference value :  1.49537e-06
 Reference value :  1.49614e-06
 Reference value :  1.49690e-06
 Reference value :  1.49770e-06
 Reference value :  1.49851e-06
 Reference value :  1.49928e-06
 Reference value :  1.50005e-06
 Reference value :  1.50087e-06
 Reference value :  1.50166e-06
 Reference value :  1.50244e-06
 Reference value :  1.50323e-06
 Reference value :  1.50403e-06
 Reference value :  1.50481e-06
 Reference value :  1.50559e-06
 Reference value :  1.50638e-06
 Reference value :  1.50715e-06
 Reference value :  1.50795e-06
 Reference value :  1.50872e-06
 Reference value :  1.50951e-06
 Reference value :  1.51032e-06
 Reference value :  1.51109e-06
 Reference value :  1.51186e-06
 Reference value :  1.51263e-06
 Reference value :  1.51342e-06
 Reference value :  1.51420e-06
 Reference value :  1.51501e-06
 Reference value :  1.51579e-06
 Reference value :  1.51657e-06
 Reference value :  1.51736e-06
 Reference value :  1.51815e-06
 Reference value :  1.51897e-06
 Reference value :  1.51974e-06
 Reference value :  1.52054e-06
 Reference value :  1.52131e-06
 Reference value :  1.52207e-06
 Reference value :  1.52284e-06
 Reference value :  1.52361e-06
 Reference value :  1.52441e-06
 Reference value :  1.52517e-06
 Reference value :  1.52596e-06
 Reference value :  1.52673e-06
 Reference value :  1.52751e-06
 Reference value :  1.52830e-06
 Reference value :  1.52910e-06
 Reference value :  1.52987e-06
 Reference value :  1.53065e-06
 Reference value :  1.53143e-06
 Reference value :  1.53223e-06
 Reference value :  1.53299e-06
 Reference value :  1.53377e-06
 Reference value :  1.53454e-06
 Reference value :  1.53533e-06
 Reference value :  1.53611e-06
 Reference value :  1.53690e-06
 Reference value :  1.53768e-06
 Reference value :  1.53845e-06
 Reference value :  1.53923e-06
 Reference value :  1.54001e-06
 Reference value :  1.54082e-06
 Reference value :  1.54160e-06
 Reference value :  1.54242e-06
 Reference value :  1.54325e-06
 Reference value :  1.54436e-06
 Reference value :  1.54575e-06
 Reference value :  1.54653e-06
 Reference value :  1.54732e-06
 Reference value :  1.54812e-06
 Reference value :  1.54928e-06
 Reference value :  1.55010e-06
 Reference value :  1.55094e-06
 Reference value :  1.55173e-06
 Reference value :  1.55259e-06
 Reference value :  1.55348e-06
 Reference value :  1.55426e-06
 Reference value :  1.55505e-06
 Reference value :  1.55582e-06
 Reference value :  1.55661e-06
 Reference value :  1.55742e-06
 Reference value :  1.55821e-06
 Reference value :  1.55897e-06
 Reference value :  1.55978e-06
 Reference value :  1.56061e-06
 Reference value :  1.56137e-06
 Reference value :  1.56216e-06
 Reference value :  1.56295e-06
 Reference value :  1.56375e-06
 Reference value :  1.56460e-06
 Reference value :  1.56543e-06
 Reference value :  1.56636e-06
 Reference value :  1.56717e-06
 Reference value :  1.56800e-06
 Reference value :  1.56877e-06
 Reference value :  1.56958e-06
 Reference value :  1.57038e-06
 Reference value :  1.57115e-06
 Reference value :  1.57193e-06
 Reference value :  1.57271e-06
 Reference value :  1.57349e-06
 Reference value :  1.57426e-06
 Reference value :  1.57505e-06
 Reference value :  1.57582e-06
 Reference value :  1.57660e-06
 Reference value :  1.57740e-06
 Reference value :  1.57819e-06
 Reference value :  1.57900e-06
 Reference value :  1.57977e-06
 Reference value :  1.58057e-06
 Reference value :  1.58134e-06
 Reference value :  1.58211e-06
 Reference value :  1.58290e-06
 Reference value :  1.58371e-06
 Reference value :  1.58448e-06
 Reference value :  1.58523e-06
 Reference value :  1.58601e-06
 Reference value :  1.58680e-06
 Reference value :  1.58757e-06
 Reference value :  1.58835e-06
 Reference value :  1.58914e-06
 Reference value :  1.58993e-06
 Reference value :  1.59070e-06
 Reference value :  1.59150e-06
 Reference value :  1.59229e-06
 Reference value :  1.59309e-06
 Reference value :  1.59388e-06
 Reference value :  1.59466e-06
 Reference value :  1.59546e-06
 Reference value :  1.59626e-06
 Reference value :  1.59707e-06
 Reference value :  1.59785e-06
 Reference value :  1.59863e-06
 Reference value :  1.59941e-06
 Reference value :  1.60021e-06
 Reference value :  1.60099e-06
 Reference value :  1.60177e-06
 Reference value :  1.60273e-06
 Reference value :  1.60362e-06
 Reference value :  1.60441e-06
 Reference value :  1.60517e-06
 Reference value :  1.60595e-06
 Reference value :  1.60675e-06
 Reference value :  1.60751e-06
 Reference value :  1.60833e-06
 Reference value :  1.60910e-06
 Reference value :  1.60986e-06
 Reference value :  1.61063e-06
 Reference value :  1.61141e-06
 Reference value :  1.61217e-06
 Reference value :  1.61296e-06
 Reference value :  1.61376e-06
 Reference value :  1.61455e-06
 Reference value :  1.61533e-06
 Reference value :  1.61610e-06
 Reference value :  1.61692e-06
 Reference value :  1.61769e-06
 Reference value :  1.61848e-06
 Reference value :  1.61927e-06
 Reference value :  1.62006e-06
 Reference value :  1.62084e-06
 Reference value :  1.62164e-06
 Reference value :  1.62242e-06
 Reference value :  1.62321e-06
 Reference value :  1.62397e-06
 Reference value :  1.62477e-06
 Reference value :  1.62555e-06
 Reference value :  1.62636e-06
 Reference value :  1.62713e-06
 Reference value :  1.62791e-06
 Reference value :  1.62870e-06
 Reference value :  1.62950e-06
 Reference value :  1.63030e-06
 Reference value :  1.63108e-06
 Reference value :  1.63185e-06
 Reference value :  1.63264e-06
 Reference value :  1.63343e-06
 Reference value :  1.63421e-06
 Reference value :  1.63498e-06
 Reference value :  1.63575e-06
 Reference value :  1.63653e-06
 Reference value :  1.63732e-06
 Reference value :  1.63809e-06
 Reference value :  1.63887e-06
 Reference value :  1.63966e-06
 Reference value :  1.64043e-06
 Reference value :  1.64147e-06
 Reference value :  1.64227e-06
 Reference value :  1.64307e-06
 Reference value :  1.64387e-06
 Reference value :  1.64465e-06
 Reference value :  1.64541e-06
 Reference value :  1.64618e-06
 Reference value :  1.64696e-06
 Reference value :  1.64775e-06
 Reference value :  1.64851e-06
 Reference value :  1.64960e-06
 Reference value :  1.65036e-06
 Reference value :  1.65110e-06
 Reference value :  1.65186e-06
 Reference value :  1.65262e-06
 Reference value :  1.65337e-06
 Reference value :  1.65412e-06
 Reference value :  1.65491e-06
 Reference value :  1.65566e-06
 Reference value :  1.65642e-06
 Reference value :  1.65720e-06
 Reference value :  1.65797e-06
 Reference value :  1.65873e-06
 Reference value :  1.65947e-06
 Reference value :  1.66022e-06
 Reference value :  1.66096e-06
 Reference value :  1.66173e-06
 Reference value :  1.66250e-06
 Reference value :  1.66325e-06
 Reference value :  1.66402e-06
 Reference value :  1.66476e-06
 Reference value :  1.66550e-06
 Reference value :  1.66627e-06
 Reference value :  1.66706e-06
 Reference value :  1.66784e-06
 Reference value :  1.66857e-06
 Reference value :  1.66934e-06
 Reference value :  1.67011e-06
 Reference value :  1.67088e-06
 Reference value :  1.67161e-06
 Reference value :  1.67236e-06
 Reference value :  1.67314e-06
 Reference value :  1.67390e-06
 Reference value :  1.67467e-06
 Reference value :  1.67546e-06
 Reference value :  1.67619e-06
 Reference value :  1.67697e-06
 Reference value :  1.67773e-06
 Reference value :  1.67847e-06
 Reference value :  1.67924e-06
 Reference value :  1.68001e-06
 Reference value :  1.68076e-06
 Reference value :  1.68153e-06
 Reference value :  1.68227e-06
 Reference value :  1.68301e-06
 Reference value :  1.68375e-06
 Reference value :  1.68450e-06
 Reference value :  1.68527e-06
 Reference value :  1.68604e-06
 Reference value :  1.68679e-06
 Reference value :  1.68755e-06
 Reference value :  1.68830e-06
 Reference value :  1.68906e-06
 Reference value :  1.68984e-06
 Reference value :  1.69058e-06
 Reference value :  1.69133e-06
 Reference value :  1.69209e-06
 Reference value :  1.69284e-06
 Reference value :  1.69361e-06
 Reference value :  1.69437e-06
 Reference value :  1.69511e-06
 Reference value :  1.69586e-06
 Reference value :  1.69663e-06
 Reference value :  1.69740e-06
 Reference value :  1.69818e-06
 Reference value :  1.69896e-06
 Reference value :  1.69977e-06
 Reference value :  1.70051e-06
 Reference value :  1.70127e-06
 Reference value :  1.70202e-06
 Reference value :  1.70278e-06
 Reference value :  1.70356e-06
 Reference value :  1.70430e-06
 Reference value :  1.70507e-06
 Reference value :  1.70582e-06
 Reference value :  1.70660e-06
 Reference value :  1.70734e-06
 Reference value :  1.70810e-06
 Reference value :  1.70884e-06
 Reference value :  1.70959e-06
 Reference value :  1.71035e-06
 Reference value :  1.71110e-06
 Reference value :  1.71188e-06
 Reference value :  1.71264e-06
 Reference value :  1.71340e-06
 Reference value :  1.71415e-06
 Reference value :  1.71491e-06
 Reference value :  1.71567e-06
 Reference value :  1.71645e-06
 Reference value :  1.71724e-06
 Reference value :  1.71799e-06
 Reference value :  1.71876e-06
 Reference value :  1.71953e-06
 Reference value :  1.72031e-06
 Reference value :  1.72105e-06
 Reference value :  1.72181e-06
 Reference value :  1.72257e-06
 Reference value :  1.72331e-06
 Reference value :  1.72403e-06
 Reference value :  1.72480e-06
 Reference value :  1.72558e-06
 Reference value :  1.72634e-06
 Reference value :  1.72713e-06
 Reference value :  1.72788e-06
 Reference value :  1.72865e-06
 Reference value :  1.72941e-06
 Reference value :  1.73018e-06
 Reference value :  1.73094e-06
 Reference value :  1.73172e-06
 Reference value :  1.73249e-06
 Reference value :  1.73326e-06
 Reference value :  1.73403e-06
 Reference value :  1.73481e-06
 Reference value :  1.73555e-06
 Reference value :  1.73634e-06
 Reference value :  1.73710e-06
 Reference value :  1.73787e-06
 Reference value :  1.73865e-06
 Reference value :  1.73942e-06
 Reference value :  1.74015e-06
 Reference value :  1.74093e-06
 Reference value :  1.74169e-06
 Reference value :  1.74247e-06
 Reference value :  1.74321e-06
 Reference value :  1.74400e-06
 Reference value :  1.74476e-06
 Reference value :  1.74553e-06
 Reference value :  1.74631e-06
 Reference value :  1.74704e-06
 Reference value :  1.74779e-06
 Reference value :  1.74855e-06
 Reference value :  1.74931e-06
 Reference value :  1.75006e-06
 Reference value :  1.75083e-06
 Reference value :  1.75161e-06
 Reference value :  1.75242e-06
 Reference value :  1.75318e-06
 Reference value :  1.75397e-06
 Reference value :  1.75473e-06
 Reference value :  1.75554e-06
 Reference value :  1.75637e-06
 Reference value :  1.75714e-06
 Reference value :  1.75789e-06
 Reference value :  1.75865e-06
 Reference value :  1.75939e-06
 Reference value :  1.76018e-06
 Reference value :  1.76096e-06
 Reference value :  1.76171e-06
 Reference value :  1.76249e-06
 Reference value :  1.76326e-06
 Reference value :  1.76405e-06
 Reference value :  1.76481e-06
 Reference value :  1.76556e-06
 Reference value :  1.76633e-06
 Reference value :  1.76708e-06
 Reference value :  1.76795e-06
 Reference value :  1.76874e-06
 Reference value :  1.76958e-06
 Reference value :  1.77033e-06
 Reference value :  1.77109e-06
 Reference value :  1.77188e-06
 Reference value :  1.77265e-06
 Reference value :  1.77345e-06
 Reference value :  1.77419e-06
 Reference value :  1.77498e-06
 Reference value :  1.77576e-06
 Reference value :  1.77653e-06
 Reference value :  1.77730e-06
 Reference value :  1.77806e-06
 Reference value :  1.77883e-06
 Reference value :  1.77962e-06
 Reference value :  1.78038e-06
 Reference value :  1.78111e-06
 Reference value :  1.78189e-06
 Reference value :  1.78266e-06
 Reference value :  1.78340e-06
 Reference value :  1.78417e-06
 Reference value :  1.78493e-06
 Reference value :  1.78572e-06
 Reference value :  1.78649e-06
 Reference value :  1.78723e-06
 Reference value :  1.78801e-06
 Reference value :  1.78879e-06
 Reference value :  1.78954e-06
 Reference value :  1.79031e-06
 Reference value :  1.79106e-06
 Reference value :  1.79182e-06
 Reference value :  1.79257e-06
 Reference value :  1.79333e-06
 Reference value :  1.79407e-06
 Reference value :  1.79483e-06
 Reference value :  1.79560e-06
 Reference value :  1.79637e-06
 Reference value :  1.79714e-06
 Reference value :  1.79793e-06
 Reference value :  1.79873e-06
 Reference value :  1.79953e-06
 Reference value :  1.80028e-06
 Reference value :  1.80116e-06
 Reference value :  1.80213e-06
 Reference value :  1.80289e-06
 Reference value :  1.80363e-06
 Reference value :  1.80440e-06
 Reference value :  1.80518e-06
 Reference value :  1.80592e-06
 Reference value :  1.80670e-06
 Reference value :  1.80747e-06
 Reference value :  1.80825e-06
 Reference value :  1.80901e-06
 Reference value :  1.80976e-06
 Reference value :  1.81052e-06
 Reference value :  1.81127e-06
 Reference value :  1.81206e-06
 Reference value :  1.81283e-06
 Reference value :  1.81360e-06
 Reference value :  1.81436e-06
 Reference value :  1.81513e-06
 Reference value :  1.81590e-06
 Reference value :  1.81666e-06
 Reference value :  1.81746e-06
 Reference value :  1.81826e-06
 Reference value :  1.81901e-06
 Reference value :  1.81978e-06
 Reference value :  1.82054e-06
 Reference value :  1.82130e-06
 Reference value :  1.82208e-06
 Reference value :  1.82283e-06
 Reference value :  1.82357e-06
 Reference value :  1.82434e-06
 Reference value :  1.82507e-06
 Reference value :  1.82582e-06
 Reference value :  1.82661e-06
 Reference value :  1.82737e-06
 Reference value :  1.82817e-06
 Reference value :  1.82893e-06
 Reference value :  1.82968e-06
 Reference value :  1.83042e-06
 Reference value :  1.83118e-06
 Reference value :  1.83197e-06
 Reference value :  1.83277e-06
 Reference value :  1.83353e-06
 Reference value :  1.83428e-06
 Reference value :  1.83502e-06
 Reference value :  1.83580e-06
 Reference value :  1.83656e-06
 Reference value :  1.83730e-06
 Reference value :  1.83804e-06
 Reference value :  1.83880e-06
 Reference value :  1.83956e-06
 Reference value :  1.84030e-06
 Reference value :  1.84107e-06
 Reference value :  1.84182e-06
 Reference value :  1.84257e-06
 Reference value :  1.84335e-06
 Reference value :  1.84409e-06
 Reference value :  1.84483e-06
 Reference value :  1.84560e-06
 Reference value :  1.84634e-06
 Reference value :  1.84710e-06
 Reference value :  1.84786e-06
 Reference value :  1.84863e-06
 Reference value :  1.84941e-06
 Reference value :  1.85015e-06
 Reference value :  1.85091e-06
 Reference value :  1.85168e-06
 Reference value :  1.85244e-06
 Reference value :  1.85318e-06
 Reference value :  1.85392e-06
 Reference value :  1.85470e-06
 Reference value :  1.85545e-06
 Reference value :  1.85619e-06
 Reference value :  1.85693e-06
 Reference value :  1.85770e-06
 Reference value :  1.85847e-06
 Reference value :  1.85921e-06
 Reference value :  1.85998e-06
 Reference value :  1.86075e-06
 Reference value :  1.86152e-06
 Reference value :  1.86229e-06
 Reference value :  1.86303e-06
 Reference value :  1.86381e-06
 Reference value :  1.86455e-06
 Reference value :  1.86530e-06
 Reference value :  1.86605e-06
 Reference value :  1.86679e-06
 Reference value :  1.86754e-06
 Reference value :  1.86828e-06
 Reference value :  1.86903e-06
 Reference value :  1.86976e-06
 Reference value :  1.87053e-06
 Reference value :  1.87130e-06
 Reference value :  1.87204e-06
 Reference value :  1.87277e-06
 Reference value :  1.87358e-06
 Reference value :  1.87433e-06
 Reference value :  1.87508e-06
 Reference value :  1.87584e-06
 Reference value :  1.87659e-06
 Reference value :  1.87736e-06
 Reference value :  1.87819e-06
 Reference value :  1.87896e-06
 Reference value :  1.87971e-06
 Reference value :  1.88050e-06
 Reference value :  1.88130e-06
 Reference value :  1.88206e-06
 Reference value :  1.88284e-06
 Reference value :  1.88361e-06
 Reference value :  1.88439e-06
 Reference value :  1.88516e-06
 Reference value :  1.88592e-06
 Reference value :  1.88669e-06
 Reference value :  1.88745e-06
 Reference value :  1.88821e-06
 Reference value :  1.88899e-06
 Reference value :  1.88973e-06
 Reference value :  1.89050e-06
 Reference value :  1.89127e-06
 Reference value :  1.89205e-06
 Reference value :  1.89281e-06
 Reference value :  1.89357e-06
 Reference value :  1.89435e-06
 Reference value :  1.89515e-06
 Reference value :  1.89592e-06
 Reference value :  1.89670e-06
 Reference value :  1.89758e-06
 Reference value :  1.89852e-06
 Reference value :  1.89928e-06
 Reference value :  1.90003e-06
 Reference value :  1.90078e-06
 Reference value :  1.90153e-06
 Reference value :  1.90227e-06
 Reference value :  1.90342e-06
 Reference value :  1.90424e-06
 Reference value :  1.90499e-06
 Reference value :  1.90576e-06
 Reference value :  1.90654e-06
 Reference value :  1.90730e-06
 Reference value :  1.90805e-06
 Reference value :  1.90881e-06
 Reference value :  1.90955e-06
 Reference value :  1.91031e-06
 Reference value :  1.91107e-06
 Reference value :  1.91180e-06
 Reference value :  1.91257e-06
 Reference value :  1.91336e-06
 Reference value :  1.91411e-06
 Reference value :  1.91490e-06
 Reference value :  1.91564e-06
 Reference value :  1.91641e-06
 Reference value :  1.91717e-06
 Reference value :  1.91793e-06
 Reference value :  1.91871e-06
 Reference value :  1.91945e-06
 Reference value :  1.92023e-06
 Reference value :  1.92102e-06
 Reference value :  1.92177e-06
 Reference value :  1.92252e-06
 Reference value :  1.92327e-06
 Reference value :  1.92403e-06
 Reference value :  1.92478e-06
 Reference value :  1.92553e-06
 Reference value :  1.92627e-06
 Reference value :  1.92703e-06
 Reference value :  1.92777e-06
 Reference value :  1.92854e-06
 Reference value :  1.92931e-06
 Reference value :  1.93010e-06
 Reference value :  1.93084e-06
 Reference value :  1.93160e-06
 Reference value :  1.93235e-06
 Reference value :  1.93311e-06
 Reference value :  1.93386e-06
 Reference value :  1.93462e-06
 Reference value :  1.93540e-06
 Reference value :  1.93615e-06
 Reference value :  1.93689e-06
 Reference value :  1.93767e-06
 Reference value :  1.93848e-06
 Reference value :  1.93927e-06
 Reference value :  1.94004e-06
 Reference value :  1.94079e-06
 Reference value :  1.94156e-06
 Reference value :  1.94233e-06
 Reference value :  1.94306e-06
 Reference value :  1.94381e-06
 Reference value :  1.94456e-06
 Reference value :  1.94531e-06
 Reference value :  1.94606e-06
 Reference value :  1.94685e-06
 Reference value :  1.94761e-06
 Reference value :  1.94836e-06
 Reference value :  1.94912e-06
 Reference value :  1.94989e-06
 Reference value :  1.95065e-06
 Reference value :  1.95141e-06
 Reference value :  1.95216e-06
 Reference value :  1.95291e-06
 Reference value :  1.95366e-06
 Reference value :  1.95442e-06
 Reference value :  1.95515e-06
 Reference value :  1.95591e-06
 Reference value :  1.95666e-06
 Reference value :  1.95746e-06
 Reference value :  1.95822e-06
 Reference value :  1.95898e-06
 Reference value :  1.95972e-06
 Reference value :  1.96049e-06
 Reference value :  1.96125e-06
 Reference value :  1.96202e-06
 Reference value :  1.96279e-06
 Reference value :  1.96359e-06
 Reference value :  1.96436e-06
 Reference value :  1.96514e-06
 Reference value :  1.96591e-06
 Reference value :  1.96665e-06
 Reference value :  1.96743e-06
 Reference value :  1.96819e-06
 Reference value :  1.96898e-06
 Reference value :  1.96974e-06
 Reference value :  1.97050e-06
 Reference value :  1.97127e-06
 Reference value :  1.97200e-06
 Reference value :  1.97273e-06
 Reference value :  1.97354e-06
 Reference value :  1.97430e-06
 Reference value :  1.97506e-06
 Reference value :  1.97582e-06
 Reference value :  1.97657e-06
 Reference value :  1.97736e-06
 Reference value :  1.97814e-06
 Reference value :  1.97892e-06
 Reference value :  1.97967e-06
 Reference value :  1.98043e-06
 Reference value :  1.98118e-06
 Reference value :  1.98193e-06
 Reference value :  1.98268e-06
 Reference value :  1.98344e-06
 Reference value :  1.98419e-06
 Reference value :  1.98497e-06
 Reference value :  1.98605e-06
 Reference value :  1.98681e-06
 Reference value :  1.98756e-06
 Reference value :  1.98832e-06
 Reference value :  1.98907e-06
 Reference value :  1.98983e-06
 Reference value :  1.99060e-06
 Reference value :  1.99136e-06
 Reference value :  1.99211e-06
 Reference value :  1.99285e-06
 Reference value :  1.99363e-06
 Reference value :  1.99440e-06
 Reference value :  1.99518e-06
 Reference value :  1.99592e-06
 Reference value :  1.99669e-06
 Reference value :  1.99745e-06
 Reference value :  1.99825e-06
 Reference value :  1.99900e-06
 Reference value :  1.99975e-06
 Reference value :  2.00052e-06
 Reference value :  2.00131e-06
 Reference value :  2.00209e-06
 Reference value :  2.00283e-06
 Reference value :  2.00358e-06
 Reference value :  2.00434e-06
 Reference value :  2.00510e-06
 Reference value :  2.00584e-06
 Reference value :  2.00659e-06
 Reference value :  2.00736e-06
 Reference value :  2.00810e-06
 Reference value :  2.00885e-06
 Reference value :  2.00960e-06
 Reference value :  2.01037e-06
 Reference value :  2.01116e-06
 Reference value :  2.01192e-06
 Reference value :  2.01267e-06
 Reference value :  2.01345e-06
 Reference value :  2.01421e-06
 Reference value :  2.01500e-06
 Reference value :  2.01576e-06
 Reference value :  2.01652e-06
 Reference value :  2.01729e-06
 Reference value :  2.01804e-06
 Reference value :  2.01881e-06
 Reference value :  2.01957e-06
 Reference value :  2.02032e-06
 Reference value :  2.02112e-06
 Reference value :  2.02191e-06
 Reference value :  2.02271e-06
 Reference value :  2.02347e-06
 Reference value :  2.02427e-06
 Reference value :  2.02512e-06
 Reference value :  2.02588e-06
 Reference value :  2.02665e-06
 Reference value :  2.02739e-06
 Reference value :  2.02814e-06
 Reference value :  2.02889e-06
 Reference value :  2.02965e-06
 Reference value :  2.03039e-06
 Reference value :  2.03113e-06
 Reference value :  2.03189e-06
 Reference value :  2.03262e-06
 Reference value :  2.03338e-06
 Reference value :  2.03414e-06
 Reference value :  2.03490e-06
 Reference value :  2.03569e-06
 Reference value :  2.03649e-06
 Reference value :  2.03726e-06
 Reference value :  2.03805e-06
 Reference value :  2.03881e-06
 Reference value :  2.03960e-06
 Reference value :  2.04032e-06
 Reference value :  2.04109e-06
 Reference value :  2.04182e-06
 Reference value :  2.04258e-06
 Reference value :  2.04333e-06
 Reference value :  2.04411e-06
 Reference value :  2.04487e-06
 Reference value :  2.04562e-06
 Reference value :  2.04636e-06
 Reference value :  2.04714e-06
 Reference value :  2.04789e-06
 Reference value :  2.04864e-06
 Reference value :  2.04941e-06
 Reference value :  2.05016e-06
 Reference value :  2.05094e-06
 Reference value :  2.05167e-06
 Reference value :  2.05242e-06
 Reference value :  2.05320e-06
 Reference value :  2.05401e-06
 Reference value :  2.05479e-06
 Reference value :  2.05555e-06
 Reference value :  2.05634e-06
 Reference value :  2.05710e-06
 Reference value :  2.05792e-06
 Reference value :  2.05882e-06
 Reference value :  2.05974e-06
 Reference value :  2.06051e-06
 Reference value :  2.06143e-06
 Reference value :  2.06221e-06
 Reference value :  2.06298e-06
 Reference value :  2.06372e-06
 Reference value :  2.06447e-06
 Reference value :  2.06525e-06
 Reference value :  2.06601e-06
 Reference value :  2.06679e-06
 Reference value :  2.06755e-06
 Reference value :  2.06833e-06
 Reference value :  2.06907e-06
 Reference value :  2.06985e-06
 Reference value :  2.07061e-06
 Reference value :  2.07137e-06
 Reference value :  2.07215e-06
 Reference value :  2.07294e-06
 Reference value :  2.07369e-06
 Reference value :  2.07446e-06
 Reference value :  2.07520e-06
 Reference value :  2.07595e-06
 Reference value :  2.07670e-06
 Reference value :  2.07749e-06
 Reference value :  2.07824e-06
 Reference value :  2.07898e-06
 Reference value :  2.07972e-06
 Reference value :  2.08047e-06
 Reference value :  2.08123e-06
 Reference value :  2.08197e-06
 Reference value :  2.08275e-06
 Reference value :  2.08352e-06
 Reference value :  2.08428e-06
 Reference value :  2.08503e-06
 Reference value :  2.08577e-06
 Reference value :  2.08664e-06
 Reference value :  2.08756e-06
 Reference value :  2.08834e-06
 Reference value :  2.08913e-06
 Reference value :  2.08987e-06
 Reference value :  2.09066e-06
 Reference value :  2.09139e-06
 Reference value :  2.09218e-06
 Reference value :  2.09296e-06
 Reference value :  2.09374e-06
 Reference value :  2.09449e-06
 Reference value :  2.09523e-06
 Reference value :  2.09600e-06
 Reference value :  2.09675e-06
 Reference value :  2.09753e-06
 Reference value :  2.09828e-06
 Reference value :  2.09905e-06
 Reference value :  2.09982e-06
 Reference value :  2.10058e-06
 Reference value :  2.10133e-06
 Reference value :  2.10209e-06
 Reference value :  2.10284e-06
 Reference value :  2.10360e-06
 Reference value :  2.10438e-06
 Reference value :  2.10513e-06
 Reference value :  2.10591e-06
 Reference value :  2.10666e-06
 Reference value :  2.10747e-06
 Reference value :  2.10822e-06
 Reference value :  2.10897e-06
 Reference value :  2.10971e-06
 Reference value :  2.11049e-06
 Reference value :  2.11124e-06
 Reference value :  2.11206e-06
 Reference value :  2.11284e-06
 Reference value :  2.11363e-06
 Reference value :  2.11439e-06
 Reference value :  2.11515e-06
 Reference value :  2.11591e-06
 Reference value :  2.11666e-06
 Reference value :  2.11742e-06
 Reference value :  2.11815e-06
 Reference value :  2.11892e-06
 Reference value :  2.11968e-06
 Reference value :  2.12046e-06
 Reference value :  2.12124e-06
 Reference value :  2.12200e-06
 Reference value :  2.12273e-06
 Reference value :  2.12353e-06
 Reference value :  2.12433e-06
 Reference value :  2.12512e-06
 Reference value :  2.12587e-06
 Reference value :  2.12663e-06
 Reference value :  2.12744e-06
 Reference value :  2.12820e-06
 Reference value :  2.12898e-06
 Reference value :  2.12973e-06
 Reference value :  2.13049e-06
 Reference value :  2.13124e-06
 Reference value :  2.13214e-06
 Reference value :  2.13297e-06
 Reference value :  2.13380e-06
 Reference value :  2.13477e-06
 Reference value :  2.13567e-06
 Reference value :  2.13663e-06
 Reference value :  2.13744e-06
 Reference value :  2.13818e-06
 Reference value :  2.13894e-06
 Reference value :  2.13970e-06
 Reference value :  2.14045e-06
 Reference value :  2.14122e-06
 Reference value :  2.14198e-06
 Reference value :  2.14273e-06
 Reference value :  2.14349e-06
 Reference value :  2.14423e-06
 Reference value :  2.14496e-06
 Reference value :  2.14570e-06
 Reference value :  2.14648e-06
 Reference value :  2.14723e-06
 Reference value :  2.14803e-06
 Reference value :  2.14881e-06
 Reference value :  2.14955e-06
 Reference value :  2.15031e-06
 Reference value :  2.15108e-06
 Reference value :  2.15183e-06
 Reference value :  2.15260e-06
 Reference value :  2.15338e-06
 Reference value :  2.15414e-06
 Reference value :  2.15489e-06
 Reference value :  2.15565e-06
 Reference value :  2.15641e-06
 Reference value :  2.15717e-06
 Reference value :  2.15795e-06
 Reference value :  2.15870e-06
 Reference value :  2.15945e-06
 Reference value :  2.16020e-06
 Reference value :  2.16097e-06
 Reference value :  2.16171e-06
 Reference value :  2.16246e-06
 Reference value :  2.16320e-06
 Reference value :  2.16394e-06
 Reference value :  2.16468e-06
 Reference value :  2.16543e-06
 Reference value :  2.16618e-06
 Reference value :  2.16695e-06
 Reference value :  2.16773e-06
 Reference value :  2.16847e-06
 Reference value :  2.16922e-06
 Reference value :  2.16997e-06
 Reference value :  2.17072e-06
 Reference value :  2.17149e-06
 Reference value :  2.17227e-06
 Reference value :  2.17305e-06
 Reference value :  2.17383e-06
 Reference value :  2.17459e-06
 Reference value :  2.17539e-06
 Reference value :  2.17616e-06
 Reference value :  2.17693e-06
 Reference value :  2.17768e-06
 Reference value :  2.17844e-06
 Reference value :  2.17923e-06
 Reference value :  2.17999e-06
 Reference value :  2.18074e-06
 Reference value :  2.18151e-06
 Reference value :  2.18227e-06
 Reference value :  2.18304e-06
 Reference value :  2.18383e-06
 Reference value :  2.18461e-06
 Reference value :  2.18536e-06
 Reference value :  2.18612e-06
 Reference value :  2.18687e-06
 Reference value :  2.18765e-06
 Reference value :  2.18846e-06
 Reference value :  2.18922e-06
 Reference value :  2.18999e-06
 Reference value :  2.19077e-06
 Reference value :  2.19154e-06
 Reference value :  2.19235e-06
 Reference value :  2.19312e-06
 Reference value :  2.19389e-06
 Reference value :  2.19467e-06
 Reference value :  2.19539e-06
 Reference value :  2.19618e-06
 Reference value :  2.19696e-06
 Reference value :  2.19772e-06
 Reference value :  2.19847e-06
 Reference value :  2.19925e-06
 Reference value :  2.20001e-06
 Reference value :  2.20075e-06
 Reference value :  2.20151e-06
 Reference value :  2.20236e-06
 Reference value :  2.20341e-06
 Reference value :  2.20419e-06
 Reference value :  2.20498e-06
 Reference value :  2.20575e-06
 Reference value :  2.20649e-06
 Reference value :  2.20728e-06
 Reference value :  2.20805e-06
 Reference value :  2.20883e-06
 Reference value :  2.20960e-06
 Reference value :  2.21037e-06
 Reference value :  2.21126e-06
 Reference value :  2.21206e-06
 Reference value :  2.21282e-06
 Reference value :  2.21364e-06
 Reference value :  2.21440e-06
 Reference value :  2.21517e-06
 Reference value :  2.21593e-06
 Reference value :  2.21667e-06
 Reference value :  2.21742e-06
 Reference value :  2.21818e-06
 Reference value :  2.21895e-06
 Reference value :  2.21971e-06
 Reference value :  2.22049e-06
 Reference value :  2.22125e-06
 Reference value :  2.22202e-06
 Reference value :  2.22280e-06
 Reference value :  2.22355e-06
 Reference value :  2.22436e-06
 Reference value :  2.22514e-06
 Reference value :  2.22592e-06
 Reference value :  2.22671e-06
 Reference value :  2.22746e-06
 Reference value :  2.22826e-06
 Reference value :  2.22905e-06
 Reference value :  2.22984e-06
 Reference value :  2.23060e-06
 Reference value :  2.23133e-06
 Reference value :  2.23209e-06
 Reference value :  2.23285e-06
 Reference value :  2.23361e-06
 Reference value :  2.23439e-06
 Reference value :  2.23515e-06
 Reference value :  2.23593e-06
 Reference value :  2.23670e-06
 Reference value :  2.23747e-06
 Reference value :  2.23823e-06
 Reference value :  2.23898e-06
 Reference value :  2.23972e-06
 Reference value :  2.24047e-06
 Reference value :  2.24124e-06
 Reference value :  2.24201e-06
 Reference value :  2.24279e-06
 Reference value :  2.24355e-06
 Reference value :  2.24433e-06
 Reference value :  2.24509e-06
 Reference value :  2.24587e-06
 Reference value :  2.24667e-06
 Reference value :  2.24747e-06
 Reference value :  2.24825e-06
 Reference value :  2.24900e-06
 Reference value :  2.24978e-06
 Reference value :  2.25051e-06
 Reference value :  2.25129e-06
 Reference value :  2.25213e-06
 Reference value :  2.25291e-06
 Reference value :  2.25367e-06
 Reference value :  2.25448e-06
 Reference value :  2.25528e-06
 Reference value :  2.25609e-06
 Reference value :  2.25686e-06
 Reference value :  2.25764e-06
 Reference value :  2.25841e-06
 Reference value :  2.25915e-06
 Reference value :  2.25993e-06
 Reference value :  2.26072e-06
 Reference value :  2.26151e-06
 Reference value :  2.26230e-06
 Reference value :  2.26305e-06
 Reference value :  2.26384e-06
 Reference value :  2.26462e-06
 Reference value :  2.26539e-06
 Reference value :  2.26617e-06
 Reference value :  2.26693e-06
 Reference value :  2.26768e-06
 Reference value :  2.26845e-06
 Reference value :  2.26921e-06
 Reference value :  2.26996e-06
 Reference value :  2.27072e-06
 Reference value :  2.27148e-06
 Reference value :  2.27223e-06
 Reference value :  2.27299e-06
 Reference value :  2.27373e-06
 Reference value :  2.27451e-06
 Reference value :  2.27527e-06
 Reference value :  2.27604e-06
 Reference value :  2.27681e-06
 Reference value :  2.27760e-06
 Reference value :  2.27838e-06
 Reference value :  2.27916e-06
 Reference value :  2.27992e-06
 Reference value :  2.28069e-06
 Reference value :  2.28145e-06
 Reference value :  2.28220e-06
 Reference value :  2.28298e-06
 Reference value :  2.28375e-06
 Reference value :  2.28452e-06
 Reference value :  2.28528e-06
 Reference value :  2.28642e-06
 Reference value :  2.28718e-06
 Reference value :  2.28793e-06
 Reference value :  2.28872e-06
 Reference value :  2.28948e-06
 Reference value :  2.29021e-06
 Reference value :  2.29095e-06
 Reference value :  2.29172e-06
 Reference value :  2.29249e-06
 Reference value :  2.29328e-06
 Reference value :  2.29403e-06
 Reference value :  2.29483e-06
 Reference value :  2.29561e-06
 Reference value :  2.29636e-06
 Reference value :  2.29713e-06
 Reference value :  2.29792e-06
 Reference value :  2.29869e-06
 Reference value :  2.29946e-06
 Reference value :  2.30023e-06
 Reference value :  2.30099e-06
 Reference value :  2.30177e-06
 Reference value :  2.30252e-06
 Reference value :  2.30331e-06
 Reference value :  2.30405e-06
 Reference value :  2.30482e-06
 Reference value :  2.30559e-06
 Reference value :  2.30634e-06
 Reference value :  2.30710e-06
 Reference value :  2.30789e-06
 Reference value :  2.30869e-06
 Reference value :  2.30948e-06
 Reference value :  2.31022e-06
 Reference value :  2.31102e-06
 Reference value :  2.31177e-06
 Reference value :  2.31255e-06
 Reference value :  2.31329e-06
 Reference value :  2.31407e-06
 Reference value :  2.31485e-06
 Reference value :  2.31562e-06
 Reference value :  2.31637e-06
 Reference value :  2.31714e-06
 Reference value :  2.31791e-06
 Reference value :  2.31868e-06
 Reference value :  2.31947e-06
 Reference value :  2.32022e-06
 Reference value :  2.32099e-06
 Reference value :  2.32177e-06
 Reference value :  2.32252e-06
 Reference value :  2.32328e-06
 Reference value :  2.32403e-06
 Reference value :  2.32481e-06
 Reference value :  2.32564e-06
 Reference value :  2.32643e-06
 Reference value :  2.32722e-06
 Reference value :  2.32802e-06
 Reference value :  2.32880e-06
 Reference value :  2.32959e-06
 Reference value :  2.33038e-06
 Reference value :  2.33120e-06
 Reference value :  2.33199e-06
 Reference value :  2.33278e-06
 Reference value :  2.33357e-06
 Reference value :  2.33431e-06
 Reference value :  2.33512e-06
 Reference value :  2.33590e-06
 Reference value :  2.33668e-06
 Reference value :  2.33748e-06
 Reference value :  2.33824e-06
 Reference value :  2.33903e-06
 Reference value :  2.33979e-06
 Reference value :  2.34055e-06
 Reference value :  2.34135e-06
 Reference value :  2.34209e-06
 Reference value :  2.34289e-06
 Reference value :  2.34366e-06
 Reference value :  2.34445e-06
 Reference value :  2.34523e-06
 Reference value :  2.34599e-06
 Reference value :  2.34676e-06
 Reference value :  2.34752e-06
 Reference value :  2.34826e-06
 Reference value :  2.34903e-06
 Reference value :  2.34979e-06
 Reference value :  2.35057e-06
 Reference value :  2.35131e-06
 Reference value :  2.35209e-06
 Reference value :  2.35284e-06
 Reference value :  2.35359e-06
 Reference value :  2.35434e-06
 Reference value :  2.35513e-06
 Reference value :  2.35591e-06
 Reference value :  2.35666e-06
 Reference value :  2.35744e-06
 Reference value :  2.35824e-06
 Reference value :  2.35902e-06
 Reference value :  2.35980e-06
 Reference value :  2.36058e-06
 Reference value :  2.36139e-06
 Reference value :  2.36219e-06
 Reference value :  2.36295e-06
 Reference value :  2.36373e-06
 Reference value :  2.36448e-06
 Reference value :  2.36525e-06
 Reference value :  2.36600e-06
 Reference value :  2.36676e-06
 Reference value :  2.36753e-06
 Reference value :  2.36832e-06
 Reference value :  2.36910e-06
 Reference value :  2.36984e-06
 Reference value :  2.37064e-06
 Reference value :  2.37142e-06
 Reference value :  2.37221e-06
 Reference value :  2.37299e-06
 Reference value :  2.37417e-06
 Reference value :  2.37498e-06
 Reference value :  2.37574e-06
 Reference value :  2.37649e-06
 Reference value :  2.37727e-06
 Reference value :  2.37805e-06
 Reference value :  2.37885e-06
 Reference value :  2.37963e-06
 Reference value :  2.38038e-06
 Reference value :  2.38118e-06
 Reference value :  2.38198e-06
 Reference value :  2.38276e-06
 Reference value :  2.38350e-06
 Reference value :  2.38425e-06
 Reference value :  2.38502e-06
 Reference value :  2.38581e-06
 Reference value :  2.38658e-06
 Reference value :  2.38736e-06
 Reference value :  2.38813e-06
 Reference value :  2.38890e-06
 Reference value :  2.38968e-06
 Reference value :  2.39044e-06
 Reference value :  2.39121e-06
 Reference value :  2.39196e-06
 Reference value :  2.39273e-06
 Reference value :  2.39350e-06
 Reference value :  2.39427e-06
 Reference value :  2.39504e-06
 Reference value :  2.39584e-06
 Reference value :  2.39661e-06
 Reference value :  2.39737e-06
 Reference value :  2.39813e-06
 Reference value :  2.39891e-06
 Reference value :  2.39970e-06
 Reference value :  2.40051e-06
 Reference value :  2.40129e-06
 Reference value :  2.40206e-06
 Reference value :  2.40282e-06
 Reference value :  2.40361e-06
 Reference value :  2.40439e-06
 Reference value :  2.40516e-06
 Reference value :  2.40596e-06
 Reference value :  2.40674e-06
 Reference value :  2.40754e-06
 Reference value :  2.40832e-06
 Reference value :  2.40908e-06
 Reference value :  2.40984e-06
 Reference value :  2.41058e-06
 Reference value :  2.41137e-06
 Reference value :  2.41214e-06
 Reference value :  2.41291e-06
 Reference value :  2.41369e-06
 Reference value :  2.41446e-06
 Reference value :  2.41524e-06
 Reference value :  2.41602e-06
 Reference value :  2.41678e-06
 Reference value :  2.41754e-06
 Reference value :  2.41829e-06
 Reference value :  2.41913e-06
 Reference value :  2.41990e-06
 Reference value :  2.42071e-06
 Reference value :  2.42149e-06
 Reference value :  2.42225e-06
 Reference value :  2.42304e-06
 Reference value :  2.42381e-06
 Reference value :  2.42460e-06
 Reference value :  2.42535e-06
 Reference value :  2.42611e-06
 Reference value :  2.42687e-06
 Reference value :  2.42764e-06
 Reference value :  2.42842e-06
 Reference value :  2.42918e-06
 Reference value :  2.42995e-06
 Reference value :  2.43075e-06
 Reference value :  2.43153e-06
 Reference value :  2.43233e-06
 Reference value :  2.43310e-06
 Reference value :  2.43387e-06
 Reference value :  2.43463e-06
 Reference value :  2.43540e-06
 Reference value :  2.43619e-06
 Reference value :  2.43695e-06
 Reference value :  2.43773e-06
 Reference value :  2.43850e-06
 Reference value :  2.43928e-06
 Reference value :  2.44004e-06
 Reference value :  2.44084e-06
 Reference value :  2.44159e-06
 Reference value :  2.44236e-06
 Reference value :  2.44315e-06
 Reference value :  2.44394e-06
 Reference value :  2.44473e-06
 Reference value :  2.44551e-06
 Reference value :  2.44630e-06
 Reference value :  2.44707e-06
 Reference value :  2.44785e-06
 Reference value :  2.44863e-06
 Reference value :  2.44941e-06
 Reference value :  2.45021e-06
 Reference value :  2.45097e-06
 Reference value :  2.45174e-06
 Reference value :  2.45252e-06
 Reference value :  2.45330e-06
 Reference value :  2.45407e-06
 Reference value :  2.45486e-06
 Reference value :  2.45563e-06
 Reference value :  2.45642e-06
 Reference value :  2.45724e-06
 Reference value :  2.45804e-06
 Reference value :  2.45883e-06
 Reference value :  2.45960e-06
 Reference value :  2.46039e-06
 Reference value :  2.46117e-06
 Reference value :  2.46193e-06
 Reference value :  2.46271e-06
 Reference value :  2.46350e-06
 Reference value :  2.46427e-06
 Reference value :  2.46507e-06
 Reference value :  2.46585e-06
 Reference value :  2.46663e-06
 Reference value :  2.46742e-06
 Reference value :  2.46821e-06
 Reference value :  2.46900e-06
 Reference value :  2.46979e-06
 Reference value :  2.47061e-06
 Reference value :  2.47141e-06
 Reference value :  2.47262e-06
 Reference value :  2.47373e-06
 Reference value :  2.47452e-06
 Reference value :  2.47528e-06
 Reference value :  2.47635e-06
 Reference value :  2.47714e-06
 Reference value :  2.47793e-06
 Reference value :  2.47871e-06
 Reference value :  2.47948e-06
 Reference value :  2.48026e-06
 Reference value :  2.48104e-06
 Reference value :  2.48183e-06
 Reference value :  2.48261e-06
 Reference value :  2.48342e-06
 Reference value :  2.48422e-06
 Reference value :  2.48499e-06
 Reference value :  2.48577e-06
 Reference value :  2.48657e-06
 Reference value :  2.48734e-06
 Reference value :  2.48814e-06
 Reference value :  2.48891e-06
 Reference value :  2.48971e-06
 Reference value :  2.49050e-06
 Reference value :  2.49128e-06
 Reference value :  2.49205e-06
 Reference value :  2.49283e-06
 Reference value :  2.49360e-06
 Reference value :  2.49437e-06
 Reference value :  2.49512e-06
 Reference value :  2.49594e-06
 Reference value :  2.49671e-06
 Reference value :  2.49750e-06
 Reference value :  2.49829e-06
 Reference value :  2.49906e-06
 Reference value :  2.49984e-06
 Reference value :  2.50061e-06
 Reference value :  2.50140e-06
 Reference value :  2.50219e-06
 Reference value :  2.50297e-06
 Reference value :  2.50376e-06
 Reference value :  2.50455e-06
 Reference value :  2.50532e-06
 Reference value :  2.50608e-06
 Reference value :  2.50685e-06
 Reference value :  2.50765e-06
 Reference value :  2.50845e-06
 Reference value :  2.50921e-06
 Reference value :  2.51001e-06
 Reference value :  2.51080e-06
 Reference value :  2.51161e-06
 Reference value :  2.51239e-06
 Reference value :  2.51318e-06
 Reference value :  2.51396e-06
 Reference value :  2.51473e-06
 Reference value :  2.51552e-06
 Reference value :  2.51631e-06
 Reference value :  2.51709e-06
 Reference value :  2.51788e-06
 Reference value :  2.51865e-06
 Reference value :  2.51946e-06
 Reference value :  2.52022e-06
 Reference value :  2.52102e-06
 Reference value :  2.52180e-06
 Reference value :  2.52260e-06
 Reference value :  2.52344e-06
 Reference value :  2.52432e-06
 Reference value :  2.52517e-06
 Reference value :  2.52601e-06
 Reference value :  2.52683e-06
 Reference value :  2.52761e-06
 Reference value :  2.52841e-06
 Reference value :  2.52922e-06
 Reference value :  2.53000e-06
 Reference value :  2.53082e-06
 Reference value :  2.53161e-06
 Reference value :  2.53241e-06
 Reference value :  2.53324e-06
 Reference value :  2.53406e-06
 Reference value :  2.53494e-06
 Reference value :  2.53574e-06
 Reference value :  2.53659e-06
 Reference value :  2.53743e-06
 Reference value :  2.53826e-06
 Reference value :  2.53906e-06
 Reference value :  2.53984e-06
 Reference value :  2.54061e-06
 Reference value :  2.54139e-06
 Reference value :  2.54217e-06
 Reference value :  2.54295e-06
 Reference value :  2.54373e-06
 Reference value :  2.54452e-06
 Reference value :  2.54528e-06
 Reference value :  2.54605e-06
 Reference value :  2.54683e-06
 Reference value :  2.54758e-06
 Reference value :  2.54835e-06
 Reference value :  2.54912e-06
 Reference value :  2.54991e-06
 Reference value :  2.55068e-06
 Reference value :  2.55144e-06
 Reference value :  2.55222e-06
 Reference value :  2.55298e-06
 Reference value :  2.55375e-06
 Reference value :  2.55472e-06
 Reference value :  2.55560e-06
 Reference value :  2.55640e-06
 Reference value :  2.55719e-06
 Reference value :  2.55798e-06
 Reference value :  2.55874e-06
 Reference value :  2.55956e-06
 Reference value :  2.56036e-06
 Reference value :  2.56112e-06
 Reference value :  2.56190e-06
 Reference value :  2.56268e-06
 Reference value :  2.56345e-06
 Reference value :  2.56422e-06
 Reference value :  2.56501e-06
 Reference value :  2.56580e-06
 Reference value :  2.56657e-06
 Reference value :  2.56737e-06
 Reference value :  2.56817e-06
 Reference value :  2.56894e-06
 Reference value :  2.56972e-06
 Reference value :  2.57048e-06
 Reference value :  2.57125e-06
 Reference value :  2.57203e-06
 Reference value :  2.57281e-06
 Reference value :  2.57361e-06
 Reference value :  2.57439e-06
 Reference value :  2.57520e-06
 Reference value :  2.57596e-06
 Reference value :  2.57673e-06
 Reference value :  2.57752e-06
 Reference value :  2.57828e-06
 Reference value :  2.57907e-06
 Reference value :  2.57989e-06
 Reference value :  2.58066e-06
 Reference value :  2.58145e-06
 Reference value :  2.58227e-06
 Reference value :  2.58307e-06
 Reference value :  2.58385e-06
 Reference value :  2.58462e-06
 Reference value :  2.58539e-06
 Reference value :  2.58616e-06
 Reference value :  2.58695e-06
 Reference value :  2.58774e-06
 Reference value :  2.58851e-06
 Reference value :  2.58931e-06
 Reference value :  2.59009e-06
 Reference value :  2.59086e-06
 Reference value :  2.59164e-06
 Reference value :  2.59240e-06
 Reference value :  2.59318e-06
 Reference value :  2.59398e-06
 Reference value :  2.59473e-06
 Reference value :  2.59551e-06
 Reference value :  2.59630e-06
 Reference value :  2.59706e-06
 Reference value :  2.59784e-06
 Reference value :  2.59858e-06
 Reference value :  2.59936e-06
 Reference value :  2.60017e-06
 Reference value :  2.60094e-06
 Reference value :  2.60171e-06
 Reference value :  2.60248e-06
 Reference value :  2.60329e-06
 Reference value :  2.60405e-06
 Reference value :  2.60482e-06
 Reference value :  2.60562e-06
 Reference value :  2.60639e-06
 Reference value :  2.60718e-06
 Reference value :  2.60795e-06
 Reference value :  2.60871e-06
 Reference value :  2.60948e-06
 Reference value :  2.61024e-06
 Reference value :  2.61101e-06
 Reference value :  2.61177e-06
 Reference value :  2.61258e-06
 Reference value :  2.61337e-06
 Reference value :  2.61416e-06
 Reference value :  2.61495e-06
 Reference value :  2.61572e-06
 Reference value :  2.61649e-06
 Reference value :  2.61725e-06
 Reference value :  2.61800e-06
 Reference value :  2.61877e-06
 Reference value :  2.61954e-06
 Reference value :  2.62032e-06
 Reference value :  2.62110e-06
 Reference value :  2.62185e-06
 Reference value :  2.62262e-06
 Reference value :  2.62339e-06
 Reference value :  2.62416e-06
 Reference value :  2.62493e-06
 Reference value :  2.62570e-06
 Reference value :  2.62648e-06
 Reference value :  2.62724e-06
 Reference value :  2.62802e-06
 Reference value :  2.62879e-06
 Reference value :  2.62955e-06
 Reference value :  2.63030e-06
 Reference value :  2.63107e-06
 Reference value :  2.63182e-06
 Reference value :  2.63260e-06
 Reference value :  2.63341e-06
 Reference value :  2.63416e-06
 Reference value :  2.63494e-06
 Reference value :  2.63572e-06
 Reference value :  2.63651e-06
 Reference value :  2.63728e-06
 Reference value :  2.63806e-06
 Reference value :  2.63887e-06
 Reference value :  2.63967e-06
 Reference value :  2.64044e-06
 Reference value :  2.64122e-06
 Reference value :  2.64199e-06
 Reference value :  2.64276e-06
 Reference value :  2.64354e-06
 Reference value :  2.64430e-06
 Reference value :  2.64506e-06
 Reference value :  2.64590e-06
 Reference value :  2.64685e-06
 Reference value :  2.64784e-06
 Reference value :  2.64876e-06
 Reference value :  2.64967e-06
 Reference value :  2.65054e-06
 Reference value :  2.65142e-06
 Reference value :  2.65229e-06
 Reference value :  2.65311e-06
 Reference value :  2.65399e-06
 Reference value :  2.65484e-06
 Reference value :  2.65573e-06
 Reference value :  2.65663e-06
 Reference value :  2.65747e-06
 Reference value :  2.65833e-06
 Reference value :  2.65917e-06
 Reference value :  2.66021e-06
 Reference value :  2.66120e-06
 Reference value :  2.66219e-06
 Reference value :  2.66320e-06
 Reference value :  2.66412e-06
 Reference value :  2.66515e-06
 Reference value :  2.66617e-06
 Reference value :  2.66720e-06
 Reference value :  2.66810e-06
 Reference value :  2.66896e-06
 Reference value :  2.66979e-06
 Reference value :  2.67071e-06
 Reference value :  2.67158e-06
 Reference value :  2.67251e-06
 Reference value :  2.67340e-06
 Reference value :  2.67431e-06
 Reference value :  2.67519e-06
 Reference value :  2.67606e-06
 Reference value :  2.67694e-06
 Reference value :  2.67788e-06
 Reference value :  2.67883e-06
 Reference value :  2.67976e-06
 Reference value :  2.68072e-06
 Reference value :  2.68165e-06
 Reference value :  2.68255e-06
 Reference value :  2.68345e-06
 Reference value :  2.68433e-06
 Reference value :  2.68522e-06
 Reference value :  2.68614e-06
 Reference value :  2.68706e-06
 Reference value :  2.68792e-06
 Reference value :  2.68891e-06
 Reference value :  2.68982e-06
 Reference value :  2.69075e-06
 Reference value :  2.69162e-06
 Reference value :  2.69253e-06
 Reference value :  2.69343e-06
 Reference value :  2.69430e-06
 Reference value :  2.69521e-06
 Reference value :  2.69614e-06
 Reference value :  2.69704e-06
 Reference value :  2.69798e-06
 Reference value :  2.69891e-06
 Reference value :  2.69981e-06
 Reference value :  2.70066e-06
 Reference value :  2.70148e-06
 Reference value :  2.70236e-06
 Reference value :  2.70325e-06
 Reference value :  2.70410e-06
 Reference value :  2.70495e-06
 Reference value :  2.70583e-06
 Reference value :  2.70667e-06
 Reference value :  2.70745e-06
 Reference value :  2.70826e-06
 Reference value :  2.70913e-06
 Reference value :  2.71001e-06
 Reference value :  2.71087e-06
 Reference value :  2.71174e-06
 Reference value :  2.71263e-06
 Reference value :  2.71351e-06
 Reference value :  2.71433e-06
 Reference value :  2.71523e-06
 Reference value :  2.71610e-06
 Reference value :  2.71692e-06
 Reference value :  2.71775e-06
 Reference value :  2.71861e-06
 Reference value :  2.71947e-06
 Reference value :  2.72036e-06
 Reference value :  2.72120e-06
 Reference value :  2.72205e-06
 Reference value :  2.72287e-06
 Reference value :  2.72366e-06
 Reference value :  2.72449e-06
 Reference value :  2.72537e-06
 Reference value :  2.72620e-06
 Reference value :  2.72703e-06
 Reference value :  2.72785e-06
 Reference value :  2.72870e-06
 Reference value :  2.72956e-06
 Reference value :  2.73040e-06
 Reference value :  2.73129e-06
 Reference value :  2.73220e-06
 Reference value :  2.73310e-06
 Reference value :  2.73391e-06
 Reference value :  2.73473e-06
 Reference value :  2.73555e-06
 Reference value :  2.73638e-06
 Reference value :  2.73720e-06
 Reference value :  2.73805e-06
 Reference value :  2.73888e-06
 Reference value :  2.73970e-06
 Reference value :  2.74056e-06
 Reference value :  2.74142e-06
 Reference value :  2.74228e-06
 Reference value :  2.74311e-06
 Reference value :  2.74395e-06
 Reference value :  2.74480e-06
 Reference value :  2.74571e-06
 Reference value :  2.74657e-06
 Reference value :  2.74755e-06
 Reference value :  2.74836e-06
 Reference value :  2.74916e-06
 Reference value :  2.74994e-06
 Reference value :  2.75074e-06
 Reference value :  2.75152e-06
 Reference value :  2.75228e-06
 Reference value :  2.75307e-06
 Reference value :  2.75384e-06
 Reference value :  2.75462e-06
 Reference value :  2.75543e-06
 Reference value :  2.75624e-06
 Reference value :  2.75700e-06
 Reference value :  2.75776e-06
 Reference value :  2.75857e-06
 Reference value :  2.75943e-06
 Reference value :  2.76024e-06
 Reference value :  2.76112e-06
 Reference value :  2.76196e-06
 Reference value :  2.76284e-06
 Reference value :  2.76366e-06
 Reference value :  2.76460e-06
 Reference value :  2.76541e-06
 Reference value :  2.76618e-06
 Reference value :  2.76698e-06
 Reference value :  2.76778e-06
 Reference value :  2.76862e-06
 Reference value :  2.76944e-06
 Reference value :  2.77023e-06
 Reference value :  2.77101e-06
 Reference value :  2.77189e-06
 Reference value :  2.77272e-06
 Reference value :  2.77357e-06
 Reference value :  2.77440e-06
 Reference value :  2.77524e-06
 Reference value :  2.77601e-06
 Reference value :  2.77681e-06
 Reference value :  2.77758e-06
 Reference value :  2.77837e-06
 Reference value :  2.77916e-06
 Reference value :  2.77995e-06
 Reference value :  2.78072e-06
 Reference value :  2.78156e-06
 Reference value :  2.78243e-06
 Reference value :  2.78325e-06
 Reference value :  2.78402e-06
 Reference value :  2.78481e-06
 Reference value :  2.78562e-06
 Reference value :  2.78639e-06
 Reference value :  2.78729e-06
 Reference value :  2.78810e-06
 Reference value :  2.78889e-06
 Reference value :  2.78967e-06
 Reference value :  2.79047e-06
 Reference value :  2.79129e-06
 Reference value :  2.79206e-06
 Reference value :  2.79297e-06
 Reference value :  2.79415e-06
 Reference value :  2.79493e-06
 Reference value :  2.79574e-06
 Reference value :  2.79651e-06
 Reference value :  2.79731e-06
 Reference value :  2.79813e-06
 Reference value :  2.79890e-06
 Reference value :  2.79975e-06
 Reference value :  2.80059e-06
 Reference value :  2.80139e-06
 Reference value :  2.80216e-06
 Reference value :  2.80297e-06
 Reference value :  2.80376e-06
 Reference value :  2.80455e-06
 Reference value :  2.80538e-06
 Reference value :  2.80616e-06
 Reference value :  2.80692e-06
 Reference value :  2.80769e-06
 Reference value :  2.80846e-06
 Reference value :  2.80924e-06
 Reference value :  2.81002e-06
 Reference value :  2.81081e-06
 Reference value :  2.81162e-06
 Reference value :  2.81271e-06
 Reference value :  2.81362e-06
 Reference value :  2.81445e-06
 Reference value :  2.81526e-06
 Reference value :  2.81607e-06
 Reference value :  2.81686e-06
 Reference value :  2.81765e-06
 Reference value :  2.81842e-06
 Reference value :  2.81929e-06
 Reference value :  2.82011e-06
 Reference value :  2.82096e-06
 Reference value :  2.82189e-06
 Reference value :  2.82271e-06
 Reference value :  2.82357e-06
 Reference value :  2.82438e-06
 Reference value :  2.82523e-06
 Reference value :  2.82607e-06
 Reference value :  2.82685e-06
 Reference value :  2.82768e-06
 Reference value :  2.82850e-06
 Reference value :  2.82932e-06
 Reference value :  2.83018e-06
 Reference value :  2.83102e-06
 Reference value :  2.83188e-06
 Reference value :  2.83272e-06
 Reference value :  2.83351e-06
 Reference value :  2.83436e-06
 Reference value :  2.83518e-06
 Reference value :  2.83596e-06
 Reference value :  2.83674e-06
 Reference value :  2.83752e-06
 Reference value :  2.83830e-06
 Reference value :  2.83909e-06
 Reference value :  2.83986e-06
 Reference value :  2.84065e-06
 Reference value :  2.84144e-06
 Reference value :  2.84222e-06
 Reference value :  2.84299e-06
 Reference value :  2.84377e-06
 Reference value :  2.84453e-06
 Reference value :  2.84532e-06
 Reference value :  2.84608e-06
 Reference value :  2.84689e-06
 Reference value :  2.84768e-06
 Reference value :  2.84844e-06
 Reference value :  2.84926e-06
 Reference value :  2.85026e-06
 Reference value :  2.85113e-06
 Reference value :  2.85204e-06
 Reference value :  2.85282e-06
 Reference value :  2.85358e-06
 Reference value :  2.85435e-06
 Reference value :  2.85512e-06
 Reference value :  2.85590e-06
 Reference value :  2.85668e-06
 Reference value :  2.85743e-06
 Reference value :  2.85819e-06
 Reference value :  2.85894e-06
 Reference value :  2.85971e-06
 Reference value :  2.86050e-06
 Reference value :  2.86127e-06
 Reference value :  2.86206e-06
 Reference value :  2.86284e-06
 Reference value :  2.86360e-06
 Reference value :  2.86437e-06
 Reference value :  2.86516e-06
 Reference value :  2.86594e-06
 Reference value :  2.86671e-06
 Reference value :  2.86748e-06
 Reference value :  2.86824e-06
 Reference value :  2.86900e-06
 Reference value :  2.86974e-06
 Reference value :  2.87051e-06
 Reference value :  2.87128e-06
 Reference value :  2.87204e-06
 Reference value :  2.87281e-06
 Reference value :  2.87363e-06
 Reference value :  2.87442e-06
 Reference value :  2.87520e-06
 Reference value :  2.87596e-06
 Reference value :  2.87676e-06
 Reference value :  2.87752e-06
 Reference value :  2.87832e-06
 Reference value :  2.87913e-06
 Reference value :  2.87989e-06
 Reference value :  2.88067e-06
 Reference value :  2.88145e-06
 Reference value :  2.88225e-06
 Reference value :  2.88303e-06
 Reference value :  2.88381e-06
 Reference value :  2.88476e-06
 Reference value :  2.88559e-06
 Reference value :  2.88656e-06
 Reference value :  2.88733e-06
 Reference value :  2.88809e-06
 Reference value :  2.88886e-06
 Reference value :  2.88982e-06
 Reference value :  2.89064e-06
 Reference value :  2.89148e-06
 Reference value :  2.89235e-06
 Reference value :  2.89311e-06
 Reference value :  2.89390e-06
 Reference value :  2.89469e-06
 Reference value :  2.89564e-06
 Reference value :  2.89661e-06
 Reference value :  2.89744e-06
 Reference value :  2.89820e-06
 Reference value :  2.89898e-06
 Reference value :  2.89975e-06
No. of Data Rows : 3770009
tk                  =  5.49560e-09
tk                  =  8.80536e-09
tk                  =  1.21152e-08
tk                  =  1.54253e-08
tk                  =  1.87348e-08
tk                  =  2.20437e-08
tk                  =  2.53538e-08
tk                  =  2.86633e-08
tk                  =  3.19729e-08
tk                  =  3.52828e-08
tk                  =  3.85921e-08
tk                  =  4.19015e-08
tk                  =  4.52117e-08
tk                  =  4.85220e-08
tk                  =  5.18316e-08
tk                  =  5.51413e-08
tk                  =  5.84508e-08
tk                  =  6.17600e-08
tk                  =  6.50687e-08
tk                  =  6.83796e-08
tk                  =  7.16890e-08
tk                  =  7.49981e-08
tk                  =  7.83080e-08
tk                  =  8.16173e-08
tk                  =  8.49268e-08
tk                  =  8.82364e-08
tk                  =  9.15465e-08
tk                  =  9.48568e-08
tk                  =  9.81666e-08
tk                  =  1.01477e-07
tk                  =  1.04786e-07
tk                  =  1.08096e-07
tk                  =  1.11405e-07
tk                  =  1.14715e-07
tk                  =  1.18024e-07
tk                  =  1.21334e-07
tk                  =  1.24644e-07
tk                  =  1.27954e-07
tk                  =  1.31263e-07
tk                  =  1.34574e-07
tk                  =  1.37883e-07
tk                  =  1.41193e-07
tk                  =  1.44503e-07
tk                  =  1.47812e-07
tk                  =  1.51121e-07
tk                  =  1.54431e-07
tk                  =  1.57740e-07
tk                  =  1.61049e-07
tk                  =  1.64358e-07
tk                  =  1.67668e-07
tk                  =  1.70978e-07
tk                  =  1.74287e-07
tk                  =  1.77597e-07
tk                  =  1.80907e-07
tk                  =  1.84217e-07
tk                  =  1.87527e-07
tk                  =  1.90836e-07
tk                  =  1.94146e-07
tk                  =  1.97455e-07
tk                  =  2.00764e-07
tk                  =  2.04074e-07
tk                  =  2.07383e-07
tk                  =  2.10694e-07
tk                  =  2.14004e-07
tk                  =  2.17314e-07
tk                  =  2.20624e-07
tk                  =  2.23933e-07
tk                  =  2.27243e-07
tk                  =  2.30552e-07
tk                  =  2.33861e-07
tk                  =  2.37170e-07
tk                  =  2.40480e-07
tk                  =  2.43790e-07
tk                  =  2.47099e-07
tk                  =  2.50409e-07
tk                  =  2.53719e-07
tk                  =  2.57028e-07
tk                  =  2.60338e-07
tk                  =  2.63648e-07
tk                  =  2.66958e-07
tk                  =  2.70267e-07
tk                  =  2.73578e-07
tk                  =  2.76887e-07
tk                  =  2.80197e-07
tk                  =  2.83507e-07
tk                  =  2.86817e-07
tk                  =  2.90126e-07
tk                  =  2.93435e-07
tk                  =  2.96745e-07
tk                  =  3.00055e-07
tk                  =  3.03364e-07
tk                  =  3.06673e-07
tk                  =  3.09983e-07
tk                  =  3.13293e-07
tk                  =  3.16603e-07
tk                  =  3.19912e-07
tk                  =  3.23222e-07
tk                  =  3.26531e-07
tk                  =  3.29840e-07
tk                  =  3.33150e-07
tk                  =  3.36460e-07
tk                  =  3.39770e-07
tk                  =  3.43079e-07
tk                  =  3.46389e-07
tk                  =  3.49698e-07
tk                  =  3.53008e-07
tk                  =  3.56317e-07
tk                  =  3.59627e-07
tk                  =  3.62936e-07
tk                  =  3.66245e-07
tk                  =  3.69555e-07
tk                  =  3.72865e-07
tk                  =  3.76175e-07
tk                  =  3.79485e-07
tk                  =  3.82796e-07
tk                  =  3.86104e-07
tk                  =  3.89414e-07
tk                  =  3.92723e-07
tk                  =  3.96032e-07
tk                  =  3.99343e-07
tk                  =  4.02652e-07
tk                  =  4.05962e-07
tk                  =  4.09271e-07
tk                  =  4.12581e-07
tk                  =  4.15890e-07
tk                  =  4.19199e-07
tk                  =  4.22509e-07
tk                  =  4.25819e-07
tk                  =  4.29128e-07
tk                  =  4.32438e-07
tk                  =  4.35747e-07
tk                  =  4.39058e-07
tk                  =  4.42367e-07
tk                  =  4.45677e-07
tk                  =  4.48987e-07
tk                  =  4.52297e-07
tk                  =  4.55606e-07
tk                  =  4.58917e-07
tk                  =  4.62227e-07
tk                  =  4.65537e-07
tk                  =  4.68846e-07
tk                  =  4.72156e-07
tk                  =  4.75466e-07
tk                  =  4.78776e-07
tk                  =  4.82085e-07
tk                  =  4.85395e-07
tk                  =  4.88705e-07
tk                  =  4.92015e-07
tk                  =  4.95324e-07
tk                  =  4.98633e-07
tk                  =  5.01943e-07
tk                  =  5.05253e-07
tk                  =  5.08563e-07
tk                  =  5.11873e-07
tk                  =  5.15183e-07
tk                  =  5.18491e-07
tk                  =  5.21801e-07
tk                  =  5.25111e-07
tk                  =  5.28420e-07
tk                  =  5.31729e-07
tk                  =  5.35038e-07
tk                  =  5.38349e-07
tk                  =  5.41659e-07
tk                  =  5.44968e-07
tk                  =  5.48277e-07
tk                  =  5.51587e-07
tk                  =  5.54896e-07
tk                  =  5.58206e-07
tk                  =  5.61516e-07
tk                  =  5.64826e-07
tk                  =  5.68135e-07
tk                  =  5.71445e-07
tk                  =  5.74755e-07
tk                  =  5.78064e-07
tk                  =  5.81374e-07
tk                  =  5.84684e-07
tk                  =  5.87993e-07
tk                  =  5.91301e-07
tk                  =  5.94611e-07
tk                  =  5.97921e-07
tk                  =  6.01230e-07
tk                  =  6.04540e-07
tk                  =  6.07849e-07
tk                  =  6.11160e-07
tk                  =  6.14470e-07
tk                  =  6.17780e-07
tk                  =  6.21089e-07
tk                  =  6.24399e-07
tk                  =  6.27709e-07
tk                  =  6.31018e-07
tk                  =  6.34327e-07
tk                  =  6.37636e-07
tk                  =  6.40946e-07
tk                  =  6.44255e-07
tk                  =  6.47564e-07
tk                  =  6.50873e-07
tk                  =  6.54183e-07
tk                  =  6.57492e-07
tk                  =  6.60801e-07
tk                  =  6.64111e-07
tk                  =  6.67420e-07
tk                  =  6.70729e-07
tk                  =  6.74040e-07
tk                  =  6.77350e-07
tk                  =  6.80659e-07
tk                  =  6.83969e-07
tk                  =  6.87278e-07
tk                  =  6.90588e-07
tk                  =  6.93897e-07
tk                  =  6.97207e-07
tk                  =  7.00516e-07
tk                  =  7.03826e-07
tk                  =  7.07135e-07
tk                  =  7.10444e-07
tk                  =  7.13753e-07
tk                  =  7.17063e-07
tk                  =  7.20373e-07
tk                  =  7.23682e-07
tk                  =  7.26991e-07
tk                  =  7.30301e-07
tk                  =  7.33611e-07
tk                  =  7.36920e-07
tk                  =  7.40229e-07
tk                  =  7.43540e-07
tk                  =  7.46848e-07
tk                  =  7.50158e-07
tk                  =  7.53468e-07
tk                  =  7.56778e-07
tk                  =  7.60089e-07
tk                  =  7.63397e-07
tk                  =  7.66707e-07
tk                  =  7.70017e-07
tk                  =  7.73326e-07
tk                  =  7.76636e-07
tk                  =  7.79946e-07
tk                  =  7.83255e-07
tk                  =  7.86566e-07
tk                  =  7.89874e-07
tk                  =  7.93184e-07
tk                  =  7.96494e-07
tk                  =  7.99803e-07
tk                  =  8.03112e-07
tk                  =  8.06422e-07
tk                  =  8.09732e-07
tk                  =  8.13042e-07
tk                  =  8.16352e-07
tk                  =  8.19662e-07
tk                  =  8.22971e-07
tk                  =  8.26281e-07
tk                  =  8.29590e-07
tk                  =  8.32900e-07
tk                  =  8.36209e-07
tk                  =  8.39520e-07
tk                  =  8.42829e-07
tk                  =  8.46139e-07
tk                  =  8.49450e-07
tk                  =  8.52760e-07
tk                  =  8.56069e-07
tk                  =  8.59379e-07
tk                  =  8.62688e-07
tk                  =  8.65998e-07
tk                  =  8.69308e-07
tk                  =  8.72618e-07
tk                  =  8.75928e-07
tk                  =  8.79238e-07
tk                  =  8.82547e-07
tk                  =  8.85856e-07
tk                  =  8.89166e-07
tk                  =  8.92475e-07
tk                  =  8.95785e-07
tk                  =  8.99095e-07
tk                  =  9.02404e-07
tk                  =  9.05713e-07
tk                  =  9.09022e-07
tk                  =  9.12332e-07
tk                  =  9.15642e-07
tk                  =  9.18952e-07
tk                  =  9.22263e-07
tk                  =  9.25572e-07
tk                  =  9.28882e-07
tk                  =  9.32191e-07
tk                  =  9.35502e-07
tk                  =  9.38812e-07
tk                  =  9.42122e-07
tk                  =  9.45431e-07
tk                  =  9.48741e-07
tk                  =  9.52050e-07
tk                  =  9.55360e-07
tk                  =  9.58670e-07
tk                  =  9.61980e-07
tk                  =  9.65290e-07
tk                  =  9.68601e-07
tk                  =  9.71910e-07
tk                  =  9.75220e-07
tk                  =  9.78529e-07
tk                  =  9.81839e-07
tk                  =  9.85149e-07
tk                  =  9.88459e-07
tk                  =  9.91767e-07
tk                  =  9.95077e-07
tk                  =  9.98387e-07
tk                  =  1.00170e-06
tk                  =  1.00501e-06
tk                  =  1.00832e-06
tk                  =  1.01163e-06
tk                  =  1.01494e-06
tk                  =  1.01825e-06
tk                  =  1.02156e-06
tk                  =  1.02487e-06
tk                  =  1.02817e-06
tk                  =  1.03148e-06
tk                  =  1.03479e-06
tk                  =  1.03810e-06
tk                  =  1.04141e-06
tk                  =  1.04472e-06
tk                  =  1.04803e-06
tk                  =  1.05134e-06
tk                  =  1.05465e-06
tk                  =  1.05796e-06
tk                  =  1.06127e-06
tk                  =  1.06458e-06
tk                  =  1.06789e-06
tk                  =  1.07120e-06
tk                  =  1.07451e-06
tk                  =  1.07782e-06
tk                  =  1.08113e-06
tk                  =  1.08444e-06
tk                  =  1.08774e-06
tk                  =  1.09105e-06
tk                  =  1.09436e-06
tk                  =  1.09767e-06
tk                  =  1.10098e-06
tk                  =  1.10429e-06
tk                  =  1.10760e-06
tk                  =  1.11091e-06
tk                  =  1.11422e-06
tk                  =  1.11753e-06
tk                  =  1.12084e-06
tk                  =  1.12415e-06
tk                  =  1.12746e-06
tk                  =  1.13077e-06
tk                  =  1.13408e-06
tk                  =  1.13739e-06
tk                  =  1.14070e-06
tk                  =  1.14401e-06
tk                  =  1.14732e-06
tk                  =  1.15063e-06
tk                  =  1.15394e-06
tk                  =  1.15725e-06
tk                  =  1.16056e-06
tk                  =  1.16387e-06
tk                  =  1.16718e-06
tk                  =  1.17049e-06
tk                  =  1.17380e-06
tk                  =  1.17710e-06
tk                  =  1.18041e-06
tk                  =  1.18372e-06
tk                  =  1.18703e-06
tk                  =  1.19034e-06
tk                  =  1.19365e-06
tk                  =  1.19696e-06
tk                  =  1.20027e-06
tk                  =  1.20358e-06
tk                  =  1.20689e-06
tk                  =  1.21020e-06
tk                  =  1.21351e-06
tk                  =  1.21682e-06
tk                  =  1.22013e-06
tk                  =  1.22344e-06
tk                  =  1.22675e-06
tk                  =  1.23006e-06
tk                  =  1.23337e-06
tk                  =  1.23668e-06
tk                  =  1.23999e-06
tk                  =  1.24330e-06
tk                  =  1.24661e-06
tk                  =  1.24992e-06
tk                  =  1.25323e-06
tk                  =  1.25653e-06
tk                  =  1.25984e-06
tk                  =  1.26315e-06
tk                  =  1.26646e-06
tk                  =  1.26977e-06
tk                  =  1.27308e-06
tk                  =  1.27639e-06
tk                  =  1.27970e-06
tk                  =  1.28301e-06
tk                  =  1.28632e-06
tk                  =  1.28963e-06
tk                  =  1.29294e-06
tk                  =  1.29625e-06
tk                  =  1.29956e-06
tk                  =  1.30287e-06
tk                  =  1.30618e-06
tk                  =  1.30949e-06
tk                  =  1.31280e-06
tk                  =  1.31611e-06
tk                  =  1.31942e-06
tk                  =  1.32273e-06
tk                  =  1.32604e-06
tk                  =  1.32934e-06
tk                  =  1.33266e-06
tk                  =  1.33596e-06
tk                  =  1.33927e-06
tk                  =  1.34258e-06
tk                  =  1.34589e-06
tk                  =  1.34920e-06
tk                  =  1.35251e-06
tk                  =  1.35582e-06
tk                  =  1.35913e-06
tk                  =  1.36244e-06
tk                  =  1.36575e-06
tk                  =  1.36906e-06
tk                  =  1.37237e-06
tk                  =  1.37568e-06
tk                  =  1.37899e-06
tk                  =  1.38230e-06
tk                  =  1.38561e-06
tk                  =  1.38892e-06
tk                  =  1.39223e-06
tk                  =  1.39554e-06
tk                  =  1.39885e-06
tk                  =  1.40216e-06
tk                  =  1.40547e-06
tk                  =  1.40878e-06
tk                  =  1.41209e-06
tk                  =  1.41540e-06
tk                  =  1.41871e-06
tk                  =  1.42201e-06
tk                  =  1.42532e-06
tk                  =  1.42863e-06
tk                  =  1.43194e-06
tk                  =  1.43525e-06
tk                  =  1.43856e-06
tk                  =  1.44187e-06
tk                  =  1.44518e-06
tk                  =  1.44849e-06
tk                  =  1.45180e-06
tk                  =  1.45511e-06
tk                  =  1.45842e-06
tk                  =  1.46173e-06
tk                  =  1.46504e-06
tk                  =  1.46835e-06
tk                  =  1.47166e-06
tk                  =  1.47497e-06
tk                  =  1.47828e-06
tk                  =  1.48159e-06
tk                  =  1.48490e-06
tk                  =  1.48821e-06
tk                  =  1.49152e-06
tk                  =  1.49483e-06
tk                  =  1.49814e-06
tk                  =  1.50145e-06
tk                  =  1.50476e-06
tk                  =  1.50807e-06
tk                  =  1.51137e-06
tk                  =  1.51468e-06
tk                  =  1.51799e-06
tk                  =  1.52130e-06
tk                  =  1.52461e-06
tk                  =  1.52792e-06
tk                  =  1.53123e-06
tk                  =  1.53454e-06
tk                  =  1.53785e-06
tk                  =  1.54116e-06
tk                  =  1.54447e-06
tk                  =  1.54778e-06
tk                  =  1.55109e-06
tk                  =  1.55440e-06
tk                  =  1.55771e-06
tk                  =  1.56102e-06
tk                  =  1.56433e-06
tk                  =  1.56764e-06
tk                  =  1.57095e-06
tk                  =  1.57426e-06
tk                  =  1.57757e-06
tk                  =  1.58088e-06
tk                  =  1.58419e-06
tk                  =  1.58750e-06
tk                  =  1.59081e-06
tk                  =  1.59412e-06
tk                  =  1.59742e-06
tk                  =  1.60073e-06
tk                  =  1.60404e-06
tk                  =  1.60735e-06
tk                  =  1.61066e-06
tk                  =  1.61397e-06
tk                  =  1.61728e-06
tk                  =  1.62059e-06
tk                  =  1.62390e-06
tk                  =  1.62721e-06
tk                  =  1.63052e-06
tk                  =  1.63383e-06
tk                  =  1.63714e-06
tk                  =  1.64045e-06
tk                  =  1.64376e-06
tk                  =  1.64707e-06
tk                  =  1.65038e-06
tk                  =  1.65369e-06
tk                  =  1.65700e-06
tk                  =  1.66031e-06
tk                  =  1.66362e-06
tk                  =  1.66693e-06
tk                  =  1.67024e-06
tk                  =  1.67355e-06
tk                  =  1.67685e-06
tk                  =  1.68016e-06
tk                  =  1.68347e-06
tk                  =  1.68678e-06
tk                  =  1.69009e-06
tk                  =  1.69340e-06
tk                  =  1.69671e-06
tk                  =  1.70002e-06
tk                  =  1.70333e-06
tk                  =  1.70664e-06
tk                  =  1.70995e-06
tk                  =  1.71326e-06
tk                  =  1.71657e-06
tk                  =  1.71988e-06
tk                  =  1.72319e-06
tk                  =  1.72650e-06
tk                  =  1.72981e-06
tk                  =  1.73312e-06
tk                  =  1.73643e-06
tk                  =  1.73974e-06
tk                  =  1.74304e-06
tk                  =  1.74635e-06
tk                  =  1.74966e-06
tk                  =  1.75297e-06
tk                  =  1.75628e-06
tk                  =  1.75959e-06
tk                  =  1.76290e-06
tk                  =  1.76621e-06
tk                  =  1.76952e-06
tk                  =  1.77283e-06
tk                  =  1.77614e-06
tk                  =  1.77945e-06
tk                  =  1.78276e-06
tk                  =  1.78607e-06
tk                  =  1.78938e-06
tk                  =  1.79269e-06
tk                  =  1.79600e-06
tk                  =  1.79931e-06
tk                  =  1.80262e-06
tk                  =  1.80593e-06
tk                  =  1.80924e-06
tk                  =  1.81255e-06
tk                  =  1.81586e-06
tk                  =  1.81917e-06
tk                  =  1.82247e-06
tk                  =  1.82578e-06
tk                  =  1.82909e-06
tk                  =  1.83240e-06
tk                  =  1.83571e-06
tk                  =  1.83902e-06
tk                  =  1.84233e-06
tk                  =  1.84564e-06
tk                  =  1.84895e-06
tk                  =  1.85226e-06
tk                  =  1.85557e-06
tk                  =  1.85888e-06
tk                  =  1.86219e-06
tk                  =  1.86550e-06
tk                  =  1.86881e-06
tk                  =  1.87212e-06
tk                  =  1.87543e-06
tk                  =  1.87874e-06
tk                  =  1.88205e-06
tk                  =  1.88536e-06
tk                  =  1.88867e-06
tk                  =  1.89198e-06
tk                  =  1.89528e-06
tk                  =  1.89859e-06
tk                  =  1.90190e-06
tk                  =  1.90521e-06
tk                  =  1.90852e-06
tk                  =  1.91183e-06
tk                  =  1.91514e-06
tk                  =  1.91845e-06
tk                  =  1.92176e-06
tk                  =  1.92507e-06
tk                  =  1.92838e-06
tk                  =  1.93169e-06
tk                  =  1.93500e-06
tk                  =  1.93831e-06
tk                  =  1.94162e-06
tk                  =  1.94493e-06
tk                  =  1.94824e-06
tk                  =  1.95155e-06
tk                  =  1.95486e-06
tk                  =  1.95817e-06
tk                  =  1.96148e-06
tk                  =  1.96478e-06
tk                  =  1.96809e-06
tk                  =  1.97141e-06
tk                  =  1.97471e-06
tk                  =  1.97802e-06
tk                  =  1.98133e-06
tk                  =  1.98465e-06
tk                  =  1.98795e-06
tk                  =  1.99126e-06
tk                  =  1.99457e-06
tk                  =  1.99788e-06
tk                  =  2.00119e-06
tk                  =  2.00450e-06
tk                  =  2.00781e-06
tk                  =  2.01112e-06
tk                  =  2.01443e-06
tk                  =  2.01774e-06
tk                  =  2.02105e-06
tk                  =  2.02436e-06
tk                  =  2.02767e-06
tk                  =  2.03098e-06
tk                  =  2.03429e-06
tk                  =  2.03760e-06
tk                  =  2.04091e-06
tk                  =  2.04422e-06
tk                  =  2.04753e-06
tk                  =  2.05084e-06
tk                  =  2.05415e-06
tk                  =  2.05746e-06
tk                  =  2.06077e-06
tk                  =  2.06408e-06
tk                  =  2.06739e-06
tk                  =  2.07070e-06
tk                  =  2.07401e-06
tk                  =  2.07732e-06
tk                  =  2.08063e-06
tk                  =  2.08394e-06
tk                  =  2.08724e-06
tk                  =  2.09055e-06
tk                  =  2.09386e-06
tk                  =  2.09717e-06
tk                  =  2.10048e-06
tk                  =  2.10379e-06
tk                  =  2.10710e-06
tk                  =  2.11041e-06
tk                  =  2.11372e-06
tk                  =  2.11703e-06
tk                  =  2.12034e-06
tk                  =  2.12365e-06
tk                  =  2.12696e-06
tk                  =  2.13027e-06
tk                  =  2.13358e-06
tk                  =  2.13689e-06
tk                  =  2.14020e-06
tk                  =  2.14351e-06
tk                  =  2.14682e-06
tk                  =  2.15013e-06
tk                  =  2.15344e-06
tk                  =  2.15675e-06
tk                  =  2.16006e-06
tk                  =  2.16337e-06
tk                  =  2.16668e-06
tk                  =  2.16999e-06
tk                  =  2.17330e-06
tk                  =  2.17660e-06
tk                  =  2.17991e-06
tk                  =  2.18322e-06
tk                  =  2.18653e-06
tk                  =  2.18984e-06
tk                  =  2.19315e-06
tk                  =  2.19646e-06
tk                  =  2.19977e-06
tk                  =  2.20308e-06
tk                  =  2.20639e-06
tk                  =  2.20970e-06
tk                  =  2.21301e-06
tk                  =  2.21632e-06
tk                  =  2.21963e-06
tk                  =  2.22294e-06
tk                  =  2.22625e-06
tk                  =  2.22956e-06
tk                  =  2.23287e-06
tk                  =  2.23618e-06
tk                  =  2.23949e-06
tk                  =  2.24280e-06
tk                  =  2.24611e-06
tk                  =  2.24942e-06
tk                  =  2.25273e-06
tk                  =  2.25604e-06
tk                  =  2.25935e-06
tk                  =  2.26266e-06
tk                  =  2.26596e-06
tk                  =  2.26927e-06
tk                  =  2.27258e-06
tk                  =  2.27589e-06
tk                  =  2.27920e-06
tk                  =  2.28251e-06
tk                  =  2.28582e-06
tk                  =  2.28913e-06
tk                  =  2.29244e-06
tk                  =  2.29575e-06
tk                  =  2.29906e-06
tk                  =  2.30237e-06
tk                  =  2.30568e-06
tk                  =  2.30899e-06
tk                  =  2.31230e-06
tk                  =  2.31561e-06
tk                  =  2.31892e-06
tk                  =  2.32223e-06
tk                  =  2.32554e-06
tk                  =  2.32885e-06
tk                  =  2.33216e-06
tk                  =  2.33547e-06
tk                  =  2.33878e-06
tk                  =  2.34209e-06
tk                  =  2.34540e-06
tk                  =  2.34871e-06
tk                  =  2.35202e-06
tk                  =  2.35533e-06
tk                  =  2.35864e-06
tk                  =  2.36195e-06
tk                  =  2.36525e-06
tk                  =  2.36857e-06
tk                  =  2.37188e-06
tk                  =  2.37518e-06
tk                  =  2.37850e-06
tk                  =  2.38181e-06
tk                  =  2.38512e-06
tk                  =  2.38843e-06
tk                  =  2.39174e-06
tk                  =  2.39505e-06
tk                  =  2.39836e-06
tk                  =  2.40167e-06
tk                  =  2.40497e-06
tk                  =  2.40828e-06
tk                  =  2.41159e-06
tk                  =  2.41490e-06
tk                  =  2.41821e-06
tk                  =  2.42152e-06
tk                  =  2.42483e-06
tk                  =  2.42814e-06
tk                  =  2.43145e-06
tk                  =  2.43476e-06
tk                  =  2.43807e-06
tk                  =  2.44138e-06
tk                  =  2.44469e-06
tk                  =  2.44800e-06
tk                  =  2.45131e-06
tk                  =  2.45462e-06
tk                  =  2.45793e-06
tk                  =  2.46124e-06
tk                  =  2.46455e-06
tk                  =  2.46786e-06
tk                  =  2.47117e-06
tk                  =  2.47448e-06
tk                  =  2.47778e-06
tk                  =  2.48109e-06
tk                  =  2.48440e-06
tk                  =  2.48771e-06
tk                  =  2.49102e-06
tk                  =  2.49433e-06
tk                  =  2.49764e-06
tk                  =  2.50095e-06
tk                  =  2.50426e-06
tk                  =  2.50757e-06
tk                  =  2.51088e-06
tk                  =  2.51419e-06
tk                  =  2.51750e-06
tk                  =  2.52081e-06
tk                  =  2.52412e-06
tk                  =  2.52743e-06
tk                  =  2.53074e-06
tk                  =  2.53405e-06
tk                  =  2.53736e-06
tk                  =  2.54067e-06
tk                  =  2.54398e-06
tk                  =  2.54729e-06
qw0                 =  -1.54153e-02
qw1                 =  -4.60620e-02
qt0                 =  -1.22683e-02
qt1                 =  -3.66879e-02
m_period = 3.3096199219e-09
m_f_osc = 3.0214949861e+08
m_period_startup16 = 3.3096983750e-09
m_period_b00 = 3.3096438333e-09
m_period_b01 = 3.3096562500e-09
m_period_b02 = 3.3096520833e-09
m_period_b03 = 3.3095958333e-09
m_period_b04 = 3.3095250000e-09
m_period_b05 = 3.3097270833e-09
m_period_b06 = 3.3096041667e-09
m_period_b07 = 3.3095833333e-09
m_period_b08 = 3.3096458333e-09
m_period_b09 = 3.3096041667e-09
m_period_b10 = 3.3095416667e-09
m_period_b11 = 3.3095625000e-09
m_period_b12 = 3.3096458333e-09
m_period_b13 = 3.3096666667e-09
m_period_b14 = 3.3097291667e-09
m_period_b15 = 3.3095625000e-09
m_sigma_1 = 6.8776958335e-13
m_sigma_2 = 8.0527630360e-13
m_sigma_4 = 9.8767462314e-13
m_sigma_8 = 1.2227897838e-12
m_sigma_16 = 1.6052267304e-12
m_sigma_32 = 2.3833873674e-12
m_sigma_64 = 3.2584096635e-12
m_sigma_128 = 5.1048919751e-12
m_sigma_startup16_1 = 3.7549857967e-13
m_sigma_startup16_2 = 5.4263336302e-13
m_sigma_startup16_4 = 6.4672470662e-13
m_sigma_startup16_8 = 9.2634622757e-13
m_i_ring_a = 1.8085689362e-05
m_i_tree_a = 1.4410914112e-05
m_p_active_w = 5.9682774897e-05
m_e_per_cycle_j = 1.9752730079e-13
m_c_eff_node_f = 3.6276822915e-15
m_vsup_v = 3.3000000002e+00
Note: Simulation executed from .control section 

Warning: m=xx on .subckt line will override multiplier m hierarchy!

