
Note: Compatibility modes selected: hs a


Circuit: * ro-array-coupling-xor-static @ tt_27c_3.30v -- generated by sim/harness, do not edit

Doing analysis at TEMP = 27.000000 and TNOM = 27.000000

Using SPARSE 1.3 as Direct Linear Solver

Initial Transient Solution
--------------------------

Node                                   Voltage
----                                   -------
vsup                                       3.3
en                                         3.3
vddr1                                      3.3
vdd                                        3.3
xg1.py                                 1.58325
n11                                          0
g10                                1.24708e-07
xg1.nm                            9.09078e-110
xg1.ny                            8.48632e-110
x11.py                                     3.3
n12                                        3.3
g11                                          0
x11.ny                             2.35462e-08
x12.py                                     3.3
n13                                1.24708e-07
g12                                        3.3
x12.ny                             1.06256e-07
x13.py                                     3.3
n14                                        3.3
g13                                1.24708e-07
x13.ny                             2.35463e-08
x14.py                                     3.3
ro1                                1.24708e-07
g14                                        3.3
x14.ny                             1.06256e-07
xa1.an                                     3.3
xa1.bn                                     3.3
xa1.mid                                    3.3
t1                                 4.53008e-08
xa1.s1                             9.54365e-09
xa1.s2                             2.26504e-08
q1                                 -9.2686e-16
qt                                -1.48519e-21
x1                                       -1.65
bx1#branch                                   0
vtr#branch                         1.48519e-11
vr1#branch                          9.2686e-06
vn14#branch                                  0
vn13#branch                                  0
vn12#branch                                  0
vn11#branch                                  0
vn10#branch                        2.15979e-28
ven#branch                                   0
vsup#branch                       -9.26861e-06

 Reference value :  0.00000e+00
 Reference value :  7.41500e-10
 Reference value :  1.50000e-09
 Reference value :  2.24000e-09
 Reference value :  2.97650e-09
 Reference value :  3.72750e-09
 Reference value :  4.48650e-09
 Reference value :  5.26250e-09
 Reference value :  5.99650e-09
 Reference value :  6.76550e-09
 Reference value :  7.50925e-09
 Reference value :  8.30070e-09
 Reference value :  9.05925e-09
 Reference value :  9.81030e-09
 Reference value :  1.05392e-08
 Reference value :  1.12807e-08
 Reference value :  1.20525e-08
 Reference value :  1.27945e-08
 Reference value :  1.35685e-08
 Reference value :  1.43207e-08
 Reference value :  1.50745e-08
 Reference value :  1.58207e-08
 Reference value :  1.65507e-08
 Reference value :  1.73035e-08
 Reference value :  1.80607e-08
 Reference value :  1.88401e-08
 Reference value :  1.95755e-08
 Reference value :  2.03145e-08
 Reference value :  2.10703e-08
 Reference value :  2.18525e-08
 Reference value :  2.25900e-08
 Reference value :  2.33975e-08
 Reference value :  2.41415e-08
 Reference value :  2.49601e-08
 Reference value :  2.57735e-08
 Reference value :  2.65265e-08
 Reference value :  2.73255e-08
 Reference value :  2.81325e-08
 Reference value :  2.89100e-08
 Reference value :  2.97285e-08
 Reference value :  3.07001e-08
 Reference value :  3.14535e-08
 Reference value :  3.22025e-08
 Reference value :  3.29615e-08
 Reference value :  3.37175e-08
 Reference value :  3.45825e-08
 Reference value :  3.53315e-08
 Reference value :  3.61055e-08
 Reference value :  3.68685e-08
 Reference value :  3.76535e-08
 Reference value :  3.84075e-08
 Reference value :  3.91825e-08
 Reference value :  3.99575e-08
 Reference value :  4.07515e-08
 Reference value :  4.15200e-08
 Reference value :  4.23235e-08
 Reference value :  4.30875e-08
 Reference value :  4.38575e-08
 Reference value :  4.46503e-08
 Reference value :  4.54435e-08
 Reference value :  4.61975e-08
 Reference value :  4.69992e-08
 Reference value :  4.77885e-08
 Reference value :  4.85492e-08
 Reference value :  4.93192e-08
 Reference value :  5.01155e-08
 Reference value :  5.08925e-08
 Reference value :  5.16725e-08
 Reference value :  5.24401e-08
 Reference value :  5.32207e-08
 Reference value :  5.39855e-08
 Reference value :  5.47755e-08
 Reference value :  5.55425e-08
 Reference value :  5.63245e-08
 Reference value :  5.70815e-08
 Reference value :  5.78725e-08
 Reference value :  5.86403e-08
 Reference value :  5.94092e-08
 Reference value :  6.02001e-08
 Reference value :  6.09903e-08
 Reference value :  6.18100e-08
 Reference value :  6.25835e-08
 Reference value :  6.33945e-08
 Reference value :  6.41845e-08
 Reference value :  6.49485e-08
 Reference value :  6.56992e-08
 Reference value :  6.64925e-08
 Reference value :  6.72755e-08
 Reference value :  6.80707e-08
 Reference value :  6.88275e-08
 Reference value :  6.96025e-08
 Reference value :  7.03645e-08
 Reference value :  7.11425e-08
 Reference value :  7.19365e-08
 Reference value :  7.27492e-08
 Reference value :  7.35315e-08
 Reference value :  7.43385e-08
 Reference value :  7.51115e-08
 Reference value :  7.59000e-08
 Reference value :  7.66745e-08
 Reference value :  7.74545e-08
 Reference value :  7.82445e-08
 Reference value :  7.90292e-08
 Reference value :  7.98035e-08
 Reference value :  8.05701e-08
 Reference value :  8.13665e-08
 Reference value :  8.21575e-08
 Reference value :  8.29403e-08
 Reference value :  8.37407e-08
 Reference value :  8.45700e-08
 Reference value :  8.53855e-08
 Reference value :  8.62415e-08
 Reference value :  8.70201e-08
 Reference value :  8.77901e-08
 Reference value :  8.85655e-08
 Reference value :  8.94003e-08
 Reference value :  9.01800e-08
 Reference value :  9.09625e-08
 Reference value :  9.17507e-08
 Reference value :  9.26192e-08
 Reference value :  9.34607e-08
 Reference value :  9.43115e-08
 Reference value :  9.51301e-08
 Reference value :  9.59655e-08
 Reference value :  9.67435e-08
 Reference value :  9.75045e-08
 Reference value :  9.82603e-08
 Reference value :  9.90245e-08
 Reference value :  9.98245e-08
 Reference value :  1.00593e-07
 Reference value :  1.01373e-07
 Reference value :  1.02154e-07
 Reference value :  1.02940e-07
 Reference value :  1.03720e-07
 Reference value :  1.04520e-07
 Reference value :  1.05290e-07
 Reference value :  1.06051e-07
 Reference value :  1.06847e-07
 Reference value :  1.07623e-07
 Reference value :  1.08410e-07
 Reference value :  1.09200e-07
 Reference value :  1.09989e-07
 Reference value :  1.10770e-07
 Reference value :  1.11540e-07
 Reference value :  1.12320e-07
 Reference value :  1.13086e-07
 Reference value :  1.13870e-07
 Reference value :  1.14640e-07
 Reference value :  1.15430e-07
 Reference value :  1.16220e-07
 Reference value :  1.16992e-07
 Reference value :  1.17766e-07
 Reference value :  1.18523e-07
 Reference value :  1.19300e-07
 Reference value :  1.20098e-07
 Reference value :  1.20909e-07
 Reference value :  1.21688e-07
 Reference value :  1.22462e-07
 Reference value :  1.23232e-07
 Reference value :  1.24013e-07
 Reference value :  1.24773e-07
 Reference value :  1.25568e-07
 Reference value :  1.26330e-07
 Reference value :  1.27113e-07
 Reference value :  1.27901e-07
 Reference value :  1.28672e-07
 Reference value :  1.29431e-07
 Reference value :  1.30226e-07
 Reference value :  1.31015e-07
 Reference value :  1.31783e-07
 Reference value :  1.32567e-07
 Reference value :  1.33332e-07
 Reference value :  1.34119e-07
 Reference value :  1.34913e-07
 Reference value :  1.35695e-07
 Reference value :  1.36476e-07
 Reference value :  1.37249e-07
 Reference value :  1.38253e-07
 Reference value :  1.39040e-07
 Reference value :  1.39817e-07
 Reference value :  1.40610e-07
 Reference value :  1.41390e-07
 Reference value :  1.42155e-07
 Reference value :  1.42960e-07
 Reference value :  1.43761e-07
 Reference value :  1.44561e-07
 Reference value :  1.45368e-07
 Reference value :  1.46155e-07
 Reference value :  1.46960e-07
 Reference value :  1.47761e-07
 Reference value :  1.48545e-07
 Reference value :  1.49340e-07
 Reference value :  1.50118e-07
 Reference value :  1.50946e-07
 Reference value :  1.51751e-07
 Reference value :  1.52520e-07
 Reference value :  1.53343e-07
 Reference value :  1.54127e-07
 Reference value :  1.54908e-07
 Reference value :  1.55705e-07
 Reference value :  1.56510e-07
 Reference value :  1.57320e-07
 Reference value :  1.58110e-07
 Reference value :  1.58880e-07
 Reference value :  1.59675e-07
 Reference value :  1.60480e-07
 Reference value :  1.61275e-07
 Reference value :  1.62059e-07
 Reference value :  1.62838e-07
 Reference value :  1.63617e-07
 Reference value :  1.64416e-07
 Reference value :  1.65250e-07
 Reference value :  1.66057e-07
 Reference value :  1.66838e-07
 Reference value :  1.67633e-07
 Reference value :  1.68446e-07
 Reference value :  1.69221e-07
 Reference value :  1.69994e-07
 Reference value :  1.70790e-07
 Reference value :  1.71566e-07
 Reference value :  1.72363e-07
 Reference value :  1.73120e-07
 Reference value :  1.73924e-07
 Reference value :  1.74680e-07
 Reference value :  1.75456e-07
 Reference value :  1.76226e-07
 Reference value :  1.77015e-07
 Reference value :  1.77810e-07
 Reference value :  1.78579e-07
 Reference value :  1.79347e-07
 Reference value :  1.80140e-07
 Reference value :  1.80921e-07
 Reference value :  1.81700e-07
 Reference value :  1.82471e-07
 Reference value :  1.83238e-07
 Reference value :  1.84025e-07
 Reference value :  1.84787e-07
 Reference value :  1.85560e-07
 Reference value :  1.86321e-07
 Reference value :  1.87110e-07
 Reference value :  1.87891e-07
 Reference value :  1.88670e-07
 Reference value :  1.89444e-07
 Reference value :  1.90221e-07
 Reference value :  1.91060e-07
 Reference value :  1.91821e-07
 Reference value :  1.92601e-07
 Reference value :  1.93388e-07
 Reference value :  1.94171e-07
 Reference value :  1.94932e-07
 Reference value :  1.95729e-07
 Reference value :  1.96521e-07
 Reference value :  1.97349e-07
 Reference value :  1.98123e-07
 Reference value :  1.98891e-07
 Reference value :  1.99643e-07
 Reference value :  2.00430e-07
 Reference value :  2.01204e-07
 Reference value :  2.01968e-07
 Reference value :  2.02728e-07
 Reference value :  2.03513e-07
 Reference value :  2.04301e-07
 Reference value :  2.05065e-07
 Reference value :  2.05840e-07
 Reference value :  2.06639e-07
 Reference value :  2.07411e-07
 Reference value :  2.08191e-07
 Reference value :  2.08969e-07
 Reference value :  2.09770e-07
 Reference value :  2.10572e-07
 Reference value :  2.11361e-07
 Reference value :  2.12171e-07
 Reference value :  2.12941e-07
 Reference value :  2.13794e-07
 Reference value :  2.14602e-07
 Reference value :  2.15388e-07
 Reference value :  2.16183e-07
 Reference value :  2.16957e-07
 Reference value :  2.17772e-07
 Reference value :  2.18555e-07
 Reference value :  2.19340e-07
 Reference value :  2.20119e-07
 Reference value :  2.21179e-07
 Reference value :  2.22004e-07
 Reference value :  2.22810e-07
 Reference value :  2.23591e-07
 Reference value :  2.24359e-07
 Reference value :  2.25173e-07
 Reference value :  2.25950e-07
 Reference value :  2.26734e-07
 Reference value :  2.27528e-07
 Reference value :  2.28301e-07
 Reference value :  2.29071e-07
 Reference value :  2.29876e-07
 Reference value :  2.30659e-07
 Reference value :  2.31442e-07
 Reference value :  2.32210e-07
 Reference value :  2.33026e-07
 Reference value :  2.33795e-07
 Reference value :  2.34562e-07
 Reference value :  2.35331e-07
 Reference value :  2.36141e-07
 Reference value :  2.36916e-07
 Reference value :  2.37677e-07
 Reference value :  2.38462e-07
 Reference value :  2.39270e-07
 Reference value :  2.40049e-07
 Reference value :  2.40850e-07
 Reference value :  2.41663e-07
 Reference value :  2.42438e-07
 Reference value :  2.43294e-07
 Reference value :  2.44121e-07
 Reference value :  2.44931e-07
 Reference value :  2.45768e-07
 Reference value :  2.46614e-07
 Reference value :  2.47441e-07
 Reference value :  2.48294e-07
 Reference value :  2.49124e-07
 Reference value :  2.49896e-07
 Reference value :  2.50678e-07
 Reference value :  2.51446e-07
 Reference value :  2.52240e-07
 Reference value :  2.53041e-07
 Reference value :  2.53833e-07
 Reference value :  2.54665e-07
 Reference value :  2.55541e-07
 Reference value :  2.56361e-07
 Reference value :  2.57144e-07
 Reference value :  2.57981e-07
 Reference value :  2.58790e-07
 Reference value :  2.59679e-07
 Reference value :  2.60541e-07
 Reference value :  2.61342e-07
 Reference value :  2.62184e-07
 Reference value :  2.63040e-07
 Reference value :  2.63809e-07
 Reference value :  2.64641e-07
 Reference value :  2.65421e-07
 Reference value :  2.66206e-07
 Reference value :  2.66985e-07
 Reference value :  2.67771e-07
 Reference value :  2.68541e-07
 Reference value :  2.69315e-07
 Reference value :  2.70119e-07
 Reference value :  2.70906e-07
 Reference value :  2.71680e-07
 Reference value :  2.72441e-07
 Reference value :  2.73210e-07
 Reference value :  2.73994e-07
 Reference value :  2.74756e-07
 Reference value :  2.75521e-07
 Reference value :  2.76322e-07
 Reference value :  2.77109e-07
 Reference value :  2.77910e-07
 Reference value :  2.78690e-07
 Reference value :  2.79464e-07
 Reference value :  2.80262e-07
 Reference value :  2.81055e-07
 Reference value :  2.81831e-07
 Reference value :  2.82625e-07
 Reference value :  2.83410e-07
 Reference value :  2.84210e-07
 Reference value :  2.84993e-07
 Reference value :  2.85773e-07
 Reference value :  2.86572e-07
 Reference value :  2.87355e-07
 Reference value :  2.88162e-07
 Reference value :  2.88980e-07
 Reference value :  2.89771e-07
 Reference value :  2.90531e-07
 Reference value :  2.91312e-07
 Reference value :  2.92115e-07
 Reference value :  2.92927e-07
 Reference value :  2.93703e-07
 Reference value :  2.94491e-07
 Reference value :  2.95270e-07
 Reference value :  2.96051e-07
 Reference value :  2.96832e-07
 Reference value :  2.97601e-07
 Reference value :  2.98376e-07
 Reference value :  2.99169e-07
 Reference value :  2.99969e-07
 Reference value :  3.00738e-07
 Reference value :  3.01530e-07
 Reference value :  3.02320e-07
 Reference value :  3.03084e-07
 Reference value :  3.03853e-07
 Reference value :  3.04626e-07
 Reference value :  3.05410e-07
 Reference value :  3.06201e-07
 Reference value :  3.07001e-07
 Reference value :  3.08128e-07
 Reference value :  3.08930e-07
 Reference value :  3.09776e-07
 Reference value :  3.10590e-07
 Reference value :  3.11375e-07
 Reference value :  3.12174e-07
 Reference value :  3.12986e-07
 Reference value :  3.13752e-07
 Reference value :  3.14540e-07
 Reference value :  3.15326e-07
 Reference value :  3.16100e-07
 Reference value :  3.16890e-07
 Reference value :  3.17669e-07
 Reference value :  3.18480e-07
 Reference value :  3.19267e-07
 Reference value :  3.20041e-07
 Reference value :  3.20844e-07
 Reference value :  3.21631e-07
 Reference value :  3.22405e-07
 Reference value :  3.23170e-07
 Reference value :  3.23940e-07
 Reference value :  3.24712e-07
 Reference value :  3.25503e-07
 Reference value :  3.26271e-07
 Reference value :  3.27039e-07
 Reference value :  3.27807e-07
 Reference value :  3.28580e-07
 Reference value :  3.29365e-07
 Reference value :  3.30132e-07
 Reference value :  3.30912e-07
 Reference value :  3.31688e-07
 Reference value :  3.32476e-07
 Reference value :  3.33248e-07
 Reference value :  3.34021e-07
 Reference value :  3.34820e-07
 Reference value :  3.35625e-07
 Reference value :  3.36412e-07
 Reference value :  3.37325e-07
 Reference value :  3.38090e-07
 Reference value :  3.38866e-07
 Reference value :  3.39659e-07
 Reference value :  3.40424e-07
 Reference value :  3.41201e-07
 Reference value :  3.41951e-07
 Reference value :  3.42794e-07
 Reference value :  3.43820e-07
 Reference value :  3.45032e-07
 Reference value :  3.45950e-07
 Reference value :  3.46719e-07
 Reference value :  3.47509e-07
 Reference value :  3.48266e-07
 Reference value :  3.49022e-07
 Reference value :  3.49791e-07
 Reference value :  3.50570e-07
 Reference value :  3.51310e-07
 Reference value :  3.52130e-07
 Reference value :  3.52885e-07
 Reference value :  3.53649e-07
 Reference value :  3.54426e-07
 Reference value :  3.55199e-07
 Reference value :  3.55955e-07
 Reference value :  3.56730e-07
 Reference value :  3.57500e-07
 Reference value :  3.58271e-07
 Reference value :  3.59054e-07
 Reference value :  3.59867e-07
 Reference value :  3.60766e-07
 Reference value :  3.61761e-07
 Reference value :  3.62640e-07
 Reference value :  3.63512e-07
 Reference value :  3.64366e-07
 Reference value :  3.65237e-07
 Reference value :  3.66088e-07
 Reference value :  3.66907e-07
 Reference value :  3.67651e-07
 Reference value :  3.68420e-07
 Reference value :  3.69194e-07
 Reference value :  3.69954e-07
 Reference value :  3.70692e-07
 Reference value :  3.71464e-07
 Reference value :  3.72236e-07
 Reference value :  3.72986e-07
 Reference value :  3.73771e-07
 Reference value :  3.74523e-07
 Reference value :  3.75298e-07
 Reference value :  3.76055e-07
 Reference value :  3.76818e-07
 Reference value :  3.77578e-07
 Reference value :  3.78321e-07
 Reference value :  3.79087e-07
 Reference value :  3.79892e-07
 Reference value :  3.80647e-07
 Reference value :  3.81390e-07
 Reference value :  3.82161e-07
 Reference value :  3.83111e-07
 Reference value :  3.83992e-07
 Reference value :  3.84780e-07
 Reference value :  3.85541e-07
 Reference value :  3.86335e-07
 Reference value :  3.87097e-07
 Reference value :  3.87881e-07
 Reference value :  3.88680e-07
 Reference value :  3.89457e-07
 Reference value :  3.90218e-07
 Reference value :  3.90981e-07
 Reference value :  3.91774e-07
 Reference value :  3.92544e-07
 Reference value :  3.93291e-07
 Reference value :  3.94047e-07
 Reference value :  3.94849e-07
 Reference value :  3.95604e-07
 Reference value :  3.96368e-07
 Reference value :  3.97111e-07
 Reference value :  3.97872e-07
 Reference value :  3.98630e-07
 Reference value :  3.99401e-07
 Reference value :  4.00184e-07
 Reference value :  4.00920e-07
 Reference value :  4.01691e-07
 Reference value :  4.02444e-07
 Reference value :  4.03229e-07
 Reference value :  4.03982e-07
 Reference value :  4.04737e-07
 Reference value :  4.05487e-07
 Reference value :  4.06243e-07
 Reference value :  4.06990e-07
 Reference value :  4.07731e-07
 Reference value :  4.08485e-07
 Reference value :  4.09267e-07
 Reference value :  4.10030e-07
 Reference value :  4.10811e-07
 Reference value :  4.11614e-07
 Reference value :  4.12400e-07
 Reference value :  4.13154e-07
 Reference value :  4.13918e-07
 Reference value :  4.14732e-07
 Reference value :  4.15485e-07
 Reference value :  4.16234e-07
 Reference value :  4.16981e-07
 Reference value :  4.17740e-07
 Reference value :  4.18501e-07
 Reference value :  4.19253e-07
 Reference value :  4.20014e-07
 Reference value :  4.20779e-07
 Reference value :  4.21550e-07
 Reference value :  4.22330e-07
 Reference value :  4.23071e-07
 Reference value :  4.23834e-07
 Reference value :  4.24578e-07
 Reference value :  4.25338e-07
 Reference value :  4.26120e-07
 Reference value :  4.26880e-07
 Reference value :  4.27665e-07
 Reference value :  4.28415e-07
 Reference value :  4.29211e-07
 Reference value :  4.29975e-07
 Reference value :  4.30739e-07
 Reference value :  4.31530e-07
 Reference value :  4.32278e-07
 Reference value :  4.33044e-07
 Reference value :  4.33789e-07
 Reference value :  4.34574e-07
 Reference value :  4.35373e-07
 Reference value :  4.36109e-07
 Reference value :  4.36897e-07
 Reference value :  4.37660e-07
 Reference value :  4.38442e-07
 Reference value :  4.39220e-07
 Reference value :  4.39998e-07
 Reference value :  4.40767e-07
 Reference value :  4.41539e-07
 Reference value :  4.42311e-07
 Reference value :  4.43094e-07
 Reference value :  4.43876e-07
 Reference value :  4.44652e-07
 Reference value :  4.45418e-07
 Reference value :  4.46170e-07
 Reference value :  4.46921e-07
 Reference value :  4.47691e-07
 Reference value :  4.48500e-07
 Reference value :  4.49285e-07
 Reference value :  4.50030e-07
 Reference value :  4.50802e-07
 Reference value :  4.51556e-07
 Reference value :  4.52322e-07
 Reference value :  4.53084e-07
 Reference value :  4.53865e-07
 Reference value :  4.54639e-07
 Reference value :  4.55394e-07
 Reference value :  4.56190e-07
 Reference value :  4.56944e-07
 Reference value :  4.57705e-07
 Reference value :  4.58866e-07
 Reference value :  4.59620e-07
 Reference value :  4.60411e-07
 Reference value :  4.61184e-07
 Reference value :  4.61974e-07
 Reference value :  4.62723e-07
 Reference value :  4.63515e-07
 Reference value :  4.64279e-07
 Reference value :  4.65083e-07
 Reference value :  4.65858e-07
 Reference value :  4.66601e-07
 Reference value :  4.67400e-07
 Reference value :  4.68176e-07
 Reference value :  4.68984e-07
 Reference value :  4.69775e-07
 Reference value :  4.70559e-07
 Reference value :  4.71322e-07
 Reference value :  4.72091e-07
 Reference value :  4.72857e-07
 Reference value :  4.73604e-07
 Reference value :  4.74391e-07
 Reference value :  4.75187e-07
 Reference value :  4.75970e-07
 Reference value :  4.76720e-07
 Reference value :  4.77474e-07
 Reference value :  4.78295e-07
 Reference value :  4.79052e-07
 Reference value :  4.79795e-07
 Reference value :  4.80563e-07
 Reference value :  4.81328e-07
 Reference value :  4.82092e-07
 Reference value :  4.82850e-07
 Reference value :  4.83601e-07
 Reference value :  4.84359e-07
 Reference value :  4.85111e-07
 Reference value :  4.85870e-07
 Reference value :  4.86639e-07
 Reference value :  4.87400e-07
 Reference value :  4.88175e-07
 Reference value :  4.88935e-07
 Reference value :  4.89683e-07
 Reference value :  4.90440e-07
 Reference value :  4.91181e-07
 Reference value :  4.91955e-07
 Reference value :  4.92721e-07
 Reference value :  4.93504e-07
 Reference value :  4.94251e-07
 Reference value :  4.95007e-07
 Reference value :  4.95757e-07
 Reference value :  4.96512e-07
 Reference value :  4.97307e-07
 Reference value :  4.98122e-07
 Reference value :  4.98890e-07
 Reference value :  4.99709e-07
 Reference value :  5.00456e-07
 Reference value :  5.01241e-07
 Reference value :  5.02036e-07
 Reference value :  5.02784e-07
 Reference value :  5.03573e-07
 Reference value :  5.04376e-07
 Reference value :  5.05173e-07
 Reference value :  5.05971e-07
 Reference value :  5.06735e-07
 Reference value :  5.07493e-07
 Reference value :  5.08292e-07
 Reference value :  5.09043e-07
 Reference value :  5.09819e-07
 Reference value :  5.10581e-07
 Reference value :  5.11372e-07
 Reference value :  5.12176e-07
 Reference value :  5.12949e-07
 Reference value :  5.13769e-07
 Reference value :  5.14576e-07
 Reference value :  5.15399e-07
 Reference value :  5.16194e-07
 Reference value :  5.17000e-07
 Reference value :  5.17787e-07
 Reference value :  5.18566e-07
 Reference value :  5.19307e-07
 Reference value :  5.20081e-07
 Reference value :  5.20860e-07
 Reference value :  5.21634e-07
 Reference value :  5.22380e-07
 Reference value :  5.23145e-07
 Reference value :  5.23902e-07
 Reference value :  5.24671e-07
 Reference value :  5.25461e-07
 Reference value :  5.26256e-07
 Reference value :  5.27030e-07
 Reference value :  5.27813e-07
 Reference value :  5.28577e-07
 Reference value :  5.29411e-07
 Reference value :  5.30181e-07
 Reference value :  5.30940e-07
 Reference value :  5.31680e-07
 Reference value :  5.32433e-07
 Reference value :  5.33180e-07
 Reference value :  5.33948e-07
 Reference value :  5.34694e-07
 Reference value :  5.35460e-07
 Reference value :  5.36249e-07
 Reference value :  5.37031e-07
 Reference value :  5.37839e-07
 Reference value :  5.38616e-07
 Reference value :  5.39390e-07
 Reference value :  5.40156e-07
 Reference value :  5.40924e-07
 Reference value :  5.41692e-07
 Reference value :  5.42467e-07
 Reference value :  5.43660e-07
 Reference value :  5.44399e-07
 Reference value :  5.45131e-07
 Reference value :  5.45880e-07
 Reference value :  5.46636e-07
 Reference value :  5.47393e-07
 Reference value :  5.48149e-07
 Reference value :  5.48932e-07
 Reference value :  5.49671e-07
 Reference value :  5.50427e-07
 Reference value :  5.51220e-07
 Reference value :  5.52019e-07
 Reference value :  5.52761e-07
 Reference value :  5.53519e-07
 Reference value :  5.54291e-07
 Reference value :  5.55029e-07
 Reference value :  5.55790e-07
 Reference value :  5.56544e-07
 Reference value :  5.57290e-07
 Reference value :  5.58022e-07
 Reference value :  5.58772e-07
 Reference value :  5.59523e-07
 Reference value :  5.60291e-07
 Reference value :  5.61055e-07
 Reference value :  5.61810e-07
 Reference value :  5.62582e-07
 Reference value :  5.63330e-07
 Reference value :  5.64087e-07
 Reference value :  5.64870e-07
 Reference value :  5.65628e-07
 Reference value :  5.66371e-07
 Reference value :  5.67156e-07
 Reference value :  5.67919e-07
 Reference value :  5.68725e-07
 Reference value :  5.69503e-07
 Reference value :  5.70260e-07
 Reference value :  5.71012e-07
 Reference value :  5.71796e-07
 Reference value :  5.72564e-07
 Reference value :  5.73316e-07
 Reference value :  5.74080e-07
 Reference value :  5.74834e-07
 Reference value :  5.75616e-07
 Reference value :  5.76408e-07
 Reference value :  5.77201e-07
 Reference value :  5.77947e-07
 Reference value :  5.78710e-07
 Reference value :  5.79473e-07
 Reference value :  5.80241e-07
 Reference value :  5.81014e-07
 Reference value :  5.81761e-07
 Reference value :  5.82524e-07
 Reference value :  5.83300e-07
 Reference value :  5.84042e-07
 Reference value :  5.84813e-07
 Reference value :  5.85608e-07
 Reference value :  5.86394e-07
 Reference value :  5.87163e-07
 Reference value :  5.87983e-07
 Reference value :  5.88736e-07
 Reference value :  5.89498e-07
 Reference value :  5.90262e-07
 Reference value :  5.91032e-07
 Reference value :  5.91831e-07
 Reference value :  5.92576e-07
 Reference value :  5.93360e-07
 Reference value :  5.94126e-07
 Reference value :  5.94920e-07
 Reference value :  5.95671e-07
 Reference value :  5.96460e-07
 Reference value :  5.97239e-07
 Reference value :  5.98010e-07
 Reference value :  5.98766e-07
 Reference value :  5.99522e-07
 Reference value :  6.00298e-07
 Reference value :  6.01074e-07
 Reference value :  6.01826e-07
 Reference value :  6.02579e-07
 Reference value :  6.03326e-07
 Reference value :  6.04100e-07
 Reference value :  6.04861e-07
 Reference value :  6.05601e-07
 Reference value :  6.06361e-07
 Reference value :  6.07134e-07
 Reference value :  6.07880e-07
 Reference value :  6.08660e-07
 Reference value :  6.09433e-07
 Reference value :  6.10186e-07
 Reference value :  6.10948e-07
 Reference value :  6.11714e-07
 Reference value :  6.12458e-07
 Reference value :  6.13222e-07
 Reference value :  6.14013e-07
 Reference value :  6.14767e-07
 Reference value :  6.15543e-07
 Reference value :  6.16317e-07
 Reference value :  6.17083e-07
 Reference value :  6.17840e-07
 Reference value :  6.18585e-07
 Reference value :  6.19334e-07
 Reference value :  6.20100e-07
 Reference value :  6.20871e-07
 Reference value :  6.21625e-07
 Reference value :  6.22391e-07
 Reference value :  6.23161e-07
 Reference value :  6.23932e-07
 Reference value :  6.24688e-07
 Reference value :  6.25470e-07
 Reference value :  6.26230e-07
 Reference value :  6.26980e-07
 Reference value :  6.27771e-07
 Reference value :  6.28523e-07
 Reference value :  6.29291e-07
 Reference value :  6.30060e-07
 Reference value :  6.30818e-07
 Reference value :  6.31580e-07
 Reference value :  6.32350e-07
 Reference value :  6.33123e-07
 Reference value :  6.33882e-07
 Reference value :  6.34636e-07
 Reference value :  6.35377e-07
 Reference value :  6.36123e-07
 Reference value :  6.36875e-07
 Reference value :  6.37645e-07
 Reference value :  6.38432e-07
 Reference value :  6.39192e-07
 Reference value :  6.39965e-07
 Reference value :  6.40720e-07
 Reference value :  6.41470e-07
 Reference value :  6.42236e-07
 Reference value :  6.43005e-07
 Reference value :  6.43800e-07
 Reference value :  6.44560e-07
 Reference value :  6.45323e-07
 Reference value :  6.46081e-07
 Reference value :  6.46834e-07
 Reference value :  6.47631e-07
 Reference value :  6.48399e-07
 Reference value :  6.49152e-07
 Reference value :  6.49893e-07
 Reference value :  6.50674e-07
 Reference value :  6.51435e-07
 Reference value :  6.52510e-07
 Reference value :  6.53273e-07
 Reference value :  6.54020e-07
 Reference value :  6.54781e-07
 Reference value :  6.55530e-07
 Reference value :  6.56295e-07
 Reference value :  6.57070e-07
 Reference value :  6.57853e-07
 Reference value :  6.58613e-07
 Reference value :  6.59369e-07
 Reference value :  6.60155e-07
 Reference value :  6.60930e-07
 Reference value :  6.61686e-07
 Reference value :  6.62453e-07
 Reference value :  6.63284e-07
 Reference value :  6.64043e-07
 Reference value :  6.64797e-07
 Reference value :  6.65560e-07
 Reference value :  6.66333e-07
 Reference value :  6.67106e-07
 Reference value :  6.67880e-07
 Reference value :  6.68668e-07
 Reference value :  6.69428e-07
 Reference value :  6.70235e-07
 Reference value :  6.70981e-07
 Reference value :  6.71811e-07
 Reference value :  6.72599e-07
 Reference value :  6.73365e-07
 Reference value :  6.74165e-07
 Reference value :  6.74930e-07
 Reference value :  6.75710e-07
 Reference value :  6.76507e-07
 Reference value :  6.77293e-07
 Reference value :  6.78096e-07
 Reference value :  6.78870e-07
 Reference value :  6.79650e-07
 Reference value :  6.80450e-07
 Reference value :  6.81260e-07
 Reference value :  6.82048e-07
 Reference value :  6.82822e-07
 Reference value :  6.83628e-07
 Reference value :  6.84401e-07
 Reference value :  6.85173e-07
 Reference value :  6.85950e-07
 Reference value :  6.86735e-07
 Reference value :  6.87530e-07
 Reference value :  6.88311e-07
 Reference value :  6.89081e-07
 Reference value :  6.89859e-07
 Reference value :  6.90637e-07
 Reference value :  6.91428e-07
 Reference value :  6.92190e-07
 Reference value :  6.93001e-07
 Reference value :  6.93783e-07
 Reference value :  6.94548e-07
 Reference value :  6.95332e-07
 Reference value :  6.96153e-07
 Reference value :  6.96930e-07
 Reference value :  6.97706e-07
 Reference value :  6.98500e-07
 Reference value :  6.99284e-07
 Reference value :  7.00070e-07
 Reference value :  7.00862e-07
 Reference value :  7.01630e-07
 Reference value :  7.02401e-07
 Reference value :  7.03214e-07
 Reference value :  7.03998e-07
 Reference value :  7.04767e-07
 Reference value :  7.05558e-07
 Reference value :  7.06330e-07
 Reference value :  7.07105e-07
 Reference value :  7.07890e-07
 Reference value :  7.08661e-07
 Reference value :  7.09455e-07
 Reference value :  7.10245e-07
 Reference value :  7.11028e-07
 Reference value :  7.11815e-07
 Reference value :  7.12611e-07
 Reference value :  7.13447e-07
 Reference value :  7.14241e-07
 Reference value :  7.15022e-07
 Reference value :  7.15817e-07
 Reference value :  7.16643e-07
 Reference value :  7.17444e-07
 Reference value :  7.18229e-07
 Reference value :  7.18989e-07
 Reference value :  7.19810e-07
 Reference value :  7.20590e-07
 Reference value :  7.21368e-07
 Reference value :  7.22158e-07
 Reference value :  7.22968e-07
 Reference value :  7.23766e-07
 Reference value :  7.24547e-07
 Reference value :  7.25325e-07
 Reference value :  7.26109e-07
 Reference value :  7.26928e-07
 Reference value :  7.27720e-07
 Reference value :  7.28516e-07
 Reference value :  7.29321e-07
 Reference value :  7.30123e-07
 Reference value :  7.30920e-07
 Reference value :  7.31701e-07
 Reference value :  7.32520e-07
 Reference value :  7.33340e-07
 Reference value :  7.34120e-07
 Reference value :  7.34899e-07
 Reference value :  7.35705e-07
 Reference value :  7.36510e-07
 Reference value :  7.37320e-07
 Reference value :  7.38110e-07
 Reference value :  7.38924e-07
 Reference value :  7.39713e-07
 Reference value :  7.40509e-07
 Reference value :  7.41307e-07
 Reference value :  7.42113e-07
 Reference value :  7.42895e-07
 Reference value :  7.43681e-07
 Reference value :  7.44468e-07
 Reference value :  7.45281e-07
 Reference value :  7.46078e-07
 Reference value :  7.46851e-07
 Reference value :  7.47652e-07
 Reference value :  7.48456e-07
 Reference value :  7.49241e-07
 Reference value :  7.50038e-07
 Reference value :  7.50811e-07
 Reference value :  7.51607e-07
 Reference value :  7.52401e-07
 Reference value :  7.53175e-07
 Reference value :  7.53944e-07
 Reference value :  7.54727e-07
 Reference value :  7.55497e-07
 Reference value :  7.56281e-07
 Reference value :  7.57113e-07
 Reference value :  7.57879e-07
 Reference value :  7.58676e-07
 Reference value :  7.59450e-07
 Reference value :  7.60232e-07
 Reference value :  7.61051e-07
 Reference value :  7.61845e-07
 Reference value :  7.62640e-07
 Reference value :  7.63430e-07
 Reference value :  7.64227e-07
 Reference value :  7.65021e-07
 Reference value :  7.65841e-07
 Reference value :  7.66627e-07
 Reference value :  7.67413e-07
 Reference value :  7.68255e-07
 Reference value :  7.69096e-07
 Reference value :  7.69954e-07
 Reference value :  7.70861e-07
 Reference value :  7.71694e-07
 Reference value :  7.72553e-07
 Reference value :  7.73355e-07
 Reference value :  7.74145e-07
 Reference value :  7.74901e-07
 Reference value :  7.75691e-07
 Reference value :  7.76475e-07
 Reference value :  7.77269e-07
 Reference value :  7.78086e-07
 Reference value :  7.78877e-07
 Reference value :  7.79679e-07
 Reference value :  7.80516e-07
 Reference value :  7.81358e-07
 Reference value :  7.82240e-07
 Reference value :  7.83112e-07
 Reference value :  7.83959e-07
 Reference value :  7.84831e-07
 Reference value :  7.85613e-07
 Reference value :  7.86438e-07
 Reference value :  7.87190e-07
 Reference value :  7.87964e-07
 Reference value :  7.88727e-07
 Reference value :  7.89546e-07
 Reference value :  7.90323e-07
 Reference value :  7.91094e-07
 Reference value :  7.91860e-07
 Reference value :  7.92671e-07
 Reference value :  7.93433e-07
 Reference value :  7.94216e-07
 Reference value :  7.95009e-07
 Reference value :  7.95813e-07
 Reference value :  7.96598e-07
 Reference value :  7.97370e-07
 Reference value :  7.98160e-07
 Reference value :  7.98941e-07
 Reference value :  7.99720e-07
 Reference value :  8.00508e-07
 Reference value :  8.01272e-07
 Reference value :  8.02067e-07
 Reference value :  8.02847e-07
 Reference value :  8.03640e-07
 Reference value :  8.04430e-07
 Reference value :  8.05194e-07
 Reference value :  8.05980e-07
 Reference value :  8.06768e-07
 Reference value :  8.07541e-07
 Reference value :  8.08350e-07
 Reference value :  8.09131e-07
 Reference value :  8.09930e-07
 Reference value :  8.10729e-07
 Reference value :  8.11514e-07
 Reference value :  8.12328e-07
 Reference value :  8.13118e-07
 Reference value :  8.13906e-07
 Reference value :  8.14711e-07
 Reference value :  8.15513e-07
 Reference value :  8.16283e-07
 Reference value :  8.17084e-07
 Reference value :  8.17840e-07
 Reference value :  8.18618e-07
 Reference value :  8.19411e-07
 Reference value :  8.20191e-07
 Reference value :  8.20961e-07
 Reference value :  8.21800e-07
 Reference value :  8.22574e-07
 Reference value :  8.23341e-07
 Reference value :  8.24110e-07
 Reference value :  8.24877e-07
 Reference value :  8.25651e-07
 Reference value :  8.26441e-07
 Reference value :  8.27227e-07
 Reference value :  8.28004e-07
 Reference value :  8.28768e-07
 Reference value :  8.29560e-07
 Reference value :  8.30346e-07
 Reference value :  8.31107e-07
 Reference value :  8.31892e-07
 Reference value :  8.32689e-07
 Reference value :  8.33480e-07
 Reference value :  8.34265e-07
 Reference value :  8.35046e-07
 Reference value :  8.35835e-07
 Reference value :  8.36603e-07
 Reference value :  8.37389e-07
 Reference value :  8.38133e-07
 Reference value :  8.38934e-07
 Reference value :  8.39683e-07
 Reference value :  8.40460e-07
 Reference value :  8.41251e-07
 Reference value :  8.42029e-07
 Reference value :  8.42800e-07
 Reference value :  8.43570e-07
 Reference value :  8.44350e-07
 Reference value :  8.45144e-07
 Reference value :  8.45920e-07
 Reference value :  8.46698e-07
 Reference value :  8.47476e-07
 Reference value :  8.48233e-07
 Reference value :  8.49047e-07
 Reference value :  8.49799e-07
 Reference value :  8.50521e-07
 Reference value :  8.51300e-07
 Reference value :  8.52117e-07
 Reference value :  8.52866e-07
 Reference value :  8.53646e-07
 Reference value :  8.54402e-07
 Reference value :  8.55170e-07
 Reference value :  8.55971e-07
 Reference value :  8.56779e-07
 Reference value :  8.57550e-07
 Reference value :  8.58324e-07
 Reference value :  8.59108e-07
 Reference value :  8.59858e-07
 Reference value :  8.60608e-07
 Reference value :  8.61353e-07
 Reference value :  8.62109e-07
 Reference value :  8.62869e-07
 Reference value :  8.63644e-07
 Reference value :  8.64380e-07
 Reference value :  8.65131e-07
 Reference value :  8.65894e-07
 Reference value :  8.66653e-07
 Reference value :  8.67405e-07
 Reference value :  8.68179e-07
 Reference value :  8.68930e-07
 Reference value :  8.69700e-07
 Reference value :  8.70450e-07
 Reference value :  8.71205e-07
 Reference value :  8.71952e-07
 Reference value :  8.72720e-07
 Reference value :  8.73463e-07
 Reference value :  8.74248e-07
 Reference value :  8.75031e-07
 Reference value :  8.75796e-07
 Reference value :  8.76543e-07
 Reference value :  8.77300e-07
 Reference value :  8.78042e-07
 Reference value :  8.78807e-07
 Reference value :  8.79590e-07
 Reference value :  8.80359e-07
 Reference value :  8.81111e-07
 Reference value :  8.81891e-07
 Reference value :  8.82654e-07
 Reference value :  8.83405e-07
 Reference value :  8.84158e-07
 Reference value :  8.84925e-07
 Reference value :  8.85669e-07
 Reference value :  8.86417e-07
 Reference value :  8.87210e-07
 Reference value :  8.87959e-07
 Reference value :  8.88731e-07
 Reference value :  8.89480e-07
 Reference value :  8.90238e-07
 Reference value :  8.91040e-07
 Reference value :  8.91806e-07
 Reference value :  8.92576e-07
 Reference value :  8.93366e-07
 Reference value :  8.94110e-07
 Reference value :  8.94857e-07
 Reference value :  8.95632e-07
 Reference value :  8.96370e-07
 Reference value :  8.97151e-07
 Reference value :  8.97890e-07
 Reference value :  8.98625e-07
 Reference value :  8.99400e-07
 Reference value :  9.00152e-07
 Reference value :  9.00900e-07
 Reference value :  9.01651e-07
 Reference value :  9.02443e-07
 Reference value :  9.03210e-07
 Reference value :  9.03996e-07
 Reference value :  9.04744e-07
 Reference value :  9.05510e-07
 Reference value :  9.06357e-07
 Reference value :  9.07140e-07
 Reference value :  9.07913e-07
 Reference value :  9.08700e-07
 Reference value :  9.09624e-07
 Reference value :  9.10462e-07
 Reference value :  9.11320e-07
 Reference value :  9.12110e-07
 Reference value :  9.12880e-07
 Reference value :  9.13653e-07
 Reference value :  9.14443e-07
 Reference value :  9.15251e-07
 Reference value :  9.16030e-07
 Reference value :  9.16811e-07
 Reference value :  9.17587e-07
 Reference value :  9.18360e-07
 Reference value :  9.19131e-07
 Reference value :  9.19903e-07
 Reference value :  9.20694e-07
 Reference value :  9.21491e-07
 Reference value :  9.22267e-07
 Reference value :  9.23049e-07
 Reference value :  9.23830e-07
 Reference value :  9.24618e-07
 Reference value :  9.25374e-07
 Reference value :  9.26272e-07
 Reference value :  9.27049e-07
 Reference value :  9.27823e-07
 Reference value :  9.28610e-07
 Reference value :  9.29402e-07
 Reference value :  9.30167e-07
 Reference value :  9.30955e-07
 Reference value :  9.31754e-07
 Reference value :  9.32574e-07
 Reference value :  9.33347e-07
 Reference value :  9.34113e-07
 Reference value :  9.34890e-07
 Reference value :  9.35666e-07
 Reference value :  9.36438e-07
 Reference value :  9.37206e-07
 Reference value :  9.37973e-07
 Reference value :  9.38752e-07
 Reference value :  9.39523e-07
 Reference value :  9.40303e-07
 Reference value :  9.41090e-07
 Reference value :  9.41857e-07
 Reference value :  9.42638e-07
 Reference value :  9.43417e-07
 Reference value :  9.44206e-07
 Reference value :  9.45007e-07
 Reference value :  9.45791e-07
 Reference value :  9.46568e-07
 Reference value :  9.47350e-07
 Reference value :  9.48135e-07
 Reference value :  9.48911e-07
 Reference value :  9.49675e-07
 Reference value :  9.50446e-07
 Reference value :  9.51223e-07
 Reference value :  9.51986e-07
 Reference value :  9.52755e-07
 Reference value :  9.53523e-07
 Reference value :  9.54317e-07
 Reference value :  9.55120e-07
 Reference value :  9.55876e-07
 Reference value :  9.56630e-07
 Reference value :  9.57400e-07
 Reference value :  9.58199e-07
 Reference value :  9.58956e-07
 Reference value :  9.59754e-07
 Reference value :  9.60533e-07
 Reference value :  9.61321e-07
 Reference value :  9.62088e-07
 Reference value :  9.62887e-07
 Reference value :  9.63670e-07
 Reference value :  9.64467e-07
 Reference value :  9.65260e-07
 Reference value :  9.66044e-07
 Reference value :  9.66840e-07
 Reference value :  9.67630e-07
 Reference value :  9.68426e-07
 Reference value :  9.69219e-07
 Reference value :  9.69976e-07
 Reference value :  9.70773e-07
 Reference value :  9.71550e-07
 Reference value :  9.72309e-07
 Reference value :  9.73100e-07
 Reference value :  9.73878e-07
 Reference value :  9.74711e-07
 Reference value :  9.75558e-07
 Reference value :  9.76400e-07
 Reference value :  9.77272e-07
 Reference value :  9.78058e-07
 Reference value :  9.78810e-07
 Reference value :  9.79591e-07
 Reference value :  9.80380e-07
 Reference value :  9.81170e-07
 Reference value :  9.81961e-07
 Reference value :  9.82740e-07
 Reference value :  9.83560e-07
 Reference value :  9.84421e-07
 Reference value :  9.85270e-07
 Reference value :  9.86122e-07
 Reference value :  9.86930e-07
 Reference value :  9.87740e-07
 Reference value :  9.88576e-07
 Reference value :  9.89337e-07
 Reference value :  9.90131e-07
 Reference value :  9.90928e-07
 Reference value :  9.91696e-07
 Reference value :  9.92469e-07
 Reference value :  9.93234e-07
 Reference value :  9.94003e-07
 Reference value :  9.94781e-07
 Reference value :  9.95591e-07
 Reference value :  9.96394e-07
 Reference value :  9.97156e-07
 Reference value :  9.97934e-07
 Reference value :  9.98702e-07
 Reference value :  9.99499e-07
 Reference value :  1.00029e-06
 Reference value :  1.00105e-06
 Reference value :  1.00184e-06
 Reference value :  1.00262e-06
 Reference value :  1.00341e-06
 Reference value :  1.00419e-06
 Reference value :  1.00498e-06
 Reference value :  1.00577e-06
 Reference value :  1.00652e-06
 Reference value :  1.00730e-06
 Reference value :  1.00807e-06
 Reference value :  1.00886e-06
 Reference value :  1.00964e-06
 Reference value :  1.01042e-06
 Reference value :  1.01123e-06
 Reference value :  1.01201e-06
 Reference value :  1.01281e-06
 Reference value :  1.01358e-06
 Reference value :  1.01438e-06
 Reference value :  1.01516e-06
 Reference value :  1.01594e-06
 Reference value :  1.01671e-06
 Reference value :  1.01749e-06
 Reference value :  1.01826e-06
 Reference value :  1.01905e-06
 Reference value :  1.01983e-06
 Reference value :  1.02062e-06
 Reference value :  1.02141e-06
 Reference value :  1.02220e-06
 Reference value :  1.02298e-06
 Reference value :  1.02375e-06
 Reference value :  1.02453e-06
 Reference value :  1.02531e-06
 Reference value :  1.02608e-06
 Reference value :  1.02685e-06
 Reference value :  1.02764e-06
 Reference value :  1.02840e-06
 Reference value :  1.02920e-06
 Reference value :  1.02999e-06
 Reference value :  1.03077e-06
 Reference value :  1.03158e-06
 Reference value :  1.03237e-06
 Reference value :  1.03313e-06
 Reference value :  1.03392e-06
 Reference value :  1.03470e-06
 Reference value :  1.03546e-06
 Reference value :  1.03623e-06
 Reference value :  1.03698e-06
 Reference value :  1.03777e-06
 Reference value :  1.03853e-06
 Reference value :  1.03929e-06
 Reference value :  1.04008e-06
 Reference value :  1.04087e-06
 Reference value :  1.04165e-06
 Reference value :  1.04244e-06
 Reference value :  1.04320e-06
 Reference value :  1.04397e-06
 Reference value :  1.04472e-06
 Reference value :  1.04546e-06
 Reference value :  1.04622e-06
 Reference value :  1.04700e-06
 Reference value :  1.04783e-06
 Reference value :  1.04859e-06
 Reference value :  1.04937e-06
 Reference value :  1.05015e-06
 Reference value :  1.05092e-06
 Reference value :  1.05168e-06
 Reference value :  1.05248e-06
 Reference value :  1.05324e-06
 Reference value :  1.05403e-06
 Reference value :  1.05482e-06
 Reference value :  1.05559e-06
 Reference value :  1.05641e-06
 Reference value :  1.05719e-06
 Reference value :  1.05800e-06
 Reference value :  1.05877e-06
 Reference value :  1.05954e-06
 Reference value :  1.06030e-06
 Reference value :  1.06108e-06
 Reference value :  1.06187e-06
 Reference value :  1.06265e-06
 Reference value :  1.06345e-06
 Reference value :  1.06425e-06
 Reference value :  1.06502e-06
 Reference value :  1.06582e-06
 Reference value :  1.06661e-06
 Reference value :  1.06737e-06
 Reference value :  1.06812e-06
 Reference value :  1.06889e-06
 Reference value :  1.06966e-06
 Reference value :  1.07045e-06
 Reference value :  1.07122e-06
 Reference value :  1.07201e-06
 Reference value :  1.07278e-06
 Reference value :  1.07357e-06
 Reference value :  1.07434e-06
 Reference value :  1.07512e-06
 Reference value :  1.07590e-06
 Reference value :  1.07669e-06
 Reference value :  1.07747e-06
 Reference value :  1.07825e-06
 Reference value :  1.07900e-06
 Reference value :  1.07977e-06
 Reference value :  1.08057e-06
 Reference value :  1.08134e-06
 Reference value :  1.08212e-06
 Reference value :  1.08288e-06
 Reference value :  1.08366e-06
 Reference value :  1.08444e-06
 Reference value :  1.08521e-06
 Reference value :  1.08599e-06
 Reference value :  1.08677e-06
 Reference value :  1.08756e-06
 Reference value :  1.08832e-06
 Reference value :  1.08910e-06
 Reference value :  1.08987e-06
 Reference value :  1.09066e-06
 Reference value :  1.09145e-06
 Reference value :  1.09222e-06
 Reference value :  1.09300e-06
 Reference value :  1.09376e-06
 Reference value :  1.09457e-06
 Reference value :  1.09535e-06
 Reference value :  1.09613e-06
 Reference value :  1.09693e-06
 Reference value :  1.09769e-06
 Reference value :  1.09846e-06
 Reference value :  1.09922e-06
 Reference value :  1.09998e-06
 Reference value :  1.10076e-06
 Reference value :  1.10155e-06
 Reference value :  1.10238e-06
 Reference value :  1.10315e-06
 Reference value :  1.10392e-06
 Reference value :  1.10472e-06
 Reference value :  1.10550e-06
 Reference value :  1.10628e-06
 Reference value :  1.10707e-06
 Reference value :  1.10788e-06
 Reference value :  1.10866e-06
 Reference value :  1.10944e-06
 Reference value :  1.11025e-06
 Reference value :  1.11102e-06
 Reference value :  1.11182e-06
 Reference value :  1.11258e-06
 Reference value :  1.11335e-06
 Reference value :  1.11446e-06
 Reference value :  1.11524e-06
 Reference value :  1.11605e-06
 Reference value :  1.11685e-06
 Reference value :  1.11761e-06
 Reference value :  1.11840e-06
 Reference value :  1.11919e-06
 Reference value :  1.11997e-06
 Reference value :  1.12074e-06
 Reference value :  1.12152e-06
 Reference value :  1.12228e-06
 Reference value :  1.12306e-06
 Reference value :  1.12383e-06
 Reference value :  1.12461e-06
 Reference value :  1.12537e-06
 Reference value :  1.12614e-06
 Reference value :  1.12692e-06
 Reference value :  1.12770e-06
 Reference value :  1.12849e-06
 Reference value :  1.12933e-06
 Reference value :  1.13017e-06
 Reference value :  1.13098e-06
 Reference value :  1.13181e-06
 Reference value :  1.13266e-06
 Reference value :  1.13347e-06
 Reference value :  1.13432e-06
 Reference value :  1.13510e-06
 Reference value :  1.13587e-06
 Reference value :  1.13666e-06
 Reference value :  1.13745e-06
 Reference value :  1.13823e-06
 Reference value :  1.13901e-06
 Reference value :  1.13981e-06
 Reference value :  1.14058e-06
 Reference value :  1.14139e-06
 Reference value :  1.14220e-06
 Reference value :  1.14299e-06
 Reference value :  1.14377e-06
 Reference value :  1.14458e-06
 Reference value :  1.14539e-06
 Reference value :  1.14622e-06
 Reference value :  1.14710e-06
 Reference value :  1.14796e-06
 Reference value :  1.14876e-06
 Reference value :  1.14960e-06
 Reference value :  1.15041e-06
 Reference value :  1.15127e-06
 Reference value :  1.15206e-06
 Reference value :  1.15287e-06
 Reference value :  1.15368e-06
 Reference value :  1.15449e-06
 Reference value :  1.15526e-06
 Reference value :  1.15611e-06
 Reference value :  1.15690e-06
 Reference value :  1.15768e-06
 Reference value :  1.15846e-06
 Reference value :  1.15925e-06
 Reference value :  1.16005e-06
 Reference value :  1.16084e-06
 Reference value :  1.16160e-06
 Reference value :  1.16240e-06
 Reference value :  1.16318e-06
 Reference value :  1.16396e-06
 Reference value :  1.16477e-06
 Reference value :  1.16554e-06
 Reference value :  1.16631e-06
 Reference value :  1.16710e-06
 Reference value :  1.16793e-06
 Reference value :  1.16873e-06
 Reference value :  1.16951e-06
 Reference value :  1.17029e-06
 Reference value :  1.17106e-06
 Reference value :  1.17182e-06
 Reference value :  1.17261e-06
 Reference value :  1.17340e-06
 Reference value :  1.17419e-06
 Reference value :  1.17497e-06
 Reference value :  1.17575e-06
 Reference value :  1.17655e-06
 Reference value :  1.17734e-06
 Reference value :  1.17813e-06
 Reference value :  1.17892e-06
 Reference value :  1.17972e-06
 Reference value :  1.18049e-06
 Reference value :  1.18126e-06
 Reference value :  1.18205e-06
 Reference value :  1.18284e-06
 Reference value :  1.18360e-06
 Reference value :  1.18439e-06
 Reference value :  1.18515e-06
 Reference value :  1.18592e-06
 Reference value :  1.18673e-06
 Reference value :  1.18750e-06
 Reference value :  1.18825e-06
 Reference value :  1.18905e-06
 Reference value :  1.18985e-06
 Reference value :  1.19064e-06
 Reference value :  1.19143e-06
 Reference value :  1.19221e-06
 Reference value :  1.19300e-06
 Reference value :  1.19379e-06
 Reference value :  1.19489e-06
 Reference value :  1.19566e-06
 Reference value :  1.19648e-06
 Reference value :  1.19725e-06
 Reference value :  1.19802e-06
 Reference value :  1.19881e-06
 Reference value :  1.19958e-06
 Reference value :  1.20037e-06
 Reference value :  1.20115e-06
 Reference value :  1.20195e-06
 Reference value :  1.20275e-06
 Reference value :  1.20354e-06
 Reference value :  1.20432e-06
 Reference value :  1.20512e-06
 Reference value :  1.20593e-06
 Reference value :  1.20670e-06
 Reference value :  1.20750e-06
 Reference value :  1.20827e-06
 Reference value :  1.20905e-06
 Reference value :  1.20984e-06
 Reference value :  1.21062e-06
 Reference value :  1.21139e-06
 Reference value :  1.21219e-06
 Reference value :  1.21296e-06
 Reference value :  1.21373e-06
 Reference value :  1.21453e-06
 Reference value :  1.21532e-06
 Reference value :  1.21642e-06
 Reference value :  1.21771e-06
 Reference value :  1.21904e-06
 Reference value :  1.22020e-06
 Reference value :  1.22116e-06
 Reference value :  1.22209e-06
 Reference value :  1.22300e-06
 Reference value :  1.22383e-06
 Reference value :  1.22464e-06
 Reference value :  1.22543e-06
 Reference value :  1.22626e-06
 Reference value :  1.22755e-06
 Reference value :  1.22879e-06
 Reference value :  1.22999e-06
 Reference value :  1.23091e-06
 Reference value :  1.23171e-06
 Reference value :  1.23252e-06
 Reference value :  1.23331e-06
 Reference value :  1.23409e-06
 Reference value :  1.23488e-06
 Reference value :  1.23567e-06
 Reference value :  1.23648e-06
 Reference value :  1.23729e-06
 Reference value :  1.23808e-06
 Reference value :  1.23884e-06
 Reference value :  1.23964e-06
 Reference value :  1.24040e-06
 Reference value :  1.24118e-06
 Reference value :  1.24193e-06
 Reference value :  1.24270e-06
 Reference value :  1.24345e-06
 Reference value :  1.24421e-06
 Reference value :  1.24496e-06
 Reference value :  1.24574e-06
 Reference value :  1.24650e-06
 Reference value :  1.24726e-06
 Reference value :  1.24807e-06
 Reference value :  1.24881e-06
 Reference value :  1.24956e-06
 Reference value :  1.25032e-06
 Reference value :  1.25106e-06
 Reference value :  1.25182e-06
 Reference value :  1.25258e-06
 Reference value :  1.25333e-06
 Reference value :  1.25408e-06
 Reference value :  1.25482e-06
 Reference value :  1.25559e-06
 Reference value :  1.25637e-06
 Reference value :  1.25715e-06
 Reference value :  1.25791e-06
 Reference value :  1.25868e-06
 Reference value :  1.25944e-06
 Reference value :  1.26020e-06
 Reference value :  1.26096e-06
 Reference value :  1.26172e-06
 Reference value :  1.26249e-06
 Reference value :  1.26323e-06
 Reference value :  1.26401e-06
 Reference value :  1.26478e-06
 Reference value :  1.26561e-06
 Reference value :  1.26639e-06
 Reference value :  1.26718e-06
 Reference value :  1.26817e-06
 Reference value :  1.26895e-06
 Reference value :  1.26972e-06
 Reference value :  1.27050e-06
 Reference value :  1.27131e-06
 Reference value :  1.27208e-06
 Reference value :  1.27288e-06
 Reference value :  1.27368e-06
 Reference value :  1.27444e-06
 Reference value :  1.27521e-06
 Reference value :  1.27596e-06
 Reference value :  1.27674e-06
 Reference value :  1.27752e-06
 Reference value :  1.27830e-06
 Reference value :  1.27909e-06
 Reference value :  1.27986e-06
 Reference value :  1.28065e-06
 Reference value :  1.28144e-06
 Reference value :  1.28221e-06
 Reference value :  1.28301e-06
 Reference value :  1.28377e-06
 Reference value :  1.28454e-06
 Reference value :  1.28533e-06
 Reference value :  1.28611e-06
 Reference value :  1.28688e-06
 Reference value :  1.28765e-06
 Reference value :  1.28846e-06
 Reference value :  1.28925e-06
 Reference value :  1.29001e-06
 Reference value :  1.29078e-06
 Reference value :  1.29155e-06
 Reference value :  1.29233e-06
 Reference value :  1.29309e-06
 Reference value :  1.29388e-06
 Reference value :  1.29466e-06
 Reference value :  1.29545e-06
 Reference value :  1.29625e-06
 Reference value :  1.29701e-06
 Reference value :  1.29777e-06
 Reference value :  1.29857e-06
 Reference value :  1.29935e-06
 Reference value :  1.30014e-06
 Reference value :  1.30093e-06
 Reference value :  1.30171e-06
 Reference value :  1.30252e-06
 Reference value :  1.30338e-06
 Reference value :  1.30415e-06
 Reference value :  1.30492e-06
 Reference value :  1.30573e-06
 Reference value :  1.30651e-06
 Reference value :  1.30728e-06
 Reference value :  1.30807e-06
 Reference value :  1.30886e-06
 Reference value :  1.30961e-06
 Reference value :  1.31040e-06
 Reference value :  1.31118e-06
 Reference value :  1.31196e-06
 Reference value :  1.31276e-06
 Reference value :  1.31353e-06
 Reference value :  1.31435e-06
 Reference value :  1.31516e-06
 Reference value :  1.31596e-06
 Reference value :  1.31671e-06
 Reference value :  1.31748e-06
 Reference value :  1.31827e-06
 Reference value :  1.31909e-06
 Reference value :  1.31986e-06
 Reference value :  1.32064e-06
 Reference value :  1.32142e-06
 Reference value :  1.32221e-06
 Reference value :  1.32297e-06
 Reference value :  1.32377e-06
 Reference value :  1.32455e-06
 Reference value :  1.32532e-06
 Reference value :  1.32608e-06
 Reference value :  1.32689e-06
 Reference value :  1.32766e-06
 Reference value :  1.32844e-06
 Reference value :  1.32922e-06
 Reference value :  1.32998e-06
 Reference value :  1.33074e-06
 Reference value :  1.33151e-06
 Reference value :  1.33231e-06
 Reference value :  1.33309e-06
 Reference value :  1.33387e-06
 Reference value :  1.33466e-06
 Reference value :  1.33543e-06
 Reference value :  1.33619e-06
 Reference value :  1.33697e-06
 Reference value :  1.33776e-06
 Reference value :  1.33854e-06
 Reference value :  1.33934e-06
 Reference value :  1.34011e-06
 Reference value :  1.34092e-06
 Reference value :  1.34170e-06
 Reference value :  1.34249e-06
 Reference value :  1.34327e-06
 Reference value :  1.34405e-06
 Reference value :  1.34486e-06
 Reference value :  1.34574e-06
 Reference value :  1.34654e-06
 Reference value :  1.34731e-06
 Reference value :  1.34810e-06
 Reference value :  1.34890e-06
 Reference value :  1.34968e-06
 Reference value :  1.35046e-06
 Reference value :  1.35126e-06
 Reference value :  1.35204e-06
 Reference value :  1.35282e-06
 Reference value :  1.35360e-06
 Reference value :  1.35437e-06
 Reference value :  1.35517e-06
 Reference value :  1.35595e-06
 Reference value :  1.35674e-06
 Reference value :  1.35751e-06
 Reference value :  1.35828e-06
 Reference value :  1.35907e-06
 Reference value :  1.35985e-06
 Reference value :  1.36060e-06
 Reference value :  1.36137e-06
 Reference value :  1.36224e-06
 Reference value :  1.36313e-06
 Reference value :  1.36399e-06
 Reference value :  1.36486e-06
 Reference value :  1.36564e-06
 Reference value :  1.36643e-06
 Reference value :  1.36749e-06
 Reference value :  1.36829e-06
 Reference value :  1.36911e-06
 Reference value :  1.36993e-06
 Reference value :  1.37069e-06
 Reference value :  1.37150e-06
 Reference value :  1.37232e-06
 Reference value :  1.37314e-06
 Reference value :  1.37402e-06
 Reference value :  1.37486e-06
 Reference value :  1.37573e-06
 Reference value :  1.37654e-06
 Reference value :  1.37733e-06
 Reference value :  1.37812e-06
 Reference value :  1.37893e-06
 Reference value :  1.37969e-06
 Reference value :  1.38049e-06
 Reference value :  1.38128e-06
 Reference value :  1.38208e-06
 Reference value :  1.38288e-06
 Reference value :  1.38367e-06
 Reference value :  1.38444e-06
 Reference value :  1.38521e-06
 Reference value :  1.38598e-06
 Reference value :  1.38676e-06
 Reference value :  1.38758e-06
 Reference value :  1.38837e-06
 Reference value :  1.38916e-06
 Reference value :  1.38997e-06
 Reference value :  1.39077e-06
 Reference value :  1.39155e-06
 Reference value :  1.39232e-06
 Reference value :  1.39310e-06
 Reference value :  1.39391e-06
 Reference value :  1.39469e-06
 Reference value :  1.39551e-06
 Reference value :  1.39632e-06
 Reference value :  1.39710e-06
 Reference value :  1.39789e-06
 Reference value :  1.39869e-06
 Reference value :  1.39945e-06
 Reference value :  1.40022e-06
 Reference value :  1.40102e-06
 Reference value :  1.40182e-06
 Reference value :  1.40262e-06
 Reference value :  1.40339e-06
 Reference value :  1.40416e-06
 Reference value :  1.40495e-06
 Reference value :  1.40573e-06
 Reference value :  1.40652e-06
 Reference value :  1.40729e-06
 Reference value :  1.40806e-06
 Reference value :  1.40883e-06
 Reference value :  1.40965e-06
 Reference value :  1.41045e-06
 Reference value :  1.41123e-06
 Reference value :  1.41201e-06
 Reference value :  1.41275e-06
 Reference value :  1.41355e-06
 Reference value :  1.41434e-06
 Reference value :  1.41511e-06
 Reference value :  1.41590e-06
 Reference value :  1.41666e-06
 Reference value :  1.41744e-06
 Reference value :  1.41826e-06
 Reference value :  1.41907e-06
 Reference value :  1.41987e-06
 Reference value :  1.42064e-06
 Reference value :  1.42142e-06
 Reference value :  1.42221e-06
 Reference value :  1.42309e-06
 Reference value :  1.42388e-06
 Reference value :  1.42474e-06
 Reference value :  1.42552e-06
 Reference value :  1.42629e-06
 Reference value :  1.42705e-06
 Reference value :  1.42783e-06
 Reference value :  1.42858e-06
 Reference value :  1.42938e-06
 Reference value :  1.43015e-06
 Reference value :  1.43093e-06
 Reference value :  1.43170e-06
 Reference value :  1.43248e-06
 Reference value :  1.43324e-06
 Reference value :  1.43402e-06
 Reference value :  1.43478e-06
 Reference value :  1.43557e-06
 Reference value :  1.43633e-06
 Reference value :  1.43711e-06
 Reference value :  1.43794e-06
 Reference value :  1.43881e-06
 Reference value :  1.43961e-06
 Reference value :  1.44037e-06
 Reference value :  1.44115e-06
 Reference value :  1.44196e-06
 Reference value :  1.44274e-06
 Reference value :  1.44350e-06
 Reference value :  1.44428e-06
 Reference value :  1.44505e-06
 Reference value :  1.44584e-06
 Reference value :  1.44662e-06
 Reference value :  1.44742e-06
 Reference value :  1.44821e-06
 Reference value :  1.44900e-06
 Reference value :  1.44984e-06
 Reference value :  1.45064e-06
 Reference value :  1.45142e-06
 Reference value :  1.45219e-06
 Reference value :  1.45298e-06
 Reference value :  1.45376e-06
 Reference value :  1.45455e-06
 Reference value :  1.45535e-06
 Reference value :  1.45611e-06
 Reference value :  1.45689e-06
 Reference value :  1.45771e-06
 Reference value :  1.45850e-06
 Reference value :  1.45927e-06
 Reference value :  1.46003e-06
 Reference value :  1.46082e-06
 Reference value :  1.46160e-06
 Reference value :  1.46237e-06
 Reference value :  1.46315e-06
 Reference value :  1.46397e-06
 Reference value :  1.46476e-06
 Reference value :  1.46553e-06
 Reference value :  1.46634e-06
 Reference value :  1.46712e-06
 Reference value :  1.46789e-06
 Reference value :  1.46867e-06
 Reference value :  1.46944e-06
 Reference value :  1.47023e-06
 Reference value :  1.47101e-06
 Reference value :  1.47178e-06
 Reference value :  1.47260e-06
 Reference value :  1.47338e-06
 Reference value :  1.47419e-06
 Reference value :  1.47499e-06
 Reference value :  1.47576e-06
 Reference value :  1.47656e-06
 Reference value :  1.47734e-06
 Reference value :  1.47813e-06
 Reference value :  1.47893e-06
 Reference value :  1.47972e-06
 Reference value :  1.48052e-06
 Reference value :  1.48130e-06
 Reference value :  1.48211e-06
 Reference value :  1.48289e-06
 Reference value :  1.48368e-06
 Reference value :  1.48448e-06
 Reference value :  1.48525e-06
 Reference value :  1.48603e-06
 Reference value :  1.48681e-06
 Reference value :  1.48762e-06
 Reference value :  1.48841e-06
 Reference value :  1.48919e-06
 Reference value :  1.48998e-06
 Reference value :  1.49075e-06
 Reference value :  1.49152e-06
 Reference value :  1.49231e-06
 Reference value :  1.49308e-06
 Reference value :  1.49388e-06
 Reference value :  1.49467e-06
 Reference value :  1.49546e-06
 Reference value :  1.49623e-06
 Reference value :  1.49700e-06
 Reference value :  1.49778e-06
 Reference value :  1.49858e-06
 Reference value :  1.49934e-06
 Reference value :  1.50011e-06
 Reference value :  1.50089e-06
 Reference value :  1.50168e-06
 Reference value :  1.50246e-06
 Reference value :  1.50326e-06
 Reference value :  1.50404e-06
 Reference value :  1.50482e-06
 Reference value :  1.50564e-06
 Reference value :  1.50642e-06
 Reference value :  1.50721e-06
 Reference value :  1.50798e-06
 Reference value :  1.50874e-06
 Reference value :  1.50955e-06
 Reference value :  1.51035e-06
 Reference value :  1.51111e-06
 Reference value :  1.51189e-06
 Reference value :  1.51269e-06
 Reference value :  1.51349e-06
 Reference value :  1.51428e-06
 Reference value :  1.51508e-06
 Reference value :  1.51584e-06
 Reference value :  1.51662e-06
 Reference value :  1.51739e-06
 Reference value :  1.51816e-06
 Reference value :  1.51896e-06
 Reference value :  1.51975e-06
 Reference value :  1.52054e-06
 Reference value :  1.52132e-06
 Reference value :  1.52209e-06
 Reference value :  1.52286e-06
 Reference value :  1.52364e-06
 Reference value :  1.52444e-06
 Reference value :  1.52521e-06
 Reference value :  1.52598e-06
 Reference value :  1.52675e-06
 Reference value :  1.52756e-06
 Reference value :  1.52834e-06
 Reference value :  1.52913e-06
 Reference value :  1.52992e-06
 Reference value :  1.53072e-06
 Reference value :  1.53148e-06
 Reference value :  1.53230e-06
 Reference value :  1.53304e-06
 Reference value :  1.53381e-06
 Reference value :  1.53459e-06
 Reference value :  1.53541e-06
 Reference value :  1.53621e-06
 Reference value :  1.53700e-06
 Reference value :  1.53781e-06
 Reference value :  1.53860e-06
 Reference value :  1.53939e-06
 Reference value :  1.54018e-06
 Reference value :  1.54098e-06
 Reference value :  1.54175e-06
 Reference value :  1.54250e-06
 Reference value :  1.54331e-06
 Reference value :  1.54412e-06
 Reference value :  1.54541e-06
 Reference value :  1.54645e-06
 Reference value :  1.54723e-06
 Reference value :  1.54800e-06
 Reference value :  1.54883e-06
 Reference value :  1.55000e-06
 Reference value :  1.55080e-06
 Reference value :  1.55166e-06
 Reference value :  1.55246e-06
 Reference value :  1.55325e-06
 Reference value :  1.55412e-06
 Reference value :  1.55490e-06
 Reference value :  1.55568e-06
 Reference value :  1.55646e-06
 Reference value :  1.55724e-06
 Reference value :  1.55802e-06
 Reference value :  1.55878e-06
 Reference value :  1.55957e-06
 Reference value :  1.56038e-06
 Reference value :  1.56118e-06
 Reference value :  1.56196e-06
 Reference value :  1.56274e-06
 Reference value :  1.56352e-06
 Reference value :  1.56433e-06
 Reference value :  1.56519e-06
 Reference value :  1.56609e-06
 Reference value :  1.56695e-06
 Reference value :  1.56780e-06
 Reference value :  1.56863e-06
 Reference value :  1.56939e-06
 Reference value :  1.57021e-06
 Reference value :  1.57100e-06
 Reference value :  1.57177e-06
 Reference value :  1.57255e-06
 Reference value :  1.57336e-06
 Reference value :  1.57415e-06
 Reference value :  1.57491e-06
 Reference value :  1.57568e-06
 Reference value :  1.57647e-06
 Reference value :  1.57727e-06
 Reference value :  1.57807e-06
 Reference value :  1.57888e-06
 Reference value :  1.57964e-06
 Reference value :  1.58042e-06
 Reference value :  1.58124e-06
 Reference value :  1.58201e-06
 Reference value :  1.58279e-06
 Reference value :  1.58357e-06
 Reference value :  1.58438e-06
 Reference value :  1.58516e-06
 Reference value :  1.58592e-06
 Reference value :  1.58668e-06
 Reference value :  1.58746e-06
 Reference value :  1.58823e-06
 Reference value :  1.58902e-06
 Reference value :  1.58983e-06
 Reference value :  1.59062e-06
 Reference value :  1.59139e-06
 Reference value :  1.59218e-06
 Reference value :  1.59296e-06
 Reference value :  1.59374e-06
 Reference value :  1.59453e-06
 Reference value :  1.59534e-06
 Reference value :  1.59615e-06
 Reference value :  1.59696e-06
 Reference value :  1.59774e-06
 Reference value :  1.59854e-06
 Reference value :  1.59933e-06
 Reference value :  1.60012e-06
 Reference value :  1.60091e-06
 Reference value :  1.60170e-06
 Reference value :  1.60248e-06
 Reference value :  1.60334e-06
 Reference value :  1.60427e-06
 Reference value :  1.60504e-06
 Reference value :  1.60582e-06
 Reference value :  1.60661e-06
 Reference value :  1.60741e-06
 Reference value :  1.60818e-06
 Reference value :  1.60899e-06
 Reference value :  1.60979e-06
 Reference value :  1.61057e-06
 Reference value :  1.61133e-06
 Reference value :  1.61213e-06
 Reference value :  1.61292e-06
 Reference value :  1.61372e-06
 Reference value :  1.61450e-06
 Reference value :  1.61527e-06
 Reference value :  1.61606e-06
 Reference value :  1.61685e-06
 Reference value :  1.61766e-06
 Reference value :  1.61847e-06
 Reference value :  1.61925e-06
 Reference value :  1.62003e-06
 Reference value :  1.62081e-06
 Reference value :  1.62157e-06
 Reference value :  1.62238e-06
 Reference value :  1.62318e-06
 Reference value :  1.62398e-06
 Reference value :  1.62474e-06
 Reference value :  1.62552e-06
 Reference value :  1.62633e-06
 Reference value :  1.62712e-06
 Reference value :  1.62789e-06
 Reference value :  1.62869e-06
 Reference value :  1.62946e-06
 Reference value :  1.63025e-06
 Reference value :  1.63104e-06
 Reference value :  1.63184e-06
 Reference value :  1.63261e-06
 Reference value :  1.63341e-06
 Reference value :  1.63418e-06
 Reference value :  1.63496e-06
 Reference value :  1.63574e-06
 Reference value :  1.63651e-06
 Reference value :  1.63729e-06
 Reference value :  1.63807e-06
 Reference value :  1.63888e-06
 Reference value :  1.63966e-06
 Reference value :  1.64044e-06
 Reference value :  1.64127e-06
 Reference value :  1.64231e-06
 Reference value :  1.64310e-06
 Reference value :  1.64391e-06
 Reference value :  1.64466e-06
 Reference value :  1.64541e-06
 Reference value :  1.64621e-06
 Reference value :  1.64698e-06
 Reference value :  1.64776e-06
 Reference value :  1.64852e-06
 Reference value :  1.64937e-06
 Reference value :  1.65033e-06
 Reference value :  1.65108e-06
 Reference value :  1.65186e-06
 Reference value :  1.65266e-06
 Reference value :  1.65342e-06
 Reference value :  1.65416e-06
 Reference value :  1.65492e-06
 Reference value :  1.65566e-06
 Reference value :  1.65642e-06
 Reference value :  1.65715e-06
 Reference value :  1.65791e-06
 Reference value :  1.65868e-06
 Reference value :  1.65944e-06
 Reference value :  1.66022e-06
 Reference value :  1.66097e-06
 Reference value :  1.66173e-06
 Reference value :  1.66252e-06
 Reference value :  1.66332e-06
 Reference value :  1.66408e-06
 Reference value :  1.66483e-06
 Reference value :  1.66558e-06
 Reference value :  1.66635e-06
 Reference value :  1.66712e-06
 Reference value :  1.66791e-06
 Reference value :  1.66868e-06
 Reference value :  1.66948e-06
 Reference value :  1.67023e-06
 Reference value :  1.67101e-06
 Reference value :  1.67177e-06
 Reference value :  1.67256e-06
 Reference value :  1.67332e-06
 Reference value :  1.67410e-06
 Reference value :  1.67486e-06
 Reference value :  1.67563e-06
 Reference value :  1.67640e-06
 Reference value :  1.67714e-06
 Reference value :  1.67793e-06
 Reference value :  1.67870e-06
 Reference value :  1.67947e-06
 Reference value :  1.68023e-06
 Reference value :  1.68103e-06
 Reference value :  1.68178e-06
 Reference value :  1.68258e-06
 Reference value :  1.68332e-06
 Reference value :  1.68407e-06
 Reference value :  1.68483e-06
 Reference value :  1.68560e-06
 Reference value :  1.68637e-06
 Reference value :  1.68713e-06
 Reference value :  1.68788e-06
 Reference value :  1.68864e-06
 Reference value :  1.68941e-06
 Reference value :  1.69018e-06
 Reference value :  1.69094e-06
 Reference value :  1.69169e-06
 Reference value :  1.69247e-06
 Reference value :  1.69322e-06
 Reference value :  1.69398e-06
 Reference value :  1.69475e-06
 Reference value :  1.69550e-06
 Reference value :  1.69626e-06
 Reference value :  1.69701e-06
 Reference value :  1.69777e-06
 Reference value :  1.69852e-06
 Reference value :  1.69932e-06
 Reference value :  1.70006e-06
 Reference value :  1.70082e-06
 Reference value :  1.70157e-06
 Reference value :  1.70234e-06
 Reference value :  1.70309e-06
 Reference value :  1.70386e-06
 Reference value :  1.70463e-06
 Reference value :  1.70539e-06
 Reference value :  1.70615e-06
 Reference value :  1.70689e-06
 Reference value :  1.70766e-06
 Reference value :  1.70841e-06
 Reference value :  1.70922e-06
 Reference value :  1.70997e-06
 Reference value :  1.71070e-06
 Reference value :  1.71147e-06
 Reference value :  1.71221e-06
 Reference value :  1.71298e-06
 Reference value :  1.71376e-06
 Reference value :  1.71452e-06
 Reference value :  1.71527e-06
 Reference value :  1.71602e-06
 Reference value :  1.71679e-06
 Reference value :  1.71755e-06
 Reference value :  1.71833e-06
 Reference value :  1.71911e-06
 Reference value :  1.71987e-06
 Reference value :  1.72062e-06
 Reference value :  1.72138e-06
 Reference value :  1.72215e-06
 Reference value :  1.72293e-06
 Reference value :  1.72368e-06
 Reference value :  1.72451e-06
 Reference value :  1.72524e-06
 Reference value :  1.72598e-06
 Reference value :  1.72672e-06
 Reference value :  1.72748e-06
 Reference value :  1.72828e-06
 Reference value :  1.72904e-06
 Reference value :  1.72980e-06
 Reference value :  1.73055e-06
 Reference value :  1.73133e-06
 Reference value :  1.73212e-06
 Reference value :  1.73286e-06
 Reference value :  1.73360e-06
 Reference value :  1.73435e-06
 Reference value :  1.73512e-06
 Reference value :  1.73588e-06
 Reference value :  1.73665e-06
 Reference value :  1.73740e-06
 Reference value :  1.73817e-06
 Reference value :  1.73896e-06
 Reference value :  1.73972e-06
 Reference value :  1.74048e-06
 Reference value :  1.74122e-06
 Reference value :  1.74197e-06
 Reference value :  1.74276e-06
 Reference value :  1.74358e-06
 Reference value :  1.74435e-06
 Reference value :  1.74512e-06
 Reference value :  1.74590e-06
 Reference value :  1.74666e-06
 Reference value :  1.74744e-06
 Reference value :  1.74820e-06
 Reference value :  1.74894e-06
 Reference value :  1.74971e-06
 Reference value :  1.75045e-06
 Reference value :  1.75121e-06
 Reference value :  1.75199e-06
 Reference value :  1.75276e-06
 Reference value :  1.75353e-06
 Reference value :  1.75431e-06
 Reference value :  1.75509e-06
 Reference value :  1.75587e-06
 Reference value :  1.75664e-06
 Reference value :  1.75739e-06
 Reference value :  1.75820e-06
 Reference value :  1.75894e-06
 Reference value :  1.75967e-06
 Reference value :  1.76043e-06
 Reference value :  1.76120e-06
 Reference value :  1.76198e-06
 Reference value :  1.76277e-06
 Reference value :  1.76354e-06
 Reference value :  1.76431e-06
 Reference value :  1.76508e-06
 Reference value :  1.76587e-06
 Reference value :  1.76664e-06
 Reference value :  1.76739e-06
 Reference value :  1.76816e-06
 Reference value :  1.76891e-06
 Reference value :  1.76987e-06
 Reference value :  1.77068e-06
 Reference value :  1.77142e-06
 Reference value :  1.77218e-06
 Reference value :  1.77295e-06
 Reference value :  1.77371e-06
 Reference value :  1.77447e-06
 Reference value :  1.77528e-06
 Reference value :  1.77603e-06
 Reference value :  1.77679e-06
 Reference value :  1.77754e-06
 Reference value :  1.77830e-06
 Reference value :  1.77905e-06
 Reference value :  1.77983e-06
 Reference value :  1.78060e-06
 Reference value :  1.78138e-06
 Reference value :  1.78215e-06
 Reference value :  1.78293e-06
 Reference value :  1.78368e-06
 Reference value :  1.78442e-06
 Reference value :  1.78521e-06
 Reference value :  1.78600e-06
 Reference value :  1.78677e-06
 Reference value :  1.78754e-06
 Reference value :  1.78828e-06
 Reference value :  1.78905e-06
 Reference value :  1.78980e-06
 Reference value :  1.79055e-06
 Reference value :  1.79130e-06
 Reference value :  1.79208e-06
 Reference value :  1.79281e-06
 Reference value :  1.79356e-06
 Reference value :  1.79430e-06
 Reference value :  1.79504e-06
 Reference value :  1.79579e-06
 Reference value :  1.79655e-06
 Reference value :  1.79732e-06
 Reference value :  1.79810e-06
 Reference value :  1.79888e-06
 Reference value :  1.79966e-06
 Reference value :  1.80042e-06
 Reference value :  1.80116e-06
 Reference value :  1.80193e-06
 Reference value :  1.80298e-06
 Reference value :  1.80375e-06
 Reference value :  1.80449e-06
 Reference value :  1.80529e-06
 Reference value :  1.80605e-06
 Reference value :  1.80681e-06
 Reference value :  1.80757e-06
 Reference value :  1.80833e-06
 Reference value :  1.80910e-06
 Reference value :  1.80986e-06
 Reference value :  1.81061e-06
 Reference value :  1.81138e-06
 Reference value :  1.81217e-06
 Reference value :  1.81294e-06
 Reference value :  1.81371e-06
 Reference value :  1.81447e-06
 Reference value :  1.81524e-06
 Reference value :  1.81601e-06
 Reference value :  1.81676e-06
 Reference value :  1.81751e-06
 Reference value :  1.81827e-06
 Reference value :  1.81908e-06
 Reference value :  1.81982e-06
 Reference value :  1.82057e-06
 Reference value :  1.82135e-06
 Reference value :  1.82211e-06
 Reference value :  1.82290e-06
 Reference value :  1.82367e-06
 Reference value :  1.82444e-06
 Reference value :  1.82528e-06
 Reference value :  1.82604e-06
 Reference value :  1.82680e-06
 Reference value :  1.82755e-06
 Reference value :  1.82831e-06
 Reference value :  1.82912e-06
 Reference value :  1.82988e-06
 Reference value :  1.83065e-06
 Reference value :  1.83143e-06
 Reference value :  1.83220e-06
 Reference value :  1.83294e-06
 Reference value :  1.83368e-06
 Reference value :  1.83444e-06
 Reference value :  1.83520e-06
 Reference value :  1.83595e-06
 Reference value :  1.83668e-06
 Reference value :  1.83744e-06
 Reference value :  1.83820e-06
 Reference value :  1.83896e-06
 Reference value :  1.83972e-06
 Reference value :  1.84048e-06
 Reference value :  1.84123e-06
 Reference value :  1.84200e-06
 Reference value :  1.84276e-06
 Reference value :  1.84349e-06
 Reference value :  1.84426e-06
 Reference value :  1.84503e-06
 Reference value :  1.84577e-06
 Reference value :  1.84653e-06
 Reference value :  1.84729e-06
 Reference value :  1.84803e-06
 Reference value :  1.84880e-06
 Reference value :  1.84956e-06
 Reference value :  1.85033e-06
 Reference value :  1.85109e-06
 Reference value :  1.85186e-06
 Reference value :  1.85260e-06
 Reference value :  1.85335e-06
 Reference value :  1.85409e-06
 Reference value :  1.85484e-06
 Reference value :  1.85559e-06
 Reference value :  1.85634e-06
 Reference value :  1.85711e-06
 Reference value :  1.85786e-06
 Reference value :  1.85863e-06
 Reference value :  1.85936e-06
 Reference value :  1.86011e-06
 Reference value :  1.86089e-06
 Reference value :  1.86168e-06
 Reference value :  1.86245e-06
 Reference value :  1.86321e-06
 Reference value :  1.86394e-06
 Reference value :  1.86473e-06
 Reference value :  1.86552e-06
 Reference value :  1.86625e-06
 Reference value :  1.86704e-06
 Reference value :  1.86777e-06
 Reference value :  1.86853e-06
 Reference value :  1.86926e-06
 Reference value :  1.87003e-06
 Reference value :  1.87076e-06
 Reference value :  1.87152e-06
 Reference value :  1.87230e-06
 Reference value :  1.87306e-06
 Reference value :  1.87380e-06
 Reference value :  1.87456e-06
 Reference value :  1.87530e-06
 Reference value :  1.87605e-06
 Reference value :  1.87683e-06
 Reference value :  1.87757e-06
 Reference value :  1.87835e-06
 Reference value :  1.87915e-06
 Reference value :  1.87994e-06
 Reference value :  1.88070e-06
 Reference value :  1.88149e-06
 Reference value :  1.88226e-06
 Reference value :  1.88301e-06
 Reference value :  1.88378e-06
 Reference value :  1.88454e-06
 Reference value :  1.88533e-06
 Reference value :  1.88609e-06
 Reference value :  1.88688e-06
 Reference value :  1.88767e-06
 Reference value :  1.88843e-06
 Reference value :  1.88921e-06
 Reference value :  1.88996e-06
 Reference value :  1.89074e-06
 Reference value :  1.89150e-06
 Reference value :  1.89226e-06
 Reference value :  1.89302e-06
 Reference value :  1.89378e-06
 Reference value :  1.89454e-06
 Reference value :  1.89531e-06
 Reference value :  1.89607e-06
 Reference value :  1.89685e-06
 Reference value :  1.89768e-06
 Reference value :  1.89847e-06
 Reference value :  1.89948e-06
 Reference value :  1.90024e-06
 Reference value :  1.90099e-06
 Reference value :  1.90174e-06
 Reference value :  1.90250e-06
 Reference value :  1.90326e-06
 Reference value :  1.90437e-06
 Reference value :  1.90516e-06
 Reference value :  1.90590e-06
 Reference value :  1.90667e-06
 Reference value :  1.90742e-06
 Reference value :  1.90818e-06
 Reference value :  1.90894e-06
 Reference value :  1.90970e-06
 Reference value :  1.91045e-06
 Reference value :  1.91125e-06
 Reference value :  1.91202e-06
 Reference value :  1.91277e-06
 Reference value :  1.91355e-06
 Reference value :  1.91431e-06
 Reference value :  1.91510e-06
 Reference value :  1.91585e-06
 Reference value :  1.91660e-06
 Reference value :  1.91736e-06
 Reference value :  1.91811e-06
 Reference value :  1.91886e-06
 Reference value :  1.91962e-06
 Reference value :  1.92037e-06
 Reference value :  1.92117e-06
 Reference value :  1.92196e-06
 Reference value :  1.92272e-06
 Reference value :  1.92349e-06
 Reference value :  1.92425e-06
 Reference value :  1.92500e-06
 Reference value :  1.92576e-06
 Reference value :  1.92650e-06
 Reference value :  1.92724e-06
 Reference value :  1.92801e-06
 Reference value :  1.92875e-06
 Reference value :  1.92951e-06
 Reference value :  1.93027e-06
 Reference value :  1.93106e-06
 Reference value :  1.93181e-06
 Reference value :  1.93258e-06
 Reference value :  1.93336e-06
 Reference value :  1.93412e-06
 Reference value :  1.93487e-06
 Reference value :  1.93560e-06
 Reference value :  1.93638e-06
 Reference value :  1.93715e-06
 Reference value :  1.93793e-06
 Reference value :  1.93870e-06
 Reference value :  1.93947e-06
 Reference value :  1.94027e-06
 Reference value :  1.94104e-06
 Reference value :  1.94178e-06
 Reference value :  1.94257e-06
 Reference value :  1.94334e-06
 Reference value :  1.94411e-06
 Reference value :  1.94488e-06
 Reference value :  1.94561e-06
 Reference value :  1.94637e-06
 Reference value :  1.94711e-06
 Reference value :  1.94793e-06
 Reference value :  1.94870e-06
 Reference value :  1.94948e-06
 Reference value :  1.95026e-06
 Reference value :  1.95102e-06
 Reference value :  1.95178e-06
 Reference value :  1.95256e-06
 Reference value :  1.95332e-06
 Reference value :  1.95406e-06
 Reference value :  1.95484e-06
 Reference value :  1.95562e-06
 Reference value :  1.95639e-06
 Reference value :  1.95714e-06
 Reference value :  1.95791e-06
 Reference value :  1.95868e-06
 Reference value :  1.95944e-06
 Reference value :  1.96024e-06
 Reference value :  1.96100e-06
 Reference value :  1.96174e-06
 Reference value :  1.96252e-06
 Reference value :  1.96328e-06
 Reference value :  1.96405e-06
 Reference value :  1.96483e-06
 Reference value :  1.96558e-06
 Reference value :  1.96635e-06
 Reference value :  1.96712e-06
 Reference value :  1.96789e-06
 Reference value :  1.96864e-06
 Reference value :  1.96943e-06
 Reference value :  1.97021e-06
 Reference value :  1.97097e-06
 Reference value :  1.97172e-06
 Reference value :  1.97248e-06
 Reference value :  1.97323e-06
 Reference value :  1.97401e-06
 Reference value :  1.97479e-06
 Reference value :  1.97553e-06
 Reference value :  1.97628e-06
 Reference value :  1.97703e-06
 Reference value :  1.97778e-06
 Reference value :  1.97854e-06
 Reference value :  1.97928e-06
 Reference value :  1.98006e-06
 Reference value :  1.98081e-06
 Reference value :  1.98157e-06
 Reference value :  1.98234e-06
 Reference value :  1.98310e-06
 Reference value :  1.98384e-06
 Reference value :  1.98460e-06
 Reference value :  1.98537e-06
 Reference value :  1.98611e-06
 Reference value :  1.98709e-06
 Reference value :  1.98795e-06
 Reference value :  1.98870e-06
 Reference value :  1.98943e-06
 Reference value :  1.99023e-06
 Reference value :  1.99103e-06
 Reference value :  1.99177e-06
 Reference value :  1.99255e-06
 Reference value :  1.99332e-06
 Reference value :  1.99404e-06
 Reference value :  1.99481e-06
 Reference value :  1.99558e-06
 Reference value :  1.99638e-06
 Reference value :  1.99713e-06
 Reference value :  1.99789e-06
 Reference value :  1.99867e-06
 Reference value :  1.99943e-06
 Reference value :  2.00021e-06
 Reference value :  2.00099e-06
 Reference value :  2.00177e-06
 Reference value :  2.00253e-06
 Reference value :  2.00326e-06
 Reference value :  2.00404e-06
 Reference value :  2.00479e-06
 Reference value :  2.00554e-06
 Reference value :  2.00628e-06
 Reference value :  2.00706e-06
 Reference value :  2.00781e-06
 Reference value :  2.00863e-06
 Reference value :  2.00938e-06
 Reference value :  2.01014e-06
 Reference value :  2.01093e-06
 Reference value :  2.01168e-06
 Reference value :  2.01242e-06
 Reference value :  2.01321e-06
 Reference value :  2.01396e-06
 Reference value :  2.01473e-06
 Reference value :  2.01552e-06
 Reference value :  2.01632e-06
 Reference value :  2.01710e-06
 Reference value :  2.01784e-06
 Reference value :  2.01862e-06
 Reference value :  2.01938e-06
 Reference value :  2.02014e-06
 Reference value :  2.02090e-06
 Reference value :  2.02163e-06
 Reference value :  2.02239e-06
 Reference value :  2.02316e-06
 Reference value :  2.02397e-06
 Reference value :  2.02473e-06
 Reference value :  2.02558e-06
 Reference value :  2.02635e-06
 Reference value :  2.02711e-06
 Reference value :  2.02787e-06
 Reference value :  2.02863e-06
 Reference value :  2.02940e-06
 Reference value :  2.03017e-06
 Reference value :  2.03093e-06
 Reference value :  2.03172e-06
 Reference value :  2.03245e-06
 Reference value :  2.03321e-06
 Reference value :  2.03397e-06
 Reference value :  2.03471e-06
 Reference value :  2.03546e-06
 Reference value :  2.03620e-06
 Reference value :  2.03696e-06
 Reference value :  2.03778e-06
 Reference value :  2.03855e-06
 Reference value :  2.03931e-06
 Reference value :  2.04008e-06
 Reference value :  2.04089e-06
 Reference value :  2.04163e-06
 Reference value :  2.04238e-06
 Reference value :  2.04313e-06
 Reference value :  2.04387e-06
 Reference value :  2.04462e-06
 Reference value :  2.04536e-06
 Reference value :  2.04612e-06
 Reference value :  2.04689e-06
 Reference value :  2.04764e-06
 Reference value :  2.04842e-06
 Reference value :  2.04920e-06
 Reference value :  2.04994e-06
 Reference value :  2.05072e-06
 Reference value :  2.05146e-06
 Reference value :  2.05224e-06
 Reference value :  2.05303e-06
 Reference value :  2.05380e-06
 Reference value :  2.05457e-06
 Reference value :  2.05537e-06
 Reference value :  2.05613e-06
 Reference value :  2.05690e-06
 Reference value :  2.05765e-06
 Reference value :  2.05842e-06
 Reference value :  2.05923e-06
 Reference value :  2.06011e-06
 Reference value :  2.06112e-06
 Reference value :  2.06189e-06
 Reference value :  2.06277e-06
 Reference value :  2.06356e-06
 Reference value :  2.06433e-06
 Reference value :  2.06507e-06
 Reference value :  2.06582e-06
 Reference value :  2.06659e-06
 Reference value :  2.06736e-06
 Reference value :  2.06813e-06
 Reference value :  2.06887e-06
 Reference value :  2.06962e-06
 Reference value :  2.07039e-06
 Reference value :  2.07116e-06
 Reference value :  2.07189e-06
 Reference value :  2.07266e-06
 Reference value :  2.07342e-06
 Reference value :  2.07420e-06
 Reference value :  2.07496e-06
 Reference value :  2.07572e-06
 Reference value :  2.07646e-06
 Reference value :  2.07726e-06
 Reference value :  2.07801e-06
 Reference value :  2.07875e-06
 Reference value :  2.07950e-06
 Reference value :  2.08025e-06
 Reference value :  2.08099e-06
 Reference value :  2.08175e-06
 Reference value :  2.08249e-06
 Reference value :  2.08323e-06
 Reference value :  2.08399e-06
 Reference value :  2.08475e-06
 Reference value :  2.08549e-06
 Reference value :  2.08627e-06
 Reference value :  2.08703e-06
 Reference value :  2.08794e-06
 Reference value :  2.08883e-06
 Reference value :  2.08960e-06
 Reference value :  2.09039e-06
 Reference value :  2.09116e-06
 Reference value :  2.09194e-06
 Reference value :  2.09268e-06
 Reference value :  2.09344e-06
 Reference value :  2.09421e-06
 Reference value :  2.09497e-06
 Reference value :  2.09574e-06
 Reference value :  2.09653e-06
 Reference value :  2.09728e-06
 Reference value :  2.09803e-06
 Reference value :  2.09884e-06
 Reference value :  2.09960e-06
 Reference value :  2.10036e-06
 Reference value :  2.10112e-06
 Reference value :  2.10189e-06
 Reference value :  2.10266e-06
 Reference value :  2.10345e-06
 Reference value :  2.10421e-06
 Reference value :  2.10496e-06
 Reference value :  2.10572e-06
 Reference value :  2.10647e-06
 Reference value :  2.10724e-06
 Reference value :  2.10799e-06
 Reference value :  2.10878e-06
 Reference value :  2.10957e-06
 Reference value :  2.11033e-06
 Reference value :  2.11109e-06
 Reference value :  2.11184e-06
 Reference value :  2.11267e-06
 Reference value :  2.11343e-06
 Reference value :  2.11419e-06
 Reference value :  2.11495e-06
 Reference value :  2.11569e-06
 Reference value :  2.11645e-06
 Reference value :  2.11721e-06
 Reference value :  2.11798e-06
 Reference value :  2.11873e-06
 Reference value :  2.11949e-06
 Reference value :  2.12025e-06
 Reference value :  2.12100e-06
 Reference value :  2.12176e-06
 Reference value :  2.12251e-06
 Reference value :  2.12328e-06
 Reference value :  2.12404e-06
 Reference value :  2.12478e-06
 Reference value :  2.12554e-06
 Reference value :  2.12631e-06
 Reference value :  2.12707e-06
 Reference value :  2.12782e-06
 Reference value :  2.12857e-06
 Reference value :  2.12932e-06
 Reference value :  2.13016e-06
 Reference value :  2.13092e-06
 Reference value :  2.13167e-06
 Reference value :  2.13248e-06
 Reference value :  2.13334e-06
 Reference value :  2.13415e-06
 Reference value :  2.13504e-06
 Reference value :  2.13593e-06
 Reference value :  2.13706e-06
 Reference value :  2.13801e-06
 Reference value :  2.13883e-06
 Reference value :  2.13958e-06
 Reference value :  2.14033e-06
 Reference value :  2.14109e-06
 Reference value :  2.14184e-06
 Reference value :  2.14262e-06
 Reference value :  2.14340e-06
 Reference value :  2.14413e-06
 Reference value :  2.14493e-06
 Reference value :  2.14570e-06
 Reference value :  2.14645e-06
 Reference value :  2.14721e-06
 Reference value :  2.14798e-06
 Reference value :  2.14873e-06
 Reference value :  2.14953e-06
 Reference value :  2.15030e-06
 Reference value :  2.15105e-06
 Reference value :  2.15184e-06
 Reference value :  2.15261e-06
 Reference value :  2.15338e-06
 Reference value :  2.15414e-06
 Reference value :  2.15490e-06
 Reference value :  2.15569e-06
 Reference value :  2.15645e-06
 Reference value :  2.15720e-06
 Reference value :  2.15795e-06
 Reference value :  2.15870e-06
 Reference value :  2.15946e-06
 Reference value :  2.16020e-06
 Reference value :  2.16092e-06
 Reference value :  2.16167e-06
 Reference value :  2.16244e-06
 Reference value :  2.16321e-06
 Reference value :  2.16396e-06
 Reference value :  2.16472e-06
 Reference value :  2.16547e-06
 Reference value :  2.16626e-06
 Reference value :  2.16701e-06
 Reference value :  2.16777e-06
 Reference value :  2.16855e-06
 Reference value :  2.16931e-06
 Reference value :  2.17009e-06
 Reference value :  2.17085e-06
 Reference value :  2.17158e-06
 Reference value :  2.17235e-06
 Reference value :  2.17310e-06
 Reference value :  2.17388e-06
 Reference value :  2.17464e-06
 Reference value :  2.17543e-06
 Reference value :  2.17622e-06
 Reference value :  2.17698e-06
 Reference value :  2.17774e-06
 Reference value :  2.17853e-06
 Reference value :  2.17929e-06
 Reference value :  2.18005e-06
 Reference value :  2.18086e-06
 Reference value :  2.18161e-06
 Reference value :  2.18238e-06
 Reference value :  2.18317e-06
 Reference value :  2.18393e-06
 Reference value :  2.18467e-06
 Reference value :  2.18546e-06
 Reference value :  2.18623e-06
 Reference value :  2.18701e-06
 Reference value :  2.18777e-06
 Reference value :  2.18856e-06
 Reference value :  2.18931e-06
 Reference value :  2.19010e-06
 Reference value :  2.19087e-06
 Reference value :  2.19165e-06
 Reference value :  2.19246e-06
 Reference value :  2.19327e-06
 Reference value :  2.19405e-06
 Reference value :  2.19482e-06
 Reference value :  2.19558e-06
 Reference value :  2.19633e-06
 Reference value :  2.19715e-06
 Reference value :  2.19794e-06
 Reference value :  2.19871e-06
 Reference value :  2.19948e-06
 Reference value :  2.20025e-06
 Reference value :  2.20101e-06
 Reference value :  2.20176e-06
 Reference value :  2.20250e-06
 Reference value :  2.20326e-06
 Reference value :  2.20439e-06
 Reference value :  2.20522e-06
 Reference value :  2.20603e-06
 Reference value :  2.20680e-06
 Reference value :  2.20755e-06
 Reference value :  2.20829e-06
 Reference value :  2.20906e-06
 Reference value :  2.20983e-06
 Reference value :  2.21061e-06
 Reference value :  2.21138e-06
 Reference value :  2.21214e-06
 Reference value :  2.21300e-06
 Reference value :  2.21375e-06
 Reference value :  2.21452e-06
 Reference value :  2.21529e-06
 Reference value :  2.21606e-06
 Reference value :  2.21682e-06
 Reference value :  2.21757e-06
 Reference value :  2.21832e-06
 Reference value :  2.21908e-06
 Reference value :  2.21987e-06
 Reference value :  2.22064e-06
 Reference value :  2.22141e-06
 Reference value :  2.22218e-06
 Reference value :  2.22296e-06
 Reference value :  2.22376e-06
 Reference value :  2.22450e-06
 Reference value :  2.22528e-06
 Reference value :  2.22606e-06
 Reference value :  2.22682e-06
 Reference value :  2.22759e-06
 Reference value :  2.22833e-06
 Reference value :  2.22908e-06
 Reference value :  2.22992e-06
 Reference value :  2.23068e-06
 Reference value :  2.23144e-06
 Reference value :  2.23220e-06
 Reference value :  2.23295e-06
 Reference value :  2.23369e-06
 Reference value :  2.23449e-06
 Reference value :  2.23526e-06
 Reference value :  2.23603e-06
 Reference value :  2.23678e-06
 Reference value :  2.23752e-06
 Reference value :  2.23830e-06
 Reference value :  2.23906e-06
 Reference value :  2.23988e-06
 Reference value :  2.24065e-06
 Reference value :  2.24139e-06
 Reference value :  2.24217e-06
 Reference value :  2.24291e-06
 Reference value :  2.24365e-06
 Reference value :  2.24441e-06
 Reference value :  2.24520e-06
 Reference value :  2.24597e-06
 Reference value :  2.24674e-06
 Reference value :  2.24750e-06
 Reference value :  2.24830e-06
 Reference value :  2.24912e-06
 Reference value :  2.24989e-06
 Reference value :  2.25067e-06
 Reference value :  2.25147e-06
 Reference value :  2.25223e-06
 Reference value :  2.25298e-06
 Reference value :  2.25377e-06
 Reference value :  2.25459e-06
 Reference value :  2.25536e-06
 Reference value :  2.25616e-06
 Reference value :  2.25698e-06
 Reference value :  2.25780e-06
 Reference value :  2.25858e-06
 Reference value :  2.25937e-06
 Reference value :  2.26014e-06
 Reference value :  2.26090e-06
 Reference value :  2.26168e-06
 Reference value :  2.26244e-06
 Reference value :  2.26321e-06
 Reference value :  2.26400e-06
 Reference value :  2.26475e-06
 Reference value :  2.26554e-06
 Reference value :  2.26634e-06
 Reference value :  2.26709e-06
 Reference value :  2.26784e-06
 Reference value :  2.26862e-06
 Reference value :  2.26940e-06
 Reference value :  2.27016e-06
 Reference value :  2.27091e-06
 Reference value :  2.27167e-06
 Reference value :  2.27241e-06
 Reference value :  2.27316e-06
 Reference value :  2.27393e-06
 Reference value :  2.27470e-06
 Reference value :  2.27545e-06
 Reference value :  2.27620e-06
 Reference value :  2.27700e-06
 Reference value :  2.27776e-06
 Reference value :  2.27852e-06
 Reference value :  2.27933e-06
 Reference value :  2.28007e-06
 Reference value :  2.28080e-06
 Reference value :  2.28158e-06
 Reference value :  2.28238e-06
 Reference value :  2.28314e-06
 Reference value :  2.28390e-06
 Reference value :  2.28465e-06
 Reference value :  2.28541e-06
 Reference value :  2.28617e-06
 Reference value :  2.28693e-06
 Reference value :  2.28800e-06
 Reference value :  2.28878e-06
 Reference value :  2.28955e-06
 Reference value :  2.29032e-06
 Reference value :  2.29110e-06
 Reference value :  2.29187e-06
 Reference value :  2.29265e-06
 Reference value :  2.29344e-06
 Reference value :  2.29421e-06
 Reference value :  2.29500e-06
 Reference value :  2.29578e-06
 Reference value :  2.29656e-06
 Reference value :  2.29733e-06
 Reference value :  2.29808e-06
 Reference value :  2.29884e-06
 Reference value :  2.29960e-06
 Reference value :  2.30036e-06
 Reference value :  2.30109e-06
 Reference value :  2.30184e-06
 Reference value :  2.30260e-06
 Reference value :  2.30335e-06
 Reference value :  2.30411e-06
 Reference value :  2.30488e-06
 Reference value :  2.30563e-06
 Reference value :  2.30638e-06
 Reference value :  2.30713e-06
 Reference value :  2.30793e-06
 Reference value :  2.30868e-06
 Reference value :  2.30945e-06
 Reference value :  2.31022e-06
 Reference value :  2.31097e-06
 Reference value :  2.31174e-06
 Reference value :  2.31252e-06
 Reference value :  2.31328e-06
 Reference value :  2.31406e-06
 Reference value :  2.31482e-06
 Reference value :  2.31561e-06
 Reference value :  2.31638e-06
 Reference value :  2.31713e-06
 Reference value :  2.31790e-06
 Reference value :  2.31864e-06
 Reference value :  2.31938e-06
 Reference value :  2.32015e-06
 Reference value :  2.32089e-06
 Reference value :  2.32165e-06
 Reference value :  2.32241e-06
 Reference value :  2.32318e-06
 Reference value :  2.32394e-06
 Reference value :  2.32469e-06
 Reference value :  2.32544e-06
 Reference value :  2.32619e-06
 Reference value :  2.32699e-06
 Reference value :  2.32776e-06
 Reference value :  2.32855e-06
 Reference value :  2.32937e-06
 Reference value :  2.33012e-06
 Reference value :  2.33090e-06
 Reference value :  2.33168e-06
 Reference value :  2.33249e-06
 Reference value :  2.33327e-06
 Reference value :  2.33403e-06
 Reference value :  2.33476e-06
 Reference value :  2.33553e-06
 Reference value :  2.33630e-06
 Reference value :  2.33706e-06
 Reference value :  2.33785e-06
 Reference value :  2.33869e-06
 Reference value :  2.33945e-06
 Reference value :  2.34020e-06
 Reference value :  2.34098e-06
 Reference value :  2.34175e-06
 Reference value :  2.34250e-06
 Reference value :  2.34325e-06
 Reference value :  2.34402e-06
 Reference value :  2.34480e-06
 Reference value :  2.34556e-06
 Reference value :  2.34633e-06
 Reference value :  2.34712e-06
 Reference value :  2.34789e-06
 Reference value :  2.34867e-06
 Reference value :  2.34943e-06
 Reference value :  2.35020e-06
 Reference value :  2.35096e-06
 Reference value :  2.35172e-06
 Reference value :  2.35248e-06
 Reference value :  2.35326e-06
 Reference value :  2.35404e-06
 Reference value :  2.35483e-06
 Reference value :  2.35566e-06
 Reference value :  2.35643e-06
 Reference value :  2.35720e-06
 Reference value :  2.35800e-06
 Reference value :  2.35881e-06
 Reference value :  2.35961e-06
 Reference value :  2.36038e-06
 Reference value :  2.36113e-06
 Reference value :  2.36196e-06
 Reference value :  2.36272e-06
 Reference value :  2.36348e-06
 Reference value :  2.36425e-06
 Reference value :  2.36505e-06
 Reference value :  2.36585e-06
 Reference value :  2.36660e-06
 Reference value :  2.36737e-06
 Reference value :  2.36811e-06
 Reference value :  2.36889e-06
 Reference value :  2.36967e-06
 Reference value :  2.37046e-06
 Reference value :  2.37124e-06
 Reference value :  2.37201e-06
 Reference value :  2.37277e-06
 Reference value :  2.37352e-06
 Reference value :  2.37433e-06
 Reference value :  2.37551e-06
 Reference value :  2.37627e-06
 Reference value :  2.37706e-06
 Reference value :  2.37781e-06
 Reference value :  2.37858e-06
 Reference value :  2.37938e-06
 Reference value :  2.38015e-06
 Reference value :  2.38094e-06
 Reference value :  2.38168e-06
 Reference value :  2.38246e-06
 Reference value :  2.38324e-06
 Reference value :  2.38401e-06
 Reference value :  2.38479e-06
 Reference value :  2.38556e-06
 Reference value :  2.38633e-06
 Reference value :  2.38711e-06
 Reference value :  2.38787e-06
 Reference value :  2.38863e-06
 Reference value :  2.38939e-06
 Reference value :  2.39018e-06
 Reference value :  2.39096e-06
 Reference value :  2.39171e-06
 Reference value :  2.39246e-06
 Reference value :  2.39324e-06
 Reference value :  2.39402e-06
 Reference value :  2.39477e-06
 Reference value :  2.39554e-06
 Reference value :  2.39630e-06
 Reference value :  2.39709e-06
 Reference value :  2.39784e-06
 Reference value :  2.39859e-06
 Reference value :  2.39935e-06
 Reference value :  2.40014e-06
 Reference value :  2.40093e-06
 Reference value :  2.40170e-06
 Reference value :  2.40248e-06
 Reference value :  2.40324e-06
 Reference value :  2.40402e-06
 Reference value :  2.40481e-06
 Reference value :  2.40560e-06
 Reference value :  2.40639e-06
 Reference value :  2.40718e-06
 Reference value :  2.40798e-06
 Reference value :  2.40876e-06
 Reference value :  2.40955e-06
 Reference value :  2.41030e-06
 Reference value :  2.41108e-06
 Reference value :  2.41185e-06
 Reference value :  2.41261e-06
 Reference value :  2.41336e-06
 Reference value :  2.41413e-06
 Reference value :  2.41489e-06
 Reference value :  2.41567e-06
 Reference value :  2.41644e-06
 Reference value :  2.41726e-06
 Reference value :  2.41806e-06
 Reference value :  2.41881e-06
 Reference value :  2.41958e-06
 Reference value :  2.42039e-06
 Reference value :  2.42114e-06
 Reference value :  2.42193e-06
 Reference value :  2.42272e-06
 Reference value :  2.42349e-06
 Reference value :  2.42428e-06
 Reference value :  2.42504e-06
 Reference value :  2.42580e-06
 Reference value :  2.42657e-06
 Reference value :  2.42738e-06
 Reference value :  2.42813e-06
 Reference value :  2.42890e-06
 Reference value :  2.42969e-06
 Reference value :  2.43049e-06
 Reference value :  2.43129e-06
 Reference value :  2.43204e-06
 Reference value :  2.43286e-06
 Reference value :  2.43362e-06
 Reference value :  2.43440e-06
 Reference value :  2.43517e-06
 Reference value :  2.43592e-06
 Reference value :  2.43671e-06
 Reference value :  2.43749e-06
 Reference value :  2.43823e-06
 Reference value :  2.43901e-06
 Reference value :  2.43975e-06
 Reference value :  2.44054e-06
 Reference value :  2.44132e-06
 Reference value :  2.44212e-06
 Reference value :  2.44288e-06
 Reference value :  2.44365e-06
 Reference value :  2.44444e-06
 Reference value :  2.44522e-06
 Reference value :  2.44599e-06
 Reference value :  2.44680e-06
 Reference value :  2.44760e-06
 Reference value :  2.44836e-06
 Reference value :  2.44913e-06
 Reference value :  2.44990e-06
 Reference value :  2.45071e-06
 Reference value :  2.45149e-06
 Reference value :  2.45228e-06
 Reference value :  2.45307e-06
 Reference value :  2.45386e-06
 Reference value :  2.45464e-06
 Reference value :  2.45541e-06
 Reference value :  2.45618e-06
 Reference value :  2.45695e-06
 Reference value :  2.45773e-06
 Reference value :  2.45854e-06
 Reference value :  2.45932e-06
 Reference value :  2.46011e-06
 Reference value :  2.46089e-06
 Reference value :  2.46169e-06
 Reference value :  2.46248e-06
 Reference value :  2.46324e-06
 Reference value :  2.46401e-06
 Reference value :  2.46480e-06
 Reference value :  2.46558e-06
 Reference value :  2.46634e-06
 Reference value :  2.46712e-06
 Reference value :  2.46792e-06
 Reference value :  2.46870e-06
 Reference value :  2.46948e-06
 Reference value :  2.47027e-06
 Reference value :  2.47107e-06
 Reference value :  2.47185e-06
 Reference value :  2.47264e-06
 Reference value :  2.47361e-06
 Reference value :  2.47481e-06
 Reference value :  2.47561e-06
 Reference value :  2.47637e-06
 Reference value :  2.47745e-06
 Reference value :  2.47823e-06
 Reference value :  2.47900e-06
 Reference value :  2.47978e-06
 Reference value :  2.48057e-06
 Reference value :  2.48136e-06
 Reference value :  2.48213e-06
 Reference value :  2.48292e-06
 Reference value :  2.48371e-06
 Reference value :  2.48451e-06
 Reference value :  2.48530e-06
 Reference value :  2.48609e-06
 Reference value :  2.48685e-06
 Reference value :  2.48767e-06
 Reference value :  2.48846e-06
 Reference value :  2.48924e-06
 Reference value :  2.49002e-06
 Reference value :  2.49079e-06
 Reference value :  2.49156e-06
 Reference value :  2.49237e-06
 Reference value :  2.49313e-06
 Reference value :  2.49393e-06
 Reference value :  2.49470e-06
 Reference value :  2.49547e-06
 Reference value :  2.49624e-06
 Reference value :  2.49702e-06
 Reference value :  2.49779e-06
 Reference value :  2.49859e-06
 Reference value :  2.49935e-06
 Reference value :  2.50013e-06
 Reference value :  2.50092e-06
 Reference value :  2.50171e-06
 Reference value :  2.50249e-06
 Reference value :  2.50330e-06
 Reference value :  2.50410e-06
 Reference value :  2.50487e-06
 Reference value :  2.50567e-06
 Reference value :  2.50644e-06
 Reference value :  2.50723e-06
 Reference value :  2.50799e-06
 Reference value :  2.50880e-06
 Reference value :  2.50958e-06
 Reference value :  2.51037e-06
 Reference value :  2.51113e-06
 Reference value :  2.51191e-06
 Reference value :  2.51273e-06
 Reference value :  2.51352e-06
 Reference value :  2.51430e-06
 Reference value :  2.51509e-06
 Reference value :  2.51585e-06
 Reference value :  2.51662e-06
 Reference value :  2.51741e-06
 Reference value :  2.51819e-06
 Reference value :  2.51898e-06
 Reference value :  2.51977e-06
 Reference value :  2.52055e-06
 Reference value :  2.52131e-06
 Reference value :  2.52212e-06
 Reference value :  2.52292e-06
 Reference value :  2.52369e-06
 Reference value :  2.52458e-06
 Reference value :  2.52544e-06
 Reference value :  2.52633e-06
 Reference value :  2.52717e-06
 Reference value :  2.52798e-06
 Reference value :  2.52874e-06
 Reference value :  2.52952e-06
 Reference value :  2.53034e-06
 Reference value :  2.53112e-06
 Reference value :  2.53192e-06
 Reference value :  2.53270e-06
 Reference value :  2.53350e-06
 Reference value :  2.53430e-06
 Reference value :  2.53515e-06
 Reference value :  2.53600e-06
 Reference value :  2.53684e-06
 Reference value :  2.53765e-06
 Reference value :  2.53850e-06
 Reference value :  2.53929e-06
 Reference value :  2.54011e-06
 Reference value :  2.54088e-06
 Reference value :  2.54168e-06
 Reference value :  2.54247e-06
 Reference value :  2.54327e-06
 Reference value :  2.54404e-06
 Reference value :  2.54481e-06
 Reference value :  2.54560e-06
 Reference value :  2.54635e-06
 Reference value :  2.54712e-06
 Reference value :  2.54788e-06
 Reference value :  2.54865e-06
 Reference value :  2.54942e-06
 Reference value :  2.55020e-06
 Reference value :  2.55100e-06
 Reference value :  2.55178e-06
 Reference value :  2.55256e-06
 Reference value :  2.55333e-06
 Reference value :  2.55410e-06
 Reference value :  2.55487e-06
 Reference value :  2.55579e-06
 Reference value :  2.55674e-06
 Reference value :  2.55752e-06
 Reference value :  2.55833e-06
 Reference value :  2.55912e-06
 Reference value :  2.55990e-06
 Reference value :  2.56070e-06
 Reference value :  2.56150e-06
 Reference value :  2.56228e-06
 Reference value :  2.56304e-06
 Reference value :  2.56382e-06
 Reference value :  2.56458e-06
 Reference value :  2.56535e-06
 Reference value :  2.56618e-06
 Reference value :  2.56698e-06
 Reference value :  2.56777e-06
 Reference value :  2.56854e-06
 Reference value :  2.56931e-06
 Reference value :  2.57009e-06
 Reference value :  2.57089e-06
 Reference value :  2.57164e-06
 Reference value :  2.57241e-06
 Reference value :  2.57320e-06
 Reference value :  2.57401e-06
 Reference value :  2.57479e-06
 Reference value :  2.57557e-06
 Reference value :  2.57638e-06
 Reference value :  2.57714e-06
 Reference value :  2.57791e-06
 Reference value :  2.57870e-06
 Reference value :  2.57950e-06
 Reference value :  2.58028e-06
 Reference value :  2.58108e-06
 Reference value :  2.58186e-06
 Reference value :  2.58265e-06
 Reference value :  2.58343e-06
 Reference value :  2.58426e-06
 Reference value :  2.58504e-06
 Reference value :  2.58582e-06
 Reference value :  2.58660e-06
 Reference value :  2.58737e-06
 Reference value :  2.58815e-06
 Reference value :  2.58894e-06
 Reference value :  2.58971e-06
 Reference value :  2.59052e-06
 Reference value :  2.59132e-06
 Reference value :  2.59212e-06
 Reference value :  2.59293e-06
 Reference value :  2.59370e-06
 Reference value :  2.59448e-06
 Reference value :  2.59526e-06
 Reference value :  2.59604e-06
 Reference value :  2.59684e-06
 Reference value :  2.59766e-06
 Reference value :  2.59846e-06
 Reference value :  2.59922e-06
 Reference value :  2.60004e-06
 Reference value :  2.60084e-06
 Reference value :  2.60160e-06
 Reference value :  2.60240e-06
 Reference value :  2.60319e-06
 Reference value :  2.60397e-06
 Reference value :  2.60476e-06
 Reference value :  2.60555e-06
 Reference value :  2.60634e-06
 Reference value :  2.60714e-06
 Reference value :  2.60792e-06
 Reference value :  2.60869e-06
 Reference value :  2.60950e-06
 Reference value :  2.61028e-06
 Reference value :  2.61103e-06
 Reference value :  2.61179e-06
 Reference value :  2.61257e-06
 Reference value :  2.61335e-06
 Reference value :  2.61411e-06
 Reference value :  2.61487e-06
 Reference value :  2.61565e-06
 Reference value :  2.61641e-06
 Reference value :  2.61721e-06
 Reference value :  2.61797e-06
 Reference value :  2.61874e-06
 Reference value :  2.61950e-06
 Reference value :  2.62025e-06
 Reference value :  2.62101e-06
 Reference value :  2.62179e-06
 Reference value :  2.62258e-06
 Reference value :  2.62340e-06
 Reference value :  2.62416e-06
 Reference value :  2.62494e-06
 Reference value :  2.62574e-06
 Reference value :  2.62651e-06
 Reference value :  2.62730e-06
 Reference value :  2.62805e-06
 Reference value :  2.62880e-06
 Reference value :  2.62958e-06
 Reference value :  2.63035e-06
 Reference value :  2.63112e-06
 Reference value :  2.63189e-06
 Reference value :  2.63266e-06
 Reference value :  2.63341e-06
 Reference value :  2.63416e-06
 Reference value :  2.63491e-06
 Reference value :  2.63565e-06
 Reference value :  2.63642e-06
 Reference value :  2.63719e-06
 Reference value :  2.63793e-06
 Reference value :  2.63869e-06
 Reference value :  2.63947e-06
 Reference value :  2.64023e-06
 Reference value :  2.64098e-06
 Reference value :  2.64174e-06
 Reference value :  2.64252e-06
 Reference value :  2.64331e-06
 Reference value :  2.64409e-06
 Reference value :  2.64487e-06
 Reference value :  2.64563e-06
 Reference value :  2.64640e-06
 Reference value :  2.64723e-06
 Reference value :  2.64818e-06
 Reference value :  2.64912e-06
 Reference value :  2.65008e-06
 Reference value :  2.65102e-06
 Reference value :  2.65192e-06
 Reference value :  2.65278e-06
 Reference value :  2.65364e-06
 Reference value :  2.65445e-06
 Reference value :  2.65533e-06
 Reference value :  2.65623e-06
 Reference value :  2.65712e-06
 Reference value :  2.65799e-06
 Reference value :  2.65884e-06
 Reference value :  2.65974e-06
 Reference value :  2.66062e-06
 Reference value :  2.66160e-06
 Reference value :  2.66258e-06
 Reference value :  2.66361e-06
 Reference value :  2.66449e-06
 Reference value :  2.66549e-06
 Reference value :  2.66651e-06
 Reference value :  2.66748e-06
 Reference value :  2.66843e-06
 Reference value :  2.66933e-06
 Reference value :  2.67025e-06
 Reference value :  2.67112e-06
 Reference value :  2.67200e-06
 Reference value :  2.67287e-06
 Reference value :  2.67377e-06
 Reference value :  2.67463e-06
 Reference value :  2.67549e-06
 Reference value :  2.67640e-06
 Reference value :  2.67728e-06
 Reference value :  2.67817e-06
 Reference value :  2.67913e-06
 Reference value :  2.68010e-06
 Reference value :  2.68101e-06
 Reference value :  2.68193e-06
 Reference value :  2.68289e-06
 Reference value :  2.68379e-06
 Reference value :  2.68475e-06
 Reference value :  2.68566e-06
 Reference value :  2.68658e-06
 Reference value :  2.68748e-06
 Reference value :  2.68838e-06
 Reference value :  2.68928e-06
 Reference value :  2.69024e-06
 Reference value :  2.69118e-06
 Reference value :  2.69211e-06
 Reference value :  2.69302e-06
 Reference value :  2.69392e-06
 Reference value :  2.69483e-06
 Reference value :  2.69569e-06
 Reference value :  2.69658e-06
 Reference value :  2.69744e-06
 Reference value :  2.69836e-06
 Reference value :  2.69930e-06
 Reference value :  2.70023e-06
 Reference value :  2.70115e-06
 Reference value :  2.70205e-06
 Reference value :  2.70291e-06
 Reference value :  2.70379e-06
 Reference value :  2.70468e-06
 Reference value :  2.70556e-06
 Reference value :  2.70647e-06
 Reference value :  2.70739e-06
 Reference value :  2.70823e-06
 Reference value :  2.70901e-06
 Reference value :  2.70982e-06
 Reference value :  2.71076e-06
 Reference value :  2.71164e-06
 Reference value :  2.71249e-06
 Reference value :  2.71338e-06
 Reference value :  2.71422e-06
 Reference value :  2.71506e-06
 Reference value :  2.71593e-06
 Reference value :  2.71681e-06
 Reference value :  2.71767e-06
 Reference value :  2.71851e-06
 Reference value :  2.71934e-06
 Reference value :  2.72020e-06
 Reference value :  2.72108e-06
 Reference value :  2.72196e-06
 Reference value :  2.72283e-06
 Reference value :  2.72366e-06
 Reference value :  2.72446e-06
 Reference value :  2.72526e-06
 Reference value :  2.72616e-06
 Reference value :  2.72708e-06
 Reference value :  2.72792e-06
 Reference value :  2.72875e-06
 Reference value :  2.72956e-06
 Reference value :  2.73040e-06
 Reference value :  2.73122e-06
 Reference value :  2.73204e-06
 Reference value :  2.73291e-06
 Reference value :  2.73376e-06
 Reference value :  2.73459e-06
 Reference value :  2.73542e-06
 Reference value :  2.73622e-06
 Reference value :  2.73711e-06
 Reference value :  2.73792e-06
 Reference value :  2.73874e-06
 Reference value :  2.73960e-06
 Reference value :  2.74044e-06
 Reference value :  2.74128e-06
 Reference value :  2.74214e-06
 Reference value :  2.74297e-06
 Reference value :  2.74381e-06
 Reference value :  2.74465e-06
 Reference value :  2.74551e-06
 Reference value :  2.74633e-06
 Reference value :  2.74730e-06
 Reference value :  2.74813e-06
 Reference value :  2.74902e-06
 Reference value :  2.74982e-06
 Reference value :  2.75060e-06
 Reference value :  2.75137e-06
 Reference value :  2.75214e-06
 Reference value :  2.75294e-06
 Reference value :  2.75369e-06
 Reference value :  2.75450e-06
 Reference value :  2.75527e-06
 Reference value :  2.75605e-06
 Reference value :  2.75684e-06
 Reference value :  2.75764e-06
 Reference value :  2.75842e-06
 Reference value :  2.75919e-06
 Reference value :  2.75999e-06
 Reference value :  2.76077e-06
 Reference value :  2.76161e-06
 Reference value :  2.76245e-06
 Reference value :  2.76326e-06
 Reference value :  2.76412e-06
 Reference value :  2.76496e-06
 Reference value :  2.76590e-06
 Reference value :  2.76667e-06
 Reference value :  2.76745e-06
 Reference value :  2.76823e-06
 Reference value :  2.76901e-06
 Reference value :  2.76979e-06
 Reference value :  2.77058e-06
 Reference value :  2.77138e-06
 Reference value :  2.77217e-06
 Reference value :  2.77298e-06
 Reference value :  2.77382e-06
 Reference value :  2.77468e-06
 Reference value :  2.77553e-06
 Reference value :  2.77635e-06
 Reference value :  2.77712e-06
 Reference value :  2.77792e-06
 Reference value :  2.77870e-06
 Reference value :  2.77947e-06
 Reference value :  2.78031e-06
 Reference value :  2.78111e-06
 Reference value :  2.78189e-06
 Reference value :  2.78267e-06
 Reference value :  2.78357e-06
 Reference value :  2.78442e-06
 Reference value :  2.78522e-06
 Reference value :  2.78599e-06
 Reference value :  2.78680e-06
 Reference value :  2.78758e-06
 Reference value :  2.78847e-06
 Reference value :  2.78926e-06
 Reference value :  2.79004e-06
 Reference value :  2.79082e-06
 Reference value :  2.79160e-06
 Reference value :  2.79242e-06
 Reference value :  2.79323e-06
 Reference value :  2.79420e-06
 Reference value :  2.79536e-06
 Reference value :  2.79615e-06
 Reference value :  2.79693e-06
 Reference value :  2.79771e-06
 Reference value :  2.79850e-06
 Reference value :  2.79930e-06
 Reference value :  2.80007e-06
 Reference value :  2.80089e-06
 Reference value :  2.80179e-06
 Reference value :  2.80259e-06
 Reference value :  2.80337e-06
 Reference value :  2.80414e-06
 Reference value :  2.80493e-06
 Reference value :  2.80572e-06
 Reference value :  2.80652e-06
 Reference value :  2.80731e-06
 Reference value :  2.80809e-06
 Reference value :  2.80889e-06
 Reference value :  2.80967e-06
 Reference value :  2.81045e-06
 Reference value :  2.81128e-06
 Reference value :  2.81206e-06
 Reference value :  2.81288e-06
 Reference value :  2.81391e-06
 Reference value :  2.81485e-06
 Reference value :  2.81565e-06
 Reference value :  2.81647e-06
 Reference value :  2.81727e-06
 Reference value :  2.81807e-06
 Reference value :  2.81883e-06
 Reference value :  2.81961e-06
 Reference value :  2.82046e-06
 Reference value :  2.82128e-06
 Reference value :  2.82208e-06
 Reference value :  2.82295e-06
 Reference value :  2.82377e-06
 Reference value :  2.82465e-06
 Reference value :  2.82549e-06
 Reference value :  2.82633e-06
 Reference value :  2.82718e-06
 Reference value :  2.82799e-06
 Reference value :  2.82884e-06
 Reference value :  2.82970e-06
 Reference value :  2.83050e-06
 Reference value :  2.83139e-06
 Reference value :  2.83218e-06
 Reference value :  2.83300e-06
 Reference value :  2.83388e-06
 Reference value :  2.83468e-06
 Reference value :  2.83555e-06
 Reference value :  2.83638e-06
 Reference value :  2.83715e-06
 Reference value :  2.83793e-06
 Reference value :  2.83870e-06
 Reference value :  2.83947e-06
 Reference value :  2.84025e-06
 Reference value :  2.84103e-06
 Reference value :  2.84181e-06
 Reference value :  2.84260e-06
 Reference value :  2.84337e-06
 Reference value :  2.84414e-06
 Reference value :  2.84493e-06
 Reference value :  2.84570e-06
 Reference value :  2.84647e-06
 Reference value :  2.84723e-06
 Reference value :  2.84801e-06
 Reference value :  2.84880e-06
 Reference value :  2.84958e-06
 Reference value :  2.85036e-06
 Reference value :  2.85143e-06
 Reference value :  2.85224e-06
 Reference value :  2.85321e-06
 Reference value :  2.85401e-06
 Reference value :  2.85479e-06
 Reference value :  2.85557e-06
 Reference value :  2.85635e-06
 Reference value :  2.85711e-06
 Reference value :  2.85791e-06
 Reference value :  2.85869e-06
 Reference value :  2.85946e-06
 Reference value :  2.86023e-06
 Reference value :  2.86099e-06
 Reference value :  2.86176e-06
 Reference value :  2.86252e-06
 Reference value :  2.86329e-06
 Reference value :  2.86409e-06
 Reference value :  2.86486e-06
 Reference value :  2.86566e-06
 Reference value :  2.86643e-06
 Reference value :  2.86721e-06
 Reference value :  2.86799e-06
 Reference value :  2.86876e-06
 Reference value :  2.86955e-06
 Reference value :  2.87031e-06
 Reference value :  2.87109e-06
 Reference value :  2.87184e-06
 Reference value :  2.87260e-06
 Reference value :  2.87338e-06
 Reference value :  2.87417e-06
 Reference value :  2.87494e-06
 Reference value :  2.87571e-06
 Reference value :  2.87647e-06
 Reference value :  2.87724e-06
 Reference value :  2.87802e-06
 Reference value :  2.87880e-06
 Reference value :  2.87955e-06
 Reference value :  2.88035e-06
 Reference value :  2.88114e-06
 Reference value :  2.88190e-06
 Reference value :  2.88267e-06
 Reference value :  2.88344e-06
 Reference value :  2.88422e-06
 Reference value :  2.88500e-06
 Reference value :  2.88579e-06
 Reference value :  2.88668e-06
 Reference value :  2.88749e-06
 Reference value :  2.88841e-06
 Reference value :  2.88919e-06
 Reference value :  2.88995e-06
 Reference value :  2.89076e-06
 Reference value :  2.89175e-06
 Reference value :  2.89253e-06
 Reference value :  2.89343e-06
 Reference value :  2.89425e-06
 Reference value :  2.89502e-06
 Reference value :  2.89580e-06
 Reference value :  2.89658e-06
 Reference value :  2.89753e-06
 Reference value :  2.89848e-06
 Reference value :  2.89930e-06
No. of Data Rows : 3770009
tk                  =  5.49555e-09
tk                  =  8.80590e-09
tk                  =  1.21151e-08
tk                  =  1.54251e-08
tk                  =  1.87346e-08
tk                  =  2.20438e-08
tk                  =  2.53539e-08
tk                  =  2.86643e-08
tk                  =  3.19736e-08
tk                  =  3.52828e-08
tk                  =  3.85923e-08
tk                  =  4.19014e-08
tk                  =  4.52112e-08
tk                  =  4.85201e-08
tk                  =  5.18298e-08
tk                  =  5.51387e-08
tk                  =  5.84479e-08
tk                  =  6.17582e-08
tk                  =  6.50675e-08
tk                  =  6.83770e-08
tk                  =  7.16868e-08
tk                  =  7.49959e-08
tk                  =  7.83064e-08
tk                  =  8.16156e-08
tk                  =  8.49245e-08
tk                  =  8.82352e-08
tk                  =  9.15451e-08
tk                  =  9.48541e-08
tk                  =  9.81635e-08
tk                  =  1.01474e-07
tk                  =  1.04784e-07
tk                  =  1.08093e-07
tk                  =  1.11402e-07
tk                  =  1.14712e-07
tk                  =  1.18022e-07
tk                  =  1.21331e-07
tk                  =  1.24641e-07
tk                  =  1.27950e-07
tk                  =  1.31260e-07
tk                  =  1.34571e-07
tk                  =  1.37881e-07
tk                  =  1.41190e-07
tk                  =  1.44499e-07
tk                  =  1.47808e-07
tk                  =  1.51118e-07
tk                  =  1.54427e-07
tk                  =  1.57736e-07
tk                  =  1.61046e-07
tk                  =  1.64356e-07
tk                  =  1.67666e-07
tk                  =  1.70975e-07
tk                  =  1.74285e-07
tk                  =  1.77595e-07
tk                  =  1.80904e-07
tk                  =  1.84213e-07
tk                  =  1.87522e-07
tk                  =  1.90832e-07
tk                  =  1.94142e-07
tk                  =  1.97451e-07
tk                  =  2.00761e-07
tk                  =  2.04070e-07
tk                  =  2.07380e-07
tk                  =  2.10689e-07
tk                  =  2.13999e-07
tk                  =  2.17309e-07
tk                  =  2.20619e-07
tk                  =  2.23928e-07
tk                  =  2.27238e-07
tk                  =  2.30548e-07
tk                  =  2.33857e-07
tk                  =  2.37167e-07
tk                  =  2.40476e-07
tk                  =  2.43786e-07
tk                  =  2.47094e-07
tk                  =  2.50404e-07
tk                  =  2.53714e-07
tk                  =  2.57024e-07
tk                  =  2.60333e-07
tk                  =  2.63642e-07
tk                  =  2.66952e-07
tk                  =  2.70263e-07
tk                  =  2.73572e-07
tk                  =  2.76882e-07
tk                  =  2.80190e-07
tk                  =  2.83501e-07
tk                  =  2.86810e-07
tk                  =  2.90120e-07
tk                  =  2.93430e-07
tk                  =  2.96739e-07
tk                  =  3.00049e-07
tk                  =  3.03358e-07
tk                  =  3.06668e-07
tk                  =  3.09977e-07
tk                  =  3.13287e-07
tk                  =  3.16597e-07
tk                  =  3.19906e-07
tk                  =  3.23215e-07
tk                  =  3.26525e-07
tk                  =  3.29835e-07
tk                  =  3.33145e-07
tk                  =  3.36454e-07
tk                  =  3.39764e-07
tk                  =  3.43073e-07
tk                  =  3.46383e-07
tk                  =  3.49692e-07
tk                  =  3.53001e-07
tk                  =  3.56311e-07
tk                  =  3.59620e-07
tk                  =  3.62930e-07
tk                  =  3.66239e-07
tk                  =  3.69548e-07
tk                  =  3.72857e-07
tk                  =  3.76167e-07
tk                  =  3.79475e-07
tk                  =  3.82784e-07
tk                  =  3.86093e-07
tk                  =  3.89402e-07
tk                  =  3.92711e-07
tk                  =  3.96022e-07
tk                  =  3.99331e-07
tk                  =  4.02640e-07
tk                  =  4.05949e-07
tk                  =  4.09259e-07
tk                  =  4.12568e-07
tk                  =  4.15878e-07
tk                  =  4.19187e-07
tk                  =  4.22496e-07
tk                  =  4.25805e-07
tk                  =  4.29116e-07
tk                  =  4.32425e-07
tk                  =  4.35734e-07
tk                  =  4.39044e-07
tk                  =  4.42353e-07
tk                  =  4.45662e-07
tk                  =  4.48971e-07
tk                  =  4.52281e-07
tk                  =  4.55589e-07
tk                  =  4.58900e-07
tk                  =  4.62209e-07
tk                  =  4.65519e-07
tk                  =  4.68829e-07
tk                  =  4.72138e-07
tk                  =  4.75448e-07
tk                  =  4.78757e-07
tk                  =  4.82067e-07
tk                  =  4.85376e-07
tk                  =  4.88685e-07
tk                  =  4.91995e-07
tk                  =  4.95305e-07
tk                  =  4.98614e-07
tk                  =  5.01923e-07
tk                  =  5.05234e-07
tk                  =  5.08543e-07
tk                  =  5.11853e-07
tk                  =  5.15162e-07
tk                  =  5.18472e-07
tk                  =  5.21782e-07
tk                  =  5.25091e-07
tk                  =  5.28401e-07
tk                  =  5.31711e-07
tk                  =  5.35021e-07
tk                  =  5.38330e-07
tk                  =  5.41640e-07
tk                  =  5.44948e-07
tk                  =  5.48258e-07
tk                  =  5.51569e-07
tk                  =  5.54878e-07
tk                  =  5.58188e-07
tk                  =  5.61497e-07
tk                  =  5.64806e-07
tk                  =  5.68116e-07
tk                  =  5.71425e-07
tk                  =  5.74735e-07
tk                  =  5.78045e-07
tk                  =  5.81355e-07
tk                  =  5.84665e-07
tk                  =  5.87974e-07
tk                  =  5.91285e-07
tk                  =  5.94594e-07
tk                  =  5.97903e-07
tk                  =  6.01213e-07
tk                  =  6.04522e-07
tk                  =  6.07832e-07
tk                  =  6.11142e-07
tk                  =  6.14452e-07
tk                  =  6.17761e-07
tk                  =  6.21070e-07
tk                  =  6.24380e-07
tk                  =  6.27689e-07
tk                  =  6.30999e-07
tk                  =  6.34309e-07
tk                  =  6.37619e-07
tk                  =  6.40927e-07
tk                  =  6.44237e-07
tk                  =  6.47548e-07
tk                  =  6.50857e-07
tk                  =  6.54166e-07
tk                  =  6.57476e-07
tk                  =  6.60786e-07
tk                  =  6.64095e-07
tk                  =  6.67405e-07
tk                  =  6.70714e-07
tk                  =  6.74023e-07
tk                  =  6.77333e-07
tk                  =  6.80643e-07
tk                  =  6.83952e-07
tk                  =  6.87261e-07
tk                  =  6.90571e-07
tk                  =  6.93880e-07
tk                  =  6.97189e-07
tk                  =  7.00499e-07
tk                  =  7.03809e-07
tk                  =  7.07118e-07
tk                  =  7.10428e-07
tk                  =  7.13737e-07
tk                  =  7.17046e-07
tk                  =  7.20355e-07
tk                  =  7.23665e-07
tk                  =  7.26975e-07
tk                  =  7.30285e-07
tk                  =  7.33595e-07
tk                  =  7.36904e-07
tk                  =  7.40214e-07
tk                  =  7.43524e-07
tk                  =  7.46834e-07
tk                  =  7.50145e-07
tk                  =  7.53454e-07
tk                  =  7.56764e-07
tk                  =  7.60074e-07
tk                  =  7.63383e-07
tk                  =  7.66694e-07
tk                  =  7.70003e-07
tk                  =  7.73312e-07
tk                  =  7.76622e-07
tk                  =  7.79931e-07
tk                  =  7.83240e-07
tk                  =  7.86550e-07
tk                  =  7.89860e-07
tk                  =  7.93170e-07
tk                  =  7.96480e-07
tk                  =  7.99789e-07
tk                  =  8.03099e-07
tk                  =  8.06408e-07
tk                  =  8.09718e-07
tk                  =  8.13027e-07
tk                  =  8.16336e-07
tk                  =  8.19647e-07
tk                  =  8.22957e-07
tk                  =  8.26265e-07
tk                  =  8.29575e-07
tk                  =  8.32885e-07
tk                  =  8.36194e-07
tk                  =  8.39503e-07
tk                  =  8.42813e-07
tk                  =  8.46122e-07
tk                  =  8.49432e-07
tk                  =  8.52741e-07
tk                  =  8.56051e-07
tk                  =  8.59361e-07
tk                  =  8.62670e-07
tk                  =  8.65979e-07
tk                  =  8.69290e-07
tk                  =  8.72598e-07
tk                  =  8.75909e-07
tk                  =  8.79219e-07
tk                  =  8.82528e-07
tk                  =  8.85838e-07
tk                  =  8.89147e-07
tk                  =  8.92457e-07
tk                  =  8.95766e-07
tk                  =  8.99076e-07
tk                  =  9.02385e-07
tk                  =  9.05696e-07
tk                  =  9.09005e-07
tk                  =  9.12315e-07
tk                  =  9.15625e-07
tk                  =  9.18934e-07
tk                  =  9.22244e-07
tk                  =  9.25553e-07
tk                  =  9.28863e-07
tk                  =  9.32172e-07
tk                  =  9.35482e-07
tk                  =  9.38791e-07
tk                  =  9.42100e-07
tk                  =  9.45409e-07
tk                  =  9.48719e-07
tk                  =  9.52029e-07
tk                  =  9.55338e-07
tk                  =  9.58648e-07
tk                  =  9.61957e-07
tk                  =  9.65268e-07
tk                  =  9.68578e-07
tk                  =  9.71887e-07
tk                  =  9.75197e-07
tk                  =  9.78506e-07
tk                  =  9.81817e-07
tk                  =  9.85126e-07
tk                  =  9.88435e-07
tk                  =  9.91745e-07
tk                  =  9.95055e-07
tk                  =  9.98366e-07
tk                  =  1.00168e-06
tk                  =  1.00499e-06
tk                  =  1.00829e-06
tk                  =  1.01160e-06
tk                  =  1.01491e-06
tk                  =  1.01822e-06
tk                  =  1.02153e-06
tk                  =  1.02484e-06
tk                  =  1.02815e-06
tk                  =  1.03146e-06
tk                  =  1.03477e-06
tk                  =  1.03808e-06
tk                  =  1.04139e-06
tk                  =  1.04470e-06
tk                  =  1.04801e-06
tk                  =  1.05132e-06
tk                  =  1.05463e-06
tk                  =  1.05794e-06
tk                  =  1.06125e-06
tk                  =  1.06456e-06
tk                  =  1.06786e-06
tk                  =  1.07117e-06
tk                  =  1.07448e-06
tk                  =  1.07779e-06
tk                  =  1.08110e-06
tk                  =  1.08441e-06
tk                  =  1.08772e-06
tk                  =  1.09103e-06
tk                  =  1.09434e-06
tk                  =  1.09765e-06
tk                  =  1.10096e-06
tk                  =  1.10427e-06
tk                  =  1.10758e-06
tk                  =  1.11089e-06
tk                  =  1.11420e-06
tk                  =  1.11751e-06
tk                  =  1.12082e-06
tk                  =  1.12413e-06
tk                  =  1.12744e-06
tk                  =  1.13075e-06
tk                  =  1.13406e-06
tk                  =  1.13737e-06
tk                  =  1.14068e-06
tk                  =  1.14398e-06
tk                  =  1.14729e-06
tk                  =  1.15060e-06
tk                  =  1.15391e-06
tk                  =  1.15722e-06
tk                  =  1.16053e-06
tk                  =  1.16384e-06
tk                  =  1.16715e-06
tk                  =  1.17046e-06
tk                  =  1.17377e-06
tk                  =  1.17708e-06
tk                  =  1.18039e-06
tk                  =  1.18370e-06
tk                  =  1.18701e-06
tk                  =  1.19032e-06
tk                  =  1.19363e-06
tk                  =  1.19694e-06
tk                  =  1.20025e-06
tk                  =  1.20355e-06
tk                  =  1.20686e-06
tk                  =  1.21017e-06
tk                  =  1.21348e-06
tk                  =  1.21679e-06
tk                  =  1.22010e-06
tk                  =  1.22341e-06
tk                  =  1.22672e-06
tk                  =  1.23003e-06
tk                  =  1.23334e-06
tk                  =  1.23665e-06
tk                  =  1.23996e-06
tk                  =  1.24327e-06
tk                  =  1.24658e-06
tk                  =  1.24989e-06
tk                  =  1.25320e-06
tk                  =  1.25651e-06
tk                  =  1.25982e-06
tk                  =  1.26313e-06
tk                  =  1.26644e-06
tk                  =  1.26975e-06
tk                  =  1.27306e-06
tk                  =  1.27637e-06
tk                  =  1.27968e-06
tk                  =  1.28298e-06
tk                  =  1.28630e-06
tk                  =  1.28961e-06
tk                  =  1.29291e-06
tk                  =  1.29622e-06
tk                  =  1.29953e-06
tk                  =  1.30284e-06
tk                  =  1.30615e-06
tk                  =  1.30946e-06
tk                  =  1.31277e-06
tk                  =  1.31608e-06
tk                  =  1.31939e-06
tk                  =  1.32270e-06
tk                  =  1.32601e-06
tk                  =  1.32932e-06
tk                  =  1.33263e-06
tk                  =  1.33594e-06
tk                  =  1.33925e-06
tk                  =  1.34256e-06
tk                  =  1.34587e-06
tk                  =  1.34918e-06
tk                  =  1.35249e-06
tk                  =  1.35580e-06
tk                  =  1.35911e-06
tk                  =  1.36242e-06
tk                  =  1.36573e-06
tk                  =  1.36904e-06
tk                  =  1.37235e-06
tk                  =  1.37565e-06
tk                  =  1.37896e-06
tk                  =  1.38227e-06
tk                  =  1.38558e-06
tk                  =  1.38889e-06
tk                  =  1.39220e-06
tk                  =  1.39551e-06
tk                  =  1.39882e-06
tk                  =  1.40213e-06
tk                  =  1.40544e-06
tk                  =  1.40875e-06
tk                  =  1.41206e-06
tk                  =  1.41537e-06
tk                  =  1.41868e-06
tk                  =  1.42199e-06
tk                  =  1.42530e-06
tk                  =  1.42861e-06
tk                  =  1.43192e-06
tk                  =  1.43523e-06
tk                  =  1.43854e-06
tk                  =  1.44184e-06
tk                  =  1.44515e-06
tk                  =  1.44846e-06
tk                  =  1.45177e-06
tk                  =  1.45508e-06
tk                  =  1.45839e-06
tk                  =  1.46170e-06
tk                  =  1.46501e-06
tk                  =  1.46832e-06
tk                  =  1.47163e-06
tk                  =  1.47494e-06
tk                  =  1.47825e-06
tk                  =  1.48156e-06
tk                  =  1.48487e-06
tk                  =  1.48818e-06
tk                  =  1.49149e-06
tk                  =  1.49480e-06
tk                  =  1.49811e-06
tk                  =  1.50142e-06
tk                  =  1.50473e-06
tk                  =  1.50804e-06
tk                  =  1.51135e-06
tk                  =  1.51466e-06
tk                  =  1.51797e-06
tk                  =  1.52128e-06
tk                  =  1.52459e-06
tk                  =  1.52790e-06
tk                  =  1.53120e-06
tk                  =  1.53451e-06
tk                  =  1.53782e-06
tk                  =  1.54113e-06
tk                  =  1.54444e-06
tk                  =  1.54775e-06
tk                  =  1.55106e-06
tk                  =  1.55437e-06
tk                  =  1.55768e-06
tk                  =  1.56099e-06
tk                  =  1.56430e-06
tk                  =  1.56761e-06
tk                  =  1.57092e-06
tk                  =  1.57423e-06
tk                  =  1.57754e-06
tk                  =  1.58085e-06
tk                  =  1.58416e-06
tk                  =  1.58747e-06
tk                  =  1.59078e-06
tk                  =  1.59409e-06
tk                  =  1.59740e-06
tk                  =  1.60070e-06
tk                  =  1.60401e-06
tk                  =  1.60732e-06
tk                  =  1.61063e-06
tk                  =  1.61394e-06
tk                  =  1.61725e-06
tk                  =  1.62056e-06
tk                  =  1.62387e-06
tk                  =  1.62718e-06
tk                  =  1.63049e-06
tk                  =  1.63380e-06
tk                  =  1.63711e-06
tk                  =  1.64042e-06
tk                  =  1.64373e-06
tk                  =  1.64704e-06
tk                  =  1.65035e-06
tk                  =  1.65366e-06
tk                  =  1.65697e-06
tk                  =  1.66027e-06
tk                  =  1.66358e-06
tk                  =  1.66689e-06
tk                  =  1.67020e-06
tk                  =  1.67351e-06
tk                  =  1.67682e-06
tk                  =  1.68013e-06
tk                  =  1.68344e-06
tk                  =  1.68675e-06
tk                  =  1.69006e-06
tk                  =  1.69337e-06
tk                  =  1.69668e-06
tk                  =  1.69999e-06
tk                  =  1.70330e-06
tk                  =  1.70661e-06
tk                  =  1.70992e-06
tk                  =  1.71323e-06
tk                  =  1.71654e-06
tk                  =  1.71985e-06
tk                  =  1.72316e-06
tk                  =  1.72647e-06
tk                  =  1.72978e-06
tk                  =  1.73309e-06
tk                  =  1.73640e-06
tk                  =  1.73971e-06
tk                  =  1.74302e-06
tk                  =  1.74632e-06
tk                  =  1.74963e-06
tk                  =  1.75294e-06
tk                  =  1.75625e-06
tk                  =  1.75956e-06
tk                  =  1.76287e-06
tk                  =  1.76618e-06
tk                  =  1.76949e-06
tk                  =  1.77280e-06
tk                  =  1.77611e-06
tk                  =  1.77942e-06
tk                  =  1.78273e-06
tk                  =  1.78604e-06
tk                  =  1.78935e-06
tk                  =  1.79266e-06
tk                  =  1.79597e-06
tk                  =  1.79928e-06
tk                  =  1.80259e-06
tk                  =  1.80590e-06
tk                  =  1.80921e-06
tk                  =  1.81252e-06
tk                  =  1.81583e-06
tk                  =  1.81914e-06
tk                  =  1.82245e-06
tk                  =  1.82575e-06
tk                  =  1.82907e-06
tk                  =  1.83238e-06
tk                  =  1.83568e-06
tk                  =  1.83899e-06
tk                  =  1.84230e-06
tk                  =  1.84561e-06
tk                  =  1.84892e-06
tk                  =  1.85223e-06
tk                  =  1.85554e-06
tk                  =  1.85885e-06
tk                  =  1.86216e-06
tk                  =  1.86547e-06
tk                  =  1.86878e-06
tk                  =  1.87209e-06
tk                  =  1.87540e-06
tk                  =  1.87871e-06
tk                  =  1.88202e-06
tk                  =  1.88533e-06
tk                  =  1.88864e-06
tk                  =  1.89195e-06
tk                  =  1.89526e-06
tk                  =  1.89857e-06
tk                  =  1.90187e-06
tk                  =  1.90518e-06
tk                  =  1.90849e-06
tk                  =  1.91180e-06
tk                  =  1.91511e-06
tk                  =  1.91842e-06
tk                  =  1.92173e-06
tk                  =  1.92504e-06
tk                  =  1.92835e-06
tk                  =  1.93166e-06
tk                  =  1.93497e-06
tk                  =  1.93828e-06
tk                  =  1.94159e-06
tk                  =  1.94490e-06
tk                  =  1.94821e-06
tk                  =  1.95152e-06
tk                  =  1.95483e-06
tk                  =  1.95814e-06
tk                  =  1.96144e-06
tk                  =  1.96475e-06
tk                  =  1.96806e-06
tk                  =  1.97137e-06
tk                  =  1.97468e-06
tk                  =  1.97799e-06
tk                  =  1.98130e-06
tk                  =  1.98461e-06
tk                  =  1.98792e-06
tk                  =  1.99123e-06
tk                  =  1.99454e-06
tk                  =  1.99785e-06
tk                  =  2.00116e-06
tk                  =  2.00447e-06
tk                  =  2.00778e-06
tk                  =  2.01108e-06
tk                  =  2.01439e-06
tk                  =  2.01770e-06
tk                  =  2.02101e-06
tk                  =  2.02432e-06
tk                  =  2.02763e-06
tk                  =  2.03094e-06
tk                  =  2.03425e-06
tk                  =  2.03756e-06
tk                  =  2.04087e-06
tk                  =  2.04418e-06
tk                  =  2.04749e-06
tk                  =  2.05080e-06
tk                  =  2.05411e-06
tk                  =  2.05742e-06
tk                  =  2.06073e-06
tk                  =  2.06404e-06
tk                  =  2.06735e-06
tk                  =  2.07066e-06
tk                  =  2.07397e-06
tk                  =  2.07728e-06
tk                  =  2.08059e-06
tk                  =  2.08390e-06
tk                  =  2.08721e-06
tk                  =  2.09052e-06
tk                  =  2.09383e-06
tk                  =  2.09714e-06
tk                  =  2.10045e-06
tk                  =  2.10376e-06
tk                  =  2.10707e-06
tk                  =  2.11038e-06
tk                  =  2.11369e-06
tk                  =  2.11699e-06
tk                  =  2.12030e-06
tk                  =  2.12361e-06
tk                  =  2.12692e-06
tk                  =  2.13023e-06
tk                  =  2.13354e-06
tk                  =  2.13685e-06
tk                  =  2.14016e-06
tk                  =  2.14347e-06
tk                  =  2.14678e-06
tk                  =  2.15009e-06
tk                  =  2.15340e-06
tk                  =  2.15671e-06
tk                  =  2.16002e-06
tk                  =  2.16333e-06
tk                  =  2.16664e-06
tk                  =  2.16995e-06
tk                  =  2.17326e-06
tk                  =  2.17657e-06
tk                  =  2.17988e-06
tk                  =  2.18319e-06
tk                  =  2.18650e-06
tk                  =  2.18981e-06
tk                  =  2.19312e-06
tk                  =  2.19643e-06
tk                  =  2.19974e-06
tk                  =  2.20305e-06
tk                  =  2.20636e-06
tk                  =  2.20967e-06
tk                  =  2.21298e-06
tk                  =  2.21629e-06
tk                  =  2.21960e-06
tk                  =  2.22290e-06
tk                  =  2.22621e-06
tk                  =  2.22952e-06
tk                  =  2.23283e-06
tk                  =  2.23614e-06
tk                  =  2.23945e-06
tk                  =  2.24276e-06
tk                  =  2.24607e-06
tk                  =  2.24938e-06
tk                  =  2.25269e-06
tk                  =  2.25600e-06
tk                  =  2.25931e-06
tk                  =  2.26262e-06
tk                  =  2.26593e-06
tk                  =  2.26924e-06
tk                  =  2.27255e-06
tk                  =  2.27586e-06
tk                  =  2.27917e-06
tk                  =  2.28248e-06
tk                  =  2.28579e-06
tk                  =  2.28910e-06
tk                  =  2.29241e-06
tk                  =  2.29572e-06
tk                  =  2.29903e-06
tk                  =  2.30234e-06
tk                  =  2.30565e-06
tk                  =  2.30896e-06
tk                  =  2.31227e-06
tk                  =  2.31558e-06
tk                  =  2.31889e-06
tk                  =  2.32220e-06
tk                  =  2.32551e-06
tk                  =  2.32882e-06
tk                  =  2.33213e-06
tk                  =  2.33543e-06
tk                  =  2.33874e-06
tk                  =  2.34205e-06
tk                  =  2.34536e-06
tk                  =  2.34867e-06
tk                  =  2.35198e-06
tk                  =  2.35529e-06
tk                  =  2.35860e-06
tk                  =  2.36191e-06
tk                  =  2.36522e-06
tk                  =  2.36853e-06
tk                  =  2.37184e-06
tk                  =  2.37515e-06
tk                  =  2.37846e-06
tk                  =  2.38177e-06
tk                  =  2.38508e-06
tk                  =  2.38839e-06
tk                  =  2.39170e-06
tk                  =  2.39501e-06
tk                  =  2.39832e-06
tk                  =  2.40163e-06
tk                  =  2.40494e-06
tk                  =  2.40824e-06
tk                  =  2.41155e-06
tk                  =  2.41486e-06
tk                  =  2.41817e-06
tk                  =  2.42148e-06
tk                  =  2.42479e-06
tk                  =  2.42810e-06
tk                  =  2.43141e-06
tk                  =  2.43472e-06
tk                  =  2.43803e-06
tk                  =  2.44134e-06
tk                  =  2.44465e-06
tk                  =  2.44796e-06
tk                  =  2.45127e-06
tk                  =  2.45458e-06
tk                  =  2.45789e-06
tk                  =  2.46120e-06
tk                  =  2.46451e-06
tk                  =  2.46782e-06
tk                  =  2.47113e-06
tk                  =  2.47444e-06
tk                  =  2.47775e-06
tk                  =  2.48106e-06
tk                  =  2.48437e-06
tk                  =  2.48768e-06
tk                  =  2.49099e-06
tk                  =  2.49430e-06
tk                  =  2.49761e-06
tk                  =  2.50092e-06
tk                  =  2.50423e-06
tk                  =  2.50754e-06
tk                  =  2.51085e-06
tk                  =  2.51415e-06
tk                  =  2.51746e-06
tk                  =  2.52077e-06
tk                  =  2.52408e-06
tk                  =  2.52739e-06
tk                  =  2.53070e-06
tk                  =  2.53401e-06
tk                  =  2.53732e-06
tk                  =  2.54063e-06
tk                  =  2.54394e-06
tk                  =  2.54725e-06
qw0                 =  -1.54151e-02
qw1                 =  -4.60616e-02
qt0                 =  -1.22683e-02
qt1                 =  -3.66881e-02
m_period = 3.3095914062e-09
m_f_osc = 3.0215210195e+08
m_period_startup16 = 3.3095223750e-09
m_period_b00 = 3.3095926667e-09
m_period_b01 = 3.3095687500e-09
m_period_b02 = 3.3094000000e-09
m_period_b03 = 3.3096041667e-09
m_period_b04 = 3.3096062500e-09
m_period_b05 = 3.3095604167e-09
m_period_b06 = 3.3096145833e-09
m_period_b07 = 3.3095208333e-09
m_period_b08 = 3.3095833333e-09
m_period_b09 = 3.3095833333e-09
m_period_b10 = 3.3095416667e-09
m_period_b11 = 3.3095416667e-09
m_period_b12 = 3.3095208333e-09
m_period_b13 = 3.3096875000e-09
m_period_b14 = 3.3096666667e-09
m_period_b15 = 3.3096666667e-09
m_sigma_1 = 6.5402889201e-13
m_sigma_2 = 7.7856004597e-13
m_sigma_4 = 9.5384657015e-13
m_sigma_8 = 1.1740336207e-12
m_sigma_16 = 1.6352506200e-12
m_sigma_32 = 2.4964098962e-12
m_sigma_64 = 3.7782715184e-12
m_sigma_128 = 5.9322699568e-12
m_sigma_startup16_1 = 4.7994192357e-13
m_sigma_startup16_2 = 6.3197841660e-13
m_sigma_startup16_4 = 9.6491143476e-13
m_sigma_startup16_8 = 1.6348866084e-12
m_i_ring_a = 1.8085709457e-05
m_i_tree_a = 1.4411132700e-05
m_p_active_w = 5.9682841210e-05
m_e_per_cycle_j = 1.9752581837e-13
m_c_eff_node_f = 3.6276550661e-15
m_vsup_v = 3.3000000002e+00
Note: Simulation executed from .control section 

Warning: m=xx on .subckt line will override multiplier m hierarchy!

