
Note: Compatibility modes selected: hs a


Circuit: * array-liveness-tap-phase-clocked @ tt_27c_3.30v -- generated by sim/harness, do not edit

Doing analysis at TEMP = 27.000000 and TNOM = 27.000000

Using SPARSE 1.3 as Direct Linear Solver

Initial Transient Solution
--------------------------

Node                                   Voltage
----                                   -------
vsup                                       3.3
en1                                        3.3
en2                                        3.3
vddr1                                      3.3
vddr2                                      3.3
vdd                                        3.3
xg1.py                                 1.58325
n1_1                                         0
a1_0                               1.24708e-07
xg1.nm                            1.21025e-302
xg1.ny                            1.12978e-302
x1_1.py                                    3.3
n1_2                                       3.3
a1_1                                         0
x1_1.ny                            2.35462e-08
x1_2.py                                    3.3
n1_3                               1.24708e-07
a1_2                                       3.3
x1_2.ny                            1.06256e-07
x1_3.py                                    3.3
n1_4                                       3.3
a1_3                               1.24708e-07
x1_3.ny                            2.35463e-08
x1_4.py                                    3.3
n1_5                               1.24708e-07
a1_4                                       3.3
x1_4.ny                            1.06256e-07
x1_5.py                                    3.3
n1_6                                       3.3
a1_5                               1.24708e-07
x1_5.ny                            2.35463e-08
x1_6.py                                    3.3
n1_7                               1.24708e-07
a1_6                                       3.3
x1_6.ny                            1.06256e-07
x1_7.py                                    3.3
n1_8                                       3.3
a1_7                               1.24708e-07
x1_7.ny                            2.35463e-08
x1_8.py                                    3.3
n1_9                               1.24708e-07
a1_8                                       3.3
x1_8.ny                            1.06256e-07
x1_9.py                                    3.3
n1_10                                      3.3
a1_9                               1.24708e-07
x1_9.ny                            2.35463e-08
x1_10.py                                   3.3
rn1                                1.24708e-07
a1_10                                      3.3
x1_10.ny                           1.06256e-07
xg2.py                                 1.59988
n2_1                                         0
a2_0                               1.17147e-07
xg2.nm                            6.68164e-231
xg2.ny                            6.20536e-231
x2_1.py                                    3.3
n2_2                                       3.3
a2_1                                         0
x2_1.ny                            2.18706e-08
x2_2.py                                    3.3
n2_3                               1.17147e-07
a2_2                                       3.3
x2_2.ny                             9.8695e-08
x2_3.py                                    3.3
n2_4                                       3.3
a2_3                               1.17147e-07
x2_3.ny                            2.18707e-08
x2_4.py                                    3.3
n2_5                               1.17147e-07
a2_4                                       3.3
x2_4.ny                             9.8695e-08
x2_5.py                                    3.3
n2_6                                       3.3
a2_5                               1.17147e-07
x2_5.ny                            2.18707e-08
x2_6.py                                    3.3
n2_7                               1.17147e-07
a2_6                                       3.3
x2_6.ny                             9.8695e-08
x2_7.py                                    3.3
n2_8                                       3.3
a2_7                               1.17147e-07
x2_7.ny                            2.18707e-08
x2_8.py                                    3.3
n2_9                               1.17147e-07
a2_8                                       3.3
x2_8.ny                             9.8695e-08
x2_9.py                                    3.3
n2_10                                      3.3
a2_9                               1.17147e-07
x2_9.ny                            2.18707e-08
x2_10.py                                   3.3
rn2                                1.17147e-07
a2_10                                      3.3
x2_10.ny                            9.8695e-08
ro1                                        3.3
ro2                                        3.3
xa1.an                             1.84515e-08
xa1.bn                             1.84515e-08
xa1.mid                               0.783853
xo                                 1.79152e-07
xa1.s1                             8.95762e-08
xa1.s2                             3.77437e-08
xsb.clkb                                   3.3
clk                                          0
xsb.m                              2.15824e-07
xsb.mb                                     3.3
rst_n                                      3.3
xsb.mmid                           1.58497e-09
xsb.mc                             3.68602e-08
xsb.s                                      3.3
raw_bit                            1.84515e-08
xsb.qb                                     3.3
xsb.s2mid                          1.58496e-09
xsv.clkb                                   3.3
xsv.m                                      3.3
xsv.mb                             6.83524e-08
xsv.mmid                           3.41762e-08
xsv.mc                                     3.3
xsv.s                                  1.45521
raw_valid                               1.3988
xsv.qb                                 1.45521
xsv.s2mid                             0.122262
xsr1.clkb                                  3.3
xsr1.m                                     3.3
xsr1.mb                            6.72865e-08
xsr1.mmid                          3.36433e-08
xsr1.mc                                    3.3
xsr1.s                             1.48392e-07
ring_bit1                                  3.3
xsr1.qb                            1.11721e-07
xsr1.s2mid                         5.58603e-08
xsr2.clkb                                  3.3
xsr2.m                                     3.3
xsr2.mb                            6.72865e-08
xsr2.mmid                          3.36433e-08
xsr2.mc                                    3.3
xsr2.s                             1.48392e-07
ring_bit2                                  3.3
xsr2.qb                            1.11721e-07
xsr2.s2mid                         5.58603e-08
q1                                -9.26862e-16
q2                                -9.82236e-16
x1                                       -1.65
x2                                       -1.65
bx2#branch                                   0
bx1#branch                                   0
vr2#branch                         9.82236e-06
vr1#branch                         9.26862e-06
vrst#branch                                  0
vclk#branch                                  0
vn2_10#branch                                0
vn2_9#branch                                 0
vn2_8#branch                                 0
vn2_7#branch                                 0
vn2_6#branch                                 0
vn2_5#branch                                 0
vn2_4#branch                                 0
vn2_3#branch                                 0
vn2_2#branch                                 0
vn2_1#branch                                 0
vn2_0#branch                      -1.22925e-24
vn1_10#branch                                0
vn1_9#branch                                 0
vn1_8#branch                                 0
vn1_7#branch                                 0
vn1_6#branch                                 0
vn1_5#branch                                 0
vn1_4#branch                                 0
vn1_3#branch                                 0
vn1_2#branch                                 0
vn1_1#branch                                 0
vn1_0#branch                       3.76307e-28
vd#branch                          6.64054e-05
ven2#branch                                  0
ven1#branch                                  0
vsup#branch                       -8.54964e-05

 Reference value :  0.00000e+00
 Reference value :  1.21500e-10
 Reference value :  2.46500e-10
 Reference value :  3.75500e-10
 Reference value :  4.98500e-10
 Reference value :  6.20100e-10
 Reference value :  7.47500e-10
 Reference value :  8.76500e-10
 Reference value :  1.00250e-09
 Reference value :  1.13030e-09
 Reference value :  1.26070e-09
 Reference value :  1.39070e-09
 Reference value :  1.52000e-09
 Reference value :  1.64850e-09
 Reference value :  1.78070e-09
 Reference value :  1.91010e-09
 Reference value :  2.03850e-09
 Reference value :  2.17070e-09
 Reference value :  2.30150e-09
 Reference value :  2.43250e-09
 Reference value :  2.56350e-09
 Reference value :  2.69750e-09
 Reference value :  2.82450e-09
 Reference value :  2.96000e-09
 Reference value :  3.09750e-09
 Reference value :  3.22850e-09
 Reference value :  3.36070e-09
 Reference value :  3.49650e-09
 Reference value :  3.62550e-09
 Reference value :  3.75250e-09
 Reference value :  3.88250e-09
 Reference value :  4.01650e-09
 Reference value :  4.14850e-09
 Reference value :  4.27925e-09
 Reference value :  4.41070e-09
 Reference value :  4.54070e-09
 Reference value :  4.68010e-09
 Reference value :  4.82010e-09
 Reference value :  4.94925e-09
 Reference value :  5.07850e-09
 Reference value :  5.21010e-09
 Reference value :  5.34750e-09
 Reference value :  5.49010e-09
 Reference value :  5.62450e-09
 Reference value :  5.75850e-09
 Reference value :  5.95250e-09
 Reference value :  6.17000e-09
 Reference value :  6.35030e-09
 Reference value :  6.48070e-09
 Reference value :  6.61850e-09
 Reference value :  6.75000e-09
 Reference value :  6.88150e-09
 Reference value :  7.01650e-09
 Reference value :  7.14925e-09
 Reference value :  7.28030e-09
 Reference value :  7.41150e-09
 Reference value :  7.54250e-09
 Reference value :  7.67350e-09
 Reference value :  7.80850e-09
 Reference value :  7.93925e-09
 Reference value :  8.07000e-09
 Reference value :  8.20070e-09
 Reference value :  8.33450e-09
 Reference value :  8.46350e-09
 Reference value :  8.59925e-09
 Reference value :  8.73070e-09
 Reference value :  8.86850e-09
 Reference value :  9.00650e-09
 Reference value :  9.14150e-09
 Reference value :  9.27650e-09
 Reference value :  9.41450e-09
 Reference value :  9.54150e-09
 Reference value :  9.67350e-09
 Reference value :  9.81000e-09
 Reference value :  9.94030e-09
 Reference value :  1.00775e-08
 Reference value :  1.02085e-08
 Reference value :  1.03407e-08
 Reference value :  1.04792e-08
 Reference value :  1.06100e-08
 Reference value :  1.07465e-08
 Reference value :  1.08775e-08
 Reference value :  1.10055e-08
 Reference value :  1.11392e-08
 Reference value :  1.12707e-08
 Reference value :  1.14045e-08
 Reference value :  1.15355e-08
 Reference value :  1.16655e-08
 Reference value :  1.18001e-08
 Reference value :  1.19303e-08
 Reference value :  1.20665e-08
 Reference value :  1.22007e-08
 Reference value :  1.23365e-08
 Reference value :  1.24700e-08
 Reference value :  1.26075e-08
 Reference value :  1.27407e-08
 Reference value :  1.28725e-08
 Reference value :  1.30007e-08
 Reference value :  1.31345e-08
 Reference value :  1.32703e-08
 Reference value :  1.34092e-08
 Reference value :  1.35435e-08
 Reference value :  1.36735e-08
 Reference value :  1.38135e-08
 Reference value :  1.39445e-08
 Reference value :  1.40792e-08
 Reference value :  1.42145e-08
 Reference value :  1.43507e-08
 Reference value :  1.44845e-08
 Reference value :  1.46175e-08
 Reference value :  1.47525e-08
 Reference value :  1.48815e-08
 Reference value :  1.50135e-08
 Reference value :  1.51455e-08
 Reference value :  1.52845e-08
 Reference value :  1.54185e-08
 Reference value :  1.55525e-08
 Reference value :  1.56945e-08
 Reference value :  1.58292e-08
 Reference value :  1.59603e-08
 Reference value :  1.60985e-08
 Reference value :  1.62315e-08
 Reference value :  1.63685e-08
 Reference value :  1.65100e-08
 Reference value :  1.66485e-08
 Reference value :  1.67900e-08
 Reference value :  1.69255e-08
 Reference value :  1.70625e-08
 Reference value :  1.72000e-08
 Reference value :  1.73325e-08
 Reference value :  1.74692e-08
 Reference value :  1.76125e-08
 Reference value :  1.77600e-08
 Reference value :  1.78915e-08
 Reference value :  1.80255e-08
 Reference value :  1.81607e-08
 Reference value :  1.83015e-08
 Reference value :  1.84385e-08
 Reference value :  1.85715e-08
 Reference value :  1.87065e-08
 Reference value :  1.88425e-08
 Reference value :  1.89865e-08
 Reference value :  1.91255e-08
 Reference value :  1.92603e-08
 Reference value :  1.93945e-08
 Reference value :  1.95300e-08
 Reference value :  1.96700e-08
 Reference value :  1.98003e-08
 Reference value :  1.99345e-08
 Reference value :  2.00707e-08
 Reference value :  2.02015e-08
 Reference value :  2.03403e-08
 Reference value :  2.04765e-08
 Reference value :  2.06125e-08
 Reference value :  2.07455e-08
 Reference value :  2.08792e-08
 Reference value :  2.10135e-08
 Reference value :  2.11492e-08
 Reference value :  2.12875e-08
 Reference value :  2.14292e-08
 Reference value :  2.15603e-08
 Reference value :  2.16985e-08
 Reference value :  2.18345e-08
 Reference value :  2.19707e-08
 Reference value :  2.21075e-08
 Reference value :  2.22392e-08
 Reference value :  2.23785e-08
 Reference value :  2.25165e-08
 Reference value :  2.26545e-08
 Reference value :  2.27892e-08
 Reference value :  2.29255e-08
 Reference value :  2.30592e-08
 Reference value :  2.32203e-08
 Reference value :  2.33625e-08
 Reference value :  2.36065e-08
 Reference value :  2.38300e-08
 Reference value :  2.39685e-08
 Reference value :  2.41085e-08
 Reference value :  2.42475e-08
 Reference value :  2.44503e-08
 Reference value :  2.45985e-08
 Reference value :  2.47355e-08
 Reference value :  2.48700e-08
 Reference value :  2.50055e-08
 Reference value :  2.52300e-08
 Reference value :  2.54075e-08
 Reference value :  2.55485e-08
 Reference value :  2.56892e-08
 Reference value :  2.58292e-08
 Reference value :  2.59685e-08
 Reference value :  2.61007e-08
 Reference value :  2.62365e-08
 Reference value :  2.63735e-08
 Reference value :  2.65101e-08
 Reference value :  2.66445e-08
 Reference value :  2.67801e-08
 Reference value :  2.69175e-08
 Reference value :  2.70501e-08
 Reference value :  2.71801e-08
 Reference value :  2.73185e-08
 Reference value :  2.74507e-08
 Reference value :  2.75785e-08
 Reference value :  2.77107e-08
 Reference value :  2.78555e-08
 Reference value :  2.79825e-08
 Reference value :  2.81125e-08
 Reference value :  2.82455e-08
 Reference value :  2.83725e-08
 Reference value :  2.85015e-08
 Reference value :  2.86285e-08
 Reference value :  2.87565e-08
 Reference value :  2.88803e-08
 Reference value :  2.90100e-08
 Reference value :  2.91400e-08
 Reference value :  2.92655e-08
 Reference value :  2.93945e-08
 Reference value :  2.95303e-08
 Reference value :  2.96600e-08
 Reference value :  2.97955e-08
 Reference value :  2.99207e-08
 Reference value :  3.00545e-08
 Reference value :  3.01903e-08
 Reference value :  3.03225e-08
 Reference value :  3.04475e-08
 Reference value :  3.05785e-08
 Reference value :  3.07125e-08
 Reference value :  3.08403e-08
 Reference value :  3.09685e-08
 Reference value :  3.11015e-08
 Reference value :  3.12355e-08
 Reference value :  3.13655e-08
 Reference value :  3.14935e-08
 Reference value :  3.16207e-08
 Reference value :  3.17535e-08
 Reference value :  3.18915e-08
 Reference value :  3.20235e-08
 Reference value :  3.21575e-08
 Reference value :  3.22915e-08
 Reference value :  3.24207e-08
 Reference value :  3.25535e-08
 Reference value :  3.26807e-08
 Reference value :  3.28135e-08
 Reference value :  3.29535e-08
 Reference value :  3.31225e-08
 Reference value :  3.33000e-08
 Reference value :  3.34265e-08
 Reference value :  3.35635e-08
 Reference value :  3.37600e-08
 Reference value :  3.39001e-08
 Reference value :  3.40365e-08
 Reference value :  3.41845e-08
 Reference value :  3.43685e-08
 Reference value :  3.44975e-08
 Reference value :  3.46255e-08
 Reference value :  3.47607e-08
 Reference value :  3.48975e-08
 Reference value :  3.50303e-08
 Reference value :  3.51665e-08
 Reference value :  3.53003e-08
 Reference value :  3.54385e-08
 Reference value :  3.55803e-08
 Reference value :  3.57155e-08
 Reference value :  3.58455e-08
 Reference value :  3.59807e-08
 Reference value :  3.61165e-08
 Reference value :  3.63007e-08
 Reference value :  3.64807e-08
 Reference value :  3.66100e-08
 Reference value :  3.67455e-08
 Reference value :  3.69607e-08
 Reference value :  3.70907e-08
 Reference value :  3.72292e-08
 Reference value :  3.73625e-08
 Reference value :  3.75007e-08
 Reference value :  3.77392e-08
 Reference value :  3.78745e-08
 Reference value :  3.80107e-08
 Reference value :  3.81403e-08
 Reference value :  3.83301e-08
 Reference value :  3.84645e-08
 Reference value :  3.85985e-08
 Reference value :  3.87265e-08
 Reference value :  3.88603e-08
 Reference value :  3.89907e-08
 Reference value :  3.91501e-08
 Reference value :  3.93507e-08
 Reference value :  3.95303e-08
 Reference value :  3.96601e-08
 Reference value :  3.97903e-08
 Reference value :  4.00015e-08
 Reference value :  4.01303e-08
 Reference value :  4.02635e-08
 Reference value :  4.03965e-08
 Reference value :  4.05275e-08
 Reference value :  4.06625e-08
 Reference value :  4.07965e-08
 Reference value :  4.09385e-08
 Reference value :  4.10775e-08
 Reference value :  4.12115e-08
 Reference value :  4.13465e-08
 Reference value :  4.14865e-08
 Reference value :  4.16265e-08
 Reference value :  4.17601e-08
 Reference value :  4.18900e-08
 Reference value :  4.20265e-08
 Reference value :  4.21635e-08
 Reference value :  4.23792e-08
 Reference value :  4.25185e-08
 Reference value :  4.26575e-08
 Reference value :  4.28600e-08
 Reference value :  4.29925e-08
 Reference value :  4.31401e-08
 Reference value :  4.32775e-08
 Reference value :  4.34201e-08
 Reference value :  4.36315e-08
 Reference value :  4.37692e-08
 Reference value :  4.39035e-08
 Reference value :  4.40365e-08
 Reference value :  4.41725e-08
 Reference value :  4.43065e-08
 Reference value :  4.44400e-08
 Reference value :  4.45785e-08
 Reference value :  4.47192e-08
 Reference value :  4.48565e-08
 Reference value :  4.49975e-08
 Reference value :  4.51365e-08
 Reference value :  4.52700e-08
 Reference value :  4.54065e-08
 Reference value :  4.55475e-08
 Reference value :  4.57392e-08
 Reference value :  4.58735e-08
 Reference value :  4.60125e-08
 Reference value :  4.61945e-08
 Reference value :  4.63301e-08
 Reference value :  4.64675e-08
 Reference value :  4.66025e-08
 Reference value :  4.67401e-08
 Reference value :  4.69355e-08
 Reference value :  4.70903e-08
 Reference value :  4.72292e-08
 Reference value :  4.73907e-08
 Reference value :  4.75275e-08
 Reference value :  4.76703e-08
 Reference value :  4.78092e-08
 Reference value :  4.79401e-08
 Reference value :  4.80715e-08
 Reference value :  4.82055e-08
 Reference value :  4.83400e-08
 Reference value :  4.84707e-08
 Reference value :  4.86035e-08
 Reference value :  4.87435e-08
 Reference value :  4.88803e-08
 Reference value :  4.90175e-08
 Reference value :  4.91785e-08
 Reference value :  4.93607e-08
 Reference value :  4.94985e-08
 Reference value :  4.96365e-08
 Reference value :  4.98507e-08
 Reference value :  4.99901e-08
 Reference value :  5.01301e-08
 Reference value :  5.02692e-08
 Reference value :  5.04055e-08
 Reference value :  5.05415e-08
 Reference value :  5.07407e-08
 Reference value :  5.09000e-08
 Reference value :  5.10435e-08
 Reference value :  5.11775e-08
 Reference value :  5.13085e-08
 Reference value :  5.14465e-08
 Reference value :  5.15815e-08
 Reference value :  5.17155e-08
 Reference value :  5.18525e-08
 Reference value :  5.19892e-08
 Reference value :  5.21245e-08
 Reference value :  5.22601e-08
 Reference value :  5.23992e-08
 Reference value :  5.25335e-08
 Reference value :  5.26701e-08
 Reference value :  5.28175e-08
 Reference value :  5.29607e-08
 Reference value :  5.31801e-08
 Reference value :  5.33165e-08
 Reference value :  5.34507e-08
 Reference value :  5.35935e-08
 Reference value :  5.37925e-08
 Reference value :  5.39285e-08
 Reference value :  5.40701e-08
 Reference value :  5.42075e-08
 Reference value :  5.43415e-08
 Reference value :  5.44792e-08
 Reference value :  5.46392e-08
 Reference value :  5.47900e-08
 Reference value :  5.49235e-08
 Reference value :  5.50625e-08
 Reference value :  5.52025e-08
 Reference value :  5.53403e-08
 Reference value :  5.54800e-08
 Reference value :  5.56155e-08
 Reference value :  5.57503e-08
 Reference value :  5.58845e-08
 Reference value :  5.60285e-08
 Reference value :  5.61601e-08
 Reference value :  5.62975e-08
 Reference value :  5.64325e-08
 Reference value :  5.65792e-08
 Reference value :  5.67155e-08
 Reference value :  5.68601e-08
 Reference value :  5.70025e-08
 Reference value :  5.71401e-08
 Reference value :  5.72765e-08
 Reference value :  5.74185e-08
 Reference value :  5.75585e-08
 Reference value :  5.76907e-08
 Reference value :  5.78215e-08
 Reference value :  5.79565e-08
 Reference value :  5.80903e-08
 Reference value :  5.82300e-08
 Reference value :  5.83725e-08
 Reference value :  5.85185e-08
 Reference value :  5.86503e-08
 Reference value :  5.87907e-08
 Reference value :  5.89301e-08
 Reference value :  5.90675e-08
 Reference value :  5.92092e-08
 Reference value :  5.93555e-08
 Reference value :  5.95000e-08
 Reference value :  5.96365e-08
 Reference value :  5.97785e-08
 Reference value :  5.99155e-08
 Reference value :  6.00535e-08
 Reference value :  6.01907e-08
 Reference value :  6.03275e-08
 Reference value :  6.04635e-08
 Reference value :  6.06055e-08
 Reference value :  6.07400e-08
 Reference value :  6.08725e-08
 Reference value :  6.10100e-08
 Reference value :  6.11492e-08
 Reference value :  6.12901e-08
 Reference value :  6.14255e-08
 Reference value :  6.15655e-08
 Reference value :  6.17025e-08
 Reference value :  6.18385e-08
 Reference value :  6.19825e-08
 Reference value :  6.21301e-08
 Reference value :  6.22845e-08
 Reference value :  6.24485e-08
 Reference value :  6.25975e-08
 Reference value :  6.27455e-08
 Reference value :  6.29025e-08
 Reference value :  6.30645e-08
 Reference value :  6.32175e-08
 Reference value :  6.33707e-08
 Reference value :  6.35285e-08
 Reference value :  6.36801e-08
 Reference value :  6.38415e-08
 Reference value :  6.39835e-08
 Reference value :  6.41325e-08
 Reference value :  6.42875e-08
 Reference value :  6.44465e-08
 Reference value :  6.45907e-08
 Reference value :  6.47401e-08
 Reference value :  6.48975e-08
 Reference value :  6.50535e-08
 Reference value :  6.52001e-08
 Reference value :  6.53475e-08
 Reference value :  6.55085e-08
 Reference value :  6.56675e-08
 Reference value :  6.58192e-08
 Reference value :  6.59692e-08
 Reference value :  6.61285e-08
 Reference value :  6.62792e-08
 Reference value :  6.64207e-08
 Reference value :  6.65765e-08
 Reference value :  6.67225e-08
 Reference value :  6.68725e-08
 Reference value :  6.70300e-08
 Reference value :  6.71765e-08
 Reference value :  6.73275e-08
 Reference value :  6.74865e-08
 Reference value :  6.76415e-08
 Reference value :  6.77907e-08
 Reference value :  6.79425e-08
 Reference value :  6.80945e-08
 Reference value :  6.82435e-08
 Reference value :  6.84025e-08
 Reference value :  6.85500e-08
 Reference value :  6.87035e-08
 Reference value :  6.88492e-08
 Reference value :  6.90065e-08
 Reference value :  6.91555e-08
 Reference value :  6.93035e-08
 Reference value :  6.94601e-08
 Reference value :  6.96135e-08
 Reference value :  6.97775e-08
 Reference value :  6.99315e-08
 Reference value :  7.00845e-08
 Reference value :  7.02301e-08
 Reference value :  7.03855e-08
 Reference value :  7.05392e-08
 Reference value :  7.06915e-08
 Reference value :  7.08445e-08
 Reference value :  7.09901e-08
 Reference value :  7.11401e-08
 Reference value :  7.12992e-08
 Reference value :  7.14515e-08
 Reference value :  7.15992e-08
 Reference value :  7.17501e-08
 Reference value :  7.19045e-08
 Reference value :  7.20700e-08
 Reference value :  7.22007e-08
 Reference value :  7.23345e-08
 Reference value :  7.24815e-08
 Reference value :  7.26300e-08
 Reference value :  7.27755e-08
 Reference value :  7.29235e-08
 Reference value :  7.30745e-08
 Reference value :  7.32175e-08
 Reference value :  7.33555e-08
 Reference value :  7.35025e-08
 Reference value :  7.36503e-08
 Reference value :  7.37955e-08
 Reference value :  7.39445e-08
 Reference value :  7.40865e-08
 Reference value :  7.42225e-08
 Reference value :  7.43545e-08
 Reference value :  7.44885e-08
 Reference value :  7.46300e-08
 Reference value :  7.47865e-08
 Reference value :  7.49525e-08
 Reference value :  7.51135e-08
 Reference value :  7.52592e-08
 Reference value :  7.54045e-08
 Reference value :  7.55603e-08
 Reference value :  7.57075e-08
 Reference value :  7.58525e-08
 Reference value :  7.60045e-08
 Reference value :  7.61415e-08
 Reference value :  7.62800e-08
 Reference value :  7.64135e-08
 Reference value :  7.65492e-08
 Reference value :  7.66785e-08
 Reference value :  7.68092e-08
 Reference value :  7.69425e-08
 Reference value :  7.70865e-08
 Reference value :  7.72235e-08
 Reference value :  7.73765e-08
 Reference value :  7.75092e-08
 Reference value :  7.76592e-08
 Reference value :  7.77903e-08
 Reference value :  7.79215e-08
 Reference value :  7.80565e-08
 Reference value :  7.82085e-08
 Reference value :  7.83545e-08
 Reference value :  7.84985e-08
 Reference value :  7.86365e-08
 Reference value :  7.87735e-08
 Reference value :  7.89085e-08
 Reference value :  7.90435e-08
 Reference value :  7.91800e-08
 Reference value :  7.93103e-08
 Reference value :  7.94445e-08
 Reference value :  7.95800e-08
 Reference value :  7.97107e-08
 Reference value :  7.98592e-08
 Reference value :  8.00025e-08
 Reference value :  8.01435e-08
 Reference value :  8.02755e-08
 Reference value :  8.04175e-08
 Reference value :  8.05585e-08
 Reference value :  8.07035e-08
 Reference value :  8.08500e-08
 Reference value :  8.09800e-08
 Reference value :  8.11203e-08
 Reference value :  8.12592e-08
 Reference value :  8.13985e-08
 Reference value :  8.15385e-08
 Reference value :  8.16745e-08
 Reference value :  8.18103e-08
 Reference value :  8.19465e-08
 Reference value :  8.20845e-08
 Reference value :  8.22225e-08
 Reference value :  8.23565e-08
 Reference value :  8.25007e-08
 Reference value :  8.26401e-08
 Reference value :  8.27735e-08
 Reference value :  8.29100e-08
 Reference value :  8.30415e-08
 Reference value :  8.31715e-08
 Reference value :  8.33100e-08
 Reference value :  8.34385e-08
 Reference value :  8.35707e-08
 Reference value :  8.37145e-08
 Reference value :  8.38492e-08
 Reference value :  8.39803e-08
 Reference value :  8.41145e-08
 Reference value :  8.42501e-08
 Reference value :  8.43825e-08
 Reference value :  8.45185e-08
 Reference value :  8.46525e-08
 Reference value :  8.47892e-08
 Reference value :  8.49225e-08
 Reference value :  8.50575e-08
 Reference value :  8.51907e-08
 Reference value :  8.53275e-08
 Reference value :  8.54603e-08
 Reference value :  8.56045e-08
 Reference value :  8.57385e-08
 Reference value :  8.58707e-08
 Reference value :  8.60075e-08
 Reference value :  8.61415e-08
 Reference value :  8.62715e-08
 Reference value :  8.64092e-08
 Reference value :  8.65465e-08
 Reference value :  8.66801e-08
 Reference value :  8.68115e-08
 Reference value :  8.69475e-08
 Reference value :  8.70801e-08
 Reference value :  8.72107e-08
 Reference value :  8.73507e-08
 Reference value :  8.75165e-08
 Reference value :  8.77055e-08
 Reference value :  8.78392e-08
 Reference value :  8.79775e-08
 Reference value :  8.81125e-08
 Reference value :  8.82403e-08
 Reference value :  8.83755e-08
 Reference value :  8.85045e-08
 Reference value :  8.86375e-08
 Reference value :  8.87735e-08
 Reference value :  8.89055e-08
 Reference value :  8.90407e-08
 Reference value :  8.91792e-08
 Reference value :  8.93145e-08
 Reference value :  8.94603e-08
 Reference value :  8.95901e-08
 Reference value :  8.97315e-08
 Reference value :  8.99103e-08
 Reference value :  9.01535e-08
 Reference value :  9.03855e-08
 Reference value :  9.05345e-08
 Reference value :  9.06735e-08
 Reference value :  9.08125e-08
 Reference value :  9.09465e-08
 Reference value :  9.10815e-08
 Reference value :  9.12301e-08
 Reference value :  9.13635e-08
 Reference value :  9.15001e-08
 Reference value :  9.16385e-08
 Reference value :  9.17703e-08
 Reference value :  9.19003e-08
 Reference value :  9.20335e-08
 Reference value :  9.21655e-08
 Reference value :  9.22992e-08
 Reference value :  9.24315e-08
 Reference value :  9.25700e-08
 Reference value :  9.27175e-08
 Reference value :  9.28775e-08
 Reference value :  9.30235e-08
 Reference value :  9.31645e-08
 Reference value :  9.33115e-08
 Reference value :  9.34503e-08
 Reference value :  9.35903e-08
 Reference value :  9.37300e-08
 Reference value :  9.38865e-08
 Reference value :  9.40355e-08
 Reference value :  9.41707e-08
 Reference value :  9.43075e-08
 Reference value :  9.44403e-08
 Reference value :  9.45803e-08
 Reference value :  9.47200e-08
 Reference value :  9.48555e-08
 Reference value :  9.49875e-08
 Reference value :  9.51255e-08
 Reference value :  9.52585e-08
 Reference value :  9.53901e-08
 Reference value :  9.55275e-08
 Reference value :  9.56692e-08
 Reference value :  9.58103e-08
 Reference value :  9.59445e-08
 Reference value :  9.60855e-08
 Reference value :  9.62207e-08
 Reference value :  9.63575e-08
 Reference value :  9.64965e-08
 Reference value :  9.66292e-08
 Reference value :  9.67601e-08
 Reference value :  9.68975e-08
 Reference value :  9.70315e-08
 Reference value :  9.71645e-08
 Reference value :  9.73055e-08
 Reference value :  9.74435e-08
 Reference value :  9.75803e-08
 Reference value :  9.77175e-08
 Reference value :  9.78625e-08
 Reference value :  9.80015e-08
 Reference value :  9.81415e-08
 Reference value :  9.82792e-08
 Reference value :  9.84200e-08
 Reference value :  9.85685e-08
 Reference value :  9.87055e-08
 Reference value :  9.88507e-08
 Reference value :  9.89892e-08
 Reference value :  9.91415e-08
 Reference value :  9.92885e-08
 Reference value :  9.94307e-08
 Reference value :  9.95707e-08
 Reference value :  9.97255e-08
 Reference value :  9.98735e-08
 Reference value :  1.00021e-07
 Reference value :  1.00174e-07
 Reference value :  1.00327e-07
 Reference value :  1.00470e-07
 Reference value :  1.00619e-07
 Reference value :  1.00760e-07
 Reference value :  1.00909e-07
 Reference value :  1.01068e-07
 Reference value :  1.01220e-07
 Reference value :  1.01373e-07
 Reference value :  1.01521e-07
 Reference value :  1.01663e-07
 Reference value :  1.01811e-07
 Reference value :  1.01952e-07
 Reference value :  1.02101e-07
 Reference value :  1.02260e-07
 Reference value :  1.02408e-07
 Reference value :  1.02551e-07
 Reference value :  1.02697e-07
 Reference value :  1.02860e-07
 Reference value :  1.03004e-07
 Reference value :  1.03148e-07
 Reference value :  1.03285e-07
 Reference value :  1.03422e-07
 Reference value :  1.03566e-07
 Reference value :  1.03708e-07
 Reference value :  1.03850e-07
 Reference value :  1.03992e-07
 Reference value :  1.04141e-07
 Reference value :  1.04280e-07
 Reference value :  1.04415e-07
 Reference value :  1.04569e-07
 Reference value :  1.04709e-07
 Reference value :  1.04845e-07
 Reference value :  1.04995e-07
 Reference value :  1.05130e-07
 Reference value :  1.05272e-07
 Reference value :  1.05405e-07
 Reference value :  1.05540e-07
 Reference value :  1.05679e-07
 Reference value :  1.05820e-07
 Reference value :  1.05951e-07
 Reference value :  1.06095e-07
 Reference value :  1.06248e-07
 Reference value :  1.06393e-07
 Reference value :  1.06527e-07
 Reference value :  1.06678e-07
 Reference value :  1.06815e-07
 Reference value :  1.06962e-07
 Reference value :  1.07104e-07
 Reference value :  1.07239e-07
 Reference value :  1.07379e-07
 Reference value :  1.07524e-07
 Reference value :  1.07676e-07
 Reference value :  1.07820e-07
 Reference value :  1.07952e-07
 Reference value :  1.08091e-07
 Reference value :  1.08233e-07
 Reference value :  1.08369e-07
 Reference value :  1.08502e-07
 Reference value :  1.08650e-07
 Reference value :  1.08802e-07
 Reference value :  1.08939e-07
 Reference value :  1.09080e-07
 Reference value :  1.09212e-07
 Reference value :  1.09355e-07
 Reference value :  1.09490e-07
 Reference value :  1.09627e-07
 Reference value :  1.09765e-07
 Reference value :  1.09904e-07
 Reference value :  1.10041e-07
 Reference value :  1.10185e-07
 Reference value :  1.10331e-07
 Reference value :  1.10477e-07
 Reference value :  1.10620e-07
 Reference value :  1.10760e-07
 Reference value :  1.10910e-07
 Reference value :  1.11061e-07
 Reference value :  1.11225e-07
 Reference value :  1.11374e-07
 Reference value :  1.11513e-07
 Reference value :  1.11661e-07
 Reference value :  1.11822e-07
 Reference value :  1.11963e-07
 Reference value :  1.12110e-07
 Reference value :  1.12253e-07
 Reference value :  1.12403e-07
 Reference value :  1.12558e-07
 Reference value :  1.12699e-07
 Reference value :  1.12847e-07
 Reference value :  1.13001e-07
 Reference value :  1.13150e-07
 Reference value :  1.13300e-07
 Reference value :  1.13446e-07
 Reference value :  1.13591e-07
 Reference value :  1.13744e-07
 Reference value :  1.13900e-07
 Reference value :  1.14051e-07
 Reference value :  1.14191e-07
 Reference value :  1.14340e-07
 Reference value :  1.14507e-07
 Reference value :  1.14675e-07
 Reference value :  1.14848e-07
 Reference value :  1.15002e-07
 Reference value :  1.15190e-07
 Reference value :  1.15340e-07
 Reference value :  1.15483e-07
 Reference value :  1.15625e-07
 Reference value :  1.15776e-07
 Reference value :  1.15932e-07
 Reference value :  1.16083e-07
 Reference value :  1.16230e-07
 Reference value :  1.16374e-07
 Reference value :  1.16525e-07
 Reference value :  1.16670e-07
 Reference value :  1.16810e-07
 Reference value :  1.16943e-07
 Reference value :  1.17076e-07
 Reference value :  1.17209e-07
 Reference value :  1.17341e-07
 Reference value :  1.17480e-07
 Reference value :  1.17617e-07
 Reference value :  1.17754e-07
 Reference value :  1.17889e-07
 Reference value :  1.18019e-07
 Reference value :  1.18151e-07
 Reference value :  1.18290e-07
 Reference value :  1.18421e-07
 Reference value :  1.18553e-07
 Reference value :  1.18689e-07
 Reference value :  1.18825e-07
 Reference value :  1.18956e-07
 Reference value :  1.19110e-07
 Reference value :  1.19248e-07
 Reference value :  1.19380e-07
 Reference value :  1.19511e-07
 Reference value :  1.19658e-07
 Reference value :  1.19798e-07
 Reference value :  1.19931e-07
 Reference value :  1.20061e-07
 Reference value :  1.20195e-07
 Reference value :  1.20330e-07
 Reference value :  1.20463e-07
 Reference value :  1.20606e-07
 Reference value :  1.20741e-07
 Reference value :  1.20880e-07
 Reference value :  1.21012e-07
 Reference value :  1.21144e-07
 Reference value :  1.21280e-07
 Reference value :  1.21409e-07
 Reference value :  1.21538e-07
 Reference value :  1.21676e-07
 Reference value :  1.21810e-07
 Reference value :  1.21947e-07
 Reference value :  1.22081e-07
 Reference value :  1.22215e-07
 Reference value :  1.22346e-07
 Reference value :  1.22477e-07
 Reference value :  1.22610e-07
 Reference value :  1.22746e-07
 Reference value :  1.22882e-07
 Reference value :  1.23021e-07
 Reference value :  1.23161e-07
 Reference value :  1.23300e-07
 Reference value :  1.23439e-07
 Reference value :  1.23574e-07
 Reference value :  1.23715e-07
 Reference value :  1.23851e-07
 Reference value :  1.23990e-07
 Reference value :  1.24128e-07
 Reference value :  1.24270e-07
 Reference value :  1.24400e-07
 Reference value :  1.24530e-07
 Reference value :  1.24675e-07
 Reference value :  1.24810e-07
 Reference value :  1.24949e-07
 Reference value :  1.25084e-07
 Reference value :  1.25219e-07
 Reference value :  1.25357e-07
 Reference value :  1.25487e-07
 Reference value :  1.25629e-07
 Reference value :  1.25765e-07
 Reference value :  1.25900e-07
 Reference value :  1.26032e-07
 Reference value :  1.26166e-07
 Reference value :  1.26304e-07
 Reference value :  1.26462e-07
 Reference value :  1.26594e-07
 Reference value :  1.26730e-07
 Reference value :  1.26860e-07
 Reference value :  1.26998e-07
 Reference value :  1.27130e-07
 Reference value :  1.27263e-07
 Reference value :  1.27401e-07
 Reference value :  1.27550e-07
 Reference value :  1.27682e-07
 Reference value :  1.27821e-07
 Reference value :  1.27956e-07
 Reference value :  1.28098e-07
 Reference value :  1.28233e-07
 Reference value :  1.28368e-07
 Reference value :  1.28507e-07
 Reference value :  1.28639e-07
 Reference value :  1.28822e-07
 Reference value :  1.28954e-07
 Reference value :  1.29088e-07
 Reference value :  1.29227e-07
 Reference value :  1.29361e-07
 Reference value :  1.29498e-07
 Reference value :  1.29646e-07
 Reference value :  1.29790e-07
 Reference value :  1.29940e-07
 Reference value :  1.30081e-07
 Reference value :  1.30215e-07
 Reference value :  1.30356e-07
 Reference value :  1.30494e-07
 Reference value :  1.30632e-07
 Reference value :  1.30767e-07
 Reference value :  1.30902e-07
 Reference value :  1.31037e-07
 Reference value :  1.31176e-07
 Reference value :  1.31319e-07
 Reference value :  1.31452e-07
 Reference value :  1.31591e-07
 Reference value :  1.31725e-07
 Reference value :  1.31865e-07
 Reference value :  1.32000e-07
 Reference value :  1.32140e-07
 Reference value :  1.32272e-07
 Reference value :  1.32403e-07
 Reference value :  1.32537e-07
 Reference value :  1.32670e-07
 Reference value :  1.32805e-07
 Reference value :  1.32934e-07
 Reference value :  1.33070e-07
 Reference value :  1.33206e-07
 Reference value :  1.33344e-07
 Reference value :  1.33485e-07
 Reference value :  1.33621e-07
 Reference value :  1.33752e-07
 Reference value :  1.33889e-07
 Reference value :  1.34019e-07
 Reference value :  1.34152e-07
 Reference value :  1.34294e-07
 Reference value :  1.34427e-07
 Reference value :  1.34560e-07
 Reference value :  1.34696e-07
 Reference value :  1.34830e-07
 Reference value :  1.34968e-07
 Reference value :  1.35103e-07
 Reference value :  1.35247e-07
 Reference value :  1.35380e-07
 Reference value :  1.35520e-07
 Reference value :  1.35654e-07
 Reference value :  1.35789e-07
 Reference value :  1.35921e-07
 Reference value :  1.36057e-07
 Reference value :  1.36191e-07
 Reference value :  1.36323e-07
 Reference value :  1.36459e-07
 Reference value :  1.36590e-07
 Reference value :  1.36726e-07
 Reference value :  1.36861e-07
 Reference value :  1.36990e-07
 Reference value :  1.37130e-07
 Reference value :  1.37261e-07
 Reference value :  1.37401e-07
 Reference value :  1.37536e-07
 Reference value :  1.37664e-07
 Reference value :  1.37803e-07
 Reference value :  1.37932e-07
 Reference value :  1.38070e-07
 Reference value :  1.38202e-07
 Reference value :  1.38333e-07
 Reference value :  1.38472e-07
 Reference value :  1.38609e-07
 Reference value :  1.38743e-07
 Reference value :  1.38882e-07
 Reference value :  1.39016e-07
 Reference value :  1.39145e-07
 Reference value :  1.39279e-07
 Reference value :  1.39410e-07
 Reference value :  1.39547e-07
 Reference value :  1.39685e-07
 Reference value :  1.39822e-07
 Reference value :  1.39958e-07
 Reference value :  1.40090e-07
 Reference value :  1.40225e-07
 Reference value :  1.40360e-07
 Reference value :  1.40496e-07
 Reference value :  1.40635e-07
 Reference value :  1.40770e-07
 Reference value :  1.40909e-07
 Reference value :  1.41046e-07
 Reference value :  1.41182e-07
 Reference value :  1.41322e-07
 Reference value :  1.41456e-07
 Reference value :  1.41588e-07
 Reference value :  1.41724e-07
 Reference value :  1.41860e-07
 Reference value :  1.41990e-07
 Reference value :  1.42127e-07
 Reference value :  1.42267e-07
 Reference value :  1.42406e-07
 Reference value :  1.42539e-07
 Reference value :  1.42680e-07
 Reference value :  1.42810e-07
 Reference value :  1.42951e-07
 Reference value :  1.43090e-07
 Reference value :  1.43222e-07
 Reference value :  1.43361e-07
 Reference value :  1.43491e-07
 Reference value :  1.43630e-07
 Reference value :  1.43770e-07
 Reference value :  1.43900e-07
 Reference value :  1.44050e-07
 Reference value :  1.44202e-07
 Reference value :  1.44345e-07
 Reference value :  1.44485e-07
 Reference value :  1.44617e-07
 Reference value :  1.44757e-07
 Reference value :  1.44895e-07
 Reference value :  1.45027e-07
 Reference value :  1.45166e-07
 Reference value :  1.45310e-07
 Reference value :  1.45449e-07
 Reference value :  1.45583e-07
 Reference value :  1.45727e-07
 Reference value :  1.45860e-07
 Reference value :  1.46000e-07
 Reference value :  1.46138e-07
 Reference value :  1.46280e-07
 Reference value :  1.46419e-07
 Reference value :  1.46563e-07
 Reference value :  1.46700e-07
 Reference value :  1.46840e-07
 Reference value :  1.46990e-07
 Reference value :  1.47120e-07
 Reference value :  1.47261e-07
 Reference value :  1.47400e-07
 Reference value :  1.47540e-07
 Reference value :  1.47676e-07
 Reference value :  1.47810e-07
 Reference value :  1.47946e-07
 Reference value :  1.48075e-07
 Reference value :  1.48210e-07
 Reference value :  1.48348e-07
 Reference value :  1.48486e-07
 Reference value :  1.48616e-07
 Reference value :  1.48753e-07
 Reference value :  1.48884e-07
 Reference value :  1.49014e-07
 Reference value :  1.49154e-07
 Reference value :  1.49287e-07
 Reference value :  1.49441e-07
 Reference value :  1.49579e-07
 Reference value :  1.49711e-07
 Reference value :  1.49852e-07
 Reference value :  1.49986e-07
 Reference value :  1.50120e-07
 Reference value :  1.50251e-07
 Reference value :  1.50388e-07
 Reference value :  1.50520e-07
 Reference value :  1.50668e-07
 Reference value :  1.50807e-07
 Reference value :  1.50937e-07
 Reference value :  1.51070e-07
 Reference value :  1.51205e-07
 Reference value :  1.51350e-07
 Reference value :  1.51484e-07
 Reference value :  1.51620e-07
 Reference value :  1.51759e-07
 Reference value :  1.51892e-07
 Reference value :  1.52034e-07
 Reference value :  1.52170e-07
 Reference value :  1.52302e-07
 Reference value :  1.52446e-07
 Reference value :  1.52580e-07
 Reference value :  1.52717e-07
 Reference value :  1.52853e-07
 Reference value :  1.52996e-07
 Reference value :  1.53132e-07
 Reference value :  1.53270e-07
 Reference value :  1.53406e-07
 Reference value :  1.53541e-07
 Reference value :  1.53680e-07
 Reference value :  1.53820e-07
 Reference value :  1.53957e-07
 Reference value :  1.54094e-07
 Reference value :  1.54237e-07
 Reference value :  1.54371e-07
 Reference value :  1.54510e-07
 Reference value :  1.54645e-07
 Reference value :  1.54778e-07
 Reference value :  1.54914e-07
 Reference value :  1.55044e-07
 Reference value :  1.55190e-07
 Reference value :  1.55321e-07
 Reference value :  1.55456e-07
 Reference value :  1.55590e-07
 Reference value :  1.55720e-07
 Reference value :  1.55862e-07
 Reference value :  1.55998e-07
 Reference value :  1.56138e-07
 Reference value :  1.56271e-07
 Reference value :  1.56420e-07
 Reference value :  1.56585e-07
 Reference value :  1.56720e-07
 Reference value :  1.56857e-07
 Reference value :  1.56990e-07
 Reference value :  1.57123e-07
 Reference value :  1.57261e-07
 Reference value :  1.57396e-07
 Reference value :  1.57526e-07
 Reference value :  1.57671e-07
 Reference value :  1.57801e-07
 Reference value :  1.57940e-07
 Reference value :  1.58081e-07
 Reference value :  1.58211e-07
 Reference value :  1.58348e-07
 Reference value :  1.58480e-07
 Reference value :  1.58614e-07
 Reference value :  1.58754e-07
 Reference value :  1.58892e-07
 Reference value :  1.59030e-07
 Reference value :  1.59174e-07
 Reference value :  1.59314e-07
 Reference value :  1.59445e-07
 Reference value :  1.59590e-07
 Reference value :  1.59731e-07
 Reference value :  1.59863e-07
 Reference value :  1.60000e-07
 Reference value :  1.60134e-07
 Reference value :  1.60280e-07
 Reference value :  1.60429e-07
 Reference value :  1.60560e-07
 Reference value :  1.60700e-07
 Reference value :  1.60840e-07
 Reference value :  1.60970e-07
 Reference value :  1.61105e-07
 Reference value :  1.61239e-07
 Reference value :  1.61371e-07
 Reference value :  1.61506e-07
 Reference value :  1.61640e-07
 Reference value :  1.61777e-07
 Reference value :  1.61914e-07
 Reference value :  1.62061e-07
 Reference value :  1.62200e-07
 Reference value :  1.62331e-07
 Reference value :  1.62467e-07
 Reference value :  1.62602e-07
 Reference value :  1.62741e-07
 Reference value :  1.62871e-07
 Reference value :  1.63006e-07
 Reference value :  1.63141e-07
 Reference value :  1.63279e-07
 Reference value :  1.63412e-07
 Reference value :  1.63552e-07
 Reference value :  1.63694e-07
 Reference value :  1.63835e-07
 Reference value :  1.63971e-07
 Reference value :  1.64112e-07
 Reference value :  1.64245e-07
 Reference value :  1.64387e-07
 Reference value :  1.64518e-07
 Reference value :  1.64667e-07
 Reference value :  1.64802e-07
 Reference value :  1.64940e-07
 Reference value :  1.65078e-07
 Reference value :  1.65222e-07
 Reference value :  1.65361e-07
 Reference value :  1.65500e-07
 Reference value :  1.65639e-07
 Reference value :  1.65777e-07
 Reference value :  1.65920e-07
 Reference value :  1.66051e-07
 Reference value :  1.66185e-07
 Reference value :  1.66317e-07
 Reference value :  1.66451e-07
 Reference value :  1.66587e-07
 Reference value :  1.66721e-07
 Reference value :  1.66853e-07
 Reference value :  1.66983e-07
 Reference value :  1.67118e-07
 Reference value :  1.67254e-07
 Reference value :  1.67390e-07
 Reference value :  1.67539e-07
 Reference value :  1.67676e-07
 Reference value :  1.67816e-07
 Reference value :  1.67949e-07
 Reference value :  1.68081e-07
 Reference value :  1.68218e-07
 Reference value :  1.68355e-07
 Reference value :  1.68484e-07
 Reference value :  1.68621e-07
 Reference value :  1.68757e-07
 Reference value :  1.68890e-07
 Reference value :  1.69021e-07
 Reference value :  1.69153e-07
 Reference value :  1.69292e-07
 Reference value :  1.69424e-07
 Reference value :  1.69556e-07
 Reference value :  1.69693e-07
 Reference value :  1.69823e-07
 Reference value :  1.69954e-07
 Reference value :  1.70088e-07
 Reference value :  1.70228e-07
 Reference value :  1.70361e-07
 Reference value :  1.70491e-07
 Reference value :  1.70632e-07
 Reference value :  1.70768e-07
 Reference value :  1.70901e-07
 Reference value :  1.71039e-07
 Reference value :  1.71174e-07
 Reference value :  1.71310e-07
 Reference value :  1.71446e-07
 Reference value :  1.71578e-07
 Reference value :  1.71711e-07
 Reference value :  1.71850e-07
 Reference value :  1.71983e-07
 Reference value :  1.72120e-07
 Reference value :  1.72260e-07
 Reference value :  1.72393e-07
 Reference value :  1.72529e-07
 Reference value :  1.72661e-07
 Reference value :  1.72797e-07
 Reference value :  1.72925e-07
 Reference value :  1.73061e-07
 Reference value :  1.73199e-07
 Reference value :  1.73340e-07
 Reference value :  1.73473e-07
 Reference value :  1.73610e-07
 Reference value :  1.73746e-07
 Reference value :  1.73885e-07
 Reference value :  1.74032e-07
 Reference value :  1.74169e-07
 Reference value :  1.74307e-07
 Reference value :  1.74439e-07
 Reference value :  1.74572e-07
 Reference value :  1.74701e-07
 Reference value :  1.74834e-07
 Reference value :  1.74969e-07
 Reference value :  1.75111e-07
 Reference value :  1.75250e-07
 Reference value :  1.75389e-07
 Reference value :  1.75526e-07
 Reference value :  1.75663e-07
 Reference value :  1.75799e-07
 Reference value :  1.75931e-07
 Reference value :  1.76063e-07
 Reference value :  1.76199e-07
 Reference value :  1.76336e-07
 Reference value :  1.76469e-07
 Reference value :  1.76604e-07
 Reference value :  1.76740e-07
 Reference value :  1.76874e-07
 Reference value :  1.77011e-07
 Reference value :  1.77143e-07
 Reference value :  1.77286e-07
 Reference value :  1.77420e-07
 Reference value :  1.77559e-07
 Reference value :  1.77694e-07
 Reference value :  1.77837e-07
 Reference value :  1.77976e-07
 Reference value :  1.78110e-07
 Reference value :  1.78257e-07
 Reference value :  1.78395e-07
 Reference value :  1.78537e-07
 Reference value :  1.78670e-07
 Reference value :  1.78800e-07
 Reference value :  1.78940e-07
 Reference value :  1.79080e-07
 Reference value :  1.79219e-07
 Reference value :  1.79355e-07
 Reference value :  1.79491e-07
 Reference value :  1.79622e-07
 Reference value :  1.79761e-07
 Reference value :  1.79908e-07
 Reference value :  1.80058e-07
 Reference value :  1.80191e-07
 Reference value :  1.80325e-07
 Reference value :  1.80460e-07
 Reference value :  1.80589e-07
 Reference value :  1.80728e-07
 Reference value :  1.80868e-07
 Reference value :  1.81001e-07
 Reference value :  1.81141e-07
 Reference value :  1.81273e-07
 Reference value :  1.81412e-07
 Reference value :  1.81543e-07
 Reference value :  1.81681e-07
 Reference value :  1.81822e-07
 Reference value :  1.81962e-07
 Reference value :  1.82095e-07
 Reference value :  1.82230e-07
 Reference value :  1.82370e-07
 Reference value :  1.82511e-07
 Reference value :  1.82652e-07
 Reference value :  1.82789e-07
 Reference value :  1.82927e-07
 Reference value :  1.83060e-07
 Reference value :  1.83195e-07
 Reference value :  1.83331e-07
 Reference value :  1.83465e-07
 Reference value :  1.83600e-07
 Reference value :  1.83738e-07
 Reference value :  1.83872e-07
 Reference value :  1.84005e-07
 Reference value :  1.84151e-07
 Reference value :  1.84282e-07
 Reference value :  1.84424e-07
 Reference value :  1.84563e-07
 Reference value :  1.84702e-07
 Reference value :  1.84841e-07
 Reference value :  1.84980e-07
 Reference value :  1.85113e-07
 Reference value :  1.85250e-07
 Reference value :  1.85381e-07
 Reference value :  1.85525e-07
 Reference value :  1.85661e-07
 Reference value :  1.85798e-07
 Reference value :  1.85933e-07
 Reference value :  1.86072e-07
 Reference value :  1.86210e-07
 Reference value :  1.86346e-07
 Reference value :  1.86486e-07
 Reference value :  1.86620e-07
 Reference value :  1.86758e-07
 Reference value :  1.86899e-07
 Reference value :  1.87031e-07
 Reference value :  1.87169e-07
 Reference value :  1.87303e-07
 Reference value :  1.87436e-07
 Reference value :  1.87570e-07
 Reference value :  1.87710e-07
 Reference value :  1.87843e-07
 Reference value :  1.87980e-07
 Reference value :  1.88120e-07
 Reference value :  1.88263e-07
 Reference value :  1.88401e-07
 Reference value :  1.88550e-07
 Reference value :  1.88682e-07
 Reference value :  1.88824e-07
 Reference value :  1.88960e-07
 Reference value :  1.89099e-07
 Reference value :  1.89251e-07
 Reference value :  1.89390e-07
 Reference value :  1.89534e-07
 Reference value :  1.89673e-07
 Reference value :  1.89804e-07
 Reference value :  1.89941e-07
 Reference value :  1.90081e-07
 Reference value :  1.90231e-07
 Reference value :  1.90361e-07
 Reference value :  1.90501e-07
 Reference value :  1.90640e-07
 Reference value :  1.90778e-07
 Reference value :  1.90911e-07
 Reference value :  1.91046e-07
 Reference value :  1.91179e-07
 Reference value :  1.91316e-07
 Reference value :  1.91450e-07
 Reference value :  1.91587e-07
 Reference value :  1.91730e-07
 Reference value :  1.91861e-07
 Reference value :  1.92003e-07
 Reference value :  1.92151e-07
 Reference value :  1.92285e-07
 Reference value :  1.92420e-07
 Reference value :  1.92563e-07
 Reference value :  1.92701e-07
 Reference value :  1.92837e-07
 Reference value :  1.92982e-07
 Reference value :  1.93127e-07
 Reference value :  1.93259e-07
 Reference value :  1.93393e-07
 Reference value :  1.93536e-07
 Reference value :  1.93670e-07
 Reference value :  1.93806e-07
 Reference value :  1.93944e-07
 Reference value :  1.94078e-07
 Reference value :  1.94217e-07
 Reference value :  1.94351e-07
 Reference value :  1.94481e-07
 Reference value :  1.94646e-07
 Reference value :  1.94895e-07
 Reference value :  1.95137e-07
 Reference value :  1.95375e-07
 Reference value :  1.95620e-07
 Reference value :  1.95866e-07
 Reference value :  1.96036e-07
 Reference value :  1.96177e-07
 Reference value :  1.96311e-07
 Reference value :  1.96447e-07
 Reference value :  1.96598e-07
 Reference value :  1.96740e-07
 Reference value :  1.96877e-07
 Reference value :  1.97010e-07
 Reference value :  1.97142e-07
 Reference value :  1.97280e-07
 Reference value :  1.97416e-07
 Reference value :  1.97555e-07
 Reference value :  1.97693e-07
 Reference value :  1.97831e-07
 Reference value :  1.97981e-07
 Reference value :  1.98113e-07
 Reference value :  1.98257e-07
 Reference value :  1.98390e-07
 Reference value :  1.98529e-07
 Reference value :  1.98663e-07
 Reference value :  1.98812e-07
 Reference value :  1.98953e-07
 Reference value :  1.99091e-07
 Reference value :  1.99226e-07
 Reference value :  1.99371e-07
 Reference value :  1.99520e-07
 Reference value :  1.99650e-07
 Reference value :  1.99795e-07
 Reference value :  1.99958e-07
 Reference value :  2.00200e-07
 Reference value :  2.00446e-07
 Reference value :  2.00693e-07
 Reference value :  2.00841e-07
 Reference value :  2.00971e-07
 Reference value :  2.01107e-07
 Reference value :  2.01240e-07
 Reference value :  2.01370e-07
 Reference value :  2.01511e-07
 Reference value :  2.01645e-07
 Reference value :  2.01777e-07
 Reference value :  2.01910e-07
 Reference value :  2.02041e-07
 Reference value :  2.02179e-07
 Reference value :  2.02312e-07
 Reference value :  2.02446e-07
 Reference value :  2.02589e-07
 Reference value :  2.02720e-07
 Reference value :  2.02850e-07
 Reference value :  2.02995e-07
 Reference value :  2.03130e-07
 Reference value :  2.03278e-07
 Reference value :  2.03417e-07
 Reference value :  2.03555e-07
 Reference value :  2.03694e-07
 Reference value :  2.03830e-07
 Reference value :  2.03967e-07
 Reference value :  2.04110e-07
 Reference value :  2.04245e-07
 Reference value :  2.04383e-07
 Reference value :  2.04520e-07
 Reference value :  2.04656e-07
 Reference value :  2.04802e-07
 Reference value :  2.04941e-07
 Reference value :  2.05095e-07
 Reference value :  2.05236e-07
 Reference value :  2.05382e-07
 Reference value :  2.05523e-07
 Reference value :  2.05675e-07
 Reference value :  2.05823e-07
 Reference value :  2.05990e-07
 Reference value :  2.06138e-07
 Reference value :  2.06291e-07
 Reference value :  2.06450e-07
 Reference value :  2.06591e-07
 Reference value :  2.06731e-07
 Reference value :  2.06870e-07
 Reference value :  2.07001e-07
 Reference value :  2.07144e-07
 Reference value :  2.07276e-07
 Reference value :  2.07418e-07
 Reference value :  2.07568e-07
 Reference value :  2.07727e-07
 Reference value :  2.07890e-07
 Reference value :  2.08050e-07
 Reference value :  2.08211e-07
 Reference value :  2.08361e-07
 Reference value :  2.08530e-07
 Reference value :  2.08698e-07
 Reference value :  2.08871e-07
 Reference value :  2.09047e-07
 Reference value :  2.09204e-07
 Reference value :  2.09359e-07
 Reference value :  2.09515e-07
 Reference value :  2.09646e-07
 Reference value :  2.09785e-07
 Reference value :  2.09923e-07
 Reference value :  2.10055e-07
 Reference value :  2.10195e-07
 Reference value :  2.10330e-07
 Reference value :  2.10471e-07
 Reference value :  2.10603e-07
 Reference value :  2.10750e-07
 Reference value :  2.10890e-07
 Reference value :  2.11041e-07
 Reference value :  2.11200e-07
 Reference value :  2.11394e-07
 Reference value :  2.11557e-07
 Reference value :  2.11722e-07
 Reference value :  2.11876e-07
 Reference value :  2.12044e-07
 Reference value :  2.12220e-07
 Reference value :  2.12401e-07
 Reference value :  2.12571e-07
 Reference value :  2.12738e-07
 Reference value :  2.12903e-07
 Reference value :  2.13073e-07
 Reference value :  2.13220e-07
 Reference value :  2.13356e-07
 Reference value :  2.13493e-07
 Reference value :  2.13634e-07
 Reference value :  2.13765e-07
 Reference value :  2.13902e-07
 Reference value :  2.14037e-07
 Reference value :  2.14179e-07
 Reference value :  2.14314e-07
 Reference value :  2.14469e-07
 Reference value :  2.14624e-07
 Reference value :  2.14789e-07
 Reference value :  2.14946e-07
 Reference value :  2.15124e-07
 Reference value :  2.15315e-07
 Reference value :  2.15465e-07
 Reference value :  2.15634e-07
 Reference value :  2.15790e-07
 Reference value :  2.15936e-07
 Reference value :  2.16073e-07
 Reference value :  2.16211e-07
 Reference value :  2.16350e-07
 Reference value :  2.16488e-07
 Reference value :  2.16620e-07
 Reference value :  2.16769e-07
 Reference value :  2.16904e-07
 Reference value :  2.17040e-07
 Reference value :  2.17180e-07
 Reference value :  2.17313e-07
 Reference value :  2.17452e-07
 Reference value :  2.17591e-07
 Reference value :  2.17725e-07
 Reference value :  2.17872e-07
 Reference value :  2.18010e-07
 Reference value :  2.18150e-07
 Reference value :  2.18280e-07
 Reference value :  2.18417e-07
 Reference value :  2.18550e-07
 Reference value :  2.18689e-07
 Reference value :  2.18848e-07
 Reference value :  2.18983e-07
 Reference value :  2.19116e-07
 Reference value :  2.19254e-07
 Reference value :  2.19388e-07
 Reference value :  2.19529e-07
 Reference value :  2.19678e-07
 Reference value :  2.19808e-07
 Reference value :  2.19954e-07
 Reference value :  2.20095e-07
 Reference value :  2.20230e-07
 Reference value :  2.20381e-07
 Reference value :  2.20520e-07
 Reference value :  2.20663e-07
 Reference value :  2.20827e-07
 Reference value :  2.20970e-07
 Reference value :  2.21157e-07
 Reference value :  2.21418e-07
 Reference value :  2.21550e-07
 Reference value :  2.21686e-07
 Reference value :  2.21818e-07
 Reference value :  2.22044e-07
 Reference value :  2.22200e-07
 Reference value :  2.22329e-07
 Reference value :  2.22480e-07
 Reference value :  2.22614e-07
 Reference value :  2.22753e-07
 Reference value :  2.22890e-07
 Reference value :  2.23067e-07
 Reference value :  2.23290e-07
 Reference value :  2.23431e-07
 Reference value :  2.23581e-07
 Reference value :  2.23718e-07
 Reference value :  2.23860e-07
 Reference value :  2.23991e-07
 Reference value :  2.24130e-07
 Reference value :  2.24268e-07
 Reference value :  2.24403e-07
 Reference value :  2.24541e-07
 Reference value :  2.24681e-07
 Reference value :  2.24820e-07
 Reference value :  2.24960e-07
 Reference value :  2.25097e-07
 Reference value :  2.25236e-07
 Reference value :  2.25384e-07
 Reference value :  2.25521e-07
 Reference value :  2.25659e-07
 Reference value :  2.25801e-07
 Reference value :  2.25948e-07
 Reference value :  2.26081e-07
 Reference value :  2.26220e-07
 Reference value :  2.26357e-07
 Reference value :  2.26488e-07
 Reference value :  2.26630e-07
 Reference value :  2.26780e-07
 Reference value :  2.26915e-07
 Reference value :  2.27055e-07
 Reference value :  2.27200e-07
 Reference value :  2.27334e-07
 Reference value :  2.27480e-07
 Reference value :  2.27620e-07
 Reference value :  2.27761e-07
 Reference value :  2.27900e-07
 Reference value :  2.28033e-07
 Reference value :  2.28170e-07
 Reference value :  2.28311e-07
 Reference value :  2.28460e-07
 Reference value :  2.28590e-07
 Reference value :  2.28724e-07
 Reference value :  2.28865e-07
 Reference value :  2.28996e-07
 Reference value :  2.29139e-07
 Reference value :  2.29277e-07
 Reference value :  2.29409e-07
 Reference value :  2.29560e-07
 Reference value :  2.29691e-07
 Reference value :  2.29824e-07
 Reference value :  2.29959e-07
 Reference value :  2.30092e-07
 Reference value :  2.30227e-07
 Reference value :  2.30359e-07
 Reference value :  2.30495e-07
 Reference value :  2.30628e-07
 Reference value :  2.30761e-07
 Reference value :  2.30905e-07
 Reference value :  2.31050e-07
 Reference value :  2.31185e-07
 Reference value :  2.31321e-07
 Reference value :  2.31462e-07
 Reference value :  2.31599e-07
 Reference value :  2.31750e-07
 Reference value :  2.31894e-07
 Reference value :  2.32037e-07
 Reference value :  2.32173e-07
 Reference value :  2.32317e-07
 Reference value :  2.32455e-07
 Reference value :  2.32590e-07
 Reference value :  2.32726e-07
 Reference value :  2.32871e-07
 Reference value :  2.33010e-07
 Reference value :  2.33161e-07
 Reference value :  2.33293e-07
 Reference value :  2.33431e-07
 Reference value :  2.33570e-07
 Reference value :  2.33704e-07
 Reference value :  2.33842e-07
 Reference value :  2.33977e-07
 Reference value :  2.34120e-07
 Reference value :  2.34257e-07
 Reference value :  2.34400e-07
 Reference value :  2.34534e-07
 Reference value :  2.34673e-07
 Reference value :  2.34811e-07
 Reference value :  2.34940e-07
 Reference value :  2.35080e-07
 Reference value :  2.35219e-07
 Reference value :  2.35357e-07
 Reference value :  2.35497e-07
 Reference value :  2.35634e-07
 Reference value :  2.35780e-07
 Reference value :  2.35920e-07
 Reference value :  2.36054e-07
 Reference value :  2.36220e-07
 Reference value :  2.36381e-07
 Reference value :  2.36524e-07
 Reference value :  2.36654e-07
 Reference value :  2.36791e-07
 Reference value :  2.36930e-07
 Reference value :  2.37065e-07
 Reference value :  2.37200e-07
 Reference value :  2.37334e-07
 Reference value :  2.37470e-07
 Reference value :  2.37612e-07
 Reference value :  2.37757e-07
 Reference value :  2.37894e-07
 Reference value :  2.38036e-07
 Reference value :  2.38181e-07
 Reference value :  2.38320e-07
 Reference value :  2.38460e-07
 Reference value :  2.38591e-07
 Reference value :  2.38731e-07
 Reference value :  2.38881e-07
 Reference value :  2.39019e-07
 Reference value :  2.39158e-07
 Reference value :  2.39294e-07
 Reference value :  2.39441e-07
 Reference value :  2.39574e-07
 Reference value :  2.39713e-07
 Reference value :  2.39870e-07
 Reference value :  2.40016e-07
 Reference value :  2.40151e-07
 Reference value :  2.40290e-07
 Reference value :  2.40425e-07
 Reference value :  2.40565e-07
 Reference value :  2.40709e-07
 Reference value :  2.40849e-07
 Reference value :  2.40991e-07
 Reference value :  2.41125e-07
 Reference value :  2.41288e-07
 Reference value :  2.41430e-07
 Reference value :  2.41577e-07
 Reference value :  2.41719e-07
 Reference value :  2.41856e-07
 Reference value :  2.41988e-07
 Reference value :  2.42122e-07
 Reference value :  2.42267e-07
 Reference value :  2.42397e-07
 Reference value :  2.42543e-07
 Reference value :  2.42680e-07
 Reference value :  2.42813e-07
 Reference value :  2.42950e-07
 Reference value :  2.43093e-07
 Reference value :  2.43230e-07
 Reference value :  2.43361e-07
 Reference value :  2.43499e-07
 Reference value :  2.43637e-07
 Reference value :  2.43765e-07
 Reference value :  2.43898e-07
 Reference value :  2.44027e-07
 Reference value :  2.44156e-07
 Reference value :  2.44289e-07
 Reference value :  2.44424e-07
 Reference value :  2.44560e-07
 Reference value :  2.44696e-07
 Reference value :  2.44827e-07
 Reference value :  2.44966e-07
 Reference value :  2.45099e-07
 Reference value :  2.45231e-07
 Reference value :  2.45369e-07
 Reference value :  2.45501e-07
 Reference value :  2.45632e-07
 Reference value :  2.45768e-07
 Reference value :  2.45902e-07
 Reference value :  2.46040e-07
 Reference value :  2.46185e-07
 Reference value :  2.46320e-07
 Reference value :  2.46461e-07
 Reference value :  2.46601e-07
 Reference value :  2.46735e-07
 Reference value :  2.46873e-07
 Reference value :  2.47021e-07
 Reference value :  2.47152e-07
 Reference value :  2.47291e-07
 Reference value :  2.47430e-07
 Reference value :  2.47562e-07
 Reference value :  2.47704e-07
 Reference value :  2.47841e-07
 Reference value :  2.47981e-07
 Reference value :  2.48115e-07
 Reference value :  2.48247e-07
 Reference value :  2.48385e-07
 Reference value :  2.48520e-07
 Reference value :  2.48646e-07
 Reference value :  2.48784e-07
 Reference value :  2.48911e-07
 Reference value :  2.49057e-07
 Reference value :  2.49190e-07
 Reference value :  2.49330e-07
 Reference value :  2.49460e-07
 Reference value :  2.49599e-07
 Reference value :  2.49741e-07
 Reference value :  2.49875e-07
 Reference value :  2.50032e-07
 Reference value :  2.50172e-07
 Reference value :  2.50320e-07
 Reference value :  2.50461e-07
 Reference value :  2.50592e-07
 Reference value :  2.50748e-07
 Reference value :  2.50900e-07
 Reference value :  2.51040e-07
 Reference value :  2.51175e-07
 Reference value :  2.51303e-07
 Reference value :  2.51449e-07
 Reference value :  2.51589e-07
 Reference value :  2.51730e-07
 Reference value :  2.51863e-07
 Reference value :  2.52010e-07
 Reference value :  2.52147e-07
 Reference value :  2.52326e-07
 Reference value :  2.52454e-07
 Reference value :  2.52615e-07
 Reference value :  2.52756e-07
 Reference value :  2.52895e-07
 Reference value :  2.53047e-07
 Reference value :  2.53190e-07
 Reference value :  2.53321e-07
 Reference value :  2.53471e-07
 Reference value :  2.53607e-07
 Reference value :  2.53743e-07
 Reference value :  2.53881e-07
 Reference value :  2.54022e-07
 Reference value :  2.54157e-07
 Reference value :  2.54297e-07
 Reference value :  2.54433e-07
 Reference value :  2.54571e-07
 Reference value :  2.54708e-07
 Reference value :  2.54850e-07
 Reference value :  2.54979e-07
 Reference value :  2.55121e-07
 Reference value :  2.55259e-07
 Reference value :  2.55403e-07
 Reference value :  2.55544e-07
 Reference value :  2.55691e-07
 Reference value :  2.55856e-07
 Reference value :  2.56000e-07
 Reference value :  2.56165e-07
 Reference value :  2.56308e-07
 Reference value :  2.56441e-07
 Reference value :  2.56571e-07
 Reference value :  2.56710e-07
 Reference value :  2.56876e-07
 Reference value :  2.57022e-07
 Reference value :  2.57161e-07
 Reference value :  2.57301e-07
 Reference value :  2.57448e-07
 Reference value :  2.57585e-07
 Reference value :  2.57724e-07
 Reference value :  2.57858e-07
 Reference value :  2.57992e-07
 Reference value :  2.58139e-07
 Reference value :  2.58271e-07
 Reference value :  2.58411e-07
 Reference value :  2.58542e-07
 Reference value :  2.58681e-07
 Reference value :  2.58820e-07
 Reference value :  2.58951e-07
 Reference value :  2.59123e-07
 Reference value :  2.59260e-07
 Reference value :  2.59410e-07
 Reference value :  2.59558e-07
 Reference value :  2.59704e-07
 Reference value :  2.59839e-07
 Reference value :  2.59989e-07
 Reference value :  2.60130e-07
 Reference value :  2.60261e-07
 Reference value :  2.60396e-07
 Reference value :  2.60536e-07
 Reference value :  2.60684e-07
 Reference value :  2.60835e-07
 Reference value :  2.60970e-07
 Reference value :  2.61110e-07
 Reference value :  2.61245e-07
 Reference value :  2.61386e-07
 Reference value :  2.61522e-07
 Reference value :  2.61656e-07
 Reference value :  2.61787e-07
 Reference value :  2.61920e-07
 Reference value :  2.62069e-07
 Reference value :  2.62218e-07
 Reference value :  2.62355e-07
 Reference value :  2.62500e-07
 Reference value :  2.62658e-07
 Reference value :  2.62851e-07
 Reference value :  2.63100e-07
 Reference value :  2.63276e-07
 Reference value :  2.63444e-07
 Reference value :  2.63615e-07
 Reference value :  2.63860e-07
 Reference value :  2.64011e-07
 Reference value :  2.64167e-07
 Reference value :  2.64306e-07
 Reference value :  2.64461e-07
 Reference value :  2.64602e-07
 Reference value :  2.64738e-07
 Reference value :  2.64890e-07
 Reference value :  2.65113e-07
 Reference value :  2.65300e-07
 Reference value :  2.65447e-07
 Reference value :  2.65613e-07
 Reference value :  2.65749e-07
 Reference value :  2.65886e-07
 Reference value :  2.66036e-07
 Reference value :  2.66170e-07
 Reference value :  2.66311e-07
 Reference value :  2.66458e-07
 Reference value :  2.66590e-07
 Reference value :  2.66736e-07
 Reference value :  2.66881e-07
 Reference value :  2.67033e-07
 Reference value :  2.67176e-07
 Reference value :  2.67311e-07
 Reference value :  2.67455e-07
 Reference value :  2.67596e-07
 Reference value :  2.67755e-07
 Reference value :  2.67899e-07
 Reference value :  2.68036e-07
 Reference value :  2.68215e-07
 Reference value :  2.68370e-07
 Reference value :  2.68550e-07
 Reference value :  2.68730e-07
 Reference value :  2.68951e-07
 Reference value :  2.69181e-07
 Reference value :  2.69333e-07
 Reference value :  2.69463e-07
 Reference value :  2.69607e-07
 Reference value :  2.69789e-07
 Reference value :  2.70040e-07
 Reference value :  2.70193e-07
 Reference value :  2.70364e-07
 Reference value :  2.70495e-07
 Reference value :  2.70630e-07
 Reference value :  2.70760e-07
 Reference value :  2.70898e-07
 Reference value :  2.71120e-07
 Reference value :  2.71319e-07
 Reference value :  2.71492e-07
 Reference value :  2.71624e-07
 Reference value :  2.71759e-07
 Reference value :  2.71899e-07
 Reference value :  2.72030e-07
 Reference value :  2.72170e-07
 Reference value :  2.72313e-07
 Reference value :  2.72451e-07
 Reference value :  2.72590e-07
 Reference value :  2.72738e-07
 Reference value :  2.72892e-07
 Reference value :  2.73080e-07
 Reference value :  2.73220e-07
 Reference value :  2.73370e-07
 Reference value :  2.73533e-07
 Reference value :  2.73677e-07
 Reference value :  2.73820e-07
 Reference value :  2.73963e-07
 Reference value :  2.74158e-07
 Reference value :  2.74373e-07
 Reference value :  2.74571e-07
 Reference value :  2.74759e-07
 Reference value :  2.74960e-07
 Reference value :  2.75141e-07
 Reference value :  2.75291e-07
 Reference value :  2.75431e-07
 Reference value :  2.75675e-07
 Reference value :  2.75867e-07
 Reference value :  2.76031e-07
 Reference value :  2.76171e-07
 Reference value :  2.76330e-07
 Reference value :  2.76477e-07
 Reference value :  2.76612e-07
 Reference value :  2.76750e-07
 Reference value :  2.76930e-07
 Reference value :  2.77083e-07
 Reference value :  2.77227e-07
 Reference value :  2.77372e-07
 Reference value :  2.77527e-07
 Reference value :  2.77672e-07
 Reference value :  2.77811e-07
 Reference value :  2.77950e-07
 Reference value :  2.78091e-07
 Reference value :  2.78230e-07
 Reference value :  2.78370e-07
 Reference value :  2.78512e-07
 Reference value :  2.78667e-07
 Reference value :  2.78851e-07
 Reference value :  2.79049e-07
 Reference value :  2.79195e-07
 Reference value :  2.79379e-07
 Reference value :  2.79538e-07
 Reference value :  2.79680e-07
 Reference value :  2.79823e-07
 Reference value :  2.79965e-07
 Reference value :  2.80110e-07
 Reference value :  2.80248e-07
 Reference value :  2.80422e-07
 Reference value :  2.80593e-07
 Reference value :  2.80759e-07
 Reference value :  2.80922e-07
 Reference value :  2.81084e-07
 Reference value :  2.81240e-07
 Reference value :  2.81390e-07
 Reference value :  2.81540e-07
 Reference value :  2.81683e-07
 Reference value :  2.81833e-07
 Reference value :  2.81980e-07
 Reference value :  2.82182e-07
 Reference value :  2.82335e-07
 Reference value :  2.82540e-07
 Reference value :  2.82690e-07
 Reference value :  2.82824e-07
 Reference value :  2.83047e-07
 Reference value :  2.83211e-07
 Reference value :  2.83372e-07
 Reference value :  2.83525e-07
 Reference value :  2.83681e-07
 Reference value :  2.83824e-07
 Reference value :  2.83968e-07
 Reference value :  2.84111e-07
 Reference value :  2.84266e-07
 Reference value :  2.84412e-07
 Reference value :  2.84557e-07
 Reference value :  2.84704e-07
 Reference value :  2.84839e-07
 Reference value :  2.85002e-07
 Reference value :  2.85145e-07
 Reference value :  2.85295e-07
 Reference value :  2.85436e-07
 Reference value :  2.85571e-07
 Reference value :  2.85722e-07
 Reference value :  2.85860e-07
 Reference value :  2.86001e-07
 Reference value :  2.86157e-07
 Reference value :  2.86304e-07
 Reference value :  2.86450e-07
 Reference value :  2.86590e-07
 Reference value :  2.86738e-07
 Reference value :  2.86880e-07
 Reference value :  2.87038e-07
 Reference value :  2.87191e-07
 Reference value :  2.87336e-07
 Reference value :  2.87483e-07
 Reference value :  2.87631e-07
 Reference value :  2.87776e-07
 Reference value :  2.87926e-07
 Reference value :  2.88083e-07
 Reference value :  2.88219e-07
 Reference value :  2.88365e-07
 Reference value :  2.88508e-07
 Reference value :  2.88668e-07
 Reference value :  2.88804e-07
 Reference value :  2.88944e-07
 Reference value :  2.89100e-07
 Reference value :  2.89245e-07
 Reference value :  2.89388e-07
 Reference value :  2.89532e-07
 Reference value :  2.89675e-07
 Reference value :  2.89812e-07
 Reference value :  2.89953e-07
 Reference value :  2.90090e-07
 Reference value :  2.90230e-07
 Reference value :  2.90371e-07
 Reference value :  2.90508e-07
 Reference value :  2.90650e-07
 Reference value :  2.90804e-07
 Reference value :  2.90949e-07
 Reference value :  2.91083e-07
 Reference value :  2.91226e-07
 Reference value :  2.91370e-07
 Reference value :  2.91501e-07
 Reference value :  2.91640e-07
 Reference value :  2.91780e-07
 Reference value :  2.91929e-07
 Reference value :  2.92080e-07
 Reference value :  2.92230e-07
 Reference value :  2.92370e-07
 Reference value :  2.92523e-07
 Reference value :  2.92665e-07
 Reference value :  2.92809e-07
 Reference value :  2.92961e-07
 Reference value :  2.93111e-07
 Reference value :  2.93267e-07
 Reference value :  2.93417e-07
 Reference value :  2.93570e-07
 Reference value :  2.93712e-07
 Reference value :  2.93860e-07
 Reference value :  2.94000e-07
 Reference value :  2.94156e-07
 Reference value :  2.94302e-07
 Reference value :  2.94455e-07
 Reference value :  2.94600e-07
 Reference value :  2.94754e-07
 Reference value :  2.94900e-07
 Reference value :  2.95040e-07
 Reference value :  2.95207e-07
 Reference value :  2.95351e-07
 Reference value :  2.95492e-07
 Reference value :  2.95638e-07
 Reference value :  2.95790e-07
 Reference value :  2.95937e-07
 Reference value :  2.96085e-07
 Reference value :  2.96221e-07
 Reference value :  2.96360e-07
 Reference value :  2.96496e-07
 Reference value :  2.96635e-07
 Reference value :  2.96781e-07
 Reference value :  2.96925e-07
 Reference value :  2.97062e-07
 Reference value :  2.97218e-07
 Reference value :  2.97355e-07
 Reference value :  2.97495e-07
 Reference value :  2.97641e-07
 Reference value :  2.97781e-07
 Reference value :  2.97922e-07
 Reference value :  2.98069e-07
 Reference value :  2.98212e-07
 Reference value :  2.98358e-07
 Reference value :  2.98496e-07
 Reference value :  2.98632e-07
 Reference value :  2.98777e-07
 Reference value :  2.98913e-07
 Reference value :  2.99052e-07
 Reference value :  2.99199e-07
 Reference value :  2.99340e-07
 Reference value :  2.99481e-07
 Reference value :  2.99619e-07
 Reference value :  2.99756e-07
 Reference value :  2.99890e-07
 Reference value :  3.00024e-07
 Reference value :  3.00170e-07
 Reference value :  3.00310e-07
 Reference value :  3.00450e-07
 Reference value :  3.00593e-07
 Reference value :  3.00730e-07
 Reference value :  3.00880e-07
 Reference value :  3.01034e-07
 Reference value :  3.01176e-07
 Reference value :  3.01319e-07
 Reference value :  3.01460e-07
 Reference value :  3.01601e-07
 Reference value :  3.01747e-07
 Reference value :  3.01901e-07
 Reference value :  3.02040e-07
 Reference value :  3.02184e-07
 Reference value :  3.02327e-07
 Reference value :  3.02475e-07
 Reference value :  3.02619e-07
 Reference value :  3.02759e-07
 Reference value :  3.02903e-07
 Reference value :  3.03041e-07
 Reference value :  3.03180e-07
 Reference value :  3.03312e-07
 Reference value :  3.03451e-07
 Reference value :  3.03589e-07
 Reference value :  3.03738e-07
 Reference value :  3.03871e-07
 Reference value :  3.04010e-07
 Reference value :  3.04149e-07
 Reference value :  3.04286e-07
 Reference value :  3.04431e-07
 Reference value :  3.04571e-07
 Reference value :  3.04722e-07
 Reference value :  3.04868e-07
 Reference value :  3.05003e-07
 Reference value :  3.05143e-07
 Reference value :  3.05277e-07
 Reference value :  3.05421e-07
 Reference value :  3.05561e-07
 Reference value :  3.05700e-07
 Reference value :  3.05840e-07
 Reference value :  3.05990e-07
 Reference value :  3.06140e-07
 Reference value :  3.06273e-07
 Reference value :  3.06423e-07
 Reference value :  3.06570e-07
 Reference value :  3.06711e-07
 Reference value :  3.06858e-07
 Reference value :  3.06990e-07
 Reference value :  3.07128e-07
 Reference value :  3.07263e-07
 Reference value :  3.07410e-07
 Reference value :  3.07544e-07
 Reference value :  3.07688e-07
 Reference value :  3.07834e-07
 Reference value :  3.07986e-07
 Reference value :  3.08130e-07
 Reference value :  3.08270e-07
 Reference value :  3.08405e-07
 Reference value :  3.08547e-07
 Reference value :  3.08688e-07
 Reference value :  3.08829e-07
 Reference value :  3.08974e-07
 Reference value :  3.09112e-07
 Reference value :  3.09268e-07
 Reference value :  3.09412e-07
 Reference value :  3.09558e-07
 Reference value :  3.09695e-07
 Reference value :  3.09837e-07
 Reference value :  3.09976e-07
 Reference value :  3.10130e-07
 Reference value :  3.10291e-07
 Reference value :  3.10449e-07
 Reference value :  3.10602e-07
 Reference value :  3.10747e-07
 Reference value :  3.10919e-07
 Reference value :  3.11065e-07
 Reference value :  3.11206e-07
 Reference value :  3.11360e-07
 Reference value :  3.11506e-07
 Reference value :  3.11649e-07
 Reference value :  3.11800e-07
 Reference value :  3.11939e-07
 Reference value :  3.12085e-07
 Reference value :  3.12251e-07
 Reference value :  3.12395e-07
 Reference value :  3.12562e-07
 Reference value :  3.12730e-07
 Reference value :  3.12870e-07
 Reference value :  3.13014e-07
 Reference value :  3.13153e-07
 Reference value :  3.13301e-07
 Reference value :  3.13440e-07
 Reference value :  3.13586e-07
 Reference value :  3.13730e-07
 Reference value :  3.13875e-07
 Reference value :  3.14017e-07
 Reference value :  3.14161e-07
 Reference value :  3.14301e-07
 Reference value :  3.14450e-07
 Reference value :  3.14595e-07
 Reference value :  3.14736e-07
 Reference value :  3.14875e-07
 Reference value :  3.15013e-07
 Reference value :  3.15158e-07
 Reference value :  3.15299e-07
 Reference value :  3.15433e-07
 Reference value :  3.15583e-07
 Reference value :  3.15725e-07
 Reference value :  3.15867e-07
 Reference value :  3.16019e-07
 Reference value :  3.16170e-07
 Reference value :  3.16322e-07
 Reference value :  3.16480e-07
 Reference value :  3.16624e-07
 Reference value :  3.16767e-07
 Reference value :  3.16912e-07
 Reference value :  3.17060e-07
 Reference value :  3.17202e-07
 Reference value :  3.17349e-07
 Reference value :  3.17491e-07
 Reference value :  3.17631e-07
 Reference value :  3.17765e-07
 Reference value :  3.17911e-07
 Reference value :  3.18065e-07
 Reference value :  3.18210e-07
 Reference value :  3.18361e-07
 Reference value :  3.18513e-07
 Reference value :  3.18655e-07
 Reference value :  3.18805e-07
 Reference value :  3.18961e-07
 Reference value :  3.19145e-07
 Reference value :  3.19289e-07
 Reference value :  3.19440e-07
 Reference value :  3.19594e-07
 Reference value :  3.19750e-07
 Reference value :  3.19912e-07
 Reference value :  3.20067e-07
 Reference value :  3.20220e-07
 Reference value :  3.20371e-07
 Reference value :  3.20520e-07
 Reference value :  3.20703e-07
 Reference value :  3.20860e-07
 Reference value :  3.21008e-07
 Reference value :  3.21150e-07
 Reference value :  3.21308e-07
 Reference value :  3.21445e-07
 Reference value :  3.21585e-07
 Reference value :  3.21737e-07
 Reference value :  3.21889e-07
 Reference value :  3.22033e-07
 Reference value :  3.22185e-07
 Reference value :  3.22332e-07
 Reference value :  3.22475e-07
 Reference value :  3.22617e-07
 Reference value :  3.22763e-07
 Reference value :  3.22908e-07
 Reference value :  3.23060e-07
 Reference value :  3.23207e-07
 Reference value :  3.23349e-07
 Reference value :  3.23490e-07
 Reference value :  3.23640e-07
 Reference value :  3.23782e-07
 Reference value :  3.23930e-07
 Reference value :  3.24071e-07
 Reference value :  3.24233e-07
 Reference value :  3.24380e-07
 Reference value :  3.24531e-07
 Reference value :  3.24691e-07
 Reference value :  3.24851e-07
 Reference value :  3.24999e-07
 Reference value :  3.25156e-07
 Reference value :  3.25300e-07
 Reference value :  3.25438e-07
 Reference value :  3.25601e-07
 Reference value :  3.25755e-07
 Reference value :  3.25918e-07
 Reference value :  3.26071e-07
 Reference value :  3.26218e-07
 Reference value :  3.26368e-07
 Reference value :  3.26520e-07
 Reference value :  3.26670e-07
 Reference value :  3.26823e-07
 Reference value :  3.26981e-07
 Reference value :  3.27121e-07
 Reference value :  3.27290e-07
 Reference value :  3.27426e-07
 Reference value :  3.27580e-07
 Reference value :  3.27723e-07
 Reference value :  3.27878e-07
 Reference value :  3.28020e-07
 Reference value :  3.28180e-07
 Reference value :  3.28331e-07
 Reference value :  3.28474e-07
 Reference value :  3.28648e-07
 Reference value :  3.28815e-07
 Reference value :  3.28982e-07
 Reference value :  3.29153e-07
 Reference value :  3.29329e-07
 Reference value :  3.29529e-07
 Reference value :  3.29774e-07
 Reference value :  3.29983e-07
 Reference value :  3.30176e-07
 Reference value :  3.30331e-07
 Reference value :  3.30500e-07
 Reference value :  3.30757e-07
 Reference value :  3.30920e-07
 Reference value :  3.31074e-07
 Reference value :  3.31225e-07
 Reference value :  3.31373e-07
 Reference value :  3.31560e-07
 Reference value :  3.31781e-07
 Reference value :  3.31984e-07
 Reference value :  3.32161e-07
 Reference value :  3.32344e-07
 Reference value :  3.32537e-07
 Reference value :  3.32721e-07
 Reference value :  3.32929e-07
 Reference value :  3.33128e-07
 Reference value :  3.33329e-07
 Reference value :  3.33539e-07
 Reference value :  3.33751e-07
 Reference value :  3.33960e-07
 Reference value :  3.34151e-07
 Reference value :  3.34360e-07
 Reference value :  3.34574e-07
 Reference value :  3.34780e-07
 Reference value :  3.34987e-07
 Reference value :  3.35225e-07
 Reference value :  3.35454e-07
 Reference value :  3.35660e-07
 Reference value :  3.35880e-07
 Reference value :  3.36120e-07
 Reference value :  3.36336e-07
 Reference value :  3.36570e-07
 Reference value :  3.36780e-07
 Reference value :  3.36996e-07
 Reference value :  3.37223e-07
 Reference value :  3.37451e-07
 Reference value :  3.37686e-07
 Reference value :  3.37935e-07
 Reference value :  3.38152e-07
 Reference value :  3.38380e-07
 Reference value :  3.38603e-07
 Reference value :  3.38800e-07
 Reference value :  3.39021e-07
 Reference value :  3.39240e-07
 Reference value :  3.39466e-07
 Reference value :  3.39669e-07
 Reference value :  3.39870e-07
 Reference value :  3.40078e-07
 Reference value :  3.40260e-07
 Reference value :  3.40454e-07
 Reference value :  3.40667e-07
 Reference value :  3.40860e-07
 Reference value :  3.41051e-07
 Reference value :  3.41250e-07
 Reference value :  3.41445e-07
 Reference value :  3.41651e-07
 Reference value :  3.41850e-07
 Reference value :  3.42040e-07
 Reference value :  3.42242e-07
 Reference value :  3.42419e-07
 Reference value :  3.42591e-07
 Reference value :  3.42785e-07
 Reference value :  3.43046e-07
 Reference value :  3.43223e-07
 Reference value :  3.43409e-07
 Reference value :  3.43593e-07
 Reference value :  3.43828e-07
 Reference value :  3.44018e-07
 Reference value :  3.44197e-07
 Reference value :  3.44389e-07
 Reference value :  3.44581e-07
 Reference value :  3.44780e-07
 Reference value :  3.44952e-07
 Reference value :  3.45115e-07
 Reference value :  3.45282e-07
 Reference value :  3.45440e-07
 Reference value :  3.45587e-07
 Reference value :  3.45745e-07
 Reference value :  3.45931e-07
 Reference value :  3.46130e-07
 Reference value :  3.46295e-07
 Reference value :  3.46460e-07
 Reference value :  3.46635e-07
 Reference value :  3.46797e-07
 Reference value :  3.46950e-07
 Reference value :  3.47100e-07
 Reference value :  3.47243e-07
 Reference value :  3.47401e-07
 Reference value :  3.47591e-07
 Reference value :  3.47770e-07
 Reference value :  3.47921e-07
 Reference value :  3.48081e-07
 Reference value :  3.48222e-07
 Reference value :  3.48390e-07
 Reference value :  3.48621e-07
 Reference value :  3.48787e-07
 Reference value :  3.48941e-07
 Reference value :  3.49116e-07
 Reference value :  3.49315e-07
 Reference value :  3.49545e-07
 Reference value :  3.49699e-07
 Reference value :  3.49901e-07
 Reference value :  3.50090e-07
 Reference value :  3.50293e-07
 Reference value :  3.50454e-07
 Reference value :  3.50635e-07
 Reference value :  3.50807e-07
 Reference value :  3.50997e-07
 Reference value :  3.51170e-07
 Reference value :  3.51391e-07
 Reference value :  3.51574e-07
 Reference value :  3.51761e-07
 Reference value :  3.51964e-07
 Reference value :  3.52148e-07
 Reference value :  3.52359e-07
 Reference value :  3.52558e-07
 Reference value :  3.52751e-07
 Reference value :  3.52920e-07
 Reference value :  3.53110e-07
 Reference value :  3.53290e-07
 Reference value :  3.53478e-07
 Reference value :  3.53661e-07
 Reference value :  3.53853e-07
 Reference value :  3.54013e-07
 Reference value :  3.54209e-07
 Reference value :  3.54412e-07
 Reference value :  3.54617e-07
 Reference value :  3.54816e-07
 Reference value :  3.55026e-07
 Reference value :  3.55210e-07
 Reference value :  3.55415e-07
 Reference value :  3.55601e-07
 Reference value :  3.55797e-07
 Reference value :  3.55951e-07
 Reference value :  3.56107e-07
 Reference value :  3.56270e-07
 Reference value :  3.56431e-07
 Reference value :  3.56610e-07
 Reference value :  3.56808e-07
 Reference value :  3.57013e-07
 Reference value :  3.57221e-07
 Reference value :  3.57420e-07
 Reference value :  3.57608e-07
 Reference value :  3.57797e-07
 Reference value :  3.58011e-07
 Reference value :  3.58210e-07
 Reference value :  3.58405e-07
 Reference value :  3.58604e-07
 Reference value :  3.58800e-07
 Reference value :  3.59010e-07
 Reference value :  3.59221e-07
 Reference value :  3.59426e-07
 Reference value :  3.59627e-07
 Reference value :  3.59819e-07
 Reference value :  3.60001e-07
 Reference value :  3.60174e-07
 Reference value :  3.60377e-07
 Reference value :  3.60591e-07
 Reference value :  3.60800e-07
 Reference value :  3.60999e-07
 Reference value :  3.61201e-07
 Reference value :  3.61405e-07
 Reference value :  3.61601e-07
 Reference value :  3.61795e-07
 Reference value :  3.61972e-07
 Reference value :  3.62171e-07
 Reference value :  3.62351e-07
 Reference value :  3.62517e-07
 Reference value :  3.62708e-07
 Reference value :  3.62911e-07
 Reference value :  3.63090e-07
 Reference value :  3.63289e-07
 Reference value :  3.63451e-07
 Reference value :  3.63643e-07
 Reference value :  3.63860e-07
 Reference value :  3.64061e-07
 Reference value :  3.64251e-07
 Reference value :  3.64451e-07
 Reference value :  3.64660e-07
 Reference value :  3.64870e-07
 Reference value :  3.65058e-07
 Reference value :  3.65245e-07
 Reference value :  3.65431e-07
 Reference value :  3.65608e-07
 Reference value :  3.65791e-07
 Reference value :  3.65979e-07
 Reference value :  3.66177e-07
 Reference value :  3.66359e-07
 Reference value :  3.66569e-07
 Reference value :  3.66761e-07
 Reference value :  3.66971e-07
 Reference value :  3.67150e-07
 Reference value :  3.67341e-07
 Reference value :  3.67531e-07
 Reference value :  3.67737e-07
 Reference value :  3.67932e-07
 Reference value :  3.68140e-07
 Reference value :  3.68349e-07
 Reference value :  3.68542e-07
 Reference value :  3.68756e-07
 Reference value :  3.68971e-07
 Reference value :  3.69187e-07
 Reference value :  3.69378e-07
 Reference value :  3.69551e-07
 Reference value :  3.69738e-07
 Reference value :  3.69915e-07
 Reference value :  3.70130e-07
 Reference value :  3.70360e-07
 Reference value :  3.70574e-07
 Reference value :  3.70774e-07
 Reference value :  3.70966e-07
 Reference value :  3.71180e-07
 Reference value :  3.71379e-07
 Reference value :  3.71591e-07
 Reference value :  3.71786e-07
 Reference value :  3.71961e-07
 Reference value :  3.72157e-07
 Reference value :  3.72350e-07
 Reference value :  3.72551e-07
 Reference value :  3.72753e-07
 Reference value :  3.72921e-07
 Reference value :  3.73090e-07
 Reference value :  3.73257e-07
 Reference value :  3.73423e-07
 Reference value :  3.73599e-07
 Reference value :  3.73754e-07
 Reference value :  3.73923e-07
 Reference value :  3.74091e-07
 Reference value :  3.74250e-07
 Reference value :  3.74416e-07
 Reference value :  3.74574e-07
 Reference value :  3.74734e-07
 Reference value :  3.74898e-07
 Reference value :  3.75068e-07
 Reference value :  3.75227e-07
 Reference value :  3.75391e-07
 Reference value :  3.75553e-07
 Reference value :  3.75716e-07
 Reference value :  3.75886e-07
 Reference value :  3.76051e-07
 Reference value :  3.76211e-07
 Reference value :  3.76380e-07
 Reference value :  3.76541e-07
 Reference value :  3.76720e-07
 Reference value :  3.76936e-07
 Reference value :  3.77125e-07
 Reference value :  3.77289e-07
 Reference value :  3.77443e-07
 Reference value :  3.77600e-07
 Reference value :  3.77777e-07
 Reference value :  3.77931e-07
 Reference value :  3.78110e-07
 Reference value :  3.78281e-07
 Reference value :  3.78454e-07
 Reference value :  3.78617e-07
 Reference value :  3.78802e-07
 Reference value :  3.78965e-07
 Reference value :  3.79151e-07
 Reference value :  3.79315e-07
 Reference value :  3.79471e-07
 Reference value :  3.79638e-07
 Reference value :  3.79813e-07
 Reference value :  3.79980e-07
 Reference value :  3.80159e-07
 Reference value :  3.80312e-07
 Reference value :  3.80472e-07
 Reference value :  3.80645e-07
 Reference value :  3.80802e-07
 Reference value :  3.80979e-07
 Reference value :  3.81148e-07
 Reference value :  3.81314e-07
 Reference value :  3.81480e-07
 Reference value :  3.81650e-07
 Reference value :  3.81813e-07
 Reference value :  3.81974e-07
 Reference value :  3.82143e-07
 Reference value :  3.82311e-07
 Reference value :  3.82468e-07
 Reference value :  3.82646e-07
 Reference value :  3.82812e-07
 Reference value :  3.82989e-07
 Reference value :  3.83150e-07
 Reference value :  3.83309e-07
 Reference value :  3.83465e-07
 Reference value :  3.83656e-07
 Reference value :  3.83861e-07
 Reference value :  3.84008e-07
 Reference value :  3.84155e-07
 Reference value :  3.84300e-07
 Reference value :  3.84453e-07
 Reference value :  3.84601e-07
 Reference value :  3.84756e-07
 Reference value :  3.84906e-07
 Reference value :  3.85050e-07
 Reference value :  3.85203e-07
 Reference value :  3.85353e-07
 Reference value :  3.85497e-07
 Reference value :  3.85637e-07
 Reference value :  3.85781e-07
 Reference value :  3.85928e-07
 Reference value :  3.86087e-07
 Reference value :  3.86235e-07
 Reference value :  3.86396e-07
 Reference value :  3.86556e-07
 Reference value :  3.86715e-07
 Reference value :  3.86876e-07
 Reference value :  3.87044e-07
 Reference value :  3.87208e-07
 Reference value :  3.87385e-07
 Reference value :  3.87542e-07
 Reference value :  3.87707e-07
 Reference value :  3.87863e-07
 Reference value :  3.88035e-07
 Reference value :  3.88206e-07
 Reference value :  3.88376e-07
 Reference value :  3.88539e-07
 Reference value :  3.88715e-07
 Reference value :  3.88880e-07
 Reference value :  3.89037e-07
 Reference value :  3.89208e-07
 Reference value :  3.89419e-07
 Reference value :  3.89635e-07
 Reference value :  3.89774e-07
 Reference value :  3.89930e-07
 Reference value :  3.90071e-07
 Reference value :  3.90228e-07
 Reference value :  3.90377e-07
 Reference value :  3.90524e-07
 Reference value :  3.90667e-07
 Reference value :  3.90827e-07
 Reference value :  3.90969e-07
 Reference value :  3.91121e-07
 Reference value :  3.91270e-07
 Reference value :  3.91430e-07
 Reference value :  3.91587e-07
 Reference value :  3.91725e-07
 Reference value :  3.91865e-07
 Reference value :  3.92007e-07
 Reference value :  3.92154e-07
 Reference value :  3.92318e-07
 Reference value :  3.92480e-07
 Reference value :  3.92628e-07
 Reference value :  3.92789e-07
 Reference value :  3.92959e-07
 Reference value :  3.93127e-07
 Reference value :  3.93292e-07
 Reference value :  3.93464e-07
 Reference value :  3.93640e-07
 Reference value :  3.93813e-07
 Reference value :  3.93975e-07
 Reference value :  3.94151e-07
 Reference value :  3.94329e-07
 Reference value :  3.94501e-07
 Reference value :  3.94651e-07
 Reference value :  3.94794e-07
 Reference value :  3.94937e-07
 Reference value :  3.95074e-07
 Reference value :  3.95222e-07
 Reference value :  3.95371e-07
 Reference value :  3.95526e-07
 Reference value :  3.95679e-07
 Reference value :  3.95830e-07
 Reference value :  3.95984e-07
 Reference value :  3.96140e-07
 Reference value :  3.96302e-07
 Reference value :  3.96456e-07
 Reference value :  3.96610e-07
 Reference value :  3.96764e-07
 Reference value :  3.96933e-07
 Reference value :  3.97092e-07
 Reference value :  3.97241e-07
 Reference value :  3.97398e-07
 Reference value :  3.97545e-07
 Reference value :  3.97694e-07
 Reference value :  3.97859e-07
 Reference value :  3.98011e-07
 Reference value :  3.98168e-07
 Reference value :  3.98320e-07
 Reference value :  3.98480e-07
 Reference value :  3.98632e-07
 Reference value :  3.98781e-07
 Reference value :  3.98931e-07
 Reference value :  3.99079e-07
 Reference value :  3.99223e-07
 Reference value :  3.99370e-07
 Reference value :  3.99514e-07
 Reference value :  3.99654e-07
 Reference value :  3.99789e-07
 Reference value :  3.99925e-07
 Reference value :  4.00064e-07
 Reference value :  4.00199e-07
 Reference value :  4.00335e-07
 Reference value :  4.00468e-07
 Reference value :  4.00604e-07
 Reference value :  4.00733e-07
 Reference value :  4.00865e-07
 Reference value :  4.01001e-07
 Reference value :  4.01137e-07
 Reference value :  4.01270e-07
 Reference value :  4.01405e-07
 Reference value :  4.01560e-07
 Reference value :  4.01700e-07
 Reference value :  4.01842e-07
 Reference value :  4.01978e-07
 Reference value :  4.02110e-07
 Reference value :  4.02246e-07
 Reference value :  4.02392e-07
 Reference value :  4.02534e-07
 Reference value :  4.02673e-07
 Reference value :  4.02830e-07
 Reference value :  4.02981e-07
 Reference value :  4.03125e-07
 Reference value :  4.03270e-07
 Reference value :  4.03435e-07
 Reference value :  4.03582e-07
 Reference value :  4.03725e-07
 Reference value :  4.03855e-07
 Reference value :  4.03989e-07
 Reference value :  4.04129e-07
 Reference value :  4.04260e-07
 Reference value :  4.04397e-07
 Reference value :  4.04534e-07
 Reference value :  4.04670e-07
 Reference value :  4.04809e-07
 Reference value :  4.04943e-07
 Reference value :  4.05080e-07
 Reference value :  4.05220e-07
 Reference value :  4.05363e-07
 Reference value :  4.05498e-07
 Reference value :  4.05630e-07
 Reference value :  4.05764e-07
 Reference value :  4.05893e-07
 Reference value :  4.06030e-07
 Reference value :  4.06164e-07
 Reference value :  4.06300e-07
 Reference value :  4.06431e-07
 Reference value :  4.06566e-07
 Reference value :  4.06699e-07
 Reference value :  4.06827e-07
 Reference value :  4.06967e-07
 Reference value :  4.07111e-07
 Reference value :  4.07266e-07
 Reference value :  4.07431e-07
 Reference value :  4.07581e-07
 Reference value :  4.07730e-07
 Reference value :  4.07920e-07
 Reference value :  4.08081e-07
 Reference value :  4.08229e-07
 Reference value :  4.08373e-07
 Reference value :  4.08537e-07
 Reference value :  4.08674e-07
 Reference value :  4.08806e-07
 Reference value :  4.08959e-07
 Reference value :  4.09105e-07
 Reference value :  4.09250e-07
 Reference value :  4.09402e-07
 Reference value :  4.09550e-07
 Reference value :  4.09700e-07
 Reference value :  4.09833e-07
 Reference value :  4.09978e-07
 Reference value :  4.10110e-07
 Reference value :  4.10250e-07
 Reference value :  4.10441e-07
 Reference value :  4.10609e-07
 Reference value :  4.10749e-07
 Reference value :  4.10888e-07
 Reference value :  4.11030e-07
 Reference value :  4.11167e-07
 Reference value :  4.11342e-07
 Reference value :  4.11474e-07
 Reference value :  4.11605e-07
 Reference value :  4.11790e-07
 Reference value :  4.11920e-07
 Reference value :  4.12100e-07
 Reference value :  4.12250e-07
 Reference value :  4.12381e-07
 Reference value :  4.12593e-07
 Reference value :  4.12739e-07
 Reference value :  4.12883e-07
 Reference value :  4.13017e-07
 Reference value :  4.13156e-07
 Reference value :  4.13305e-07
 Reference value :  4.13457e-07
 Reference value :  4.13598e-07
 Reference value :  4.13731e-07
 Reference value :  4.13870e-07
 Reference value :  4.14006e-07
 Reference value :  4.14141e-07
 Reference value :  4.14301e-07
 Reference value :  4.14441e-07
 Reference value :  4.14584e-07
 Reference value :  4.14721e-07
 Reference value :  4.14870e-07
 Reference value :  4.15009e-07
 Reference value :  4.15145e-07
 Reference value :  4.15283e-07
 Reference value :  4.15429e-07
 Reference value :  4.15570e-07
 Reference value :  4.15709e-07
 Reference value :  4.15859e-07
 Reference value :  4.15996e-07
 Reference value :  4.16141e-07
 Reference value :  4.16297e-07
 Reference value :  4.16450e-07
 Reference value :  4.16604e-07
 Reference value :  4.16754e-07
 Reference value :  4.16899e-07
 Reference value :  4.17047e-07
 Reference value :  4.17194e-07
 Reference value :  4.17330e-07
 Reference value :  4.17467e-07
 Reference value :  4.17601e-07
 Reference value :  4.17751e-07
 Reference value :  4.17897e-07
 Reference value :  4.18041e-07
 Reference value :  4.18173e-07
 Reference value :  4.18310e-07
 Reference value :  4.18460e-07
 Reference value :  4.18595e-07
 Reference value :  4.18731e-07
 Reference value :  4.18862e-07
 Reference value :  4.19000e-07
 Reference value :  4.19139e-07
 Reference value :  4.19270e-07
 Reference value :  4.19406e-07
 Reference value :  4.19540e-07
 Reference value :  4.19676e-07
 Reference value :  4.19813e-07
 Reference value :  4.19956e-07
 Reference value :  4.20095e-07
 Reference value :  4.20227e-07
 Reference value :  4.20380e-07
 Reference value :  4.20511e-07
 Reference value :  4.20657e-07
 Reference value :  4.20793e-07
 Reference value :  4.20931e-07
 Reference value :  4.21069e-07
 Reference value :  4.21211e-07
 Reference value :  4.21360e-07
 Reference value :  4.21500e-07
 Reference value :  4.21641e-07
 Reference value :  4.21779e-07
 Reference value :  4.21913e-07
 Reference value :  4.22048e-07
 Reference value :  4.22189e-07
 Reference value :  4.22322e-07
 Reference value :  4.22457e-07
 Reference value :  4.22596e-07
 Reference value :  4.22730e-07
 Reference value :  4.22865e-07
 Reference value :  4.23002e-07
 Reference value :  4.23136e-07
 Reference value :  4.23274e-07
 Reference value :  4.23406e-07
 Reference value :  4.23540e-07
 Reference value :  4.23674e-07
 Reference value :  4.23810e-07
 Reference value :  4.23950e-07
 Reference value :  4.24096e-07
 Reference value :  4.24230e-07
 Reference value :  4.24368e-07
 Reference value :  4.24500e-07
 Reference value :  4.24634e-07
 Reference value :  4.24780e-07
 Reference value :  4.24916e-07
 Reference value :  4.25064e-07
 Reference value :  4.25204e-07
 Reference value :  4.25340e-07
 Reference value :  4.25473e-07
 Reference value :  4.25604e-07
 Reference value :  4.25740e-07
 Reference value :  4.25875e-07
 Reference value :  4.26010e-07
 Reference value :  4.26144e-07
 Reference value :  4.26280e-07
 Reference value :  4.26415e-07
 Reference value :  4.26548e-07
 Reference value :  4.26689e-07
 Reference value :  4.26830e-07
 Reference value :  4.26970e-07
 Reference value :  4.27120e-07
 Reference value :  4.27256e-07
 Reference value :  4.27397e-07
 Reference value :  4.27540e-07
 Reference value :  4.27682e-07
 Reference value :  4.27820e-07
 Reference value :  4.27953e-07
 Reference value :  4.28090e-07
 Reference value :  4.28240e-07
 Reference value :  4.28373e-07
 Reference value :  4.28508e-07
 Reference value :  4.28640e-07
 Reference value :  4.28771e-07
 Reference value :  4.28903e-07
 Reference value :  4.29046e-07
 Reference value :  4.29181e-07
 Reference value :  4.29320e-07
 Reference value :  4.29453e-07
 Reference value :  4.29601e-07
 Reference value :  4.29747e-07
 Reference value :  4.29895e-07
 Reference value :  4.30036e-07
 Reference value :  4.30183e-07
 Reference value :  4.30321e-07
 Reference value :  4.30458e-07
 Reference value :  4.30595e-07
 Reference value :  4.30735e-07
 Reference value :  4.30862e-07
 Reference value :  4.30994e-07
 Reference value :  4.31124e-07
 Reference value :  4.31260e-07
 Reference value :  4.31407e-07
 Reference value :  4.31540e-07
 Reference value :  4.31674e-07
 Reference value :  4.31815e-07
 Reference value :  4.31956e-07
 Reference value :  4.32091e-07
 Reference value :  4.32225e-07
 Reference value :  4.32362e-07
 Reference value :  4.32500e-07
 Reference value :  4.32635e-07
 Reference value :  4.32768e-07
 Reference value :  4.32901e-07
 Reference value :  4.33040e-07
 Reference value :  4.33172e-07
 Reference value :  4.33307e-07
 Reference value :  4.33448e-07
 Reference value :  4.33592e-07
 Reference value :  4.33729e-07
 Reference value :  4.33861e-07
 Reference value :  4.34001e-07
 Reference value :  4.34138e-07
 Reference value :  4.34268e-07
 Reference value :  4.34403e-07
 Reference value :  4.34535e-07
 Reference value :  4.34677e-07
 Reference value :  4.34809e-07
 Reference value :  4.34940e-07
 Reference value :  4.35083e-07
 Reference value :  4.35221e-07
 Reference value :  4.35358e-07
 Reference value :  4.35491e-07
 Reference value :  4.35621e-07
 Reference value :  4.35776e-07
 Reference value :  4.35918e-07
 Reference value :  4.36052e-07
 Reference value :  4.36186e-07
 Reference value :  4.36319e-07
 Reference value :  4.36470e-07
 Reference value :  4.36610e-07
 Reference value :  4.36748e-07
 Reference value :  4.36905e-07
 Reference value :  4.37047e-07
 Reference value :  4.37179e-07
 Reference value :  4.37310e-07
 Reference value :  4.37445e-07
 Reference value :  4.37579e-07
 Reference value :  4.37718e-07
 Reference value :  4.37850e-07
 Reference value :  4.37983e-07
 Reference value :  4.38120e-07
 Reference value :  4.38259e-07
 Reference value :  4.38391e-07
 Reference value :  4.38526e-07
 Reference value :  4.38661e-07
 Reference value :  4.38796e-07
 Reference value :  4.38931e-07
 Reference value :  4.39061e-07
 Reference value :  4.39195e-07
 Reference value :  4.39332e-07
 Reference value :  4.39467e-07
 Reference value :  4.39610e-07
 Reference value :  4.39750e-07
 Reference value :  4.39880e-07
 Reference value :  4.40020e-07
 Reference value :  4.40158e-07
 Reference value :  4.40293e-07
 Reference value :  4.40432e-07
 Reference value :  4.40596e-07
 Reference value :  4.40763e-07
 Reference value :  4.40914e-07
 Reference value :  4.41052e-07
 Reference value :  4.41191e-07
 Reference value :  4.41325e-07
 Reference value :  4.41460e-07
 Reference value :  4.41591e-07
 Reference value :  4.41733e-07
 Reference value :  4.41880e-07
 Reference value :  4.42017e-07
 Reference value :  4.42151e-07
 Reference value :  4.42294e-07
 Reference value :  4.42435e-07
 Reference value :  4.42574e-07
 Reference value :  4.42719e-07
 Reference value :  4.42852e-07
 Reference value :  4.42987e-07
 Reference value :  4.43123e-07
 Reference value :  4.43257e-07
 Reference value :  4.43390e-07
 Reference value :  4.43541e-07
 Reference value :  4.43679e-07
 Reference value :  4.43812e-07
 Reference value :  4.43964e-07
 Reference value :  4.44112e-07
 Reference value :  4.44251e-07
 Reference value :  4.44485e-07
 Reference value :  4.44677e-07
 Reference value :  4.44851e-07
 Reference value :  4.45007e-07
 Reference value :  4.45151e-07
 Reference value :  4.45297e-07
 Reference value :  4.45434e-07
 Reference value :  4.45661e-07
 Reference value :  4.45837e-07
 Reference value :  4.45986e-07
 Reference value :  4.46121e-07
 Reference value :  4.46261e-07
 Reference value :  4.46395e-07
 Reference value :  4.46525e-07
 Reference value :  4.46661e-07
 Reference value :  4.46810e-07
 Reference value :  4.46948e-07
 Reference value :  4.47080e-07
 Reference value :  4.47226e-07
 Reference value :  4.47461e-07
 Reference value :  4.47601e-07
 Reference value :  4.47832e-07
 Reference value :  4.47993e-07
 Reference value :  4.48132e-07
 Reference value :  4.48380e-07
 Reference value :  4.48510e-07
 Reference value :  4.48641e-07
 Reference value :  4.48779e-07
 Reference value :  4.48913e-07
 Reference value :  4.49050e-07
 Reference value :  4.49181e-07
 Reference value :  4.49370e-07
 Reference value :  4.49564e-07
 Reference value :  4.49711e-07
 Reference value :  4.49931e-07
 Reference value :  4.50150e-07
 Reference value :  4.50289e-07
 Reference value :  4.50447e-07
 Reference value :  4.50690e-07
 Reference value :  4.50838e-07
 Reference value :  4.50972e-07
 Reference value :  4.51115e-07
 Reference value :  4.51253e-07
 Reference value :  4.51383e-07
 Reference value :  4.51519e-07
 Reference value :  4.51659e-07
 Reference value :  4.51806e-07
 Reference value :  4.51942e-07
 Reference value :  4.52185e-07
 Reference value :  4.52433e-07
 Reference value :  4.52583e-07
 Reference value :  4.52730e-07
 Reference value :  4.52919e-07
 Reference value :  4.53152e-07
 Reference value :  4.53302e-07
 Reference value :  4.53490e-07
 Reference value :  4.53752e-07
 Reference value :  4.53900e-07
 Reference value :  4.54035e-07
 Reference value :  4.54181e-07
 Reference value :  4.54314e-07
 Reference value :  4.54459e-07
 Reference value :  4.54631e-07
 Reference value :  4.54770e-07
 Reference value :  4.54901e-07
 Reference value :  4.55039e-07
 Reference value :  4.55176e-07
 Reference value :  4.55310e-07
 Reference value :  4.55443e-07
 Reference value :  4.55582e-07
 Reference value :  4.55725e-07
 Reference value :  4.55869e-07
 Reference value :  4.56021e-07
 Reference value :  4.56164e-07
 Reference value :  4.56438e-07
 Reference value :  4.56610e-07
 Reference value :  4.56829e-07
 Reference value :  4.57010e-07
 Reference value :  4.57151e-07
 Reference value :  4.57290e-07
 Reference value :  4.57450e-07
 Reference value :  4.57590e-07
 Reference value :  4.57730e-07
 Reference value :  4.57867e-07
 Reference value :  4.58001e-07
 Reference value :  4.58148e-07
 Reference value :  4.58311e-07
 Reference value :  4.58444e-07
 Reference value :  4.58590e-07
 Reference value :  4.58721e-07
 Reference value :  4.58867e-07
 Reference value :  4.59131e-07
 Reference value :  4.59310e-07
 Reference value :  4.59456e-07
 Reference value :  4.59602e-07
 Reference value :  4.59755e-07
 Reference value :  4.59890e-07
 Reference value :  4.60029e-07
 Reference value :  4.60163e-07
 Reference value :  4.60300e-07
 Reference value :  4.60441e-07
 Reference value :  4.60581e-07
 Reference value :  4.60800e-07
 Reference value :  4.61047e-07
 Reference value :  4.61190e-07
 Reference value :  4.61375e-07
 Reference value :  4.61622e-07
 Reference value :  4.61774e-07
 Reference value :  4.62057e-07
 Reference value :  4.62249e-07
 Reference value :  4.62460e-07
 Reference value :  4.62600e-07
 Reference value :  4.62737e-07
 Reference value :  4.62876e-07
 Reference value :  4.63011e-07
 Reference value :  4.63148e-07
 Reference value :  4.63291e-07
 Reference value :  4.63429e-07
 Reference value :  4.63565e-07
 Reference value :  4.63710e-07
 Reference value :  4.63852e-07
 Reference value :  4.64137e-07
 Reference value :  4.64297e-07
 Reference value :  4.64434e-07
 Reference value :  4.64570e-07
 Reference value :  4.64710e-07
 Reference value :  4.64841e-07
 Reference value :  4.64980e-07
 Reference value :  4.65121e-07
 Reference value :  4.65256e-07
 Reference value :  4.65405e-07
 Reference value :  4.65547e-07
 Reference value :  4.65706e-07
 Reference value :  4.65990e-07
 Reference value :  4.66140e-07
 Reference value :  4.66275e-07
 Reference value :  4.66415e-07
 Reference value :  4.66549e-07
 Reference value :  4.66682e-07
 Reference value :  4.66820e-07
 Reference value :  4.66960e-07
 Reference value :  4.67100e-07
 Reference value :  4.67238e-07
 Reference value :  4.67377e-07
 Reference value :  4.67525e-07
 Reference value :  4.67657e-07
 Reference value :  4.67791e-07
 Reference value :  4.67926e-07
 Reference value :  4.68057e-07
 Reference value :  4.68201e-07
 Reference value :  4.68351e-07
 Reference value :  4.68492e-07
 Reference value :  4.68630e-07
 Reference value :  4.68763e-07
 Reference value :  4.68905e-07
 Reference value :  4.69040e-07
 Reference value :  4.69183e-07
 Reference value :  4.69312e-07
 Reference value :  4.69450e-07
 Reference value :  4.69590e-07
 Reference value :  4.69720e-07
 Reference value :  4.69866e-07
 Reference value :  4.69999e-07
 Reference value :  4.70140e-07
 Reference value :  4.70279e-07
 Reference value :  4.70414e-07
 Reference value :  4.70566e-07
 Reference value :  4.70702e-07
 Reference value :  4.70840e-07
 Reference value :  4.70970e-07
 Reference value :  4.71104e-07
 Reference value :  4.71249e-07
 Reference value :  4.71400e-07
 Reference value :  4.71540e-07
 Reference value :  4.71678e-07
 Reference value :  4.71822e-07
 Reference value :  4.71960e-07
 Reference value :  4.72108e-07
 Reference value :  4.72241e-07
 Reference value :  4.72378e-07
 Reference value :  4.72510e-07
 Reference value :  4.72645e-07
 Reference value :  4.72780e-07
 Reference value :  4.72922e-07
 Reference value :  4.73058e-07
 Reference value :  4.73197e-07
 Reference value :  4.73343e-07
 Reference value :  4.73518e-07
 Reference value :  4.73787e-07
 Reference value :  4.73942e-07
 Reference value :  4.74083e-07
 Reference value :  4.74255e-07
 Reference value :  4.74521e-07
 Reference value :  4.74770e-07
 Reference value :  4.75026e-07
 Reference value :  4.75276e-07
 Reference value :  4.75539e-07
 Reference value :  4.75760e-07
 Reference value :  4.75991e-07
 Reference value :  4.76212e-07
 Reference value :  4.76351e-07
 Reference value :  4.76485e-07
 Reference value :  4.76635e-07
 Reference value :  4.76772e-07
 Reference value :  4.76908e-07
 Reference value :  4.77042e-07
 Reference value :  4.77178e-07
 Reference value :  4.77312e-07
 Reference value :  4.77446e-07
 Reference value :  4.77580e-07
 Reference value :  4.77724e-07
 Reference value :  4.77874e-07
 Reference value :  4.78011e-07
 Reference value :  4.78150e-07
 Reference value :  4.78287e-07
 Reference value :  4.78421e-07
 Reference value :  4.78564e-07
 Reference value :  4.78701e-07
 Reference value :  4.78849e-07
 Reference value :  4.78980e-07
 Reference value :  4.79119e-07
 Reference value :  4.79259e-07
 Reference value :  4.79390e-07
 Reference value :  4.79526e-07
 Reference value :  4.79660e-07
 Reference value :  4.79809e-07
 Reference value :  4.79944e-07
 Reference value :  4.80110e-07
 Reference value :  4.80285e-07
 Reference value :  4.80574e-07
 Reference value :  4.80722e-07
 Reference value :  4.80861e-07
 Reference value :  4.81017e-07
 Reference value :  4.81303e-07
 Reference value :  4.81469e-07
 Reference value :  4.81607e-07
 Reference value :  4.81760e-07
 Reference value :  4.82040e-07
 Reference value :  4.82171e-07
 Reference value :  4.82317e-07
 Reference value :  4.82454e-07
 Reference value :  4.82650e-07
 Reference value :  4.82791e-07
 Reference value :  4.82936e-07
 Reference value :  4.83071e-07
 Reference value :  4.83212e-07
 Reference value :  4.83348e-07
 Reference value :  4.83487e-07
 Reference value :  4.83630e-07
 Reference value :  4.83774e-07
 Reference value :  4.83911e-07
 Reference value :  4.84048e-07
 Reference value :  4.84183e-07
 Reference value :  4.84315e-07
 Reference value :  4.84452e-07
 Reference value :  4.84586e-07
 Reference value :  4.84725e-07
 Reference value :  4.84868e-07
 Reference value :  4.84997e-07
 Reference value :  4.85130e-07
 Reference value :  4.85273e-07
 Reference value :  4.85415e-07
 Reference value :  4.85560e-07
 Reference value :  4.85693e-07
 Reference value :  4.85835e-07
 Reference value :  4.85970e-07
 Reference value :  4.86110e-07
 Reference value :  4.86261e-07
 Reference value :  4.86397e-07
 Reference value :  4.86552e-07
 Reference value :  4.86792e-07
 Reference value :  4.87023e-07
 Reference value :  4.87161e-07
 Reference value :  4.87300e-07
 Reference value :  4.87463e-07
 Reference value :  4.87601e-07
 Reference value :  4.87738e-07
 Reference value :  4.87919e-07
 Reference value :  4.88054e-07
 Reference value :  4.88213e-07
 Reference value :  4.88402e-07
 Reference value :  4.88690e-07
 Reference value :  4.88844e-07
 Reference value :  4.88989e-07
 Reference value :  4.89123e-07
 Reference value :  4.89265e-07
 Reference value :  4.89410e-07
 Reference value :  4.89547e-07
 Reference value :  4.89679e-07
 Reference value :  4.89811e-07
 Reference value :  4.89951e-07
 Reference value :  4.90081e-07
 Reference value :  4.90221e-07
 Reference value :  4.90361e-07
 Reference value :  4.90493e-07
 Reference value :  4.90626e-07
 Reference value :  4.90765e-07
 Reference value :  4.90910e-07
 Reference value :  4.91047e-07
 Reference value :  4.91187e-07
 Reference value :  4.91340e-07
 Reference value :  4.91475e-07
 Reference value :  4.91621e-07
 Reference value :  4.91757e-07
 Reference value :  4.91897e-07
 Reference value :  4.92035e-07
 Reference value :  4.92174e-07
 Reference value :  4.92310e-07
 Reference value :  4.92451e-07
 Reference value :  4.92590e-07
 Reference value :  4.92737e-07
 Reference value :  4.92871e-07
 Reference value :  4.93016e-07
 Reference value :  4.93158e-07
 Reference value :  4.93362e-07
 Reference value :  4.93651e-07
 Reference value :  4.93861e-07
 Reference value :  4.94001e-07
 Reference value :  4.94144e-07
 Reference value :  4.94321e-07
 Reference value :  4.94469e-07
 Reference value :  4.94637e-07
 Reference value :  4.94784e-07
 Reference value :  4.95014e-07
 Reference value :  4.95290e-07
 Reference value :  4.95430e-07
 Reference value :  4.95576e-07
 Reference value :  4.95713e-07
 Reference value :  4.95924e-07
 Reference value :  4.96188e-07
 Reference value :  4.96331e-07
 Reference value :  4.96481e-07
 Reference value :  4.96623e-07
 Reference value :  4.96773e-07
 Reference value :  4.96910e-07
 Reference value :  4.97043e-07
 Reference value :  4.97185e-07
 Reference value :  4.97314e-07
 Reference value :  4.97461e-07
 Reference value :  4.97630e-07
 Reference value :  4.97762e-07
 Reference value :  4.97900e-07
 Reference value :  4.98040e-07
 Reference value :  4.98178e-07
 Reference value :  4.98320e-07
 Reference value :  4.98450e-07
 Reference value :  4.98593e-07
 Reference value :  4.98726e-07
 Reference value :  4.98876e-07
 Reference value :  4.99008e-07
 Reference value :  4.99155e-07
 Reference value :  4.99291e-07
 Reference value :  4.99430e-07
 Reference value :  4.99579e-07
 Reference value :  4.99737e-07
 Reference value :  4.99880e-07
 Reference value :  5.00020e-07
 Reference value :  5.00162e-07
 Reference value :  5.00306e-07
 Reference value :  5.00444e-07
 Reference value :  5.00577e-07
 Reference value :  5.00720e-07
 Reference value :  5.00866e-07
 Reference value :  5.01020e-07
 Reference value :  5.01160e-07
 Reference value :  5.01299e-07
 Reference value :  5.01460e-07
 Reference value :  5.01624e-07
 Reference value :  5.01781e-07
 Reference value :  5.01914e-07
 Reference value :  5.02050e-07
 Reference value :  5.02200e-07
 Reference value :  5.02351e-07
 Reference value :  5.02496e-07
 Reference value :  5.02629e-07
 Reference value :  5.02770e-07
 Reference value :  5.02906e-07
 Reference value :  5.03044e-07
 Reference value :  5.03180e-07
 Reference value :  5.03315e-07
 Reference value :  5.03469e-07
 Reference value :  5.03603e-07
 Reference value :  5.03740e-07
 Reference value :  5.03886e-07
 Reference value :  5.04051e-07
 Reference value :  5.04191e-07
 Reference value :  5.04330e-07
 Reference value :  5.04472e-07
 Reference value :  5.04618e-07
 Reference value :  5.04754e-07
 Reference value :  5.04905e-07
 Reference value :  5.05054e-07
 Reference value :  5.05197e-07
 Reference value :  5.05331e-07
 Reference value :  5.05469e-07
 Reference value :  5.05611e-07
 Reference value :  5.05745e-07
 Reference value :  5.05881e-07
 Reference value :  5.06027e-07
 Reference value :  5.06160e-07
 Reference value :  5.06296e-07
 Reference value :  5.06435e-07
 Reference value :  5.06563e-07
 Reference value :  5.06699e-07
 Reference value :  5.06840e-07
 Reference value :  5.07020e-07
 Reference value :  5.07157e-07
 Reference value :  5.07301e-07
 Reference value :  5.07435e-07
 Reference value :  5.07571e-07
 Reference value :  5.07719e-07
 Reference value :  5.07876e-07
 Reference value :  5.08015e-07
 Reference value :  5.08167e-07
 Reference value :  5.08310e-07
 Reference value :  5.08450e-07
 Reference value :  5.08589e-07
 Reference value :  5.08766e-07
 Reference value :  5.08902e-07
 Reference value :  5.09036e-07
 Reference value :  5.09171e-07
 Reference value :  5.09320e-07
 Reference value :  5.09463e-07
 Reference value :  5.09617e-07
 Reference value :  5.09752e-07
 Reference value :  5.09886e-07
 Reference value :  5.10031e-07
 Reference value :  5.10166e-07
 Reference value :  5.10310e-07
 Reference value :  5.10460e-07
 Reference value :  5.10601e-07
 Reference value :  5.10745e-07
 Reference value :  5.10884e-07
 Reference value :  5.11038e-07
 Reference value :  5.11178e-07
 Reference value :  5.11314e-07
 Reference value :  5.11459e-07
 Reference value :  5.11600e-07
 Reference value :  5.11737e-07
 Reference value :  5.11871e-07
 Reference value :  5.12020e-07
 Reference value :  5.12156e-07
 Reference value :  5.12291e-07
 Reference value :  5.12433e-07
 Reference value :  5.12575e-07
 Reference value :  5.12720e-07
 Reference value :  5.12874e-07
 Reference value :  5.13021e-07
 Reference value :  5.13170e-07
 Reference value :  5.13309e-07
 Reference value :  5.13441e-07
 Reference value :  5.13572e-07
 Reference value :  5.13710e-07
 Reference value :  5.13844e-07
 Reference value :  5.13980e-07
 Reference value :  5.14121e-07
 Reference value :  5.14252e-07
 Reference value :  5.14388e-07
 Reference value :  5.14522e-07
 Reference value :  5.14657e-07
 Reference value :  5.14800e-07
 Reference value :  5.14930e-07
 Reference value :  5.15065e-07
 Reference value :  5.15200e-07
 Reference value :  5.15359e-07
 Reference value :  5.15500e-07
 Reference value :  5.15633e-07
 Reference value :  5.15766e-07
 Reference value :  5.15907e-07
 Reference value :  5.16044e-07
 Reference value :  5.16180e-07
 Reference value :  5.16321e-07
 Reference value :  5.16465e-07
 Reference value :  5.16599e-07
 Reference value :  5.16742e-07
 Reference value :  5.16880e-07
 Reference value :  5.17015e-07
 Reference value :  5.17159e-07
 Reference value :  5.17304e-07
 Reference value :  5.17446e-07
 Reference value :  5.17580e-07
 Reference value :  5.17717e-07
 Reference value :  5.17850e-07
 Reference value :  5.17984e-07
 Reference value :  5.18116e-07
 Reference value :  5.18252e-07
 Reference value :  5.18383e-07
 Reference value :  5.18530e-07
 Reference value :  5.18744e-07
 Reference value :  5.18971e-07
 Reference value :  5.19207e-07
 Reference value :  5.19435e-07
 Reference value :  5.19660e-07
 Reference value :  5.19882e-07
 Reference value :  5.20120e-07
 Reference value :  5.20324e-07
 Reference value :  5.20542e-07
 Reference value :  5.20764e-07
 Reference value :  5.20993e-07
 Reference value :  5.21143e-07
 Reference value :  5.21285e-07
 Reference value :  5.21421e-07
 Reference value :  5.21579e-07
 Reference value :  5.21739e-07
 Reference value :  5.21890e-07
 Reference value :  5.22051e-07
 Reference value :  5.22190e-07
 Reference value :  5.22331e-07
 Reference value :  5.22481e-07
 Reference value :  5.22632e-07
 Reference value :  5.22773e-07
 Reference value :  5.22930e-07
 Reference value :  5.23070e-07
 Reference value :  5.23210e-07
 Reference value :  5.23354e-07
 Reference value :  5.23501e-07
 Reference value :  5.23658e-07
 Reference value :  5.23805e-07
 Reference value :  5.23949e-07
 Reference value :  5.24089e-07
 Reference value :  5.24232e-07
 Reference value :  5.24390e-07
 Reference value :  5.24530e-07
 Reference value :  5.24688e-07
 Reference value :  5.24831e-07
 Reference value :  5.24967e-07
 Reference value :  5.25111e-07
 Reference value :  5.25259e-07
 Reference value :  5.25405e-07
 Reference value :  5.25561e-07
 Reference value :  5.25692e-07
 Reference value :  5.25835e-07
 Reference value :  5.25970e-07
 Reference value :  5.26110e-07
 Reference value :  5.26250e-07
 Reference value :  5.26387e-07
 Reference value :  5.26526e-07
 Reference value :  5.26677e-07
 Reference value :  5.26825e-07
 Reference value :  5.26972e-07
 Reference value :  5.27141e-07
 Reference value :  5.27289e-07
 Reference value :  5.27428e-07
 Reference value :  5.27564e-07
 Reference value :  5.27719e-07
 Reference value :  5.27860e-07
 Reference value :  5.28009e-07
 Reference value :  5.28146e-07
 Reference value :  5.28280e-07
 Reference value :  5.28430e-07
 Reference value :  5.28571e-07
 Reference value :  5.28702e-07
 Reference value :  5.28850e-07
 Reference value :  5.28990e-07
 Reference value :  5.29121e-07
 Reference value :  5.29260e-07
 Reference value :  5.29398e-07
 Reference value :  5.29530e-07
 Reference value :  5.29669e-07
 Reference value :  5.29801e-07
 Reference value :  5.29934e-07
 Reference value :  5.30080e-07
 Reference value :  5.30220e-07
 Reference value :  5.30356e-07
 Reference value :  5.30489e-07
 Reference value :  5.30641e-07
 Reference value :  5.30778e-07
 Reference value :  5.30928e-07
 Reference value :  5.31063e-07
 Reference value :  5.31199e-07
 Reference value :  5.31341e-07
 Reference value :  5.31480e-07
 Reference value :  5.31613e-07
 Reference value :  5.31754e-07
 Reference value :  5.31891e-07
 Reference value :  5.32026e-07
 Reference value :  5.32159e-07
 Reference value :  5.32315e-07
 Reference value :  5.32453e-07
 Reference value :  5.32730e-07
 Reference value :  5.32891e-07
 Reference value :  5.33033e-07
 Reference value :  5.33183e-07
 Reference value :  5.33409e-07
 Reference value :  5.33642e-07
 Reference value :  5.33790e-07
 Reference value :  5.33931e-07
 Reference value :  5.34071e-07
 Reference value :  5.34251e-07
 Reference value :  5.34460e-07
 Reference value :  5.34640e-07
 Reference value :  5.34811e-07
 Reference value :  5.34955e-07
 Reference value :  5.35093e-07
 Reference value :  5.35241e-07
 Reference value :  5.35524e-07
 Reference value :  5.35719e-07
 Reference value :  5.35860e-07
 Reference value :  5.36013e-07
 Reference value :  5.36153e-07
 Reference value :  5.36286e-07
 Reference value :  5.36422e-07
 Reference value :  5.36557e-07
 Reference value :  5.36691e-07
 Reference value :  5.36835e-07
 Reference value :  5.36969e-07
 Reference value :  5.37101e-07
 Reference value :  5.37250e-07
 Reference value :  5.37392e-07
 Reference value :  5.37534e-07
 Reference value :  5.37672e-07
 Reference value :  5.37801e-07
 Reference value :  5.37947e-07
 Reference value :  5.38090e-07
 Reference value :  5.38225e-07
 Reference value :  5.38364e-07
 Reference value :  5.38497e-07
 Reference value :  5.38634e-07
 Reference value :  5.38772e-07
 Reference value :  5.38912e-07
 Reference value :  5.39053e-07
 Reference value :  5.39184e-07
 Reference value :  5.39320e-07
 Reference value :  5.39460e-07
 Reference value :  5.39598e-07
 Reference value :  5.39740e-07
 Reference value :  5.39875e-07
 Reference value :  5.40012e-07
 Reference value :  5.40156e-07
 Reference value :  5.40299e-07
 Reference value :  5.40431e-07
 Reference value :  5.40566e-07
 Reference value :  5.40710e-07
 Reference value :  5.40847e-07
 Reference value :  5.40990e-07
 Reference value :  5.41130e-07
 Reference value :  5.41270e-07
 Reference value :  5.41410e-07
 Reference value :  5.41546e-07
 Reference value :  5.41685e-07
 Reference value :  5.41832e-07
 Reference value :  5.41966e-07
 Reference value :  5.42111e-07
 Reference value :  5.42253e-07
 Reference value :  5.42388e-07
 Reference value :  5.42526e-07
 Reference value :  5.42660e-07
 Reference value :  5.42790e-07
 Reference value :  5.42925e-07
 Reference value :  5.43060e-07
 Reference value :  5.43196e-07
 Reference value :  5.43334e-07
 Reference value :  5.43478e-07
 Reference value :  5.43629e-07
 Reference value :  5.43770e-07
 Reference value :  5.43908e-07
 Reference value :  5.44045e-07
 Reference value :  5.44181e-07
 Reference value :  5.44311e-07
 Reference value :  5.44448e-07
 Reference value :  5.44580e-07
 Reference value :  5.44723e-07
 Reference value :  5.44861e-07
 Reference value :  5.44998e-07
 Reference value :  5.45150e-07
 Reference value :  5.45286e-07
 Reference value :  5.45419e-07
 Reference value :  5.45570e-07
 Reference value :  5.45708e-07
 Reference value :  5.45842e-07
 Reference value :  5.45990e-07
 Reference value :  5.46130e-07
 Reference value :  5.46271e-07
 Reference value :  5.46424e-07
 Reference value :  5.46570e-07
 Reference value :  5.46719e-07
 Reference value :  5.46857e-07
 Reference value :  5.47001e-07
 Reference value :  5.47147e-07
 Reference value :  5.47296e-07
 Reference value :  5.47445e-07
 Reference value :  5.47590e-07
 Reference value :  5.47733e-07
 Reference value :  5.47874e-07
 Reference value :  5.48023e-07
 Reference value :  5.48157e-07
 Reference value :  5.48307e-07
 Reference value :  5.48447e-07
 Reference value :  5.48580e-07
 Reference value :  5.48724e-07
 Reference value :  5.48891e-07
 Reference value :  5.49031e-07
 Reference value :  5.49163e-07
 Reference value :  5.49314e-07
 Reference value :  5.49462e-07
 Reference value :  5.49610e-07
 Reference value :  5.49754e-07
 Reference value :  5.49901e-07
 Reference value :  5.50043e-07
 Reference value :  5.50192e-07
 Reference value :  5.50332e-07
 Reference value :  5.50472e-07
 Reference value :  5.50614e-07
 Reference value :  5.50760e-07
 Reference value :  5.50910e-07
 Reference value :  5.51041e-07
 Reference value :  5.51189e-07
 Reference value :  5.51330e-07
 Reference value :  5.51470e-07
 Reference value :  5.51618e-07
 Reference value :  5.51767e-07
 Reference value :  5.51902e-07
 Reference value :  5.52040e-07
 Reference value :  5.52199e-07
 Reference value :  5.52349e-07
 Reference value :  5.52498e-07
 Reference value :  5.52629e-07
 Reference value :  5.52771e-07
 Reference value :  5.52906e-07
 Reference value :  5.53041e-07
 Reference value :  5.53185e-07
 Reference value :  5.53327e-07
 Reference value :  5.53472e-07
 Reference value :  5.53622e-07
 Reference value :  5.53781e-07
 Reference value :  5.53921e-07
 Reference value :  5.54064e-07
 Reference value :  5.54210e-07
 Reference value :  5.54350e-07
 Reference value :  5.54487e-07
 Reference value :  5.54623e-07
 Reference value :  5.54769e-07
 Reference value :  5.54902e-07
 Reference value :  5.55041e-07
 Reference value :  5.55180e-07
 Reference value :  5.55310e-07
 Reference value :  5.55444e-07
 Reference value :  5.55576e-07
 Reference value :  5.55720e-07
 Reference value :  5.55850e-07
 Reference value :  5.55990e-07
 Reference value :  5.56124e-07
 Reference value :  5.56256e-07
 Reference value :  5.56401e-07
 Reference value :  5.56540e-07
 Reference value :  5.56681e-07
 Reference value :  5.56821e-07
 Reference value :  5.56953e-07
 Reference value :  5.57101e-07
 Reference value :  5.57236e-07
 Reference value :  5.57383e-07
 Reference value :  5.57520e-07
 Reference value :  5.57660e-07
 Reference value :  5.57795e-07
 Reference value :  5.57941e-07
 Reference value :  5.58081e-07
 Reference value :  5.58215e-07
 Reference value :  5.58351e-07
 Reference value :  5.58487e-07
 Reference value :  5.58620e-07
 Reference value :  5.58750e-07
 Reference value :  5.58881e-07
 Reference value :  5.59018e-07
 Reference value :  5.59158e-07
 Reference value :  5.59290e-07
 Reference value :  5.59425e-07
 Reference value :  5.59559e-07
 Reference value :  5.59698e-07
 Reference value :  5.59835e-07
 Reference value :  5.59974e-07
 Reference value :  5.60128e-07
 Reference value :  5.60260e-07
 Reference value :  5.60393e-07
 Reference value :  5.60529e-07
 Reference value :  5.60665e-07
 Reference value :  5.60801e-07
 Reference value :  5.60940e-07
 Reference value :  5.61080e-07
 Reference value :  5.61212e-07
 Reference value :  5.61345e-07
 Reference value :  5.61482e-07
 Reference value :  5.61620e-07
 Reference value :  5.61753e-07
 Reference value :  5.61882e-07
 Reference value :  5.62031e-07
 Reference value :  5.62163e-07
 Reference value :  5.62301e-07
 Reference value :  5.62444e-07
 Reference value :  5.62580e-07
 Reference value :  5.62714e-07
 Reference value :  5.62844e-07
 Reference value :  5.62986e-07
 Reference value :  5.63123e-07
 Reference value :  5.63265e-07
 Reference value :  5.63421e-07
 Reference value :  5.63556e-07
 Reference value :  5.63690e-07
 Reference value :  5.63827e-07
 Reference value :  5.63960e-07
 Reference value :  5.64098e-07
 Reference value :  5.64239e-07
 Reference value :  5.64371e-07
 Reference value :  5.64518e-07
 Reference value :  5.64657e-07
 Reference value :  5.64799e-07
 Reference value :  5.64930e-07
 Reference value :  5.65070e-07
 Reference value :  5.65205e-07
 Reference value :  5.65338e-07
 Reference value :  5.65477e-07
 Reference value :  5.65619e-07
 Reference value :  5.65758e-07
 Reference value :  5.65890e-07
 Reference value :  5.66026e-07
 Reference value :  5.66156e-07
 Reference value :  5.66296e-07
 Reference value :  5.66433e-07
 Reference value :  5.66570e-07
 Reference value :  5.66702e-07
 Reference value :  5.66847e-07
 Reference value :  5.66990e-07
 Reference value :  5.67128e-07
 Reference value :  5.67271e-07
 Reference value :  5.67407e-07
 Reference value :  5.67537e-07
 Reference value :  5.67679e-07
 Reference value :  5.67812e-07
 Reference value :  5.67947e-07
 Reference value :  5.68079e-07
 Reference value :  5.68219e-07
 Reference value :  5.68361e-07
 Reference value :  5.68500e-07
 Reference value :  5.68637e-07
 Reference value :  5.68772e-07
 Reference value :  5.68912e-07
 Reference value :  5.69048e-07
 Reference value :  5.69182e-07
 Reference value :  5.69321e-07
 Reference value :  5.69456e-07
 Reference value :  5.69589e-07
 Reference value :  5.69718e-07
 Reference value :  5.69861e-07
 Reference value :  5.69998e-07
 Reference value :  5.70146e-07
 Reference value :  5.70283e-07
 Reference value :  5.70429e-07
 Reference value :  5.70569e-07
 Reference value :  5.70700e-07
 Reference value :  5.70833e-07
 Reference value :  5.70969e-07
 Reference value :  5.71101e-07
 Reference value :  5.71251e-07
 Reference value :  5.71390e-07
 Reference value :  5.71525e-07
 Reference value :  5.71664e-07
 Reference value :  5.71800e-07
 Reference value :  5.71934e-07
 Reference value :  5.72081e-07
 Reference value :  5.72211e-07
 Reference value :  5.72360e-07
 Reference value :  5.72509e-07
 Reference value :  5.72661e-07
 Reference value :  5.72912e-07
 Reference value :  5.73130e-07
 Reference value :  5.73271e-07
 Reference value :  5.73410e-07
 Reference value :  5.73560e-07
 Reference value :  5.73740e-07
 Reference value :  5.74030e-07
 Reference value :  5.74281e-07
 Reference value :  5.74427e-07
 Reference value :  5.74582e-07
 Reference value :  5.74728e-07
 Reference value :  5.74864e-07
 Reference value :  5.75007e-07
 Reference value :  5.75190e-07
 Reference value :  5.75474e-07
 Reference value :  5.75670e-07
 Reference value :  5.75804e-07
 Reference value :  5.75951e-07
 Reference value :  5.76091e-07
 Reference value :  5.76230e-07
 Reference value :  5.76377e-07
 Reference value :  5.76632e-07
 Reference value :  5.76871e-07
 Reference value :  5.77019e-07
 Reference value :  5.77166e-07
 Reference value :  5.77305e-07
 Reference value :  5.77441e-07
 Reference value :  5.77571e-07
 Reference value :  5.77710e-07
 Reference value :  5.77851e-07
 Reference value :  5.78004e-07
 Reference value :  5.78141e-07
 Reference value :  5.78286e-07
 Reference value :  5.78426e-07
 Reference value :  5.78560e-07
 Reference value :  5.78694e-07
 Reference value :  5.78830e-07
 Reference value :  5.78961e-07
 Reference value :  5.79098e-07
 Reference value :  5.79231e-07
 Reference value :  5.79369e-07
 Reference value :  5.79510e-07
 Reference value :  5.79654e-07
 Reference value :  5.79789e-07
 Reference value :  5.79927e-07
 Reference value :  5.80084e-07
 Reference value :  5.80220e-07
 Reference value :  5.80353e-07
 Reference value :  5.80486e-07
 Reference value :  5.80624e-07
 Reference value :  5.80763e-07
 Reference value :  5.80902e-07
 Reference value :  5.81042e-07
 Reference value :  5.81177e-07
 Reference value :  5.81310e-07
 Reference value :  5.81446e-07
 Reference value :  5.81584e-07
 Reference value :  5.81725e-07
 Reference value :  5.81863e-07
 Reference value :  5.81991e-07
 Reference value :  5.82127e-07
 Reference value :  5.82256e-07
 Reference value :  5.82400e-07
 Reference value :  5.82532e-07
 Reference value :  5.82663e-07
 Reference value :  5.82799e-07
 Reference value :  5.82931e-07
 Reference value :  5.83070e-07
 Reference value :  5.83213e-07
 Reference value :  5.83351e-07
 Reference value :  5.83490e-07
 Reference value :  5.83628e-07
 Reference value :  5.83770e-07
 Reference value :  5.83907e-07
 Reference value :  5.84042e-07
 Reference value :  5.84181e-07
 Reference value :  5.84315e-07
 Reference value :  5.84460e-07
 Reference value :  5.84590e-07
 Reference value :  5.84732e-07
 Reference value :  5.84877e-07
 Reference value :  5.85018e-07
 Reference value :  5.85151e-07
 Reference value :  5.85296e-07
 Reference value :  5.85453e-07
 Reference value :  5.85591e-07
 Reference value :  5.85730e-07
 Reference value :  5.85861e-07
 Reference value :  5.85999e-07
 Reference value :  5.86138e-07
 Reference value :  5.86271e-07
 Reference value :  5.86405e-07
 Reference value :  5.86538e-07
 Reference value :  5.86672e-07
 Reference value :  5.86809e-07
 Reference value :  5.86943e-07
 Reference value :  5.87086e-07
 Reference value :  5.87220e-07
 Reference value :  5.87366e-07
 Reference value :  5.87504e-07
 Reference value :  5.87652e-07
 Reference value :  5.87795e-07
 Reference value :  5.87930e-07
 Reference value :  5.88087e-07
 Reference value :  5.88236e-07
 Reference value :  5.88370e-07
 Reference value :  5.88500e-07
 Reference value :  5.88646e-07
 Reference value :  5.88792e-07
 Reference value :  5.88931e-07
 Reference value :  5.89071e-07
 Reference value :  5.89208e-07
 Reference value :  5.89348e-07
 Reference value :  5.89481e-07
 Reference value :  5.89626e-07
 Reference value :  5.89760e-07
 Reference value :  5.89900e-07
 Reference value :  5.90036e-07
 Reference value :  5.90170e-07
 Reference value :  5.90301e-07
 Reference value :  5.90440e-07
 Reference value :  5.90580e-07
 Reference value :  5.90721e-07
 Reference value :  5.90865e-07
 Reference value :  5.91011e-07
 Reference value :  5.91160e-07
 Reference value :  5.91293e-07
 Reference value :  5.91440e-07
 Reference value :  5.91582e-07
 Reference value :  5.91730e-07
 Reference value :  5.91863e-07
 Reference value :  5.92003e-07
 Reference value :  5.92150e-07
 Reference value :  5.92283e-07
 Reference value :  5.92420e-07
 Reference value :  5.92551e-07
 Reference value :  5.92694e-07
 Reference value :  5.92849e-07
 Reference value :  5.92983e-07
 Reference value :  5.93120e-07
 Reference value :  5.93262e-07
 Reference value :  5.93401e-07
 Reference value :  5.93542e-07
 Reference value :  5.93682e-07
 Reference value :  5.93832e-07
 Reference value :  5.93980e-07
 Reference value :  5.94120e-07
 Reference value :  5.94269e-07
 Reference value :  5.94406e-07
 Reference value :  5.94557e-07
 Reference value :  5.94697e-07
 Reference value :  5.94831e-07
 Reference value :  5.94969e-07
 Reference value :  5.95108e-07
 Reference value :  5.95245e-07
 Reference value :  5.95381e-07
 Reference value :  5.95531e-07
 Reference value :  5.95676e-07
 Reference value :  5.95808e-07
 Reference value :  5.95944e-07
 Reference value :  5.96080e-07
 Reference value :  5.96215e-07
 Reference value :  5.96355e-07
 Reference value :  5.96491e-07
 Reference value :  5.96630e-07
 Reference value :  5.96767e-07
 Reference value :  5.96913e-07
 Reference value :  5.97050e-07
 Reference value :  5.97182e-07
 Reference value :  5.97334e-07
 Reference value :  5.97470e-07
 Reference value :  5.97601e-07
 Reference value :  5.97736e-07
 Reference value :  5.97870e-07
 Reference value :  5.98033e-07
 Reference value :  5.98170e-07
 Reference value :  5.98301e-07
 Reference value :  5.98440e-07
 Reference value :  5.98573e-07
 Reference value :  5.98713e-07
 Reference value :  5.98851e-07
 Reference value :  5.98988e-07
 Reference value :  5.99121e-07
 Reference value :  5.99286e-07
 Reference value :  5.99424e-07
 Reference value :  5.99589e-07
 Reference value :  5.99751e-07
 Reference value :  5.99893e-07
 Reference value :  6.00034e-07
 Reference value :  6.00168e-07
 Reference value :  6.00300e-07
 Reference value :  6.00437e-07
 Reference value :  6.00574e-07
 Reference value :  6.00713e-07
 Reference value :  6.00845e-07
 Reference value :  6.00981e-07
 Reference value :  6.01124e-07
 Reference value :  6.01254e-07
 Reference value :  6.01391e-07
 Reference value :  6.01530e-07
 Reference value :  6.01673e-07
 Reference value :  6.01814e-07
 Reference value :  6.01951e-07
 Reference value :  6.02087e-07
 Reference value :  6.02222e-07
 Reference value :  6.02400e-07
 Reference value :  6.02555e-07
 Reference value :  6.02690e-07
 Reference value :  6.02821e-07
 Reference value :  6.02959e-07
 Reference value :  6.03091e-07
 Reference value :  6.03225e-07
 Reference value :  6.03359e-07
 Reference value :  6.03500e-07
 Reference value :  6.03639e-07
 Reference value :  6.03771e-07
 Reference value :  6.03908e-07
 Reference value :  6.04040e-07
 Reference value :  6.04172e-07
 Reference value :  6.04311e-07
 Reference value :  6.04450e-07
 Reference value :  6.04581e-07
 Reference value :  6.04726e-07
 Reference value :  6.04865e-07
 Reference value :  6.05001e-07
 Reference value :  6.05150e-07
 Reference value :  6.05290e-07
 Reference value :  6.05421e-07
 Reference value :  6.05570e-07
 Reference value :  6.05708e-07
 Reference value :  6.05848e-07
 Reference value :  6.05990e-07
 Reference value :  6.06133e-07
 Reference value :  6.06276e-07
 Reference value :  6.06407e-07
 Reference value :  6.06560e-07
 Reference value :  6.06698e-07
 Reference value :  6.06858e-07
 Reference value :  6.07001e-07
 Reference value :  6.07131e-07
 Reference value :  6.07270e-07
 Reference value :  6.07411e-07
 Reference value :  6.07550e-07
 Reference value :  6.07687e-07
 Reference value :  6.07820e-07
 Reference value :  6.07961e-07
 Reference value :  6.08100e-07
 Reference value :  6.08230e-07
 Reference value :  6.08361e-07
 Reference value :  6.08502e-07
 Reference value :  6.08642e-07
 Reference value :  6.08779e-07
 Reference value :  6.08918e-07
 Reference value :  6.09055e-07
 Reference value :  6.09201e-07
 Reference value :  6.09350e-07
 Reference value :  6.09490e-07
 Reference value :  6.09622e-07
 Reference value :  6.09772e-07
 Reference value :  6.09910e-07
 Reference value :  6.10041e-07
 Reference value :  6.10178e-07
 Reference value :  6.10315e-07
 Reference value :  6.10445e-07
 Reference value :  6.10579e-07
 Reference value :  6.10735e-07
 Reference value :  6.10986e-07
 Reference value :  6.11240e-07
 Reference value :  6.11427e-07
 Reference value :  6.11560e-07
 Reference value :  6.11738e-07
 Reference value :  6.11874e-07
 Reference value :  6.12011e-07
 Reference value :  6.12156e-07
 Reference value :  6.12311e-07
 Reference value :  6.12489e-07
 Reference value :  6.12766e-07
 Reference value :  6.12921e-07
 Reference value :  6.13062e-07
 Reference value :  6.13221e-07
 Reference value :  6.13491e-07
 Reference value :  6.13742e-07
 Reference value :  6.13991e-07
 Reference value :  6.14131e-07
 Reference value :  6.14274e-07
 Reference value :  6.14414e-07
 Reference value :  6.14688e-07
 Reference value :  6.14901e-07
 Reference value :  6.15044e-07
 Reference value :  6.15184e-07
 Reference value :  6.15321e-07
 Reference value :  6.15454e-07
 Reference value :  6.15603e-07
 Reference value :  6.15842e-07
 Reference value :  6.16122e-07
 Reference value :  6.16302e-07
 Reference value :  6.16459e-07
 Reference value :  6.16601e-07
 Reference value :  6.16745e-07
 Reference value :  6.16880e-07
 Reference value :  6.17017e-07
 Reference value :  6.17150e-07
 Reference value :  6.17285e-07
 Reference value :  6.17430e-07
 Reference value :  6.17560e-07
 Reference value :  6.17699e-07
 Reference value :  6.17836e-07
 Reference value :  6.17974e-07
 Reference value :  6.18121e-07
 Reference value :  6.18257e-07
 Reference value :  6.18393e-07
 Reference value :  6.18537e-07
 Reference value :  6.18681e-07
 Reference value :  6.18821e-07
 Reference value :  6.18967e-07
 Reference value :  6.19113e-07
 Reference value :  6.19250e-07
 Reference value :  6.19413e-07
 Reference value :  6.19545e-07
 Reference value :  6.19679e-07
 Reference value :  6.19819e-07
 Reference value :  6.19968e-07
 Reference value :  6.20110e-07
 Reference value :  6.20258e-07
 Reference value :  6.20401e-07
 Reference value :  6.20535e-07
 Reference value :  6.20681e-07
 Reference value :  6.20815e-07
 Reference value :  6.20945e-07
 Reference value :  6.21080e-07
 Reference value :  6.21231e-07
 Reference value :  6.21370e-07
 Reference value :  6.21501e-07
 Reference value :  6.21640e-07
 Reference value :  6.21778e-07
 Reference value :  6.21907e-07
 Reference value :  6.22046e-07
 Reference value :  6.22181e-07
 Reference value :  6.22315e-07
 Reference value :  6.22446e-07
 Reference value :  6.22581e-07
 Reference value :  6.22717e-07
 Reference value :  6.22850e-07
 Reference value :  6.22980e-07
 Reference value :  6.23120e-07
 Reference value :  6.23253e-07
 Reference value :  6.23387e-07
 Reference value :  6.23528e-07
 Reference value :  6.23666e-07
 Reference value :  6.23798e-07
 Reference value :  6.23929e-07
 Reference value :  6.24067e-07
 Reference value :  6.24198e-07
 Reference value :  6.24335e-07
 Reference value :  6.24473e-07
 Reference value :  6.24611e-07
 Reference value :  6.24750e-07
 Reference value :  6.24894e-07
 Reference value :  6.25030e-07
 Reference value :  6.25162e-07
 Reference value :  6.25295e-07
 Reference value :  6.25431e-07
 Reference value :  6.25567e-07
 Reference value :  6.25709e-07
 Reference value :  6.25840e-07
 Reference value :  6.25977e-07
 Reference value :  6.26115e-07
 Reference value :  6.26251e-07
 Reference value :  6.26400e-07
 Reference value :  6.26536e-07
 Reference value :  6.26671e-07
 Reference value :  6.26801e-07
 Reference value :  6.26935e-07
 Reference value :  6.27082e-07
 Reference value :  6.27230e-07
 Reference value :  6.27368e-07
 Reference value :  6.27498e-07
 Reference value :  6.27633e-07
 Reference value :  6.27769e-07
 Reference value :  6.27911e-07
 Reference value :  6.28058e-07
 Reference value :  6.28195e-07
 Reference value :  6.28327e-07
 Reference value :  6.28464e-07
 Reference value :  6.28611e-07
 Reference value :  6.28758e-07
 Reference value :  6.28896e-07
 Reference value :  6.29034e-07
 Reference value :  6.29164e-07
 Reference value :  6.29296e-07
 Reference value :  6.29431e-07
 Reference value :  6.29570e-07
 Reference value :  6.29711e-07
 Reference value :  6.29843e-07
 Reference value :  6.29981e-07
 Reference value :  6.30121e-07
 Reference value :  6.30258e-07
 Reference value :  6.30394e-07
 Reference value :  6.30546e-07
 Reference value :  6.30682e-07
 Reference value :  6.30815e-07
 Reference value :  6.30959e-07
 Reference value :  6.31091e-07
 Reference value :  6.31228e-07
 Reference value :  6.31361e-07
 Reference value :  6.31506e-07
 Reference value :  6.31663e-07
 Reference value :  6.31794e-07
 Reference value :  6.31930e-07
 Reference value :  6.32060e-07
 Reference value :  6.32194e-07
 Reference value :  6.32331e-07
 Reference value :  6.32462e-07
 Reference value :  6.32600e-07
 Reference value :  6.32744e-07
 Reference value :  6.32881e-07
 Reference value :  6.33027e-07
 Reference value :  6.33161e-07
 Reference value :  6.33291e-07
 Reference value :  6.33436e-07
 Reference value :  6.33570e-07
 Reference value :  6.33708e-07
 Reference value :  6.33840e-07
 Reference value :  6.33974e-07
 Reference value :  6.34104e-07
 Reference value :  6.34240e-07
 Reference value :  6.34372e-07
 Reference value :  6.34503e-07
 Reference value :  6.34640e-07
 Reference value :  6.34782e-07
 Reference value :  6.34914e-07
 Reference value :  6.35056e-07
 Reference value :  6.35190e-07
 Reference value :  6.35327e-07
 Reference value :  6.35457e-07
 Reference value :  6.35596e-07
 Reference value :  6.35731e-07
 Reference value :  6.35864e-07
 Reference value :  6.36004e-07
 Reference value :  6.36141e-07
 Reference value :  6.36280e-07
 Reference value :  6.36415e-07
 Reference value :  6.36551e-07
 Reference value :  6.36683e-07
 Reference value :  6.36822e-07
 Reference value :  6.36959e-07
 Reference value :  6.37095e-07
 Reference value :  6.37231e-07
 Reference value :  6.37366e-07
 Reference value :  6.37508e-07
 Reference value :  6.37649e-07
 Reference value :  6.37783e-07
 Reference value :  6.37921e-07
 Reference value :  6.38059e-07
 Reference value :  6.38193e-07
 Reference value :  6.38330e-07
 Reference value :  6.38477e-07
 Reference value :  6.38610e-07
 Reference value :  6.38740e-07
 Reference value :  6.38871e-07
 Reference value :  6.39004e-07
 Reference value :  6.39140e-07
 Reference value :  6.39281e-07
 Reference value :  6.39441e-07
 Reference value :  6.39579e-07
 Reference value :  6.39712e-07
 Reference value :  6.39850e-07
 Reference value :  6.39985e-07
 Reference value :  6.40133e-07
 Reference value :  6.40270e-07
 Reference value :  6.40409e-07
 Reference value :  6.40562e-07
 Reference value :  6.40696e-07
 Reference value :  6.40832e-07
 Reference value :  6.40970e-07
 Reference value :  6.41103e-07
 Reference value :  6.41237e-07
 Reference value :  6.41380e-07
 Reference value :  6.41511e-07
 Reference value :  6.41643e-07
 Reference value :  6.41783e-07
 Reference value :  6.41913e-07
 Reference value :  6.42050e-07
 Reference value :  6.42184e-07
 Reference value :  6.42320e-07
 Reference value :  6.42468e-07
 Reference value :  6.42601e-07
 Reference value :  6.42742e-07
 Reference value :  6.42876e-07
 Reference value :  6.43032e-07
 Reference value :  6.43187e-07
 Reference value :  6.43348e-07
 Reference value :  6.43500e-07
 Reference value :  6.43642e-07
 Reference value :  6.43798e-07
 Reference value :  6.43949e-07
 Reference value :  6.44096e-07
 Reference value :  6.44250e-07
 Reference value :  6.44428e-07
 Reference value :  6.44588e-07
 Reference value :  6.44728e-07
 Reference value :  6.44886e-07
 Reference value :  6.45053e-07
 Reference value :  6.45226e-07
 Reference value :  6.45389e-07
 Reference value :  6.45554e-07
 Reference value :  6.45710e-07
 Reference value :  6.45858e-07
 Reference value :  6.46023e-07
 Reference value :  6.46181e-07
 Reference value :  6.46331e-07
 Reference value :  6.46503e-07
 Reference value :  6.46660e-07
 Reference value :  6.46810e-07
 Reference value :  6.46942e-07
 Reference value :  6.47082e-07
 Reference value :  6.47218e-07
 Reference value :  6.47360e-07
 Reference value :  6.47500e-07
 Reference value :  6.47641e-07
 Reference value :  6.47785e-07
 Reference value :  6.47919e-07
 Reference value :  6.48052e-07
 Reference value :  6.48186e-07
 Reference value :  6.48341e-07
 Reference value :  6.48483e-07
 Reference value :  6.48619e-07
 Reference value :  6.48761e-07
 Reference value :  6.48904e-07
 Reference value :  6.49040e-07
 Reference value :  6.49176e-07
 Reference value :  6.49320e-07
 Reference value :  6.49464e-07
 Reference value :  6.49601e-07
 Reference value :  6.49747e-07
 Reference value :  6.49880e-07
 Reference value :  6.50011e-07
 Reference value :  6.50150e-07
 Reference value :  6.50282e-07
 Reference value :  6.50420e-07
 Reference value :  6.50559e-07
 Reference value :  6.50707e-07
 Reference value :  6.50836e-07
 Reference value :  6.50971e-07
 Reference value :  6.51101e-07
 Reference value :  6.51243e-07
 Reference value :  6.51375e-07
 Reference value :  6.51515e-07
 Reference value :  6.51654e-07
 Reference value :  6.51788e-07
 Reference value :  6.51931e-07
 Reference value :  6.52070e-07
 Reference value :  6.52201e-07
 Reference value :  6.52337e-07
 Reference value :  6.52475e-07
 Reference value :  6.52614e-07
 Reference value :  6.52751e-07
 Reference value :  6.52886e-07
 Reference value :  6.53020e-07
 Reference value :  6.53157e-07
 Reference value :  6.53291e-07
 Reference value :  6.53425e-07
 Reference value :  6.53568e-07
 Reference value :  6.53700e-07
 Reference value :  6.53832e-07
 Reference value :  6.53982e-07
 Reference value :  6.54128e-07
 Reference value :  6.54270e-07
 Reference value :  6.54442e-07
 Reference value :  6.54701e-07
 Reference value :  6.54941e-07
 Reference value :  6.55083e-07
 Reference value :  6.55220e-07
 Reference value :  6.55352e-07
 Reference value :  6.55494e-07
 Reference value :  6.55691e-07
 Reference value :  6.55831e-07
 Reference value :  6.55979e-07
 Reference value :  6.56111e-07
 Reference value :  6.56240e-07
 Reference value :  6.56374e-07
 Reference value :  6.56561e-07
 Reference value :  6.56850e-07
 Reference value :  6.57020e-07
 Reference value :  6.57160e-07
 Reference value :  6.57297e-07
 Reference value :  6.57442e-07
 Reference value :  6.57699e-07
 Reference value :  6.57952e-07
 Reference value :  6.58084e-07
 Reference value :  6.58228e-07
 Reference value :  6.58361e-07
 Reference value :  6.58500e-07
 Reference value :  6.58637e-07
 Reference value :  6.58770e-07
 Reference value :  6.58907e-07
 Reference value :  6.59040e-07
 Reference value :  6.59215e-07
 Reference value :  6.59370e-07
 Reference value :  6.59500e-07
 Reference value :  6.59638e-07
 Reference value :  6.59775e-07
 Reference value :  6.59915e-07
 Reference value :  6.60051e-07
 Reference value :  6.60191e-07
 Reference value :  6.60330e-07
 Reference value :  6.60479e-07
 Reference value :  6.60611e-07
 Reference value :  6.60747e-07
 Reference value :  6.60880e-07
 Reference value :  6.61011e-07
 Reference value :  6.61148e-07
 Reference value :  6.61285e-07
 Reference value :  6.61424e-07
 Reference value :  6.61570e-07
 Reference value :  6.61718e-07
 Reference value :  6.61850e-07
 Reference value :  6.61982e-07
 Reference value :  6.62124e-07
 Reference value :  6.62280e-07
 Reference value :  6.62408e-07
 Reference value :  6.62550e-07
 Reference value :  6.62691e-07
 Reference value :  6.62825e-07
 Reference value :  6.62960e-07
 Reference value :  6.63090e-07
 Reference value :  6.63227e-07
 Reference value :  6.63358e-07
 Reference value :  6.63494e-07
 Reference value :  6.63628e-07
 Reference value :  6.63759e-07
 Reference value :  6.63893e-07
 Reference value :  6.64025e-07
 Reference value :  6.64160e-07
 Reference value :  6.64297e-07
 Reference value :  6.64441e-07
 Reference value :  6.64580e-07
 Reference value :  6.64714e-07
 Reference value :  6.64871e-07
 Reference value :  6.65014e-07
 Reference value :  6.65278e-07
 Reference value :  6.65515e-07
 Reference value :  6.65660e-07
 Reference value :  6.65805e-07
 Reference value :  6.65981e-07
 Reference value :  6.66265e-07
 Reference value :  6.66437e-07
 Reference value :  6.66577e-07
 Reference value :  6.66710e-07
 Reference value :  6.66920e-07
 Reference value :  6.67169e-07
 Reference value :  6.67315e-07
 Reference value :  6.67450e-07
 Reference value :  6.67586e-07
 Reference value :  6.67867e-07
 Reference value :  6.68090e-07
 Reference value :  6.68226e-07
 Reference value :  6.68377e-07
 Reference value :  6.68519e-07
 Reference value :  6.68658e-07
 Reference value :  6.68799e-07
 Reference value :  6.68936e-07
 Reference value :  6.69071e-07
 Reference value :  6.69204e-07
 Reference value :  6.69342e-07
 Reference value :  6.69480e-07
 Reference value :  6.69625e-07
 Reference value :  6.69760e-07
 Reference value :  6.69906e-07
 Reference value :  6.70044e-07
 Reference value :  6.70180e-07
 Reference value :  6.70316e-07
 Reference value :  6.70460e-07
 Reference value :  6.70605e-07
 Reference value :  6.70743e-07
 Reference value :  6.70878e-07
 Reference value :  6.71009e-07
 Reference value :  6.71141e-07
 Reference value :  6.71276e-07
 Reference value :  6.71418e-07
 Reference value :  6.71555e-07
 Reference value :  6.71700e-07
 Reference value :  6.71840e-07
 Reference value :  6.71970e-07
 Reference value :  6.72115e-07
 Reference value :  6.72251e-07
 Reference value :  6.72405e-07
 Reference value :  6.72549e-07
 Reference value :  6.72689e-07
 Reference value :  6.72851e-07
 Reference value :  6.73015e-07
 Reference value :  6.73258e-07
 Reference value :  6.73517e-07
 Reference value :  6.73691e-07
 Reference value :  6.73845e-07
 Reference value :  6.74032e-07
 Reference value :  6.74300e-07
 Reference value :  6.74440e-07
 Reference value :  6.74586e-07
 Reference value :  6.74761e-07
 Reference value :  6.75042e-07
 Reference value :  6.75194e-07
 Reference value :  6.75356e-07
 Reference value :  6.75520e-07
 Reference value :  6.75793e-07
 Reference value :  6.75933e-07
 Reference value :  6.76074e-07
 Reference value :  6.76216e-07
 Reference value :  6.76383e-07
 Reference value :  6.76526e-07
 Reference value :  6.76661e-07
 Reference value :  6.76798e-07
 Reference value :  6.76944e-07
 Reference value :  6.77080e-07
 Reference value :  6.77220e-07
 Reference value :  6.77354e-07
 Reference value :  6.77502e-07
 Reference value :  6.77642e-07
 Reference value :  6.77798e-07
 Reference value :  6.77946e-07
 Reference value :  6.78090e-07
 Reference value :  6.78222e-07
 Reference value :  6.78360e-07
 Reference value :  6.78500e-07
 Reference value :  6.78669e-07
 Reference value :  6.78808e-07
 Reference value :  6.78955e-07
 Reference value :  6.79102e-07
 Reference value :  6.79244e-07
 Reference value :  6.79383e-07
 Reference value :  6.79532e-07
 Reference value :  6.79665e-07
 Reference value :  6.79799e-07
 Reference value :  6.79951e-07
 Reference value :  6.80107e-07
 Reference value :  6.80247e-07
 Reference value :  6.80388e-07
 Reference value :  6.80541e-07
 Reference value :  6.80680e-07
 Reference value :  6.80830e-07
 Reference value :  6.80980e-07
 Reference value :  6.81120e-07
 Reference value :  6.81257e-07
 Reference value :  6.81401e-07
 Reference value :  6.81550e-07
 Reference value :  6.81690e-07
 Reference value :  6.81835e-07
 Reference value :  6.81967e-07
 Reference value :  6.82110e-07
 Reference value :  6.82267e-07
 Reference value :  6.82401e-07
 Reference value :  6.82531e-07
 Reference value :  6.82678e-07
 Reference value :  6.82813e-07
 Reference value :  6.82950e-07
 Reference value :  6.83102e-07
 Reference value :  6.83240e-07
 Reference value :  6.83380e-07
 Reference value :  6.83516e-07
 Reference value :  6.83661e-07
 Reference value :  6.83792e-07
 Reference value :  6.83930e-07
 Reference value :  6.84066e-07
 Reference value :  6.84254e-07
 Reference value :  6.84465e-07
 Reference value :  6.84601e-07
 Reference value :  6.84748e-07
 Reference value :  6.84897e-07
 Reference value :  6.85030e-07
 Reference value :  6.85180e-07
 Reference value :  6.85331e-07
 Reference value :  6.85462e-07
 Reference value :  6.85599e-07
 Reference value :  6.85742e-07
 Reference value :  6.85889e-07
 Reference value :  6.86028e-07
 Reference value :  6.86171e-07
 Reference value :  6.86309e-07
 Reference value :  6.86447e-07
 Reference value :  6.86601e-07
 Reference value :  6.86760e-07
 Reference value :  6.86925e-07
 Reference value :  6.87071e-07
 Reference value :  6.87217e-07
 Reference value :  6.87371e-07
 Reference value :  6.87520e-07
 Reference value :  6.87664e-07
 Reference value :  6.87820e-07
 Reference value :  6.87971e-07
 Reference value :  6.88113e-07
 Reference value :  6.88250e-07
 Reference value :  6.88390e-07
 Reference value :  6.88526e-07
 Reference value :  6.88660e-07
 Reference value :  6.88809e-07
 Reference value :  6.88956e-07
 Reference value :  6.89090e-07
 Reference value :  6.89224e-07
 Reference value :  6.89374e-07
 Reference value :  6.89513e-07
 Reference value :  6.89650e-07
 Reference value :  6.89791e-07
 Reference value :  6.89941e-07
 Reference value :  6.90080e-07
 Reference value :  6.90217e-07
 Reference value :  6.90368e-07
 Reference value :  6.90506e-07
 Reference value :  6.90669e-07
 Reference value :  6.90831e-07
 Reference value :  6.90975e-07
 Reference value :  6.91112e-07
 Reference value :  6.91260e-07
 Reference value :  6.91409e-07
 Reference value :  6.91550e-07
 Reference value :  6.91693e-07
 Reference value :  6.91840e-07
 Reference value :  6.91976e-07
 Reference value :  6.92110e-07
 Reference value :  6.92270e-07
 Reference value :  6.92410e-07
 Reference value :  6.92543e-07
 Reference value :  6.92686e-07
 Reference value :  6.92821e-07
 Reference value :  6.92964e-07
 Reference value :  6.93110e-07
 Reference value :  6.93248e-07
 Reference value :  6.93383e-07
 Reference value :  6.93530e-07
 Reference value :  6.93666e-07
 Reference value :  6.93806e-07
 Reference value :  6.93940e-07
 Reference value :  6.94079e-07
 Reference value :  6.94209e-07
 Reference value :  6.94350e-07
 Reference value :  6.94485e-07
 Reference value :  6.94620e-07
 Reference value :  6.94760e-07
 Reference value :  6.94901e-07
 Reference value :  6.95048e-07
 Reference value :  6.95189e-07
 Reference value :  6.95320e-07
 Reference value :  6.95460e-07
 Reference value :  6.95608e-07
 Reference value :  6.95751e-07
 Reference value :  6.95890e-07
 Reference value :  6.96025e-07
 Reference value :  6.96162e-07
 Reference value :  6.96301e-07
 Reference value :  6.96445e-07
 Reference value :  6.96590e-07
 Reference value :  6.96730e-07
 Reference value :  6.96875e-07
 Reference value :  6.97016e-07
 Reference value :  6.97150e-07
 Reference value :  6.97291e-07
 Reference value :  6.97440e-07
 Reference value :  6.97586e-07
 Reference value :  6.97730e-07
 Reference value :  6.97870e-07
 Reference value :  6.98015e-07
 Reference value :  6.98161e-07
 Reference value :  6.98309e-07
 Reference value :  6.98460e-07
 Reference value :  6.98601e-07
 Reference value :  6.98744e-07
 Reference value :  6.98884e-07
 Reference value :  6.99040e-07
 Reference value :  6.99198e-07
 Reference value :  6.99344e-07
 Reference value :  6.99491e-07
 Reference value :  6.99635e-07
 Reference value :  6.99771e-07
 Reference value :  6.99922e-07
 Reference value :  7.00065e-07
 Reference value :  7.00211e-07
 Reference value :  7.00352e-07
 Reference value :  7.00496e-07
 Reference value :  7.00634e-07
 Reference value :  7.00773e-07
 Reference value :  7.00916e-07
 Reference value :  7.01057e-07
 Reference value :  7.01208e-07
 Reference value :  7.01344e-07
 Reference value :  7.01497e-07
 Reference value :  7.01632e-07
 Reference value :  7.01772e-07
 Reference value :  7.01910e-07
 Reference value :  7.02047e-07
 Reference value :  7.02184e-07
 Reference value :  7.02335e-07
 Reference value :  7.02470e-07
 Reference value :  7.02607e-07
 Reference value :  7.02751e-07
 Reference value :  7.02900e-07
 Reference value :  7.03042e-07
 Reference value :  7.03203e-07
 Reference value :  7.03347e-07
 Reference value :  7.03489e-07
 Reference value :  7.03639e-07
 Reference value :  7.03781e-07
 Reference value :  7.03919e-07
 Reference value :  7.04070e-07
 Reference value :  7.04207e-07
 Reference value :  7.04351e-07
 Reference value :  7.04490e-07
 Reference value :  7.04630e-07
 Reference value :  7.04783e-07
 Reference value :  7.04921e-07
 Reference value :  7.05060e-07
 Reference value :  7.05208e-07
 Reference value :  7.05350e-07
 Reference value :  7.05510e-07
 Reference value :  7.05650e-07
 Reference value :  7.05797e-07
 Reference value :  7.05939e-07
 Reference value :  7.06071e-07
 Reference value :  7.06210e-07
 Reference value :  7.06355e-07
 Reference value :  7.06500e-07
 Reference value :  7.06644e-07
 Reference value :  7.06784e-07
 Reference value :  7.06931e-07
 Reference value :  7.07072e-07
 Reference value :  7.07211e-07
 Reference value :  7.07355e-07
 Reference value :  7.07495e-07
 Reference value :  7.07640e-07
 Reference value :  7.07789e-07
 Reference value :  7.07931e-07
 Reference value :  7.08069e-07
 Reference value :  7.08227e-07
 Reference value :  7.08383e-07
 Reference value :  7.08531e-07
 Reference value :  7.08674e-07
 Reference value :  7.08815e-07
 Reference value :  7.08952e-07
 Reference value :  7.09100e-07
 Reference value :  7.09248e-07
 Reference value :  7.09388e-07
 Reference value :  7.09531e-07
 Reference value :  7.09672e-07
 Reference value :  7.09810e-07
 Reference value :  7.09952e-07
 Reference value :  7.10097e-07
 Reference value :  7.10236e-07
 Reference value :  7.10374e-07
 Reference value :  7.10520e-07
 Reference value :  7.10661e-07
 Reference value :  7.10801e-07
 Reference value :  7.10941e-07
 Reference value :  7.11084e-07
 Reference value :  7.11230e-07
 Reference value :  7.11381e-07
 Reference value :  7.11522e-07
 Reference value :  7.11661e-07
 Reference value :  7.11811e-07
 Reference value :  7.11953e-07
 Reference value :  7.12093e-07
 Reference value :  7.12228e-07
 Reference value :  7.12360e-07
 Reference value :  7.12501e-07
 Reference value :  7.12650e-07
 Reference value :  7.12791e-07
 Reference value :  7.12926e-07
 Reference value :  7.13060e-07
 Reference value :  7.13203e-07
 Reference value :  7.13352e-07
 Reference value :  7.13485e-07
 Reference value :  7.13628e-07
 Reference value :  7.13770e-07
 Reference value :  7.13908e-07
 Reference value :  7.14044e-07
 Reference value :  7.14180e-07
 Reference value :  7.14315e-07
 Reference value :  7.14457e-07
 Reference value :  7.14608e-07
 Reference value :  7.14750e-07
 Reference value :  7.14894e-07
 Reference value :  7.15032e-07
 Reference value :  7.15180e-07
 Reference value :  7.15321e-07
 Reference value :  7.15468e-07
 Reference value :  7.15610e-07
 Reference value :  7.15760e-07
 Reference value :  7.15906e-07
 Reference value :  7.16050e-07
 Reference value :  7.16181e-07
 Reference value :  7.16322e-07
 Reference value :  7.16467e-07
 Reference value :  7.16613e-07
 Reference value :  7.16764e-07
 Reference value :  7.16897e-07
 Reference value :  7.17039e-07
 Reference value :  7.17180e-07
 Reference value :  7.17326e-07
 Reference value :  7.17475e-07
 Reference value :  7.17620e-07
 Reference value :  7.17790e-07
 Reference value :  7.17963e-07
 Reference value :  7.18110e-07
 Reference value :  7.18250e-07
 Reference value :  7.18394e-07
 Reference value :  7.18535e-07
 Reference value :  7.18677e-07
 Reference value :  7.18821e-07
 Reference value :  7.18963e-07
 Reference value :  7.19143e-07
 Reference value :  7.19291e-07
 Reference value :  7.19430e-07
 Reference value :  7.19573e-07
 Reference value :  7.19720e-07
 Reference value :  7.19860e-07
 Reference value :  7.19998e-07
 Reference value :  7.20140e-07
 Reference value :  7.20288e-07
 Reference value :  7.20426e-07
 Reference value :  7.20574e-07
 Reference value :  7.20730e-07
 Reference value :  7.20889e-07
 Reference value :  7.21025e-07
 Reference value :  7.21200e-07
 Reference value :  7.21346e-07
 Reference value :  7.21490e-07
 Reference value :  7.21632e-07
 Reference value :  7.21769e-07
 Reference value :  7.21905e-07
 Reference value :  7.22041e-07
 Reference value :  7.22187e-07
 Reference value :  7.22320e-07
 Reference value :  7.22471e-07
 Reference value :  7.22613e-07
 Reference value :  7.22748e-07
 Reference value :  7.22900e-07
 Reference value :  7.23050e-07
 Reference value :  7.23196e-07
 Reference value :  7.23342e-07
 Reference value :  7.23492e-07
 Reference value :  7.23647e-07
 Reference value :  7.23790e-07
 Reference value :  7.23935e-07
 Reference value :  7.24089e-07
 Reference value :  7.24240e-07
 Reference value :  7.24387e-07
 Reference value :  7.24527e-07
 Reference value :  7.24682e-07
 Reference value :  7.24833e-07
 Reference value :  7.24980e-07
 Reference value :  7.25122e-07
 Reference value :  7.25269e-07
 Reference value :  7.25418e-07
 Reference value :  7.25569e-07
 Reference value :  7.25710e-07
 Reference value :  7.25851e-07
 Reference value :  7.26010e-07
 Reference value :  7.26151e-07
 Reference value :  7.26290e-07
 Reference value :  7.26434e-07
 Reference value :  7.26574e-07
 Reference value :  7.26740e-07
 Reference value :  7.26882e-07
 Reference value :  7.27028e-07
 Reference value :  7.27173e-07
 Reference value :  7.27321e-07
 Reference value :  7.27479e-07
 Reference value :  7.27625e-07
 Reference value :  7.27783e-07
 Reference value :  7.27933e-07
 Reference value :  7.28094e-07
 Reference value :  7.28288e-07
 Reference value :  7.28487e-07
 Reference value :  7.28631e-07
 Reference value :  7.28835e-07
 Reference value :  7.29051e-07
 Reference value :  7.29205e-07
 Reference value :  7.29353e-07
 Reference value :  7.29567e-07
 Reference value :  7.29851e-07
 Reference value :  7.29999e-07
 Reference value :  7.30144e-07
 Reference value :  7.30310e-07
 Reference value :  7.30536e-07
 Reference value :  7.30810e-07
 Reference value :  7.30955e-07
 Reference value :  7.31101e-07
 Reference value :  7.31260e-07
 Reference value :  7.31410e-07
 Reference value :  7.31578e-07
 Reference value :  7.31835e-07
 Reference value :  7.32010e-07
 Reference value :  7.32159e-07
 Reference value :  7.32325e-07
 Reference value :  7.32605e-07
 Reference value :  7.32790e-07
 Reference value :  7.32929e-07
 Reference value :  7.33068e-07
 Reference value :  7.33320e-07
 Reference value :  7.33601e-07
 Reference value :  7.33735e-07
 Reference value :  7.33898e-07
 Reference value :  7.34060e-07
 Reference value :  7.34342e-07
 Reference value :  7.34506e-07
 Reference value :  7.34656e-07
 Reference value :  7.34800e-07
 Reference value :  7.34942e-07
 Reference value :  7.35090e-07
 Reference value :  7.35241e-07
 Reference value :  7.35397e-07
 Reference value :  7.35549e-07
 Reference value :  7.35737e-07
 Reference value :  7.35927e-07
 Reference value :  7.36210e-07
 Reference value :  7.36421e-07
 Reference value :  7.36651e-07
 Reference value :  7.36804e-07
 Reference value :  7.37005e-07
 Reference value :  7.37276e-07
 Reference value :  7.37435e-07
 Reference value :  7.37571e-07
 Reference value :  7.37703e-07
 Reference value :  7.37928e-07
 Reference value :  7.38193e-07
 Reference value :  7.38371e-07
 Reference value :  7.38510e-07
 Reference value :  7.38666e-07
 Reference value :  7.38920e-07
 Reference value :  7.39148e-07
 Reference value :  7.39295e-07
 Reference value :  7.39450e-07
 Reference value :  7.39629e-07
 Reference value :  7.39781e-07
 Reference value :  7.39928e-07
 Reference value :  7.40069e-07
 Reference value :  7.40218e-07
 Reference value :  7.40377e-07
 Reference value :  7.40520e-07
 Reference value :  7.40682e-07
 Reference value :  7.40830e-07
 Reference value :  7.40989e-07
 Reference value :  7.41137e-07
 Reference value :  7.41292e-07
 Reference value :  7.41441e-07
 Reference value :  7.41594e-07
 Reference value :  7.41838e-07
 Reference value :  7.42124e-07
 Reference value :  7.42305e-07
 Reference value :  7.42460e-07
 Reference value :  7.42625e-07
 Reference value :  7.42899e-07
 Reference value :  7.43094e-07
 Reference value :  7.43238e-07
 Reference value :  7.43430e-07
 Reference value :  7.43680e-07
 Reference value :  7.43821e-07
 Reference value :  7.43976e-07
 Reference value :  7.44156e-07
 Reference value :  7.44433e-07
 Reference value :  7.44594e-07
 Reference value :  7.44749e-07
 Reference value :  7.44910e-07
 Reference value :  7.45060e-07
 Reference value :  7.45225e-07
 Reference value :  7.45378e-07
 Reference value :  7.45526e-07
 Reference value :  7.45684e-07
 Reference value :  7.45833e-07
 Reference value :  7.45976e-07
 Reference value :  7.46127e-07
 Reference value :  7.46291e-07
 Reference value :  7.46438e-07
 Reference value :  7.46591e-07
 Reference value :  7.46735e-07
 Reference value :  7.46881e-07
 Reference value :  7.47038e-07
 Reference value :  7.47192e-07
 Reference value :  7.47328e-07
 Reference value :  7.47500e-07
 Reference value :  7.47660e-07
 Reference value :  7.47817e-07
 Reference value :  7.47974e-07
 Reference value :  7.48129e-07
 Reference value :  7.48267e-07
 Reference value :  7.48414e-07
 Reference value :  7.48554e-07
 Reference value :  7.48705e-07
 Reference value :  7.48846e-07
 Reference value :  7.48994e-07
 Reference value :  7.49140e-07
 Reference value :  7.49291e-07
 Reference value :  7.49440e-07
 Reference value :  7.49580e-07
 Reference value :  7.49727e-07
 Reference value :  7.49872e-07
 Reference value :  7.50017e-07
 Reference value :  7.50197e-07
 Reference value :  7.50341e-07
 Reference value :  7.50494e-07
 Reference value :  7.50636e-07
 Reference value :  7.50793e-07
 Reference value :  7.50941e-07
 Reference value :  7.51103e-07
 Reference value :  7.51244e-07
 Reference value :  7.51388e-07
 Reference value :  7.51541e-07
 Reference value :  7.51689e-07
 Reference value :  7.51833e-07
 Reference value :  7.51991e-07
 Reference value :  7.52141e-07
 Reference value :  7.52292e-07
 Reference value :  7.52448e-07
 Reference value :  7.52609e-07
 Reference value :  7.52761e-07
 Reference value :  7.52911e-07
 Reference value :  7.53055e-07
 Reference value :  7.53200e-07
 Reference value :  7.53341e-07
 Reference value :  7.53513e-07
 Reference value :  7.53791e-07
 Reference value :  7.53963e-07
 Reference value :  7.54110e-07
 Reference value :  7.54346e-07
 Reference value :  7.54500e-07
 Reference value :  7.54699e-07
 Reference value :  7.54841e-07
 Reference value :  7.55052e-07
 Reference value :  7.55297e-07
 Reference value :  7.55452e-07
 Reference value :  7.55692e-07
 Reference value :  7.55944e-07
 Reference value :  7.56120e-07
 Reference value :  7.56300e-07
 Reference value :  7.56571e-07
 Reference value :  7.56781e-07
 Reference value :  7.56970e-07
 Reference value :  7.57170e-07
 Reference value :  7.57451e-07
 Reference value :  7.57686e-07
 Reference value :  7.57861e-07
 Reference value :  7.58065e-07
 Reference value :  7.58340e-07
 Reference value :  7.58500e-07
 Reference value :  7.58664e-07
 Reference value :  7.58936e-07
 Reference value :  7.59153e-07
 Reference value :  7.59326e-07
 Reference value :  7.59533e-07
 Reference value :  7.59816e-07
 Reference value :  7.59991e-07
 Reference value :  7.60147e-07
 Reference value :  7.60340e-07
 Reference value :  7.60490e-07
 Reference value :  7.60694e-07
 Reference value :  7.60942e-07
 Reference value :  7.61189e-07
 Reference value :  7.61341e-07
 Reference value :  7.61540e-07
 Reference value :  7.61685e-07
 Reference value :  7.61862e-07
 Reference value :  7.62049e-07
 Reference value :  7.62203e-07
 Reference value :  7.62381e-07
 Reference value :  7.62552e-07
 Reference value :  7.62709e-07
 Reference value :  7.62894e-07
 Reference value :  7.63040e-07
 Reference value :  7.63193e-07
 Reference value :  7.63479e-07
 Reference value :  7.63690e-07
 Reference value :  7.63840e-07
 Reference value :  7.64010e-07
 Reference value :  7.64171e-07
 Reference value :  7.64323e-07
 Reference value :  7.64559e-07
 Reference value :  7.64795e-07
 Reference value :  7.64941e-07
 Reference value :  7.65111e-07
 Reference value :  7.65389e-07
 Reference value :  7.65581e-07
 Reference value :  7.65741e-07
 Reference value :  7.66021e-07
 Reference value :  7.66214e-07
 Reference value :  7.66378e-07
 Reference value :  7.66560e-07
 Reference value :  7.66733e-07
 Reference value :  7.66895e-07
 Reference value :  7.67115e-07
 Reference value :  7.67361e-07
 Reference value :  7.67534e-07
 Reference value :  7.67813e-07
 Reference value :  7.67981e-07
 Reference value :  7.68211e-07
 Reference value :  7.68474e-07
 Reference value :  7.68640e-07
 Reference value :  7.68900e-07
 Reference value :  7.69116e-07
 Reference value :  7.69313e-07
 Reference value :  7.69541e-07
 Reference value :  7.69719e-07
 Reference value :  7.69903e-07
 Reference value :  7.70097e-07
 Reference value :  7.70260e-07
 Reference value :  7.70441e-07
 Reference value :  7.70610e-07
 Reference value :  7.70875e-07
 Reference value :  7.71047e-07
 Reference value :  7.71204e-07
 Reference value :  7.71390e-07
 Reference value :  7.71539e-07
 Reference value :  7.71788e-07
 Reference value :  7.72011e-07
 Reference value :  7.72151e-07
 Reference value :  7.72324e-07
 Reference value :  7.72463e-07
 Reference value :  7.72633e-07
 Reference value :  7.72815e-07
 Reference value :  7.72982e-07
 Reference value :  7.73230e-07
 Reference value :  7.73428e-07
 Reference value :  7.73659e-07
 Reference value :  7.73934e-07
 Reference value :  7.74101e-07
 Reference value :  7.74320e-07
 Reference value :  7.74568e-07
 Reference value :  7.74725e-07
 Reference value :  7.74922e-07
 Reference value :  7.75085e-07
 Reference value :  7.75280e-07
 Reference value :  7.75481e-07
 Reference value :  7.75712e-07
 Reference value :  7.75873e-07
 Reference value :  7.76053e-07
 Reference value :  7.76301e-07
 Reference value :  7.76537e-07
 Reference value :  7.76724e-07
 Reference value :  7.76990e-07
 Reference value :  7.77154e-07
 Reference value :  7.77374e-07
 Reference value :  7.77597e-07
 Reference value :  7.77759e-07
 Reference value :  7.77959e-07
 Reference value :  7.78140e-07
 Reference value :  7.78397e-07
 Reference value :  7.78617e-07
 Reference value :  7.78780e-07
 Reference value :  7.78980e-07
 Reference value :  7.79141e-07
 Reference value :  7.79294e-07
 Reference value :  7.79451e-07
 Reference value :  7.79605e-07
 Reference value :  7.79760e-07
 Reference value :  7.79908e-07
 Reference value :  7.80056e-07
 Reference value :  7.80221e-07
 Reference value :  7.80381e-07
 Reference value :  7.80536e-07
 Reference value :  7.80692e-07
 Reference value :  7.80844e-07
 Reference value :  7.80986e-07
 Reference value :  7.81140e-07
 Reference value :  7.81300e-07
 Reference value :  7.81442e-07
 Reference value :  7.81596e-07
 Reference value :  7.81752e-07
 Reference value :  7.81911e-07
 Reference value :  7.82071e-07
 Reference value :  7.82226e-07
 Reference value :  7.82394e-07
 Reference value :  7.82548e-07
 Reference value :  7.82710e-07
 Reference value :  7.82869e-07
 Reference value :  7.83045e-07
 Reference value :  7.83200e-07
 Reference value :  7.83346e-07
 Reference value :  7.83500e-07
 Reference value :  7.83644e-07
 Reference value :  7.83793e-07
 Reference value :  7.83964e-07
 Reference value :  7.84120e-07
 Reference value :  7.84280e-07
 Reference value :  7.84451e-07
 Reference value :  7.84620e-07
 Reference value :  7.84776e-07
 Reference value :  7.84950e-07
 Reference value :  7.85100e-07
 Reference value :  7.85263e-07
 Reference value :  7.85424e-07
 Reference value :  7.85580e-07
 Reference value :  7.85720e-07
 Reference value :  7.85868e-07
 Reference value :  7.86031e-07
 Reference value :  7.86189e-07
 Reference value :  7.86338e-07
 Reference value :  7.86501e-07
 Reference value :  7.86666e-07
 Reference value :  7.86813e-07
 Reference value :  7.86971e-07
 Reference value :  7.87123e-07
 Reference value :  7.87270e-07
 Reference value :  7.87416e-07
 Reference value :  7.87600e-07
 Reference value :  7.87770e-07
 Reference value :  7.87926e-07
 Reference value :  7.88080e-07
 Reference value :  7.88262e-07
 Reference value :  7.88416e-07
 Reference value :  7.88577e-07
 Reference value :  7.88728e-07
 Reference value :  7.88881e-07
 Reference value :  7.89050e-07
 Reference value :  7.89199e-07
 Reference value :  7.89345e-07
 Reference value :  7.89491e-07
 Reference value :  7.89654e-07
 Reference value :  7.89807e-07
 Reference value :  7.89958e-07
 Reference value :  7.90130e-07
 Reference value :  7.90286e-07
 Reference value :  7.90462e-07
 Reference value :  7.90627e-07
 Reference value :  7.90796e-07
 Reference value :  7.90956e-07
 Reference value :  7.91115e-07
 Reference value :  7.91270e-07
 Reference value :  7.91420e-07
 Reference value :  7.91571e-07
 Reference value :  7.91747e-07
 Reference value :  7.91906e-07
 Reference value :  7.92065e-07
 Reference value :  7.92221e-07
 Reference value :  7.92380e-07
 Reference value :  7.92541e-07
 Reference value :  7.92700e-07
 Reference value :  7.92859e-07
 Reference value :  7.93017e-07
 Reference value :  7.93170e-07
 Reference value :  7.93330e-07
 Reference value :  7.93481e-07
 Reference value :  7.93638e-07
 Reference value :  7.93790e-07
 Reference value :  7.93945e-07
 Reference value :  7.94106e-07
 Reference value :  7.94261e-07
 Reference value :  7.94414e-07
 Reference value :  7.94568e-07
 Reference value :  7.94721e-07
 Reference value :  7.94879e-07
 Reference value :  7.95028e-07
 Reference value :  7.95180e-07
 Reference value :  7.95332e-07
 Reference value :  7.95487e-07
 Reference value :  7.95638e-07
 Reference value :  7.95791e-07
 Reference value :  7.95959e-07
 Reference value :  7.96110e-07
 Reference value :  7.96267e-07
 Reference value :  7.96422e-07
 Reference value :  7.96571e-07
 Reference value :  7.96722e-07
 Reference value :  7.96878e-07
 Reference value :  7.97029e-07
 Reference value :  7.97190e-07
 Reference value :  7.97349e-07
 Reference value :  7.97505e-07
 Reference value :  7.97670e-07
 Reference value :  7.97829e-07
 Reference value :  7.97977e-07
 Reference value :  7.98120e-07
 Reference value :  7.98264e-07
 Reference value :  7.98421e-07
 Reference value :  7.98563e-07
 Reference value :  7.98710e-07
 Reference value :  7.98861e-07
 Reference value :  7.99024e-07
 Reference value :  7.99204e-07
 Reference value :  7.99352e-07
 Reference value :  7.99540e-07
 Reference value :  7.99692e-07
 Reference value :  7.99858e-07
 Reference value :  8.00012e-07
 Reference value :  8.00162e-07
 Reference value :  8.00321e-07
 Reference value :  8.00489e-07
 Reference value :  8.00638e-07
 Reference value :  8.00795e-07
 Reference value :  8.00949e-07
 Reference value :  8.01102e-07
 Reference value :  8.01258e-07
 Reference value :  8.01414e-07
 Reference value :  8.01581e-07
 Reference value :  8.01741e-07
 Reference value :  8.01892e-07
 Reference value :  8.02053e-07
 Reference value :  8.02227e-07
 Reference value :  8.02377e-07
 Reference value :  8.02525e-07
 Reference value :  8.02697e-07
 Reference value :  8.02850e-07
 Reference value :  8.02997e-07
 Reference value :  8.03150e-07
 Reference value :  8.03300e-07
 Reference value :  8.03450e-07
 Reference value :  8.03609e-07
 Reference value :  8.03756e-07
 Reference value :  8.03911e-07
 Reference value :  8.04060e-07
 Reference value :  8.04219e-07
 Reference value :  8.04368e-07
 Reference value :  8.04540e-07
 Reference value :  8.04723e-07
 Reference value :  8.04977e-07
 Reference value :  8.05192e-07
 Reference value :  8.05385e-07
 Reference value :  8.05560e-07
 Reference value :  8.05757e-07
 Reference value :  8.05976e-07
 Reference value :  8.06128e-07
 Reference value :  8.06278e-07
 Reference value :  8.06480e-07
 Reference value :  8.06718e-07
 Reference value :  8.06900e-07
 Reference value :  8.07059e-07
 Reference value :  8.07279e-07
 Reference value :  8.07456e-07
 Reference value :  8.07602e-07
 Reference value :  8.07759e-07
 Reference value :  8.07895e-07
 Reference value :  8.08066e-07
 Reference value :  8.08226e-07
 Reference value :  8.08389e-07
 Reference value :  8.08544e-07
 Reference value :  8.08692e-07
 Reference value :  8.08831e-07
 Reference value :  8.08973e-07
 Reference value :  8.09126e-07
 Reference value :  8.09291e-07
 Reference value :  8.09441e-07
 Reference value :  8.09596e-07
 Reference value :  8.09751e-07
 Reference value :  8.09898e-07
 Reference value :  8.10043e-07
 Reference value :  8.10211e-07
 Reference value :  8.10361e-07
 Reference value :  8.10515e-07
 Reference value :  8.10660e-07
 Reference value :  8.10821e-07
 Reference value :  8.10972e-07
 Reference value :  8.11121e-07
 Reference value :  8.11276e-07
 Reference value :  8.11424e-07
 Reference value :  8.11667e-07
 Reference value :  8.11935e-07
 Reference value :  8.12087e-07
 Reference value :  8.12235e-07
 Reference value :  8.12399e-07
 Reference value :  8.12573e-07
 Reference value :  8.12722e-07
 Reference value :  8.12869e-07
 Reference value :  8.13025e-07
 Reference value :  8.13166e-07
 Reference value :  8.13315e-07
 Reference value :  8.13462e-07
 Reference value :  8.13609e-07
 Reference value :  8.13753e-07
 Reference value :  8.13891e-07
 Reference value :  8.14040e-07
 Reference value :  8.14194e-07
 Reference value :  8.14361e-07
 Reference value :  8.14507e-07
 Reference value :  8.14657e-07
 Reference value :  8.14808e-07
 Reference value :  8.14951e-07
 Reference value :  8.15100e-07
 Reference value :  8.15241e-07
 Reference value :  8.15380e-07
 Reference value :  8.15520e-07
 Reference value :  8.15666e-07
 Reference value :  8.15810e-07
 Reference value :  8.15961e-07
 Reference value :  8.16122e-07
 Reference value :  8.16278e-07
 Reference value :  8.16423e-07
 Reference value :  8.16564e-07
 Reference value :  8.16724e-07
 Reference value :  8.16876e-07
 Reference value :  8.17030e-07
 Reference value :  8.17261e-07
 Reference value :  8.17521e-07
 Reference value :  8.17667e-07
 Reference value :  8.17830e-07
 Reference value :  8.18012e-07
 Reference value :  8.18155e-07
 Reference value :  8.18331e-07
 Reference value :  8.18480e-07
 Reference value :  8.18634e-07
 Reference value :  8.18814e-07
 Reference value :  8.18956e-07
 Reference value :  8.19110e-07
 Reference value :  8.19275e-07
 Reference value :  8.19410e-07
 Reference value :  8.19546e-07
 Reference value :  8.19690e-07
 Reference value :  8.19826e-07
 Reference value :  8.19969e-07
 Reference value :  8.20100e-07
 Reference value :  8.20250e-07
 Reference value :  8.20384e-07
 Reference value :  8.20534e-07
 Reference value :  8.20695e-07
 Reference value :  8.20847e-07
 Reference value :  8.21051e-07
 Reference value :  8.21212e-07
 Reference value :  8.21375e-07
 Reference value :  8.21568e-07
 Reference value :  8.21723e-07
 Reference value :  8.21865e-07
 Reference value :  8.22100e-07
 Reference value :  8.22339e-07
 Reference value :  8.22507e-07
 Reference value :  8.22685e-07
 Reference value :  8.22832e-07
 Reference value :  8.23012e-07
 Reference value :  8.23164e-07
 Reference value :  8.23312e-07
 Reference value :  8.23478e-07
 Reference value :  8.23624e-07
 Reference value :  8.23798e-07
 Reference value :  8.23948e-07
 Reference value :  8.24099e-07
 Reference value :  8.24250e-07
 Reference value :  8.24404e-07
 Reference value :  8.24576e-07
 Reference value :  8.24726e-07
 Reference value :  8.24874e-07
 Reference value :  8.25020e-07
 Reference value :  8.25180e-07
 Reference value :  8.25348e-07
 Reference value :  8.25517e-07
 Reference value :  8.25711e-07
 Reference value :  8.25998e-07
 Reference value :  8.26155e-07
 Reference value :  8.26306e-07
 Reference value :  8.26496e-07
 Reference value :  8.26670e-07
 Reference value :  8.26829e-07
 Reference value :  8.26990e-07
 Reference value :  8.27250e-07
 Reference value :  8.27480e-07
 Reference value :  8.27632e-07
 Reference value :  8.27820e-07
 Reference value :  8.27998e-07
 Reference value :  8.28172e-07
 Reference value :  8.28451e-07
 Reference value :  8.28630e-07
 Reference value :  8.28794e-07
 Reference value :  8.28965e-07
 Reference value :  8.29130e-07
 Reference value :  8.29290e-07
 Reference value :  8.29453e-07
 Reference value :  8.29591e-07
 Reference value :  8.29731e-07
 Reference value :  8.29879e-07
 Reference value :  8.30016e-07
 Reference value :  8.30171e-07
 Reference value :  8.30320e-07
 Reference value :  8.30454e-07
 Reference value :  8.30593e-07
 Reference value :  8.30736e-07
 Reference value :  8.30883e-07
 Reference value :  8.31033e-07
 Reference value :  8.31178e-07
 Reference value :  8.31361e-07
 Reference value :  8.31515e-07
 Reference value :  8.31663e-07
 Reference value :  8.31828e-07
 Reference value :  8.32006e-07
 Reference value :  8.32175e-07
 Reference value :  8.32340e-07
 Reference value :  8.32610e-07
 Reference value :  8.32784e-07
 Reference value :  8.32940e-07
 Reference value :  8.33095e-07
 Reference value :  8.33254e-07
 Reference value :  8.33415e-07
 Reference value :  8.33561e-07
 Reference value :  8.33713e-07
 Reference value :  8.33878e-07
 Reference value :  8.34020e-07
 Reference value :  8.34170e-07
 Reference value :  8.34348e-07
 Reference value :  8.34501e-07
 Reference value :  8.34653e-07
 Reference value :  8.34815e-07
 Reference value :  8.34968e-07
 Reference value :  8.35129e-07
 Reference value :  8.35287e-07
 Reference value :  8.35447e-07
 Reference value :  8.35729e-07
 Reference value :  8.35925e-07
 Reference value :  8.36074e-07
 Reference value :  8.36237e-07
 Reference value :  8.36410e-07
 Reference value :  8.36578e-07
 Reference value :  8.36740e-07
 Reference value :  8.36896e-07
 Reference value :  8.37040e-07
 Reference value :  8.37198e-07
 Reference value :  8.37358e-07
 Reference value :  8.37520e-07
 Reference value :  8.37668e-07
 Reference value :  8.37830e-07
 Reference value :  8.38015e-07
 Reference value :  8.38191e-07
 Reference value :  8.38368e-07
 Reference value :  8.38526e-07
 Reference value :  8.38671e-07
 Reference value :  8.38827e-07
 Reference value :  8.38983e-07
 Reference value :  8.39137e-07
 Reference value :  8.39298e-07
 Reference value :  8.39459e-07
 Reference value :  8.39610e-07
 Reference value :  8.39799e-07
 Reference value :  8.39976e-07
 Reference value :  8.40169e-07
 Reference value :  8.40332e-07
 Reference value :  8.40490e-07
 Reference value :  8.40650e-07
 Reference value :  8.40816e-07
 Reference value :  8.40974e-07
 Reference value :  8.41131e-07
 Reference value :  8.41291e-07
 Reference value :  8.41446e-07
 Reference value :  8.41603e-07
 Reference value :  8.41773e-07
 Reference value :  8.41930e-07
 Reference value :  8.42095e-07
 Reference value :  8.42266e-07
 Reference value :  8.42421e-07
 Reference value :  8.42577e-07
 Reference value :  8.42733e-07
 Reference value :  8.42892e-07
 Reference value :  8.43042e-07
 Reference value :  8.43183e-07
 Reference value :  8.43338e-07
 Reference value :  8.43490e-07
 Reference value :  8.43630e-07
 Reference value :  8.43785e-07
 Reference value :  8.43940e-07
 Reference value :  8.44084e-07
 Reference value :  8.44237e-07
 Reference value :  8.44390e-07
 Reference value :  8.44546e-07
 Reference value :  8.44697e-07
 Reference value :  8.44868e-07
 Reference value :  8.45014e-07
 Reference value :  8.45181e-07
 Reference value :  8.45331e-07
 Reference value :  8.45496e-07
 Reference value :  8.45650e-07
 Reference value :  8.45804e-07
 Reference value :  8.45977e-07
 Reference value :  8.46127e-07
 Reference value :  8.46273e-07
 Reference value :  8.46430e-07
 Reference value :  8.46576e-07
 Reference value :  8.46720e-07
 Reference value :  8.46871e-07
 Reference value :  8.47016e-07
 Reference value :  8.47161e-07
 Reference value :  8.47316e-07
 Reference value :  8.47469e-07
 Reference value :  8.47623e-07
 Reference value :  8.47783e-07
 Reference value :  8.47940e-07
 Reference value :  8.48085e-07
 Reference value :  8.48241e-07
 Reference value :  8.48397e-07
 Reference value :  8.48543e-07
 Reference value :  8.48699e-07
 Reference value :  8.48850e-07
 Reference value :  8.48993e-07
 Reference value :  8.49136e-07
 Reference value :  8.49280e-07
 Reference value :  8.49439e-07
 Reference value :  8.49590e-07
 Reference value :  8.49751e-07
 Reference value :  8.49911e-07
 Reference value :  8.50060e-07
 Reference value :  8.50210e-07
 Reference value :  8.50367e-07
 Reference value :  8.50531e-07
 Reference value :  8.50694e-07
 Reference value :  8.50871e-07
 Reference value :  8.51034e-07
 Reference value :  8.51191e-07
 Reference value :  8.51350e-07
 Reference value :  8.51504e-07
 Reference value :  8.51659e-07
 Reference value :  8.51821e-07
 Reference value :  8.51980e-07
 Reference value :  8.52144e-07
 Reference value :  8.52300e-07
 Reference value :  8.52451e-07
 Reference value :  8.52601e-07
 Reference value :  8.52750e-07
 Reference value :  8.52900e-07
 Reference value :  8.53050e-07
 Reference value :  8.53202e-07
 Reference value :  8.53356e-07
 Reference value :  8.53517e-07
 Reference value :  8.53671e-07
 Reference value :  8.53820e-07
 Reference value :  8.53969e-07
 Reference value :  8.54121e-07
 Reference value :  8.54265e-07
 Reference value :  8.54410e-07
 Reference value :  8.54564e-07
 Reference value :  8.54710e-07
 Reference value :  8.54861e-07
 Reference value :  8.55006e-07
 Reference value :  8.55150e-07
 Reference value :  8.55290e-07
 Reference value :  8.55440e-07
 Reference value :  8.55583e-07
 Reference value :  8.55739e-07
 Reference value :  8.55893e-07
 Reference value :  8.56064e-07
 Reference value :  8.56220e-07
 Reference value :  8.56382e-07
 Reference value :  8.56531e-07
 Reference value :  8.56685e-07
 Reference value :  8.56860e-07
 Reference value :  8.57024e-07
 Reference value :  8.57180e-07
 Reference value :  8.57334e-07
 Reference value :  8.57480e-07
 Reference value :  8.57632e-07
 Reference value :  8.57785e-07
 Reference value :  8.57941e-07
 Reference value :  8.58088e-07
 Reference value :  8.58238e-07
 Reference value :  8.58391e-07
 Reference value :  8.58546e-07
 Reference value :  8.58686e-07
 Reference value :  8.58831e-07
 Reference value :  8.58987e-07
 Reference value :  8.59152e-07
 Reference value :  8.59300e-07
 Reference value :  8.59442e-07
 Reference value :  8.59579e-07
 Reference value :  8.59714e-07
 Reference value :  8.59860e-07
 Reference value :  8.60004e-07
 Reference value :  8.60153e-07
 Reference value :  8.60308e-07
 Reference value :  8.60448e-07
 Reference value :  8.60586e-07
 Reference value :  8.60725e-07
 Reference value :  8.60867e-07
 Reference value :  8.61009e-07
 Reference value :  8.61173e-07
 Reference value :  8.61319e-07
 Reference value :  8.61465e-07
 Reference value :  8.61613e-07
 Reference value :  8.61762e-07
 Reference value :  8.61912e-07
 Reference value :  8.62059e-07
 Reference value :  8.62211e-07
 Reference value :  8.62389e-07
 Reference value :  8.62543e-07
 Reference value :  8.62706e-07
 Reference value :  8.62856e-07
 Reference value :  8.63012e-07
 Reference value :  8.63160e-07
 Reference value :  8.63311e-07
 Reference value :  8.63458e-07
 Reference value :  8.63614e-07
 Reference value :  8.63760e-07
 Reference value :  8.63921e-07
 Reference value :  8.64081e-07
 Reference value :  8.64234e-07
 Reference value :  8.64387e-07
 Reference value :  8.64533e-07
 Reference value :  8.64689e-07
 Reference value :  8.64835e-07
 Reference value :  8.64990e-07
 Reference value :  8.65153e-07
 Reference value :  8.65301e-07
 Reference value :  8.65461e-07
 Reference value :  8.65611e-07
 Reference value :  8.65761e-07
 Reference value :  8.65919e-07
 Reference value :  8.66074e-07
 Reference value :  8.66230e-07
 Reference value :  8.66385e-07
 Reference value :  8.66534e-07
 Reference value :  8.66690e-07
 Reference value :  8.66856e-07
 Reference value :  8.67025e-07
 Reference value :  8.67190e-07
 Reference value :  8.67340e-07
 Reference value :  8.67483e-07
 Reference value :  8.67652e-07
 Reference value :  8.67801e-07
 Reference value :  8.67956e-07
 Reference value :  8.68108e-07
 Reference value :  8.68264e-07
 Reference value :  8.68426e-07
 Reference value :  8.68593e-07
 Reference value :  8.68741e-07
 Reference value :  8.68890e-07
 Reference value :  8.69039e-07
 Reference value :  8.69192e-07
 Reference value :  8.69344e-07
 Reference value :  8.69509e-07
 Reference value :  8.69671e-07
 Reference value :  8.69826e-07
 Reference value :  8.69988e-07
 Reference value :  8.70146e-07
 Reference value :  8.70290e-07
 Reference value :  8.70446e-07
 Reference value :  8.70609e-07
 Reference value :  8.70765e-07
 Reference value :  8.70918e-07
 Reference value :  8.71081e-07
 Reference value :  8.71250e-07
 Reference value :  8.71400e-07
 Reference value :  8.71551e-07
 Reference value :  8.71700e-07
 Reference value :  8.71851e-07
 Reference value :  8.72004e-07
 Reference value :  8.72164e-07
 Reference value :  8.72321e-07
 Reference value :  8.72478e-07
 Reference value :  8.72625e-07
 Reference value :  8.72770e-07
 Reference value :  8.72925e-07
 Reference value :  8.73081e-07
 Reference value :  8.73228e-07
 Reference value :  8.73381e-07
 Reference value :  8.73521e-07
 Reference value :  8.73670e-07
 Reference value :  8.73820e-07
 Reference value :  8.73971e-07
 Reference value :  8.74120e-07
 Reference value :  8.74261e-07
 Reference value :  8.74411e-07
 Reference value :  8.74570e-07
 Reference value :  8.74858e-07
 Reference value :  8.75040e-07
 Reference value :  8.75179e-07
 Reference value :  8.75327e-07
 Reference value :  8.75544e-07
 Reference value :  8.75806e-07
 Reference value :  8.75952e-07
 Reference value :  8.76090e-07
 Reference value :  8.76234e-07
 Reference value :  8.76450e-07
 Reference value :  8.76719e-07
 Reference value :  8.76868e-07
 Reference value :  8.77020e-07
 Reference value :  8.77180e-07
 Reference value :  8.77342e-07
 Reference value :  8.77624e-07
 Reference value :  8.77801e-07
 Reference value :  8.77937e-07
 Reference value :  8.78081e-07
 Reference value :  8.78241e-07
 Reference value :  8.78390e-07
 Reference value :  8.78574e-07
 Reference value :  8.78858e-07
 Reference value :  8.79001e-07
 Reference value :  8.79130e-07
 Reference value :  8.79286e-07
 Reference value :  8.79541e-07
 Reference value :  8.79729e-07
 Reference value :  8.79873e-07
 Reference value :  8.80037e-07
 Reference value :  8.80209e-07
 Reference value :  8.80491e-07
 Reference value :  8.80637e-07
 Reference value :  8.80798e-07
 Reference value :  8.80938e-07
 Reference value :  8.81087e-07
 Reference value :  8.81240e-07
 Reference value :  8.81384e-07
 Reference value :  8.81535e-07
 Reference value :  8.81681e-07
 Reference value :  8.81837e-07
 Reference value :  8.81980e-07
 Reference value :  8.82130e-07
 Reference value :  8.82278e-07
 Reference value :  8.82409e-07
 Reference value :  8.82558e-07
 Reference value :  8.82710e-07
 Reference value :  8.82841e-07
 Reference value :  8.82988e-07
 Reference value :  8.83129e-07
 Reference value :  8.83310e-07
 Reference value :  8.83480e-07
 Reference value :  8.83633e-07
 Reference value :  8.83779e-07
 Reference value :  8.83948e-07
 Reference value :  8.84100e-07
 Reference value :  8.84241e-07
 Reference value :  8.84421e-07
 Reference value :  8.84566e-07
 Reference value :  8.84710e-07
 Reference value :  8.84848e-07
 Reference value :  8.84990e-07
 Reference value :  8.85133e-07
 Reference value :  8.85275e-07
 Reference value :  8.85421e-07
 Reference value :  8.85579e-07
 Reference value :  8.85729e-07
 Reference value :  8.85871e-07
 Reference value :  8.86003e-07
 Reference value :  8.86170e-07
 Reference value :  8.86302e-07
 Reference value :  8.86441e-07
 Reference value :  8.86581e-07
 Reference value :  8.86720e-07
 Reference value :  8.86866e-07
 Reference value :  8.87002e-07
 Reference value :  8.87181e-07
 Reference value :  8.87344e-07
 Reference value :  8.87490e-07
 Reference value :  8.87653e-07
 Reference value :  8.87786e-07
 Reference value :  8.87921e-07
 Reference value :  8.88066e-07
 Reference value :  8.88204e-07
 Reference value :  8.88450e-07
 Reference value :  8.88690e-07
 Reference value :  8.88834e-07
 Reference value :  8.88960e-07
 Reference value :  8.89110e-07
 Reference value :  8.89295e-07
 Reference value :  8.89455e-07
 Reference value :  8.89589e-07
 Reference value :  8.89723e-07
 Reference value :  8.89883e-07
 Reference value :  8.90025e-07
 Reference value :  8.90169e-07
 Reference value :  8.90334e-07
 Reference value :  8.90471e-07
 Reference value :  8.90635e-07
 Reference value :  8.90770e-07
 Reference value :  8.90930e-07
 Reference value :  8.91090e-07
 Reference value :  8.91230e-07
 Reference value :  8.91367e-07
 Reference value :  8.91523e-07
 Reference value :  8.91657e-07
 Reference value :  8.91796e-07
 Reference value :  8.91931e-07
 Reference value :  8.92081e-07
 Reference value :  8.92221e-07
 Reference value :  8.92363e-07
 Reference value :  8.92500e-07
 Reference value :  8.92723e-07
 Reference value :  8.93010e-07
 Reference value :  8.93199e-07
 Reference value :  8.93332e-07
 Reference value :  8.93480e-07
 Reference value :  8.93611e-07
 Reference value :  8.93750e-07
 Reference value :  8.93884e-07
 Reference value :  8.94031e-07
 Reference value :  8.94170e-07
 Reference value :  8.94305e-07
 Reference value :  8.94444e-07
 Reference value :  8.94586e-07
 Reference value :  8.94721e-07
 Reference value :  8.94856e-07
 Reference value :  8.94996e-07
 Reference value :  8.95128e-07
 Reference value :  8.95270e-07
 Reference value :  8.95400e-07
 Reference value :  8.95531e-07
 Reference value :  8.95666e-07
 Reference value :  8.95795e-07
 Reference value :  8.95935e-07
 Reference value :  8.96071e-07
 Reference value :  8.96210e-07
 Reference value :  8.96344e-07
 Reference value :  8.96482e-07
 Reference value :  8.96616e-07
 Reference value :  8.96751e-07
 Reference value :  8.96891e-07
 Reference value :  8.97026e-07
 Reference value :  8.97160e-07
 Reference value :  8.97299e-07
 Reference value :  8.97439e-07
 Reference value :  8.97587e-07
 Reference value :  8.97727e-07
 Reference value :  8.97857e-07
 Reference value :  8.97995e-07
 Reference value :  8.98130e-07
 Reference value :  8.98264e-07
 Reference value :  8.98400e-07
 Reference value :  8.98536e-07
 Reference value :  8.98667e-07
 Reference value :  8.98801e-07
 Reference value :  8.98966e-07
 Reference value :  8.99100e-07
 Reference value :  8.99239e-07
 Reference value :  8.99379e-07
 Reference value :  8.99510e-07
 Reference value :  8.99639e-07
 Reference value :  8.99771e-07
 Reference value :  8.99938e-07
 Reference value :  9.00082e-07
 Reference value :  9.00267e-07
 Reference value :  9.00410e-07
 Reference value :  9.00543e-07
 Reference value :  9.00682e-07
 Reference value :  9.00817e-07
 Reference value :  9.00950e-07
 Reference value :  9.01087e-07
 Reference value :  9.01222e-07
 Reference value :  9.01360e-07
 Reference value :  9.01500e-07
 Reference value :  9.01642e-07
 Reference value :  9.01777e-07
 Reference value :  9.01919e-07
 Reference value :  9.02060e-07
 Reference value :  9.02223e-07
 Reference value :  9.02361e-07
 Reference value :  9.02500e-07
 Reference value :  9.02639e-07
 Reference value :  9.02771e-07
 Reference value :  9.02905e-07
 Reference value :  9.03046e-07
 Reference value :  9.03184e-07
 Reference value :  9.03320e-07
 Reference value :  9.03460e-07
 Reference value :  9.03593e-07
 Reference value :  9.03735e-07
 Reference value :  9.03876e-07
 Reference value :  9.04008e-07
 Reference value :  9.04142e-07
 Reference value :  9.04280e-07
 Reference value :  9.04416e-07
 Reference value :  9.04554e-07
 Reference value :  9.04695e-07
 Reference value :  9.04829e-07
 Reference value :  9.04964e-07
 Reference value :  9.05102e-07
 Reference value :  9.05237e-07
 Reference value :  9.05370e-07
 Reference value :  9.05510e-07
 Reference value :  9.05644e-07
 Reference value :  9.05780e-07
 Reference value :  9.05913e-07
 Reference value :  9.06050e-07
 Reference value :  9.06181e-07
 Reference value :  9.06320e-07
 Reference value :  9.06464e-07
 Reference value :  9.06607e-07
 Reference value :  9.06737e-07
 Reference value :  9.06870e-07
 Reference value :  9.07004e-07
 Reference value :  9.07140e-07
 Reference value :  9.07280e-07
 Reference value :  9.07413e-07
 Reference value :  9.07546e-07
 Reference value :  9.07680e-07
 Reference value :  9.07824e-07
 Reference value :  9.07971e-07
 Reference value :  9.08111e-07
 Reference value :  9.08251e-07
 Reference value :  9.08388e-07
 Reference value :  9.08525e-07
 Reference value :  9.08659e-07
 Reference value :  9.08792e-07
 Reference value :  9.08931e-07
 Reference value :  9.09063e-07
 Reference value :  9.09205e-07
 Reference value :  9.09350e-07
 Reference value :  9.09480e-07
 Reference value :  9.09625e-07
 Reference value :  9.09772e-07
 Reference value :  9.09940e-07
 Reference value :  9.10080e-07
 Reference value :  9.10221e-07
 Reference value :  9.10370e-07
 Reference value :  9.10506e-07
 Reference value :  9.10650e-07
 Reference value :  9.10782e-07
 Reference value :  9.10913e-07
 Reference value :  9.11041e-07
 Reference value :  9.11177e-07
 Reference value :  9.11315e-07
 Reference value :  9.11450e-07
 Reference value :  9.11581e-07
 Reference value :  9.11713e-07
 Reference value :  9.11847e-07
 Reference value :  9.11984e-07
 Reference value :  9.12117e-07
 Reference value :  9.12252e-07
 Reference value :  9.12438e-07
 Reference value :  9.12580e-07
 Reference value :  9.12722e-07
 Reference value :  9.12859e-07
 Reference value :  9.12996e-07
 Reference value :  9.13125e-07
 Reference value :  9.13263e-07
 Reference value :  9.13407e-07
 Reference value :  9.13539e-07
 Reference value :  9.13673e-07
 Reference value :  9.13809e-07
 Reference value :  9.13945e-07
 Reference value :  9.14084e-07
 Reference value :  9.14220e-07
 Reference value :  9.14361e-07
 Reference value :  9.14503e-07
 Reference value :  9.14641e-07
 Reference value :  9.14783e-07
 Reference value :  9.14918e-07
 Reference value :  9.15051e-07
 Reference value :  9.15183e-07
 Reference value :  9.15324e-07
 Reference value :  9.15454e-07
 Reference value :  9.15596e-07
 Reference value :  9.15730e-07
 Reference value :  9.15870e-07
 Reference value :  9.16007e-07
 Reference value :  9.16140e-07
 Reference value :  9.16273e-07
 Reference value :  9.16427e-07
 Reference value :  9.16560e-07
 Reference value :  9.16695e-07
 Reference value :  9.16832e-07
 Reference value :  9.16967e-07
 Reference value :  9.17101e-07
 Reference value :  9.17239e-07
 Reference value :  9.17381e-07
 Reference value :  9.17511e-07
 Reference value :  9.17647e-07
 Reference value :  9.17783e-07
 Reference value :  9.17923e-07
 Reference value :  9.18056e-07
 Reference value :  9.18191e-07
 Reference value :  9.18330e-07
 Reference value :  9.18468e-07
 Reference value :  9.18603e-07
 Reference value :  9.18740e-07
 Reference value :  9.18891e-07
 Reference value :  9.19040e-07
 Reference value :  9.19180e-07
 Reference value :  9.19323e-07
 Reference value :  9.19460e-07
 Reference value :  9.19603e-07
 Reference value :  9.19738e-07
 Reference value :  9.19877e-07
 Reference value :  9.20010e-07
 Reference value :  9.20142e-07
 Reference value :  9.20285e-07
 Reference value :  9.20423e-07
 Reference value :  9.20563e-07
 Reference value :  9.20708e-07
 Reference value :  9.20840e-07
 Reference value :  9.20972e-07
 Reference value :  9.21110e-07
 Reference value :  9.21243e-07
 Reference value :  9.21378e-07
 Reference value :  9.21510e-07
 Reference value :  9.21652e-07
 Reference value :  9.21790e-07
 Reference value :  9.21922e-07
 Reference value :  9.22058e-07
 Reference value :  9.22190e-07
 Reference value :  9.22332e-07
 Reference value :  9.22468e-07
 Reference value :  9.22608e-07
 Reference value :  9.22740e-07
 Reference value :  9.22874e-07
 Reference value :  9.23009e-07
 Reference value :  9.23145e-07
 Reference value :  9.23290e-07
 Reference value :  9.23427e-07
 Reference value :  9.23569e-07
 Reference value :  9.23701e-07
 Reference value :  9.23839e-07
 Reference value :  9.23969e-07
 Reference value :  9.24103e-07
 Reference value :  9.24240e-07
 Reference value :  9.24372e-07
 Reference value :  9.24511e-07
 Reference value :  9.24648e-07
 Reference value :  9.24786e-07
 Reference value :  9.24923e-07
 Reference value :  9.25059e-07
 Reference value :  9.25192e-07
 Reference value :  9.25330e-07
 Reference value :  9.25463e-07
 Reference value :  9.25600e-07
 Reference value :  9.25737e-07
 Reference value :  9.25883e-07
 Reference value :  9.26022e-07
 Reference value :  9.26161e-07
 Reference value :  9.26300e-07
 Reference value :  9.26441e-07
 Reference value :  9.26588e-07
 Reference value :  9.26724e-07
 Reference value :  9.26866e-07
 Reference value :  9.27009e-07
 Reference value :  9.27141e-07
 Reference value :  9.27290e-07
 Reference value :  9.27432e-07
 Reference value :  9.27571e-07
 Reference value :  9.27706e-07
 Reference value :  9.27845e-07
 Reference value :  9.27984e-07
 Reference value :  9.28130e-07
 Reference value :  9.28268e-07
 Reference value :  9.28401e-07
 Reference value :  9.28536e-07
 Reference value :  9.28671e-07
 Reference value :  9.28816e-07
 Reference value :  9.28969e-07
 Reference value :  9.29100e-07
 Reference value :  9.29244e-07
 Reference value :  9.29381e-07
 Reference value :  9.29521e-07
 Reference value :  9.29660e-07
 Reference value :  9.29800e-07
 Reference value :  9.29940e-07
 Reference value :  9.30071e-07
 Reference value :  9.30211e-07
 Reference value :  9.30347e-07
 Reference value :  9.30512e-07
 Reference value :  9.30661e-07
 Reference value :  9.30800e-07
 Reference value :  9.30936e-07
 Reference value :  9.31069e-07
 Reference value :  9.31204e-07
 Reference value :  9.31348e-07
 Reference value :  9.31481e-07
 Reference value :  9.31633e-07
 Reference value :  9.31773e-07
 Reference value :  9.31911e-07
 Reference value :  9.32046e-07
 Reference value :  9.32177e-07
 Reference value :  9.32319e-07
 Reference value :  9.32453e-07
 Reference value :  9.32595e-07
 Reference value :  9.32737e-07
 Reference value :  9.32881e-07
 Reference value :  9.33020e-07
 Reference value :  9.33151e-07
 Reference value :  9.33291e-07
 Reference value :  9.33431e-07
 Reference value :  9.33565e-07
 Reference value :  9.33700e-07
 Reference value :  9.33832e-07
 Reference value :  9.33970e-07
 Reference value :  9.34123e-07
 Reference value :  9.34288e-07
 Reference value :  9.34480e-07
 Reference value :  9.34766e-07
 Reference value :  9.34980e-07
 Reference value :  9.35115e-07
 Reference value :  9.35260e-07
 Reference value :  9.35400e-07
 Reference value :  9.35640e-07
 Reference value :  9.35925e-07
 Reference value :  9.36088e-07
 Reference value :  9.36230e-07
 Reference value :  9.36361e-07
 Reference value :  9.36503e-07
 Reference value :  9.36640e-07
 Reference value :  9.36781e-07
 Reference value :  9.37059e-07
 Reference value :  9.37329e-07
 Reference value :  9.37461e-07
 Reference value :  9.37592e-07
 Reference value :  9.37734e-07
 Reference value :  9.37871e-07
 Reference value :  9.38009e-07
 Reference value :  9.38150e-07
 Reference value :  9.38331e-07
 Reference value :  9.38481e-07
 Reference value :  9.38620e-07
 Reference value :  9.38760e-07
 Reference value :  9.38893e-07
 Reference value :  9.39028e-07
 Reference value :  9.39161e-07
 Reference value :  9.39296e-07
 Reference value :  9.39440e-07
 Reference value :  9.39576e-07
 Reference value :  9.39784e-07
 Reference value :  9.39931e-07
 Reference value :  9.40063e-07
 Reference value :  9.40221e-07
 Reference value :  9.40372e-07
 Reference value :  9.40654e-07
 Reference value :  9.40915e-07
 Reference value :  9.41060e-07
 Reference value :  9.41195e-07
 Reference value :  9.41333e-07
 Reference value :  9.41484e-07
 Reference value :  9.41620e-07
 Reference value :  9.41771e-07
 Reference value :  9.41908e-07
 Reference value :  9.42044e-07
 Reference value :  9.42180e-07
 Reference value :  9.42319e-07
 Reference value :  9.42482e-07
 Reference value :  9.42626e-07
 Reference value :  9.42766e-07
 Reference value :  9.42908e-07
 Reference value :  9.43043e-07
 Reference value :  9.43180e-07
 Reference value :  9.43321e-07
 Reference value :  9.43456e-07
 Reference value :  9.43591e-07
 Reference value :  9.43723e-07
 Reference value :  9.43870e-07
 Reference value :  9.44000e-07
 Reference value :  9.44131e-07
 Reference value :  9.44278e-07
 Reference value :  9.44415e-07
 Reference value :  9.44553e-07
 Reference value :  9.44687e-07
 Reference value :  9.44821e-07
 Reference value :  9.44960e-07
 Reference value :  9.45095e-07
 Reference value :  9.45230e-07
 Reference value :  9.45367e-07
 Reference value :  9.45504e-07
 Reference value :  9.45656e-07
 Reference value :  9.45791e-07
 Reference value :  9.45930e-07
 Reference value :  9.46066e-07
 Reference value :  9.46199e-07
 Reference value :  9.46338e-07
 Reference value :  9.46479e-07
 Reference value :  9.46618e-07
 Reference value :  9.46757e-07
 Reference value :  9.46908e-07
 Reference value :  9.47050e-07
 Reference value :  9.47199e-07
 Reference value :  9.47338e-07
 Reference value :  9.47477e-07
 Reference value :  9.47619e-07
 Reference value :  9.47750e-07
 Reference value :  9.47890e-07
 Reference value :  9.48025e-07
 Reference value :  9.48160e-07
 Reference value :  9.48296e-07
 Reference value :  9.48433e-07
 Reference value :  9.48572e-07
 Reference value :  9.48711e-07
 Reference value :  9.48860e-07
 Reference value :  9.48990e-07
 Reference value :  9.49121e-07
 Reference value :  9.49253e-07
 Reference value :  9.49391e-07
 Reference value :  9.49535e-07
 Reference value :  9.49671e-07
 Reference value :  9.49808e-07
 Reference value :  9.49951e-07
 Reference value :  9.50084e-07
 Reference value :  9.50221e-07
 Reference value :  9.50363e-07
 Reference value :  9.50497e-07
 Reference value :  9.50637e-07
 Reference value :  9.50771e-07
 Reference value :  9.50906e-07
 Reference value :  9.51040e-07
 Reference value :  9.51182e-07
 Reference value :  9.51319e-07
 Reference value :  9.51457e-07
 Reference value :  9.51593e-07
 Reference value :  9.51731e-07
 Reference value :  9.51865e-07
 Reference value :  9.52001e-07
 Reference value :  9.52141e-07
 Reference value :  9.52274e-07
 Reference value :  9.52412e-07
 Reference value :  9.52550e-07
 Reference value :  9.52690e-07
 Reference value :  9.52822e-07
 Reference value :  9.52966e-07
 Reference value :  9.53095e-07
 Reference value :  9.53226e-07
 Reference value :  9.53387e-07
 Reference value :  9.53519e-07
 Reference value :  9.53661e-07
 Reference value :  9.53794e-07
 Reference value :  9.53932e-07
 Reference value :  9.54063e-07
 Reference value :  9.54207e-07
 Reference value :  9.54349e-07
 Reference value :  9.54489e-07
 Reference value :  9.54623e-07
 Reference value :  9.54761e-07
 Reference value :  9.54899e-07
 Reference value :  9.55033e-07
 Reference value :  9.55170e-07
 Reference value :  9.55301e-07
 Reference value :  9.55440e-07
 Reference value :  9.55589e-07
 Reference value :  9.55850e-07
 Reference value :  9.56108e-07
 Reference value :  9.56247e-07
 Reference value :  9.56375e-07
 Reference value :  9.56509e-07
 Reference value :  9.56691e-07
 Reference value :  9.56817e-07
 Reference value :  9.56958e-07
 Reference value :  9.57141e-07
 Reference value :  9.57270e-07
 Reference value :  9.57401e-07
 Reference value :  9.57540e-07
 Reference value :  9.57735e-07
 Reference value :  9.57881e-07
 Reference value :  9.58003e-07
 Reference value :  9.58160e-07
 Reference value :  9.58353e-07
 Reference value :  9.58481e-07
 Reference value :  9.58619e-07
 Reference value :  9.58765e-07
 Reference value :  9.58896e-07
 Reference value :  9.59029e-07
 Reference value :  9.59160e-07
 Reference value :  9.59300e-07
 Reference value :  9.59433e-07
 Reference value :  9.59578e-07
 Reference value :  9.59712e-07
 Reference value :  9.59845e-07
 Reference value :  9.59991e-07
 Reference value :  9.60129e-07
 Reference value :  9.60261e-07
 Reference value :  9.60407e-07
 Reference value :  9.60550e-07
 Reference value :  9.60683e-07
 Reference value :  9.60827e-07
 Reference value :  9.60967e-07
 Reference value :  9.61100e-07
 Reference value :  9.61239e-07
 Reference value :  9.61380e-07
 Reference value :  9.61510e-07
 Reference value :  9.61641e-07
 Reference value :  9.61782e-07
 Reference value :  9.61912e-07
 Reference value :  9.62043e-07
 Reference value :  9.62177e-07
 Reference value :  9.62310e-07
 Reference value :  9.62446e-07
 Reference value :  9.62580e-07
 Reference value :  9.62713e-07
 Reference value :  9.62851e-07
 Reference value :  9.63005e-07
 Reference value :  9.63215e-07
 Reference value :  9.63507e-07
 Reference value :  9.63714e-07
 Reference value :  9.63860e-07
 Reference value :  9.63996e-07
 Reference value :  9.64142e-07
 Reference value :  9.64415e-07
 Reference value :  9.64629e-07
 Reference value :  9.64795e-07
 Reference value :  9.64930e-07
 Reference value :  9.65091e-07
 Reference value :  9.65244e-07
 Reference value :  9.65387e-07
 Reference value :  9.65522e-07
 Reference value :  9.65661e-07
 Reference value :  9.65796e-07
 Reference value :  9.65944e-07
 Reference value :  9.66078e-07
 Reference value :  9.66210e-07
 Reference value :  9.66363e-07
 Reference value :  9.66504e-07
 Reference value :  9.66631e-07
 Reference value :  9.66759e-07
 Reference value :  9.66889e-07
 Reference value :  9.67013e-07
 Reference value :  9.67141e-07
 Reference value :  9.67272e-07
 Reference value :  9.67396e-07
 Reference value :  9.67518e-07
 Reference value :  9.67676e-07
 Reference value :  9.67845e-07
 Reference value :  9.67992e-07
 Reference value :  9.68132e-07
 Reference value :  9.68273e-07
 Reference value :  9.68410e-07
 Reference value :  9.68558e-07
 Reference value :  9.68765e-07
 Reference value :  9.68915e-07
 Reference value :  9.69051e-07
 Reference value :  9.69196e-07
 Reference value :  9.69337e-07
 Reference value :  9.69480e-07
 Reference value :  9.69615e-07
 Reference value :  9.69760e-07
 Reference value :  9.69895e-07
 Reference value :  9.70031e-07
 Reference value :  9.70170e-07
 Reference value :  9.70351e-07
 Reference value :  9.70485e-07
 Reference value :  9.70619e-07
 Reference value :  9.70750e-07
 Reference value :  9.70899e-07
 Reference value :  9.71035e-07
 Reference value :  9.71189e-07
 Reference value :  9.71330e-07
 Reference value :  9.71474e-07
 Reference value :  9.71640e-07
 Reference value :  9.71781e-07
 Reference value :  9.71914e-07
 Reference value :  9.72051e-07
 Reference value :  9.72197e-07
 Reference value :  9.72331e-07
 Reference value :  9.72467e-07
 Reference value :  9.72602e-07
 Reference value :  9.72749e-07
 Reference value :  9.72903e-07
 Reference value :  9.73041e-07
 Reference value :  9.73177e-07
 Reference value :  9.73321e-07
 Reference value :  9.73480e-07
 Reference value :  9.73641e-07
 Reference value :  9.73783e-07
 Reference value :  9.73927e-07
 Reference value :  9.74063e-07
 Reference value :  9.74218e-07
 Reference value :  9.74371e-07
 Reference value :  9.74507e-07
 Reference value :  9.74650e-07
 Reference value :  9.74790e-07
 Reference value :  9.74941e-07
 Reference value :  9.75232e-07
 Reference value :  9.75486e-07
 Reference value :  9.75621e-07
 Reference value :  9.75761e-07
 Reference value :  9.75908e-07
 Reference value :  9.76044e-07
 Reference value :  9.76185e-07
 Reference value :  9.76331e-07
 Reference value :  9.76468e-07
 Reference value :  9.76601e-07
 Reference value :  9.76740e-07
 Reference value :  9.76881e-07
 Reference value :  9.77027e-07
 Reference value :  9.77158e-07
 Reference value :  9.77292e-07
 Reference value :  9.77432e-07
 Reference value :  9.77572e-07
 Reference value :  9.77720e-07
 Reference value :  9.77860e-07
 Reference value :  9.77995e-07
 Reference value :  9.78131e-07
 Reference value :  9.78271e-07
 Reference value :  9.78419e-07
 Reference value :  9.78560e-07
 Reference value :  9.78701e-07
 Reference value :  9.78840e-07
 Reference value :  9.78971e-07
 Reference value :  9.79117e-07
 Reference value :  9.79263e-07
 Reference value :  9.79547e-07
 Reference value :  9.79735e-07
 Reference value :  9.79868e-07
 Reference value :  9.80000e-07
 Reference value :  9.80150e-07
 Reference value :  9.80320e-07
 Reference value :  9.80465e-07
 Reference value :  9.80599e-07
 Reference value :  9.80734e-07
 Reference value :  9.80876e-07
 Reference value :  9.81029e-07
 Reference value :  9.81175e-07
 Reference value :  9.81349e-07
 Reference value :  9.81482e-07
 Reference value :  9.81630e-07
 Reference value :  9.81780e-07
 Reference value :  9.81960e-07
 Reference value :  9.82124e-07
 Reference value :  9.82270e-07
 Reference value :  9.82426e-07
 Reference value :  9.82563e-07
 Reference value :  9.82697e-07
 Reference value :  9.82830e-07
 Reference value :  9.82986e-07
 Reference value :  9.83140e-07
 Reference value :  9.83306e-07
 Reference value :  9.83440e-07
 Reference value :  9.83585e-07
 Reference value :  9.83730e-07
 Reference value :  9.83866e-07
 Reference value :  9.84000e-07
 Reference value :  9.84137e-07
 Reference value :  9.84273e-07
 Reference value :  9.84409e-07
 Reference value :  9.84550e-07
 Reference value :  9.84696e-07
 Reference value :  9.84831e-07
 Reference value :  9.84970e-07
 Reference value :  9.85103e-07
 Reference value :  9.85240e-07
 Reference value :  9.85374e-07
 Reference value :  9.85514e-07
 Reference value :  9.85647e-07
 Reference value :  9.85783e-07
 Reference value :  9.85920e-07
 Reference value :  9.86060e-07
 Reference value :  9.86201e-07
 Reference value :  9.86337e-07
 Reference value :  9.86470e-07
 Reference value :  9.86612e-07
 Reference value :  9.86750e-07
 Reference value :  9.86887e-07
 Reference value :  9.87020e-07
 Reference value :  9.87157e-07
 Reference value :  9.87290e-07
 Reference value :  9.87434e-07
 Reference value :  9.87569e-07
 Reference value :  9.87700e-07
 Reference value :  9.87836e-07
 Reference value :  9.87974e-07
 Reference value :  9.88108e-07
 Reference value :  9.88241e-07
 Reference value :  9.88380e-07
 Reference value :  9.88515e-07
 Reference value :  9.88650e-07
 Reference value :  9.88788e-07
 Reference value :  9.88930e-07
 Reference value :  9.89070e-07
 Reference value :  9.89221e-07
 Reference value :  9.89360e-07
 Reference value :  9.89495e-07
 Reference value :  9.89636e-07
 Reference value :  9.89770e-07
 Reference value :  9.89913e-07
 Reference value :  9.90050e-07
 Reference value :  9.90184e-07
 Reference value :  9.90330e-07
 Reference value :  9.90470e-07
 Reference value :  9.90607e-07
 Reference value :  9.90749e-07
 Reference value :  9.90896e-07
 Reference value :  9.91037e-07
 Reference value :  9.91176e-07
 Reference value :  9.91308e-07
 Reference value :  9.91449e-07
 Reference value :  9.91581e-07
 Reference value :  9.91721e-07
 Reference value :  9.91861e-07
 Reference value :  9.92001e-07
 Reference value :  9.92135e-07
 Reference value :  9.92277e-07
 Reference value :  9.92415e-07
 Reference value :  9.92545e-07
 Reference value :  9.92684e-07
 Reference value :  9.92816e-07
 Reference value :  9.92970e-07
 Reference value :  9.93110e-07
 Reference value :  9.93241e-07
 Reference value :  9.93384e-07
 Reference value :  9.93519e-07
 Reference value :  9.93654e-07
 Reference value :  9.93786e-07
 Reference value :  9.93921e-07
 Reference value :  9.94076e-07
 Reference value :  9.94205e-07
 Reference value :  9.94341e-07
 Reference value :  9.94485e-07
 Reference value :  9.94630e-07
 Reference value :  9.94760e-07
 Reference value :  9.94901e-07
 Reference value :  9.95055e-07
 Reference value :  9.95200e-07
 Reference value :  9.95345e-07
 Reference value :  9.95485e-07
 Reference value :  9.95620e-07
 Reference value :  9.95768e-07
 Reference value :  9.95903e-07
 Reference value :  9.96041e-07
 Reference value :  9.96176e-07
 Reference value :  9.96310e-07
 Reference value :  9.96456e-07
 Reference value :  9.96591e-07
 Reference value :  9.96726e-07
 Reference value :  9.96864e-07
 Reference value :  9.97001e-07
 Reference value :  9.97134e-07
 Reference value :  9.97272e-07
 Reference value :  9.97428e-07
 Reference value :  9.97569e-07
 Reference value :  9.97710e-07
 Reference value :  9.97850e-07
 Reference value :  9.97989e-07
 Reference value :  9.98124e-07
 Reference value :  9.98268e-07
 Reference value :  9.98410e-07
 Reference value :  9.98546e-07
 Reference value :  9.98681e-07
 Reference value :  9.98830e-07
 Reference value :  9.98960e-07
 Reference value :  9.99122e-07
 Reference value :  9.99262e-07
 Reference value :  9.99396e-07
 Reference value :  9.99539e-07
 Reference value :  9.99675e-07
 Reference value :  9.99812e-07
 Reference value :  9.99956e-07
 Reference value :  1.00009e-06
 Reference value :  1.00023e-06
 Reference value :  1.00036e-06
 Reference value :  1.00050e-06
 Reference value :  1.00066e-06
 Reference value :  1.00080e-06
 Reference value :  1.00094e-06
 Reference value :  1.00108e-06
 Reference value :  1.00122e-06
 Reference value :  1.00136e-06
 Reference value :  1.00149e-06
 Reference value :  1.00163e-06
 Reference value :  1.00177e-06
 Reference value :  1.00190e-06
 Reference value :  1.00204e-06
 Reference value :  1.00220e-06
 Reference value :  1.00233e-06
 Reference value :  1.00247e-06
 Reference value :  1.00261e-06
 Reference value :  1.00275e-06
 Reference value :  1.00288e-06
 Reference value :  1.00302e-06
 Reference value :  1.00316e-06
 Reference value :  1.00330e-06
 Reference value :  1.00343e-06
 Reference value :  1.00356e-06
 Reference value :  1.00371e-06
 Reference value :  1.00387e-06
 Reference value :  1.00402e-06
 Reference value :  1.00415e-06
 Reference value :  1.00429e-06
 Reference value :  1.00444e-06
 Reference value :  1.00459e-06
 Reference value :  1.00473e-06
 Reference value :  1.00486e-06
 Reference value :  1.00501e-06
 Reference value :  1.00514e-06
 Reference value :  1.00527e-06
 Reference value :  1.00545e-06
 Reference value :  1.00559e-06
 Reference value :  1.00573e-06
 Reference value :  1.00587e-06
 Reference value :  1.00601e-06
 Reference value :  1.00616e-06
 Reference value :  1.00629e-06
 Reference value :  1.00643e-06
 Reference value :  1.00657e-06
 Reference value :  1.00670e-06
 Reference value :  1.00685e-06
 Reference value :  1.00698e-06
 Reference value :  1.00712e-06
 Reference value :  1.00726e-06
 Reference value :  1.00741e-06
 Reference value :  1.00755e-06
 Reference value :  1.00769e-06
 Reference value :  1.00783e-06
 Reference value :  1.00796e-06
 Reference value :  1.00810e-06
 Reference value :  1.00826e-06
 Reference value :  1.00839e-06
 Reference value :  1.00853e-06
 Reference value :  1.00867e-06
 Reference value :  1.00881e-06
 Reference value :  1.00896e-06
 Reference value :  1.00910e-06
 Reference value :  1.00923e-06
 Reference value :  1.00939e-06
 Reference value :  1.00955e-06
 Reference value :  1.00970e-06
 Reference value :  1.00984e-06
 Reference value :  1.00999e-06
 Reference value :  1.01015e-06
 Reference value :  1.01033e-06
 Reference value :  1.01049e-06
 Reference value :  1.01067e-06
 Reference value :  1.01081e-06
 Reference value :  1.01097e-06
 Reference value :  1.01113e-06
 Reference value :  1.01129e-06
 Reference value :  1.01145e-06
 Reference value :  1.01160e-06
 Reference value :  1.01176e-06
 Reference value :  1.01191e-06
 Reference value :  1.01205e-06
 Reference value :  1.01223e-06
 Reference value :  1.01237e-06
 Reference value :  1.01252e-06
 Reference value :  1.01265e-06
 Reference value :  1.01280e-06
 Reference value :  1.01295e-06
 Reference value :  1.01308e-06
 Reference value :  1.01322e-06
 Reference value :  1.01336e-06
 Reference value :  1.01350e-06
 Reference value :  1.01363e-06
 Reference value :  1.01378e-06
 Reference value :  1.01404e-06
 Reference value :  1.01429e-06
 Reference value :  1.01455e-06
 Reference value :  1.01479e-06
 Reference value :  1.01504e-06
 Reference value :  1.01529e-06
 Reference value :  1.01553e-06
 Reference value :  1.01574e-06
 Reference value :  1.01600e-06
 Reference value :  1.01627e-06
 Reference value :  1.01654e-06
 Reference value :  1.01680e-06
 Reference value :  1.01707e-06
 Reference value :  1.01729e-06
 Reference value :  1.01750e-06
 Reference value :  1.01769e-06
 Reference value :  1.01783e-06
 Reference value :  1.01797e-06
 Reference value :  1.01811e-06
 Reference value :  1.01826e-06
 Reference value :  1.01841e-06
 Reference value :  1.01855e-06
 Reference value :  1.01869e-06
 Reference value :  1.01884e-06
 Reference value :  1.01897e-06
 Reference value :  1.01911e-06
 Reference value :  1.01926e-06
 Reference value :  1.01940e-06
 Reference value :  1.01954e-06
 Reference value :  1.01967e-06
 Reference value :  1.01981e-06
 Reference value :  1.01995e-06
 Reference value :  1.02009e-06
 Reference value :  1.02023e-06
 Reference value :  1.02036e-06
 Reference value :  1.02049e-06
 Reference value :  1.02063e-06
 Reference value :  1.02076e-06
 Reference value :  1.02091e-06
 Reference value :  1.02104e-06
 Reference value :  1.02120e-06
 Reference value :  1.02133e-06
 Reference value :  1.02147e-06
 Reference value :  1.02161e-06
 Reference value :  1.02175e-06
 Reference value :  1.02190e-06
 Reference value :  1.02206e-06
 Reference value :  1.02221e-06
 Reference value :  1.02234e-06
 Reference value :  1.02248e-06
 Reference value :  1.02262e-06
 Reference value :  1.02276e-06
 Reference value :  1.02290e-06
 Reference value :  1.02303e-06
 Reference value :  1.02317e-06
 Reference value :  1.02331e-06
 Reference value :  1.02345e-06
 Reference value :  1.02359e-06
 Reference value :  1.02373e-06
 Reference value :  1.02387e-06
 Reference value :  1.02403e-06
 Reference value :  1.02416e-06
 Reference value :  1.02430e-06
 Reference value :  1.02444e-06
 Reference value :  1.02457e-06
 Reference value :  1.02471e-06
 Reference value :  1.02484e-06
 Reference value :  1.02498e-06
 Reference value :  1.02511e-06
 Reference value :  1.02525e-06
 Reference value :  1.02539e-06
 Reference value :  1.02554e-06
 Reference value :  1.02569e-06
 Reference value :  1.02584e-06
 Reference value :  1.02597e-06
 Reference value :  1.02612e-06
 Reference value :  1.02626e-06
 Reference value :  1.02639e-06
 Reference value :  1.02653e-06
 Reference value :  1.02666e-06
 Reference value :  1.02680e-06
 Reference value :  1.02694e-06
 Reference value :  1.02707e-06
 Reference value :  1.02720e-06
 Reference value :  1.02734e-06
 Reference value :  1.02747e-06
 Reference value :  1.02760e-06
 Reference value :  1.02774e-06
 Reference value :  1.02788e-06
 Reference value :  1.02803e-06
 Reference value :  1.02816e-06
 Reference value :  1.02830e-06
 Reference value :  1.02843e-06
 Reference value :  1.02857e-06
 Reference value :  1.02870e-06
 Reference value :  1.02884e-06
 Reference value :  1.02897e-06
 Reference value :  1.02913e-06
 Reference value :  1.02926e-06
 Reference value :  1.02939e-06
 Reference value :  1.02952e-06
 Reference value :  1.02966e-06
 Reference value :  1.02980e-06
 Reference value :  1.02994e-06
 Reference value :  1.03007e-06
 Reference value :  1.03020e-06
 Reference value :  1.03034e-06
 Reference value :  1.03047e-06
 Reference value :  1.03062e-06
 Reference value :  1.03075e-06
 Reference value :  1.03088e-06
 Reference value :  1.03102e-06
 Reference value :  1.03116e-06
 Reference value :  1.03130e-06
 Reference value :  1.03143e-06
 Reference value :  1.03157e-06
 Reference value :  1.03171e-06
 Reference value :  1.03185e-06
 Reference value :  1.03198e-06
 Reference value :  1.03212e-06
 Reference value :  1.03225e-06
 Reference value :  1.03240e-06
 Reference value :  1.03253e-06
 Reference value :  1.03267e-06
 Reference value :  1.03280e-06
 Reference value :  1.03294e-06
 Reference value :  1.03307e-06
 Reference value :  1.03322e-06
 Reference value :  1.03336e-06
 Reference value :  1.03350e-06
 Reference value :  1.03363e-06
 Reference value :  1.03377e-06
 Reference value :  1.03391e-06
 Reference value :  1.03405e-06
 Reference value :  1.03419e-06
 Reference value :  1.03432e-06
 Reference value :  1.03446e-06
 Reference value :  1.03460e-06
 Reference value :  1.03473e-06
 Reference value :  1.03487e-06
 Reference value :  1.03500e-06
 Reference value :  1.03514e-06
 Reference value :  1.03528e-06
 Reference value :  1.03541e-06
 Reference value :  1.03554e-06
 Reference value :  1.03568e-06
 Reference value :  1.03581e-06
 Reference value :  1.03599e-06
 Reference value :  1.03628e-06
 Reference value :  1.03653e-06
 Reference value :  1.03666e-06
 Reference value :  1.03680e-06
 Reference value :  1.03694e-06
 Reference value :  1.03720e-06
 Reference value :  1.03749e-06
 Reference value :  1.03765e-06
 Reference value :  1.03777e-06
 Reference value :  1.03791e-06
 Reference value :  1.03805e-06
 Reference value :  1.03831e-06
 Reference value :  1.03860e-06
 Reference value :  1.03873e-06
 Reference value :  1.03888e-06
 Reference value :  1.03903e-06
 Reference value :  1.03917e-06
 Reference value :  1.03943e-06
 Reference value :  1.03965e-06
 Reference value :  1.03979e-06
 Reference value :  1.03992e-06
 Reference value :  1.04008e-06
 Reference value :  1.04022e-06
 Reference value :  1.04036e-06
 Reference value :  1.04050e-06
 Reference value :  1.04064e-06
 Reference value :  1.04078e-06
 Reference value :  1.04091e-06
 Reference value :  1.04105e-06
 Reference value :  1.04119e-06
 Reference value :  1.04133e-06
 Reference value :  1.04147e-06
 Reference value :  1.04163e-06
 Reference value :  1.04178e-06
 Reference value :  1.04192e-06
 Reference value :  1.04206e-06
 Reference value :  1.04221e-06
 Reference value :  1.04234e-06
 Reference value :  1.04248e-06
 Reference value :  1.04262e-06
 Reference value :  1.04276e-06
 Reference value :  1.04290e-06
 Reference value :  1.04304e-06
 Reference value :  1.04318e-06
 Reference value :  1.04333e-06
 Reference value :  1.04346e-06
 Reference value :  1.04360e-06
 Reference value :  1.04374e-06
 Reference value :  1.04387e-06
 Reference value :  1.04402e-06
 Reference value :  1.04416e-06
 Reference value :  1.04431e-06
 Reference value :  1.04444e-06
 Reference value :  1.04459e-06
 Reference value :  1.04472e-06
 Reference value :  1.04485e-06
 Reference value :  1.04498e-06
 Reference value :  1.04512e-06
 Reference value :  1.04526e-06
 Reference value :  1.04540e-06
 Reference value :  1.04553e-06
 Reference value :  1.04567e-06
 Reference value :  1.04581e-06
 Reference value :  1.04596e-06
 Reference value :  1.04609e-06
 Reference value :  1.04624e-06
 Reference value :  1.04638e-06
 Reference value :  1.04652e-06
 Reference value :  1.04666e-06
 Reference value :  1.04680e-06
 Reference value :  1.04694e-06
 Reference value :  1.04708e-06
 Reference value :  1.04722e-06
 Reference value :  1.04735e-06
 Reference value :  1.04750e-06
 Reference value :  1.04763e-06
 Reference value :  1.04777e-06
 Reference value :  1.04790e-06
 Reference value :  1.04804e-06
 Reference value :  1.04818e-06
 Reference value :  1.04832e-06
 Reference value :  1.04845e-06
 Reference value :  1.04858e-06
 Reference value :  1.04872e-06
 Reference value :  1.04885e-06
 Reference value :  1.04900e-06
 Reference value :  1.04914e-06
 Reference value :  1.04927e-06
 Reference value :  1.04941e-06
 Reference value :  1.04955e-06
 Reference value :  1.04968e-06
 Reference value :  1.04981e-06
 Reference value :  1.04996e-06
 Reference value :  1.05012e-06
 Reference value :  1.05030e-06
 Reference value :  1.05044e-06
 Reference value :  1.05058e-06
 Reference value :  1.05073e-06
 Reference value :  1.05086e-06
 Reference value :  1.05100e-06
 Reference value :  1.05114e-06
 Reference value :  1.05129e-06
 Reference value :  1.05143e-06
 Reference value :  1.05156e-06
 Reference value :  1.05169e-06
 Reference value :  1.05183e-06
 Reference value :  1.05196e-06
 Reference value :  1.05209e-06
 Reference value :  1.05223e-06
 Reference value :  1.05236e-06
 Reference value :  1.05250e-06
 Reference value :  1.05263e-06
 Reference value :  1.05277e-06
 Reference value :  1.05290e-06
 Reference value :  1.05303e-06
 Reference value :  1.05317e-06
 Reference value :  1.05331e-06
 Reference value :  1.05344e-06
 Reference value :  1.05357e-06
 Reference value :  1.05372e-06
 Reference value :  1.05386e-06
 Reference value :  1.05399e-06
 Reference value :  1.05414e-06
 Reference value :  1.05427e-06
 Reference value :  1.05441e-06
 Reference value :  1.05454e-06
 Reference value :  1.05467e-06
 Reference value :  1.05480e-06
 Reference value :  1.05494e-06
 Reference value :  1.05508e-06
 Reference value :  1.05521e-06
 Reference value :  1.05534e-06
 Reference value :  1.05548e-06
 Reference value :  1.05564e-06
 Reference value :  1.05579e-06
 Reference value :  1.05593e-06
 Reference value :  1.05607e-06
 Reference value :  1.05621e-06
 Reference value :  1.05634e-06
 Reference value :  1.05648e-06
 Reference value :  1.05663e-06
 Reference value :  1.05677e-06
 Reference value :  1.05692e-06
 Reference value :  1.05706e-06
 Reference value :  1.05720e-06
 Reference value :  1.05733e-06
 Reference value :  1.05746e-06
 Reference value :  1.05760e-06
 Reference value :  1.05773e-06
 Reference value :  1.05787e-06
 Reference value :  1.05800e-06
 Reference value :  1.05815e-06
 Reference value :  1.05828e-06
 Reference value :  1.05841e-06
 Reference value :  1.05855e-06
 Reference value :  1.05869e-06
 Reference value :  1.05883e-06
 Reference value :  1.05897e-06
 Reference value :  1.05915e-06
 Reference value :  1.05929e-06
 Reference value :  1.05945e-06
 Reference value :  1.05959e-06
 Reference value :  1.05973e-06
 Reference value :  1.05986e-06
 Reference value :  1.06000e-06
 Reference value :  1.06014e-06
 Reference value :  1.06028e-06
 Reference value :  1.06042e-06
 Reference value :  1.06056e-06
 Reference value :  1.06070e-06
 Reference value :  1.06083e-06
 Reference value :  1.06098e-06
 Reference value :  1.06111e-06
 Reference value :  1.06124e-06
 Reference value :  1.06140e-06
 Reference value :  1.06156e-06
 Reference value :  1.06169e-06
 Reference value :  1.06184e-06
 Reference value :  1.06197e-06
 Reference value :  1.06210e-06
 Reference value :  1.06224e-06
 Reference value :  1.06237e-06
 Reference value :  1.06250e-06
 Reference value :  1.06265e-06
 Reference value :  1.06278e-06
 Reference value :  1.06292e-06
 Reference value :  1.06306e-06
 Reference value :  1.06321e-06
 Reference value :  1.06334e-06
 Reference value :  1.06347e-06
 Reference value :  1.06361e-06
 Reference value :  1.06374e-06
 Reference value :  1.06388e-06
 Reference value :  1.06402e-06
 Reference value :  1.06416e-06
 Reference value :  1.06429e-06
 Reference value :  1.06444e-06
 Reference value :  1.06458e-06
 Reference value :  1.06471e-06
 Reference value :  1.06484e-06
 Reference value :  1.06498e-06
 Reference value :  1.06511e-06
 Reference value :  1.06525e-06
 Reference value :  1.06538e-06
 Reference value :  1.06551e-06
 Reference value :  1.06565e-06
 Reference value :  1.06578e-06
 Reference value :  1.06593e-06
 Reference value :  1.06606e-06
 Reference value :  1.06619e-06
 Reference value :  1.06632e-06
 Reference value :  1.06646e-06
 Reference value :  1.06659e-06
 Reference value :  1.06673e-06
 Reference value :  1.06687e-06
 Reference value :  1.06700e-06
 Reference value :  1.06716e-06
 Reference value :  1.06729e-06
 Reference value :  1.06744e-06
 Reference value :  1.06757e-06
 Reference value :  1.06772e-06
 Reference value :  1.06786e-06
 Reference value :  1.06800e-06
 Reference value :  1.06813e-06
 Reference value :  1.06827e-06
 Reference value :  1.06840e-06
 Reference value :  1.06853e-06
 Reference value :  1.06868e-06
 Reference value :  1.06885e-06
 Reference value :  1.06902e-06
 Reference value :  1.06917e-06
 Reference value :  1.06930e-06
 Reference value :  1.06943e-06
 Reference value :  1.06957e-06
 Reference value :  1.06970e-06
 Reference value :  1.06984e-06
 Reference value :  1.06997e-06
 Reference value :  1.07011e-06
 Reference value :  1.07024e-06
 Reference value :  1.07038e-06
 Reference value :  1.07052e-06
 Reference value :  1.07065e-06
 Reference value :  1.07079e-06
 Reference value :  1.07092e-06
 Reference value :  1.07106e-06
 Reference value :  1.07120e-06
 Reference value :  1.07133e-06
 Reference value :  1.07147e-06
 Reference value :  1.07160e-06
 Reference value :  1.07173e-06
 Reference value :  1.07188e-06
 Reference value :  1.07202e-06
 Reference value :  1.07216e-06
 Reference value :  1.07230e-06
 Reference value :  1.07243e-06
 Reference value :  1.07257e-06
 Reference value :  1.07271e-06
 Reference value :  1.07284e-06
 Reference value :  1.07298e-06
 Reference value :  1.07312e-06
 Reference value :  1.07327e-06
 Reference value :  1.07340e-06
 Reference value :  1.07354e-06
 Reference value :  1.07368e-06
 Reference value :  1.07381e-06
 Reference value :  1.07395e-06
 Reference value :  1.07408e-06
 Reference value :  1.07422e-06
 Reference value :  1.07435e-06
 Reference value :  1.07449e-06
 Reference value :  1.07464e-06
 Reference value :  1.07478e-06
 Reference value :  1.07491e-06
 Reference value :  1.07505e-06
 Reference value :  1.07518e-06
 Reference value :  1.07533e-06
 Reference value :  1.07547e-06
 Reference value :  1.07560e-06
 Reference value :  1.07574e-06
 Reference value :  1.07590e-06
 Reference value :  1.07604e-06
 Reference value :  1.07618e-06
 Reference value :  1.07632e-06
 Reference value :  1.07646e-06
 Reference value :  1.07659e-06
 Reference value :  1.07673e-06
 Reference value :  1.07686e-06
 Reference value :  1.07700e-06
 Reference value :  1.07714e-06
 Reference value :  1.07728e-06
 Reference value :  1.07743e-06
 Reference value :  1.07757e-06
 Reference value :  1.07773e-06
 Reference value :  1.07790e-06
 Reference value :  1.07805e-06
 Reference value :  1.07818e-06
 Reference value :  1.07831e-06
 Reference value :  1.07846e-06
 Reference value :  1.07859e-06
 Reference value :  1.07873e-06
 Reference value :  1.07887e-06
 Reference value :  1.07900e-06
 Reference value :  1.07914e-06
 Reference value :  1.07928e-06
 Reference value :  1.07941e-06
 Reference value :  1.07955e-06
 Reference value :  1.07968e-06
 Reference value :  1.07983e-06
 Reference value :  1.07998e-06
 Reference value :  1.08011e-06
 Reference value :  1.08025e-06
 Reference value :  1.08039e-06
 Reference value :  1.08052e-06
 Reference value :  1.08066e-06
 Reference value :  1.08080e-06
 Reference value :  1.08094e-06
 Reference value :  1.08108e-06
 Reference value :  1.08122e-06
 Reference value :  1.08136e-06
 Reference value :  1.08150e-06
 Reference value :  1.08163e-06
 Reference value :  1.08177e-06
 Reference value :  1.08191e-06
 Reference value :  1.08205e-06
 Reference value :  1.08219e-06
 Reference value :  1.08233e-06
 Reference value :  1.08246e-06
 Reference value :  1.08260e-06
 Reference value :  1.08274e-06
 Reference value :  1.08287e-06
 Reference value :  1.08302e-06
 Reference value :  1.08315e-06
 Reference value :  1.08329e-06
 Reference value :  1.08343e-06
 Reference value :  1.08360e-06
 Reference value :  1.08373e-06
 Reference value :  1.08387e-06
 Reference value :  1.08400e-06
 Reference value :  1.08415e-06
 Reference value :  1.08428e-06
 Reference value :  1.08442e-06
 Reference value :  1.08456e-06
 Reference value :  1.08469e-06
 Reference value :  1.08482e-06
 Reference value :  1.08496e-06
 Reference value :  1.08510e-06
 Reference value :  1.08524e-06
 Reference value :  1.08537e-06
 Reference value :  1.08551e-06
 Reference value :  1.08565e-06
 Reference value :  1.08580e-06
 Reference value :  1.08596e-06
 Reference value :  1.08611e-06
 Reference value :  1.08627e-06
 Reference value :  1.08644e-06
 Reference value :  1.08660e-06
 Reference value :  1.08676e-06
 Reference value :  1.08692e-06
 Reference value :  1.08711e-06
 Reference value :  1.08725e-06
 Reference value :  1.08740e-06
 Reference value :  1.08757e-06
 Reference value :  1.08773e-06
 Reference value :  1.08791e-06
 Reference value :  1.08810e-06
 Reference value :  1.08825e-06
 Reference value :  1.08839e-06
 Reference value :  1.08852e-06
 Reference value :  1.08867e-06
 Reference value :  1.08878e-06
 Reference value :  1.08891e-06
 Reference value :  1.08904e-06
 Reference value :  1.08917e-06
 Reference value :  1.08930e-06
 Reference value :  1.08943e-06
 Reference value :  1.08956e-06
 Reference value :  1.08969e-06
 Reference value :  1.08983e-06
 Reference value :  1.08997e-06
 Reference value :  1.09011e-06
 Reference value :  1.09025e-06
 Reference value :  1.09041e-06
 Reference value :  1.09057e-06
 Reference value :  1.09073e-06
 Reference value :  1.09086e-06
 Reference value :  1.09109e-06
 Reference value :  1.09123e-06
 Reference value :  1.09136e-06
 Reference value :  1.09150e-06
 Reference value :  1.09164e-06
 Reference value :  1.09178e-06
 Reference value :  1.09192e-06
 Reference value :  1.09206e-06
 Reference value :  1.09222e-06
 Reference value :  1.09236e-06
 Reference value :  1.09250e-06
 Reference value :  1.09264e-06
 Reference value :  1.09280e-06
 Reference value :  1.09297e-06
 Reference value :  1.09311e-06
 Reference value :  1.09325e-06
 Reference value :  1.09338e-06
 Reference value :  1.09353e-06
 Reference value :  1.09367e-06
 Reference value :  1.09381e-06
 Reference value :  1.09394e-06
 Reference value :  1.09408e-06
 Reference value :  1.09421e-06
 Reference value :  1.09438e-06
 Reference value :  1.09451e-06
 Reference value :  1.09465e-06
 Reference value :  1.09479e-06
 Reference value :  1.09493e-06
 Reference value :  1.09506e-06
 Reference value :  1.09519e-06
 Reference value :  1.09533e-06
 Reference value :  1.09546e-06
 Reference value :  1.09560e-06
 Reference value :  1.09574e-06
 Reference value :  1.09587e-06
 Reference value :  1.09600e-06
 Reference value :  1.09614e-06
 Reference value :  1.09628e-06
 Reference value :  1.09641e-06
 Reference value :  1.09654e-06
 Reference value :  1.09668e-06
 Reference value :  1.09681e-06
 Reference value :  1.09695e-06
 Reference value :  1.09710e-06
 Reference value :  1.09723e-06
 Reference value :  1.09737e-06
 Reference value :  1.09750e-06
 Reference value :  1.09764e-06
 Reference value :  1.09779e-06
 Reference value :  1.09792e-06
 Reference value :  1.09805e-06
 Reference value :  1.09819e-06
 Reference value :  1.09833e-06
 Reference value :  1.09847e-06
 Reference value :  1.09861e-06
 Reference value :  1.09874e-06
 Reference value :  1.09888e-06
 Reference value :  1.09901e-06
 Reference value :  1.09915e-06
 Reference value :  1.09928e-06
 Reference value :  1.09942e-06
 Reference value :  1.09955e-06
 Reference value :  1.09968e-06
 Reference value :  1.09982e-06
 Reference value :  1.09995e-06
 Reference value :  1.10010e-06
 Reference value :  1.10023e-06
 Reference value :  1.10037e-06
 Reference value :  1.10050e-06
 Reference value :  1.10064e-06
 Reference value :  1.10078e-06
 Reference value :  1.10092e-06
 Reference value :  1.10105e-06
 Reference value :  1.10118e-06
 Reference value :  1.10132e-06
 Reference value :  1.10146e-06
 Reference value :  1.10161e-06
 Reference value :  1.10175e-06
 Reference value :  1.10189e-06
 Reference value :  1.10202e-06
 Reference value :  1.10216e-06
 Reference value :  1.10229e-06
 Reference value :  1.10243e-06
 Reference value :  1.10256e-06
 Reference value :  1.10270e-06
 Reference value :  1.10285e-06
 Reference value :  1.10300e-06
 Reference value :  1.10313e-06
 Reference value :  1.10327e-06
 Reference value :  1.10341e-06
 Reference value :  1.10355e-06
 Reference value :  1.10368e-06
 Reference value :  1.10383e-06
 Reference value :  1.10396e-06
 Reference value :  1.10410e-06
 Reference value :  1.10424e-06
 Reference value :  1.10439e-06
 Reference value :  1.10452e-06
 Reference value :  1.10465e-06
 Reference value :  1.10479e-06
 Reference value :  1.10492e-06
 Reference value :  1.10506e-06
 Reference value :  1.10521e-06
 Reference value :  1.10535e-06
 Reference value :  1.10549e-06
 Reference value :  1.10562e-06
 Reference value :  1.10578e-06
 Reference value :  1.10592e-06
 Reference value :  1.10606e-06
 Reference value :  1.10620e-06
 Reference value :  1.10635e-06
 Reference value :  1.10648e-06
 Reference value :  1.10662e-06
 Reference value :  1.10677e-06
 Reference value :  1.10691e-06
 Reference value :  1.10704e-06
 Reference value :  1.10717e-06
 Reference value :  1.10731e-06
 Reference value :  1.10745e-06
 Reference value :  1.10758e-06
 Reference value :  1.10771e-06
 Reference value :  1.10785e-06
 Reference value :  1.10797e-06
 Reference value :  1.10812e-06
 Reference value :  1.10825e-06
 Reference value :  1.10839e-06
 Reference value :  1.10852e-06
 Reference value :  1.10867e-06
 Reference value :  1.10881e-06
 Reference value :  1.10894e-06
 Reference value :  1.10907e-06
 Reference value :  1.10920e-06
 Reference value :  1.10934e-06
 Reference value :  1.10948e-06
 Reference value :  1.10962e-06
 Reference value :  1.10975e-06
 Reference value :  1.10989e-06
 Reference value :  1.11003e-06
 Reference value :  1.11017e-06
 Reference value :  1.11031e-06
 Reference value :  1.11044e-06
 Reference value :  1.11058e-06
 Reference value :  1.11071e-06
 Reference value :  1.11085e-06
 Reference value :  1.11099e-06
 Reference value :  1.11113e-06
 Reference value :  1.11127e-06
 Reference value :  1.11140e-06
 Reference value :  1.11154e-06
 Reference value :  1.11167e-06
 Reference value :  1.11181e-06
 Reference value :  1.11195e-06
 Reference value :  1.11208e-06
 Reference value :  1.11222e-06
 Reference value :  1.11235e-06
 Reference value :  1.11249e-06
 Reference value :  1.11262e-06
 Reference value :  1.11276e-06
 Reference value :  1.11289e-06
 Reference value :  1.11303e-06
 Reference value :  1.11317e-06
 Reference value :  1.11330e-06
 Reference value :  1.11344e-06
 Reference value :  1.11358e-06
 Reference value :  1.11372e-06
 Reference value :  1.11385e-06
 Reference value :  1.11399e-06
 Reference value :  1.11413e-06
 Reference value :  1.11426e-06
 Reference value :  1.11439e-06
 Reference value :  1.11454e-06
 Reference value :  1.11467e-06
 Reference value :  1.11481e-06
 Reference value :  1.11495e-06
 Reference value :  1.11509e-06
 Reference value :  1.11522e-06
 Reference value :  1.11536e-06
 Reference value :  1.11550e-06
 Reference value :  1.11564e-06
 Reference value :  1.11578e-06
 Reference value :  1.11591e-06
 Reference value :  1.11604e-06
 Reference value :  1.11617e-06
 Reference value :  1.11631e-06
 Reference value :  1.11645e-06
 Reference value :  1.11659e-06
 Reference value :  1.11672e-06
 Reference value :  1.11686e-06
 Reference value :  1.11700e-06
 Reference value :  1.11713e-06
 Reference value :  1.11726e-06
 Reference value :  1.11741e-06
 Reference value :  1.11754e-06
 Reference value :  1.11767e-06
 Reference value :  1.11782e-06
 Reference value :  1.11796e-06
 Reference value :  1.11810e-06
 Reference value :  1.11824e-06
 Reference value :  1.11837e-06
 Reference value :  1.11851e-06
 Reference value :  1.11865e-06
 Reference value :  1.11879e-06
 Reference value :  1.11893e-06
 Reference value :  1.11907e-06
 Reference value :  1.11920e-06
 Reference value :  1.11934e-06
 Reference value :  1.11948e-06
 Reference value :  1.11963e-06
 Reference value :  1.11977e-06
 Reference value :  1.11991e-06
 Reference value :  1.12007e-06
 Reference value :  1.12022e-06
 Reference value :  1.12036e-06
 Reference value :  1.12049e-06
 Reference value :  1.12063e-06
 Reference value :  1.12079e-06
 Reference value :  1.12092e-06
 Reference value :  1.12106e-06
 Reference value :  1.12119e-06
 Reference value :  1.12132e-06
 Reference value :  1.12146e-06
 Reference value :  1.12159e-06
 Reference value :  1.12173e-06
 Reference value :  1.12187e-06
 Reference value :  1.12201e-06
 Reference value :  1.12214e-06
 Reference value :  1.12228e-06
 Reference value :  1.12242e-06
 Reference value :  1.12256e-06
 Reference value :  1.12270e-06
 Reference value :  1.12284e-06
 Reference value :  1.12297e-06
 Reference value :  1.12312e-06
 Reference value :  1.12325e-06
 Reference value :  1.12339e-06
 Reference value :  1.12353e-06
 Reference value :  1.12366e-06
 Reference value :  1.12380e-06
 Reference value :  1.12394e-06
 Reference value :  1.12407e-06
 Reference value :  1.12422e-06
 Reference value :  1.12435e-06
 Reference value :  1.12450e-06
 Reference value :  1.12464e-06
 Reference value :  1.12478e-06
 Reference value :  1.12492e-06
 Reference value :  1.12507e-06
 Reference value :  1.12523e-06
 Reference value :  1.12537e-06
 Reference value :  1.12551e-06
 Reference value :  1.12564e-06
 Reference value :  1.12578e-06
 Reference value :  1.12593e-06
 Reference value :  1.12606e-06
 Reference value :  1.12619e-06
 Reference value :  1.12634e-06
 Reference value :  1.12648e-06
 Reference value :  1.12661e-06
 Reference value :  1.12674e-06
 Reference value :  1.12688e-06
 Reference value :  1.12701e-06
 Reference value :  1.12715e-06
 Reference value :  1.12730e-06
 Reference value :  1.12744e-06
 Reference value :  1.12757e-06
 Reference value :  1.12770e-06
 Reference value :  1.12784e-06
 Reference value :  1.12797e-06
 Reference value :  1.12809e-06
 Reference value :  1.12823e-06
 Reference value :  1.12836e-06
 Reference value :  1.12849e-06
 Reference value :  1.12863e-06
 Reference value :  1.12877e-06
 Reference value :  1.12891e-06
 Reference value :  1.12904e-06
 Reference value :  1.12918e-06
 Reference value :  1.12931e-06
 Reference value :  1.12944e-06
 Reference value :  1.12958e-06
 Reference value :  1.12971e-06
 Reference value :  1.12984e-06
 Reference value :  1.12997e-06
 Reference value :  1.13011e-06
 Reference value :  1.13025e-06
 Reference value :  1.13038e-06
 Reference value :  1.13052e-06
 Reference value :  1.13066e-06
 Reference value :  1.13079e-06
 Reference value :  1.13092e-06
 Reference value :  1.13105e-06
 Reference value :  1.13118e-06
 Reference value :  1.13132e-06
 Reference value :  1.13145e-06
 Reference value :  1.13159e-06
 Reference value :  1.13172e-06
 Reference value :  1.13186e-06
 Reference value :  1.13199e-06
 Reference value :  1.13213e-06
 Reference value :  1.13226e-06
 Reference value :  1.13240e-06
 Reference value :  1.13254e-06
 Reference value :  1.13267e-06
 Reference value :  1.13281e-06
 Reference value :  1.13294e-06
 Reference value :  1.13307e-06
 Reference value :  1.13321e-06
 Reference value :  1.13335e-06
 Reference value :  1.13349e-06
 Reference value :  1.13363e-06
 Reference value :  1.13376e-06
 Reference value :  1.13390e-06
 Reference value :  1.13404e-06
 Reference value :  1.13418e-06
 Reference value :  1.13432e-06
 Reference value :  1.13445e-06
 Reference value :  1.13459e-06
 Reference value :  1.13472e-06
 Reference value :  1.13486e-06
 Reference value :  1.13499e-06
 Reference value :  1.13512e-06
 Reference value :  1.13526e-06
 Reference value :  1.13540e-06
 Reference value :  1.13553e-06
 Reference value :  1.13567e-06
 Reference value :  1.13581e-06
 Reference value :  1.13595e-06
 Reference value :  1.13608e-06
 Reference value :  1.13623e-06
 Reference value :  1.13636e-06
 Reference value :  1.13649e-06
 Reference value :  1.13664e-06
 Reference value :  1.13678e-06
 Reference value :  1.13691e-06
 Reference value :  1.13704e-06
 Reference value :  1.13719e-06
 Reference value :  1.13733e-06
 Reference value :  1.13747e-06
 Reference value :  1.13760e-06
 Reference value :  1.13774e-06
 Reference value :  1.13787e-06
 Reference value :  1.13801e-06
 Reference value :  1.13815e-06
 Reference value :  1.13828e-06
 Reference value :  1.13841e-06
 Reference value :  1.13855e-06
 Reference value :  1.13868e-06
 Reference value :  1.13881e-06
 Reference value :  1.13895e-06
 Reference value :  1.13909e-06
 Reference value :  1.13923e-06
 Reference value :  1.13937e-06
 Reference value :  1.13950e-06
 Reference value :  1.13964e-06
 Reference value :  1.13977e-06
 Reference value :  1.13990e-06
 Reference value :  1.14004e-06
 Reference value :  1.14018e-06
 Reference value :  1.14032e-06
 Reference value :  1.14046e-06
 Reference value :  1.14059e-06
 Reference value :  1.14073e-06
 Reference value :  1.14086e-06
 Reference value :  1.14099e-06
 Reference value :  1.14113e-06
 Reference value :  1.14126e-06
 Reference value :  1.14140e-06
 Reference value :  1.14153e-06
 Reference value :  1.14167e-06
 Reference value :  1.14181e-06
 Reference value :  1.14195e-06
 Reference value :  1.14208e-06
 Reference value :  1.14222e-06
 Reference value :  1.14235e-06
 Reference value :  1.14248e-06
 Reference value :  1.14262e-06
 Reference value :  1.14275e-06
 Reference value :  1.14289e-06
 Reference value :  1.14303e-06
 Reference value :  1.14317e-06
 Reference value :  1.14331e-06
 Reference value :  1.14345e-06
 Reference value :  1.14358e-06
 Reference value :  1.14372e-06
 Reference value :  1.14385e-06
 Reference value :  1.14399e-06
 Reference value :  1.14413e-06
 Reference value :  1.14427e-06
 Reference value :  1.14441e-06
 Reference value :  1.14454e-06
 Reference value :  1.14468e-06
 Reference value :  1.14482e-06
 Reference value :  1.14495e-06
 Reference value :  1.14509e-06
 Reference value :  1.14522e-06
 Reference value :  1.14536e-06
 Reference value :  1.14550e-06
 Reference value :  1.14563e-06
 Reference value :  1.14577e-06
 Reference value :  1.14590e-06
 Reference value :  1.14604e-06
 Reference value :  1.14618e-06
 Reference value :  1.14632e-06
 Reference value :  1.14646e-06
 Reference value :  1.14659e-06
 Reference value :  1.14674e-06
 Reference value :  1.14688e-06
 Reference value :  1.14702e-06
 Reference value :  1.14716e-06
 Reference value :  1.14730e-06
 Reference value :  1.14743e-06
 Reference value :  1.14757e-06
 Reference value :  1.14770e-06
 Reference value :  1.14784e-06
 Reference value :  1.14797e-06
 Reference value :  1.14811e-06
 Reference value :  1.14824e-06
 Reference value :  1.14839e-06
 Reference value :  1.14851e-06
 Reference value :  1.14865e-06
 Reference value :  1.14879e-06
 Reference value :  1.14893e-06
 Reference value :  1.14906e-06
 Reference value :  1.14920e-06
 Reference value :  1.14933e-06
 Reference value :  1.14946e-06
 Reference value :  1.14960e-06
 Reference value :  1.14974e-06
 Reference value :  1.14987e-06
 Reference value :  1.15002e-06
 Reference value :  1.15016e-06
 Reference value :  1.15030e-06
 Reference value :  1.15044e-06
 Reference value :  1.15057e-06
 Reference value :  1.15071e-06
 Reference value :  1.15085e-06
 Reference value :  1.15099e-06
 Reference value :  1.15114e-06
 Reference value :  1.15127e-06
 Reference value :  1.15141e-06
 Reference value :  1.15154e-06
 Reference value :  1.15167e-06
 Reference value :  1.15181e-06
 Reference value :  1.15194e-06
 Reference value :  1.15207e-06
 Reference value :  1.15221e-06
 Reference value :  1.15235e-06
 Reference value :  1.15248e-06
 Reference value :  1.15270e-06
 Reference value :  1.15294e-06
 Reference value :  1.15314e-06
 Reference value :  1.15327e-06
 Reference value :  1.15342e-06
 Reference value :  1.15355e-06
 Reference value :  1.15369e-06
 Reference value :  1.15382e-06
 Reference value :  1.15395e-06
 Reference value :  1.15408e-06
 Reference value :  1.15422e-06
 Reference value :  1.15436e-06
 Reference value :  1.15450e-06
 Reference value :  1.15463e-06
 Reference value :  1.15476e-06
 Reference value :  1.15490e-06
 Reference value :  1.15505e-06
 Reference value :  1.15518e-06
 Reference value :  1.15532e-06
 Reference value :  1.15547e-06
 Reference value :  1.15560e-06
 Reference value :  1.15573e-06
 Reference value :  1.15587e-06
 Reference value :  1.15601e-06
 Reference value :  1.15614e-06
 Reference value :  1.15628e-06
 Reference value :  1.15642e-06
 Reference value :  1.15656e-06
 Reference value :  1.15669e-06
 Reference value :  1.15690e-06
 Reference value :  1.15715e-06
 Reference value :  1.15730e-06
 Reference value :  1.15743e-06
 Reference value :  1.15757e-06
 Reference value :  1.15771e-06
 Reference value :  1.15784e-06
 Reference value :  1.15797e-06
 Reference value :  1.15811e-06
 Reference value :  1.15825e-06
 Reference value :  1.15839e-06
 Reference value :  1.15853e-06
 Reference value :  1.15866e-06
 Reference value :  1.15880e-06
 Reference value :  1.15893e-06
 Reference value :  1.15907e-06
 Reference value :  1.15922e-06
 Reference value :  1.15935e-06
 Reference value :  1.15949e-06
 Reference value :  1.15962e-06
 Reference value :  1.15975e-06
 Reference value :  1.15990e-06
 Reference value :  1.16003e-06
 Reference value :  1.16016e-06
 Reference value :  1.16030e-06
 Reference value :  1.16043e-06
 Reference value :  1.16057e-06
 Reference value :  1.16072e-06
 Reference value :  1.16085e-06
 Reference value :  1.16098e-06
 Reference value :  1.16113e-06
 Reference value :  1.16126e-06
 Reference value :  1.16139e-06
 Reference value :  1.16154e-06
 Reference value :  1.16167e-06
 Reference value :  1.16181e-06
 Reference value :  1.16194e-06
 Reference value :  1.16209e-06
 Reference value :  1.16231e-06
 Reference value :  1.16256e-06
 Reference value :  1.16279e-06
 Reference value :  1.16302e-06
 Reference value :  1.16326e-06
 Reference value :  1.16345e-06
 Reference value :  1.16358e-06
 Reference value :  1.16372e-06
 Reference value :  1.16385e-06
 Reference value :  1.16399e-06
 Reference value :  1.16413e-06
 Reference value :  1.16426e-06
 Reference value :  1.16439e-06
 Reference value :  1.16453e-06
 Reference value :  1.16466e-06
 Reference value :  1.16480e-06
 Reference value :  1.16494e-06
 Reference value :  1.16507e-06
 Reference value :  1.16521e-06
 Reference value :  1.16535e-06
 Reference value :  1.16548e-06
 Reference value :  1.16561e-06
 Reference value :  1.16574e-06
 Reference value :  1.16587e-06
 Reference value :  1.16601e-06
 Reference value :  1.16614e-06
 Reference value :  1.16628e-06
 Reference value :  1.16641e-06
 Reference value :  1.16654e-06
 Reference value :  1.16667e-06
 Reference value :  1.16681e-06
 Reference value :  1.16694e-06
 Reference value :  1.16708e-06
 Reference value :  1.16722e-06
 Reference value :  1.16735e-06
 Reference value :  1.16749e-06
 Reference value :  1.16763e-06
 Reference value :  1.16776e-06
 Reference value :  1.16791e-06
 Reference value :  1.16804e-06
 Reference value :  1.16818e-06
 Reference value :  1.16831e-06
 Reference value :  1.16845e-06
 Reference value :  1.16858e-06
 Reference value :  1.16871e-06
 Reference value :  1.16885e-06
 Reference value :  1.16899e-06
 Reference value :  1.16912e-06
 Reference value :  1.16926e-06
 Reference value :  1.16939e-06
 Reference value :  1.16952e-06
 Reference value :  1.16965e-06
 Reference value :  1.16979e-06
 Reference value :  1.16992e-06
 Reference value :  1.17005e-06
 Reference value :  1.17018e-06
 Reference value :  1.17031e-06
 Reference value :  1.17045e-06
 Reference value :  1.17059e-06
 Reference value :  1.17073e-06
 Reference value :  1.17087e-06
 Reference value :  1.17100e-06
 Reference value :  1.17114e-06
 Reference value :  1.17128e-06
 Reference value :  1.17141e-06
 Reference value :  1.17155e-06
 Reference value :  1.17168e-06
 Reference value :  1.17181e-06
 Reference value :  1.17195e-06
 Reference value :  1.17208e-06
 Reference value :  1.17221e-06
 Reference value :  1.17235e-06
 Reference value :  1.17249e-06
 Reference value :  1.17262e-06
 Reference value :  1.17275e-06
 Reference value :  1.17289e-06
 Reference value :  1.17303e-06
 Reference value :  1.17317e-06
 Reference value :  1.17330e-06
 Reference value :  1.17344e-06
 Reference value :  1.17358e-06
 Reference value :  1.17371e-06
 Reference value :  1.17385e-06
 Reference value :  1.17399e-06
 Reference value :  1.17413e-06
 Reference value :  1.17426e-06
 Reference value :  1.17441e-06
 Reference value :  1.17455e-06
 Reference value :  1.17468e-06
 Reference value :  1.17483e-06
 Reference value :  1.17496e-06
 Reference value :  1.17509e-06
 Reference value :  1.17523e-06
 Reference value :  1.17536e-06
 Reference value :  1.17551e-06
 Reference value :  1.17565e-06
 Reference value :  1.17578e-06
 Reference value :  1.17591e-06
 Reference value :  1.17605e-06
 Reference value :  1.17620e-06
 Reference value :  1.17633e-06
 Reference value :  1.17646e-06
 Reference value :  1.17660e-06
 Reference value :  1.17673e-06
 Reference value :  1.17687e-06
 Reference value :  1.17700e-06
 Reference value :  1.17714e-06
 Reference value :  1.17728e-06
 Reference value :  1.17741e-06
 Reference value :  1.17755e-06
 Reference value :  1.17768e-06
 Reference value :  1.17782e-06
 Reference value :  1.17795e-06
 Reference value :  1.17809e-06
 Reference value :  1.17822e-06
 Reference value :  1.17836e-06
 Reference value :  1.17849e-06
 Reference value :  1.17863e-06
 Reference value :  1.17877e-06
 Reference value :  1.17890e-06
 Reference value :  1.17904e-06
 Reference value :  1.17918e-06
 Reference value :  1.17932e-06
 Reference value :  1.17946e-06
 Reference value :  1.17962e-06
 Reference value :  1.17975e-06
 Reference value :  1.17989e-06
 Reference value :  1.18003e-06
 Reference value :  1.18017e-06
 Reference value :  1.18030e-06
 Reference value :  1.18044e-06
 Reference value :  1.18058e-06
 Reference value :  1.18071e-06
 Reference value :  1.18084e-06
 Reference value :  1.18097e-06
 Reference value :  1.18111e-06
 Reference value :  1.18124e-06
 Reference value :  1.18137e-06
 Reference value :  1.18152e-06
 Reference value :  1.18166e-06
 Reference value :  1.18180e-06
 Reference value :  1.18194e-06
 Reference value :  1.18207e-06
 Reference value :  1.18221e-06
 Reference value :  1.18234e-06
 Reference value :  1.18248e-06
 Reference value :  1.18262e-06
 Reference value :  1.18275e-06
 Reference value :  1.18290e-06
 Reference value :  1.18304e-06
 Reference value :  1.18317e-06
 Reference value :  1.18330e-06
 Reference value :  1.18344e-06
 Reference value :  1.18358e-06
 Reference value :  1.18372e-06
 Reference value :  1.18385e-06
 Reference value :  1.18399e-06
 Reference value :  1.18412e-06
 Reference value :  1.18425e-06
 Reference value :  1.18439e-06
 Reference value :  1.18453e-06
 Reference value :  1.18467e-06
 Reference value :  1.18481e-06
 Reference value :  1.18495e-06
 Reference value :  1.18509e-06
 Reference value :  1.18523e-06
 Reference value :  1.18536e-06
 Reference value :  1.18550e-06
 Reference value :  1.18563e-06
 Reference value :  1.18577e-06
 Reference value :  1.18590e-06
 Reference value :  1.18604e-06
 Reference value :  1.18620e-06
 Reference value :  1.18634e-06
 Reference value :  1.18648e-06
 Reference value :  1.18661e-06
 Reference value :  1.18675e-06
 Reference value :  1.18690e-06
 Reference value :  1.18703e-06
 Reference value :  1.18717e-06
 Reference value :  1.18731e-06
 Reference value :  1.18745e-06
 Reference value :  1.18758e-06
 Reference value :  1.18771e-06
 Reference value :  1.18785e-06
 Reference value :  1.18799e-06
 Reference value :  1.18812e-06
 Reference value :  1.18826e-06
 Reference value :  1.18840e-06
 Reference value :  1.18853e-06
 Reference value :  1.18867e-06
 Reference value :  1.18881e-06
 Reference value :  1.18894e-06
 Reference value :  1.18907e-06
 Reference value :  1.18922e-06
 Reference value :  1.18935e-06
 Reference value :  1.18948e-06
 Reference value :  1.18962e-06
 Reference value :  1.18975e-06
 Reference value :  1.18989e-06
 Reference value :  1.19003e-06
 Reference value :  1.19016e-06
 Reference value :  1.19030e-06
 Reference value :  1.19043e-06
 Reference value :  1.19057e-06
 Reference value :  1.19070e-06
 Reference value :  1.19084e-06
 Reference value :  1.19098e-06
 Reference value :  1.19111e-06
 Reference value :  1.19124e-06
 Reference value :  1.19138e-06
 Reference value :  1.19151e-06
 Reference value :  1.19165e-06
 Reference value :  1.19178e-06
 Reference value :  1.19192e-06
 Reference value :  1.19206e-06
 Reference value :  1.19219e-06
 Reference value :  1.19233e-06
 Reference value :  1.19246e-06
 Reference value :  1.19259e-06
 Reference value :  1.19273e-06
 Reference value :  1.19286e-06
 Reference value :  1.19299e-06
 Reference value :  1.19313e-06
 Reference value :  1.19326e-06
 Reference value :  1.19340e-06
 Reference value :  1.19354e-06
 Reference value :  1.19368e-06
 Reference value :  1.19381e-06
 Reference value :  1.19396e-06
 Reference value :  1.19409e-06
 Reference value :  1.19423e-06
 Reference value :  1.19436e-06
 Reference value :  1.19450e-06
 Reference value :  1.19463e-06
 Reference value :  1.19476e-06
 Reference value :  1.19490e-06
 Reference value :  1.19503e-06
 Reference value :  1.19517e-06
 Reference value :  1.19531e-06
 Reference value :  1.19545e-06
 Reference value :  1.19558e-06
 Reference value :  1.19572e-06
 Reference value :  1.19585e-06
 Reference value :  1.19598e-06
 Reference value :  1.19611e-06
 Reference value :  1.19625e-06
 Reference value :  1.19638e-06
 Reference value :  1.19652e-06
 Reference value :  1.19666e-06
 Reference value :  1.19679e-06
 Reference value :  1.19693e-06
 Reference value :  1.19707e-06
 Reference value :  1.19720e-06
 Reference value :  1.19734e-06
 Reference value :  1.19747e-06
 Reference value :  1.19762e-06
 Reference value :  1.19775e-06
 Reference value :  1.19790e-06
 Reference value :  1.19803e-06
 Reference value :  1.19817e-06
 Reference value :  1.19831e-06
 Reference value :  1.19847e-06
 Reference value :  1.19872e-06
 Reference value :  1.19900e-06
 Reference value :  1.19918e-06
 Reference value :  1.19933e-06
 Reference value :  1.19947e-06
 Reference value :  1.19960e-06
 Reference value :  1.19974e-06
 Reference value :  1.19992e-06
 Reference value :  1.20005e-06
 Reference value :  1.20019e-06
 Reference value :  1.20032e-06
 Reference value :  1.20046e-06
 Reference value :  1.20059e-06
 Reference value :  1.20073e-06
 Reference value :  1.20090e-06
 Reference value :  1.20104e-06
 Reference value :  1.20118e-06
 Reference value :  1.20131e-06
 Reference value :  1.20156e-06
 Reference value :  1.20176e-06
 Reference value :  1.20190e-06
 Reference value :  1.20205e-06
 Reference value :  1.20218e-06
 Reference value :  1.20231e-06
 Reference value :  1.20245e-06
 Reference value :  1.20264e-06
 Reference value :  1.20277e-06
 Reference value :  1.20291e-06
 Reference value :  1.20305e-06
 Reference value :  1.20318e-06
 Reference value :  1.20332e-06
 Reference value :  1.20347e-06
 Reference value :  1.20360e-06
 Reference value :  1.20373e-06
 Reference value :  1.20387e-06
 Reference value :  1.20400e-06
 Reference value :  1.20414e-06
 Reference value :  1.20427e-06
 Reference value :  1.20442e-06
 Reference value :  1.20455e-06
 Reference value :  1.20469e-06
 Reference value :  1.20483e-06
 Reference value :  1.20497e-06
 Reference value :  1.20511e-06
 Reference value :  1.20524e-06
 Reference value :  1.20537e-06
 Reference value :  1.20549e-06
 Reference value :  1.20562e-06
 Reference value :  1.20575e-06
 Reference value :  1.20588e-06
 Reference value :  1.20602e-06
 Reference value :  1.20616e-06
 Reference value :  1.20630e-06
 Reference value :  1.20644e-06
 Reference value :  1.20657e-06
 Reference value :  1.20670e-06
 Reference value :  1.20684e-06
 Reference value :  1.20697e-06
 Reference value :  1.20710e-06
 Reference value :  1.20724e-06
 Reference value :  1.20737e-06
 Reference value :  1.20750e-06
 Reference value :  1.20764e-06
 Reference value :  1.20777e-06
 Reference value :  1.20791e-06
 Reference value :  1.20804e-06
 Reference value :  1.20818e-06
 Reference value :  1.20831e-06
 Reference value :  1.20844e-06
 Reference value :  1.20859e-06
 Reference value :  1.20873e-06
 Reference value :  1.20886e-06
 Reference value :  1.20899e-06
 Reference value :  1.20912e-06
 Reference value :  1.20925e-06
 Reference value :  1.20939e-06
 Reference value :  1.20954e-06
 Reference value :  1.20967e-06
 Reference value :  1.20980e-06
 Reference value :  1.20994e-06
 Reference value :  1.21007e-06
 Reference value :  1.21020e-06
 Reference value :  1.21033e-06
 Reference value :  1.21047e-06
 Reference value :  1.21060e-06
 Reference value :  1.21074e-06
 Reference value :  1.21087e-06
 Reference value :  1.21100e-06
 Reference value :  1.21114e-06
 Reference value :  1.21127e-06
 Reference value :  1.21141e-06
 Reference value :  1.21154e-06
 Reference value :  1.21168e-06
 Reference value :  1.21181e-06
 Reference value :  1.21194e-06
 Reference value :  1.21207e-06
 Reference value :  1.21220e-06
 Reference value :  1.21234e-06
 Reference value :  1.21248e-06
 Reference value :  1.21261e-06
 Reference value :  1.21275e-06
 Reference value :  1.21288e-06
 Reference value :  1.21302e-06
 Reference value :  1.21315e-06
 Reference value :  1.21328e-06
 Reference value :  1.21342e-06
 Reference value :  1.21355e-06
 Reference value :  1.21369e-06
 Reference value :  1.21383e-06
 Reference value :  1.21396e-06
 Reference value :  1.21409e-06
 Reference value :  1.21423e-06
 Reference value :  1.21437e-06
 Reference value :  1.21451e-06
 Reference value :  1.21465e-06
 Reference value :  1.21478e-06
 Reference value :  1.21492e-06
 Reference value :  1.21506e-06
 Reference value :  1.21519e-06
 Reference value :  1.21532e-06
 Reference value :  1.21546e-06
 Reference value :  1.21559e-06
 Reference value :  1.21573e-06
 Reference value :  1.21587e-06
 Reference value :  1.21600e-06
 Reference value :  1.21613e-06
 Reference value :  1.21627e-06
 Reference value :  1.21641e-06
 Reference value :  1.21654e-06
 Reference value :  1.21667e-06
 Reference value :  1.21680e-06
 Reference value :  1.21694e-06
 Reference value :  1.21707e-06
 Reference value :  1.21720e-06
 Reference value :  1.21734e-06
 Reference value :  1.21747e-06
 Reference value :  1.21760e-06
 Reference value :  1.21773e-06
 Reference value :  1.21786e-06
 Reference value :  1.21800e-06
 Reference value :  1.21813e-06
 Reference value :  1.21826e-06
 Reference value :  1.21839e-06
 Reference value :  1.21853e-06
 Reference value :  1.21866e-06
 Reference value :  1.21879e-06
 Reference value :  1.21892e-06
 Reference value :  1.21906e-06
 Reference value :  1.21919e-06
 Reference value :  1.21933e-06
 Reference value :  1.21947e-06
 Reference value :  1.21960e-06
 Reference value :  1.21973e-06
 Reference value :  1.21986e-06
 Reference value :  1.21999e-06
 Reference value :  1.22015e-06
 Reference value :  1.22028e-06
 Reference value :  1.22043e-06
 Reference value :  1.22057e-06
 Reference value :  1.22070e-06
 Reference value :  1.22085e-06
 Reference value :  1.22099e-06
 Reference value :  1.22113e-06
 Reference value :  1.22128e-06
 Reference value :  1.22143e-06
 Reference value :  1.22158e-06
 Reference value :  1.22174e-06
 Reference value :  1.22188e-06
 Reference value :  1.22202e-06
 Reference value :  1.22216e-06
 Reference value :  1.22230e-06
 Reference value :  1.22246e-06
 Reference value :  1.22260e-06
 Reference value :  1.22274e-06
 Reference value :  1.22287e-06
 Reference value :  1.22302e-06
 Reference value :  1.22315e-06
 Reference value :  1.22329e-06
 Reference value :  1.22344e-06
 Reference value :  1.22359e-06
 Reference value :  1.22373e-06
 Reference value :  1.22386e-06
 Reference value :  1.22399e-06
 Reference value :  1.22413e-06
 Reference value :  1.22427e-06
 Reference value :  1.22441e-06
 Reference value :  1.22456e-06
 Reference value :  1.22469e-06
 Reference value :  1.22483e-06
 Reference value :  1.22496e-06
 Reference value :  1.22510e-06
 Reference value :  1.22523e-06
 Reference value :  1.22536e-06
 Reference value :  1.22550e-06
 Reference value :  1.22564e-06
 Reference value :  1.22578e-06
 Reference value :  1.22591e-06
 Reference value :  1.22605e-06
 Reference value :  1.22618e-06
 Reference value :  1.22632e-06
 Reference value :  1.22645e-06
 Reference value :  1.22658e-06
 Reference value :  1.22671e-06
 Reference value :  1.22685e-06
 Reference value :  1.22698e-06
 Reference value :  1.22712e-06
 Reference value :  1.22725e-06
 Reference value :  1.22738e-06
 Reference value :  1.22751e-06
 Reference value :  1.22764e-06
 Reference value :  1.22778e-06
 Reference value :  1.22791e-06
 Reference value :  1.22804e-06
 Reference value :  1.22818e-06
 Reference value :  1.22831e-06
 Reference value :  1.22844e-06
 Reference value :  1.22857e-06
 Reference value :  1.22870e-06
 Reference value :  1.22884e-06
 Reference value :  1.22897e-06
 Reference value :  1.22910e-06
 Reference value :  1.22924e-06
 Reference value :  1.22938e-06
 Reference value :  1.22953e-06
 Reference value :  1.22973e-06
 Reference value :  1.22989e-06
 Reference value :  1.23004e-06
 Reference value :  1.23018e-06
 Reference value :  1.23032e-06
 Reference value :  1.23046e-06
 Reference value :  1.23061e-06
 Reference value :  1.23075e-06
 Reference value :  1.23089e-06
 Reference value :  1.23103e-06
 Reference value :  1.23117e-06
 Reference value :  1.23131e-06
 Reference value :  1.23145e-06
 Reference value :  1.23160e-06
 Reference value :  1.23174e-06
 Reference value :  1.23188e-06
 Reference value :  1.23201e-06
 Reference value :  1.23215e-06
 Reference value :  1.23229e-06
 Reference value :  1.23242e-06
 Reference value :  1.23256e-06
 Reference value :  1.23270e-06
 Reference value :  1.23284e-06
 Reference value :  1.23299e-06
 Reference value :  1.23314e-06
 Reference value :  1.23328e-06
 Reference value :  1.23343e-06
 Reference value :  1.23358e-06
 Reference value :  1.23372e-06
 Reference value :  1.23388e-06
 Reference value :  1.23401e-06
 Reference value :  1.23414e-06
 Reference value :  1.23430e-06
 Reference value :  1.23445e-06
 Reference value :  1.23460e-06
 Reference value :  1.23473e-06
 Reference value :  1.23487e-06
 Reference value :  1.23501e-06
 Reference value :  1.23514e-06
 Reference value :  1.23529e-06
 Reference value :  1.23544e-06
 Reference value :  1.23559e-06
 Reference value :  1.23575e-06
 Reference value :  1.23588e-06
 Reference value :  1.23602e-06
 Reference value :  1.23615e-06
 Reference value :  1.23629e-06
 Reference value :  1.23642e-06
 Reference value :  1.23656e-06
 Reference value :  1.23672e-06
 Reference value :  1.23689e-06
 Reference value :  1.23706e-06
 Reference value :  1.23721e-06
 Reference value :  1.23737e-06
 Reference value :  1.23753e-06
 Reference value :  1.23777e-06
 Reference value :  1.23795e-06
 Reference value :  1.23813e-06
 Reference value :  1.23835e-06
 Reference value :  1.23850e-06
 Reference value :  1.23866e-06
 Reference value :  1.23892e-06
 Reference value :  1.23908e-06
 Reference value :  1.23924e-06
 Reference value :  1.23945e-06
 Reference value :  1.23966e-06
 Reference value :  1.23980e-06
 Reference value :  1.23993e-06
 Reference value :  1.24020e-06
 Reference value :  1.24035e-06
 Reference value :  1.24049e-06
 Reference value :  1.24063e-06
 Reference value :  1.24078e-06
 Reference value :  1.24092e-06
 Reference value :  1.24110e-06
 Reference value :  1.24129e-06
 Reference value :  1.24143e-06
 Reference value :  1.24156e-06
 Reference value :  1.24169e-06
 Reference value :  1.24182e-06
 Reference value :  1.24196e-06
 Reference value :  1.24209e-06
 Reference value :  1.24223e-06
 Reference value :  1.24236e-06
 Reference value :  1.24250e-06
 Reference value :  1.24264e-06
 Reference value :  1.24279e-06
 Reference value :  1.24293e-06
 Reference value :  1.24307e-06
 Reference value :  1.24321e-06
 Reference value :  1.24336e-06
 Reference value :  1.24350e-06
 Reference value :  1.24364e-06
 Reference value :  1.24378e-06
 Reference value :  1.24393e-06
 Reference value :  1.24407e-06
 Reference value :  1.24420e-06
 Reference value :  1.24440e-06
 Reference value :  1.24459e-06
 Reference value :  1.24473e-06
 Reference value :  1.24488e-06
 Reference value :  1.24504e-06
 Reference value :  1.24520e-06
 Reference value :  1.24536e-06
 Reference value :  1.24552e-06
 Reference value :  1.24567e-06
 Reference value :  1.24581e-06
 Reference value :  1.24596e-06
 Reference value :  1.24610e-06
 Reference value :  1.24625e-06
 Reference value :  1.24639e-06
 Reference value :  1.24659e-06
 Reference value :  1.24678e-06
 Reference value :  1.24691e-06
 Reference value :  1.24713e-06
 Reference value :  1.24727e-06
 Reference value :  1.24748e-06
 Reference value :  1.24764e-06
 Reference value :  1.24785e-06
 Reference value :  1.24800e-06
 Reference value :  1.24822e-06
 Reference value :  1.24836e-06
 Reference value :  1.24861e-06
 Reference value :  1.24882e-06
 Reference value :  1.24907e-06
 Reference value :  1.24925e-06
 Reference value :  1.24941e-06
 Reference value :  1.24955e-06
 Reference value :  1.24971e-06
 Reference value :  1.24991e-06
 Reference value :  1.25014e-06
 Reference value :  1.25030e-06
 Reference value :  1.25045e-06
 Reference value :  1.25059e-06
 Reference value :  1.25074e-06
 Reference value :  1.25087e-06
 Reference value :  1.25101e-06
 Reference value :  1.25115e-06
 Reference value :  1.25129e-06
 Reference value :  1.25143e-06
 Reference value :  1.25157e-06
 Reference value :  1.25171e-06
 Reference value :  1.25185e-06
 Reference value :  1.25199e-06
 Reference value :  1.25213e-06
 Reference value :  1.25226e-06
 Reference value :  1.25240e-06
 Reference value :  1.25253e-06
 Reference value :  1.25267e-06
 Reference value :  1.25284e-06
 Reference value :  1.25305e-06
 Reference value :  1.25322e-06
 Reference value :  1.25336e-06
 Reference value :  1.25349e-06
 Reference value :  1.25362e-06
 Reference value :  1.25377e-06
 Reference value :  1.25390e-06
 Reference value :  1.25405e-06
 Reference value :  1.25418e-06
 Reference value :  1.25432e-06
 Reference value :  1.25446e-06
 Reference value :  1.25460e-06
 Reference value :  1.25475e-06
 Reference value :  1.25488e-06
 Reference value :  1.25503e-06
 Reference value :  1.25517e-06
 Reference value :  1.25530e-06
 Reference value :  1.25545e-06
 Reference value :  1.25560e-06
 Reference value :  1.25574e-06
 Reference value :  1.25588e-06
 Reference value :  1.25602e-06
 Reference value :  1.25616e-06
 Reference value :  1.25630e-06
 Reference value :  1.25646e-06
 Reference value :  1.25661e-06
 Reference value :  1.25677e-06
 Reference value :  1.25691e-06
 Reference value :  1.25707e-06
 Reference value :  1.25723e-06
 Reference value :  1.25738e-06
 Reference value :  1.25752e-06
 Reference value :  1.25765e-06
 Reference value :  1.25780e-06
 Reference value :  1.25798e-06
 Reference value :  1.25812e-06
 Reference value :  1.25826e-06
 Reference value :  1.25840e-06
 Reference value :  1.25853e-06
 Reference value :  1.25866e-06
 Reference value :  1.25880e-06
 Reference value :  1.25893e-06
 Reference value :  1.25908e-06
 Reference value :  1.25921e-06
 Reference value :  1.25939e-06
 Reference value :  1.25956e-06
 Reference value :  1.25973e-06
 Reference value :  1.25989e-06
 Reference value :  1.26006e-06
 Reference value :  1.26023e-06
 Reference value :  1.26039e-06
 Reference value :  1.26053e-06
 Reference value :  1.26067e-06
 Reference value :  1.26082e-06
 Reference value :  1.26096e-06
 Reference value :  1.26110e-06
 Reference value :  1.26124e-06
 Reference value :  1.26139e-06
 Reference value :  1.26152e-06
 Reference value :  1.26166e-06
 Reference value :  1.26180e-06
 Reference value :  1.26193e-06
 Reference value :  1.26207e-06
 Reference value :  1.26221e-06
 Reference value :  1.26234e-06
 Reference value :  1.26248e-06
 Reference value :  1.26264e-06
 Reference value :  1.26280e-06
 Reference value :  1.26293e-06
 Reference value :  1.26315e-06
 Reference value :  1.26335e-06
 Reference value :  1.26352e-06
 Reference value :  1.26376e-06
 Reference value :  1.26392e-06
 Reference value :  1.26406e-06
 Reference value :  1.26419e-06
 Reference value :  1.26432e-06
 Reference value :  1.26446e-06
 Reference value :  1.26461e-06
 Reference value :  1.26475e-06
 Reference value :  1.26490e-06
 Reference value :  1.26505e-06
 Reference value :  1.26521e-06
 Reference value :  1.26537e-06
 Reference value :  1.26551e-06
 Reference value :  1.26565e-06
 Reference value :  1.26579e-06
 Reference value :  1.26594e-06
 Reference value :  1.26613e-06
 Reference value :  1.26633e-06
 Reference value :  1.26649e-06
 Reference value :  1.26667e-06
 Reference value :  1.26682e-06
 Reference value :  1.26698e-06
 Reference value :  1.26713e-06
 Reference value :  1.26729e-06
 Reference value :  1.26742e-06
 Reference value :  1.26761e-06
 Reference value :  1.26780e-06
 Reference value :  1.26793e-06
 Reference value :  1.26807e-06
 Reference value :  1.26820e-06
 Reference value :  1.26834e-06
 Reference value :  1.26847e-06
 Reference value :  1.26861e-06
 Reference value :  1.26875e-06
 Reference value :  1.26888e-06
 Reference value :  1.26901e-06
 Reference value :  1.26914e-06
 Reference value :  1.26927e-06
 Reference value :  1.26944e-06
 Reference value :  1.26968e-06
 Reference value :  1.26983e-06
 Reference value :  1.27004e-06
 Reference value :  1.27019e-06
 Reference value :  1.27037e-06
 Reference value :  1.27050e-06
 Reference value :  1.27064e-06
 Reference value :  1.27077e-06
 Reference value :  1.27092e-06
 Reference value :  1.27117e-06
 Reference value :  1.27140e-06
 Reference value :  1.27159e-06
 Reference value :  1.27184e-06
 Reference value :  1.27203e-06
 Reference value :  1.27218e-06
 Reference value :  1.27231e-06
 Reference value :  1.27245e-06
 Reference value :  1.27259e-06
 Reference value :  1.27273e-06
 Reference value :  1.27286e-06
 Reference value :  1.27300e-06
 Reference value :  1.27314e-06
 Reference value :  1.27328e-06
 Reference value :  1.27341e-06
 Reference value :  1.27355e-06
 Reference value :  1.27373e-06
 Reference value :  1.27390e-06
 Reference value :  1.27403e-06
 Reference value :  1.27417e-06
 Reference value :  1.27432e-06
 Reference value :  1.27450e-06
 Reference value :  1.27464e-06
 Reference value :  1.27479e-06
 Reference value :  1.27493e-06
 Reference value :  1.27508e-06
 Reference value :  1.27523e-06
 Reference value :  1.27539e-06
 Reference value :  1.27553e-06
 Reference value :  1.27570e-06
 Reference value :  1.27591e-06
 Reference value :  1.27606e-06
 Reference value :  1.27619e-06
 Reference value :  1.27633e-06
 Reference value :  1.27646e-06
 Reference value :  1.27660e-06
 Reference value :  1.27675e-06
 Reference value :  1.27689e-06
 Reference value :  1.27704e-06
 Reference value :  1.27719e-06
 Reference value :  1.27733e-06
 Reference value :  1.27747e-06
 Reference value :  1.27761e-06
 Reference value :  1.27775e-06
 Reference value :  1.27789e-06
 Reference value :  1.27803e-06
 Reference value :  1.27816e-06
 Reference value :  1.27833e-06
 Reference value :  1.27853e-06
 Reference value :  1.27868e-06
 Reference value :  1.27891e-06
 Reference value :  1.27909e-06
 Reference value :  1.27927e-06
 Reference value :  1.27953e-06
 Reference value :  1.27970e-06
 Reference value :  1.27989e-06
 Reference value :  1.28010e-06
 Reference value :  1.28037e-06
 Reference value :  1.28052e-06
 Reference value :  1.28069e-06
 Reference value :  1.28090e-06
 Reference value :  1.28106e-06
 Reference value :  1.28129e-06
 Reference value :  1.28151e-06
 Reference value :  1.28165e-06
 Reference value :  1.28184e-06
 Reference value :  1.28207e-06
 Reference value :  1.28223e-06
 Reference value :  1.28246e-06
 Reference value :  1.28268e-06
 Reference value :  1.28287e-06
 Reference value :  1.28311e-06
 Reference value :  1.28327e-06
 Reference value :  1.28341e-06
 Reference value :  1.28362e-06
 Reference value :  1.28382e-06
 Reference value :  1.28400e-06
 Reference value :  1.28424e-06
 Reference value :  1.28443e-06
 Reference value :  1.28463e-06
 Reference value :  1.28486e-06
 Reference value :  1.28503e-06
 Reference value :  1.28524e-06
 Reference value :  1.28546e-06
 Reference value :  1.28561e-06
 Reference value :  1.28578e-06
 Reference value :  1.28596e-06
 Reference value :  1.28610e-06
 Reference value :  1.28625e-06
 Reference value :  1.28640e-06
 Reference value :  1.28655e-06
 Reference value :  1.28670e-06
 Reference value :  1.28685e-06
 Reference value :  1.28700e-06
 Reference value :  1.28716e-06
 Reference value :  1.28731e-06
 Reference value :  1.28749e-06
 Reference value :  1.28763e-06
 Reference value :  1.28778e-06
 Reference value :  1.28793e-06
 Reference value :  1.28806e-06
 Reference value :  1.28822e-06
 Reference value :  1.28838e-06
 Reference value :  1.28853e-06
 Reference value :  1.28868e-06
 Reference value :  1.28882e-06
 Reference value :  1.28897e-06
 Reference value :  1.28910e-06
 Reference value :  1.28923e-06
 Reference value :  1.28937e-06
 Reference value :  1.28951e-06
 Reference value :  1.28964e-06
 Reference value :  1.28979e-06
 Reference value :  1.28994e-06
 Reference value :  1.29008e-06
 Reference value :  1.29022e-06
 Reference value :  1.29038e-06
 Reference value :  1.29052e-06
 Reference value :  1.29066e-06
 Reference value :  1.29080e-06
 Reference value :  1.29095e-06
 Reference value :  1.29110e-06
 Reference value :  1.29124e-06
 Reference value :  1.29137e-06
 Reference value :  1.29152e-06
 Reference value :  1.29166e-06
 Reference value :  1.29181e-06
 Reference value :  1.29195e-06
 Reference value :  1.29212e-06
 Reference value :  1.29229e-06
 Reference value :  1.29245e-06
 Reference value :  1.29259e-06
 Reference value :  1.29275e-06
 Reference value :  1.29291e-06
 Reference value :  1.29307e-06
 Reference value :  1.29321e-06
 Reference value :  1.29335e-06
 Reference value :  1.29351e-06
 Reference value :  1.29366e-06
 Reference value :  1.29382e-06
 Reference value :  1.29399e-06
 Reference value :  1.29414e-06
 Reference value :  1.29428e-06
 Reference value :  1.29442e-06
 Reference value :  1.29456e-06
 Reference value :  1.29471e-06
 Reference value :  1.29487e-06
 Reference value :  1.29501e-06
 Reference value :  1.29515e-06
 Reference value :  1.29530e-06
 Reference value :  1.29544e-06
 Reference value :  1.29558e-06
 Reference value :  1.29573e-06
 Reference value :  1.29589e-06
 Reference value :  1.29602e-06
 Reference value :  1.29618e-06
 Reference value :  1.29632e-06
 Reference value :  1.29645e-06
 Reference value :  1.29659e-06
 Reference value :  1.29674e-06
 Reference value :  1.29687e-06
 Reference value :  1.29701e-06
 Reference value :  1.29715e-06
 Reference value :  1.29730e-06
 Reference value :  1.29743e-06
 Reference value :  1.29757e-06
 Reference value :  1.29771e-06
 Reference value :  1.29786e-06
 Reference value :  1.29800e-06
 Reference value :  1.29814e-06
 Reference value :  1.29829e-06
 Reference value :  1.29844e-06
 Reference value :  1.29858e-06
 Reference value :  1.29871e-06
 Reference value :  1.29885e-06
 Reference value :  1.29898e-06
 Reference value :  1.29912e-06
 Reference value :  1.29925e-06
 Reference value :  1.29939e-06
 Reference value :  1.29953e-06
 Reference value :  1.29967e-06
 Reference value :  1.29982e-06
 Reference value :  1.29995e-06
 Reference value :  1.30011e-06
 Reference value :  1.30025e-06
 Reference value :  1.30040e-06
 Reference value :  1.30054e-06
 Reference value :  1.30068e-06
 Reference value :  1.30081e-06
 Reference value :  1.30095e-06
 Reference value :  1.30109e-06
 Reference value :  1.30124e-06
 Reference value :  1.30139e-06
 Reference value :  1.30152e-06
 Reference value :  1.30166e-06
 Reference value :  1.30179e-06
 Reference value :  1.30197e-06
 Reference value :  1.30222e-06
 Reference value :  1.30243e-06
 Reference value :  1.30263e-06
 Reference value :  1.30287e-06
 Reference value :  1.30306e-06
 Reference value :  1.30332e-06
 Reference value :  1.30350e-06
 Reference value :  1.30378e-06
 Reference value :  1.30396e-06
 Reference value :  1.30422e-06
 Reference value :  1.30437e-06
 Reference value :  1.30461e-06
 Reference value :  1.30480e-06
 Reference value :  1.30502e-06
 Reference value :  1.30520e-06
 Reference value :  1.30545e-06
 Reference value :  1.30560e-06
 Reference value :  1.30586e-06
 Reference value :  1.30601e-06
 Reference value :  1.30623e-06
 Reference value :  1.30638e-06
 Reference value :  1.30665e-06
 Reference value :  1.30680e-06
 Reference value :  1.30694e-06
 Reference value :  1.30708e-06
 Reference value :  1.30723e-06
 Reference value :  1.30738e-06
 Reference value :  1.30751e-06
 Reference value :  1.30766e-06
 Reference value :  1.30780e-06
 Reference value :  1.30795e-06
 Reference value :  1.30820e-06
 Reference value :  1.30837e-06
 Reference value :  1.30859e-06
 Reference value :  1.30878e-06
 Reference value :  1.30897e-06
 Reference value :  1.30923e-06
 Reference value :  1.30938e-06
 Reference value :  1.30959e-06
 Reference value :  1.30974e-06
 Reference value :  1.30991e-06
 Reference value :  1.31005e-06
 Reference value :  1.31020e-06
 Reference value :  1.31037e-06
 Reference value :  1.31058e-06
 Reference value :  1.31071e-06
 Reference value :  1.31085e-06
 Reference value :  1.31100e-06
 Reference value :  1.31113e-06
 Reference value :  1.31127e-06
 Reference value :  1.31144e-06
 Reference value :  1.31158e-06
 Reference value :  1.31172e-06
 Reference value :  1.31185e-06
 Reference value :  1.31199e-06
 Reference value :  1.31212e-06
 Reference value :  1.31230e-06
 Reference value :  1.31249e-06
 Reference value :  1.31265e-06
 Reference value :  1.31280e-06
 Reference value :  1.31293e-06
 Reference value :  1.31306e-06
 Reference value :  1.31322e-06
 Reference value :  1.31336e-06
 Reference value :  1.31349e-06
 Reference value :  1.31363e-06
 Reference value :  1.31376e-06
 Reference value :  1.31391e-06
 Reference value :  1.31404e-06
 Reference value :  1.31418e-06
 Reference value :  1.31432e-06
 Reference value :  1.31445e-06
 Reference value :  1.31460e-06
 Reference value :  1.31473e-06
 Reference value :  1.31486e-06
 Reference value :  1.31500e-06
 Reference value :  1.31513e-06
 Reference value :  1.31526e-06
 Reference value :  1.31540e-06
 Reference value :  1.31554e-06
 Reference value :  1.31568e-06
 Reference value :  1.31581e-06
 Reference value :  1.31595e-06
 Reference value :  1.31608e-06
 Reference value :  1.31621e-06
 Reference value :  1.31637e-06
 Reference value :  1.31657e-06
 Reference value :  1.31671e-06
 Reference value :  1.31684e-06
 Reference value :  1.31700e-06
 Reference value :  1.31713e-06
 Reference value :  1.31726e-06
 Reference value :  1.31740e-06
 Reference value :  1.31754e-06
 Reference value :  1.31767e-06
 Reference value :  1.31781e-06
 Reference value :  1.31795e-06
 Reference value :  1.31808e-06
 Reference value :  1.31822e-06
 Reference value :  1.31835e-06
 Reference value :  1.31848e-06
 Reference value :  1.31863e-06
 Reference value :  1.31877e-06
 Reference value :  1.31890e-06
 Reference value :  1.31904e-06
 Reference value :  1.31918e-06
 Reference value :  1.31933e-06
 Reference value :  1.31948e-06
 Reference value :  1.31962e-06
 Reference value :  1.31978e-06
 Reference value :  1.31993e-06
 Reference value :  1.32008e-06
 Reference value :  1.32022e-06
 Reference value :  1.32035e-06
 Reference value :  1.32051e-06
 Reference value :  1.32066e-06
 Reference value :  1.32081e-06
 Reference value :  1.32096e-06
 Reference value :  1.32110e-06
 Reference value :  1.32125e-06
 Reference value :  1.32140e-06
 Reference value :  1.32154e-06
 Reference value :  1.32168e-06
 Reference value :  1.32184e-06
 Reference value :  1.32198e-06
 Reference value :  1.32212e-06
 Reference value :  1.32226e-06
 Reference value :  1.32241e-06
 Reference value :  1.32254e-06
 Reference value :  1.32268e-06
 Reference value :  1.32281e-06
 Reference value :  1.32295e-06
 Reference value :  1.32309e-06
 Reference value :  1.32322e-06
 Reference value :  1.32335e-06
 Reference value :  1.32349e-06
 Reference value :  1.32362e-06
 Reference value :  1.32376e-06
 Reference value :  1.32389e-06
 Reference value :  1.32403e-06
 Reference value :  1.32416e-06
 Reference value :  1.32430e-06
 Reference value :  1.32443e-06
 Reference value :  1.32457e-06
 Reference value :  1.32470e-06
 Reference value :  1.32483e-06
 Reference value :  1.32498e-06
 Reference value :  1.32511e-06
 Reference value :  1.32525e-06
 Reference value :  1.32539e-06
 Reference value :  1.32553e-06
 Reference value :  1.32567e-06
 Reference value :  1.32580e-06
 Reference value :  1.32595e-06
 Reference value :  1.32608e-06
 Reference value :  1.32621e-06
 Reference value :  1.32634e-06
 Reference value :  1.32647e-06
 Reference value :  1.32662e-06
 Reference value :  1.32675e-06
 Reference value :  1.32690e-06
 Reference value :  1.32703e-06
 Reference value :  1.32716e-06
 Reference value :  1.32730e-06
 Reference value :  1.32744e-06
 Reference value :  1.32757e-06
 Reference value :  1.32771e-06
 Reference value :  1.32785e-06
 Reference value :  1.32799e-06
 Reference value :  1.32812e-06
 Reference value :  1.32826e-06
 Reference value :  1.32840e-06
 Reference value :  1.32853e-06
 Reference value :  1.32868e-06
 Reference value :  1.32882e-06
 Reference value :  1.32895e-06
 Reference value :  1.32910e-06
 Reference value :  1.32923e-06
 Reference value :  1.32938e-06
 Reference value :  1.32952e-06
 Reference value :  1.32966e-06
 Reference value :  1.32980e-06
 Reference value :  1.32994e-06
 Reference value :  1.33007e-06
 Reference value :  1.33024e-06
 Reference value :  1.33039e-06
 Reference value :  1.33054e-06
 Reference value :  1.33070e-06
 Reference value :  1.33086e-06
 Reference value :  1.33100e-06
 Reference value :  1.33114e-06
 Reference value :  1.33128e-06
 Reference value :  1.33142e-06
 Reference value :  1.33155e-06
 Reference value :  1.33169e-06
 Reference value :  1.33183e-06
 Reference value :  1.33198e-06
 Reference value :  1.33213e-06
 Reference value :  1.33227e-06
 Reference value :  1.33241e-06
 Reference value :  1.33256e-06
 Reference value :  1.33271e-06
 Reference value :  1.33285e-06
 Reference value :  1.33300e-06
 Reference value :  1.33313e-06
 Reference value :  1.33327e-06
 Reference value :  1.33341e-06
 Reference value :  1.33355e-06
 Reference value :  1.33370e-06
 Reference value :  1.33384e-06
 Reference value :  1.33398e-06
 Reference value :  1.33412e-06
 Reference value :  1.33426e-06
 Reference value :  1.33439e-06
 Reference value :  1.33453e-06
 Reference value :  1.33467e-06
 Reference value :  1.33481e-06
 Reference value :  1.33494e-06
 Reference value :  1.33509e-06
 Reference value :  1.33523e-06
 Reference value :  1.33538e-06
 Reference value :  1.33552e-06
 Reference value :  1.33567e-06
 Reference value :  1.33581e-06
 Reference value :  1.33596e-06
 Reference value :  1.33610e-06
 Reference value :  1.33624e-06
 Reference value :  1.33638e-06
 Reference value :  1.33652e-06
 Reference value :  1.33667e-06
 Reference value :  1.33681e-06
 Reference value :  1.33695e-06
 Reference value :  1.33709e-06
 Reference value :  1.33726e-06
 Reference value :  1.33741e-06
 Reference value :  1.33754e-06
 Reference value :  1.33768e-06
 Reference value :  1.33782e-06
 Reference value :  1.33796e-06
 Reference value :  1.33810e-06
 Reference value :  1.33828e-06
 Reference value :  1.33842e-06
 Reference value :  1.33856e-06
 Reference value :  1.33870e-06
 Reference value :  1.33884e-06
 Reference value :  1.33898e-06
 Reference value :  1.33912e-06
 Reference value :  1.33927e-06
 Reference value :  1.33942e-06
 Reference value :  1.33957e-06
 Reference value :  1.33971e-06
 Reference value :  1.33985e-06
 Reference value :  1.34000e-06
 Reference value :  1.34013e-06
 Reference value :  1.34028e-06
 Reference value :  1.34041e-06
 Reference value :  1.34056e-06
 Reference value :  1.34070e-06
 Reference value :  1.34084e-06
 Reference value :  1.34098e-06
 Reference value :  1.34111e-06
 Reference value :  1.34125e-06
 Reference value :  1.34139e-06
 Reference value :  1.34154e-06
 Reference value :  1.34168e-06
 Reference value :  1.34182e-06
 Reference value :  1.34196e-06
 Reference value :  1.34211e-06
 Reference value :  1.34225e-06
 Reference value :  1.34240e-06
 Reference value :  1.34256e-06
 Reference value :  1.34271e-06
 Reference value :  1.34285e-06
 Reference value :  1.34299e-06
 Reference value :  1.34316e-06
 Reference value :  1.34333e-06
 Reference value :  1.34348e-06
 Reference value :  1.34361e-06
 Reference value :  1.34375e-06
 Reference value :  1.34389e-06
 Reference value :  1.34403e-06
 Reference value :  1.34417e-06
 Reference value :  1.34430e-06
 Reference value :  1.34444e-06
 Reference value :  1.34459e-06
 Reference value :  1.34475e-06
 Reference value :  1.34489e-06
 Reference value :  1.34504e-06
 Reference value :  1.34519e-06
 Reference value :  1.34533e-06
 Reference value :  1.34547e-06
 Reference value :  1.34561e-06
 Reference value :  1.34575e-06
 Reference value :  1.34588e-06
 Reference value :  1.34603e-06
 Reference value :  1.34618e-06
 Reference value :  1.34631e-06
 Reference value :  1.34645e-06
 Reference value :  1.34659e-06
 Reference value :  1.34673e-06
 Reference value :  1.34688e-06
 Reference value :  1.34705e-06
 Reference value :  1.34720e-06
 Reference value :  1.34736e-06
 Reference value :  1.34753e-06
 Reference value :  1.34769e-06
 Reference value :  1.34782e-06
 Reference value :  1.34796e-06
 Reference value :  1.34809e-06
 Reference value :  1.34825e-06
 Reference value :  1.34838e-06
 Reference value :  1.34852e-06
 Reference value :  1.34869e-06
 Reference value :  1.34884e-06
 Reference value :  1.34904e-06
 Reference value :  1.34927e-06
 Reference value :  1.34947e-06
 Reference value :  1.34960e-06
 Reference value :  1.34972e-06
 Reference value :  1.34985e-06
 Reference value :  1.34997e-06
 Reference value :  1.35012e-06
 Reference value :  1.35030e-06
 Reference value :  1.35045e-06
 Reference value :  1.35065e-06
 Reference value :  1.35078e-06
 Reference value :  1.35093e-06
 Reference value :  1.35105e-06
 Reference value :  1.35119e-06
 Reference value :  1.35132e-06
 Reference value :  1.35145e-06
 Reference value :  1.35157e-06
 Reference value :  1.35170e-06
 Reference value :  1.35182e-06
 Reference value :  1.35195e-06
 Reference value :  1.35207e-06
 Reference value :  1.35220e-06
 Reference value :  1.35233e-06
 Reference value :  1.35248e-06
 Reference value :  1.35261e-06
 Reference value :  1.35273e-06
 Reference value :  1.35286e-06
 Reference value :  1.35299e-06
 Reference value :  1.35312e-06
 Reference value :  1.35325e-06
 Reference value :  1.35340e-06
 Reference value :  1.35355e-06
 Reference value :  1.35368e-06
 Reference value :  1.35381e-06
 Reference value :  1.35395e-06
 Reference value :  1.35408e-06
 Reference value :  1.35421e-06
 Reference value :  1.35433e-06
 Reference value :  1.35446e-06
 Reference value :  1.35458e-06
 Reference value :  1.35471e-06
 Reference value :  1.35486e-06
 Reference value :  1.35502e-06
 Reference value :  1.35515e-06
 Reference value :  1.35529e-06
 Reference value :  1.35545e-06
 Reference value :  1.35560e-06
 Reference value :  1.35573e-06
 Reference value :  1.35586e-06
 Reference value :  1.35598e-06
 Reference value :  1.35611e-06
 Reference value :  1.35624e-06
 Reference value :  1.35636e-06
 Reference value :  1.35649e-06
 Reference value :  1.35661e-06
 Reference value :  1.35676e-06
 Reference value :  1.35689e-06
 Reference value :  1.35703e-06
 Reference value :  1.35716e-06
 Reference value :  1.35729e-06
 Reference value :  1.35741e-06
 Reference value :  1.35754e-06
 Reference value :  1.35768e-06
 Reference value :  1.35780e-06
 Reference value :  1.35793e-06
 Reference value :  1.35808e-06
 Reference value :  1.35823e-06
 Reference value :  1.35836e-06
 Reference value :  1.35848e-06
 Reference value :  1.35860e-06
 Reference value :  1.35873e-06
 Reference value :  1.35886e-06
 Reference value :  1.35898e-06
 Reference value :  1.35911e-06
 Reference value :  1.35925e-06
 Reference value :  1.35937e-06
 Reference value :  1.35949e-06
 Reference value :  1.35962e-06
 Reference value :  1.35976e-06
 Reference value :  1.35990e-06
 Reference value :  1.36004e-06
 Reference value :  1.36017e-06
 Reference value :  1.36031e-06
 Reference value :  1.36044e-06
 Reference value :  1.36057e-06
 Reference value :  1.36076e-06
 Reference value :  1.36089e-06
 Reference value :  1.36102e-06
 Reference value :  1.36115e-06
 Reference value :  1.36128e-06
 Reference value :  1.36142e-06
 Reference value :  1.36162e-06
 Reference value :  1.36188e-06
 Reference value :  1.36211e-06
 Reference value :  1.36233e-06
 Reference value :  1.36253e-06
 Reference value :  1.36268e-06
 Reference value :  1.36281e-06
 Reference value :  1.36294e-06
 Reference value :  1.36308e-06
 Reference value :  1.36323e-06
 Reference value :  1.36337e-06
 Reference value :  1.36351e-06
 Reference value :  1.36365e-06
 Reference value :  1.36379e-06
 Reference value :  1.36393e-06
 Reference value :  1.36407e-06
 Reference value :  1.36420e-06
 Reference value :  1.36434e-06
 Reference value :  1.36448e-06
 Reference value :  1.36466e-06
 Reference value :  1.36480e-06
 Reference value :  1.36501e-06
 Reference value :  1.36514e-06
 Reference value :  1.36529e-06
 Reference value :  1.36544e-06
 Reference value :  1.36558e-06
 Reference value :  1.36572e-06
 Reference value :  1.36586e-06
 Reference value :  1.36599e-06
 Reference value :  1.36617e-06
 Reference value :  1.36632e-06
 Reference value :  1.36648e-06
 Reference value :  1.36667e-06
 Reference value :  1.36681e-06
 Reference value :  1.36703e-06
 Reference value :  1.36732e-06
 Reference value :  1.36745e-06
 Reference value :  1.36759e-06
 Reference value :  1.36773e-06
 Reference value :  1.36788e-06
 Reference value :  1.36803e-06
 Reference value :  1.36817e-06
 Reference value :  1.36832e-06
 Reference value :  1.36846e-06
 Reference value :  1.36864e-06
 Reference value :  1.36878e-06
 Reference value :  1.36891e-06
 Reference value :  1.36905e-06
 Reference value :  1.36919e-06
 Reference value :  1.36933e-06
 Reference value :  1.36948e-06
 Reference value :  1.36962e-06
 Reference value :  1.36976e-06
 Reference value :  1.36990e-06
 Reference value :  1.37003e-06
 Reference value :  1.37032e-06
 Reference value :  1.37056e-06
 Reference value :  1.37070e-06
 Reference value :  1.37085e-06
 Reference value :  1.37100e-06
 Reference value :  1.37113e-06
 Reference value :  1.37127e-06
 Reference value :  1.37142e-06
 Reference value :  1.37156e-06
 Reference value :  1.37171e-06
 Reference value :  1.37185e-06
 Reference value :  1.37200e-06
 Reference value :  1.37217e-06
 Reference value :  1.37231e-06
 Reference value :  1.37245e-06
 Reference value :  1.37259e-06
 Reference value :  1.37272e-06
 Reference value :  1.37287e-06
 Reference value :  1.37301e-06
 Reference value :  1.37315e-06
 Reference value :  1.37328e-06
 Reference value :  1.37352e-06
 Reference value :  1.37378e-06
 Reference value :  1.37393e-06
 Reference value :  1.37407e-06
 Reference value :  1.37421e-06
 Reference value :  1.37435e-06
 Reference value :  1.37451e-06
 Reference value :  1.37465e-06
 Reference value :  1.37480e-06
 Reference value :  1.37495e-06
 Reference value :  1.37509e-06
 Reference value :  1.37524e-06
 Reference value :  1.37539e-06
 Reference value :  1.37556e-06
 Reference value :  1.37569e-06
 Reference value :  1.37583e-06
 Reference value :  1.37596e-06
 Reference value :  1.37610e-06
 Reference value :  1.37625e-06
 Reference value :  1.37640e-06
 Reference value :  1.37654e-06
 Reference value :  1.37673e-06
 Reference value :  1.37702e-06
 Reference value :  1.37721e-06
 Reference value :  1.37736e-06
 Reference value :  1.37754e-06
 Reference value :  1.37768e-06
 Reference value :  1.37785e-06
 Reference value :  1.37800e-06
 Reference value :  1.37814e-06
 Reference value :  1.37828e-06
 Reference value :  1.37843e-06
 Reference value :  1.37857e-06
 Reference value :  1.37870e-06
 Reference value :  1.37885e-06
 Reference value :  1.37899e-06
 Reference value :  1.37914e-06
 Reference value :  1.37931e-06
 Reference value :  1.37948e-06
 Reference value :  1.37964e-06
 Reference value :  1.37979e-06
 Reference value :  1.37993e-06
 Reference value :  1.38007e-06
 Reference value :  1.38036e-06
 Reference value :  1.38061e-06
 Reference value :  1.38076e-06
 Reference value :  1.38091e-06
 Reference value :  1.38105e-06
 Reference value :  1.38121e-06
 Reference value :  1.38136e-06
 Reference value :  1.38150e-06
 Reference value :  1.38167e-06
 Reference value :  1.38181e-06
 Reference value :  1.38197e-06
 Reference value :  1.38211e-06
 Reference value :  1.38225e-06
 Reference value :  1.38239e-06
 Reference value :  1.38253e-06
 Reference value :  1.38267e-06
 Reference value :  1.38282e-06
 Reference value :  1.38296e-06
 Reference value :  1.38309e-06
 Reference value :  1.38324e-06
 Reference value :  1.38339e-06
 Reference value :  1.38361e-06
 Reference value :  1.38390e-06
 Reference value :  1.38405e-06
 Reference value :  1.38419e-06
 Reference value :  1.38434e-06
 Reference value :  1.38449e-06
 Reference value :  1.38464e-06
 Reference value :  1.38477e-06
 Reference value :  1.38491e-06
 Reference value :  1.38504e-06
 Reference value :  1.38518e-06
 Reference value :  1.38532e-06
 Reference value :  1.38545e-06
 Reference value :  1.38559e-06
 Reference value :  1.38572e-06
 Reference value :  1.38586e-06
 Reference value :  1.38599e-06
 Reference value :  1.38615e-06
 Reference value :  1.38629e-06
 Reference value :  1.38643e-06
 Reference value :  1.38657e-06
 Reference value :  1.38671e-06
 Reference value :  1.38690e-06
 Reference value :  1.38719e-06
 Reference value :  1.38745e-06
 Reference value :  1.38761e-06
 Reference value :  1.38774e-06
 Reference value :  1.38787e-06
 Reference value :  1.38801e-06
 Reference value :  1.38815e-06
 Reference value :  1.38828e-06
 Reference value :  1.38843e-06
 Reference value :  1.38856e-06
 Reference value :  1.38872e-06
 Reference value :  1.38885e-06
 Reference value :  1.38899e-06
 Reference value :  1.38912e-06
 Reference value :  1.38927e-06
 Reference value :  1.38940e-06
 Reference value :  1.38954e-06
 Reference value :  1.38969e-06
 Reference value :  1.38984e-06
 Reference value :  1.38998e-06
 Reference value :  1.39013e-06
 Reference value :  1.39028e-06
 Reference value :  1.39055e-06
 Reference value :  1.39076e-06
 Reference value :  1.39090e-06
 Reference value :  1.39108e-06
 Reference value :  1.39121e-06
 Reference value :  1.39135e-06
 Reference value :  1.39150e-06
 Reference value :  1.39167e-06
 Reference value :  1.39184e-06
 Reference value :  1.39198e-06
 Reference value :  1.39211e-06
 Reference value :  1.39225e-06
 Reference value :  1.39242e-06
 Reference value :  1.39257e-06
 Reference value :  1.39271e-06
 Reference value :  1.39285e-06
 Reference value :  1.39298e-06
 Reference value :  1.39312e-06
 Reference value :  1.39326e-06
 Reference value :  1.39340e-06
 Reference value :  1.39353e-06
 Reference value :  1.39366e-06
 Reference value :  1.39380e-06
 Reference value :  1.39394e-06
 Reference value :  1.39412e-06
 Reference value :  1.39430e-06
 Reference value :  1.39450e-06
 Reference value :  1.39470e-06
 Reference value :  1.39483e-06
 Reference value :  1.39497e-06
 Reference value :  1.39511e-06
 Reference value :  1.39525e-06
 Reference value :  1.39539e-06
 Reference value :  1.39552e-06
 Reference value :  1.39568e-06
 Reference value :  1.39583e-06
 Reference value :  1.39598e-06
 Reference value :  1.39615e-06
 Reference value :  1.39631e-06
 Reference value :  1.39645e-06
 Reference value :  1.39659e-06
 Reference value :  1.39673e-06
 Reference value :  1.39686e-06
 Reference value :  1.39700e-06
 Reference value :  1.39720e-06
 Reference value :  1.39749e-06
 Reference value :  1.39777e-06
 Reference value :  1.39794e-06
 Reference value :  1.39807e-06
 Reference value :  1.39821e-06
 Reference value :  1.39836e-06
 Reference value :  1.39851e-06
 Reference value :  1.39867e-06
 Reference value :  1.39882e-06
 Reference value :  1.39897e-06
 Reference value :  1.39913e-06
 Reference value :  1.39926e-06
 Reference value :  1.39940e-06
 Reference value :  1.39954e-06
 Reference value :  1.39969e-06
 Reference value :  1.39983e-06
 Reference value :  1.39996e-06
 Reference value :  1.40011e-06
 Reference value :  1.40025e-06
 Reference value :  1.40040e-06
 Reference value :  1.40055e-06
 Reference value :  1.40070e-06
 Reference value :  1.40086e-06
 Reference value :  1.40101e-06
 Reference value :  1.40116e-06
 Reference value :  1.40138e-06
 Reference value :  1.40167e-06
 Reference value :  1.40196e-06
 Reference value :  1.40210e-06
 Reference value :  1.40225e-06
 Reference value :  1.40242e-06
 Reference value :  1.40256e-06
 Reference value :  1.40271e-06
 Reference value :  1.40284e-06
 Reference value :  1.40298e-06
 Reference value :  1.40312e-06
 Reference value :  1.40326e-06
 Reference value :  1.40341e-06
 Reference value :  1.40354e-06
 Reference value :  1.40368e-06
 Reference value :  1.40382e-06
 Reference value :  1.40398e-06
 Reference value :  1.40411e-06
 Reference value :  1.40427e-06
 Reference value :  1.40441e-06
 Reference value :  1.40457e-06
 Reference value :  1.40478e-06
 Reference value :  1.40496e-06
 Reference value :  1.40519e-06
 Reference value :  1.40532e-06
 Reference value :  1.40551e-06
 Reference value :  1.40567e-06
 Reference value :  1.40589e-06
 Reference value :  1.40607e-06
 Reference value :  1.40622e-06
 Reference value :  1.40635e-06
 Reference value :  1.40650e-06
 Reference value :  1.40670e-06
 Reference value :  1.40690e-06
 Reference value :  1.40711e-06
 Reference value :  1.40733e-06
 Reference value :  1.40753e-06
 Reference value :  1.40775e-06
 Reference value :  1.40796e-06
 Reference value :  1.40819e-06
 Reference value :  1.40839e-06
 Reference value :  1.40857e-06
 Reference value :  1.40874e-06
 Reference value :  1.40891e-06
 Reference value :  1.40910e-06
 Reference value :  1.40931e-06
 Reference value :  1.40949e-06
 Reference value :  1.40969e-06
 Reference value :  1.40990e-06
 Reference value :  1.41009e-06
 Reference value :  1.41031e-06
 Reference value :  1.41050e-06
 Reference value :  1.41071e-06
 Reference value :  1.41091e-06
 Reference value :  1.41105e-06
 Reference value :  1.41120e-06
 Reference value :  1.41134e-06
 Reference value :  1.41148e-06
 Reference value :  1.41162e-06
 Reference value :  1.41176e-06
 Reference value :  1.41189e-06
 Reference value :  1.41203e-06
 Reference value :  1.41222e-06
 Reference value :  1.41235e-06
 Reference value :  1.41251e-06
 Reference value :  1.41267e-06
 Reference value :  1.41282e-06
 Reference value :  1.41296e-06
 Reference value :  1.41309e-06
 Reference value :  1.41323e-06
 Reference value :  1.41337e-06
 Reference value :  1.41350e-06
 Reference value :  1.41364e-06
 Reference value :  1.41377e-06
 Reference value :  1.41395e-06
 Reference value :  1.41410e-06
 Reference value :  1.41429e-06
 Reference value :  1.41449e-06
 Reference value :  1.41464e-06
 Reference value :  1.41477e-06
 Reference value :  1.41498e-06
 Reference value :  1.41513e-06
 Reference value :  1.41528e-06
 Reference value :  1.41543e-06
 Reference value :  1.41559e-06
 Reference value :  1.41574e-06
 Reference value :  1.41588e-06
 Reference value :  1.41602e-06
 Reference value :  1.41616e-06
 Reference value :  1.41632e-06
 Reference value :  1.41647e-06
 Reference value :  1.41661e-06
 Reference value :  1.41674e-06
 Reference value :  1.41687e-06
 Reference value :  1.41701e-06
 Reference value :  1.41716e-06
 Reference value :  1.41729e-06
 Reference value :  1.41743e-06
 Reference value :  1.41757e-06
 Reference value :  1.41770e-06
 Reference value :  1.41785e-06
 Reference value :  1.41799e-06
 Reference value :  1.41814e-06
 Reference value :  1.41828e-06
 Reference value :  1.41841e-06
 Reference value :  1.41855e-06
 Reference value :  1.41868e-06
 Reference value :  1.41882e-06
 Reference value :  1.41897e-06
 Reference value :  1.41910e-06
 Reference value :  1.41924e-06
 Reference value :  1.41937e-06
 Reference value :  1.41951e-06
 Reference value :  1.41964e-06
 Reference value :  1.41978e-06
 Reference value :  1.41991e-06
 Reference value :  1.42005e-06
 Reference value :  1.42018e-06
 Reference value :  1.42032e-06
 Reference value :  1.42047e-06
 Reference value :  1.42060e-06
 Reference value :  1.42074e-06
 Reference value :  1.42087e-06
 Reference value :  1.42102e-06
 Reference value :  1.42117e-06
 Reference value :  1.42130e-06
 Reference value :  1.42144e-06
 Reference value :  1.42157e-06
 Reference value :  1.42170e-06
 Reference value :  1.42184e-06
 Reference value :  1.42198e-06
 Reference value :  1.42212e-06
 Reference value :  1.42225e-06
 Reference value :  1.42239e-06
 Reference value :  1.42253e-06
 Reference value :  1.42267e-06
 Reference value :  1.42280e-06
 Reference value :  1.42294e-06
 Reference value :  1.42310e-06
 Reference value :  1.42323e-06
 Reference value :  1.42336e-06
 Reference value :  1.42349e-06
 Reference value :  1.42364e-06
 Reference value :  1.42378e-06
 Reference value :  1.42392e-06
 Reference value :  1.42406e-06
 Reference value :  1.42419e-06
 Reference value :  1.42433e-06
 Reference value :  1.42447e-06
 Reference value :  1.42460e-06
 Reference value :  1.42474e-06
 Reference value :  1.42487e-06
 Reference value :  1.42501e-06
 Reference value :  1.42515e-06
 Reference value :  1.42529e-06
 Reference value :  1.42543e-06
 Reference value :  1.42558e-06
 Reference value :  1.42572e-06
 Reference value :  1.42585e-06
 Reference value :  1.42599e-06
 Reference value :  1.42612e-06
 Reference value :  1.42627e-06
 Reference value :  1.42640e-06
 Reference value :  1.42654e-06
 Reference value :  1.42668e-06
 Reference value :  1.42682e-06
 Reference value :  1.42696e-06
 Reference value :  1.42710e-06
 Reference value :  1.42723e-06
 Reference value :  1.42738e-06
 Reference value :  1.42751e-06
 Reference value :  1.42765e-06
 Reference value :  1.42778e-06
 Reference value :  1.42794e-06
 Reference value :  1.42807e-06
 Reference value :  1.42822e-06
 Reference value :  1.42836e-06
 Reference value :  1.42850e-06
 Reference value :  1.42864e-06
 Reference value :  1.42878e-06
 Reference value :  1.42893e-06
 Reference value :  1.42906e-06
 Reference value :  1.42919e-06
 Reference value :  1.42932e-06
 Reference value :  1.42947e-06
 Reference value :  1.42960e-06
 Reference value :  1.42973e-06
 Reference value :  1.42988e-06
 Reference value :  1.43002e-06
 Reference value :  1.43016e-06
 Reference value :  1.43041e-06
 Reference value :  1.43057e-06
 Reference value :  1.43071e-06
 Reference value :  1.43085e-06
 Reference value :  1.43100e-06
 Reference value :  1.43114e-06
 Reference value :  1.43128e-06
 Reference value :  1.43143e-06
 Reference value :  1.43162e-06
 Reference value :  1.43177e-06
 Reference value :  1.43190e-06
 Reference value :  1.43207e-06
 Reference value :  1.43222e-06
 Reference value :  1.43237e-06
 Reference value :  1.43250e-06
 Reference value :  1.43265e-06
 Reference value :  1.43289e-06
 Reference value :  1.43317e-06
 Reference value :  1.43336e-06
 Reference value :  1.43350e-06
 Reference value :  1.43366e-06
 Reference value :  1.43382e-06
 Reference value :  1.43402e-06
 Reference value :  1.43416e-06
 Reference value :  1.43431e-06
 Reference value :  1.43449e-06
 Reference value :  1.43477e-06
 Reference value :  1.43506e-06
 Reference value :  1.43518e-06
 Reference value :  1.43532e-06
 Reference value :  1.43555e-06
 Reference value :  1.43576e-06
 Reference value :  1.43598e-06
 Reference value :  1.43620e-06
 Reference value :  1.43636e-06
 Reference value :  1.43651e-06
 Reference value :  1.43668e-06
 Reference value :  1.43681e-06
 Reference value :  1.43695e-06
 Reference value :  1.43709e-06
 Reference value :  1.43723e-06
 Reference value :  1.43737e-06
 Reference value :  1.43751e-06
 Reference value :  1.43765e-06
 Reference value :  1.43779e-06
 Reference value :  1.43794e-06
 Reference value :  1.43808e-06
 Reference value :  1.43823e-06
 Reference value :  1.43836e-06
 Reference value :  1.43850e-06
 Reference value :  1.43864e-06
 Reference value :  1.43878e-06
 Reference value :  1.43892e-06
 Reference value :  1.43906e-06
 Reference value :  1.43920e-06
 Reference value :  1.43933e-06
 Reference value :  1.43946e-06
 Reference value :  1.43960e-06
 Reference value :  1.43973e-06
 Reference value :  1.43987e-06
 Reference value :  1.44001e-06
 Reference value :  1.44015e-06
 Reference value :  1.44029e-06
 Reference value :  1.44053e-06
 Reference value :  1.44069e-06
 Reference value :  1.44084e-06
 Reference value :  1.44100e-06
 Reference value :  1.44113e-06
 Reference value :  1.44127e-06
 Reference value :  1.44140e-06
 Reference value :  1.44154e-06
 Reference value :  1.44168e-06
 Reference value :  1.44182e-06
 Reference value :  1.44195e-06
 Reference value :  1.44210e-06
 Reference value :  1.44225e-06
 Reference value :  1.44240e-06
 Reference value :  1.44254e-06
 Reference value :  1.44269e-06
 Reference value :  1.44283e-06
 Reference value :  1.44297e-06
 Reference value :  1.44312e-06
 Reference value :  1.44328e-06
 Reference value :  1.44342e-06
 Reference value :  1.44357e-06
 Reference value :  1.44371e-06
 Reference value :  1.44385e-06
 Reference value :  1.44399e-06
 Reference value :  1.44413e-06
 Reference value :  1.44427e-06
 Reference value :  1.44441e-06
 Reference value :  1.44455e-06
 Reference value :  1.44469e-06
 Reference value :  1.44483e-06
 Reference value :  1.44497e-06
 Reference value :  1.44510e-06
 Reference value :  1.44523e-06
 Reference value :  1.44537e-06
 Reference value :  1.44552e-06
 Reference value :  1.44566e-06
 Reference value :  1.44582e-06
 Reference value :  1.44596e-06
 Reference value :  1.44610e-06
 Reference value :  1.44623e-06
 Reference value :  1.44637e-06
 Reference value :  1.44652e-06
 Reference value :  1.44666e-06
 Reference value :  1.44680e-06
 Reference value :  1.44695e-06
 Reference value :  1.44709e-06
 Reference value :  1.44723e-06
 Reference value :  1.44747e-06
 Reference value :  1.44765e-06
 Reference value :  1.44780e-06
 Reference value :  1.44795e-06
 Reference value :  1.44811e-06
 Reference value :  1.44825e-06
 Reference value :  1.44838e-06
 Reference value :  1.44852e-06
 Reference value :  1.44866e-06
 Reference value :  1.44882e-06
 Reference value :  1.44898e-06
 Reference value :  1.44914e-06
 Reference value :  1.44933e-06
 Reference value :  1.44947e-06
 Reference value :  1.44960e-06
 Reference value :  1.44974e-06
 Reference value :  1.44989e-06
 Reference value :  1.45003e-06
 Reference value :  1.45029e-06
 Reference value :  1.45052e-06
 Reference value :  1.45068e-06
 Reference value :  1.45082e-06
 Reference value :  1.45097e-06
 Reference value :  1.45111e-06
 Reference value :  1.45125e-06
 Reference value :  1.45138e-06
 Reference value :  1.45162e-06
 Reference value :  1.45180e-06
 Reference value :  1.45196e-06
 Reference value :  1.45210e-06
 Reference value :  1.45224e-06
 Reference value :  1.45240e-06
 Reference value :  1.45254e-06
 Reference value :  1.45270e-06
 Reference value :  1.45290e-06
 Reference value :  1.45306e-06
 Reference value :  1.45320e-06
 Reference value :  1.45334e-06
 Reference value :  1.45349e-06
 Reference value :  1.45362e-06
 Reference value :  1.45376e-06
 Reference value :  1.45390e-06
 Reference value :  1.45404e-06
 Reference value :  1.45417e-06
 Reference value :  1.45432e-06
 Reference value :  1.45446e-06
 Reference value :  1.45460e-06
 Reference value :  1.45474e-06
 Reference value :  1.45491e-06
 Reference value :  1.45506e-06
 Reference value :  1.45520e-06
 Reference value :  1.45537e-06
 Reference value :  1.45551e-06
 Reference value :  1.45565e-06
 Reference value :  1.45579e-06
 Reference value :  1.45594e-06
 Reference value :  1.45610e-06
 Reference value :  1.45625e-06
 Reference value :  1.45640e-06
 Reference value :  1.45654e-06
 Reference value :  1.45668e-06
 Reference value :  1.45682e-06
 Reference value :  1.45696e-06
 Reference value :  1.45710e-06
 Reference value :  1.45724e-06
 Reference value :  1.45737e-06
 Reference value :  1.45751e-06
 Reference value :  1.45770e-06
 Reference value :  1.45788e-06
 Reference value :  1.45808e-06
 Reference value :  1.45822e-06
 Reference value :  1.45838e-06
 Reference value :  1.45851e-06
 Reference value :  1.45867e-06
 Reference value :  1.45887e-06
 Reference value :  1.45905e-06
 Reference value :  1.45933e-06
 Reference value :  1.45955e-06
 Reference value :  1.45969e-06
 Reference value :  1.45985e-06
 Reference value :  1.46005e-06
 Reference value :  1.46018e-06
 Reference value :  1.46033e-06
 Reference value :  1.46052e-06
 Reference value :  1.46068e-06
 Reference value :  1.46082e-06
 Reference value :  1.46098e-06
 Reference value :  1.46118e-06
 Reference value :  1.46131e-06
 Reference value :  1.46147e-06
 Reference value :  1.46170e-06
 Reference value :  1.46198e-06
 Reference value :  1.46217e-06
 Reference value :  1.46230e-06
 Reference value :  1.46246e-06
 Reference value :  1.46267e-06
 Reference value :  1.46284e-06
 Reference value :  1.46298e-06
 Reference value :  1.46320e-06
 Reference value :  1.46343e-06
 Reference value :  1.46362e-06
 Reference value :  1.46381e-06
 Reference value :  1.46399e-06
 Reference value :  1.46417e-06
 Reference value :  1.46437e-06
 Reference value :  1.46454e-06
 Reference value :  1.46470e-06
 Reference value :  1.46487e-06
 Reference value :  1.46506e-06
 Reference value :  1.46524e-06
 Reference value :  1.46541e-06
 Reference value :  1.46557e-06
 Reference value :  1.46573e-06
 Reference value :  1.46586e-06
 Reference value :  1.46599e-06
 Reference value :  1.46613e-06
 Reference value :  1.46626e-06
 Reference value :  1.46640e-06
 Reference value :  1.46655e-06
 Reference value :  1.46672e-06
 Reference value :  1.46687e-06
 Reference value :  1.46701e-06
 Reference value :  1.46714e-06
 Reference value :  1.46732e-06
 Reference value :  1.46747e-06
 Reference value :  1.46760e-06
 Reference value :  1.46775e-06
 Reference value :  1.46788e-06
 Reference value :  1.46802e-06
 Reference value :  1.46816e-06
 Reference value :  1.46832e-06
 Reference value :  1.46845e-06
 Reference value :  1.46859e-06
 Reference value :  1.46873e-06
 Reference value :  1.46886e-06
 Reference value :  1.46900e-06
 Reference value :  1.46913e-06
 Reference value :  1.46928e-06
 Reference value :  1.46943e-06
 Reference value :  1.46957e-06
 Reference value :  1.46970e-06
 Reference value :  1.46985e-06
 Reference value :  1.46999e-06
 Reference value :  1.47014e-06
 Reference value :  1.47028e-06
 Reference value :  1.47042e-06
 Reference value :  1.47056e-06
 Reference value :  1.47070e-06
 Reference value :  1.47086e-06
 Reference value :  1.47099e-06
 Reference value :  1.47113e-06
 Reference value :  1.47126e-06
 Reference value :  1.47140e-06
 Reference value :  1.47153e-06
 Reference value :  1.47168e-06
 Reference value :  1.47182e-06
 Reference value :  1.47197e-06
 Reference value :  1.47211e-06
 Reference value :  1.47225e-06
 Reference value :  1.47238e-06
 Reference value :  1.47252e-06
 Reference value :  1.47266e-06
 Reference value :  1.47282e-06
 Reference value :  1.47302e-06
 Reference value :  1.47315e-06
 Reference value :  1.47330e-06
 Reference value :  1.47344e-06
 Reference value :  1.47358e-06
 Reference value :  1.47371e-06
 Reference value :  1.47385e-06
 Reference value :  1.47399e-06
 Reference value :  1.47413e-06
 Reference value :  1.47426e-06
 Reference value :  1.47440e-06
 Reference value :  1.47455e-06
 Reference value :  1.47469e-06
 Reference value :  1.47483e-06
 Reference value :  1.47497e-06
 Reference value :  1.47511e-06
 Reference value :  1.47525e-06
 Reference value :  1.47539e-06
 Reference value :  1.47553e-06
 Reference value :  1.47567e-06
 Reference value :  1.47582e-06
 Reference value :  1.47596e-06
 Reference value :  1.47610e-06
 Reference value :  1.47623e-06
 Reference value :  1.47638e-06
 Reference value :  1.47652e-06
 Reference value :  1.47665e-06
 Reference value :  1.47680e-06
 Reference value :  1.47694e-06
 Reference value :  1.47708e-06
 Reference value :  1.47721e-06
 Reference value :  1.47736e-06
 Reference value :  1.47749e-06
 Reference value :  1.47763e-06
 Reference value :  1.47777e-06
 Reference value :  1.47791e-06
 Reference value :  1.47805e-06
 Reference value :  1.47819e-06
 Reference value :  1.47832e-06
 Reference value :  1.47847e-06
 Reference value :  1.47861e-06
 Reference value :  1.47874e-06
 Reference value :  1.47888e-06
 Reference value :  1.47902e-06
 Reference value :  1.47915e-06
 Reference value :  1.47929e-06
 Reference value :  1.47943e-06
 Reference value :  1.47957e-06
 Reference value :  1.47971e-06
 Reference value :  1.47986e-06
 Reference value :  1.47999e-06
 Reference value :  1.48013e-06
 Reference value :  1.48027e-06
 Reference value :  1.48041e-06
 Reference value :  1.48056e-06
 Reference value :  1.48070e-06
 Reference value :  1.48084e-06
 Reference value :  1.48098e-06
 Reference value :  1.48112e-06
 Reference value :  1.48126e-06
 Reference value :  1.48140e-06
 Reference value :  1.48154e-06
 Reference value :  1.48167e-06
 Reference value :  1.48183e-06
 Reference value :  1.48198e-06
 Reference value :  1.48212e-06
 Reference value :  1.48226e-06
 Reference value :  1.48240e-06
 Reference value :  1.48255e-06
 Reference value :  1.48268e-06
 Reference value :  1.48282e-06
 Reference value :  1.48296e-06
 Reference value :  1.48311e-06
 Reference value :  1.48325e-06
 Reference value :  1.48340e-06
 Reference value :  1.48353e-06
 Reference value :  1.48371e-06
 Reference value :  1.48386e-06
 Reference value :  1.48400e-06
 Reference value :  1.48417e-06
 Reference value :  1.48431e-06
 Reference value :  1.48444e-06
 Reference value :  1.48459e-06
 Reference value :  1.48473e-06
 Reference value :  1.48488e-06
 Reference value :  1.48502e-06
 Reference value :  1.48516e-06
 Reference value :  1.48529e-06
 Reference value :  1.48543e-06
 Reference value :  1.48557e-06
 Reference value :  1.48571e-06
 Reference value :  1.48585e-06
 Reference value :  1.48598e-06
 Reference value :  1.48612e-06
 Reference value :  1.48625e-06
 Reference value :  1.48639e-06
 Reference value :  1.48653e-06
 Reference value :  1.48667e-06
 Reference value :  1.48681e-06
 Reference value :  1.48694e-06
 Reference value :  1.48709e-06
 Reference value :  1.48723e-06
 Reference value :  1.48737e-06
 Reference value :  1.48750e-06
 Reference value :  1.48764e-06
 Reference value :  1.48778e-06
 Reference value :  1.48792e-06
 Reference value :  1.48805e-06
 Reference value :  1.48819e-06
 Reference value :  1.48833e-06
 Reference value :  1.48846e-06
 Reference value :  1.48859e-06
 Reference value :  1.48873e-06
 Reference value :  1.48887e-06
 Reference value :  1.48902e-06
 Reference value :  1.48916e-06
 Reference value :  1.48929e-06
 Reference value :  1.48943e-06
 Reference value :  1.48956e-06
 Reference value :  1.48970e-06
 Reference value :  1.48984e-06
 Reference value :  1.48999e-06
 Reference value :  1.49014e-06
 Reference value :  1.49029e-06
 Reference value :  1.49042e-06
 Reference value :  1.49057e-06
 Reference value :  1.49072e-06
 Reference value :  1.49085e-06
 Reference value :  1.49099e-06
 Reference value :  1.49113e-06
 Reference value :  1.49127e-06
 Reference value :  1.49141e-06
 Reference value :  1.49157e-06
 Reference value :  1.49172e-06
 Reference value :  1.49187e-06
 Reference value :  1.49204e-06
 Reference value :  1.49220e-06
 Reference value :  1.49235e-06
 Reference value :  1.49248e-06
 Reference value :  1.49263e-06
 Reference value :  1.49278e-06
 Reference value :  1.49292e-06
 Reference value :  1.49305e-06
 Reference value :  1.49318e-06
 Reference value :  1.49331e-06
 Reference value :  1.49345e-06
 Reference value :  1.49359e-06
 Reference value :  1.49374e-06
 Reference value :  1.49387e-06
 Reference value :  1.49401e-06
 Reference value :  1.49414e-06
 Reference value :  1.49427e-06
 Reference value :  1.49441e-06
 Reference value :  1.49455e-06
 Reference value :  1.49470e-06
 Reference value :  1.49483e-06
 Reference value :  1.49498e-06
 Reference value :  1.49511e-06
 Reference value :  1.49525e-06
 Reference value :  1.49539e-06
 Reference value :  1.49553e-06
 Reference value :  1.49569e-06
 Reference value :  1.49582e-06
 Reference value :  1.49599e-06
 Reference value :  1.49615e-06
 Reference value :  1.49632e-06
 Reference value :  1.49646e-06
 Reference value :  1.49659e-06
 Reference value :  1.49673e-06
 Reference value :  1.49687e-06
 Reference value :  1.49701e-06
 Reference value :  1.49714e-06
 Reference value :  1.49728e-06
 Reference value :  1.49743e-06
 Reference value :  1.49756e-06
 Reference value :  1.49770e-06
 Reference value :  1.49783e-06
 Reference value :  1.49797e-06
 Reference value :  1.49811e-06
 Reference value :  1.49824e-06
 Reference value :  1.49838e-06
 Reference value :  1.49853e-06
 Reference value :  1.49868e-06
 Reference value :  1.49882e-06
 Reference value :  1.49896e-06
 Reference value :  1.49913e-06
 Reference value :  1.49929e-06
 Reference value :  1.49942e-06
 Reference value :  1.49955e-06
 Reference value :  1.49970e-06
 Reference value :  1.49984e-06
 Reference value :  1.50000e-06
 Reference value :  1.50013e-06
 Reference value :  1.50027e-06
 Reference value :  1.50042e-06
 Reference value :  1.50056e-06
 Reference value :  1.50070e-06
 Reference value :  1.50085e-06
 Reference value :  1.50099e-06
 Reference value :  1.50113e-06
 Reference value :  1.50126e-06
 Reference value :  1.50140e-06
 Reference value :  1.50154e-06
 Reference value :  1.50168e-06
 Reference value :  1.50182e-06
 Reference value :  1.50196e-06
 Reference value :  1.50210e-06
 Reference value :  1.50223e-06
 Reference value :  1.50236e-06
 Reference value :  1.50251e-06
 Reference value :  1.50266e-06
 Reference value :  1.50279e-06
 Reference value :  1.50293e-06
 Reference value :  1.50306e-06
 Reference value :  1.50320e-06
 Reference value :  1.50335e-06
 Reference value :  1.50350e-06
 Reference value :  1.50366e-06
 Reference value :  1.50380e-06
 Reference value :  1.50396e-06
 Reference value :  1.50410e-06
 Reference value :  1.50423e-06
 Reference value :  1.50437e-06
 Reference value :  1.50450e-06
 Reference value :  1.50464e-06
 Reference value :  1.50478e-06
 Reference value :  1.50491e-06
 Reference value :  1.50505e-06
 Reference value :  1.50520e-06
 Reference value :  1.50533e-06
 Reference value :  1.50547e-06
 Reference value :  1.50562e-06
 Reference value :  1.50579e-06
 Reference value :  1.50596e-06
 Reference value :  1.50611e-06
 Reference value :  1.50626e-06
 Reference value :  1.50643e-06
 Reference value :  1.50659e-06
 Reference value :  1.50679e-06
 Reference value :  1.50696e-06
 Reference value :  1.50714e-06
 Reference value :  1.50730e-06
 Reference value :  1.50747e-06
 Reference value :  1.50765e-06
 Reference value :  1.50780e-06
 Reference value :  1.50794e-06
 Reference value :  1.50811e-06
 Reference value :  1.50829e-06
 Reference value :  1.50847e-06
 Reference value :  1.50863e-06
 Reference value :  1.50880e-06
 Reference value :  1.50897e-06
 Reference value :  1.50914e-06
 Reference value :  1.50930e-06
 Reference value :  1.50945e-06
 Reference value :  1.50960e-06
 Reference value :  1.50976e-06
 Reference value :  1.50992e-06
 Reference value :  1.51008e-06
 Reference value :  1.51026e-06
 Reference value :  1.51044e-06
 Reference value :  1.51061e-06
 Reference value :  1.51077e-06
 Reference value :  1.51093e-06
 Reference value :  1.51108e-06
 Reference value :  1.51124e-06
 Reference value :  1.51141e-06
 Reference value :  1.51154e-06
 Reference value :  1.51172e-06
 Reference value :  1.51188e-06
 Reference value :  1.51204e-06
 Reference value :  1.51219e-06
 Reference value :  1.51235e-06
 Reference value :  1.51248e-06
 Reference value :  1.51262e-06
 Reference value :  1.51276e-06
 Reference value :  1.51289e-06
 Reference value :  1.51303e-06
 Reference value :  1.51317e-06
 Reference value :  1.51332e-06
 Reference value :  1.51347e-06
 Reference value :  1.51361e-06
 Reference value :  1.51375e-06
 Reference value :  1.51389e-06
 Reference value :  1.51404e-06
 Reference value :  1.51417e-06
 Reference value :  1.51431e-06
 Reference value :  1.51444e-06
 Reference value :  1.51458e-06
 Reference value :  1.51472e-06
 Reference value :  1.51485e-06
 Reference value :  1.51499e-06
 Reference value :  1.51513e-06
 Reference value :  1.51528e-06
 Reference value :  1.51544e-06
 Reference value :  1.51561e-06
 Reference value :  1.51578e-06
 Reference value :  1.51594e-06
 Reference value :  1.51609e-06
 Reference value :  1.51623e-06
 Reference value :  1.51636e-06
 Reference value :  1.51650e-06
 Reference value :  1.51664e-06
 Reference value :  1.51677e-06
 Reference value :  1.51691e-06
 Reference value :  1.51706e-06
 Reference value :  1.51723e-06
 Reference value :  1.51738e-06
 Reference value :  1.51754e-06
 Reference value :  1.51770e-06
 Reference value :  1.51786e-06
 Reference value :  1.51802e-06
 Reference value :  1.51817e-06
 Reference value :  1.51831e-06
 Reference value :  1.51847e-06
 Reference value :  1.51863e-06
 Reference value :  1.51879e-06
 Reference value :  1.51895e-06
 Reference value :  1.51912e-06
 Reference value :  1.51929e-06
 Reference value :  1.51945e-06
 Reference value :  1.51962e-06
 Reference value :  1.51977e-06
 Reference value :  1.51990e-06
 Reference value :  1.52003e-06
 Reference value :  1.52017e-06
 Reference value :  1.52031e-06
 Reference value :  1.52044e-06
 Reference value :  1.52058e-06
 Reference value :  1.52071e-06
 Reference value :  1.52086e-06
 Reference value :  1.52101e-06
 Reference value :  1.52114e-06
 Reference value :  1.52128e-06
 Reference value :  1.52142e-06
 Reference value :  1.52155e-06
 Reference value :  1.52168e-06
 Reference value :  1.52182e-06
 Reference value :  1.52195e-06
 Reference value :  1.52209e-06
 Reference value :  1.52223e-06
 Reference value :  1.52236e-06
 Reference value :  1.52250e-06
 Reference value :  1.52264e-06
 Reference value :  1.52278e-06
 Reference value :  1.52291e-06
 Reference value :  1.52305e-06
 Reference value :  1.52318e-06
 Reference value :  1.52333e-06
 Reference value :  1.52347e-06
 Reference value :  1.52360e-06
 Reference value :  1.52374e-06
 Reference value :  1.52388e-06
 Reference value :  1.52403e-06
 Reference value :  1.52417e-06
 Reference value :  1.52431e-06
 Reference value :  1.52444e-06
 Reference value :  1.52458e-06
 Reference value :  1.52472e-06
 Reference value :  1.52485e-06
 Reference value :  1.52499e-06
 Reference value :  1.52514e-06
 Reference value :  1.52527e-06
 Reference value :  1.52541e-06
 Reference value :  1.52554e-06
 Reference value :  1.52567e-06
 Reference value :  1.52580e-06
 Reference value :  1.52594e-06
 Reference value :  1.52607e-06
 Reference value :  1.52621e-06
 Reference value :  1.52634e-06
 Reference value :  1.52648e-06
 Reference value :  1.52661e-06
 Reference value :  1.52675e-06
 Reference value :  1.52689e-06
 Reference value :  1.52702e-06
 Reference value :  1.52717e-06
 Reference value :  1.52731e-06
 Reference value :  1.52745e-06
 Reference value :  1.52760e-06
 Reference value :  1.52775e-06
 Reference value :  1.52790e-06
 Reference value :  1.52805e-06
 Reference value :  1.52818e-06
 Reference value :  1.52832e-06
 Reference value :  1.52846e-06
 Reference value :  1.52859e-06
 Reference value :  1.52874e-06
 Reference value :  1.52887e-06
 Reference value :  1.52900e-06
 Reference value :  1.52914e-06
 Reference value :  1.52929e-06
 Reference value :  1.52942e-06
 Reference value :  1.52956e-06
 Reference value :  1.52970e-06
 Reference value :  1.52983e-06
 Reference value :  1.52996e-06
 Reference value :  1.53009e-06
 Reference value :  1.53023e-06
 Reference value :  1.53038e-06
 Reference value :  1.53051e-06
 Reference value :  1.53064e-06
 Reference value :  1.53078e-06
 Reference value :  1.53092e-06
 Reference value :  1.53105e-06
 Reference value :  1.53119e-06
 Reference value :  1.53133e-06
 Reference value :  1.53147e-06
 Reference value :  1.53160e-06
 Reference value :  1.53173e-06
 Reference value :  1.53187e-06
 Reference value :  1.53200e-06
 Reference value :  1.53214e-06
 Reference value :  1.53229e-06
 Reference value :  1.53243e-06
 Reference value :  1.53258e-06
 Reference value :  1.53271e-06
 Reference value :  1.53285e-06
 Reference value :  1.53299e-06
 Reference value :  1.53312e-06
 Reference value :  1.53326e-06
 Reference value :  1.53340e-06
 Reference value :  1.53355e-06
 Reference value :  1.53368e-06
 Reference value :  1.53382e-06
 Reference value :  1.53396e-06
 Reference value :  1.53410e-06
 Reference value :  1.53426e-06
 Reference value :  1.53443e-06
 Reference value :  1.53460e-06
 Reference value :  1.53474e-06
 Reference value :  1.53488e-06
 Reference value :  1.53502e-06
 Reference value :  1.53517e-06
 Reference value :  1.53532e-06
 Reference value :  1.53546e-06
 Reference value :  1.53561e-06
 Reference value :  1.53575e-06
 Reference value :  1.53589e-06
 Reference value :  1.53603e-06
 Reference value :  1.53618e-06
 Reference value :  1.53632e-06
 Reference value :  1.53647e-06
 Reference value :  1.53661e-06
 Reference value :  1.53677e-06
 Reference value :  1.53691e-06
 Reference value :  1.53705e-06
 Reference value :  1.53718e-06
 Reference value :  1.53731e-06
 Reference value :  1.53745e-06
 Reference value :  1.53760e-06
 Reference value :  1.53775e-06
 Reference value :  1.53788e-06
 Reference value :  1.53803e-06
 Reference value :  1.53818e-06
 Reference value :  1.53832e-06
 Reference value :  1.53846e-06
 Reference value :  1.53861e-06
 Reference value :  1.53874e-06
 Reference value :  1.53889e-06
 Reference value :  1.53903e-06
 Reference value :  1.53918e-06
 Reference value :  1.53932e-06
 Reference value :  1.53947e-06
 Reference value :  1.53962e-06
 Reference value :  1.53977e-06
 Reference value :  1.53991e-06
 Reference value :  1.54004e-06
 Reference value :  1.54019e-06
 Reference value :  1.54035e-06
 Reference value :  1.54050e-06
 Reference value :  1.54064e-06
 Reference value :  1.54078e-06
 Reference value :  1.54092e-06
 Reference value :  1.54105e-06
 Reference value :  1.54120e-06
 Reference value :  1.54134e-06
 Reference value :  1.54148e-06
 Reference value :  1.54161e-06
 Reference value :  1.54175e-06
 Reference value :  1.54188e-06
 Reference value :  1.54202e-06
 Reference value :  1.54216e-06
 Reference value :  1.54229e-06
 Reference value :  1.54243e-06
 Reference value :  1.54259e-06
 Reference value :  1.54274e-06
 Reference value :  1.54289e-06
 Reference value :  1.54304e-06
 Reference value :  1.54319e-06
 Reference value :  1.54334e-06
 Reference value :  1.54349e-06
 Reference value :  1.54364e-06
 Reference value :  1.54377e-06
 Reference value :  1.54393e-06
 Reference value :  1.54407e-06
 Reference value :  1.54420e-06
 Reference value :  1.54435e-06
 Reference value :  1.54450e-06
 Reference value :  1.54465e-06
 Reference value :  1.54480e-06
 Reference value :  1.54494e-06
 Reference value :  1.54509e-06
 Reference value :  1.54524e-06
 Reference value :  1.54537e-06
 Reference value :  1.54552e-06
 Reference value :  1.54567e-06
 Reference value :  1.54581e-06
 Reference value :  1.54594e-06
 Reference value :  1.54609e-06
 Reference value :  1.54623e-06
 Reference value :  1.54638e-06
 Reference value :  1.54653e-06
 Reference value :  1.54669e-06
 Reference value :  1.54684e-06
 Reference value :  1.54698e-06
 Reference value :  1.54712e-06
 Reference value :  1.54727e-06
 Reference value :  1.54745e-06
 Reference value :  1.54771e-06
 Reference value :  1.54800e-06
 Reference value :  1.54821e-06
 Reference value :  1.54839e-06
 Reference value :  1.54856e-06
 Reference value :  1.54873e-06
 Reference value :  1.54892e-06
 Reference value :  1.54921e-06
 Reference value :  1.54946e-06
 Reference value :  1.54962e-06
 Reference value :  1.54976e-06
 Reference value :  1.54992e-06
 Reference value :  1.55008e-06
 Reference value :  1.55027e-06
 Reference value :  1.55043e-06
 Reference value :  1.55057e-06
 Reference value :  1.55071e-06
 Reference value :  1.55088e-06
 Reference value :  1.55115e-06
 Reference value :  1.55144e-06
 Reference value :  1.55159e-06
 Reference value :  1.55174e-06
 Reference value :  1.55188e-06
 Reference value :  1.55202e-06
 Reference value :  1.55217e-06
 Reference value :  1.55233e-06
 Reference value :  1.55251e-06
 Reference value :  1.55269e-06
 Reference value :  1.55285e-06
 Reference value :  1.55301e-06
 Reference value :  1.55317e-06
 Reference value :  1.55333e-06
 Reference value :  1.55347e-06
 Reference value :  1.55363e-06
 Reference value :  1.55379e-06
 Reference value :  1.55395e-06
 Reference value :  1.55409e-06
 Reference value :  1.55427e-06
 Reference value :  1.55444e-06
 Reference value :  1.55460e-06
 Reference value :  1.55476e-06
 Reference value :  1.55490e-06
 Reference value :  1.55505e-06
 Reference value :  1.55522e-06
 Reference value :  1.55536e-06
 Reference value :  1.55552e-06
 Reference value :  1.55569e-06
 Reference value :  1.55584e-06
 Reference value :  1.55599e-06
 Reference value :  1.55614e-06
 Reference value :  1.55629e-06
 Reference value :  1.55643e-06
 Reference value :  1.55658e-06
 Reference value :  1.55672e-06
 Reference value :  1.55686e-06
 Reference value :  1.55699e-06
 Reference value :  1.55713e-06
 Reference value :  1.55729e-06
 Reference value :  1.55744e-06
 Reference value :  1.55758e-06
 Reference value :  1.55772e-06
 Reference value :  1.55787e-06
 Reference value :  1.55803e-06
 Reference value :  1.55816e-06
 Reference value :  1.55831e-06
 Reference value :  1.55845e-06
 Reference value :  1.55859e-06
 Reference value :  1.55872e-06
 Reference value :  1.55886e-06
 Reference value :  1.55899e-06
 Reference value :  1.55912e-06
 Reference value :  1.55926e-06
 Reference value :  1.55939e-06
 Reference value :  1.55953e-06
 Reference value :  1.55968e-06
 Reference value :  1.55984e-06
 Reference value :  1.56000e-06
 Reference value :  1.56015e-06
 Reference value :  1.56032e-06
 Reference value :  1.56049e-06
 Reference value :  1.56066e-06
 Reference value :  1.56083e-06
 Reference value :  1.56099e-06
 Reference value :  1.56112e-06
 Reference value :  1.56127e-06
 Reference value :  1.56140e-06
 Reference value :  1.56154e-06
 Reference value :  1.56168e-06
 Reference value :  1.56185e-06
 Reference value :  1.56201e-06
 Reference value :  1.56217e-06
 Reference value :  1.56234e-06
 Reference value :  1.56251e-06
 Reference value :  1.56269e-06
 Reference value :  1.56288e-06
 Reference value :  1.56305e-06
 Reference value :  1.56321e-06
 Reference value :  1.56338e-06
 Reference value :  1.56353e-06
 Reference value :  1.56367e-06
 Reference value :  1.56383e-06
 Reference value :  1.56397e-06
 Reference value :  1.56413e-06
 Reference value :  1.56429e-06
 Reference value :  1.56445e-06
 Reference value :  1.56460e-06
 Reference value :  1.56476e-06
 Reference value :  1.56494e-06
 Reference value :  1.56508e-06
 Reference value :  1.56522e-06
 Reference value :  1.56539e-06
 Reference value :  1.56558e-06
 Reference value :  1.56575e-06
 Reference value :  1.56594e-06
 Reference value :  1.56613e-06
 Reference value :  1.56632e-06
 Reference value :  1.56648e-06
 Reference value :  1.56665e-06
 Reference value :  1.56679e-06
 Reference value :  1.56696e-06
 Reference value :  1.56714e-06
 Reference value :  1.56731e-06
 Reference value :  1.56747e-06
 Reference value :  1.56764e-06
 Reference value :  1.56781e-06
 Reference value :  1.56799e-06
 Reference value :  1.56817e-06
 Reference value :  1.56833e-06
 Reference value :  1.56850e-06
 Reference value :  1.56869e-06
 Reference value :  1.56886e-06
 Reference value :  1.56904e-06
 Reference value :  1.56920e-06
 Reference value :  1.56937e-06
 Reference value :  1.56954e-06
 Reference value :  1.56971e-06
 Reference value :  1.56989e-06
 Reference value :  1.57007e-06
 Reference value :  1.57024e-06
 Reference value :  1.57042e-06
 Reference value :  1.57059e-06
 Reference value :  1.57077e-06
 Reference value :  1.57093e-06
 Reference value :  1.57110e-06
 Reference value :  1.57129e-06
 Reference value :  1.57145e-06
 Reference value :  1.57161e-06
 Reference value :  1.57176e-06
 Reference value :  1.57192e-06
 Reference value :  1.57206e-06
 Reference value :  1.57222e-06
 Reference value :  1.57240e-06
 Reference value :  1.57258e-06
 Reference value :  1.57274e-06
 Reference value :  1.57288e-06
 Reference value :  1.57304e-06
 Reference value :  1.57321e-06
 Reference value :  1.57339e-06
 Reference value :  1.57356e-06
 Reference value :  1.57370e-06
 Reference value :  1.57385e-06
 Reference value :  1.57401e-06
 Reference value :  1.57418e-06
 Reference value :  1.57435e-06
 Reference value :  1.57450e-06
 Reference value :  1.57467e-06
 Reference value :  1.57486e-06
 Reference value :  1.57504e-06
 Reference value :  1.57521e-06
 Reference value :  1.57536e-06
 Reference value :  1.57552e-06
 Reference value :  1.57570e-06
 Reference value :  1.57588e-06
 Reference value :  1.57606e-06
 Reference value :  1.57622e-06
 Reference value :  1.57639e-06
 Reference value :  1.57654e-06
 Reference value :  1.57671e-06
 Reference value :  1.57685e-06
 Reference value :  1.57700e-06
 Reference value :  1.57719e-06
 Reference value :  1.57737e-06
 Reference value :  1.57753e-06
 Reference value :  1.57771e-06
 Reference value :  1.57786e-06
 Reference value :  1.57802e-06
 Reference value :  1.57818e-06
 Reference value :  1.57835e-06
 Reference value :  1.57849e-06
 Reference value :  1.57869e-06
 Reference value :  1.57888e-06
 Reference value :  1.57905e-06
 Reference value :  1.57923e-06
 Reference value :  1.57940e-06
 Reference value :  1.57954e-06
 Reference value :  1.57970e-06
 Reference value :  1.57987e-06
 Reference value :  1.58007e-06
 Reference value :  1.58022e-06
 Reference value :  1.58039e-06
 Reference value :  1.58054e-06
 Reference value :  1.58072e-06
 Reference value :  1.58090e-06
 Reference value :  1.58108e-06
 Reference value :  1.58124e-06
 Reference value :  1.58144e-06
 Reference value :  1.58160e-06
 Reference value :  1.58176e-06
 Reference value :  1.58190e-06
 Reference value :  1.58208e-06
 Reference value :  1.58223e-06
 Reference value :  1.58239e-06
 Reference value :  1.58256e-06
 Reference value :  1.58273e-06
 Reference value :  1.58290e-06
 Reference value :  1.58307e-06
 Reference value :  1.58323e-06
 Reference value :  1.58342e-06
 Reference value :  1.58359e-06
 Reference value :  1.58376e-06
 Reference value :  1.58393e-06
 Reference value :  1.58410e-06
 Reference value :  1.58427e-06
 Reference value :  1.58445e-06
 Reference value :  1.58464e-06
 Reference value :  1.58480e-06
 Reference value :  1.58495e-06
 Reference value :  1.58511e-06
 Reference value :  1.58524e-06
 Reference value :  1.58542e-06
 Reference value :  1.58556e-06
 Reference value :  1.58569e-06
 Reference value :  1.58583e-06
 Reference value :  1.58597e-06
 Reference value :  1.58611e-06
 Reference value :  1.58624e-06
 Reference value :  1.58637e-06
 Reference value :  1.58655e-06
 Reference value :  1.58669e-06
 Reference value :  1.58684e-06
 Reference value :  1.58699e-06
 Reference value :  1.58714e-06
 Reference value :  1.58730e-06
 Reference value :  1.58745e-06
 Reference value :  1.58762e-06
 Reference value :  1.58777e-06
 Reference value :  1.58791e-06
 Reference value :  1.58808e-06
 Reference value :  1.58826e-06
 Reference value :  1.58846e-06
 Reference value :  1.58864e-06
 Reference value :  1.58881e-06
 Reference value :  1.58898e-06
 Reference value :  1.58916e-06
 Reference value :  1.58933e-06
 Reference value :  1.58950e-06
 Reference value :  1.58967e-06
 Reference value :  1.58986e-06
 Reference value :  1.59001e-06
 Reference value :  1.59016e-06
 Reference value :  1.59032e-06
 Reference value :  1.59046e-06
 Reference value :  1.59065e-06
 Reference value :  1.59084e-06
 Reference value :  1.59101e-06
 Reference value :  1.59119e-06
 Reference value :  1.59136e-06
 Reference value :  1.59153e-06
 Reference value :  1.59169e-06
 Reference value :  1.59186e-06
 Reference value :  1.59202e-06
 Reference value :  1.59219e-06
 Reference value :  1.59236e-06
 Reference value :  1.59254e-06
 Reference value :  1.59270e-06
 Reference value :  1.59287e-06
 Reference value :  1.59303e-06
 Reference value :  1.59317e-06
 Reference value :  1.59332e-06
 Reference value :  1.59347e-06
 Reference value :  1.59365e-06
 Reference value :  1.59384e-06
 Reference value :  1.59401e-06
 Reference value :  1.59417e-06
 Reference value :  1.59433e-06
 Reference value :  1.59452e-06
 Reference value :  1.59469e-06
 Reference value :  1.59484e-06
 Reference value :  1.59500e-06
 Reference value :  1.59516e-06
 Reference value :  1.59532e-06
 Reference value :  1.59548e-06
 Reference value :  1.59563e-06
 Reference value :  1.59579e-06
 Reference value :  1.59595e-06
 Reference value :  1.59613e-06
 Reference value :  1.59629e-06
 Reference value :  1.59645e-06
 Reference value :  1.59661e-06
 Reference value :  1.59678e-06
 Reference value :  1.59696e-06
 Reference value :  1.59715e-06
 Reference value :  1.59730e-06
 Reference value :  1.59747e-06
 Reference value :  1.59763e-06
 Reference value :  1.59778e-06
 Reference value :  1.59792e-06
 Reference value :  1.59805e-06
 Reference value :  1.59822e-06
 Reference value :  1.59837e-06
 Reference value :  1.59850e-06
 Reference value :  1.59864e-06
 Reference value :  1.59881e-06
 Reference value :  1.59897e-06
 Reference value :  1.59912e-06
 Reference value :  1.59928e-06
 Reference value :  1.59942e-06
 Reference value :  1.59959e-06
 Reference value :  1.59974e-06
 Reference value :  1.59988e-06
 Reference value :  1.60004e-06
 Reference value :  1.60019e-06
 Reference value :  1.60036e-06
 Reference value :  1.60052e-06
 Reference value :  1.60067e-06
 Reference value :  1.60083e-06
 Reference value :  1.60098e-06
 Reference value :  1.60115e-06
 Reference value :  1.60129e-06
 Reference value :  1.60147e-06
 Reference value :  1.60167e-06
 Reference value :  1.60185e-06
 Reference value :  1.60203e-06
 Reference value :  1.60220e-06
 Reference value :  1.60237e-06
 Reference value :  1.60252e-06
 Reference value :  1.60268e-06
 Reference value :  1.60287e-06
 Reference value :  1.60303e-06
 Reference value :  1.60319e-06
 Reference value :  1.60336e-06
 Reference value :  1.60351e-06
 Reference value :  1.60366e-06
 Reference value :  1.60381e-06
 Reference value :  1.60395e-06
 Reference value :  1.60410e-06
 Reference value :  1.60426e-06
 Reference value :  1.60442e-06
 Reference value :  1.60458e-06
 Reference value :  1.60473e-06
 Reference value :  1.60487e-06
 Reference value :  1.60502e-06
 Reference value :  1.60516e-06
 Reference value :  1.60530e-06
 Reference value :  1.60543e-06
 Reference value :  1.60557e-06
 Reference value :  1.60570e-06
 Reference value :  1.60585e-06
 Reference value :  1.60598e-06
 Reference value :  1.60612e-06
 Reference value :  1.60626e-06
 Reference value :  1.60640e-06
 Reference value :  1.60654e-06
 Reference value :  1.60667e-06
 Reference value :  1.60681e-06
 Reference value :  1.60694e-06
 Reference value :  1.60708e-06
 Reference value :  1.60723e-06
 Reference value :  1.60737e-06
 Reference value :  1.60752e-06
 Reference value :  1.60767e-06
 Reference value :  1.60782e-06
 Reference value :  1.60797e-06
 Reference value :  1.60813e-06
 Reference value :  1.60829e-06
 Reference value :  1.60845e-06
 Reference value :  1.60863e-06
 Reference value :  1.60881e-06
 Reference value :  1.60899e-06
 Reference value :  1.60916e-06
 Reference value :  1.60933e-06
 Reference value :  1.60948e-06
 Reference value :  1.60964e-06
 Reference value :  1.60979e-06
 Reference value :  1.60992e-06
 Reference value :  1.61006e-06
 Reference value :  1.61019e-06
 Reference value :  1.61034e-06
 Reference value :  1.61048e-06
 Reference value :  1.61061e-06
 Reference value :  1.61075e-06
 Reference value :  1.61091e-06
 Reference value :  1.61107e-06
 Reference value :  1.61125e-06
 Reference value :  1.61141e-06
 Reference value :  1.61158e-06
 Reference value :  1.61175e-06
 Reference value :  1.61191e-06
 Reference value :  1.61207e-06
 Reference value :  1.61224e-06
 Reference value :  1.61241e-06
 Reference value :  1.61258e-06
 Reference value :  1.61273e-06
 Reference value :  1.61291e-06
 Reference value :  1.61308e-06
 Reference value :  1.61326e-06
 Reference value :  1.61343e-06
 Reference value :  1.61358e-06
 Reference value :  1.61375e-06
 Reference value :  1.61392e-06
 Reference value :  1.61409e-06
 Reference value :  1.61424e-06
 Reference value :  1.61440e-06
 Reference value :  1.61458e-06
 Reference value :  1.61477e-06
 Reference value :  1.61495e-06
 Reference value :  1.61510e-06
 Reference value :  1.61525e-06
 Reference value :  1.61541e-06
 Reference value :  1.61560e-06
 Reference value :  1.61579e-06
 Reference value :  1.61596e-06
 Reference value :  1.61611e-06
 Reference value :  1.61627e-06
 Reference value :  1.61643e-06
 Reference value :  1.61660e-06
 Reference value :  1.61676e-06
 Reference value :  1.61693e-06
 Reference value :  1.61711e-06
 Reference value :  1.61729e-06
 Reference value :  1.61744e-06
 Reference value :  1.61760e-06
 Reference value :  1.61779e-06
 Reference value :  1.61796e-06
 Reference value :  1.61812e-06
 Reference value :  1.61827e-06
 Reference value :  1.61843e-06
 Reference value :  1.61859e-06
 Reference value :  1.61875e-06
 Reference value :  1.61892e-06
 Reference value :  1.61911e-06
 Reference value :  1.61930e-06
 Reference value :  1.61946e-06
 Reference value :  1.61964e-06
 Reference value :  1.61982e-06
 Reference value :  1.62000e-06
 Reference value :  1.62018e-06
 Reference value :  1.62037e-06
 Reference value :  1.62055e-06
 Reference value :  1.62069e-06
 Reference value :  1.62085e-06
 Reference value :  1.62102e-06
 Reference value :  1.62120e-06
 Reference value :  1.62139e-06
 Reference value :  1.62155e-06
 Reference value :  1.62173e-06
 Reference value :  1.62190e-06
 Reference value :  1.62206e-06
 Reference value :  1.62223e-06
 Reference value :  1.62239e-06
 Reference value :  1.62254e-06
 Reference value :  1.62270e-06
 Reference value :  1.62285e-06
 Reference value :  1.62301e-06
 Reference value :  1.62317e-06
 Reference value :  1.62333e-06
 Reference value :  1.62350e-06
 Reference value :  1.62366e-06
 Reference value :  1.62382e-06
 Reference value :  1.62401e-06
 Reference value :  1.62417e-06
 Reference value :  1.62430e-06
 Reference value :  1.62444e-06
 Reference value :  1.62459e-06
 Reference value :  1.62473e-06
 Reference value :  1.62488e-06
 Reference value :  1.62504e-06
 Reference value :  1.62519e-06
 Reference value :  1.62536e-06
 Reference value :  1.62551e-06
 Reference value :  1.62566e-06
 Reference value :  1.62581e-06
 Reference value :  1.62595e-06
 Reference value :  1.62609e-06
 Reference value :  1.62626e-06
 Reference value :  1.62644e-06
 Reference value :  1.62664e-06
 Reference value :  1.62682e-06
 Reference value :  1.62699e-06
 Reference value :  1.62715e-06
 Reference value :  1.62734e-06
 Reference value :  1.62753e-06
 Reference value :  1.62769e-06
 Reference value :  1.62785e-06
 Reference value :  1.62805e-06
 Reference value :  1.62823e-06
 Reference value :  1.62837e-06
 Reference value :  1.62854e-06
 Reference value :  1.62870e-06
 Reference value :  1.62886e-06
 Reference value :  1.62902e-06
 Reference value :  1.62920e-06
 Reference value :  1.62935e-06
 Reference value :  1.62953e-06
 Reference value :  1.62972e-06
 Reference value :  1.62989e-06
 Reference value :  1.63006e-06
 Reference value :  1.63020e-06
 Reference value :  1.63034e-06
 Reference value :  1.63049e-06
 Reference value :  1.63063e-06
 Reference value :  1.63078e-06
 Reference value :  1.63093e-06
 Reference value :  1.63108e-06
 Reference value :  1.63123e-06
 Reference value :  1.63141e-06
 Reference value :  1.63157e-06
 Reference value :  1.63172e-06
 Reference value :  1.63186e-06
 Reference value :  1.63201e-06
 Reference value :  1.63216e-06
 Reference value :  1.63234e-06
 Reference value :  1.63251e-06
 Reference value :  1.63269e-06
 Reference value :  1.63287e-06
 Reference value :  1.63302e-06
 Reference value :  1.63320e-06
 Reference value :  1.63338e-06
 Reference value :  1.63358e-06
 Reference value :  1.63375e-06
 Reference value :  1.63393e-06
 Reference value :  1.63408e-06
 Reference value :  1.63426e-06
 Reference value :  1.63442e-06
 Reference value :  1.63460e-06
 Reference value :  1.63478e-06
 Reference value :  1.63495e-06
 Reference value :  1.63511e-06
 Reference value :  1.63524e-06
 Reference value :  1.63539e-06
 Reference value :  1.63556e-06
 Reference value :  1.63572e-06
 Reference value :  1.63589e-06
 Reference value :  1.63603e-06
 Reference value :  1.63620e-06
 Reference value :  1.63635e-06
 Reference value :  1.63649e-06
 Reference value :  1.63663e-06
 Reference value :  1.63678e-06
 Reference value :  1.63694e-06
 Reference value :  1.63709e-06
 Reference value :  1.63725e-06
 Reference value :  1.63740e-06
 Reference value :  1.63754e-06
 Reference value :  1.63769e-06
 Reference value :  1.63784e-06
 Reference value :  1.63798e-06
 Reference value :  1.63813e-06
 Reference value :  1.63831e-06
 Reference value :  1.63850e-06
 Reference value :  1.63866e-06
 Reference value :  1.63883e-06
 Reference value :  1.63902e-06
 Reference value :  1.63917e-06
 Reference value :  1.63935e-06
 Reference value :  1.63951e-06
 Reference value :  1.63967e-06
 Reference value :  1.63984e-06
 Reference value :  1.64002e-06
 Reference value :  1.64021e-06
 Reference value :  1.64037e-06
 Reference value :  1.64053e-06
 Reference value :  1.64073e-06
 Reference value :  1.64091e-06
 Reference value :  1.64108e-06
 Reference value :  1.64126e-06
 Reference value :  1.64144e-06
 Reference value :  1.64159e-06
 Reference value :  1.64176e-06
 Reference value :  1.64195e-06
 Reference value :  1.64211e-06
 Reference value :  1.64226e-06
 Reference value :  1.64244e-06
 Reference value :  1.64261e-06
 Reference value :  1.64277e-06
 Reference value :  1.64293e-06
 Reference value :  1.64310e-06
 Reference value :  1.64326e-06
 Reference value :  1.64342e-06
 Reference value :  1.64358e-06
 Reference value :  1.64375e-06
 Reference value :  1.64394e-06
 Reference value :  1.64412e-06
 Reference value :  1.64427e-06
 Reference value :  1.64442e-06
 Reference value :  1.64458e-06
 Reference value :  1.64473e-06
 Reference value :  1.64488e-06
 Reference value :  1.64502e-06
 Reference value :  1.64518e-06
 Reference value :  1.64532e-06
 Reference value :  1.64546e-06
 Reference value :  1.64559e-06
 Reference value :  1.64573e-06
 Reference value :  1.64587e-06
 Reference value :  1.64600e-06
 Reference value :  1.64614e-06
 Reference value :  1.64629e-06
 Reference value :  1.64645e-06
 Reference value :  1.64663e-06
 Reference value :  1.64681e-06
 Reference value :  1.64696e-06
 Reference value :  1.64711e-06
 Reference value :  1.64725e-06
 Reference value :  1.64739e-06
 Reference value :  1.64754e-06
 Reference value :  1.64771e-06
 Reference value :  1.64787e-06
 Reference value :  1.64802e-06
 Reference value :  1.64817e-06
 Reference value :  1.64831e-06
 Reference value :  1.64846e-06
 Reference value :  1.64862e-06
 Reference value :  1.64876e-06
 Reference value :  1.64889e-06
 Reference value :  1.64907e-06
 Reference value :  1.64921e-06
 Reference value :  1.64937e-06
 Reference value :  1.64951e-06
 Reference value :  1.64965e-06
 Reference value :  1.64982e-06
 Reference value :  1.65000e-06
 Reference value :  1.65019e-06
 Reference value :  1.65036e-06
 Reference value :  1.65053e-06
 Reference value :  1.65070e-06
 Reference value :  1.65086e-06
 Reference value :  1.65102e-06
 Reference value :  1.65118e-06
 Reference value :  1.65135e-06
 Reference value :  1.65152e-06
 Reference value :  1.65170e-06
 Reference value :  1.65187e-06
 Reference value :  1.65204e-06
 Reference value :  1.65220e-06
 Reference value :  1.65240e-06
 Reference value :  1.65258e-06
 Reference value :  1.65275e-06
 Reference value :  1.65291e-06
 Reference value :  1.65310e-06
 Reference value :  1.65329e-06
 Reference value :  1.65345e-06
 Reference value :  1.65360e-06
 Reference value :  1.65378e-06
 Reference value :  1.65394e-06
 Reference value :  1.65410e-06
 Reference value :  1.65426e-06
 Reference value :  1.65441e-06
 Reference value :  1.65456e-06
 Reference value :  1.65470e-06
 Reference value :  1.65484e-06
 Reference value :  1.65500e-06
 Reference value :  1.65515e-06
 Reference value :  1.65531e-06
 Reference value :  1.65547e-06
 Reference value :  1.65564e-06
 Reference value :  1.65580e-06
 Reference value :  1.65597e-06
 Reference value :  1.65616e-06
 Reference value :  1.65633e-06
 Reference value :  1.65650e-06
 Reference value :  1.65668e-06
 Reference value :  1.65684e-06
 Reference value :  1.65701e-06
 Reference value :  1.65719e-06
 Reference value :  1.65737e-06
 Reference value :  1.65754e-06
 Reference value :  1.65771e-06
 Reference value :  1.65789e-06
 Reference value :  1.65805e-06
 Reference value :  1.65820e-06
 Reference value :  1.65835e-06
 Reference value :  1.65849e-06
 Reference value :  1.65866e-06
 Reference value :  1.65881e-06
 Reference value :  1.65900e-06
 Reference value :  1.65915e-06
 Reference value :  1.65930e-06
 Reference value :  1.65947e-06
 Reference value :  1.65963e-06
 Reference value :  1.65980e-06
 Reference value :  1.65994e-06
 Reference value :  1.66011e-06
 Reference value :  1.66027e-06
 Reference value :  1.66042e-06
 Reference value :  1.66056e-06
 Reference value :  1.66073e-06
 Reference value :  1.66088e-06
 Reference value :  1.66104e-06
 Reference value :  1.66121e-06
 Reference value :  1.66139e-06
 Reference value :  1.66154e-06
 Reference value :  1.66171e-06
 Reference value :  1.66186e-06
 Reference value :  1.66204e-06
 Reference value :  1.66220e-06
 Reference value :  1.66236e-06
 Reference value :  1.66251e-06
 Reference value :  1.66266e-06
 Reference value :  1.66281e-06
 Reference value :  1.66298e-06
 Reference value :  1.66313e-06
 Reference value :  1.66331e-06
 Reference value :  1.66349e-06
 Reference value :  1.66365e-06
 Reference value :  1.66382e-06
 Reference value :  1.66399e-06
 Reference value :  1.66417e-06
 Reference value :  1.66432e-06
 Reference value :  1.66450e-06
 Reference value :  1.66467e-06
 Reference value :  1.66483e-06
 Reference value :  1.66498e-06
 Reference value :  1.66513e-06
 Reference value :  1.66530e-06
 Reference value :  1.66546e-06
 Reference value :  1.66562e-06
 Reference value :  1.66578e-06
 Reference value :  1.66594e-06
 Reference value :  1.66607e-06
 Reference value :  1.66621e-06
 Reference value :  1.66636e-06
 Reference value :  1.66651e-06
 Reference value :  1.66667e-06
 Reference value :  1.66682e-06
 Reference value :  1.66698e-06
 Reference value :  1.66713e-06
 Reference value :  1.66729e-06
 Reference value :  1.66745e-06
 Reference value :  1.66760e-06
 Reference value :  1.66776e-06
 Reference value :  1.66791e-06
 Reference value :  1.66808e-06
 Reference value :  1.66825e-06
 Reference value :  1.66841e-06
 Reference value :  1.66857e-06
 Reference value :  1.66874e-06
 Reference value :  1.66889e-06
 Reference value :  1.66907e-06
 Reference value :  1.66923e-06
 Reference value :  1.66937e-06
 Reference value :  1.66954e-06
 Reference value :  1.66970e-06
 Reference value :  1.66986e-06
 Reference value :  1.67002e-06
 Reference value :  1.67017e-06
 Reference value :  1.67032e-06
 Reference value :  1.67047e-06
 Reference value :  1.67062e-06
 Reference value :  1.67077e-06
 Reference value :  1.67092e-06
 Reference value :  1.67106e-06
 Reference value :  1.67121e-06
 Reference value :  1.67136e-06
 Reference value :  1.67150e-06
 Reference value :  1.67166e-06
 Reference value :  1.67180e-06
 Reference value :  1.67197e-06
 Reference value :  1.67213e-06
 Reference value :  1.67229e-06
 Reference value :  1.67244e-06
 Reference value :  1.67259e-06
 Reference value :  1.67277e-06
 Reference value :  1.67293e-06
 Reference value :  1.67310e-06
 Reference value :  1.67325e-06
 Reference value :  1.67342e-06
 Reference value :  1.67358e-06
 Reference value :  1.67374e-06
 Reference value :  1.67388e-06
 Reference value :  1.67404e-06
 Reference value :  1.67419e-06
 Reference value :  1.67433e-06
 Reference value :  1.67447e-06
 Reference value :  1.67462e-06
 Reference value :  1.67477e-06
 Reference value :  1.67491e-06
 Reference value :  1.67509e-06
 Reference value :  1.67527e-06
 Reference value :  1.67545e-06
 Reference value :  1.67562e-06
 Reference value :  1.67579e-06
 Reference value :  1.67598e-06
 Reference value :  1.67615e-06
 Reference value :  1.67631e-06
 Reference value :  1.67649e-06
 Reference value :  1.67666e-06
 Reference value :  1.67685e-06
 Reference value :  1.67703e-06
 Reference value :  1.67720e-06
 Reference value :  1.67736e-06
 Reference value :  1.67752e-06
 Reference value :  1.67767e-06
 Reference value :  1.67783e-06
 Reference value :  1.67800e-06
 Reference value :  1.67814e-06
 Reference value :  1.67828e-06
 Reference value :  1.67843e-06
 Reference value :  1.67857e-06
 Reference value :  1.67872e-06
 Reference value :  1.67890e-06
 Reference value :  1.67907e-06
 Reference value :  1.67923e-06
 Reference value :  1.67938e-06
 Reference value :  1.67954e-06
 Reference value :  1.67969e-06
 Reference value :  1.67983e-06
 Reference value :  1.67997e-06
 Reference value :  1.68011e-06
 Reference value :  1.68026e-06
 Reference value :  1.68043e-06
 Reference value :  1.68059e-06
 Reference value :  1.68078e-06
 Reference value :  1.68096e-06
 Reference value :  1.68113e-06
 Reference value :  1.68132e-06
 Reference value :  1.68150e-06
 Reference value :  1.68166e-06
 Reference value :  1.68182e-06
 Reference value :  1.68198e-06
 Reference value :  1.68213e-06
 Reference value :  1.68229e-06
 Reference value :  1.68243e-06
 Reference value :  1.68259e-06
 Reference value :  1.68274e-06
 Reference value :  1.68288e-06
 Reference value :  1.68302e-06
 Reference value :  1.68315e-06
 Reference value :  1.68329e-06
 Reference value :  1.68344e-06
 Reference value :  1.68358e-06
 Reference value :  1.68373e-06
 Reference value :  1.68387e-06
 Reference value :  1.68400e-06
 Reference value :  1.68414e-06
 Reference value :  1.68428e-06
 Reference value :  1.68442e-06
 Reference value :  1.68456e-06
 Reference value :  1.68469e-06
 Reference value :  1.68484e-06
 Reference value :  1.68498e-06
 Reference value :  1.68514e-06
 Reference value :  1.68528e-06
 Reference value :  1.68543e-06
 Reference value :  1.68557e-06
 Reference value :  1.68571e-06
 Reference value :  1.68584e-06
 Reference value :  1.68599e-06
 Reference value :  1.68613e-06
 Reference value :  1.68626e-06
 Reference value :  1.68640e-06
 Reference value :  1.68655e-06
 Reference value :  1.68669e-06
 Reference value :  1.68682e-06
 Reference value :  1.68696e-06
 Reference value :  1.68709e-06
 Reference value :  1.68724e-06
 Reference value :  1.68740e-06
 Reference value :  1.68755e-06
 Reference value :  1.68769e-06
 Reference value :  1.68783e-06
 Reference value :  1.68797e-06
 Reference value :  1.68811e-06
 Reference value :  1.68824e-06
 Reference value :  1.68839e-06
 Reference value :  1.68853e-06
 Reference value :  1.68867e-06
 Reference value :  1.68881e-06
 Reference value :  1.68896e-06
 Reference value :  1.68909e-06
 Reference value :  1.68926e-06
 Reference value :  1.68944e-06
 Reference value :  1.68960e-06
 Reference value :  1.68975e-06
 Reference value :  1.68991e-06
 Reference value :  1.69007e-06
 Reference value :  1.69024e-06
 Reference value :  1.69040e-06
 Reference value :  1.69057e-06
 Reference value :  1.69074e-06
 Reference value :  1.69097e-06
 Reference value :  1.69120e-06
 Reference value :  1.69135e-06
 Reference value :  1.69151e-06
 Reference value :  1.69174e-06
 Reference value :  1.69195e-06
 Reference value :  1.69212e-06
 Reference value :  1.69227e-06
 Reference value :  1.69249e-06
 Reference value :  1.69273e-06
 Reference value :  1.69287e-06
 Reference value :  1.69301e-06
 Reference value :  1.69316e-06
 Reference value :  1.69335e-06
 Reference value :  1.69354e-06
 Reference value :  1.69370e-06
 Reference value :  1.69386e-06
 Reference value :  1.69403e-06
 Reference value :  1.69418e-06
 Reference value :  1.69432e-06
 Reference value :  1.69447e-06
 Reference value :  1.69464e-06
 Reference value :  1.69479e-06
 Reference value :  1.69493e-06
 Reference value :  1.69507e-06
 Reference value :  1.69526e-06
 Reference value :  1.69540e-06
 Reference value :  1.69554e-06
 Reference value :  1.69567e-06
 Reference value :  1.69594e-06
 Reference value :  1.69614e-06
 Reference value :  1.69629e-06
 Reference value :  1.69644e-06
 Reference value :  1.69665e-06
 Reference value :  1.69680e-06
 Reference value :  1.69694e-06
 Reference value :  1.69712e-06
 Reference value :  1.69726e-06
 Reference value :  1.69743e-06
 Reference value :  1.69771e-06
 Reference value :  1.69789e-06
 Reference value :  1.69803e-06
 Reference value :  1.69816e-06
 Reference value :  1.69830e-06
 Reference value :  1.69843e-06
 Reference value :  1.69868e-06
 Reference value :  1.69884e-06
 Reference value :  1.69900e-06
 Reference value :  1.69914e-06
 Reference value :  1.69928e-06
 Reference value :  1.69952e-06
 Reference value :  1.69976e-06
 Reference value :  1.69992e-06
 Reference value :  1.70007e-06
 Reference value :  1.70024e-06
 Reference value :  1.70041e-06
 Reference value :  1.70056e-06
 Reference value :  1.70071e-06
 Reference value :  1.70089e-06
 Reference value :  1.70105e-06
 Reference value :  1.70125e-06
 Reference value :  1.70153e-06
 Reference value :  1.70168e-06
 Reference value :  1.70182e-06
 Reference value :  1.70196e-06
 Reference value :  1.70211e-06
 Reference value :  1.70226e-06
 Reference value :  1.70255e-06
 Reference value :  1.70271e-06
 Reference value :  1.70287e-06
 Reference value :  1.70301e-06
 Reference value :  1.70318e-06
 Reference value :  1.70333e-06
 Reference value :  1.70348e-06
 Reference value :  1.70374e-06
 Reference value :  1.70397e-06
 Reference value :  1.70416e-06
 Reference value :  1.70432e-06
 Reference value :  1.70453e-06
 Reference value :  1.70471e-06
 Reference value :  1.70489e-06
 Reference value :  1.70507e-06
 Reference value :  1.70524e-06
 Reference value :  1.70542e-06
 Reference value :  1.70561e-06
 Reference value :  1.70579e-06
 Reference value :  1.70595e-06
 Reference value :  1.70608e-06
 Reference value :  1.70622e-06
 Reference value :  1.70636e-06
 Reference value :  1.70649e-06
 Reference value :  1.70662e-06
 Reference value :  1.70687e-06
 Reference value :  1.70703e-06
 Reference value :  1.70719e-06
 Reference value :  1.70735e-06
 Reference value :  1.70751e-06
 Reference value :  1.70765e-06
 Reference value :  1.70779e-06
 Reference value :  1.70793e-06
 Reference value :  1.70806e-06
 Reference value :  1.70820e-06
 Reference value :  1.70834e-06
 Reference value :  1.70849e-06
 Reference value :  1.70870e-06
 Reference value :  1.70884e-06
 Reference value :  1.70901e-06
 Reference value :  1.70915e-06
 Reference value :  1.70929e-06
 Reference value :  1.70943e-06
 Reference value :  1.70957e-06
 Reference value :  1.70970e-06
 Reference value :  1.70988e-06
 Reference value :  1.71002e-06
 Reference value :  1.71024e-06
 Reference value :  1.71043e-06
 Reference value :  1.71061e-06
 Reference value :  1.71077e-06
 Reference value :  1.71092e-06
 Reference value :  1.71109e-06
 Reference value :  1.71125e-06
 Reference value :  1.71139e-06
 Reference value :  1.71153e-06
 Reference value :  1.71167e-06
 Reference value :  1.71181e-06
 Reference value :  1.71195e-06
 Reference value :  1.71208e-06
 Reference value :  1.71222e-06
 Reference value :  1.71235e-06
 Reference value :  1.71250e-06
 Reference value :  1.71263e-06
 Reference value :  1.71278e-06
 Reference value :  1.71291e-06
 Reference value :  1.71305e-06
 Reference value :  1.71318e-06
 Reference value :  1.71331e-06
 Reference value :  1.71344e-06
 Reference value :  1.71369e-06
 Reference value :  1.71387e-06
 Reference value :  1.71401e-06
 Reference value :  1.71414e-06
 Reference value :  1.71428e-06
 Reference value :  1.71441e-06
 Reference value :  1.71454e-06
 Reference value :  1.71468e-06
 Reference value :  1.71481e-06
 Reference value :  1.71495e-06
 Reference value :  1.71509e-06
 Reference value :  1.71523e-06
 Reference value :  1.71537e-06
 Reference value :  1.71551e-06
 Reference value :  1.71565e-06
 Reference value :  1.71578e-06
 Reference value :  1.71592e-06
 Reference value :  1.71606e-06
 Reference value :  1.71620e-06
 Reference value :  1.71634e-06
 Reference value :  1.71649e-06
 Reference value :  1.71661e-06
 Reference value :  1.71675e-06
 Reference value :  1.71689e-06
 Reference value :  1.71702e-06
 Reference value :  1.71716e-06
 Reference value :  1.71730e-06
 Reference value :  1.71743e-06
 Reference value :  1.71758e-06
 Reference value :  1.71771e-06
 Reference value :  1.71784e-06
 Reference value :  1.71798e-06
 Reference value :  1.71812e-06
 Reference value :  1.71825e-06
 Reference value :  1.71839e-06
 Reference value :  1.71852e-06
 Reference value :  1.71866e-06
 Reference value :  1.71880e-06
 Reference value :  1.71893e-06
 Reference value :  1.71907e-06
 Reference value :  1.71921e-06
 Reference value :  1.71934e-06
 Reference value :  1.71948e-06
 Reference value :  1.71962e-06
 Reference value :  1.71975e-06
 Reference value :  1.71989e-06
 Reference value :  1.72002e-06
 Reference value :  1.72016e-06
 Reference value :  1.72030e-06
 Reference value :  1.72044e-06
 Reference value :  1.72057e-06
 Reference value :  1.72071e-06
 Reference value :  1.72085e-06
 Reference value :  1.72099e-06
 Reference value :  1.72112e-06
 Reference value :  1.72127e-06
 Reference value :  1.72141e-06
 Reference value :  1.72154e-06
 Reference value :  1.72168e-06
 Reference value :  1.72182e-06
 Reference value :  1.72195e-06
 Reference value :  1.72209e-06
 Reference value :  1.72222e-06
 Reference value :  1.72236e-06
 Reference value :  1.72249e-06
 Reference value :  1.72262e-06
 Reference value :  1.72276e-06
 Reference value :  1.72289e-06
 Reference value :  1.72303e-06
 Reference value :  1.72316e-06
 Reference value :  1.72329e-06
 Reference value :  1.72343e-06
 Reference value :  1.72356e-06
 Reference value :  1.72370e-06
 Reference value :  1.72383e-06
 Reference value :  1.72397e-06
 Reference value :  1.72414e-06
 Reference value :  1.72432e-06
 Reference value :  1.72448e-06
 Reference value :  1.72464e-06
 Reference value :  1.72479e-06
 Reference value :  1.72496e-06
 Reference value :  1.72510e-06
 Reference value :  1.72524e-06
 Reference value :  1.72538e-06
 Reference value :  1.72552e-06
 Reference value :  1.72566e-06
 Reference value :  1.72581e-06
 Reference value :  1.72599e-06
 Reference value :  1.72613e-06
 Reference value :  1.72627e-06
 Reference value :  1.72641e-06
 Reference value :  1.72654e-06
 Reference value :  1.72669e-06
 Reference value :  1.72682e-06
 Reference value :  1.72696e-06
 Reference value :  1.72710e-06
 Reference value :  1.72725e-06
 Reference value :  1.72740e-06
 Reference value :  1.72754e-06
 Reference value :  1.72769e-06
 Reference value :  1.72785e-06
 Reference value :  1.72800e-06
 Reference value :  1.72816e-06
 Reference value :  1.72831e-06
 Reference value :  1.72845e-06
 Reference value :  1.72859e-06
 Reference value :  1.72875e-06
 Reference value :  1.72888e-06
 Reference value :  1.72905e-06
 Reference value :  1.72920e-06
 Reference value :  1.72936e-06
 Reference value :  1.72951e-06
 Reference value :  1.72966e-06
 Reference value :  1.72980e-06
 Reference value :  1.72997e-06
 Reference value :  1.73010e-06
 Reference value :  1.73023e-06
 Reference value :  1.73038e-06
 Reference value :  1.73052e-06
 Reference value :  1.73066e-06
 Reference value :  1.73081e-06
 Reference value :  1.73095e-06
 Reference value :  1.73108e-06
 Reference value :  1.73122e-06
 Reference value :  1.73135e-06
 Reference value :  1.73149e-06
 Reference value :  1.73162e-06
 Reference value :  1.73176e-06
 Reference value :  1.73190e-06
 Reference value :  1.73203e-06
 Reference value :  1.73217e-06
 Reference value :  1.73231e-06
 Reference value :  1.73245e-06
 Reference value :  1.73258e-06
 Reference value :  1.73272e-06
 Reference value :  1.73287e-06
 Reference value :  1.73301e-06
 Reference value :  1.73314e-06
 Reference value :  1.73328e-06
 Reference value :  1.73342e-06
 Reference value :  1.73355e-06
 Reference value :  1.73369e-06
 Reference value :  1.73383e-06
 Reference value :  1.73396e-06
 Reference value :  1.73410e-06
 Reference value :  1.73424e-06
 Reference value :  1.73437e-06
 Reference value :  1.73451e-06
 Reference value :  1.73465e-06
 Reference value :  1.73478e-06
 Reference value :  1.73492e-06
 Reference value :  1.73506e-06
 Reference value :  1.73519e-06
 Reference value :  1.73532e-06
 Reference value :  1.73547e-06
 Reference value :  1.73561e-06
 Reference value :  1.73574e-06
 Reference value :  1.73588e-06
 Reference value :  1.73602e-06
 Reference value :  1.73615e-06
 Reference value :  1.73629e-06
 Reference value :  1.73644e-06
 Reference value :  1.73658e-06
 Reference value :  1.73672e-06
 Reference value :  1.73685e-06
 Reference value :  1.73699e-06
 Reference value :  1.73712e-06
 Reference value :  1.73726e-06
 Reference value :  1.73739e-06
 Reference value :  1.73753e-06
 Reference value :  1.73768e-06
 Reference value :  1.73781e-06
 Reference value :  1.73794e-06
 Reference value :  1.73808e-06
 Reference value :  1.73823e-06
 Reference value :  1.73836e-06
 Reference value :  1.73850e-06
 Reference value :  1.73864e-06
 Reference value :  1.73878e-06
 Reference value :  1.73891e-06
 Reference value :  1.73905e-06
 Reference value :  1.73918e-06
 Reference value :  1.73932e-06
 Reference value :  1.73945e-06
 Reference value :  1.73959e-06
 Reference value :  1.73972e-06
 Reference value :  1.73986e-06
 Reference value :  1.74001e-06
 Reference value :  1.74014e-06
 Reference value :  1.74027e-06
 Reference value :  1.74041e-06
 Reference value :  1.74055e-06
 Reference value :  1.74069e-06
 Reference value :  1.74084e-06
 Reference value :  1.74098e-06
 Reference value :  1.74113e-06
 Reference value :  1.74127e-06
 Reference value :  1.74140e-06
 Reference value :  1.74153e-06
 Reference value :  1.74169e-06
 Reference value :  1.74184e-06
 Reference value :  1.74198e-06
 Reference value :  1.74211e-06
 Reference value :  1.74225e-06
 Reference value :  1.74238e-06
 Reference value :  1.74252e-06
 Reference value :  1.74266e-06
 Reference value :  1.74280e-06
 Reference value :  1.74293e-06
 Reference value :  1.74308e-06
 Reference value :  1.74321e-06
 Reference value :  1.74335e-06
 Reference value :  1.74348e-06
 Reference value :  1.74361e-06
 Reference value :  1.74375e-06
 Reference value :  1.74389e-06
 Reference value :  1.74403e-06
 Reference value :  1.74417e-06
 Reference value :  1.74431e-06
 Reference value :  1.74444e-06
 Reference value :  1.74457e-06
 Reference value :  1.74472e-06
 Reference value :  1.74486e-06
 Reference value :  1.74500e-06
 Reference value :  1.74514e-06
 Reference value :  1.74528e-06
 Reference value :  1.74544e-06
 Reference value :  1.74557e-06
 Reference value :  1.74571e-06
 Reference value :  1.74584e-06
 Reference value :  1.74598e-06
 Reference value :  1.74611e-06
 Reference value :  1.74625e-06
 Reference value :  1.74640e-06
 Reference value :  1.74653e-06
 Reference value :  1.74667e-06
 Reference value :  1.74681e-06
 Reference value :  1.74696e-06
 Reference value :  1.74709e-06
 Reference value :  1.74723e-06
 Reference value :  1.74737e-06
 Reference value :  1.74751e-06
 Reference value :  1.74765e-06
 Reference value :  1.74779e-06
 Reference value :  1.74793e-06
 Reference value :  1.74808e-06
 Reference value :  1.74821e-06
 Reference value :  1.74836e-06
 Reference value :  1.74850e-06
 Reference value :  1.74864e-06
 Reference value :  1.74877e-06
 Reference value :  1.74892e-06
 Reference value :  1.74906e-06
 Reference value :  1.74920e-06
 Reference value :  1.74935e-06
 Reference value :  1.74948e-06
 Reference value :  1.74966e-06
 Reference value :  1.74979e-06
 Reference value :  1.74994e-06
 Reference value :  1.75008e-06
 Reference value :  1.75022e-06
 Reference value :  1.75036e-06
 Reference value :  1.75051e-06
 Reference value :  1.75065e-06
 Reference value :  1.75078e-06
 Reference value :  1.75091e-06
 Reference value :  1.75105e-06
 Reference value :  1.75119e-06
 Reference value :  1.75132e-06
 Reference value :  1.75146e-06
 Reference value :  1.75160e-06
 Reference value :  1.75174e-06
 Reference value :  1.75188e-06
 Reference value :  1.75201e-06
 Reference value :  1.75216e-06
 Reference value :  1.75231e-06
 Reference value :  1.75244e-06
 Reference value :  1.75259e-06
 Reference value :  1.75273e-06
 Reference value :  1.75287e-06
 Reference value :  1.75301e-06
 Reference value :  1.75315e-06
 Reference value :  1.75329e-06
 Reference value :  1.75342e-06
 Reference value :  1.75357e-06
 Reference value :  1.75371e-06
 Reference value :  1.75385e-06
 Reference value :  1.75398e-06
 Reference value :  1.75411e-06
 Reference value :  1.75425e-06
 Reference value :  1.75438e-06
 Reference value :  1.75452e-06
 Reference value :  1.75465e-06
 Reference value :  1.75480e-06
 Reference value :  1.75494e-06
 Reference value :  1.75508e-06
 Reference value :  1.75521e-06
 Reference value :  1.75535e-06
 Reference value :  1.75549e-06
 Reference value :  1.75563e-06
 Reference value :  1.75578e-06
 Reference value :  1.75591e-06
 Reference value :  1.75605e-06
 Reference value :  1.75618e-06
 Reference value :  1.75632e-06
 Reference value :  1.75646e-06
 Reference value :  1.75659e-06
 Reference value :  1.75674e-06
 Reference value :  1.75691e-06
 Reference value :  1.75704e-06
 Reference value :  1.75719e-06
 Reference value :  1.75733e-06
 Reference value :  1.75747e-06
 Reference value :  1.75761e-06
 Reference value :  1.75775e-06
 Reference value :  1.75789e-06
 Reference value :  1.75803e-06
 Reference value :  1.75816e-06
 Reference value :  1.75830e-06
 Reference value :  1.75843e-06
 Reference value :  1.75856e-06
 Reference value :  1.75870e-06
 Reference value :  1.75883e-06
 Reference value :  1.75897e-06
 Reference value :  1.75910e-06
 Reference value :  1.75924e-06
 Reference value :  1.75937e-06
 Reference value :  1.75950e-06
 Reference value :  1.75965e-06
 Reference value :  1.75978e-06
 Reference value :  1.75991e-06
 Reference value :  1.76005e-06
 Reference value :  1.76018e-06
 Reference value :  1.76031e-06
 Reference value :  1.76045e-06
 Reference value :  1.76058e-06
 Reference value :  1.76072e-06
 Reference value :  1.76086e-06
 Reference value :  1.76100e-06
 Reference value :  1.76114e-06
 Reference value :  1.76127e-06
 Reference value :  1.76141e-06
 Reference value :  1.76155e-06
 Reference value :  1.76168e-06
 Reference value :  1.76182e-06
 Reference value :  1.76195e-06
 Reference value :  1.76209e-06
 Reference value :  1.76222e-06
 Reference value :  1.76236e-06
 Reference value :  1.76250e-06
 Reference value :  1.76265e-06
 Reference value :  1.76278e-06
 Reference value :  1.76291e-06
 Reference value :  1.76305e-06
 Reference value :  1.76319e-06
 Reference value :  1.76333e-06
 Reference value :  1.76346e-06
 Reference value :  1.76360e-06
 Reference value :  1.76374e-06
 Reference value :  1.76387e-06
 Reference value :  1.76403e-06
 Reference value :  1.76417e-06
 Reference value :  1.76431e-06
 Reference value :  1.76445e-06
 Reference value :  1.76461e-06
 Reference value :  1.76474e-06
 Reference value :  1.76488e-06
 Reference value :  1.76501e-06
 Reference value :  1.76514e-06
 Reference value :  1.76528e-06
 Reference value :  1.76542e-06
 Reference value :  1.76556e-06
 Reference value :  1.76570e-06
 Reference value :  1.76584e-06
 Reference value :  1.76597e-06
 Reference value :  1.76611e-06
 Reference value :  1.76624e-06
 Reference value :  1.76639e-06
 Reference value :  1.76652e-06
 Reference value :  1.76666e-06
 Reference value :  1.76679e-06
 Reference value :  1.76695e-06
 Reference value :  1.76708e-06
 Reference value :  1.76723e-06
 Reference value :  1.76736e-06
 Reference value :  1.76750e-06
 Reference value :  1.76763e-06
 Reference value :  1.76777e-06
 Reference value :  1.76792e-06
 Reference value :  1.76806e-06
 Reference value :  1.76819e-06
 Reference value :  1.76833e-06
 Reference value :  1.76847e-06
 Reference value :  1.76860e-06
 Reference value :  1.76874e-06
 Reference value :  1.76888e-06
 Reference value :  1.76903e-06
 Reference value :  1.76916e-06
 Reference value :  1.76929e-06
 Reference value :  1.76943e-06
 Reference value :  1.76963e-06
 Reference value :  1.76982e-06
 Reference value :  1.76996e-06
 Reference value :  1.77011e-06
 Reference value :  1.77026e-06
 Reference value :  1.77039e-06
 Reference value :  1.77053e-06
 Reference value :  1.77066e-06
 Reference value :  1.77081e-06
 Reference value :  1.77094e-06
 Reference value :  1.77107e-06
 Reference value :  1.77121e-06
 Reference value :  1.77135e-06
 Reference value :  1.77148e-06
 Reference value :  1.77161e-06
 Reference value :  1.77177e-06
 Reference value :  1.77192e-06
 Reference value :  1.77207e-06
 Reference value :  1.77223e-06
 Reference value :  1.77239e-06
 Reference value :  1.77255e-06
 Reference value :  1.77272e-06
 Reference value :  1.77290e-06
 Reference value :  1.77306e-06
 Reference value :  1.77321e-06
 Reference value :  1.77337e-06
 Reference value :  1.77355e-06
 Reference value :  1.77372e-06
 Reference value :  1.77389e-06
 Reference value :  1.77405e-06
 Reference value :  1.77422e-06
 Reference value :  1.77439e-06
 Reference value :  1.77454e-06
 Reference value :  1.77470e-06
 Reference value :  1.77486e-06
 Reference value :  1.77501e-06
 Reference value :  1.77517e-06
 Reference value :  1.77531e-06
 Reference value :  1.77548e-06
 Reference value :  1.77565e-06
 Reference value :  1.77581e-06
 Reference value :  1.77598e-06
 Reference value :  1.77616e-06
 Reference value :  1.77630e-06
 Reference value :  1.77644e-06
 Reference value :  1.77659e-06
 Reference value :  1.77673e-06
 Reference value :  1.77690e-06
 Reference value :  1.77704e-06
 Reference value :  1.77719e-06
 Reference value :  1.77734e-06
 Reference value :  1.77748e-06
 Reference value :  1.77764e-06
 Reference value :  1.77778e-06
 Reference value :  1.77792e-06
 Reference value :  1.77805e-06
 Reference value :  1.77818e-06
 Reference value :  1.77834e-06
 Reference value :  1.77848e-06
 Reference value :  1.77861e-06
 Reference value :  1.77876e-06
 Reference value :  1.77890e-06
 Reference value :  1.77904e-06
 Reference value :  1.77918e-06
 Reference value :  1.77932e-06
 Reference value :  1.77946e-06
 Reference value :  1.77960e-06
 Reference value :  1.77973e-06
 Reference value :  1.77987e-06
 Reference value :  1.78003e-06
 Reference value :  1.78022e-06
 Reference value :  1.78040e-06
 Reference value :  1.78055e-06
 Reference value :  1.78070e-06
 Reference value :  1.78083e-06
 Reference value :  1.78097e-06
 Reference value :  1.78111e-06
 Reference value :  1.78125e-06
 Reference value :  1.78140e-06
 Reference value :  1.78154e-06
 Reference value :  1.78168e-06
 Reference value :  1.78181e-06
 Reference value :  1.78195e-06
 Reference value :  1.78209e-06
 Reference value :  1.78223e-06
 Reference value :  1.78237e-06
 Reference value :  1.78251e-06
 Reference value :  1.78265e-06
 Reference value :  1.78279e-06
 Reference value :  1.78294e-06
 Reference value :  1.78308e-06
 Reference value :  1.78321e-06
 Reference value :  1.78336e-06
 Reference value :  1.78350e-06
 Reference value :  1.78364e-06
 Reference value :  1.78378e-06
 Reference value :  1.78392e-06
 Reference value :  1.78406e-06
 Reference value :  1.78420e-06
 Reference value :  1.78435e-06
 Reference value :  1.78450e-06
 Reference value :  1.78464e-06
 Reference value :  1.78479e-06
 Reference value :  1.78492e-06
 Reference value :  1.78506e-06
 Reference value :  1.78520e-06
 Reference value :  1.78534e-06
 Reference value :  1.78548e-06
 Reference value :  1.78563e-06
 Reference value :  1.78578e-06
 Reference value :  1.78592e-06
 Reference value :  1.78605e-06
 Reference value :  1.78619e-06
 Reference value :  1.78632e-06
 Reference value :  1.78646e-06
 Reference value :  1.78660e-06
 Reference value :  1.78675e-06
 Reference value :  1.78689e-06
 Reference value :  1.78703e-06
 Reference value :  1.78716e-06
 Reference value :  1.78730e-06
 Reference value :  1.78744e-06
 Reference value :  1.78758e-06
 Reference value :  1.78773e-06
 Reference value :  1.78787e-06
 Reference value :  1.78801e-06
 Reference value :  1.78815e-06
 Reference value :  1.78829e-06
 Reference value :  1.78842e-06
 Reference value :  1.78856e-06
 Reference value :  1.78869e-06
 Reference value :  1.78883e-06
 Reference value :  1.78897e-06
 Reference value :  1.78910e-06
 Reference value :  1.78924e-06
 Reference value :  1.78937e-06
 Reference value :  1.78950e-06
 Reference value :  1.78964e-06
 Reference value :  1.78977e-06
 Reference value :  1.78991e-06
 Reference value :  1.79005e-06
 Reference value :  1.79018e-06
 Reference value :  1.79031e-06
 Reference value :  1.79045e-06
 Reference value :  1.79058e-06
 Reference value :  1.79072e-06
 Reference value :  1.79086e-06
 Reference value :  1.79100e-06
 Reference value :  1.79114e-06
 Reference value :  1.79128e-06
 Reference value :  1.79143e-06
 Reference value :  1.79156e-06
 Reference value :  1.79170e-06
 Reference value :  1.79183e-06
 Reference value :  1.79198e-06
 Reference value :  1.79213e-06
 Reference value :  1.79227e-06
 Reference value :  1.79241e-06
 Reference value :  1.79255e-06
 Reference value :  1.79270e-06
 Reference value :  1.79284e-06
 Reference value :  1.79298e-06
 Reference value :  1.79311e-06
 Reference value :  1.79325e-06
 Reference value :  1.79339e-06
 Reference value :  1.79353e-06
 Reference value :  1.79366e-06
 Reference value :  1.79381e-06
 Reference value :  1.79394e-06
 Reference value :  1.79407e-06
 Reference value :  1.79421e-06
 Reference value :  1.79435e-06
 Reference value :  1.79450e-06
 Reference value :  1.79464e-06
 Reference value :  1.79477e-06
 Reference value :  1.79491e-06
 Reference value :  1.79505e-06
 Reference value :  1.79518e-06
 Reference value :  1.79532e-06
 Reference value :  1.79545e-06
 Reference value :  1.79559e-06
 Reference value :  1.79574e-06
 Reference value :  1.79588e-06
 Reference value :  1.79602e-06
 Reference value :  1.79615e-06
 Reference value :  1.79629e-06
 Reference value :  1.79643e-06
 Reference value :  1.79656e-06
 Reference value :  1.79669e-06
 Reference value :  1.79683e-06
 Reference value :  1.79697e-06
 Reference value :  1.79710e-06
 Reference value :  1.79724e-06
 Reference value :  1.79737e-06
 Reference value :  1.79750e-06
 Reference value :  1.79764e-06
 Reference value :  1.79777e-06
 Reference value :  1.79791e-06
 Reference value :  1.79804e-06
 Reference value :  1.79818e-06
 Reference value :  1.79831e-06
 Reference value :  1.79844e-06
 Reference value :  1.79858e-06
 Reference value :  1.79871e-06
 Reference value :  1.79885e-06
 Reference value :  1.79899e-06
 Reference value :  1.79912e-06
 Reference value :  1.79925e-06
 Reference value :  1.79939e-06
 Reference value :  1.79952e-06
 Reference value :  1.79966e-06
 Reference value :  1.79979e-06
 Reference value :  1.79994e-06
 Reference value :  1.80014e-06
 Reference value :  1.80030e-06
 Reference value :  1.80045e-06
 Reference value :  1.80063e-06
 Reference value :  1.80079e-06
 Reference value :  1.80092e-06
 Reference value :  1.80106e-06
 Reference value :  1.80119e-06
 Reference value :  1.80132e-06
 Reference value :  1.80145e-06
 Reference value :  1.80159e-06
 Reference value :  1.80173e-06
 Reference value :  1.80186e-06
 Reference value :  1.80200e-06
 Reference value :  1.80214e-06
 Reference value :  1.80228e-06
 Reference value :  1.80242e-06
 Reference value :  1.80256e-06
 Reference value :  1.80269e-06
 Reference value :  1.80283e-06
 Reference value :  1.80297e-06
 Reference value :  1.80311e-06
 Reference value :  1.80324e-06
 Reference value :  1.80337e-06
 Reference value :  1.80350e-06
 Reference value :  1.80364e-06
 Reference value :  1.80377e-06
 Reference value :  1.80390e-06
 Reference value :  1.80404e-06
 Reference value :  1.80417e-06
 Reference value :  1.80431e-06
 Reference value :  1.80446e-06
 Reference value :  1.80459e-06
 Reference value :  1.80472e-06
 Reference value :  1.80486e-06
 Reference value :  1.80500e-06
 Reference value :  1.80513e-06
 Reference value :  1.80526e-06
 Reference value :  1.80540e-06
 Reference value :  1.80557e-06
 Reference value :  1.80573e-06
 Reference value :  1.80588e-06
 Reference value :  1.80605e-06
 Reference value :  1.80621e-06
 Reference value :  1.80635e-06
 Reference value :  1.80648e-06
 Reference value :  1.80663e-06
 Reference value :  1.80677e-06
 Reference value :  1.80691e-06
 Reference value :  1.80707e-06
 Reference value :  1.80725e-06
 Reference value :  1.80741e-06
 Reference value :  1.80757e-06
 Reference value :  1.80773e-06
 Reference value :  1.80792e-06
 Reference value :  1.80807e-06
 Reference value :  1.80823e-06
 Reference value :  1.80840e-06
 Reference value :  1.80857e-06
 Reference value :  1.80873e-06
 Reference value :  1.80890e-06
 Reference value :  1.80905e-06
 Reference value :  1.80921e-06
 Reference value :  1.80937e-06
 Reference value :  1.80953e-06
 Reference value :  1.80971e-06
 Reference value :  1.80986e-06
 Reference value :  1.81001e-06
 Reference value :  1.81017e-06
 Reference value :  1.81034e-06
 Reference value :  1.81051e-06
 Reference value :  1.81066e-06
 Reference value :  1.81081e-06
 Reference value :  1.81095e-06
 Reference value :  1.81108e-06
 Reference value :  1.81123e-06
 Reference value :  1.81136e-06
 Reference value :  1.81150e-06
 Reference value :  1.81164e-06
 Reference value :  1.81177e-06
 Reference value :  1.81191e-06
 Reference value :  1.81206e-06
 Reference value :  1.81222e-06
 Reference value :  1.81240e-06
 Reference value :  1.81257e-06
 Reference value :  1.81273e-06
 Reference value :  1.81289e-06
 Reference value :  1.81307e-06
 Reference value :  1.81322e-06
 Reference value :  1.81336e-06
 Reference value :  1.81351e-06
 Reference value :  1.81368e-06
 Reference value :  1.81382e-06
 Reference value :  1.81396e-06
 Reference value :  1.81410e-06
 Reference value :  1.81424e-06
 Reference value :  1.81438e-06
 Reference value :  1.81452e-06
 Reference value :  1.81467e-06
 Reference value :  1.81483e-06
 Reference value :  1.81499e-06
 Reference value :  1.81515e-06
 Reference value :  1.81530e-06
 Reference value :  1.81546e-06
 Reference value :  1.81561e-06
 Reference value :  1.81581e-06
 Reference value :  1.81599e-06
 Reference value :  1.81617e-06
 Reference value :  1.81632e-06
 Reference value :  1.81653e-06
 Reference value :  1.81674e-06
 Reference value :  1.81691e-06
 Reference value :  1.81713e-06
 Reference value :  1.81729e-06
 Reference value :  1.81744e-06
 Reference value :  1.81759e-06
 Reference value :  1.81773e-06
 Reference value :  1.81787e-06
 Reference value :  1.81803e-06
 Reference value :  1.81817e-06
 Reference value :  1.81832e-06
 Reference value :  1.81845e-06
 Reference value :  1.81862e-06
 Reference value :  1.81879e-06
 Reference value :  1.81900e-06
 Reference value :  1.81916e-06
 Reference value :  1.81931e-06
 Reference value :  1.81949e-06
 Reference value :  1.81966e-06
 Reference value :  1.81981e-06
 Reference value :  1.81998e-06
 Reference value :  1.82014e-06
 Reference value :  1.82029e-06
 Reference value :  1.82045e-06
 Reference value :  1.82068e-06
 Reference value :  1.82088e-06
 Reference value :  1.82106e-06
 Reference value :  1.82122e-06
 Reference value :  1.82144e-06
 Reference value :  1.82164e-06
 Reference value :  1.82179e-06
 Reference value :  1.82193e-06
 Reference value :  1.82209e-06
 Reference value :  1.82229e-06
 Reference value :  1.82244e-06
 Reference value :  1.82258e-06
 Reference value :  1.82278e-06
 Reference value :  1.82294e-06
 Reference value :  1.82307e-06
 Reference value :  1.82324e-06
 Reference value :  1.82338e-06
 Reference value :  1.82352e-06
 Reference value :  1.82365e-06
 Reference value :  1.82379e-06
 Reference value :  1.82393e-06
 Reference value :  1.82407e-06
 Reference value :  1.82420e-06
 Reference value :  1.82433e-06
 Reference value :  1.82452e-06
 Reference value :  1.82468e-06
 Reference value :  1.82488e-06
 Reference value :  1.82506e-06
 Reference value :  1.82529e-06
 Reference value :  1.82547e-06
 Reference value :  1.82560e-06
 Reference value :  1.82574e-06
 Reference value :  1.82588e-06
 Reference value :  1.82603e-06
 Reference value :  1.82619e-06
 Reference value :  1.82634e-06
 Reference value :  1.82648e-06
 Reference value :  1.82664e-06
 Reference value :  1.82679e-06
 Reference value :  1.82695e-06
 Reference value :  1.82711e-06
 Reference value :  1.82725e-06
 Reference value :  1.82740e-06
 Reference value :  1.82756e-06
 Reference value :  1.82772e-06
 Reference value :  1.82787e-06
 Reference value :  1.82804e-06
 Reference value :  1.82820e-06
 Reference value :  1.82835e-06
 Reference value :  1.82850e-06
 Reference value :  1.82865e-06
 Reference value :  1.82881e-06
 Reference value :  1.82896e-06
 Reference value :  1.82912e-06
 Reference value :  1.82927e-06
 Reference value :  1.82943e-06
 Reference value :  1.82958e-06
 Reference value :  1.82974e-06
 Reference value :  1.82989e-06
 Reference value :  1.83005e-06
 Reference value :  1.83020e-06
 Reference value :  1.83039e-06
 Reference value :  1.83057e-06
 Reference value :  1.83076e-06
 Reference value :  1.83094e-06
 Reference value :  1.83111e-06
 Reference value :  1.83127e-06
 Reference value :  1.83143e-06
 Reference value :  1.83159e-06
 Reference value :  1.83175e-06
 Reference value :  1.83191e-06
 Reference value :  1.83207e-06
 Reference value :  1.83223e-06
 Reference value :  1.83238e-06
 Reference value :  1.83254e-06
 Reference value :  1.83269e-06
 Reference value :  1.83285e-06
 Reference value :  1.83300e-06
 Reference value :  1.83317e-06
 Reference value :  1.83332e-06
 Reference value :  1.83347e-06
 Reference value :  1.83362e-06
 Reference value :  1.83378e-06
 Reference value :  1.83394e-06
 Reference value :  1.83410e-06
 Reference value :  1.83426e-06
 Reference value :  1.83443e-06
 Reference value :  1.83462e-06
 Reference value :  1.83479e-06
 Reference value :  1.83498e-06
 Reference value :  1.83516e-06
 Reference value :  1.83534e-06
 Reference value :  1.83552e-06
 Reference value :  1.83570e-06
 Reference value :  1.83587e-06
 Reference value :  1.83604e-06
 Reference value :  1.83620e-06
 Reference value :  1.83636e-06
 Reference value :  1.83650e-06
 Reference value :  1.83664e-06
 Reference value :  1.83678e-06
 Reference value :  1.83692e-06
 Reference value :  1.83706e-06
 Reference value :  1.83731e-06
 Reference value :  1.83745e-06
 Reference value :  1.83759e-06
 Reference value :  1.83773e-06
 Reference value :  1.83789e-06
 Reference value :  1.83806e-06
 Reference value :  1.83821e-06
 Reference value :  1.83840e-06
 Reference value :  1.83855e-06
 Reference value :  1.83878e-06
 Reference value :  1.83893e-06
 Reference value :  1.83909e-06
 Reference value :  1.83924e-06
 Reference value :  1.83940e-06
 Reference value :  1.83957e-06
 Reference value :  1.83973e-06
 Reference value :  1.83991e-06
 Reference value :  1.84008e-06
 Reference value :  1.84025e-06
 Reference value :  1.84040e-06
 Reference value :  1.84055e-06
 Reference value :  1.84070e-06
 Reference value :  1.84086e-06
 Reference value :  1.84102e-06
 Reference value :  1.84120e-06
 Reference value :  1.84137e-06
 Reference value :  1.84155e-06
 Reference value :  1.84172e-06
 Reference value :  1.84194e-06
 Reference value :  1.84215e-06
 Reference value :  1.84236e-06
 Reference value :  1.84258e-06
 Reference value :  1.84282e-06
 Reference value :  1.84302e-06
 Reference value :  1.84326e-06
 Reference value :  1.84350e-06
 Reference value :  1.84376e-06
 Reference value :  1.84399e-06
 Reference value :  1.84416e-06
 Reference value :  1.84430e-06
 Reference value :  1.84446e-06
 Reference value :  1.84462e-06
 Reference value :  1.84477e-06
 Reference value :  1.84491e-06
 Reference value :  1.84505e-06
 Reference value :  1.84519e-06
 Reference value :  1.84537e-06
 Reference value :  1.84551e-06
 Reference value :  1.84568e-06
 Reference value :  1.84585e-06
 Reference value :  1.84601e-06
 Reference value :  1.84617e-06
 Reference value :  1.84634e-06
 Reference value :  1.84650e-06
 Reference value :  1.84666e-06
 Reference value :  1.84683e-06
 Reference value :  1.84698e-06
 Reference value :  1.84716e-06
 Reference value :  1.84733e-06
 Reference value :  1.84750e-06
 Reference value :  1.84766e-06
 Reference value :  1.84782e-06
 Reference value :  1.84796e-06
 Reference value :  1.84811e-06
 Reference value :  1.84830e-06
 Reference value :  1.84844e-06
 Reference value :  1.84859e-06
 Reference value :  1.84874e-06
 Reference value :  1.84889e-06
 Reference value :  1.84904e-06
 Reference value :  1.84920e-06
 Reference value :  1.84935e-06
 Reference value :  1.84950e-06
 Reference value :  1.84965e-06
 Reference value :  1.84980e-06
 Reference value :  1.84996e-06
 Reference value :  1.85013e-06
 Reference value :  1.85029e-06
 Reference value :  1.85047e-06
 Reference value :  1.85064e-06
 Reference value :  1.85081e-06
 Reference value :  1.85098e-06
 Reference value :  1.85115e-06
 Reference value :  1.85132e-06
 Reference value :  1.85148e-06
 Reference value :  1.85164e-06
 Reference value :  1.85181e-06
 Reference value :  1.85196e-06
 Reference value :  1.85214e-06
 Reference value :  1.85232e-06
 Reference value :  1.85249e-06
 Reference value :  1.85266e-06
 Reference value :  1.85283e-06
 Reference value :  1.85298e-06
 Reference value :  1.85315e-06
 Reference value :  1.85332e-06
 Reference value :  1.85346e-06
 Reference value :  1.85364e-06
 Reference value :  1.85382e-06
 Reference value :  1.85398e-06
 Reference value :  1.85414e-06
 Reference value :  1.85429e-06
 Reference value :  1.85445e-06
 Reference value :  1.85462e-06
 Reference value :  1.85479e-06
 Reference value :  1.85496e-06
 Reference value :  1.85512e-06
 Reference value :  1.85534e-06
 Reference value :  1.85560e-06
 Reference value :  1.85583e-06
 Reference value :  1.85605e-06
 Reference value :  1.85629e-06
 Reference value :  1.85656e-06
 Reference value :  1.85676e-06
 Reference value :  1.85694e-06
 Reference value :  1.85711e-06
 Reference value :  1.85730e-06
 Reference value :  1.85748e-06
 Reference value :  1.85764e-06
 Reference value :  1.85782e-06
 Reference value :  1.85799e-06
 Reference value :  1.85819e-06
 Reference value :  1.85836e-06
 Reference value :  1.85854e-06
 Reference value :  1.85873e-06
 Reference value :  1.85889e-06
 Reference value :  1.85914e-06
 Reference value :  1.85932e-06
 Reference value :  1.85947e-06
 Reference value :  1.85963e-06
 Reference value :  1.85979e-06
 Reference value :  1.85994e-06
 Reference value :  1.86011e-06
 Reference value :  1.86025e-06
 Reference value :  1.86042e-06
 Reference value :  1.86059e-06
 Reference value :  1.86080e-06
 Reference value :  1.86102e-06
 Reference value :  1.86120e-06
 Reference value :  1.86136e-06
 Reference value :  1.86155e-06
 Reference value :  1.86172e-06
 Reference value :  1.86191e-06
 Reference value :  1.86208e-06
 Reference value :  1.86226e-06
 Reference value :  1.86242e-06
 Reference value :  1.86258e-06
 Reference value :  1.86274e-06
 Reference value :  1.86290e-06
 Reference value :  1.86306e-06
 Reference value :  1.86324e-06
 Reference value :  1.86342e-06
 Reference value :  1.86358e-06
 Reference value :  1.86375e-06
 Reference value :  1.86392e-06
 Reference value :  1.86410e-06
 Reference value :  1.86427e-06
 Reference value :  1.86444e-06
 Reference value :  1.86461e-06
 Reference value :  1.86479e-06
 Reference value :  1.86495e-06
 Reference value :  1.86511e-06
 Reference value :  1.86527e-06
 Reference value :  1.86544e-06
 Reference value :  1.86560e-06
 Reference value :  1.86575e-06
 Reference value :  1.86592e-06
 Reference value :  1.86607e-06
 Reference value :  1.86623e-06
 Reference value :  1.86638e-06
 Reference value :  1.86654e-06
 Reference value :  1.86669e-06
 Reference value :  1.86685e-06
 Reference value :  1.86701e-06
 Reference value :  1.86717e-06
 Reference value :  1.86734e-06
 Reference value :  1.86752e-06
 Reference value :  1.86768e-06
 Reference value :  1.86783e-06
 Reference value :  1.86799e-06
 Reference value :  1.86815e-06
 Reference value :  1.86833e-06
 Reference value :  1.86849e-06
 Reference value :  1.86865e-06
 Reference value :  1.86883e-06
 Reference value :  1.86901e-06
 Reference value :  1.86918e-06
 Reference value :  1.86934e-06
 Reference value :  1.86951e-06
 Reference value :  1.86969e-06
 Reference value :  1.86987e-06
 Reference value :  1.87003e-06
 Reference value :  1.87018e-06
 Reference value :  1.87034e-06
 Reference value :  1.87050e-06
 Reference value :  1.87067e-06
 Reference value :  1.87084e-06
 Reference value :  1.87102e-06
 Reference value :  1.87120e-06
 Reference value :  1.87137e-06
 Reference value :  1.87153e-06
 Reference value :  1.87170e-06
 Reference value :  1.87186e-06
 Reference value :  1.87205e-06
 Reference value :  1.87221e-06
 Reference value :  1.87238e-06
 Reference value :  1.87254e-06
 Reference value :  1.87269e-06
 Reference value :  1.87285e-06
 Reference value :  1.87302e-06
 Reference value :  1.87318e-06
 Reference value :  1.87335e-06
 Reference value :  1.87351e-06
 Reference value :  1.87369e-06
 Reference value :  1.87385e-06
 Reference value :  1.87402e-06
 Reference value :  1.87417e-06
 Reference value :  1.87432e-06
 Reference value :  1.87447e-06
 Reference value :  1.87462e-06
 Reference value :  1.87484e-06
 Reference value :  1.87500e-06
 Reference value :  1.87517e-06
 Reference value :  1.87535e-06
 Reference value :  1.87553e-06
 Reference value :  1.87570e-06
 Reference value :  1.87588e-06
 Reference value :  1.87604e-06
 Reference value :  1.87621e-06
 Reference value :  1.87637e-06
 Reference value :  1.87655e-06
 Reference value :  1.87670e-06
 Reference value :  1.87687e-06
 Reference value :  1.87704e-06
 Reference value :  1.87721e-06
 Reference value :  1.87738e-06
 Reference value :  1.87755e-06
 Reference value :  1.87773e-06
 Reference value :  1.87790e-06
 Reference value :  1.87808e-06
 Reference value :  1.87826e-06
 Reference value :  1.87840e-06
 Reference value :  1.87858e-06
 Reference value :  1.87876e-06
 Reference value :  1.87893e-06
 Reference value :  1.87911e-06
 Reference value :  1.87928e-06
 Reference value :  1.87944e-06
 Reference value :  1.87960e-06
 Reference value :  1.87976e-06
 Reference value :  1.87992e-06
 Reference value :  1.88007e-06
 Reference value :  1.88024e-06
 Reference value :  1.88040e-06
 Reference value :  1.88058e-06
 Reference value :  1.88076e-06
 Reference value :  1.88094e-06
 Reference value :  1.88112e-06
 Reference value :  1.88129e-06
 Reference value :  1.88144e-06
 Reference value :  1.88159e-06
 Reference value :  1.88176e-06
 Reference value :  1.88192e-06
 Reference value :  1.88208e-06
 Reference value :  1.88225e-06
 Reference value :  1.88243e-06
 Reference value :  1.88259e-06
 Reference value :  1.88276e-06
 Reference value :  1.88294e-06
 Reference value :  1.88312e-06
 Reference value :  1.88329e-06
 Reference value :  1.88346e-06
 Reference value :  1.88363e-06
 Reference value :  1.88379e-06
 Reference value :  1.88397e-06
 Reference value :  1.88414e-06
 Reference value :  1.88431e-06
 Reference value :  1.88449e-06
 Reference value :  1.88465e-06
 Reference value :  1.88481e-06
 Reference value :  1.88497e-06
 Reference value :  1.88514e-06
 Reference value :  1.88529e-06
 Reference value :  1.88544e-06
 Reference value :  1.88561e-06
 Reference value :  1.88577e-06
 Reference value :  1.88592e-06
 Reference value :  1.88607e-06
 Reference value :  1.88626e-06
 Reference value :  1.88642e-06
 Reference value :  1.88658e-06
 Reference value :  1.88674e-06
 Reference value :  1.88689e-06
 Reference value :  1.88704e-06
 Reference value :  1.88719e-06
 Reference value :  1.88735e-06
 Reference value :  1.88751e-06
 Reference value :  1.88766e-06
 Reference value :  1.88783e-06
 Reference value :  1.88800e-06
 Reference value :  1.88816e-06
 Reference value :  1.88833e-06
 Reference value :  1.88850e-06
 Reference value :  1.88866e-06
 Reference value :  1.88882e-06
 Reference value :  1.88898e-06
 Reference value :  1.88915e-06
 Reference value :  1.88930e-06
 Reference value :  1.88946e-06
 Reference value :  1.88960e-06
 Reference value :  1.88975e-06
 Reference value :  1.88993e-06
 Reference value :  1.89010e-06
 Reference value :  1.89028e-06
 Reference value :  1.89046e-06
 Reference value :  1.89063e-06
 Reference value :  1.89079e-06
 Reference value :  1.89098e-06
 Reference value :  1.89115e-06
 Reference value :  1.89132e-06
 Reference value :  1.89149e-06
 Reference value :  1.89165e-06
 Reference value :  1.89181e-06
 Reference value :  1.89198e-06
 Reference value :  1.89215e-06
 Reference value :  1.89231e-06
 Reference value :  1.89247e-06
 Reference value :  1.89262e-06
 Reference value :  1.89279e-06
 Reference value :  1.89295e-06
 Reference value :  1.89311e-06
 Reference value :  1.89327e-06
 Reference value :  1.89344e-06
 Reference value :  1.89360e-06
 Reference value :  1.89377e-06
 Reference value :  1.89393e-06
 Reference value :  1.89409e-06
 Reference value :  1.89426e-06
 Reference value :  1.89440e-06
 Reference value :  1.89455e-06
 Reference value :  1.89471e-06
 Reference value :  1.89487e-06
 Reference value :  1.89503e-06
 Reference value :  1.89519e-06
 Reference value :  1.89536e-06
 Reference value :  1.89552e-06
 Reference value :  1.89568e-06
 Reference value :  1.89584e-06
 Reference value :  1.89601e-06
 Reference value :  1.89618e-06
 Reference value :  1.89636e-06
 Reference value :  1.89653e-06
 Reference value :  1.89668e-06
 Reference value :  1.89683e-06
 Reference value :  1.89700e-06
 Reference value :  1.89715e-06
 Reference value :  1.89731e-06
 Reference value :  1.89748e-06
 Reference value :  1.89765e-06
 Reference value :  1.89782e-06
 Reference value :  1.89798e-06
 Reference value :  1.89814e-06
 Reference value :  1.89831e-06
 Reference value :  1.89847e-06
 Reference value :  1.89864e-06
 Reference value :  1.89882e-06
 Reference value :  1.89899e-06
 Reference value :  1.89918e-06
 Reference value :  1.89935e-06
 Reference value :  1.89950e-06
 Reference value :  1.89966e-06
 Reference value :  1.89983e-06
 Reference value :  1.90000e-06
 Reference value :  1.90015e-06
 Reference value :  1.90032e-06
 Reference value :  1.90048e-06
 Reference value :  1.90063e-06
 Reference value :  1.90082e-06
 Reference value :  1.90099e-06
 Reference value :  1.90117e-06
 Reference value :  1.90135e-06
 Reference value :  1.90151e-06
 Reference value :  1.90170e-06
 Reference value :  1.90187e-06
 Reference value :  1.90205e-06
 Reference value :  1.90220e-06
 Reference value :  1.90237e-06
 Reference value :  1.90254e-06
 Reference value :  1.90270e-06
 Reference value :  1.90285e-06
 Reference value :  1.90301e-06
 Reference value :  1.90318e-06
 Reference value :  1.90332e-06
 Reference value :  1.90348e-06
 Reference value :  1.90363e-06
 Reference value :  1.90379e-06
 Reference value :  1.90395e-06
 Reference value :  1.90410e-06
 Reference value :  1.90426e-06
 Reference value :  1.90441e-06
 Reference value :  1.90456e-06
 Reference value :  1.90471e-06
 Reference value :  1.90486e-06
 Reference value :  1.90502e-06
 Reference value :  1.90518e-06
 Reference value :  1.90533e-06
 Reference value :  1.90549e-06
 Reference value :  1.90565e-06
 Reference value :  1.90581e-06
 Reference value :  1.90598e-06
 Reference value :  1.90616e-06
 Reference value :  1.90634e-06
 Reference value :  1.90653e-06
 Reference value :  1.90670e-06
 Reference value :  1.90686e-06
 Reference value :  1.90701e-06
 Reference value :  1.90717e-06
 Reference value :  1.90732e-06
 Reference value :  1.90748e-06
 Reference value :  1.90765e-06
 Reference value :  1.90782e-06
 Reference value :  1.90798e-06
 Reference value :  1.90814e-06
 Reference value :  1.90831e-06
 Reference value :  1.90847e-06
 Reference value :  1.90862e-06
 Reference value :  1.90878e-06
 Reference value :  1.90893e-06
 Reference value :  1.90909e-06
 Reference value :  1.90924e-06
 Reference value :  1.90939e-06
 Reference value :  1.90955e-06
 Reference value :  1.90969e-06
 Reference value :  1.90984e-06
 Reference value :  1.90998e-06
 Reference value :  1.91013e-06
 Reference value :  1.91028e-06
 Reference value :  1.91042e-06
 Reference value :  1.91057e-06
 Reference value :  1.91072e-06
 Reference value :  1.91088e-06
 Reference value :  1.91104e-06
 Reference value :  1.91119e-06
 Reference value :  1.91133e-06
 Reference value :  1.91149e-06
 Reference value :  1.91164e-06
 Reference value :  1.91179e-06
 Reference value :  1.91196e-06
 Reference value :  1.91212e-06
 Reference value :  1.91227e-06
 Reference value :  1.91243e-06
 Reference value :  1.91259e-06
 Reference value :  1.91274e-06
 Reference value :  1.91290e-06
 Reference value :  1.91305e-06
 Reference value :  1.91321e-06
 Reference value :  1.91337e-06
 Reference value :  1.91353e-06
 Reference value :  1.91371e-06
 Reference value :  1.91386e-06
 Reference value :  1.91402e-06
 Reference value :  1.91418e-06
 Reference value :  1.91434e-06
 Reference value :  1.91450e-06
 Reference value :  1.91465e-06
 Reference value :  1.91480e-06
 Reference value :  1.91495e-06
 Reference value :  1.91510e-06
 Reference value :  1.91525e-06
 Reference value :  1.91542e-06
 Reference value :  1.91558e-06
 Reference value :  1.91576e-06
 Reference value :  1.91592e-06
 Reference value :  1.91607e-06
 Reference value :  1.91623e-06
 Reference value :  1.91638e-06
 Reference value :  1.91654e-06
 Reference value :  1.91669e-06
 Reference value :  1.91685e-06
 Reference value :  1.91701e-06
 Reference value :  1.91715e-06
 Reference value :  1.91732e-06
 Reference value :  1.91747e-06
 Reference value :  1.91763e-06
 Reference value :  1.91778e-06
 Reference value :  1.91793e-06
 Reference value :  1.91808e-06
 Reference value :  1.91828e-06
 Reference value :  1.91842e-06
 Reference value :  1.91857e-06
 Reference value :  1.91874e-06
 Reference value :  1.91888e-06
 Reference value :  1.91902e-06
 Reference value :  1.91918e-06
 Reference value :  1.91932e-06
 Reference value :  1.91947e-06
 Reference value :  1.91963e-06
 Reference value :  1.91978e-06
 Reference value :  1.91993e-06
 Reference value :  1.92009e-06
 Reference value :  1.92023e-06
 Reference value :  1.92039e-06
 Reference value :  1.92054e-06
 Reference value :  1.92068e-06
 Reference value :  1.92083e-06
 Reference value :  1.92098e-06
 Reference value :  1.92114e-06
 Reference value :  1.92131e-06
 Reference value :  1.92146e-06
 Reference value :  1.92160e-06
 Reference value :  1.92176e-06
 Reference value :  1.92190e-06
 Reference value :  1.92205e-06
 Reference value :  1.92220e-06
 Reference value :  1.92234e-06
 Reference value :  1.92249e-06
 Reference value :  1.92263e-06
 Reference value :  1.92277e-06
 Reference value :  1.92292e-06
 Reference value :  1.92307e-06
 Reference value :  1.92321e-06
 Reference value :  1.92336e-06
 Reference value :  1.92351e-06
 Reference value :  1.92366e-06
 Reference value :  1.92381e-06
 Reference value :  1.92396e-06
 Reference value :  1.92411e-06
 Reference value :  1.92425e-06
 Reference value :  1.92441e-06
 Reference value :  1.92455e-06
 Reference value :  1.92470e-06
 Reference value :  1.92485e-06
 Reference value :  1.92500e-06
 Reference value :  1.92517e-06
 Reference value :  1.92533e-06
 Reference value :  1.92549e-06
 Reference value :  1.92563e-06
 Reference value :  1.92579e-06
 Reference value :  1.92594e-06
 Reference value :  1.92608e-06
 Reference value :  1.92622e-06
 Reference value :  1.92636e-06
 Reference value :  1.92650e-06
 Reference value :  1.92663e-06
 Reference value :  1.92677e-06
 Reference value :  1.92691e-06
 Reference value :  1.92705e-06
 Reference value :  1.92718e-06
 Reference value :  1.92732e-06
 Reference value :  1.92745e-06
 Reference value :  1.92760e-06
 Reference value :  1.92773e-06
 Reference value :  1.92786e-06
 Reference value :  1.92800e-06
 Reference value :  1.92815e-06
 Reference value :  1.92829e-06
 Reference value :  1.92843e-06
 Reference value :  1.92856e-06
 Reference value :  1.92870e-06
 Reference value :  1.92883e-06
 Reference value :  1.92897e-06
 Reference value :  1.92910e-06
 Reference value :  1.92923e-06
 Reference value :  1.92942e-06
 Reference value :  1.92957e-06
 Reference value :  1.92971e-06
 Reference value :  1.92989e-06
 Reference value :  1.93004e-06
 Reference value :  1.93019e-06
 Reference value :  1.93035e-06
 Reference value :  1.93049e-06
 Reference value :  1.93064e-06
 Reference value :  1.93078e-06
 Reference value :  1.93094e-06
 Reference value :  1.93110e-06
 Reference value :  1.93126e-06
 Reference value :  1.93141e-06
 Reference value :  1.93159e-06
 Reference value :  1.93175e-06
 Reference value :  1.93191e-06
 Reference value :  1.93205e-06
 Reference value :  1.93220e-06
 Reference value :  1.93236e-06
 Reference value :  1.93252e-06
 Reference value :  1.93266e-06
 Reference value :  1.93282e-06
 Reference value :  1.93296e-06
 Reference value :  1.93310e-06
 Reference value :  1.93325e-06
 Reference value :  1.93340e-06
 Reference value :  1.93355e-06
 Reference value :  1.93371e-06
 Reference value :  1.93386e-06
 Reference value :  1.93400e-06
 Reference value :  1.93417e-06
 Reference value :  1.93433e-06
 Reference value :  1.93450e-06
 Reference value :  1.93465e-06
 Reference value :  1.93480e-06
 Reference value :  1.93495e-06
 Reference value :  1.93510e-06
 Reference value :  1.93525e-06
 Reference value :  1.93539e-06
 Reference value :  1.93553e-06
 Reference value :  1.93566e-06
 Reference value :  1.93579e-06
 Reference value :  1.93593e-06
 Reference value :  1.93606e-06
 Reference value :  1.93620e-06
 Reference value :  1.93634e-06
 Reference value :  1.93647e-06
 Reference value :  1.93660e-06
 Reference value :  1.93674e-06
 Reference value :  1.93688e-06
 Reference value :  1.93702e-06
 Reference value :  1.93718e-06
 Reference value :  1.93733e-06
 Reference value :  1.93747e-06
 Reference value :  1.93761e-06
 Reference value :  1.93776e-06
 Reference value :  1.93790e-06
 Reference value :  1.93805e-06
 Reference value :  1.93820e-06
 Reference value :  1.93834e-06
 Reference value :  1.93848e-06
 Reference value :  1.93862e-06
 Reference value :  1.93877e-06
 Reference value :  1.93893e-06
 Reference value :  1.93908e-06
 Reference value :  1.93923e-06
 Reference value :  1.93938e-06
 Reference value :  1.93952e-06
 Reference value :  1.93968e-06
 Reference value :  1.93982e-06
 Reference value :  1.93997e-06
 Reference value :  1.94011e-06
 Reference value :  1.94025e-06
 Reference value :  1.94041e-06
 Reference value :  1.94057e-06
 Reference value :  1.94073e-06
 Reference value :  1.94088e-06
 Reference value :  1.94102e-06
 Reference value :  1.94116e-06
 Reference value :  1.94130e-06
 Reference value :  1.94143e-06
 Reference value :  1.94157e-06
 Reference value :  1.94171e-06
 Reference value :  1.94185e-06
 Reference value :  1.94198e-06
 Reference value :  1.94212e-06
 Reference value :  1.94225e-06
 Reference value :  1.94238e-06
 Reference value :  1.94252e-06
 Reference value :  1.94265e-06
 Reference value :  1.94278e-06
 Reference value :  1.94292e-06
 Reference value :  1.94305e-06
 Reference value :  1.94319e-06
 Reference value :  1.94332e-06
 Reference value :  1.94346e-06
 Reference value :  1.94360e-06
 Reference value :  1.94374e-06
 Reference value :  1.94388e-06
 Reference value :  1.94402e-06
 Reference value :  1.94416e-06
 Reference value :  1.94429e-06
 Reference value :  1.94443e-06
 Reference value :  1.94457e-06
 Reference value :  1.94470e-06
 Reference value :  1.94485e-06
 Reference value :  1.94500e-06
 Reference value :  1.94514e-06
 Reference value :  1.94528e-06
 Reference value :  1.94543e-06
 Reference value :  1.94557e-06
 Reference value :  1.94571e-06
 Reference value :  1.94585e-06
 Reference value :  1.94598e-06
 Reference value :  1.94612e-06
 Reference value :  1.94627e-06
 Reference value :  1.94641e-06
 Reference value :  1.94655e-06
 Reference value :  1.94669e-06
 Reference value :  1.94682e-06
 Reference value :  1.94696e-06
 Reference value :  1.94710e-06
 Reference value :  1.94723e-06
 Reference value :  1.94737e-06
 Reference value :  1.94753e-06
 Reference value :  1.94769e-06
 Reference value :  1.94784e-06
 Reference value :  1.94800e-06
 Reference value :  1.94815e-06
 Reference value :  1.94830e-06
 Reference value :  1.94845e-06
 Reference value :  1.94860e-06
 Reference value :  1.94875e-06
 Reference value :  1.94890e-06
 Reference value :  1.94905e-06
 Reference value :  1.94921e-06
 Reference value :  1.94938e-06
 Reference value :  1.94954e-06
 Reference value :  1.94970e-06
 Reference value :  1.94986e-06
 Reference value :  1.95000e-06
 Reference value :  1.95015e-06
 Reference value :  1.95030e-06
 Reference value :  1.95046e-06
 Reference value :  1.95060e-06
 Reference value :  1.95076e-06
 Reference value :  1.95091e-06
 Reference value :  1.95106e-06
 Reference value :  1.95121e-06
 Reference value :  1.95136e-06
 Reference value :  1.95151e-06
 Reference value :  1.95166e-06
 Reference value :  1.95181e-06
 Reference value :  1.95195e-06
 Reference value :  1.95210e-06
 Reference value :  1.95224e-06
 Reference value :  1.95240e-06
 Reference value :  1.95255e-06
 Reference value :  1.95270e-06
 Reference value :  1.95286e-06
 Reference value :  1.95302e-06
 Reference value :  1.95318e-06
 Reference value :  1.95333e-06
 Reference value :  1.95348e-06
 Reference value :  1.95363e-06
 Reference value :  1.95378e-06
 Reference value :  1.95393e-06
 Reference value :  1.95409e-06
 Reference value :  1.95424e-06
 Reference value :  1.95440e-06
 Reference value :  1.95455e-06
 Reference value :  1.95470e-06
 Reference value :  1.95486e-06
 Reference value :  1.95500e-06
 Reference value :  1.95514e-06
 Reference value :  1.95530e-06
 Reference value :  1.95545e-06
 Reference value :  1.95560e-06
 Reference value :  1.95575e-06
 Reference value :  1.95590e-06
 Reference value :  1.95605e-06
 Reference value :  1.95619e-06
 Reference value :  1.95634e-06
 Reference value :  1.95650e-06
 Reference value :  1.95667e-06
 Reference value :  1.95683e-06
 Reference value :  1.95698e-06
 Reference value :  1.95714e-06
 Reference value :  1.95729e-06
 Reference value :  1.95745e-06
 Reference value :  1.95760e-06
 Reference value :  1.95775e-06
 Reference value :  1.95790e-06
 Reference value :  1.95805e-06
 Reference value :  1.95821e-06
 Reference value :  1.95838e-06
 Reference value :  1.95852e-06
 Reference value :  1.95866e-06
 Reference value :  1.95881e-06
 Reference value :  1.95897e-06
 Reference value :  1.95912e-06
 Reference value :  1.95928e-06
 Reference value :  1.95943e-06
 Reference value :  1.95958e-06
 Reference value :  1.95973e-06
 Reference value :  1.95989e-06
 Reference value :  1.96005e-06
 Reference value :  1.96021e-06
 Reference value :  1.96036e-06
 Reference value :  1.96052e-06
 Reference value :  1.96068e-06
 Reference value :  1.96084e-06
 Reference value :  1.96100e-06
 Reference value :  1.96117e-06
 Reference value :  1.96133e-06
 Reference value :  1.96149e-06
 Reference value :  1.96164e-06
 Reference value :  1.96181e-06
 Reference value :  1.96197e-06
 Reference value :  1.96212e-06
 Reference value :  1.96229e-06
 Reference value :  1.96246e-06
 Reference value :  1.96266e-06
 Reference value :  1.96280e-06
 Reference value :  1.96296e-06
 Reference value :  1.96312e-06
 Reference value :  1.96327e-06
 Reference value :  1.96343e-06
 Reference value :  1.96359e-06
 Reference value :  1.96376e-06
 Reference value :  1.96391e-06
 Reference value :  1.96406e-06
 Reference value :  1.96422e-06
 Reference value :  1.96439e-06
 Reference value :  1.96457e-06
 Reference value :  1.96474e-06
 Reference value :  1.96490e-06
 Reference value :  1.96508e-06
 Reference value :  1.96526e-06
 Reference value :  1.96543e-06
 Reference value :  1.96558e-06
 Reference value :  1.96574e-06
 Reference value :  1.96589e-06
 Reference value :  1.96605e-06
 Reference value :  1.96620e-06
 Reference value :  1.96634e-06
 Reference value :  1.96651e-06
 Reference value :  1.96667e-06
 Reference value :  1.96682e-06
 Reference value :  1.96698e-06
 Reference value :  1.96713e-06
 Reference value :  1.96728e-06
 Reference value :  1.96746e-06
 Reference value :  1.96762e-06
 Reference value :  1.96780e-06
 Reference value :  1.96798e-06
 Reference value :  1.96815e-06
 Reference value :  1.96832e-06
 Reference value :  1.96852e-06
 Reference value :  1.96870e-06
 Reference value :  1.96888e-06
 Reference value :  1.96907e-06
 Reference value :  1.96925e-06
 Reference value :  1.96941e-06
 Reference value :  1.96957e-06
 Reference value :  1.96973e-06
 Reference value :  1.96988e-06
 Reference value :  1.97004e-06
 Reference value :  1.97021e-06
 Reference value :  1.97038e-06
 Reference value :  1.97054e-06
 Reference value :  1.97071e-06
 Reference value :  1.97086e-06
 Reference value :  1.97102e-06
 Reference value :  1.97118e-06
 Reference value :  1.97133e-06
 Reference value :  1.97149e-06
 Reference value :  1.97165e-06
 Reference value :  1.97181e-06
 Reference value :  1.97198e-06
 Reference value :  1.97215e-06
 Reference value :  1.97234e-06
 Reference value :  1.97252e-06
 Reference value :  1.97267e-06
 Reference value :  1.97284e-06
 Reference value :  1.97300e-06
 Reference value :  1.97317e-06
 Reference value :  1.97334e-06
 Reference value :  1.97349e-06
 Reference value :  1.97366e-06
 Reference value :  1.97384e-06
 Reference value :  1.97404e-06
 Reference value :  1.97422e-06
 Reference value :  1.97438e-06
 Reference value :  1.97455e-06
 Reference value :  1.97476e-06
 Reference value :  1.97500e-06
 Reference value :  1.97525e-06
 Reference value :  1.97550e-06
 Reference value :  1.97573e-06
 Reference value :  1.97599e-06
 Reference value :  1.97623e-06
 Reference value :  1.97648e-06
 Reference value :  1.97673e-06
 Reference value :  1.97693e-06
 Reference value :  1.97709e-06
 Reference value :  1.97726e-06
 Reference value :  1.97742e-06
 Reference value :  1.97758e-06
 Reference value :  1.97776e-06
 Reference value :  1.97793e-06
 Reference value :  1.97810e-06
 Reference value :  1.97828e-06
 Reference value :  1.97845e-06
 Reference value :  1.97862e-06
 Reference value :  1.97877e-06
 Reference value :  1.97892e-06
 Reference value :  1.97908e-06
 Reference value :  1.97925e-06
 Reference value :  1.97943e-06
 Reference value :  1.97962e-06
 Reference value :  1.97979e-06
 Reference value :  1.97996e-06
 Reference value :  1.98015e-06
 Reference value :  1.98033e-06
 Reference value :  1.98051e-06
 Reference value :  1.98068e-06
 Reference value :  1.98086e-06
 Reference value :  1.98104e-06
 Reference value :  1.98121e-06
 Reference value :  1.98140e-06
 Reference value :  1.98155e-06
 Reference value :  1.98174e-06
 Reference value :  1.98193e-06
 Reference value :  1.98212e-06
 Reference value :  1.98228e-06
 Reference value :  1.98245e-06
 Reference value :  1.98263e-06
 Reference value :  1.98281e-06
 Reference value :  1.98300e-06
 Reference value :  1.98318e-06
 Reference value :  1.98333e-06
 Reference value :  1.98348e-06
 Reference value :  1.98364e-06
 Reference value :  1.98378e-06
 Reference value :  1.98398e-06
 Reference value :  1.98414e-06
 Reference value :  1.98430e-06
 Reference value :  1.98445e-06
 Reference value :  1.98460e-06
 Reference value :  1.98475e-06
 Reference value :  1.98492e-06
 Reference value :  1.98509e-06
 Reference value :  1.98527e-06
 Reference value :  1.98544e-06
 Reference value :  1.98561e-06
 Reference value :  1.98577e-06
 Reference value :  1.98593e-06
 Reference value :  1.98612e-06
 Reference value :  1.98629e-06
 Reference value :  1.98647e-06
 Reference value :  1.98663e-06
 Reference value :  1.98679e-06
 Reference value :  1.98695e-06
 Reference value :  1.98713e-06
 Reference value :  1.98728e-06
 Reference value :  1.98742e-06
 Reference value :  1.98756e-06
 Reference value :  1.98769e-06
 Reference value :  1.98785e-06
 Reference value :  1.98800e-06
 Reference value :  1.98816e-06
 Reference value :  1.98830e-06
 Reference value :  1.98845e-06
 Reference value :  1.98859e-06
 Reference value :  1.98874e-06
 Reference value :  1.98887e-06
 Reference value :  1.98901e-06
 Reference value :  1.98917e-06
 Reference value :  1.98930e-06
 Reference value :  1.98946e-06
 Reference value :  1.98959e-06
 Reference value :  1.98975e-06
 Reference value :  1.98990e-06
 Reference value :  1.99006e-06
 Reference value :  1.99020e-06
 Reference value :  1.99036e-06
 Reference value :  1.99051e-06
 Reference value :  1.99065e-06
 Reference value :  1.99081e-06
 Reference value :  1.99096e-06
 Reference value :  1.99112e-06
 Reference value :  1.99127e-06
 Reference value :  1.99139e-06
 Reference value :  1.99154e-06
 Reference value :  1.99169e-06
 Reference value :  1.99184e-06
 Reference value :  1.99199e-06
 Reference value :  1.99216e-06
 Reference value :  1.99233e-06
 Reference value :  1.99247e-06
 Reference value :  1.99262e-06
 Reference value :  1.99277e-06
 Reference value :  1.99292e-06
 Reference value :  1.99307e-06
 Reference value :  1.99322e-06
 Reference value :  1.99336e-06
 Reference value :  1.99350e-06
 Reference value :  1.99363e-06
 Reference value :  1.99377e-06
 Reference value :  1.99389e-06
 Reference value :  1.99402e-06
 Reference value :  1.99415e-06
 Reference value :  1.99429e-06
 Reference value :  1.99443e-06
 Reference value :  1.99457e-06
 Reference value :  1.99471e-06
 Reference value :  1.99485e-06
 Reference value :  1.99501e-06
 Reference value :  1.99516e-06
 Reference value :  1.99531e-06
 Reference value :  1.99547e-06
 Reference value :  1.99564e-06
 Reference value :  1.99582e-06
 Reference value :  1.99596e-06
 Reference value :  1.99610e-06
 Reference value :  1.99623e-06
 Reference value :  1.99637e-06
 Reference value :  1.99650e-06
 Reference value :  1.99665e-06
 Reference value :  1.99680e-06
 Reference value :  1.99693e-06
 Reference value :  1.99706e-06
 Reference value :  1.99720e-06
 Reference value :  1.99733e-06
 Reference value :  1.99747e-06
 Reference value :  1.99761e-06
 Reference value :  1.99779e-06
 Reference value :  1.99797e-06
 Reference value :  1.99812e-06
 Reference value :  1.99829e-06
 Reference value :  1.99847e-06
 Reference value :  1.99864e-06
 Reference value :  1.99881e-06
 Reference value :  1.99896e-06
 Reference value :  1.99911e-06
 Reference value :  1.99925e-06
 Reference value :  1.99940e-06
 Reference value :  1.99955e-06
 Reference value :  1.99971e-06
 Reference value :  1.99987e-06
 Reference value :  2.00005e-06
 Reference value :  2.00019e-06
 Reference value :  2.00036e-06
 Reference value :  2.00052e-06
 Reference value :  2.00067e-06
 Reference value :  2.00080e-06
 Reference value :  2.00095e-06
 Reference value :  2.00110e-06
 Reference value :  2.00126e-06
 Reference value :  2.00140e-06
 Reference value :  2.00156e-06
 Reference value :  2.00171e-06
 Reference value :  2.00184e-06
 Reference value :  2.00198e-06
 Reference value :  2.00212e-06
 Reference value :  2.00225e-06
 Reference value :  2.00239e-06
 Reference value :  2.00252e-06
 Reference value :  2.00266e-06
 Reference value :  2.00281e-06
 Reference value :  2.00295e-06
 Reference value :  2.00310e-06
 Reference value :  2.00326e-06
 Reference value :  2.00341e-06
 Reference value :  2.00354e-06
 Reference value :  2.00368e-06
 Reference value :  2.00381e-06
 Reference value :  2.00396e-06
 Reference value :  2.00410e-06
 Reference value :  2.00425e-06
 Reference value :  2.00439e-06
 Reference value :  2.00453e-06
 Reference value :  2.00467e-06
 Reference value :  2.00480e-06
 Reference value :  2.00494e-06
 Reference value :  2.00508e-06
 Reference value :  2.00522e-06
 Reference value :  2.00537e-06
 Reference value :  2.00551e-06
 Reference value :  2.00566e-06
 Reference value :  2.00580e-06
 Reference value :  2.00594e-06
 Reference value :  2.00608e-06
 Reference value :  2.00623e-06
 Reference value :  2.00637e-06
 Reference value :  2.00651e-06
 Reference value :  2.00663e-06
 Reference value :  2.00676e-06
 Reference value :  2.00691e-06
 Reference value :  2.00705e-06
 Reference value :  2.00720e-06
 Reference value :  2.00734e-06
 Reference value :  2.00749e-06
 Reference value :  2.00763e-06
 Reference value :  2.00777e-06
 Reference value :  2.00790e-06
 Reference value :  2.00803e-06
 Reference value :  2.00816e-06
 Reference value :  2.00829e-06
 Reference value :  2.00843e-06
 Reference value :  2.00856e-06
 Reference value :  2.00868e-06
 Reference value :  2.00883e-06
 Reference value :  2.00895e-06
 Reference value :  2.00908e-06
 Reference value :  2.00921e-06
 Reference value :  2.00935e-06
 Reference value :  2.00949e-06
 Reference value :  2.00962e-06
 Reference value :  2.00975e-06
 Reference value :  2.00989e-06
 Reference value :  2.01002e-06
 Reference value :  2.01014e-06
 Reference value :  2.01029e-06
 Reference value :  2.01042e-06
 Reference value :  2.01057e-06
 Reference value :  2.01072e-06
 Reference value :  2.01085e-06
 Reference value :  2.01099e-06
 Reference value :  2.01113e-06
 Reference value :  2.01126e-06
 Reference value :  2.01140e-06
 Reference value :  2.01153e-06
 Reference value :  2.01167e-06
 Reference value :  2.01182e-06
 Reference value :  2.01197e-06
 Reference value :  2.01211e-06
 Reference value :  2.01226e-06
 Reference value :  2.01240e-06
 Reference value :  2.01255e-06
 Reference value :  2.01270e-06
 Reference value :  2.01284e-06
 Reference value :  2.01298e-06
 Reference value :  2.01315e-06
 Reference value :  2.01329e-06
 Reference value :  2.01346e-06
 Reference value :  2.01361e-06
 Reference value :  2.01375e-06
 Reference value :  2.01390e-06
 Reference value :  2.01404e-06
 Reference value :  2.01417e-06
 Reference value :  2.01432e-06
 Reference value :  2.01448e-06
 Reference value :  2.01463e-06
 Reference value :  2.01477e-06
 Reference value :  2.01494e-06
 Reference value :  2.01509e-06
 Reference value :  2.01525e-06
 Reference value :  2.01541e-06
 Reference value :  2.01555e-06
 Reference value :  2.01569e-06
 Reference value :  2.01583e-06
 Reference value :  2.01596e-06
 Reference value :  2.01609e-06
 Reference value :  2.01622e-06
 Reference value :  2.01636e-06
 Reference value :  2.01650e-06
 Reference value :  2.01664e-06
 Reference value :  2.01677e-06
 Reference value :  2.01691e-06
 Reference value :  2.01706e-06
 Reference value :  2.01722e-06
 Reference value :  2.01735e-06
 Reference value :  2.01750e-06
 Reference value :  2.01765e-06
 Reference value :  2.01779e-06
 Reference value :  2.01795e-06
 Reference value :  2.01810e-06
 Reference value :  2.01823e-06
 Reference value :  2.01843e-06
 Reference value :  2.01859e-06
 Reference value :  2.01873e-06
 Reference value :  2.01888e-06
 Reference value :  2.01901e-06
 Reference value :  2.01915e-06
 Reference value :  2.01928e-06
 Reference value :  2.01940e-06
 Reference value :  2.01954e-06
 Reference value :  2.01967e-06
 Reference value :  2.01983e-06
 Reference value :  2.01998e-06
 Reference value :  2.02011e-06
 Reference value :  2.02027e-06
 Reference value :  2.02041e-06
 Reference value :  2.02057e-06
 Reference value :  2.02073e-06
 Reference value :  2.02089e-06
 Reference value :  2.02102e-06
 Reference value :  2.02117e-06
 Reference value :  2.02133e-06
 Reference value :  2.02151e-06
 Reference value :  2.02167e-06
 Reference value :  2.02184e-06
 Reference value :  2.02199e-06
 Reference value :  2.02216e-06
 Reference value :  2.02233e-06
 Reference value :  2.02249e-06
 Reference value :  2.02262e-06
 Reference value :  2.02281e-06
 Reference value :  2.02296e-06
 Reference value :  2.02309e-06
 Reference value :  2.02323e-06
 Reference value :  2.02338e-06
 Reference value :  2.02352e-06
 Reference value :  2.02374e-06
 Reference value :  2.02387e-06
 Reference value :  2.02403e-06
 Reference value :  2.02417e-06
 Reference value :  2.02430e-06
 Reference value :  2.02442e-06
 Reference value :  2.02454e-06
 Reference value :  2.02466e-06
 Reference value :  2.02479e-06
 Reference value :  2.02498e-06
 Reference value :  2.02512e-06
 Reference value :  2.02525e-06
 Reference value :  2.02542e-06
 Reference value :  2.02555e-06
 Reference value :  2.02570e-06
 Reference value :  2.02583e-06
 Reference value :  2.02602e-06
 Reference value :  2.02615e-06
 Reference value :  2.02629e-06
 Reference value :  2.02642e-06
 Reference value :  2.02654e-06
 Reference value :  2.02667e-06
 Reference value :  2.02680e-06
 Reference value :  2.02697e-06
 Reference value :  2.02712e-06
 Reference value :  2.02727e-06
 Reference value :  2.02740e-06
 Reference value :  2.02752e-06
 Reference value :  2.02764e-06
 Reference value :  2.02776e-06
 Reference value :  2.02788e-06
 Reference value :  2.02801e-06
 Reference value :  2.02813e-06
 Reference value :  2.02828e-06
 Reference value :  2.02842e-06
 Reference value :  2.02855e-06
 Reference value :  2.02869e-06
 Reference value :  2.02884e-06
 Reference value :  2.02897e-06
 Reference value :  2.02910e-06
 Reference value :  2.02923e-06
 Reference value :  2.02936e-06
 Reference value :  2.02948e-06
 Reference value :  2.02960e-06
 Reference value :  2.02973e-06
 Reference value :  2.02986e-06
 Reference value :  2.02998e-06
 Reference value :  2.03010e-06
 Reference value :  2.03023e-06
 Reference value :  2.03035e-06
 Reference value :  2.03048e-06
 Reference value :  2.03060e-06
 Reference value :  2.03073e-06
 Reference value :  2.03085e-06
 Reference value :  2.03098e-06
 Reference value :  2.03110e-06
 Reference value :  2.03121e-06
 Reference value :  2.03134e-06
 Reference value :  2.03146e-06
 Reference value :  2.03158e-06
 Reference value :  2.03171e-06
 Reference value :  2.03183e-06
 Reference value :  2.03195e-06
 Reference value :  2.03207e-06
 Reference value :  2.03219e-06
 Reference value :  2.03231e-06
 Reference value :  2.03250e-06
 Reference value :  2.03263e-06
 Reference value :  2.03276e-06
 Reference value :  2.03288e-06
 Reference value :  2.03300e-06
 Reference value :  2.03312e-06
 Reference value :  2.03330e-06
 Reference value :  2.03342e-06
 Reference value :  2.03354e-06
 Reference value :  2.03365e-06
 Reference value :  2.03377e-06
 Reference value :  2.03391e-06
 Reference value :  2.03410e-06
 Reference value :  2.03422e-06
 Reference value :  2.03434e-06
 Reference value :  2.03446e-06
 Reference value :  2.03459e-06
 Reference value :  2.03472e-06
 Reference value :  2.03487e-06
 Reference value :  2.03500e-06
 Reference value :  2.03515e-06
 Reference value :  2.03529e-06
 Reference value :  2.03543e-06
 Reference value :  2.03556e-06
 Reference value :  2.03571e-06
 Reference value :  2.03585e-06
 Reference value :  2.03601e-06
 Reference value :  2.03616e-06
 Reference value :  2.03631e-06
 Reference value :  2.03645e-06
 Reference value :  2.03659e-06
 Reference value :  2.03674e-06
 Reference value :  2.03688e-06
 Reference value :  2.03701e-06
 Reference value :  2.03715e-06
 Reference value :  2.03729e-06
 Reference value :  2.03743e-06
 Reference value :  2.03756e-06
 Reference value :  2.03768e-06
 Reference value :  2.03781e-06
 Reference value :  2.03793e-06
 Reference value :  2.03806e-06
 Reference value :  2.03822e-06
 Reference value :  2.03838e-06
 Reference value :  2.03853e-06
 Reference value :  2.03869e-06
 Reference value :  2.03883e-06
 Reference value :  2.03899e-06
 Reference value :  2.03917e-06
 Reference value :  2.03933e-06
 Reference value :  2.03950e-06
 Reference value :  2.03965e-06
 Reference value :  2.03981e-06
 Reference value :  2.03995e-06
 Reference value :  2.04009e-06
 Reference value :  2.04026e-06
 Reference value :  2.04043e-06
 Reference value :  2.04057e-06
 Reference value :  2.04072e-06
 Reference value :  2.04086e-06
 Reference value :  2.04099e-06
 Reference value :  2.04112e-06
 Reference value :  2.04125e-06
 Reference value :  2.04141e-06
 Reference value :  2.04155e-06
 Reference value :  2.04169e-06
 Reference value :  2.04183e-06
 Reference value :  2.04198e-06
 Reference value :  2.04211e-06
 Reference value :  2.04223e-06
 Reference value :  2.04236e-06
 Reference value :  2.04250e-06
 Reference value :  2.04265e-06
 Reference value :  2.04284e-06
 Reference value :  2.04299e-06
 Reference value :  2.04311e-06
 Reference value :  2.04324e-06
 Reference value :  2.04337e-06
 Reference value :  2.04366e-06
 Reference value :  2.04380e-06
 Reference value :  2.04393e-06
 Reference value :  2.04406e-06
 Reference value :  2.04420e-06
 Reference value :  2.04432e-06
 Reference value :  2.04445e-06
 Reference value :  2.04469e-06
 Reference value :  2.04483e-06
 Reference value :  2.04496e-06
 Reference value :  2.04512e-06
 Reference value :  2.04524e-06
 Reference value :  2.04537e-06
 Reference value :  2.04551e-06
 Reference value :  2.04565e-06
 Reference value :  2.04580e-06
 Reference value :  2.04595e-06
 Reference value :  2.04611e-06
 Reference value :  2.04627e-06
 Reference value :  2.04642e-06
 Reference value :  2.04658e-06
 Reference value :  2.04673e-06
 Reference value :  2.04691e-06
 Reference value :  2.04709e-06
 Reference value :  2.04724e-06
 Reference value :  2.04740e-06
 Reference value :  2.04755e-06
 Reference value :  2.04769e-06
 Reference value :  2.04784e-06
 Reference value :  2.04799e-06
 Reference value :  2.04816e-06
 Reference value :  2.04829e-06
 Reference value :  2.04843e-06
 Reference value :  2.04856e-06
 Reference value :  2.04873e-06
 Reference value :  2.04892e-06
 Reference value :  2.04909e-06
 Reference value :  2.04924e-06
 Reference value :  2.04943e-06
 Reference value :  2.04962e-06
 Reference value :  2.04979e-06
 Reference value :  2.04998e-06
 Reference value :  2.05017e-06
 Reference value :  2.05036e-06
 Reference value :  2.05054e-06
 Reference value :  2.05072e-06
 Reference value :  2.05090e-06
 Reference value :  2.05107e-06
 Reference value :  2.05124e-06
 Reference value :  2.05143e-06
 Reference value :  2.05159e-06
 Reference value :  2.05175e-06
 Reference value :  2.05193e-06
 Reference value :  2.05210e-06
 Reference value :  2.05228e-06
 Reference value :  2.05246e-06
 Reference value :  2.05262e-06
 Reference value :  2.05276e-06
 Reference value :  2.05291e-06
 Reference value :  2.05305e-06
 Reference value :  2.05319e-06
 Reference value :  2.05334e-06
 Reference value :  2.05348e-06
 Reference value :  2.05363e-06
 Reference value :  2.05378e-06
 Reference value :  2.05393e-06
 Reference value :  2.05409e-06
 Reference value :  2.05427e-06
 Reference value :  2.05442e-06
 Reference value :  2.05457e-06
 Reference value :  2.05471e-06
 Reference value :  2.05486e-06
 Reference value :  2.05500e-06
 Reference value :  2.05515e-06
 Reference value :  2.05529e-06
 Reference value :  2.05542e-06
 Reference value :  2.05555e-06
 Reference value :  2.05567e-06
 Reference value :  2.05581e-06
 Reference value :  2.05594e-06
 Reference value :  2.05607e-06
 Reference value :  2.05620e-06
 Reference value :  2.05636e-06
 Reference value :  2.05649e-06
 Reference value :  2.05663e-06
 Reference value :  2.05678e-06
 Reference value :  2.05697e-06
 Reference value :  2.05714e-06
 Reference value :  2.05728e-06
 Reference value :  2.05741e-06
 Reference value :  2.05757e-06
 Reference value :  2.05773e-06
 Reference value :  2.05786e-06
 Reference value :  2.05800e-06
 Reference value :  2.05813e-06
 Reference value :  2.05825e-06
 Reference value :  2.05839e-06
 Reference value :  2.05852e-06
 Reference value :  2.05865e-06
 Reference value :  2.05879e-06
 Reference value :  2.05892e-06
 Reference value :  2.05905e-06
 Reference value :  2.05919e-06
 Reference value :  2.05932e-06
 Reference value :  2.05944e-06
 Reference value :  2.05957e-06
 Reference value :  2.05969e-06
 Reference value :  2.05981e-06
 Reference value :  2.05993e-06
 Reference value :  2.06006e-06
 Reference value :  2.06020e-06
 Reference value :  2.06034e-06
 Reference value :  2.06046e-06
 Reference value :  2.06059e-06
 Reference value :  2.06071e-06
 Reference value :  2.06084e-06
 Reference value :  2.06096e-06
 Reference value :  2.06108e-06
 Reference value :  2.06121e-06
 Reference value :  2.06134e-06
 Reference value :  2.06147e-06
 Reference value :  2.06162e-06
 Reference value :  2.06175e-06
 Reference value :  2.06189e-06
 Reference value :  2.06203e-06
 Reference value :  2.06216e-06
 Reference value :  2.06228e-06
 Reference value :  2.06241e-06
 Reference value :  2.06254e-06
 Reference value :  2.06268e-06
 Reference value :  2.06285e-06
 Reference value :  2.06299e-06
 Reference value :  2.06312e-06
 Reference value :  2.06326e-06
 Reference value :  2.06339e-06
 Reference value :  2.06352e-06
 Reference value :  2.06366e-06
 Reference value :  2.06380e-06
 Reference value :  2.06393e-06
 Reference value :  2.06407e-06
 Reference value :  2.06421e-06
 Reference value :  2.06435e-06
 Reference value :  2.06448e-06
 Reference value :  2.06462e-06
 Reference value :  2.06477e-06
 Reference value :  2.06493e-06
 Reference value :  2.06506e-06
 Reference value :  2.06520e-06
 Reference value :  2.06533e-06
 Reference value :  2.06547e-06
 Reference value :  2.06560e-06
 Reference value :  2.06573e-06
 Reference value :  2.06586e-06
 Reference value :  2.06598e-06
 Reference value :  2.06612e-06
 Reference value :  2.06624e-06
 Reference value :  2.06637e-06
 Reference value :  2.06650e-06
 Reference value :  2.06663e-06
 Reference value :  2.06677e-06
 Reference value :  2.06693e-06
 Reference value :  2.06711e-06
 Reference value :  2.06727e-06
 Reference value :  2.06745e-06
 Reference value :  2.06763e-06
 Reference value :  2.06779e-06
 Reference value :  2.06797e-06
 Reference value :  2.06815e-06
 Reference value :  2.06834e-06
 Reference value :  2.06854e-06
 Reference value :  2.06881e-06
 Reference value :  2.06906e-06
 Reference value :  2.06931e-06
 Reference value :  2.06955e-06
 Reference value :  2.06980e-06
 Reference value :  2.07005e-06
 Reference value :  2.07028e-06
 Reference value :  2.07050e-06
 Reference value :  2.07066e-06
 Reference value :  2.07082e-06
 Reference value :  2.07099e-06
 Reference value :  2.07116e-06
 Reference value :  2.07132e-06
 Reference value :  2.07149e-06
 Reference value :  2.07165e-06
 Reference value :  2.07180e-06
 Reference value :  2.07197e-06
 Reference value :  2.07213e-06
 Reference value :  2.07229e-06
 Reference value :  2.07244e-06
 Reference value :  2.07258e-06
 Reference value :  2.07270e-06
 Reference value :  2.07283e-06
 Reference value :  2.07299e-06
 Reference value :  2.07316e-06
 Reference value :  2.07333e-06
 Reference value :  2.07349e-06
 Reference value :  2.07362e-06
 Reference value :  2.07376e-06
 Reference value :  2.07389e-06
 Reference value :  2.07402e-06
 Reference value :  2.07414e-06
 Reference value :  2.07427e-06
 Reference value :  2.07439e-06
 Reference value :  2.07452e-06
 Reference value :  2.07464e-06
 Reference value :  2.07477e-06
 Reference value :  2.07493e-06
 Reference value :  2.07506e-06
 Reference value :  2.07519e-06
 Reference value :  2.07532e-06
 Reference value :  2.07547e-06
 Reference value :  2.07561e-06
 Reference value :  2.07574e-06
 Reference value :  2.07588e-06
 Reference value :  2.07601e-06
 Reference value :  2.07613e-06
 Reference value :  2.07625e-06
 Reference value :  2.07639e-06
 Reference value :  2.07656e-06
 Reference value :  2.07674e-06
 Reference value :  2.07690e-06
 Reference value :  2.07705e-06
 Reference value :  2.07720e-06
 Reference value :  2.07735e-06
 Reference value :  2.07751e-06
 Reference value :  2.07767e-06
 Reference value :  2.07783e-06
 Reference value :  2.07798e-06
 Reference value :  2.07814e-06
 Reference value :  2.07830e-06
 Reference value :  2.07846e-06
 Reference value :  2.07862e-06
 Reference value :  2.07877e-06
 Reference value :  2.07892e-06
 Reference value :  2.07908e-06
 Reference value :  2.07924e-06
 Reference value :  2.07940e-06
 Reference value :  2.07956e-06
 Reference value :  2.07972e-06
 Reference value :  2.07989e-06
 Reference value :  2.08005e-06
 Reference value :  2.08021e-06
 Reference value :  2.08037e-06
 Reference value :  2.08054e-06
 Reference value :  2.08070e-06
 Reference value :  2.08086e-06
 Reference value :  2.08102e-06
 Reference value :  2.08119e-06
 Reference value :  2.08136e-06
 Reference value :  2.08153e-06
 Reference value :  2.08169e-06
 Reference value :  2.08188e-06
 Reference value :  2.08203e-06
 Reference value :  2.08219e-06
 Reference value :  2.08239e-06
 Reference value :  2.08255e-06
 Reference value :  2.08271e-06
 Reference value :  2.08287e-06
 Reference value :  2.08303e-06
 Reference value :  2.08319e-06
 Reference value :  2.08334e-06
 Reference value :  2.08348e-06
 Reference value :  2.08361e-06
 Reference value :  2.08374e-06
 Reference value :  2.08387e-06
 Reference value :  2.08399e-06
 Reference value :  2.08411e-06
 Reference value :  2.08423e-06
 Reference value :  2.08436e-06
 Reference value :  2.08449e-06
 Reference value :  2.08461e-06
 Reference value :  2.08475e-06
 Reference value :  2.08487e-06
 Reference value :  2.08500e-06
 Reference value :  2.08515e-06
 Reference value :  2.08530e-06
 Reference value :  2.08543e-06
 Reference value :  2.08557e-06
 Reference value :  2.08572e-06
 Reference value :  2.08584e-06
 Reference value :  2.08597e-06
 Reference value :  2.08609e-06
 Reference value :  2.08622e-06
 Reference value :  2.08635e-06
 Reference value :  2.08649e-06
 Reference value :  2.08662e-06
 Reference value :  2.08676e-06
 Reference value :  2.08690e-06
 Reference value :  2.08703e-06
 Reference value :  2.08716e-06
 Reference value :  2.08729e-06
 Reference value :  2.08746e-06
 Reference value :  2.08759e-06
 Reference value :  2.08771e-06
 Reference value :  2.08784e-06
 Reference value :  2.08795e-06
 Reference value :  2.08807e-06
 Reference value :  2.08821e-06
 Reference value :  2.08834e-06
 Reference value :  2.08848e-06
 Reference value :  2.08863e-06
 Reference value :  2.08881e-06
 Reference value :  2.08898e-06
 Reference value :  2.08915e-06
 Reference value :  2.08931e-06
 Reference value :  2.08947e-06
 Reference value :  2.08964e-06
 Reference value :  2.08979e-06
 Reference value :  2.08995e-06
 Reference value :  2.09012e-06
 Reference value :  2.09028e-06
 Reference value :  2.09046e-06
 Reference value :  2.09063e-06
 Reference value :  2.09080e-06
 Reference value :  2.09096e-06
 Reference value :  2.09111e-06
 Reference value :  2.09127e-06
 Reference value :  2.09142e-06
 Reference value :  2.09157e-06
 Reference value :  2.09174e-06
 Reference value :  2.09190e-06
 Reference value :  2.09208e-06
 Reference value :  2.09223e-06
 Reference value :  2.09239e-06
 Reference value :  2.09255e-06
 Reference value :  2.09271e-06
 Reference value :  2.09287e-06
 Reference value :  2.09305e-06
 Reference value :  2.09322e-06
 Reference value :  2.09337e-06
 Reference value :  2.09352e-06
 Reference value :  2.09368e-06
 Reference value :  2.09385e-06
 Reference value :  2.09400e-06
 Reference value :  2.09420e-06
 Reference value :  2.09436e-06
 Reference value :  2.09452e-06
 Reference value :  2.09467e-06
 Reference value :  2.09484e-06
 Reference value :  2.09500e-06
 Reference value :  2.09515e-06
 Reference value :  2.09531e-06
 Reference value :  2.09547e-06
 Reference value :  2.09562e-06
 Reference value :  2.09575e-06
 Reference value :  2.09588e-06
 Reference value :  2.09600e-06
 Reference value :  2.09612e-06
 Reference value :  2.09624e-06
 Reference value :  2.09640e-06
 Reference value :  2.09653e-06
 Reference value :  2.09665e-06
 Reference value :  2.09677e-06
 Reference value :  2.09691e-06
 Reference value :  2.09705e-06
 Reference value :  2.09718e-06
 Reference value :  2.09730e-06
 Reference value :  2.09745e-06
 Reference value :  2.09760e-06
 Reference value :  2.09774e-06
 Reference value :  2.09786e-06
 Reference value :  2.09801e-06
 Reference value :  2.09815e-06
 Reference value :  2.09828e-06
 Reference value :  2.09842e-06
 Reference value :  2.09857e-06
 Reference value :  2.09870e-06
 Reference value :  2.09884e-06
 Reference value :  2.09899e-06
 Reference value :  2.09914e-06
 Reference value :  2.09928e-06
 Reference value :  2.09941e-06
 Reference value :  2.09956e-06
 Reference value :  2.09970e-06
 Reference value :  2.09984e-06
 Reference value :  2.09998e-06
 Reference value :  2.10010e-06
 Reference value :  2.10026e-06
 Reference value :  2.10041e-06
 Reference value :  2.10055e-06
 Reference value :  2.10069e-06
 Reference value :  2.10081e-06
 Reference value :  2.10094e-06
 Reference value :  2.10109e-06
 Reference value :  2.10123e-06
 Reference value :  2.10135e-06
 Reference value :  2.10147e-06
 Reference value :  2.10161e-06
 Reference value :  2.10173e-06
 Reference value :  2.10185e-06
 Reference value :  2.10198e-06
 Reference value :  2.10210e-06
 Reference value :  2.10222e-06
 Reference value :  2.10236e-06
 Reference value :  2.10247e-06
 Reference value :  2.10260e-06
 Reference value :  2.10271e-06
 Reference value :  2.10282e-06
 Reference value :  2.10293e-06
 Reference value :  2.10305e-06
 Reference value :  2.10318e-06
 Reference value :  2.10331e-06
 Reference value :  2.10346e-06
 Reference value :  2.10357e-06
 Reference value :  2.10369e-06
 Reference value :  2.10380e-06
 Reference value :  2.10391e-06
 Reference value :  2.10404e-06
 Reference value :  2.10415e-06
 Reference value :  2.10429e-06
 Reference value :  2.10441e-06
 Reference value :  2.10453e-06
 Reference value :  2.10467e-06
 Reference value :  2.10481e-06
 Reference value :  2.10495e-06
 Reference value :  2.10508e-06
 Reference value :  2.10524e-06
 Reference value :  2.10538e-06
 Reference value :  2.10551e-06
 Reference value :  2.10564e-06
 Reference value :  2.10578e-06
 Reference value :  2.10593e-06
 Reference value :  2.10606e-06
 Reference value :  2.10619e-06
 Reference value :  2.10634e-06
 Reference value :  2.10646e-06
 Reference value :  2.10660e-06
 Reference value :  2.10674e-06
 Reference value :  2.10687e-06
 Reference value :  2.10698e-06
 Reference value :  2.10710e-06
 Reference value :  2.10721e-06
 Reference value :  2.10735e-06
 Reference value :  2.10751e-06
 Reference value :  2.10767e-06
 Reference value :  2.10782e-06
 Reference value :  2.10797e-06
 Reference value :  2.10813e-06
 Reference value :  2.10828e-06
 Reference value :  2.10844e-06
 Reference value :  2.10861e-06
 Reference value :  2.10876e-06
 Reference value :  2.10891e-06
 Reference value :  2.10906e-06
 Reference value :  2.10920e-06
 Reference value :  2.10935e-06
 Reference value :  2.10951e-06
 Reference value :  2.10967e-06
 Reference value :  2.10986e-06
 Reference value :  2.11002e-06
 Reference value :  2.11017e-06
 Reference value :  2.11033e-06
 Reference value :  2.11048e-06
 Reference value :  2.11064e-06
 Reference value :  2.11080e-06
 Reference value :  2.11096e-06
 Reference value :  2.11115e-06
 Reference value :  2.11132e-06
 Reference value :  2.11148e-06
 Reference value :  2.11163e-06
 Reference value :  2.11179e-06
 Reference value :  2.11195e-06
 Reference value :  2.11210e-06
 Reference value :  2.11226e-06
 Reference value :  2.11244e-06
 Reference value :  2.11260e-06
 Reference value :  2.11276e-06
 Reference value :  2.11291e-06
 Reference value :  2.11308e-06
 Reference value :  2.11326e-06
 Reference value :  2.11342e-06
 Reference value :  2.11358e-06
 Reference value :  2.11373e-06
 Reference value :  2.11389e-06
 Reference value :  2.11406e-06
 Reference value :  2.11423e-06
 Reference value :  2.11440e-06
 Reference value :  2.11457e-06
 Reference value :  2.11475e-06
 Reference value :  2.11489e-06
 Reference value :  2.11506e-06
 Reference value :  2.11522e-06
 Reference value :  2.11538e-06
 Reference value :  2.11554e-06
 Reference value :  2.11570e-06
 Reference value :  2.11586e-06
 Reference value :  2.11601e-06
 Reference value :  2.11617e-06
 Reference value :  2.11635e-06
 Reference value :  2.11650e-06
 Reference value :  2.11666e-06
 Reference value :  2.11682e-06
 Reference value :  2.11698e-06
 Reference value :  2.11713e-06
 Reference value :  2.11729e-06
 Reference value :  2.11745e-06
 Reference value :  2.11760e-06
 Reference value :  2.11777e-06
 Reference value :  2.11792e-06
 Reference value :  2.11809e-06
 Reference value :  2.11824e-06
 Reference value :  2.11840e-06
 Reference value :  2.11854e-06
 Reference value :  2.11869e-06
 Reference value :  2.11886e-06
 Reference value :  2.11901e-06
 Reference value :  2.11917e-06
 Reference value :  2.11933e-06
 Reference value :  2.11949e-06
 Reference value :  2.11964e-06
 Reference value :  2.11979e-06
 Reference value :  2.11995e-06
 Reference value :  2.12012e-06
 Reference value :  2.12027e-06
 Reference value :  2.12044e-06
 Reference value :  2.12058e-06
 Reference value :  2.12074e-06
 Reference value :  2.12092e-06
 Reference value :  2.12108e-06
 Reference value :  2.12124e-06
 Reference value :  2.12139e-06
 Reference value :  2.12155e-06
 Reference value :  2.12172e-06
 Reference value :  2.12189e-06
 Reference value :  2.12205e-06
 Reference value :  2.12221e-06
 Reference value :  2.12240e-06
 Reference value :  2.12257e-06
 Reference value :  2.12274e-06
 Reference value :  2.12290e-06
 Reference value :  2.12306e-06
 Reference value :  2.12322e-06
 Reference value :  2.12337e-06
 Reference value :  2.12354e-06
 Reference value :  2.12370e-06
 Reference value :  2.12388e-06
 Reference value :  2.12405e-06
 Reference value :  2.12423e-06
 Reference value :  2.12440e-06
 Reference value :  2.12456e-06
 Reference value :  2.12473e-06
 Reference value :  2.12492e-06
 Reference value :  2.12509e-06
 Reference value :  2.12525e-06
 Reference value :  2.12540e-06
 Reference value :  2.12557e-06
 Reference value :  2.12573e-06
 Reference value :  2.12590e-06
 Reference value :  2.12605e-06
 Reference value :  2.12622e-06
 Reference value :  2.12639e-06
 Reference value :  2.12655e-06
 Reference value :  2.12672e-06
 Reference value :  2.12688e-06
 Reference value :  2.12706e-06
 Reference value :  2.12722e-06
 Reference value :  2.12740e-06
 Reference value :  2.12756e-06
 Reference value :  2.12772e-06
 Reference value :  2.12788e-06
 Reference value :  2.12805e-06
 Reference value :  2.12820e-06
 Reference value :  2.12836e-06
 Reference value :  2.12852e-06
 Reference value :  2.12868e-06
 Reference value :  2.12884e-06
 Reference value :  2.12900e-06
 Reference value :  2.12916e-06
 Reference value :  2.12937e-06
 Reference value :  2.12955e-06
 Reference value :  2.12971e-06
 Reference value :  2.12986e-06
 Reference value :  2.13004e-06
 Reference value :  2.13020e-06
 Reference value :  2.13038e-06
 Reference value :  2.13054e-06
 Reference value :  2.13070e-06
 Reference value :  2.13086e-06
 Reference value :  2.13105e-06
 Reference value :  2.13121e-06
 Reference value :  2.13139e-06
 Reference value :  2.13155e-06
 Reference value :  2.13171e-06
 Reference value :  2.13189e-06
 Reference value :  2.13205e-06
 Reference value :  2.13221e-06
 Reference value :  2.13238e-06
 Reference value :  2.13255e-06
 Reference value :  2.13272e-06
 Reference value :  2.13290e-06
 Reference value :  2.13306e-06
 Reference value :  2.13321e-06
 Reference value :  2.13337e-06
 Reference value :  2.13352e-06
 Reference value :  2.13369e-06
 Reference value :  2.13386e-06
 Reference value :  2.13402e-06
 Reference value :  2.13417e-06
 Reference value :  2.13434e-06
 Reference value :  2.13449e-06
 Reference value :  2.13466e-06
 Reference value :  2.13484e-06
 Reference value :  2.13500e-06
 Reference value :  2.13516e-06
 Reference value :  2.13531e-06
 Reference value :  2.13548e-06
 Reference value :  2.13565e-06
 Reference value :  2.13581e-06
 Reference value :  2.13596e-06
 Reference value :  2.13611e-06
 Reference value :  2.13628e-06
 Reference value :  2.13643e-06
 Reference value :  2.13660e-06
 Reference value :  2.13676e-06
 Reference value :  2.13693e-06
 Reference value :  2.13710e-06
 Reference value :  2.13727e-06
 Reference value :  2.13744e-06
 Reference value :  2.13760e-06
 Reference value :  2.13778e-06
 Reference value :  2.13796e-06
 Reference value :  2.13813e-06
 Reference value :  2.13830e-06
 Reference value :  2.13847e-06
 Reference value :  2.13865e-06
 Reference value :  2.13882e-06
 Reference value :  2.13902e-06
 Reference value :  2.13919e-06
 Reference value :  2.13935e-06
 Reference value :  2.13952e-06
 Reference value :  2.13968e-06
 Reference value :  2.13985e-06
 Reference value :  2.14003e-06
 Reference value :  2.14019e-06
 Reference value :  2.14035e-06
 Reference value :  2.14051e-06
 Reference value :  2.14067e-06
 Reference value :  2.14083e-06
 Reference value :  2.14101e-06
 Reference value :  2.14117e-06
 Reference value :  2.14134e-06
 Reference value :  2.14150e-06
 Reference value :  2.14167e-06
 Reference value :  2.14184e-06
 Reference value :  2.14201e-06
 Reference value :  2.14217e-06
 Reference value :  2.14232e-06
 Reference value :  2.14248e-06
 Reference value :  2.14263e-06
 Reference value :  2.14281e-06
 Reference value :  2.14297e-06
 Reference value :  2.14314e-06
 Reference value :  2.14330e-06
 Reference value :  2.14345e-06
 Reference value :  2.14363e-06
 Reference value :  2.14378e-06
 Reference value :  2.14394e-06
 Reference value :  2.14411e-06
 Reference value :  2.14427e-06
 Reference value :  2.14444e-06
 Reference value :  2.14462e-06
 Reference value :  2.14478e-06
 Reference value :  2.14495e-06
 Reference value :  2.14509e-06
 Reference value :  2.14525e-06
 Reference value :  2.14542e-06
 Reference value :  2.14557e-06
 Reference value :  2.14573e-06
 Reference value :  2.14589e-06
 Reference value :  2.14604e-06
 Reference value :  2.14622e-06
 Reference value :  2.14638e-06
 Reference value :  2.14653e-06
 Reference value :  2.14669e-06
 Reference value :  2.14685e-06
 Reference value :  2.14702e-06
 Reference value :  2.14719e-06
 Reference value :  2.14735e-06
 Reference value :  2.14750e-06
 Reference value :  2.14767e-06
 Reference value :  2.14783e-06
 Reference value :  2.14800e-06
 Reference value :  2.14815e-06
 Reference value :  2.14833e-06
 Reference value :  2.14849e-06
 Reference value :  2.14863e-06
 Reference value :  2.14878e-06
 Reference value :  2.14893e-06
 Reference value :  2.14911e-06
 Reference value :  2.14926e-06
 Reference value :  2.14941e-06
 Reference value :  2.14957e-06
 Reference value :  2.14974e-06
 Reference value :  2.14990e-06
 Reference value :  2.15006e-06
 Reference value :  2.15022e-06
 Reference value :  2.15037e-06
 Reference value :  2.15053e-06
 Reference value :  2.15072e-06
 Reference value :  2.15088e-06
 Reference value :  2.15103e-06
 Reference value :  2.15119e-06
 Reference value :  2.15135e-06
 Reference value :  2.15150e-06
 Reference value :  2.15166e-06
 Reference value :  2.15185e-06
 Reference value :  2.15200e-06
 Reference value :  2.15216e-06
 Reference value :  2.15233e-06
 Reference value :  2.15249e-06
 Reference value :  2.15265e-06
 Reference value :  2.15282e-06
 Reference value :  2.15301e-06
 Reference value :  2.15316e-06
 Reference value :  2.15332e-06
 Reference value :  2.15347e-06
 Reference value :  2.15364e-06
 Reference value :  2.15380e-06
 Reference value :  2.15398e-06
 Reference value :  2.15414e-06
 Reference value :  2.15429e-06
 Reference value :  2.15445e-06
 Reference value :  2.15461e-06
 Reference value :  2.15477e-06
 Reference value :  2.15494e-06
 Reference value :  2.15511e-06
 Reference value :  2.15527e-06
 Reference value :  2.15542e-06
 Reference value :  2.15558e-06
 Reference value :  2.15574e-06
 Reference value :  2.15590e-06
 Reference value :  2.15605e-06
 Reference value :  2.15624e-06
 Reference value :  2.15641e-06
 Reference value :  2.15656e-06
 Reference value :  2.15673e-06
 Reference value :  2.15689e-06
 Reference value :  2.15706e-06
 Reference value :  2.15723e-06
 Reference value :  2.15739e-06
 Reference value :  2.15756e-06
 Reference value :  2.15775e-06
 Reference value :  2.15791e-06
 Reference value :  2.15807e-06
 Reference value :  2.15823e-06
 Reference value :  2.15838e-06
 Reference value :  2.15854e-06
 Reference value :  2.15869e-06
 Reference value :  2.15886e-06
 Reference value :  2.15905e-06
 Reference value :  2.15921e-06
 Reference value :  2.15936e-06
 Reference value :  2.15951e-06
 Reference value :  2.15967e-06
 Reference value :  2.15983e-06
 Reference value :  2.15999e-06
 Reference value :  2.16013e-06
 Reference value :  2.16028e-06
 Reference value :  2.16047e-06
 Reference value :  2.16063e-06
 Reference value :  2.16079e-06
 Reference value :  2.16095e-06
 Reference value :  2.16111e-06
 Reference value :  2.16127e-06
 Reference value :  2.16143e-06
 Reference value :  2.16158e-06
 Reference value :  2.16178e-06
 Reference value :  2.16193e-06
 Reference value :  2.16210e-06
 Reference value :  2.16226e-06
 Reference value :  2.16241e-06
 Reference value :  2.16257e-06
 Reference value :  2.16275e-06
 Reference value :  2.16293e-06
 Reference value :  2.16308e-06
 Reference value :  2.16324e-06
 Reference value :  2.16340e-06
 Reference value :  2.16356e-06
 Reference value :  2.16371e-06
 Reference value :  2.16391e-06
 Reference value :  2.16407e-06
 Reference value :  2.16423e-06
 Reference value :  2.16438e-06
 Reference value :  2.16454e-06
 Reference value :  2.16470e-06
 Reference value :  2.16486e-06
 Reference value :  2.16505e-06
 Reference value :  2.16520e-06
 Reference value :  2.16536e-06
 Reference value :  2.16552e-06
 Reference value :  2.16567e-06
 Reference value :  2.16583e-06
 Reference value :  2.16600e-06
 Reference value :  2.16616e-06
 Reference value :  2.16635e-06
 Reference value :  2.16651e-06
 Reference value :  2.16666e-06
 Reference value :  2.16682e-06
 Reference value :  2.16698e-06
 Reference value :  2.16713e-06
 Reference value :  2.16729e-06
 Reference value :  2.16745e-06
 Reference value :  2.16761e-06
 Reference value :  2.16779e-06
 Reference value :  2.16795e-06
 Reference value :  2.16811e-06
 Reference value :  2.16827e-06
 Reference value :  2.16843e-06
 Reference value :  2.16859e-06
 Reference value :  2.16875e-06
 Reference value :  2.16893e-06
 Reference value :  2.16908e-06
 Reference value :  2.16926e-06
 Reference value :  2.16942e-06
 Reference value :  2.16957e-06
 Reference value :  2.16976e-06
 Reference value :  2.16993e-06
 Reference value :  2.17009e-06
 Reference value :  2.17026e-06
 Reference value :  2.17042e-06
 Reference value :  2.17057e-06
 Reference value :  2.17075e-06
 Reference value :  2.17091e-06
 Reference value :  2.17106e-06
 Reference value :  2.17122e-06
 Reference value :  2.17138e-06
 Reference value :  2.17154e-06
 Reference value :  2.17170e-06
 Reference value :  2.17185e-06
 Reference value :  2.17203e-06
 Reference value :  2.17220e-06
 Reference value :  2.17236e-06
 Reference value :  2.17252e-06
 Reference value :  2.17268e-06
 Reference value :  2.17285e-06
 Reference value :  2.17301e-06
 Reference value :  2.17317e-06
 Reference value :  2.17333e-06
 Reference value :  2.17348e-06
 Reference value :  2.17365e-06
 Reference value :  2.17380e-06
 Reference value :  2.17396e-06
 Reference value :  2.17411e-06
 Reference value :  2.17427e-06
 Reference value :  2.17445e-06
 Reference value :  2.17461e-06
 Reference value :  2.17478e-06
 Reference value :  2.17493e-06
 Reference value :  2.17509e-06
 Reference value :  2.17526e-06
 Reference value :  2.17542e-06
 Reference value :  2.17557e-06
 Reference value :  2.17572e-06
 Reference value :  2.17588e-06
 Reference value :  2.17606e-06
 Reference value :  2.17623e-06
 Reference value :  2.17639e-06
 Reference value :  2.17655e-06
 Reference value :  2.17671e-06
 Reference value :  2.17687e-06
 Reference value :  2.17703e-06
 Reference value :  2.17726e-06
 Reference value :  2.17751e-06
 Reference value :  2.17776e-06
 Reference value :  2.17800e-06
 Reference value :  2.17816e-06
 Reference value :  2.17832e-06
 Reference value :  2.17848e-06
 Reference value :  2.17864e-06
 Reference value :  2.17880e-06
 Reference value :  2.17897e-06
 Reference value :  2.17915e-06
 Reference value :  2.17934e-06
 Reference value :  2.17952e-06
 Reference value :  2.17970e-06
 Reference value :  2.17986e-06
 Reference value :  2.18003e-06
 Reference value :  2.18020e-06
 Reference value :  2.18039e-06
 Reference value :  2.18059e-06
 Reference value :  2.18076e-06
 Reference value :  2.18094e-06
 Reference value :  2.18114e-06
 Reference value :  2.18130e-06
 Reference value :  2.18148e-06
 Reference value :  2.18164e-06
 Reference value :  2.18181e-06
 Reference value :  2.18197e-06
 Reference value :  2.18215e-06
 Reference value :  2.18232e-06
 Reference value :  2.18250e-06
 Reference value :  2.18267e-06
 Reference value :  2.18284e-06
 Reference value :  2.18300e-06
 Reference value :  2.18317e-06
 Reference value :  2.18333e-06
 Reference value :  2.18351e-06
 Reference value :  2.18368e-06
 Reference value :  2.18385e-06
 Reference value :  2.18403e-06
 Reference value :  2.18419e-06
 Reference value :  2.18435e-06
 Reference value :  2.18452e-06
 Reference value :  2.18468e-06
 Reference value :  2.18486e-06
 Reference value :  2.18504e-06
 Reference value :  2.18523e-06
 Reference value :  2.18541e-06
 Reference value :  2.18558e-06
 Reference value :  2.18576e-06
 Reference value :  2.18594e-06
 Reference value :  2.18611e-06
 Reference value :  2.18627e-06
 Reference value :  2.18644e-06
 Reference value :  2.18661e-06
 Reference value :  2.18677e-06
 Reference value :  2.18695e-06
 Reference value :  2.18713e-06
 Reference value :  2.18731e-06
 Reference value :  2.18750e-06
 Reference value :  2.18768e-06
 Reference value :  2.18786e-06
 Reference value :  2.18805e-06
 Reference value :  2.18825e-06
 Reference value :  2.18843e-06
 Reference value :  2.18862e-06
 Reference value :  2.18881e-06
 Reference value :  2.18899e-06
 Reference value :  2.18918e-06
 Reference value :  2.18937e-06
 Reference value :  2.18956e-06
 Reference value :  2.18972e-06
 Reference value :  2.18989e-06
 Reference value :  2.19005e-06
 Reference value :  2.19019e-06
 Reference value :  2.19035e-06
 Reference value :  2.19052e-06
 Reference value :  2.19067e-06
 Reference value :  2.19085e-06
 Reference value :  2.19102e-06
 Reference value :  2.19118e-06
 Reference value :  2.19133e-06
 Reference value :  2.19147e-06
 Reference value :  2.19163e-06
 Reference value :  2.19180e-06
 Reference value :  2.19198e-06
 Reference value :  2.19216e-06
 Reference value :  2.19234e-06
 Reference value :  2.19250e-06
 Reference value :  2.19266e-06
 Reference value :  2.19284e-06
 Reference value :  2.19300e-06
 Reference value :  2.19317e-06
 Reference value :  2.19334e-06
 Reference value :  2.19350e-06
 Reference value :  2.19367e-06
 Reference value :  2.19383e-06
 Reference value :  2.19400e-06
 Reference value :  2.19418e-06
 Reference value :  2.19435e-06
 Reference value :  2.19453e-06
 Reference value :  2.19470e-06
 Reference value :  2.19488e-06
 Reference value :  2.19504e-06
 Reference value :  2.19520e-06
 Reference value :  2.19537e-06
 Reference value :  2.19554e-06
 Reference value :  2.19569e-06
 Reference value :  2.19584e-06
 Reference value :  2.19600e-06
 Reference value :  2.19616e-06
 Reference value :  2.19632e-06
 Reference value :  2.19648e-06
 Reference value :  2.19664e-06
 Reference value :  2.19679e-06
 Reference value :  2.19694e-06
 Reference value :  2.19709e-06
 Reference value :  2.19723e-06
 Reference value :  2.19740e-06
 Reference value :  2.19756e-06
 Reference value :  2.19770e-06
 Reference value :  2.19786e-06
 Reference value :  2.19801e-06
 Reference value :  2.19817e-06
 Reference value :  2.19833e-06
 Reference value :  2.19850e-06
 Reference value :  2.19866e-06
 Reference value :  2.19882e-06
 Reference value :  2.19898e-06
 Reference value :  2.19913e-06
 Reference value :  2.19929e-06
 Reference value :  2.19945e-06
 Reference value :  2.19959e-06
 Reference value :  2.19975e-06
 Reference value :  2.19990e-06
 Reference value :  2.20005e-06
 Reference value :  2.20022e-06
 Reference value :  2.20037e-06
 Reference value :  2.20053e-06
 Reference value :  2.20070e-06
 Reference value :  2.20084e-06
 Reference value :  2.20099e-06
 Reference value :  2.20111e-06
 Reference value :  2.20123e-06
 Reference value :  2.20136e-06
 Reference value :  2.20148e-06
 Reference value :  2.20165e-06
 Reference value :  2.20177e-06
 Reference value :  2.20189e-06
 Reference value :  2.20205e-06
 Reference value :  2.20220e-06
 Reference value :  2.20236e-06
 Reference value :  2.20249e-06
 Reference value :  2.20261e-06
 Reference value :  2.20273e-06
 Reference value :  2.20290e-06
 Reference value :  2.20303e-06
 Reference value :  2.20317e-06
 Reference value :  2.20329e-06
 Reference value :  2.20341e-06
 Reference value :  2.20353e-06
 Reference value :  2.20365e-06
 Reference value :  2.20378e-06
 Reference value :  2.20394e-06
 Reference value :  2.20406e-06
 Reference value :  2.20420e-06
 Reference value :  2.20432e-06
 Reference value :  2.20445e-06
 Reference value :  2.20458e-06
 Reference value :  2.20472e-06
 Reference value :  2.20485e-06
 Reference value :  2.20501e-06
 Reference value :  2.20513e-06
 Reference value :  2.20525e-06
 Reference value :  2.20541e-06
 Reference value :  2.20554e-06
 Reference value :  2.20566e-06
 Reference value :  2.20579e-06
 Reference value :  2.20592e-06
 Reference value :  2.20607e-06
 Reference value :  2.20619e-06
 Reference value :  2.20632e-06
 Reference value :  2.20643e-06
 Reference value :  2.20657e-06
 Reference value :  2.20669e-06
 Reference value :  2.20681e-06
 Reference value :  2.20694e-06
 Reference value :  2.20707e-06
 Reference value :  2.20723e-06
 Reference value :  2.20735e-06
 Reference value :  2.20749e-06
 Reference value :  2.20762e-06
 Reference value :  2.20774e-06
 Reference value :  2.20787e-06
 Reference value :  2.20800e-06
 Reference value :  2.20816e-06
 Reference value :  2.20828e-06
 Reference value :  2.20843e-06
 Reference value :  2.20858e-06
 Reference value :  2.20870e-06
 Reference value :  2.20883e-06
 Reference value :  2.20895e-06
 Reference value :  2.20907e-06
 Reference value :  2.20920e-06
 Reference value :  2.20932e-06
 Reference value :  2.20945e-06
 Reference value :  2.20958e-06
 Reference value :  2.20970e-06
 Reference value :  2.20983e-06
 Reference value :  2.20995e-06
 Reference value :  2.21007e-06
 Reference value :  2.21019e-06
 Reference value :  2.21031e-06
 Reference value :  2.21043e-06
 Reference value :  2.21058e-06
 Reference value :  2.21071e-06
 Reference value :  2.21083e-06
 Reference value :  2.21096e-06
 Reference value :  2.21108e-06
 Reference value :  2.21120e-06
 Reference value :  2.21132e-06
 Reference value :  2.21144e-06
 Reference value :  2.21157e-06
 Reference value :  2.21169e-06
 Reference value :  2.21181e-06
 Reference value :  2.21193e-06
 Reference value :  2.21206e-06
 Reference value :  2.21218e-06
 Reference value :  2.21230e-06
 Reference value :  2.21242e-06
 Reference value :  2.21254e-06
 Reference value :  2.21266e-06
 Reference value :  2.21278e-06
 Reference value :  2.21289e-06
 Reference value :  2.21302e-06
 Reference value :  2.21314e-06
 Reference value :  2.21327e-06
 Reference value :  2.21339e-06
 Reference value :  2.21352e-06
 Reference value :  2.21367e-06
 Reference value :  2.21379e-06
 Reference value :  2.21392e-06
 Reference value :  2.21404e-06
 Reference value :  2.21416e-06
 Reference value :  2.21434e-06
 Reference value :  2.21447e-06
 Reference value :  2.21460e-06
 Reference value :  2.21472e-06
 Reference value :  2.21484e-06
 Reference value :  2.21497e-06
 Reference value :  2.21512e-06
 Reference value :  2.21525e-06
 Reference value :  2.21538e-06
 Reference value :  2.21551e-06
 Reference value :  2.21563e-06
 Reference value :  2.21576e-06
 Reference value :  2.21588e-06
 Reference value :  2.21600e-06
 Reference value :  2.21613e-06
 Reference value :  2.21629e-06
 Reference value :  2.21641e-06
 Reference value :  2.21653e-06
 Reference value :  2.21665e-06
 Reference value :  2.21678e-06
 Reference value :  2.21690e-06
 Reference value :  2.21702e-06
 Reference value :  2.21717e-06
 Reference value :  2.21728e-06
 Reference value :  2.21740e-06
 Reference value :  2.21754e-06
 Reference value :  2.21766e-06
 Reference value :  2.21779e-06
 Reference value :  2.21791e-06
 Reference value :  2.21803e-06
 Reference value :  2.21815e-06
 Reference value :  2.21828e-06
 Reference value :  2.21840e-06
 Reference value :  2.21852e-06
 Reference value :  2.21865e-06
 Reference value :  2.21877e-06
 Reference value :  2.21890e-06
 Reference value :  2.21903e-06
 Reference value :  2.21921e-06
 Reference value :  2.21935e-06
 Reference value :  2.21949e-06
 Reference value :  2.21963e-06
 Reference value :  2.21980e-06
 Reference value :  2.21996e-06
 Reference value :  2.22009e-06
 Reference value :  2.22022e-06
 Reference value :  2.22035e-06
 Reference value :  2.22051e-06
 Reference value :  2.22064e-06
 Reference value :  2.22076e-06
 Reference value :  2.22089e-06
 Reference value :  2.22101e-06
 Reference value :  2.22114e-06
 Reference value :  2.22127e-06
 Reference value :  2.22139e-06
 Reference value :  2.22151e-06
 Reference value :  2.22163e-06
 Reference value :  2.22176e-06
 Reference value :  2.22188e-06
 Reference value :  2.22199e-06
 Reference value :  2.22212e-06
 Reference value :  2.22224e-06
 Reference value :  2.22241e-06
 Reference value :  2.22256e-06
 Reference value :  2.22269e-06
 Reference value :  2.22281e-06
 Reference value :  2.22295e-06
 Reference value :  2.22308e-06
 Reference value :  2.22321e-06
 Reference value :  2.22334e-06
 Reference value :  2.22346e-06
 Reference value :  2.22358e-06
 Reference value :  2.22370e-06
 Reference value :  2.22382e-06
 Reference value :  2.22397e-06
 Reference value :  2.22412e-06
 Reference value :  2.22425e-06
 Reference value :  2.22437e-06
 Reference value :  2.22450e-06
 Reference value :  2.22462e-06
 Reference value :  2.22475e-06
 Reference value :  2.22487e-06
 Reference value :  2.22500e-06
 Reference value :  2.22513e-06
 Reference value :  2.22527e-06
 Reference value :  2.22540e-06
 Reference value :  2.22552e-06
 Reference value :  2.22564e-06
 Reference value :  2.22576e-06
 Reference value :  2.22589e-06
 Reference value :  2.22601e-06
 Reference value :  2.22613e-06
 Reference value :  2.22626e-06
 Reference value :  2.22638e-06
 Reference value :  2.22650e-06
 Reference value :  2.22662e-06
 Reference value :  2.22675e-06
 Reference value :  2.22687e-06
 Reference value :  2.22699e-06
 Reference value :  2.22712e-06
 Reference value :  2.22728e-06
 Reference value :  2.22740e-06
 Reference value :  2.22754e-06
 Reference value :  2.22771e-06
 Reference value :  2.22783e-06
 Reference value :  2.22799e-06
 Reference value :  2.22811e-06
 Reference value :  2.22824e-06
 Reference value :  2.22837e-06
 Reference value :  2.22849e-06
 Reference value :  2.22862e-06
 Reference value :  2.22877e-06
 Reference value :  2.22889e-06
 Reference value :  2.22902e-06
 Reference value :  2.22914e-06
 Reference value :  2.22926e-06
 Reference value :  2.22939e-06
 Reference value :  2.22952e-06
 Reference value :  2.22968e-06
 Reference value :  2.22982e-06
 Reference value :  2.22994e-06
 Reference value :  2.23007e-06
 Reference value :  2.23019e-06
 Reference value :  2.23031e-06
 Reference value :  2.23043e-06
 Reference value :  2.23055e-06
 Reference value :  2.23072e-06
 Reference value :  2.23087e-06
 Reference value :  2.23101e-06
 Reference value :  2.23113e-06
 Reference value :  2.23126e-06
 Reference value :  2.23138e-06
 Reference value :  2.23150e-06
 Reference value :  2.23163e-06
 Reference value :  2.23175e-06
 Reference value :  2.23190e-06
 Reference value :  2.23203e-06
 Reference value :  2.23215e-06
 Reference value :  2.23227e-06
 Reference value :  2.23243e-06
 Reference value :  2.23259e-06
 Reference value :  2.23277e-06
 Reference value :  2.23295e-06
 Reference value :  2.23309e-06
 Reference value :  2.23323e-06
 Reference value :  2.23338e-06
 Reference value :  2.23354e-06
 Reference value :  2.23368e-06
 Reference value :  2.23381e-06
 Reference value :  2.23394e-06
 Reference value :  2.23407e-06
 Reference value :  2.23421e-06
 Reference value :  2.23434e-06
 Reference value :  2.23448e-06
 Reference value :  2.23460e-06
 Reference value :  2.23473e-06
 Reference value :  2.23485e-06
 Reference value :  2.23500e-06
 Reference value :  2.23513e-06
 Reference value :  2.23526e-06
 Reference value :  2.23538e-06
 Reference value :  2.23551e-06
 Reference value :  2.23563e-06
 Reference value :  2.23576e-06
 Reference value :  2.23588e-06
 Reference value :  2.23601e-06
 Reference value :  2.23613e-06
 Reference value :  2.23626e-06
 Reference value :  2.23638e-06
 Reference value :  2.23650e-06
 Reference value :  2.23663e-06
 Reference value :  2.23675e-06
 Reference value :  2.23687e-06
 Reference value :  2.23699e-06
 Reference value :  2.23712e-06
 Reference value :  2.23723e-06
 Reference value :  2.23735e-06
 Reference value :  2.23748e-06
 Reference value :  2.23762e-06
 Reference value :  2.23774e-06
 Reference value :  2.23786e-06
 Reference value :  2.23798e-06
 Reference value :  2.23810e-06
 Reference value :  2.23822e-06
 Reference value :  2.23834e-06
 Reference value :  2.23846e-06
 Reference value :  2.23857e-06
 Reference value :  2.23870e-06
 Reference value :  2.23881e-06
 Reference value :  2.23893e-06
 Reference value :  2.23906e-06
 Reference value :  2.23918e-06
 Reference value :  2.23930e-06
 Reference value :  2.23943e-06
 Reference value :  2.23955e-06
 Reference value :  2.23967e-06
 Reference value :  2.23979e-06
 Reference value :  2.23990e-06
 Reference value :  2.24002e-06
 Reference value :  2.24015e-06
 Reference value :  2.24028e-06
 Reference value :  2.24040e-06
 Reference value :  2.24053e-06
 Reference value :  2.24064e-06
 Reference value :  2.24080e-06
 Reference value :  2.24092e-06
 Reference value :  2.24106e-06
 Reference value :  2.24121e-06
 Reference value :  2.24133e-06
 Reference value :  2.24145e-06
 Reference value :  2.24159e-06
 Reference value :  2.24171e-06
 Reference value :  2.24184e-06
 Reference value :  2.24197e-06
 Reference value :  2.24209e-06
 Reference value :  2.24221e-06
 Reference value :  2.24233e-06
 Reference value :  2.24247e-06
 Reference value :  2.24258e-06
 Reference value :  2.24270e-06
 Reference value :  2.24284e-06
 Reference value :  2.24296e-06
 Reference value :  2.24309e-06
 Reference value :  2.24322e-06
 Reference value :  2.24334e-06
 Reference value :  2.24345e-06
 Reference value :  2.24358e-06
 Reference value :  2.24370e-06
 Reference value :  2.24382e-06
 Reference value :  2.24393e-06
 Reference value :  2.24406e-06
 Reference value :  2.24419e-06
 Reference value :  2.24431e-06
 Reference value :  2.24445e-06
 Reference value :  2.24457e-06
 Reference value :  2.24469e-06
 Reference value :  2.24481e-06
 Reference value :  2.24493e-06
 Reference value :  2.24505e-06
 Reference value :  2.24517e-06
 Reference value :  2.24529e-06
 Reference value :  2.24545e-06
 Reference value :  2.24562e-06
 Reference value :  2.24576e-06
 Reference value :  2.24592e-06
 Reference value :  2.24607e-06
 Reference value :  2.24623e-06
 Reference value :  2.24637e-06
 Reference value :  2.24653e-06
 Reference value :  2.24669e-06
 Reference value :  2.24685e-06
 Reference value :  2.24701e-06
 Reference value :  2.24717e-06
 Reference value :  2.24733e-06
 Reference value :  2.24749e-06
 Reference value :  2.24765e-06
 Reference value :  2.24781e-06
 Reference value :  2.24797e-06
 Reference value :  2.24812e-06
 Reference value :  2.24829e-06
 Reference value :  2.24845e-06
 Reference value :  2.24862e-06
 Reference value :  2.24879e-06
 Reference value :  2.24894e-06
 Reference value :  2.24910e-06
 Reference value :  2.24927e-06
 Reference value :  2.24943e-06
 Reference value :  2.24960e-06
 Reference value :  2.24976e-06
 Reference value :  2.24991e-06
 Reference value :  2.25007e-06
 Reference value :  2.25024e-06
 Reference value :  2.25041e-06
 Reference value :  2.25059e-06
 Reference value :  2.25075e-06
 Reference value :  2.25092e-06
 Reference value :  2.25109e-06
 Reference value :  2.25125e-06
 Reference value :  2.25141e-06
 Reference value :  2.25159e-06
 Reference value :  2.25175e-06
 Reference value :  2.25193e-06
 Reference value :  2.25213e-06
 Reference value :  2.25239e-06
 Reference value :  2.25266e-06
 Reference value :  2.25290e-06
 Reference value :  2.25313e-06
 Reference value :  2.25335e-06
 Reference value :  2.25355e-06
 Reference value :  2.25372e-06
 Reference value :  2.25387e-06
 Reference value :  2.25404e-06
 Reference value :  2.25420e-06
 Reference value :  2.25436e-06
 Reference value :  2.25452e-06
 Reference value :  2.25469e-06
 Reference value :  2.25484e-06
 Reference value :  2.25500e-06
 Reference value :  2.25514e-06
 Reference value :  2.25530e-06
 Reference value :  2.25546e-06
 Reference value :  2.25561e-06
 Reference value :  2.25577e-06
 Reference value :  2.25592e-06
 Reference value :  2.25608e-06
 Reference value :  2.25624e-06
 Reference value :  2.25640e-06
 Reference value :  2.25656e-06
 Reference value :  2.25670e-06
 Reference value :  2.25685e-06
 Reference value :  2.25703e-06
 Reference value :  2.25718e-06
 Reference value :  2.25734e-06
 Reference value :  2.25751e-06
 Reference value :  2.25775e-06
 Reference value :  2.25798e-06
 Reference value :  2.25822e-06
 Reference value :  2.25845e-06
 Reference value :  2.25869e-06
 Reference value :  2.25891e-06
 Reference value :  2.25913e-06
 Reference value :  2.25929e-06
 Reference value :  2.25944e-06
 Reference value :  2.25960e-06
 Reference value :  2.25977e-06
 Reference value :  2.25993e-06
 Reference value :  2.26008e-06
 Reference value :  2.26023e-06
 Reference value :  2.26038e-06
 Reference value :  2.26055e-06
 Reference value :  2.26071e-06
 Reference value :  2.26086e-06
 Reference value :  2.26102e-06
 Reference value :  2.26118e-06
 Reference value :  2.26135e-06
 Reference value :  2.26151e-06
 Reference value :  2.26167e-06
 Reference value :  2.26182e-06
 Reference value :  2.26198e-06
 Reference value :  2.26214e-06
 Reference value :  2.26230e-06
 Reference value :  2.26246e-06
 Reference value :  2.26261e-06
 Reference value :  2.26277e-06
 Reference value :  2.26293e-06
 Reference value :  2.26310e-06
 Reference value :  2.26325e-06
 Reference value :  2.26342e-06
 Reference value :  2.26358e-06
 Reference value :  2.26374e-06
 Reference value :  2.26390e-06
 Reference value :  2.26407e-06
 Reference value :  2.26422e-06
 Reference value :  2.26439e-06
 Reference value :  2.26456e-06
 Reference value :  2.26472e-06
 Reference value :  2.26488e-06
 Reference value :  2.26504e-06
 Reference value :  2.26519e-06
 Reference value :  2.26536e-06
 Reference value :  2.26552e-06
 Reference value :  2.26567e-06
 Reference value :  2.26582e-06
 Reference value :  2.26598e-06
 Reference value :  2.26613e-06
 Reference value :  2.26629e-06
 Reference value :  2.26644e-06
 Reference value :  2.26661e-06
 Reference value :  2.26677e-06
 Reference value :  2.26693e-06
 Reference value :  2.26710e-06
 Reference value :  2.26726e-06
 Reference value :  2.26742e-06
 Reference value :  2.26759e-06
 Reference value :  2.26776e-06
 Reference value :  2.26792e-06
 Reference value :  2.26808e-06
 Reference value :  2.26823e-06
 Reference value :  2.26839e-06
 Reference value :  2.26854e-06
 Reference value :  2.26871e-06
 Reference value :  2.26887e-06
 Reference value :  2.26903e-06
 Reference value :  2.26919e-06
 Reference value :  2.26934e-06
 Reference value :  2.26949e-06
 Reference value :  2.26965e-06
 Reference value :  2.26980e-06
 Reference value :  2.26998e-06
 Reference value :  2.27012e-06
 Reference value :  2.27027e-06
 Reference value :  2.27043e-06
 Reference value :  2.27058e-06
 Reference value :  2.27074e-06
 Reference value :  2.27089e-06
 Reference value :  2.27104e-06
 Reference value :  2.27118e-06
 Reference value :  2.27133e-06
 Reference value :  2.27148e-06
 Reference value :  2.27165e-06
 Reference value :  2.27180e-06
 Reference value :  2.27196e-06
 Reference value :  2.27214e-06
 Reference value :  2.27238e-06
 Reference value :  2.27261e-06
 Reference value :  2.27283e-06
 Reference value :  2.27305e-06
 Reference value :  2.27327e-06
 Reference value :  2.27345e-06
 Reference value :  2.27361e-06
 Reference value :  2.27376e-06
 Reference value :  2.27390e-06
 Reference value :  2.27405e-06
 Reference value :  2.27421e-06
 Reference value :  2.27435e-06
 Reference value :  2.27451e-06
 Reference value :  2.27466e-06
 Reference value :  2.27480e-06
 Reference value :  2.27496e-06
 Reference value :  2.27511e-06
 Reference value :  2.27525e-06
 Reference value :  2.27541e-06
 Reference value :  2.27557e-06
 Reference value :  2.27572e-06
 Reference value :  2.27588e-06
 Reference value :  2.27603e-06
 Reference value :  2.27618e-06
 Reference value :  2.27634e-06
 Reference value :  2.27650e-06
 Reference value :  2.27665e-06
 Reference value :  2.27681e-06
 Reference value :  2.27696e-06
 Reference value :  2.27712e-06
 Reference value :  2.27728e-06
 Reference value :  2.27744e-06
 Reference value :  2.27760e-06
 Reference value :  2.27776e-06
 Reference value :  2.27792e-06
 Reference value :  2.27808e-06
 Reference value :  2.27824e-06
 Reference value :  2.27839e-06
 Reference value :  2.27855e-06
 Reference value :  2.27870e-06
 Reference value :  2.27886e-06
 Reference value :  2.27900e-06
 Reference value :  2.27915e-06
 Reference value :  2.27931e-06
 Reference value :  2.27946e-06
 Reference value :  2.27963e-06
 Reference value :  2.27978e-06
 Reference value :  2.27992e-06
 Reference value :  2.28007e-06
 Reference value :  2.28022e-06
 Reference value :  2.28038e-06
 Reference value :  2.28053e-06
 Reference value :  2.28068e-06
 Reference value :  2.28082e-06
 Reference value :  2.28099e-06
 Reference value :  2.28114e-06
 Reference value :  2.28130e-06
 Reference value :  2.28145e-06
 Reference value :  2.28160e-06
 Reference value :  2.28176e-06
 Reference value :  2.28192e-06
 Reference value :  2.28208e-06
 Reference value :  2.28224e-06
 Reference value :  2.28241e-06
 Reference value :  2.28256e-06
 Reference value :  2.28273e-06
 Reference value :  2.28288e-06
 Reference value :  2.28304e-06
 Reference value :  2.28319e-06
 Reference value :  2.28336e-06
 Reference value :  2.28350e-06
 Reference value :  2.28366e-06
 Reference value :  2.28381e-06
 Reference value :  2.28397e-06
 Reference value :  2.28412e-06
 Reference value :  2.28428e-06
 Reference value :  2.28443e-06
 Reference value :  2.28458e-06
 Reference value :  2.28474e-06
 Reference value :  2.28490e-06
 Reference value :  2.28506e-06
 Reference value :  2.28521e-06
 Reference value :  2.28536e-06
 Reference value :  2.28553e-06
 Reference value :  2.28569e-06
 Reference value :  2.28585e-06
 Reference value :  2.28600e-06
 Reference value :  2.28616e-06
 Reference value :  2.28630e-06
 Reference value :  2.28646e-06
 Reference value :  2.28660e-06
 Reference value :  2.28676e-06
 Reference value :  2.28691e-06
 Reference value :  2.28707e-06
 Reference value :  2.28725e-06
 Reference value :  2.28742e-06
 Reference value :  2.28757e-06
 Reference value :  2.28772e-06
 Reference value :  2.28789e-06
 Reference value :  2.28804e-06
 Reference value :  2.28820e-06
 Reference value :  2.28836e-06
 Reference value :  2.28852e-06
 Reference value :  2.28866e-06
 Reference value :  2.28879e-06
 Reference value :  2.28894e-06
 Reference value :  2.28908e-06
 Reference value :  2.28923e-06
 Reference value :  2.28938e-06
 Reference value :  2.28952e-06
 Reference value :  2.28968e-06
 Reference value :  2.28983e-06
 Reference value :  2.28998e-06
 Reference value :  2.29013e-06
 Reference value :  2.29029e-06
 Reference value :  2.29044e-06
 Reference value :  2.29060e-06
 Reference value :  2.29075e-06
 Reference value :  2.29091e-06
 Reference value :  2.29106e-06
 Reference value :  2.29122e-06
 Reference value :  2.29138e-06
 Reference value :  2.29154e-06
 Reference value :  2.29170e-06
 Reference value :  2.29185e-06
 Reference value :  2.29202e-06
 Reference value :  2.29217e-06
 Reference value :  2.29232e-06
 Reference value :  2.29248e-06
 Reference value :  2.29262e-06
 Reference value :  2.29278e-06
 Reference value :  2.29292e-06
 Reference value :  2.29308e-06
 Reference value :  2.29324e-06
 Reference value :  2.29340e-06
 Reference value :  2.29356e-06
 Reference value :  2.29372e-06
 Reference value :  2.29388e-06
 Reference value :  2.29404e-06
 Reference value :  2.29420e-06
 Reference value :  2.29436e-06
 Reference value :  2.29451e-06
 Reference value :  2.29469e-06
 Reference value :  2.29484e-06
 Reference value :  2.29501e-06
 Reference value :  2.29516e-06
 Reference value :  2.29530e-06
 Reference value :  2.29545e-06
 Reference value :  2.29561e-06
 Reference value :  2.29578e-06
 Reference value :  2.29593e-06
 Reference value :  2.29609e-06
 Reference value :  2.29623e-06
 Reference value :  2.29638e-06
 Reference value :  2.29653e-06
 Reference value :  2.29670e-06
 Reference value :  2.29685e-06
 Reference value :  2.29701e-06
 Reference value :  2.29716e-06
 Reference value :  2.29731e-06
 Reference value :  2.29747e-06
 Reference value :  2.29762e-06
 Reference value :  2.29779e-06
 Reference value :  2.29794e-06
 Reference value :  2.29811e-06
 Reference value :  2.29827e-06
 Reference value :  2.29843e-06
 Reference value :  2.29859e-06
 Reference value :  2.29875e-06
 Reference value :  2.29892e-06
 Reference value :  2.29908e-06
 Reference value :  2.29924e-06
 Reference value :  2.29940e-06
 Reference value :  2.29955e-06
 Reference value :  2.29972e-06
 Reference value :  2.29988e-06
 Reference value :  2.30003e-06
 Reference value :  2.30018e-06
 Reference value :  2.30033e-06
 Reference value :  2.30049e-06
 Reference value :  2.30064e-06
 Reference value :  2.30079e-06
 Reference value :  2.30097e-06
 Reference value :  2.30113e-06
 Reference value :  2.30129e-06
 Reference value :  2.30145e-06
 Reference value :  2.30162e-06
 Reference value :  2.30177e-06
 Reference value :  2.30193e-06
 Reference value :  2.30208e-06
 Reference value :  2.30223e-06
 Reference value :  2.30239e-06
 Reference value :  2.30255e-06
 Reference value :  2.30270e-06
 Reference value :  2.30286e-06
 Reference value :  2.30302e-06
 Reference value :  2.30319e-06
 Reference value :  2.30335e-06
 Reference value :  2.30351e-06
 Reference value :  2.30366e-06
 Reference value :  2.30382e-06
 Reference value :  2.30397e-06
 Reference value :  2.30413e-06
 Reference value :  2.30429e-06
 Reference value :  2.30444e-06
 Reference value :  2.30459e-06
 Reference value :  2.30475e-06
 Reference value :  2.30490e-06
 Reference value :  2.30506e-06
 Reference value :  2.30522e-06
 Reference value :  2.30537e-06
 Reference value :  2.30554e-06
 Reference value :  2.30570e-06
 Reference value :  2.30585e-06
 Reference value :  2.30601e-06
 Reference value :  2.30617e-06
 Reference value :  2.30632e-06
 Reference value :  2.30649e-06
 Reference value :  2.30665e-06
 Reference value :  2.30681e-06
 Reference value :  2.30696e-06
 Reference value :  2.30712e-06
 Reference value :  2.30728e-06
 Reference value :  2.30745e-06
 Reference value :  2.30761e-06
 Reference value :  2.30777e-06
 Reference value :  2.30792e-06
 Reference value :  2.30808e-06
 Reference value :  2.30823e-06
 Reference value :  2.30839e-06
 Reference value :  2.30855e-06
 Reference value :  2.30871e-06
 Reference value :  2.30887e-06
 Reference value :  2.30903e-06
 Reference value :  2.30918e-06
 Reference value :  2.30934e-06
 Reference value :  2.30950e-06
 Reference value :  2.30966e-06
 Reference value :  2.30982e-06
 Reference value :  2.30999e-06
 Reference value :  2.31015e-06
 Reference value :  2.31032e-06
 Reference value :  2.31047e-06
 Reference value :  2.31064e-06
 Reference value :  2.31079e-06
 Reference value :  2.31096e-06
 Reference value :  2.31113e-06
 Reference value :  2.31128e-06
 Reference value :  2.31144e-06
 Reference value :  2.31159e-06
 Reference value :  2.31176e-06
 Reference value :  2.31192e-06
 Reference value :  2.31207e-06
 Reference value :  2.31223e-06
 Reference value :  2.31242e-06
 Reference value :  2.31260e-06
 Reference value :  2.31275e-06
 Reference value :  2.31291e-06
 Reference value :  2.31306e-06
 Reference value :  2.31323e-06
 Reference value :  2.31339e-06
 Reference value :  2.31354e-06
 Reference value :  2.31369e-06
 Reference value :  2.31385e-06
 Reference value :  2.31400e-06
 Reference value :  2.31415e-06
 Reference value :  2.31432e-06
 Reference value :  2.31449e-06
 Reference value :  2.31466e-06
 Reference value :  2.31481e-06
 Reference value :  2.31497e-06
 Reference value :  2.31512e-06
 Reference value :  2.31528e-06
 Reference value :  2.31544e-06
 Reference value :  2.31558e-06
 Reference value :  2.31574e-06
 Reference value :  2.31589e-06
 Reference value :  2.31605e-06
 Reference value :  2.31621e-06
 Reference value :  2.31635e-06
 Reference value :  2.31649e-06
 Reference value :  2.31663e-06
 Reference value :  2.31676e-06
 Reference value :  2.31690e-06
 Reference value :  2.31703e-06
 Reference value :  2.31717e-06
 Reference value :  2.31731e-06
 Reference value :  2.31745e-06
 Reference value :  2.31759e-06
 Reference value :  2.31773e-06
 Reference value :  2.31786e-06
 Reference value :  2.31800e-06
 Reference value :  2.31814e-06
 Reference value :  2.31828e-06
 Reference value :  2.31842e-06
 Reference value :  2.31856e-06
 Reference value :  2.31869e-06
 Reference value :  2.31884e-06
 Reference value :  2.31897e-06
 Reference value :  2.31912e-06
 Reference value :  2.31926e-06
 Reference value :  2.31939e-06
 Reference value :  2.31953e-06
 Reference value :  2.31967e-06
 Reference value :  2.31980e-06
 Reference value :  2.31994e-06
 Reference value :  2.32007e-06
 Reference value :  2.32021e-06
 Reference value :  2.32035e-06
 Reference value :  2.32048e-06
 Reference value :  2.32062e-06
 Reference value :  2.32076e-06
 Reference value :  2.32090e-06
 Reference value :  2.32104e-06
 Reference value :  2.32119e-06
 Reference value :  2.32133e-06
 Reference value :  2.32146e-06
 Reference value :  2.32160e-06
 Reference value :  2.32174e-06
 Reference value :  2.32187e-06
 Reference value :  2.32201e-06
 Reference value :  2.32214e-06
 Reference value :  2.32228e-06
 Reference value :  2.32241e-06
 Reference value :  2.32255e-06
 Reference value :  2.32268e-06
 Reference value :  2.32281e-06
 Reference value :  2.32297e-06
 Reference value :  2.32311e-06
 Reference value :  2.32326e-06
 Reference value :  2.32339e-06
 Reference value :  2.32354e-06
 Reference value :  2.32368e-06
 Reference value :  2.32382e-06
 Reference value :  2.32397e-06
 Reference value :  2.32411e-06
 Reference value :  2.32426e-06
 Reference value :  2.32441e-06
 Reference value :  2.32457e-06
 Reference value :  2.32471e-06
 Reference value :  2.32488e-06
 Reference value :  2.32503e-06
 Reference value :  2.32517e-06
 Reference value :  2.32531e-06
 Reference value :  2.32546e-06
 Reference value :  2.32565e-06
 Reference value :  2.32588e-06
 Reference value :  2.32615e-06
 Reference value :  2.32641e-06
 Reference value :  2.32664e-06
 Reference value :  2.32679e-06
 Reference value :  2.32695e-06
 Reference value :  2.32712e-06
 Reference value :  2.32730e-06
 Reference value :  2.32746e-06
 Reference value :  2.32762e-06
 Reference value :  2.32777e-06
 Reference value :  2.32793e-06
 Reference value :  2.32809e-06
 Reference value :  2.32826e-06
 Reference value :  2.32841e-06
 Reference value :  2.32858e-06
 Reference value :  2.32875e-06
 Reference value :  2.32892e-06
 Reference value :  2.32909e-06
 Reference value :  2.32925e-06
 Reference value :  2.32940e-06
 Reference value :  2.32956e-06
 Reference value :  2.32973e-06
 Reference value :  2.32991e-06
 Reference value :  2.33006e-06
 Reference value :  2.33023e-06
 Reference value :  2.33039e-06
 Reference value :  2.33055e-06
 Reference value :  2.33071e-06
 Reference value :  2.33088e-06
 Reference value :  2.33104e-06
 Reference value :  2.33119e-06
 Reference value :  2.33137e-06
 Reference value :  2.33152e-06
 Reference value :  2.33168e-06
 Reference value :  2.33185e-06
 Reference value :  2.33201e-06
 Reference value :  2.33217e-06
 Reference value :  2.33233e-06
 Reference value :  2.33249e-06
 Reference value :  2.33264e-06
 Reference value :  2.33280e-06
 Reference value :  2.33296e-06
 Reference value :  2.33312e-06
 Reference value :  2.33328e-06
 Reference value :  2.33343e-06
 Reference value :  2.33358e-06
 Reference value :  2.33375e-06
 Reference value :  2.33394e-06
 Reference value :  2.33410e-06
 Reference value :  2.33425e-06
 Reference value :  2.33440e-06
 Reference value :  2.33457e-06
 Reference value :  2.33473e-06
 Reference value :  2.33489e-06
 Reference value :  2.33506e-06
 Reference value :  2.33522e-06
 Reference value :  2.33539e-06
 Reference value :  2.33554e-06
 Reference value :  2.33569e-06
 Reference value :  2.33587e-06
 Reference value :  2.33603e-06
 Reference value :  2.33625e-06
 Reference value :  2.33650e-06
 Reference value :  2.33674e-06
 Reference value :  2.33691e-06
 Reference value :  2.33706e-06
 Reference value :  2.33723e-06
 Reference value :  2.33741e-06
 Reference value :  2.33756e-06
 Reference value :  2.33771e-06
 Reference value :  2.33787e-06
 Reference value :  2.33803e-06
 Reference value :  2.33819e-06
 Reference value :  2.33835e-06
 Reference value :  2.33850e-06
 Reference value :  2.33866e-06
 Reference value :  2.33882e-06
 Reference value :  2.33898e-06
 Reference value :  2.33914e-06
 Reference value :  2.33930e-06
 Reference value :  2.33945e-06
 Reference value :  2.33961e-06
 Reference value :  2.33977e-06
 Reference value :  2.33993e-06
 Reference value :  2.34008e-06
 Reference value :  2.34025e-06
 Reference value :  2.34041e-06
 Reference value :  2.34058e-06
 Reference value :  2.34074e-06
 Reference value :  2.34091e-06
 Reference value :  2.34107e-06
 Reference value :  2.34123e-06
 Reference value :  2.34140e-06
 Reference value :  2.34157e-06
 Reference value :  2.34174e-06
 Reference value :  2.34190e-06
 Reference value :  2.34207e-06
 Reference value :  2.34223e-06
 Reference value :  2.34239e-06
 Reference value :  2.34255e-06
 Reference value :  2.34271e-06
 Reference value :  2.34287e-06
 Reference value :  2.34303e-06
 Reference value :  2.34319e-06
 Reference value :  2.34336e-06
 Reference value :  2.34351e-06
 Reference value :  2.34367e-06
 Reference value :  2.34385e-06
 Reference value :  2.34401e-06
 Reference value :  2.34418e-06
 Reference value :  2.34434e-06
 Reference value :  2.34450e-06
 Reference value :  2.34467e-06
 Reference value :  2.34483e-06
 Reference value :  2.34501e-06
 Reference value :  2.34518e-06
 Reference value :  2.34536e-06
 Reference value :  2.34552e-06
 Reference value :  2.34568e-06
 Reference value :  2.34586e-06
 Reference value :  2.34603e-06
 Reference value :  2.34618e-06
 Reference value :  2.34634e-06
 Reference value :  2.34651e-06
 Reference value :  2.34666e-06
 Reference value :  2.34682e-06
 Reference value :  2.34697e-06
 Reference value :  2.34714e-06
 Reference value :  2.34730e-06
 Reference value :  2.34746e-06
 Reference value :  2.34762e-06
 Reference value :  2.34778e-06
 Reference value :  2.34794e-06
 Reference value :  2.34811e-06
 Reference value :  2.34825e-06
 Reference value :  2.34841e-06
 Reference value :  2.34856e-06
 Reference value :  2.34871e-06
 Reference value :  2.34886e-06
 Reference value :  2.34902e-06
 Reference value :  2.34918e-06
 Reference value :  2.34933e-06
 Reference value :  2.34949e-06
 Reference value :  2.34964e-06
 Reference value :  2.34980e-06
 Reference value :  2.34995e-06
 Reference value :  2.35010e-06
 Reference value :  2.35026e-06
 Reference value :  2.35042e-06
 Reference value :  2.35058e-06
 Reference value :  2.35074e-06
 Reference value :  2.35090e-06
 Reference value :  2.35104e-06
 Reference value :  2.35119e-06
 Reference value :  2.35135e-06
 Reference value :  2.35150e-06
 Reference value :  2.35166e-06
 Reference value :  2.35181e-06
 Reference value :  2.35196e-06
 Reference value :  2.35213e-06
 Reference value :  2.35230e-06
 Reference value :  2.35245e-06
 Reference value :  2.35262e-06
 Reference value :  2.35277e-06
 Reference value :  2.35291e-06
 Reference value :  2.35308e-06
 Reference value :  2.35321e-06
 Reference value :  2.35336e-06
 Reference value :  2.35352e-06
 Reference value :  2.35367e-06
 Reference value :  2.35383e-06
 Reference value :  2.35399e-06
 Reference value :  2.35415e-06
 Reference value :  2.35431e-06
 Reference value :  2.35447e-06
 Reference value :  2.35463e-06
 Reference value :  2.35480e-06
 Reference value :  2.35494e-06
 Reference value :  2.35507e-06
 Reference value :  2.35520e-06
 Reference value :  2.35534e-06
 Reference value :  2.35547e-06
 Reference value :  2.35561e-06
 Reference value :  2.35575e-06
 Reference value :  2.35588e-06
 Reference value :  2.35601e-06
 Reference value :  2.35615e-06
 Reference value :  2.35628e-06
 Reference value :  2.35642e-06
 Reference value :  2.35656e-06
 Reference value :  2.35669e-06
 Reference value :  2.35683e-06
 Reference value :  2.35696e-06
 Reference value :  2.35710e-06
 Reference value :  2.35724e-06
 Reference value :  2.35737e-06
 Reference value :  2.35751e-06
 Reference value :  2.35764e-06
 Reference value :  2.35778e-06
 Reference value :  2.35791e-06
 Reference value :  2.35805e-06
 Reference value :  2.35818e-06
 Reference value :  2.35832e-06
 Reference value :  2.35846e-06
 Reference value :  2.35859e-06
 Reference value :  2.35872e-06
 Reference value :  2.35886e-06
 Reference value :  2.35899e-06
 Reference value :  2.35912e-06
 Reference value :  2.35927e-06
 Reference value :  2.35941e-06
 Reference value :  2.35955e-06
 Reference value :  2.35969e-06
 Reference value :  2.35983e-06
 Reference value :  2.35997e-06
 Reference value :  2.36011e-06
 Reference value :  2.36026e-06
 Reference value :  2.36039e-06
 Reference value :  2.36053e-06
 Reference value :  2.36066e-06
 Reference value :  2.36081e-06
 Reference value :  2.36095e-06
 Reference value :  2.36111e-06
 Reference value :  2.36126e-06
 Reference value :  2.36141e-06
 Reference value :  2.36154e-06
 Reference value :  2.36169e-06
 Reference value :  2.36182e-06
 Reference value :  2.36196e-06
 Reference value :  2.36209e-06
 Reference value :  2.36222e-06
 Reference value :  2.36236e-06
 Reference value :  2.36251e-06
 Reference value :  2.36265e-06
 Reference value :  2.36279e-06
 Reference value :  2.36293e-06
 Reference value :  2.36308e-06
 Reference value :  2.36321e-06
 Reference value :  2.36334e-06
 Reference value :  2.36348e-06
 Reference value :  2.36361e-06
 Reference value :  2.36374e-06
 Reference value :  2.36388e-06
 Reference value :  2.36401e-06
 Reference value :  2.36415e-06
 Reference value :  2.36429e-06
 Reference value :  2.36442e-06
 Reference value :  2.36456e-06
 Reference value :  2.36469e-06
 Reference value :  2.36483e-06
 Reference value :  2.36497e-06
 Reference value :  2.36511e-06
 Reference value :  2.36525e-06
 Reference value :  2.36538e-06
 Reference value :  2.36551e-06
 Reference value :  2.36564e-06
 Reference value :  2.36578e-06
 Reference value :  2.36591e-06
 Reference value :  2.36605e-06
 Reference value :  2.36619e-06
 Reference value :  2.36633e-06
 Reference value :  2.36647e-06
 Reference value :  2.36662e-06
 Reference value :  2.36676e-06
 Reference value :  2.36689e-06
 Reference value :  2.36703e-06
 Reference value :  2.36717e-06
 Reference value :  2.36730e-06
 Reference value :  2.36744e-06
 Reference value :  2.36758e-06
 Reference value :  2.36770e-06
 Reference value :  2.36784e-06
 Reference value :  2.36797e-06
 Reference value :  2.36811e-06
 Reference value :  2.36825e-06
 Reference value :  2.36838e-06
 Reference value :  2.36852e-06
 Reference value :  2.36866e-06
 Reference value :  2.36879e-06
 Reference value :  2.36892e-06
 Reference value :  2.36906e-06
 Reference value :  2.36919e-06
 Reference value :  2.36933e-06
 Reference value :  2.36948e-06
 Reference value :  2.36963e-06
 Reference value :  2.36977e-06
 Reference value :  2.36991e-06
 Reference value :  2.37004e-06
 Reference value :  2.37020e-06
 Reference value :  2.37034e-06
 Reference value :  2.37047e-06
 Reference value :  2.37060e-06
 Reference value :  2.37074e-06
 Reference value :  2.37088e-06
 Reference value :  2.37105e-06
 Reference value :  2.37120e-06
 Reference value :  2.37135e-06
 Reference value :  2.37149e-06
 Reference value :  2.37163e-06
 Reference value :  2.37177e-06
 Reference value :  2.37189e-06
 Reference value :  2.37202e-06
 Reference value :  2.37215e-06
 Reference value :  2.37228e-06
 Reference value :  2.37243e-06
 Reference value :  2.37257e-06
 Reference value :  2.37271e-06
 Reference value :  2.37284e-06
 Reference value :  2.37298e-06
 Reference value :  2.37312e-06
 Reference value :  2.37326e-06
 Reference value :  2.37339e-06
 Reference value :  2.37353e-06
 Reference value :  2.37367e-06
 Reference value :  2.37381e-06
 Reference value :  2.37395e-06
 Reference value :  2.37408e-06
 Reference value :  2.37423e-06
 Reference value :  2.37436e-06
 Reference value :  2.37452e-06
 Reference value :  2.37466e-06
 Reference value :  2.37480e-06
 Reference value :  2.37495e-06
 Reference value :  2.37509e-06
 Reference value :  2.37523e-06
 Reference value :  2.37537e-06
 Reference value :  2.37552e-06
 Reference value :  2.37565e-06
 Reference value :  2.37580e-06
 Reference value :  2.37594e-06
 Reference value :  2.37607e-06
 Reference value :  2.37620e-06
 Reference value :  2.37634e-06
 Reference value :  2.37648e-06
 Reference value :  2.37662e-06
 Reference value :  2.37677e-06
 Reference value :  2.37692e-06
 Reference value :  2.37711e-06
 Reference value :  2.37725e-06
 Reference value :  2.37739e-06
 Reference value :  2.37752e-06
 Reference value :  2.37765e-06
 Reference value :  2.37779e-06
 Reference value :  2.37793e-06
 Reference value :  2.37806e-06
 Reference value :  2.37820e-06
 Reference value :  2.37834e-06
 Reference value :  2.37847e-06
 Reference value :  2.37861e-06
 Reference value :  2.37874e-06
 Reference value :  2.37888e-06
 Reference value :  2.37902e-06
 Reference value :  2.37916e-06
 Reference value :  2.37931e-06
 Reference value :  2.37946e-06
 Reference value :  2.37960e-06
 Reference value :  2.37975e-06
 Reference value :  2.37988e-06
 Reference value :  2.38003e-06
 Reference value :  2.38016e-06
 Reference value :  2.38031e-06
 Reference value :  2.38044e-06
 Reference value :  2.38058e-06
 Reference value :  2.38075e-06
 Reference value :  2.38092e-06
 Reference value :  2.38108e-06
 Reference value :  2.38121e-06
 Reference value :  2.38135e-06
 Reference value :  2.38149e-06
 Reference value :  2.38163e-06
 Reference value :  2.38177e-06
 Reference value :  2.38191e-06
 Reference value :  2.38205e-06
 Reference value :  2.38219e-06
 Reference value :  2.38234e-06
 Reference value :  2.38248e-06
 Reference value :  2.38262e-06
 Reference value :  2.38279e-06
 Reference value :  2.38293e-06
 Reference value :  2.38306e-06
 Reference value :  2.38321e-06
 Reference value :  2.38334e-06
 Reference value :  2.38347e-06
 Reference value :  2.38361e-06
 Reference value :  2.38374e-06
 Reference value :  2.38388e-06
 Reference value :  2.38401e-06
 Reference value :  2.38415e-06
 Reference value :  2.38428e-06
 Reference value :  2.38442e-06
 Reference value :  2.38456e-06
 Reference value :  2.38469e-06
 Reference value :  2.38483e-06
 Reference value :  2.38497e-06
 Reference value :  2.38511e-06
 Reference value :  2.38525e-06
 Reference value :  2.38539e-06
 Reference value :  2.38553e-06
 Reference value :  2.38566e-06
 Reference value :  2.38579e-06
 Reference value :  2.38593e-06
 Reference value :  2.38607e-06
 Reference value :  2.38620e-06
 Reference value :  2.38634e-06
 Reference value :  2.38648e-06
 Reference value :  2.38661e-06
 Reference value :  2.38675e-06
 Reference value :  2.38691e-06
 Reference value :  2.38705e-06
 Reference value :  2.38719e-06
 Reference value :  2.38733e-06
 Reference value :  2.38747e-06
 Reference value :  2.38761e-06
 Reference value :  2.38774e-06
 Reference value :  2.38787e-06
 Reference value :  2.38801e-06
 Reference value :  2.38814e-06
 Reference value :  2.38828e-06
 Reference value :  2.38841e-06
 Reference value :  2.38855e-06
 Reference value :  2.38869e-06
 Reference value :  2.38883e-06
 Reference value :  2.38898e-06
 Reference value :  2.38911e-06
 Reference value :  2.38924e-06
 Reference value :  2.38939e-06
 Reference value :  2.38952e-06
 Reference value :  2.38965e-06
 Reference value :  2.38979e-06
 Reference value :  2.38992e-06
 Reference value :  2.39006e-06
 Reference value :  2.39020e-06
 Reference value :  2.39034e-06
 Reference value :  2.39049e-06
 Reference value :  2.39062e-06
 Reference value :  2.39076e-06
 Reference value :  2.39089e-06
 Reference value :  2.39103e-06
 Reference value :  2.39119e-06
 Reference value :  2.39132e-06
 Reference value :  2.39146e-06
 Reference value :  2.39159e-06
 Reference value :  2.39173e-06
 Reference value :  2.39189e-06
 Reference value :  2.39203e-06
 Reference value :  2.39217e-06
 Reference value :  2.39231e-06
 Reference value :  2.39245e-06
 Reference value :  2.39259e-06
 Reference value :  2.39273e-06
 Reference value :  2.39286e-06
 Reference value :  2.39300e-06
 Reference value :  2.39313e-06
 Reference value :  2.39327e-06
 Reference value :  2.39342e-06
 Reference value :  2.39356e-06
 Reference value :  2.39370e-06
 Reference value :  2.39383e-06
 Reference value :  2.39397e-06
 Reference value :  2.39410e-06
 Reference value :  2.39424e-06
 Reference value :  2.39437e-06
 Reference value :  2.39451e-06
 Reference value :  2.39464e-06
 Reference value :  2.39478e-06
 Reference value :  2.39491e-06
 Reference value :  2.39505e-06
 Reference value :  2.39519e-06
 Reference value :  2.39533e-06
 Reference value :  2.39547e-06
 Reference value :  2.39560e-06
 Reference value :  2.39574e-06
 Reference value :  2.39589e-06
 Reference value :  2.39605e-06
 Reference value :  2.39620e-06
 Reference value :  2.39634e-06
 Reference value :  2.39647e-06
 Reference value :  2.39660e-06
 Reference value :  2.39674e-06
 Reference value :  2.39688e-06
 Reference value :  2.39701e-06
 Reference value :  2.39715e-06
 Reference value :  2.39729e-06
 Reference value :  2.39744e-06
 Reference value :  2.39758e-06
 Reference value :  2.39771e-06
 Reference value :  2.39785e-06
 Reference value :  2.39798e-06
 Reference value :  2.39812e-06
 Reference value :  2.39825e-06
 Reference value :  2.39838e-06
 Reference value :  2.39852e-06
 Reference value :  2.39868e-06
 Reference value :  2.39881e-06
 Reference value :  2.39896e-06
 Reference value :  2.39909e-06
 Reference value :  2.39926e-06
 Reference value :  2.39941e-06
 Reference value :  2.39954e-06
 Reference value :  2.39970e-06
 Reference value :  2.39991e-06
 Reference value :  2.40006e-06
 Reference value :  2.40019e-06
 Reference value :  2.40033e-06
 Reference value :  2.40046e-06
 Reference value :  2.40059e-06
 Reference value :  2.40073e-06
 Reference value :  2.40086e-06
 Reference value :  2.40100e-06
 Reference value :  2.40113e-06
 Reference value :  2.40127e-06
 Reference value :  2.40142e-06
 Reference value :  2.40156e-06
 Reference value :  2.40172e-06
 Reference value :  2.40185e-06
 Reference value :  2.40199e-06
 Reference value :  2.40213e-06
 Reference value :  2.40229e-06
 Reference value :  2.40243e-06
 Reference value :  2.40256e-06
 Reference value :  2.40270e-06
 Reference value :  2.40285e-06
 Reference value :  2.40299e-06
 Reference value :  2.40312e-06
 Reference value :  2.40326e-06
 Reference value :  2.40339e-06
 Reference value :  2.40353e-06
 Reference value :  2.40366e-06
 Reference value :  2.40381e-06
 Reference value :  2.40394e-06
 Reference value :  2.40408e-06
 Reference value :  2.40422e-06
 Reference value :  2.40436e-06
 Reference value :  2.40450e-06
 Reference value :  2.40464e-06
 Reference value :  2.40477e-06
 Reference value :  2.40492e-06
 Reference value :  2.40505e-06
 Reference value :  2.40519e-06
 Reference value :  2.40532e-06
 Reference value :  2.40546e-06
 Reference value :  2.40560e-06
 Reference value :  2.40574e-06
 Reference value :  2.40588e-06
 Reference value :  2.40601e-06
 Reference value :  2.40616e-06
 Reference value :  2.40630e-06
 Reference value :  2.40644e-06
 Reference value :  2.40657e-06
 Reference value :  2.40671e-06
 Reference value :  2.40684e-06
 Reference value :  2.40698e-06
 Reference value :  2.40712e-06
 Reference value :  2.40727e-06
 Reference value :  2.40743e-06
 Reference value :  2.40758e-06
 Reference value :  2.40774e-06
 Reference value :  2.40788e-06
 Reference value :  2.40802e-06
 Reference value :  2.40815e-06
 Reference value :  2.40831e-06
 Reference value :  2.40845e-06
 Reference value :  2.40858e-06
 Reference value :  2.40871e-06
 Reference value :  2.40885e-06
 Reference value :  2.40898e-06
 Reference value :  2.40912e-06
 Reference value :  2.40925e-06
 Reference value :  2.40939e-06
 Reference value :  2.40952e-06
 Reference value :  2.40966e-06
 Reference value :  2.40979e-06
 Reference value :  2.40993e-06
 Reference value :  2.41006e-06
 Reference value :  2.41019e-06
 Reference value :  2.41033e-06
 Reference value :  2.41046e-06
 Reference value :  2.41060e-06
 Reference value :  2.41075e-06
 Reference value :  2.41098e-06
 Reference value :  2.41121e-06
 Reference value :  2.41139e-06
 Reference value :  2.41153e-06
 Reference value :  2.41167e-06
 Reference value :  2.41181e-06
 Reference value :  2.41194e-06
 Reference value :  2.41208e-06
 Reference value :  2.41221e-06
 Reference value :  2.41235e-06
 Reference value :  2.41248e-06
 Reference value :  2.41261e-06
 Reference value :  2.41275e-06
 Reference value :  2.41288e-06
 Reference value :  2.41302e-06
 Reference value :  2.41316e-06
 Reference value :  2.41329e-06
 Reference value :  2.41342e-06
 Reference value :  2.41356e-06
 Reference value :  2.41369e-06
 Reference value :  2.41383e-06
 Reference value :  2.41397e-06
 Reference value :  2.41410e-06
 Reference value :  2.41423e-06
 Reference value :  2.41436e-06
 Reference value :  2.41450e-06
 Reference value :  2.41463e-06
 Reference value :  2.41476e-06
 Reference value :  2.41490e-06
 Reference value :  2.41503e-06
 Reference value :  2.41517e-06
 Reference value :  2.41530e-06
 Reference value :  2.41544e-06
 Reference value :  2.41558e-06
 Reference value :  2.41571e-06
 Reference value :  2.41584e-06
 Reference value :  2.41598e-06
 Reference value :  2.41612e-06
 Reference value :  2.41625e-06
 Reference value :  2.41638e-06
 Reference value :  2.41651e-06
 Reference value :  2.41664e-06
 Reference value :  2.41678e-06
 Reference value :  2.41691e-06
 Reference value :  2.41703e-06
 Reference value :  2.41717e-06
 Reference value :  2.41732e-06
 Reference value :  2.41746e-06
 Reference value :  2.41759e-06
 Reference value :  2.41772e-06
 Reference value :  2.41786e-06
 Reference value :  2.41800e-06
 Reference value :  2.41814e-06
 Reference value :  2.41828e-06
 Reference value :  2.41842e-06
 Reference value :  2.41855e-06
 Reference value :  2.41869e-06
 Reference value :  2.41883e-06
 Reference value :  2.41896e-06
 Reference value :  2.41910e-06
 Reference value :  2.41923e-06
 Reference value :  2.41937e-06
 Reference value :  2.41951e-06
 Reference value :  2.41966e-06
 Reference value :  2.41979e-06
 Reference value :  2.41992e-06
 Reference value :  2.42007e-06
 Reference value :  2.42021e-06
 Reference value :  2.42034e-06
 Reference value :  2.42048e-06
 Reference value :  2.42061e-06
 Reference value :  2.42075e-06
 Reference value :  2.42088e-06
 Reference value :  2.42102e-06
 Reference value :  2.42116e-06
 Reference value :  2.42129e-06
 Reference value :  2.42143e-06
 Reference value :  2.42157e-06
 Reference value :  2.42171e-06
 Reference value :  2.42185e-06
 Reference value :  2.42199e-06
 Reference value :  2.42213e-06
 Reference value :  2.42230e-06
 Reference value :  2.42244e-06
 Reference value :  2.42259e-06
 Reference value :  2.42273e-06
 Reference value :  2.42287e-06
 Reference value :  2.42300e-06
 Reference value :  2.42313e-06
 Reference value :  2.42327e-06
 Reference value :  2.42341e-06
 Reference value :  2.42354e-06
 Reference value :  2.42368e-06
 Reference value :  2.42382e-06
 Reference value :  2.42396e-06
 Reference value :  2.42409e-06
 Reference value :  2.42423e-06
 Reference value :  2.42437e-06
 Reference value :  2.42452e-06
 Reference value :  2.42465e-06
 Reference value :  2.42479e-06
 Reference value :  2.42493e-06
 Reference value :  2.42506e-06
 Reference value :  2.42519e-06
 Reference value :  2.42535e-06
 Reference value :  2.42549e-06
 Reference value :  2.42563e-06
 Reference value :  2.42576e-06
 Reference value :  2.42589e-06
 Reference value :  2.42603e-06
 Reference value :  2.42616e-06
 Reference value :  2.42630e-06
 Reference value :  2.42644e-06
 Reference value :  2.42657e-06
 Reference value :  2.42671e-06
 Reference value :  2.42684e-06
 Reference value :  2.42697e-06
 Reference value :  2.42710e-06
 Reference value :  2.42723e-06
 Reference value :  2.42738e-06
 Reference value :  2.42751e-06
 Reference value :  2.42764e-06
 Reference value :  2.42778e-06
 Reference value :  2.42791e-06
 Reference value :  2.42805e-06
 Reference value :  2.42819e-06
 Reference value :  2.42833e-06
 Reference value :  2.42847e-06
 Reference value :  2.42861e-06
 Reference value :  2.42874e-06
 Reference value :  2.42888e-06
 Reference value :  2.42901e-06
 Reference value :  2.42914e-06
 Reference value :  2.42927e-06
 Reference value :  2.42940e-06
 Reference value :  2.42953e-06
 Reference value :  2.42966e-06
 Reference value :  2.42979e-06
 Reference value :  2.42992e-06
 Reference value :  2.43006e-06
 Reference value :  2.43019e-06
 Reference value :  2.43032e-06
 Reference value :  2.43045e-06
 Reference value :  2.43057e-06
 Reference value :  2.43070e-06
 Reference value :  2.43083e-06
 Reference value :  2.43097e-06
 Reference value :  2.43109e-06
 Reference value :  2.43123e-06
 Reference value :  2.43136e-06
 Reference value :  2.43150e-06
 Reference value :  2.43163e-06
 Reference value :  2.43175e-06
 Reference value :  2.43188e-06
 Reference value :  2.43202e-06
 Reference value :  2.43215e-06
 Reference value :  2.43228e-06
 Reference value :  2.43240e-06
 Reference value :  2.43253e-06
 Reference value :  2.43266e-06
 Reference value :  2.43279e-06
 Reference value :  2.43292e-06
 Reference value :  2.43304e-06
 Reference value :  2.43318e-06
 Reference value :  2.43331e-06
 Reference value :  2.43344e-06
 Reference value :  2.43357e-06
 Reference value :  2.43370e-06
 Reference value :  2.43383e-06
 Reference value :  2.43397e-06
 Reference value :  2.43409e-06
 Reference value :  2.43422e-06
 Reference value :  2.43436e-06
 Reference value :  2.43449e-06
 Reference value :  2.43463e-06
 Reference value :  2.43476e-06
 Reference value :  2.43489e-06
 Reference value :  2.43502e-06
 Reference value :  2.43516e-06
 Reference value :  2.43529e-06
 Reference value :  2.43543e-06
 Reference value :  2.43556e-06
 Reference value :  2.43569e-06
 Reference value :  2.43583e-06
 Reference value :  2.43596e-06
 Reference value :  2.43610e-06
 Reference value :  2.43623e-06
 Reference value :  2.43637e-06
 Reference value :  2.43650e-06
 Reference value :  2.43664e-06
 Reference value :  2.43677e-06
 Reference value :  2.43690e-06
 Reference value :  2.43704e-06
 Reference value :  2.43718e-06
 Reference value :  2.43731e-06
 Reference value :  2.43744e-06
 Reference value :  2.43758e-06
 Reference value :  2.43772e-06
 Reference value :  2.43786e-06
 Reference value :  2.43799e-06
 Reference value :  2.43811e-06
 Reference value :  2.43824e-06
 Reference value :  2.43838e-06
 Reference value :  2.43851e-06
 Reference value :  2.43864e-06
 Reference value :  2.43877e-06
 Reference value :  2.43892e-06
 Reference value :  2.43906e-06
 Reference value :  2.43920e-06
 Reference value :  2.43933e-06
 Reference value :  2.43946e-06
 Reference value :  2.43959e-06
 Reference value :  2.43973e-06
 Reference value :  2.43986e-06
 Reference value :  2.44001e-06
 Reference value :  2.44014e-06
 Reference value :  2.44028e-06
 Reference value :  2.44041e-06
 Reference value :  2.44055e-06
 Reference value :  2.44069e-06
 Reference value :  2.44082e-06
 Reference value :  2.44095e-06
 Reference value :  2.44108e-06
 Reference value :  2.44122e-06
 Reference value :  2.44136e-06
 Reference value :  2.44150e-06
 Reference value :  2.44163e-06
 Reference value :  2.44176e-06
 Reference value :  2.44190e-06
 Reference value :  2.44203e-06
 Reference value :  2.44218e-06
 Reference value :  2.44231e-06
 Reference value :  2.44244e-06
 Reference value :  2.44258e-06
 Reference value :  2.44271e-06
 Reference value :  2.44285e-06
 Reference value :  2.44298e-06
 Reference value :  2.44312e-06
 Reference value :  2.44325e-06
 Reference value :  2.44338e-06
 Reference value :  2.44352e-06
 Reference value :  2.44366e-06
 Reference value :  2.44379e-06
 Reference value :  2.44393e-06
 Reference value :  2.44407e-06
 Reference value :  2.44421e-06
 Reference value :  2.44435e-06
 Reference value :  2.44449e-06
 Reference value :  2.44462e-06
 Reference value :  2.44475e-06
 Reference value :  2.44488e-06
 Reference value :  2.44502e-06
 Reference value :  2.44515e-06
 Reference value :  2.44529e-06
 Reference value :  2.44542e-06
 Reference value :  2.44556e-06
 Reference value :  2.44571e-06
 Reference value :  2.44586e-06
 Reference value :  2.44600e-06
 Reference value :  2.44614e-06
 Reference value :  2.44628e-06
 Reference value :  2.44642e-06
 Reference value :  2.44655e-06
 Reference value :  2.44669e-06
 Reference value :  2.44682e-06
 Reference value :  2.44695e-06
 Reference value :  2.44709e-06
 Reference value :  2.44722e-06
 Reference value :  2.44736e-06
 Reference value :  2.44750e-06
 Reference value :  2.44765e-06
 Reference value :  2.44778e-06
 Reference value :  2.44793e-06
 Reference value :  2.44806e-06
 Reference value :  2.44820e-06
 Reference value :  2.44834e-06
 Reference value :  2.44847e-06
 Reference value :  2.44861e-06
 Reference value :  2.44875e-06
 Reference value :  2.44888e-06
 Reference value :  2.44902e-06
 Reference value :  2.44915e-06
 Reference value :  2.44929e-06
 Reference value :  2.44942e-06
 Reference value :  2.44956e-06
 Reference value :  2.44970e-06
 Reference value :  2.44983e-06
 Reference value :  2.44997e-06
 Reference value :  2.45011e-06
 Reference value :  2.45024e-06
 Reference value :  2.45038e-06
 Reference value :  2.45052e-06
 Reference value :  2.45066e-06
 Reference value :  2.45080e-06
 Reference value :  2.45094e-06
 Reference value :  2.45109e-06
 Reference value :  2.45122e-06
 Reference value :  2.45135e-06
 Reference value :  2.45149e-06
 Reference value :  2.45163e-06
 Reference value :  2.45184e-06
 Reference value :  2.45208e-06
 Reference value :  2.45226e-06
 Reference value :  2.45239e-06
 Reference value :  2.45254e-06
 Reference value :  2.45267e-06
 Reference value :  2.45282e-06
 Reference value :  2.45296e-06
 Reference value :  2.45310e-06
 Reference value :  2.45324e-06
 Reference value :  2.45337e-06
 Reference value :  2.45351e-06
 Reference value :  2.45365e-06
 Reference value :  2.45379e-06
 Reference value :  2.45394e-06
 Reference value :  2.45407e-06
 Reference value :  2.45421e-06
 Reference value :  2.45436e-06
 Reference value :  2.45450e-06
 Reference value :  2.45465e-06
 Reference value :  2.45479e-06
 Reference value :  2.45493e-06
 Reference value :  2.45507e-06
 Reference value :  2.45521e-06
 Reference value :  2.45535e-06
 Reference value :  2.45549e-06
 Reference value :  2.45563e-06
 Reference value :  2.45578e-06
 Reference value :  2.45593e-06
 Reference value :  2.45606e-06
 Reference value :  2.45620e-06
 Reference value :  2.45633e-06
 Reference value :  2.45647e-06
 Reference value :  2.45660e-06
 Reference value :  2.45674e-06
 Reference value :  2.45688e-06
 Reference value :  2.45701e-06
 Reference value :  2.45715e-06
 Reference value :  2.45730e-06
 Reference value :  2.45744e-06
 Reference value :  2.45757e-06
 Reference value :  2.45774e-06
 Reference value :  2.45789e-06
 Reference value :  2.45803e-06
 Reference value :  2.45817e-06
 Reference value :  2.45830e-06
 Reference value :  2.45844e-06
 Reference value :  2.45857e-06
 Reference value :  2.45870e-06
 Reference value :  2.45886e-06
 Reference value :  2.45904e-06
 Reference value :  2.45918e-06
 Reference value :  2.45932e-06
 Reference value :  2.45946e-06
 Reference value :  2.45961e-06
 Reference value :  2.45974e-06
 Reference value :  2.45987e-06
 Reference value :  2.46000e-06
 Reference value :  2.46014e-06
 Reference value :  2.46027e-06
 Reference value :  2.46041e-06
 Reference value :  2.46058e-06
 Reference value :  2.46076e-06
 Reference value :  2.46096e-06
 Reference value :  2.46109e-06
 Reference value :  2.46124e-06
 Reference value :  2.46146e-06
 Reference value :  2.46160e-06
 Reference value :  2.46173e-06
 Reference value :  2.46187e-06
 Reference value :  2.46206e-06
 Reference value :  2.46223e-06
 Reference value :  2.46237e-06
 Reference value :  2.46250e-06
 Reference value :  2.46264e-06
 Reference value :  2.46277e-06
 Reference value :  2.46291e-06
 Reference value :  2.46305e-06
 Reference value :  2.46318e-06
 Reference value :  2.46332e-06
 Reference value :  2.46345e-06
 Reference value :  2.46359e-06
 Reference value :  2.46373e-06
 Reference value :  2.46386e-06
 Reference value :  2.46399e-06
 Reference value :  2.46412e-06
 Reference value :  2.46426e-06
 Reference value :  2.46440e-06
 Reference value :  2.46453e-06
 Reference value :  2.46467e-06
 Reference value :  2.46481e-06
 Reference value :  2.46495e-06
 Reference value :  2.46509e-06
 Reference value :  2.46523e-06
 Reference value :  2.46536e-06
 Reference value :  2.46550e-06
 Reference value :  2.46563e-06
 Reference value :  2.46577e-06
 Reference value :  2.46591e-06
 Reference value :  2.46606e-06
 Reference value :  2.46619e-06
 Reference value :  2.46633e-06
 Reference value :  2.46647e-06
 Reference value :  2.46661e-06
 Reference value :  2.46674e-06
 Reference value :  2.46688e-06
 Reference value :  2.46702e-06
 Reference value :  2.46715e-06
 Reference value :  2.46730e-06
 Reference value :  2.46744e-06
 Reference value :  2.46757e-06
 Reference value :  2.46771e-06
 Reference value :  2.46784e-06
 Reference value :  2.46798e-06
 Reference value :  2.46811e-06
 Reference value :  2.46824e-06
 Reference value :  2.46838e-06
 Reference value :  2.46853e-06
 Reference value :  2.46867e-06
 Reference value :  2.46880e-06
 Reference value :  2.46894e-06
 Reference value :  2.46907e-06
 Reference value :  2.46921e-06
 Reference value :  2.46935e-06
 Reference value :  2.46948e-06
 Reference value :  2.46962e-06
 Reference value :  2.46976e-06
 Reference value :  2.46990e-06
 Reference value :  2.47004e-06
 Reference value :  2.47017e-06
 Reference value :  2.47031e-06
 Reference value :  2.47047e-06
 Reference value :  2.47061e-06
 Reference value :  2.47075e-06
 Reference value :  2.47089e-06
 Reference value :  2.47103e-06
 Reference value :  2.47117e-06
 Reference value :  2.47132e-06
 Reference value :  2.47146e-06
 Reference value :  2.47159e-06
 Reference value :  2.47173e-06
 Reference value :  2.47187e-06
 Reference value :  2.47202e-06
 Reference value :  2.47217e-06
 Reference value :  2.47230e-06
 Reference value :  2.47244e-06
 Reference value :  2.47258e-06
 Reference value :  2.47272e-06
 Reference value :  2.47285e-06
 Reference value :  2.47299e-06
 Reference value :  2.47313e-06
 Reference value :  2.47327e-06
 Reference value :  2.47341e-06
 Reference value :  2.47358e-06
 Reference value :  2.47373e-06
 Reference value :  2.47389e-06
 Reference value :  2.47405e-06
 Reference value :  2.47421e-06
 Reference value :  2.47436e-06
 Reference value :  2.47449e-06
 Reference value :  2.47465e-06
 Reference value :  2.47480e-06
 Reference value :  2.47495e-06
 Reference value :  2.47509e-06
 Reference value :  2.47525e-06
 Reference value :  2.47541e-06
 Reference value :  2.47558e-06
 Reference value :  2.47576e-06
 Reference value :  2.47592e-06
 Reference value :  2.47607e-06
 Reference value :  2.47623e-06
 Reference value :  2.47638e-06
 Reference value :  2.47654e-06
 Reference value :  2.47670e-06
 Reference value :  2.47685e-06
 Reference value :  2.47700e-06
 Reference value :  2.47715e-06
 Reference value :  2.47730e-06
 Reference value :  2.47746e-06
 Reference value :  2.47760e-06
 Reference value :  2.47774e-06
 Reference value :  2.47790e-06
 Reference value :  2.47804e-06
 Reference value :  2.47818e-06
 Reference value :  2.47833e-06
 Reference value :  2.47847e-06
 Reference value :  2.47861e-06
 Reference value :  2.47875e-06
 Reference value :  2.47888e-06
 Reference value :  2.47903e-06
 Reference value :  2.47919e-06
 Reference value :  2.47935e-06
 Reference value :  2.47951e-06
 Reference value :  2.47969e-06
 Reference value :  2.47985e-06
 Reference value :  2.48002e-06
 Reference value :  2.48020e-06
 Reference value :  2.48036e-06
 Reference value :  2.48052e-06
 Reference value :  2.48069e-06
 Reference value :  2.48085e-06
 Reference value :  2.48100e-06
 Reference value :  2.48115e-06
 Reference value :  2.48132e-06
 Reference value :  2.48149e-06
 Reference value :  2.48164e-06
 Reference value :  2.48179e-06
 Reference value :  2.48193e-06
 Reference value :  2.48208e-06
 Reference value :  2.48223e-06
 Reference value :  2.48240e-06
 Reference value :  2.48257e-06
 Reference value :  2.48273e-06
 Reference value :  2.48287e-06
 Reference value :  2.48302e-06
 Reference value :  2.48318e-06
 Reference value :  2.48334e-06
 Reference value :  2.48351e-06
 Reference value :  2.48365e-06
 Reference value :  2.48380e-06
 Reference value :  2.48395e-06
 Reference value :  2.48409e-06
 Reference value :  2.48425e-06
 Reference value :  2.48441e-06
 Reference value :  2.48457e-06
 Reference value :  2.48472e-06
 Reference value :  2.48487e-06
 Reference value :  2.48501e-06
 Reference value :  2.48515e-06
 Reference value :  2.48529e-06
 Reference value :  2.48546e-06
 Reference value :  2.48562e-06
 Reference value :  2.48577e-06
 Reference value :  2.48591e-06
 Reference value :  2.48605e-06
 Reference value :  2.48619e-06
 Reference value :  2.48633e-06
 Reference value :  2.48648e-06
 Reference value :  2.48662e-06
 Reference value :  2.48675e-06
 Reference value :  2.48691e-06
 Reference value :  2.48707e-06
 Reference value :  2.48722e-06
 Reference value :  2.48735e-06
 Reference value :  2.48749e-06
 Reference value :  2.48765e-06
 Reference value :  2.48781e-06
 Reference value :  2.48798e-06
 Reference value :  2.48813e-06
 Reference value :  2.48828e-06
 Reference value :  2.48842e-06
 Reference value :  2.48857e-06
 Reference value :  2.48871e-06
 Reference value :  2.48885e-06
 Reference value :  2.48906e-06
 Reference value :  2.48922e-06
 Reference value :  2.48935e-06
 Reference value :  2.48949e-06
 Reference value :  2.48967e-06
 Reference value :  2.48981e-06
 Reference value :  2.48996e-06
 Reference value :  2.49014e-06
 Reference value :  2.49030e-06
 Reference value :  2.49044e-06
 Reference value :  2.49058e-06
 Reference value :  2.49074e-06
 Reference value :  2.49089e-06
 Reference value :  2.49104e-06
 Reference value :  2.49117e-06
 Reference value :  2.49131e-06
 Reference value :  2.49146e-06
 Reference value :  2.49162e-06
 Reference value :  2.49180e-06
 Reference value :  2.49195e-06
 Reference value :  2.49210e-06
 Reference value :  2.49227e-06
 Reference value :  2.49243e-06
 Reference value :  2.49258e-06
 Reference value :  2.49274e-06
 Reference value :  2.49287e-06
 Reference value :  2.49302e-06
 Reference value :  2.49317e-06
 Reference value :  2.49331e-06
 Reference value :  2.49346e-06
 Reference value :  2.49361e-06
 Reference value :  2.49375e-06
 Reference value :  2.49390e-06
 Reference value :  2.49412e-06
 Reference value :  2.49428e-06
 Reference value :  2.49444e-06
 Reference value :  2.49462e-06
 Reference value :  2.49477e-06
 Reference value :  2.49492e-06
 Reference value :  2.49511e-06
 Reference value :  2.49527e-06
 Reference value :  2.49544e-06
 Reference value :  2.49559e-06
 Reference value :  2.49576e-06
 Reference value :  2.49591e-06
 Reference value :  2.49605e-06
 Reference value :  2.49619e-06
 Reference value :  2.49633e-06
 Reference value :  2.49647e-06
 Reference value :  2.49661e-06
 Reference value :  2.49676e-06
 Reference value :  2.49691e-06
 Reference value :  2.49708e-06
 Reference value :  2.49724e-06
 Reference value :  2.49740e-06
 Reference value :  2.49755e-06
 Reference value :  2.49770e-06
 Reference value :  2.49792e-06
 Reference value :  2.49817e-06
 Reference value :  2.49842e-06
 Reference value :  2.49861e-06
 Reference value :  2.49880e-06
 Reference value :  2.49898e-06
 Reference value :  2.49915e-06
 Reference value :  2.49933e-06
 Reference value :  2.49954e-06
 Reference value :  2.49972e-06
 Reference value :  2.49988e-06
 Reference value :  2.50002e-06
 Reference value :  2.50016e-06
 Reference value :  2.50031e-06
 Reference value :  2.50046e-06
 Reference value :  2.50060e-06
 Reference value :  2.50074e-06
 Reference value :  2.50088e-06
 Reference value :  2.50103e-06
 Reference value :  2.50121e-06
 Reference value :  2.50139e-06
 Reference value :  2.50153e-06
 Reference value :  2.50167e-06
 Reference value :  2.50184e-06
 Reference value :  2.50199e-06
 Reference value :  2.50214e-06
 Reference value :  2.50228e-06
 Reference value :  2.50242e-06
 Reference value :  2.50257e-06
 Reference value :  2.50273e-06
 Reference value :  2.50288e-06
 Reference value :  2.50304e-06
 Reference value :  2.50319e-06
 Reference value :  2.50335e-06
 Reference value :  2.50353e-06
 Reference value :  2.50372e-06
 Reference value :  2.50387e-06
 Reference value :  2.50407e-06
 Reference value :  2.50423e-06
 Reference value :  2.50439e-06
 Reference value :  2.50456e-06
 Reference value :  2.50472e-06
 Reference value :  2.50489e-06
 Reference value :  2.50507e-06
 Reference value :  2.50525e-06
 Reference value :  2.50545e-06
 Reference value :  2.50566e-06
 Reference value :  2.50584e-06
 Reference value :  2.50602e-06
 Reference value :  2.50618e-06
 Reference value :  2.50633e-06
 Reference value :  2.50649e-06
 Reference value :  2.50665e-06
 Reference value :  2.50681e-06
 Reference value :  2.50698e-06
 Reference value :  2.50714e-06
 Reference value :  2.50730e-06
 Reference value :  2.50746e-06
 Reference value :  2.50760e-06
 Reference value :  2.50777e-06
 Reference value :  2.50792e-06
 Reference value :  2.50808e-06
 Reference value :  2.50822e-06
 Reference value :  2.50835e-06
 Reference value :  2.50849e-06
 Reference value :  2.50864e-06
 Reference value :  2.50878e-06
 Reference value :  2.50892e-06
 Reference value :  2.50905e-06
 Reference value :  2.50921e-06
 Reference value :  2.50935e-06
 Reference value :  2.50949e-06
 Reference value :  2.50965e-06
 Reference value :  2.50980e-06
 Reference value :  2.50994e-06
 Reference value :  2.51012e-06
 Reference value :  2.51027e-06
 Reference value :  2.51044e-06
 Reference value :  2.51061e-06
 Reference value :  2.51078e-06
 Reference value :  2.51095e-06
 Reference value :  2.51112e-06
 Reference value :  2.51129e-06
 Reference value :  2.51147e-06
 Reference value :  2.51163e-06
 Reference value :  2.51181e-06
 Reference value :  2.51195e-06
 Reference value :  2.51212e-06
 Reference value :  2.51228e-06
 Reference value :  2.51243e-06
 Reference value :  2.51258e-06
 Reference value :  2.51273e-06
 Reference value :  2.51287e-06
 Reference value :  2.51303e-06
 Reference value :  2.51319e-06
 Reference value :  2.51337e-06
 Reference value :  2.51353e-06
 Reference value :  2.51369e-06
 Reference value :  2.51384e-06
 Reference value :  2.51399e-06
 Reference value :  2.51412e-06
 Reference value :  2.51427e-06
 Reference value :  2.51441e-06
 Reference value :  2.51455e-06
 Reference value :  2.51470e-06
 Reference value :  2.51485e-06
 Reference value :  2.51501e-06
 Reference value :  2.51517e-06
 Reference value :  2.51531e-06
 Reference value :  2.51547e-06
 Reference value :  2.51562e-06
 Reference value :  2.51579e-06
 Reference value :  2.51594e-06
 Reference value :  2.51608e-06
 Reference value :  2.51622e-06
 Reference value :  2.51637e-06
 Reference value :  2.51652e-06
 Reference value :  2.51668e-06
 Reference value :  2.51684e-06
 Reference value :  2.51699e-06
 Reference value :  2.51715e-06
 Reference value :  2.51732e-06
 Reference value :  2.51749e-06
 Reference value :  2.51765e-06
 Reference value :  2.51783e-06
 Reference value :  2.51801e-06
 Reference value :  2.51818e-06
 Reference value :  2.51834e-06
 Reference value :  2.51850e-06
 Reference value :  2.51869e-06
 Reference value :  2.51888e-06
 Reference value :  2.51906e-06
 Reference value :  2.51924e-06
 Reference value :  2.51942e-06
 Reference value :  2.51959e-06
 Reference value :  2.51977e-06
 Reference value :  2.51995e-06
 Reference value :  2.52012e-06
 Reference value :  2.52027e-06
 Reference value :  2.52041e-06
 Reference value :  2.52056e-06
 Reference value :  2.52073e-06
 Reference value :  2.52087e-06
 Reference value :  2.52103e-06
 Reference value :  2.52118e-06
 Reference value :  2.52134e-06
 Reference value :  2.52150e-06
 Reference value :  2.52167e-06
 Reference value :  2.52184e-06
 Reference value :  2.52203e-06
 Reference value :  2.52219e-06
 Reference value :  2.52234e-06
 Reference value :  2.52249e-06
 Reference value :  2.52265e-06
 Reference value :  2.52280e-06
 Reference value :  2.52295e-06
 Reference value :  2.52308e-06
 Reference value :  2.52324e-06
 Reference value :  2.52340e-06
 Reference value :  2.52356e-06
 Reference value :  2.52372e-06
 Reference value :  2.52388e-06
 Reference value :  2.52403e-06
 Reference value :  2.52419e-06
 Reference value :  2.52432e-06
 Reference value :  2.52446e-06
 Reference value :  2.52463e-06
 Reference value :  2.52478e-06
 Reference value :  2.52493e-06
 Reference value :  2.52506e-06
 Reference value :  2.52522e-06
 Reference value :  2.52535e-06
 Reference value :  2.52550e-06
 Reference value :  2.52565e-06
 Reference value :  2.52579e-06
 Reference value :  2.52593e-06
 Reference value :  2.52608e-06
 Reference value :  2.52625e-06
 Reference value :  2.52643e-06
 Reference value :  2.52660e-06
 Reference value :  2.52677e-06
 Reference value :  2.52694e-06
 Reference value :  2.52711e-06
 Reference value :  2.52728e-06
 Reference value :  2.52747e-06
 Reference value :  2.52765e-06
 Reference value :  2.52784e-06
 Reference value :  2.52802e-06
 Reference value :  2.52820e-06
 Reference value :  2.52837e-06
 Reference value :  2.52853e-06
 Reference value :  2.52868e-06
 Reference value :  2.52884e-06
 Reference value :  2.52901e-06
 Reference value :  2.52915e-06
 Reference value :  2.52931e-06
 Reference value :  2.52950e-06
 Reference value :  2.52965e-06
 Reference value :  2.52980e-06
 Reference value :  2.52996e-06
 Reference value :  2.53011e-06
 Reference value :  2.53025e-06
 Reference value :  2.53042e-06
 Reference value :  2.53057e-06
 Reference value :  2.53074e-06
 Reference value :  2.53090e-06
 Reference value :  2.53107e-06
 Reference value :  2.53123e-06
 Reference value :  2.53138e-06
 Reference value :  2.53155e-06
 Reference value :  2.53171e-06
 Reference value :  2.53186e-06
 Reference value :  2.53201e-06
 Reference value :  2.53218e-06
 Reference value :  2.53235e-06
 Reference value :  2.53252e-06
 Reference value :  2.53269e-06
 Reference value :  2.53285e-06
 Reference value :  2.53300e-06
 Reference value :  2.53316e-06
 Reference value :  2.53332e-06
 Reference value :  2.53348e-06
 Reference value :  2.53362e-06
 Reference value :  2.53379e-06
 Reference value :  2.53394e-06
 Reference value :  2.53412e-06
 Reference value :  2.53431e-06
 Reference value :  2.53448e-06
 Reference value :  2.53464e-06
 Reference value :  2.53479e-06
 Reference value :  2.53494e-06
 Reference value :  2.53514e-06
 Reference value :  2.53531e-06
 Reference value :  2.53548e-06
 Reference value :  2.53565e-06
 Reference value :  2.53581e-06
 Reference value :  2.53599e-06
 Reference value :  2.53614e-06
 Reference value :  2.53629e-06
 Reference value :  2.53645e-06
 Reference value :  2.53661e-06
 Reference value :  2.53677e-06
 Reference value :  2.53693e-06
 Reference value :  2.53708e-06
 Reference value :  2.53723e-06
 Reference value :  2.53737e-06
 Reference value :  2.53752e-06
 Reference value :  2.53766e-06
 Reference value :  2.53780e-06
 Reference value :  2.53795e-06
 Reference value :  2.53812e-06
 Reference value :  2.53828e-06
 Reference value :  2.53844e-06
 Reference value :  2.53861e-06
 Reference value :  2.53878e-06
 Reference value :  2.53895e-06
 Reference value :  2.53911e-06
 Reference value :  2.53927e-06
 Reference value :  2.53950e-06
 Reference value :  2.53975e-06
 Reference value :  2.54000e-06
 Reference value :  2.54025e-06
 Reference value :  2.54045e-06
 Reference value :  2.54065e-06
 Reference value :  2.54087e-06
 Reference value :  2.54102e-06
 Reference value :  2.54118e-06
 Reference value :  2.54135e-06
 Reference value :  2.54152e-06
 Reference value :  2.54168e-06
 Reference value :  2.54185e-06
 Reference value :  2.54201e-06
 Reference value :  2.54216e-06
 Reference value :  2.54233e-06
 Reference value :  2.54248e-06
 Reference value :  2.54265e-06
 Reference value :  2.54281e-06
 Reference value :  2.54296e-06
 Reference value :  2.54312e-06
 Reference value :  2.54329e-06
 Reference value :  2.54343e-06
 Reference value :  2.54355e-06
 Reference value :  2.54367e-06
 Reference value :  2.54381e-06
 Reference value :  2.54395e-06
 Reference value :  2.54410e-06
 Reference value :  2.54426e-06
 Reference value :  2.54441e-06
 Reference value :  2.54454e-06
 Reference value :  2.54468e-06
 Reference value :  2.54485e-06
 Reference value :  2.54497e-06
 Reference value :  2.54510e-06
 Reference value :  2.54524e-06
 Reference value :  2.54537e-06
 Reference value :  2.54552e-06
 Reference value :  2.54565e-06
 Reference value :  2.54578e-06
 Reference value :  2.54591e-06
 Reference value :  2.54606e-06
 Reference value :  2.54620e-06
 Reference value :  2.54633e-06
 Reference value :  2.54650e-06
 Reference value :  2.54663e-06
 Reference value :  2.54675e-06
 Reference value :  2.54687e-06
 Reference value :  2.54704e-06
 Reference value :  2.54719e-06
 Reference value :  2.54731e-06
 Reference value :  2.54743e-06
 Reference value :  2.54755e-06
 Reference value :  2.54767e-06
 Reference value :  2.54779e-06
 Reference value :  2.54791e-06
 Reference value :  2.54804e-06
 Reference value :  2.54816e-06
 Reference value :  2.54829e-06
 Reference value :  2.54842e-06
 Reference value :  2.54854e-06
 Reference value :  2.54866e-06
 Reference value :  2.54879e-06
 Reference value :  2.54891e-06
 Reference value :  2.54903e-06
 Reference value :  2.54917e-06
 Reference value :  2.54932e-06
 Reference value :  2.54946e-06
 Reference value :  2.54958e-06
 Reference value :  2.54974e-06
 Reference value :  2.54986e-06
 Reference value :  2.54999e-06
 Reference value :  2.55012e-06
 Reference value :  2.55025e-06
 Reference value :  2.55038e-06
 Reference value :  2.55051e-06
 Reference value :  2.55063e-06
 Reference value :  2.55076e-06
 Reference value :  2.55088e-06
 Reference value :  2.55104e-06
 Reference value :  2.55116e-06
 Reference value :  2.55132e-06
 Reference value :  2.55144e-06
 Reference value :  2.55156e-06
 Reference value :  2.55169e-06
 Reference value :  2.55181e-06
 Reference value :  2.55194e-06
 Reference value :  2.55206e-06
 Reference value :  2.55218e-06
 Reference value :  2.55231e-06
 Reference value :  2.55247e-06
 Reference value :  2.55262e-06
 Reference value :  2.55274e-06
 Reference value :  2.55286e-06
 Reference value :  2.55298e-06
 Reference value :  2.55311e-06
 Reference value :  2.55324e-06
 Reference value :  2.55336e-06
 Reference value :  2.55351e-06
 Reference value :  2.55363e-06
 Reference value :  2.55378e-06
 Reference value :  2.55394e-06
 Reference value :  2.55407e-06
 Reference value :  2.55419e-06
 Reference value :  2.55433e-06
 Reference value :  2.55445e-06
 Reference value :  2.55458e-06
 Reference value :  2.55471e-06
 Reference value :  2.55483e-06
 Reference value :  2.55498e-06
 Reference value :  2.55515e-06
 Reference value :  2.55529e-06
 Reference value :  2.55546e-06
 Reference value :  2.55560e-06
 Reference value :  2.55574e-06
 Reference value :  2.55588e-06
 Reference value :  2.55602e-06
 Reference value :  2.55614e-06
 Reference value :  2.55627e-06
 Reference value :  2.55639e-06
 Reference value :  2.55653e-06
 Reference value :  2.55666e-06
 Reference value :  2.55678e-06
 Reference value :  2.55690e-06
 Reference value :  2.55702e-06
 Reference value :  2.55714e-06
 Reference value :  2.55726e-06
 Reference value :  2.55738e-06
 Reference value :  2.55750e-06
 Reference value :  2.55762e-06
 Reference value :  2.55774e-06
 Reference value :  2.55787e-06
 Reference value :  2.55801e-06
 Reference value :  2.55815e-06
 Reference value :  2.55829e-06
 Reference value :  2.55842e-06
 Reference value :  2.55855e-06
 Reference value :  2.55869e-06
 Reference value :  2.55882e-06
 Reference value :  2.55896e-06
 Reference value :  2.55910e-06
 Reference value :  2.55925e-06
 Reference value :  2.55938e-06
 Reference value :  2.55951e-06
 Reference value :  2.55965e-06
 Reference value :  2.55979e-06
 Reference value :  2.55993e-06
 Reference value :  2.56006e-06
 Reference value :  2.56020e-06
 Reference value :  2.56034e-06
 Reference value :  2.56048e-06
 Reference value :  2.56061e-06
 Reference value :  2.56075e-06
 Reference value :  2.56089e-06
 Reference value :  2.56103e-06
 Reference value :  2.56117e-06
 Reference value :  2.56130e-06
 Reference value :  2.56144e-06
 Reference value :  2.56158e-06
 Reference value :  2.56172e-06
 Reference value :  2.56186e-06
 Reference value :  2.56201e-06
 Reference value :  2.56215e-06
 Reference value :  2.56228e-06
 Reference value :  2.56242e-06
 Reference value :  2.56255e-06
 Reference value :  2.56269e-06
 Reference value :  2.56282e-06
 Reference value :  2.56296e-06
 Reference value :  2.56310e-06
 Reference value :  2.56323e-06
 Reference value :  2.56336e-06
 Reference value :  2.56350e-06
 Reference value :  2.56363e-06
 Reference value :  2.56376e-06
 Reference value :  2.56388e-06
 Reference value :  2.56402e-06
 Reference value :  2.56416e-06
 Reference value :  2.56430e-06
 Reference value :  2.56443e-06
 Reference value :  2.56456e-06
 Reference value :  2.56469e-06
 Reference value :  2.56483e-06
 Reference value :  2.56496e-06
 Reference value :  2.56509e-06
 Reference value :  2.56523e-06
 Reference value :  2.56537e-06
 Reference value :  2.56549e-06
 Reference value :  2.56563e-06
 Reference value :  2.56576e-06
 Reference value :  2.56589e-06
 Reference value :  2.56602e-06
 Reference value :  2.56615e-06
 Reference value :  2.56628e-06
 Reference value :  2.56642e-06
 Reference value :  2.56656e-06
 Reference value :  2.56671e-06
 Reference value :  2.56685e-06
 Reference value :  2.56699e-06
 Reference value :  2.56712e-06
 Reference value :  2.56726e-06
 Reference value :  2.56740e-06
 Reference value :  2.56755e-06
 Reference value :  2.56769e-06
 Reference value :  2.56782e-06
 Reference value :  2.56796e-06
 Reference value :  2.56809e-06
 Reference value :  2.56823e-06
 Reference value :  2.56836e-06
 Reference value :  2.56851e-06
 Reference value :  2.56864e-06
 Reference value :  2.56878e-06
 Reference value :  2.56891e-06
 Reference value :  2.56905e-06
 Reference value :  2.56918e-06
 Reference value :  2.56931e-06
 Reference value :  2.56945e-06
 Reference value :  2.56958e-06
 Reference value :  2.56972e-06
 Reference value :  2.56985e-06
 Reference value :  2.56999e-06
 Reference value :  2.57012e-06
 Reference value :  2.57026e-06
 Reference value :  2.57040e-06
 Reference value :  2.57053e-06
 Reference value :  2.57066e-06
 Reference value :  2.57079e-06
 Reference value :  2.57093e-06
 Reference value :  2.57107e-06
 Reference value :  2.57122e-06
 Reference value :  2.57135e-06
 Reference value :  2.57148e-06
 Reference value :  2.57162e-06
 Reference value :  2.57176e-06
 Reference value :  2.57189e-06
 Reference value :  2.57203e-06
 Reference value :  2.57216e-06
 Reference value :  2.57229e-06
 Reference value :  2.57242e-06
 Reference value :  2.57257e-06
 Reference value :  2.57271e-06
 Reference value :  2.57285e-06
 Reference value :  2.57299e-06
 Reference value :  2.57313e-06
 Reference value :  2.57326e-06
 Reference value :  2.57340e-06
 Reference value :  2.57354e-06
 Reference value :  2.57367e-06
 Reference value :  2.57381e-06
 Reference value :  2.57395e-06
 Reference value :  2.57409e-06
 Reference value :  2.57422e-06
 Reference value :  2.57435e-06
 Reference value :  2.57448e-06
 Reference value :  2.57462e-06
 Reference value :  2.57476e-06
 Reference value :  2.57490e-06
 Reference value :  2.57503e-06
 Reference value :  2.57517e-06
 Reference value :  2.57531e-06
 Reference value :  2.57544e-06
 Reference value :  2.57558e-06
 Reference value :  2.57572e-06
 Reference value :  2.57586e-06
 Reference value :  2.57600e-06
 Reference value :  2.57613e-06
 Reference value :  2.57627e-06
 Reference value :  2.57641e-06
 Reference value :  2.57654e-06
 Reference value :  2.57667e-06
 Reference value :  2.57681e-06
 Reference value :  2.57695e-06
 Reference value :  2.57709e-06
 Reference value :  2.57722e-06
 Reference value :  2.57736e-06
 Reference value :  2.57749e-06
 Reference value :  2.57764e-06
 Reference value :  2.57778e-06
 Reference value :  2.57792e-06
 Reference value :  2.57806e-06
 Reference value :  2.57820e-06
 Reference value :  2.57834e-06
 Reference value :  2.57847e-06
 Reference value :  2.57861e-06
 Reference value :  2.57874e-06
 Reference value :  2.57888e-06
 Reference value :  2.57902e-06
 Reference value :  2.57915e-06
 Reference value :  2.57930e-06
 Reference value :  2.57944e-06
 Reference value :  2.57957e-06
 Reference value :  2.57972e-06
 Reference value :  2.57985e-06
 Reference value :  2.57998e-06
 Reference value :  2.58012e-06
 Reference value :  2.58025e-06
 Reference value :  2.58039e-06
 Reference value :  2.58052e-06
 Reference value :  2.58066e-06
 Reference value :  2.58081e-06
 Reference value :  2.58095e-06
 Reference value :  2.58108e-06
 Reference value :  2.58122e-06
 Reference value :  2.58135e-06
 Reference value :  2.58148e-06
 Reference value :  2.58162e-06
 Reference value :  2.58178e-06
 Reference value :  2.58191e-06
 Reference value :  2.58205e-06
 Reference value :  2.58218e-06
 Reference value :  2.58232e-06
 Reference value :  2.58245e-06
 Reference value :  2.58259e-06
 Reference value :  2.58273e-06
 Reference value :  2.58287e-06
 Reference value :  2.58300e-06
 Reference value :  2.58313e-06
 Reference value :  2.58328e-06
 Reference value :  2.58342e-06
 Reference value :  2.58356e-06
 Reference value :  2.58371e-06
 Reference value :  2.58385e-06
 Reference value :  2.58398e-06
 Reference value :  2.58411e-06
 Reference value :  2.58425e-06
 Reference value :  2.58439e-06
 Reference value :  2.58453e-06
 Reference value :  2.58466e-06
 Reference value :  2.58479e-06
 Reference value :  2.58492e-06
 Reference value :  2.58506e-06
 Reference value :  2.58519e-06
 Reference value :  2.58533e-06
 Reference value :  2.58546e-06
 Reference value :  2.58560e-06
 Reference value :  2.58575e-06
 Reference value :  2.58588e-06
 Reference value :  2.58602e-06
 Reference value :  2.58615e-06
 Reference value :  2.58629e-06
 Reference value :  2.58642e-06
 Reference value :  2.58657e-06
 Reference value :  2.58671e-06
 Reference value :  2.58685e-06
 Reference value :  2.58698e-06
 Reference value :  2.58716e-06
 Reference value :  2.58730e-06
 Reference value :  2.58746e-06
 Reference value :  2.58763e-06
 Reference value :  2.58778e-06
 Reference value :  2.58793e-06
 Reference value :  2.58810e-06
 Reference value :  2.58825e-06
 Reference value :  2.58844e-06
 Reference value :  2.58860e-06
 Reference value :  2.58874e-06
 Reference value :  2.58889e-06
 Reference value :  2.58904e-06
 Reference value :  2.58918e-06
 Reference value :  2.58932e-06
 Reference value :  2.58947e-06
 Reference value :  2.58962e-06
 Reference value :  2.58976e-06
 Reference value :  2.58992e-06
 Reference value :  2.59006e-06
 Reference value :  2.59021e-06
 Reference value :  2.59036e-06
 Reference value :  2.59051e-06
 Reference value :  2.59065e-06
 Reference value :  2.59080e-06
 Reference value :  2.59095e-06
 Reference value :  2.59110e-06
 Reference value :  2.59125e-06
 Reference value :  2.59139e-06
 Reference value :  2.59153e-06
 Reference value :  2.59168e-06
 Reference value :  2.59181e-06
 Reference value :  2.59195e-06
 Reference value :  2.59209e-06
 Reference value :  2.59222e-06
 Reference value :  2.59236e-06
 Reference value :  2.59249e-06
 Reference value :  2.59264e-06
 Reference value :  2.59277e-06
 Reference value :  2.59292e-06
 Reference value :  2.59306e-06
 Reference value :  2.59319e-06
 Reference value :  2.59333e-06
 Reference value :  2.59347e-06
 Reference value :  2.59362e-06
 Reference value :  2.59376e-06
 Reference value :  2.59390e-06
 Reference value :  2.59405e-06
 Reference value :  2.59419e-06
 Reference value :  2.59433e-06
 Reference value :  2.59447e-06
 Reference value :  2.59460e-06
 Reference value :  2.59474e-06
 Reference value :  2.59489e-06
 Reference value :  2.59502e-06
 Reference value :  2.59517e-06
 Reference value :  2.59530e-06
 Reference value :  2.59543e-06
 Reference value :  2.59557e-06
 Reference value :  2.59571e-06
 Reference value :  2.59585e-06
 Reference value :  2.59598e-06
 Reference value :  2.59612e-06
 Reference value :  2.59626e-06
 Reference value :  2.59639e-06
 Reference value :  2.59653e-06
 Reference value :  2.59666e-06
 Reference value :  2.59681e-06
 Reference value :  2.59695e-06
 Reference value :  2.59708e-06
 Reference value :  2.59723e-06
 Reference value :  2.59736e-06
 Reference value :  2.59749e-06
 Reference value :  2.59762e-06
 Reference value :  2.59776e-06
 Reference value :  2.59789e-06
 Reference value :  2.59803e-06
 Reference value :  2.59817e-06
 Reference value :  2.59830e-06
 Reference value :  2.59844e-06
 Reference value :  2.59859e-06
 Reference value :  2.59873e-06
 Reference value :  2.59886e-06
 Reference value :  2.59900e-06
 Reference value :  2.59914e-06
 Reference value :  2.59928e-06
 Reference value :  2.59942e-06
 Reference value :  2.59956e-06
 Reference value :  2.59971e-06
 Reference value :  2.59986e-06
 Reference value :  2.60001e-06
 Reference value :  2.60014e-06
 Reference value :  2.60028e-06
 Reference value :  2.60043e-06
 Reference value :  2.60056e-06
 Reference value :  2.60071e-06
 Reference value :  2.60088e-06
 Reference value :  2.60105e-06
 Reference value :  2.60122e-06
 Reference value :  2.60135e-06
 Reference value :  2.60152e-06
 Reference value :  2.60171e-06
 Reference value :  2.60190e-06
 Reference value :  2.60206e-06
 Reference value :  2.60220e-06
 Reference value :  2.60233e-06
 Reference value :  2.60247e-06
 Reference value :  2.60260e-06
 Reference value :  2.60274e-06
 Reference value :  2.60288e-06
 Reference value :  2.60303e-06
 Reference value :  2.60316e-06
 Reference value :  2.60329e-06
 Reference value :  2.60343e-06
 Reference value :  2.60356e-06
 Reference value :  2.60371e-06
 Reference value :  2.60385e-06
 Reference value :  2.60398e-06
 Reference value :  2.60411e-06
 Reference value :  2.60425e-06
 Reference value :  2.60438e-06
 Reference value :  2.60452e-06
 Reference value :  2.60467e-06
 Reference value :  2.60480e-06
 Reference value :  2.60493e-06
 Reference value :  2.60507e-06
 Reference value :  2.60521e-06
 Reference value :  2.60535e-06
 Reference value :  2.60549e-06
 Reference value :  2.60562e-06
 Reference value :  2.60577e-06
 Reference value :  2.60591e-06
 Reference value :  2.60604e-06
 Reference value :  2.60618e-06
 Reference value :  2.60634e-06
 Reference value :  2.60651e-06
 Reference value :  2.60665e-06
 Reference value :  2.60679e-06
 Reference value :  2.60692e-06
 Reference value :  2.60707e-06
 Reference value :  2.60721e-06
 Reference value :  2.60735e-06
 Reference value :  2.60749e-06
 Reference value :  2.60763e-06
 Reference value :  2.60777e-06
 Reference value :  2.60792e-06
 Reference value :  2.60806e-06
 Reference value :  2.60820e-06
 Reference value :  2.60835e-06
 Reference value :  2.60848e-06
 Reference value :  2.60863e-06
 Reference value :  2.60877e-06
 Reference value :  2.60890e-06
 Reference value :  2.60904e-06
 Reference value :  2.60918e-06
 Reference value :  2.60932e-06
 Reference value :  2.60946e-06
 Reference value :  2.60959e-06
 Reference value :  2.60975e-06
 Reference value :  2.60989e-06
 Reference value :  2.61003e-06
 Reference value :  2.61016e-06
 Reference value :  2.61031e-06
 Reference value :  2.61044e-06
 Reference value :  2.61059e-06
 Reference value :  2.61072e-06
 Reference value :  2.61088e-06
 Reference value :  2.61102e-06
 Reference value :  2.61116e-06
 Reference value :  2.61129e-06
 Reference value :  2.61143e-06
 Reference value :  2.61157e-06
 Reference value :  2.61170e-06
 Reference value :  2.61185e-06
 Reference value :  2.61202e-06
 Reference value :  2.61217e-06
 Reference value :  2.61231e-06
 Reference value :  2.61244e-06
 Reference value :  2.61259e-06
 Reference value :  2.61274e-06
 Reference value :  2.61290e-06
 Reference value :  2.61306e-06
 Reference value :  2.61320e-06
 Reference value :  2.61334e-06
 Reference value :  2.61350e-06
 Reference value :  2.61365e-06
 Reference value :  2.61380e-06
 Reference value :  2.61396e-06
 Reference value :  2.61411e-06
 Reference value :  2.61425e-06
 Reference value :  2.61440e-06
 Reference value :  2.61456e-06
 Reference value :  2.61472e-06
 Reference value :  2.61489e-06
 Reference value :  2.61503e-06
 Reference value :  2.61517e-06
 Reference value :  2.61532e-06
 Reference value :  2.61546e-06
 Reference value :  2.61560e-06
 Reference value :  2.61573e-06
 Reference value :  2.61587e-06
 Reference value :  2.61602e-06
 Reference value :  2.61616e-06
 Reference value :  2.61629e-06
 Reference value :  2.61643e-06
 Reference value :  2.61657e-06
 Reference value :  2.61671e-06
 Reference value :  2.61685e-06
 Reference value :  2.61700e-06
 Reference value :  2.61714e-06
 Reference value :  2.61728e-06
 Reference value :  2.61743e-06
 Reference value :  2.61758e-06
 Reference value :  2.61773e-06
 Reference value :  2.61787e-06
 Reference value :  2.61802e-06
 Reference value :  2.61817e-06
 Reference value :  2.61832e-06
 Reference value :  2.61847e-06
 Reference value :  2.61863e-06
 Reference value :  2.61878e-06
 Reference value :  2.61892e-06
 Reference value :  2.61908e-06
 Reference value :  2.61923e-06
 Reference value :  2.61938e-06
 Reference value :  2.61952e-06
 Reference value :  2.61966e-06
 Reference value :  2.61979e-06
 Reference value :  2.61993e-06
 Reference value :  2.62008e-06
 Reference value :  2.62024e-06
 Reference value :  2.62037e-06
 Reference value :  2.62051e-06
 Reference value :  2.62066e-06
 Reference value :  2.62080e-06
 Reference value :  2.62096e-06
 Reference value :  2.62111e-06
 Reference value :  2.62127e-06
 Reference value :  2.62143e-06
 Reference value :  2.62158e-06
 Reference value :  2.62174e-06
 Reference value :  2.62189e-06
 Reference value :  2.62205e-06
 Reference value :  2.62221e-06
 Reference value :  2.62235e-06
 Reference value :  2.62249e-06
 Reference value :  2.62263e-06
 Reference value :  2.62278e-06
 Reference value :  2.62294e-06
 Reference value :  2.62308e-06
 Reference value :  2.62322e-06
 Reference value :  2.62337e-06
 Reference value :  2.62352e-06
 Reference value :  2.62367e-06
 Reference value :  2.62382e-06
 Reference value :  2.62398e-06
 Reference value :  2.62412e-06
 Reference value :  2.62429e-06
 Reference value :  2.62444e-06
 Reference value :  2.62458e-06
 Reference value :  2.62474e-06
 Reference value :  2.62489e-06
 Reference value :  2.62505e-06
 Reference value :  2.62520e-06
 Reference value :  2.62536e-06
 Reference value :  2.62551e-06
 Reference value :  2.62566e-06
 Reference value :  2.62581e-06
 Reference value :  2.62597e-06
 Reference value :  2.62612e-06
 Reference value :  2.62626e-06
 Reference value :  2.62641e-06
 Reference value :  2.62657e-06
 Reference value :  2.62672e-06
 Reference value :  2.62687e-06
 Reference value :  2.62702e-06
 Reference value :  2.62718e-06
 Reference value :  2.62733e-06
 Reference value :  2.62748e-06
 Reference value :  2.62764e-06
 Reference value :  2.62779e-06
 Reference value :  2.62794e-06
 Reference value :  2.62809e-06
 Reference value :  2.62822e-06
 Reference value :  2.62837e-06
 Reference value :  2.62851e-06
 Reference value :  2.62866e-06
 Reference value :  2.62882e-06
 Reference value :  2.62897e-06
 Reference value :  2.62913e-06
 Reference value :  2.62928e-06
 Reference value :  2.62943e-06
 Reference value :  2.62958e-06
 Reference value :  2.62973e-06
 Reference value :  2.62987e-06
 Reference value :  2.63002e-06
 Reference value :  2.63017e-06
 Reference value :  2.63034e-06
 Reference value :  2.63050e-06
 Reference value :  2.63065e-06
 Reference value :  2.63081e-06
 Reference value :  2.63097e-06
 Reference value :  2.63112e-06
 Reference value :  2.63125e-06
 Reference value :  2.63139e-06
 Reference value :  2.63153e-06
 Reference value :  2.63167e-06
 Reference value :  2.63181e-06
 Reference value :  2.63195e-06
 Reference value :  2.63209e-06
 Reference value :  2.63226e-06
 Reference value :  2.63243e-06
 Reference value :  2.63260e-06
 Reference value :  2.63275e-06
 Reference value :  2.63290e-06
 Reference value :  2.63306e-06
 Reference value :  2.63322e-06
 Reference value :  2.63341e-06
 Reference value :  2.63358e-06
 Reference value :  2.63375e-06
 Reference value :  2.63390e-06
 Reference value :  2.63405e-06
 Reference value :  2.63420e-06
 Reference value :  2.63434e-06
 Reference value :  2.63450e-06
 Reference value :  2.63465e-06
 Reference value :  2.63479e-06
 Reference value :  2.63494e-06
 Reference value :  2.63509e-06
 Reference value :  2.63525e-06
 Reference value :  2.63540e-06
 Reference value :  2.63554e-06
 Reference value :  2.63568e-06
 Reference value :  2.63583e-06
 Reference value :  2.63598e-06
 Reference value :  2.63613e-06
 Reference value :  2.63628e-06
 Reference value :  2.63642e-06
 Reference value :  2.63657e-06
 Reference value :  2.63671e-06
 Reference value :  2.63687e-06
 Reference value :  2.63702e-06
 Reference value :  2.63719e-06
 Reference value :  2.63734e-06
 Reference value :  2.63749e-06
 Reference value :  2.63764e-06
 Reference value :  2.63779e-06
 Reference value :  2.63793e-06
 Reference value :  2.63808e-06
 Reference value :  2.63822e-06
 Reference value :  2.63836e-06
 Reference value :  2.63851e-06
 Reference value :  2.63864e-06
 Reference value :  2.63878e-06
 Reference value :  2.63892e-06
 Reference value :  2.63906e-06
 Reference value :  2.63920e-06
 Reference value :  2.63934e-06
 Reference value :  2.63947e-06
 Reference value :  2.63962e-06
 Reference value :  2.63975e-06
 Reference value :  2.63989e-06
 Reference value :  2.64002e-06
 Reference value :  2.64016e-06
 Reference value :  2.64029e-06
 Reference value :  2.64044e-06
 Reference value :  2.64058e-06
 Reference value :  2.64071e-06
 Reference value :  2.64086e-06
 Reference value :  2.64103e-06
 Reference value :  2.64120e-06
 Reference value :  2.64136e-06
 Reference value :  2.64153e-06
 Reference value :  2.64169e-06
 Reference value :  2.64185e-06
 Reference value :  2.64200e-06
 Reference value :  2.64216e-06
 Reference value :  2.64232e-06
 Reference value :  2.64246e-06
 Reference value :  2.64261e-06
 Reference value :  2.64279e-06
 Reference value :  2.64296e-06
 Reference value :  2.64312e-06
 Reference value :  2.64329e-06
 Reference value :  2.64346e-06
 Reference value :  2.64364e-06
 Reference value :  2.64379e-06
 Reference value :  2.64394e-06
 Reference value :  2.64411e-06
 Reference value :  2.64428e-06
 Reference value :  2.64442e-06
 Reference value :  2.64457e-06
 Reference value :  2.64471e-06
 Reference value :  2.64486e-06
 Reference value :  2.64504e-06
 Reference value :  2.64522e-06
 Reference value :  2.64537e-06
 Reference value :  2.64555e-06
 Reference value :  2.64572e-06
 Reference value :  2.64587e-06
 Reference value :  2.64601e-06
 Reference value :  2.64616e-06
 Reference value :  2.64632e-06
 Reference value :  2.64648e-06
 Reference value :  2.64663e-06
 Reference value :  2.64678e-06
 Reference value :  2.64694e-06
 Reference value :  2.64707e-06
 Reference value :  2.64723e-06
 Reference value :  2.64738e-06
 Reference value :  2.64752e-06
 Reference value :  2.64768e-06
 Reference value :  2.64784e-06
 Reference value :  2.64798e-06
 Reference value :  2.64812e-06
 Reference value :  2.64827e-06
 Reference value :  2.64841e-06
 Reference value :  2.64856e-06
 Reference value :  2.64869e-06
 Reference value :  2.64883e-06
 Reference value :  2.64897e-06
 Reference value :  2.64915e-06
 Reference value :  2.64933e-06
 Reference value :  2.64949e-06
 Reference value :  2.64965e-06
 Reference value :  2.64981e-06
 Reference value :  2.64997e-06
 Reference value :  2.65014e-06
 Reference value :  2.65031e-06
 Reference value :  2.65047e-06
 Reference value :  2.65061e-06
 Reference value :  2.65077e-06
 Reference value :  2.65091e-06
 Reference value :  2.65107e-06
 Reference value :  2.65121e-06
 Reference value :  2.65135e-06
 Reference value :  2.65148e-06
 Reference value :  2.65162e-06
 Reference value :  2.65177e-06
 Reference value :  2.65191e-06
 Reference value :  2.65206e-06
 Reference value :  2.65220e-06
 Reference value :  2.65234e-06
 Reference value :  2.65248e-06
 Reference value :  2.65263e-06
 Reference value :  2.65277e-06
 Reference value :  2.65291e-06
 Reference value :  2.65305e-06
 Reference value :  2.65320e-06
 Reference value :  2.65335e-06
 Reference value :  2.65350e-06
 Reference value :  2.65364e-06
 Reference value :  2.65381e-06
 Reference value :  2.65395e-06
 Reference value :  2.65409e-06
 Reference value :  2.65423e-06
 Reference value :  2.65437e-06
 Reference value :  2.65450e-06
 Reference value :  2.65464e-06
 Reference value :  2.65478e-06
 Reference value :  2.65493e-06
 Reference value :  2.65507e-06
 Reference value :  2.65521e-06
 Reference value :  2.65535e-06
 Reference value :  2.65549e-06
 Reference value :  2.65563e-06
 Reference value :  2.65577e-06
 Reference value :  2.65591e-06
 Reference value :  2.65605e-06
 Reference value :  2.65618e-06
 Reference value :  2.65633e-06
 Reference value :  2.65648e-06
 Reference value :  2.65662e-06
 Reference value :  2.65676e-06
 Reference value :  2.65690e-06
 Reference value :  2.65704e-06
 Reference value :  2.65717e-06
 Reference value :  2.65731e-06
 Reference value :  2.65747e-06
 Reference value :  2.65760e-06
 Reference value :  2.65774e-06
 Reference value :  2.65789e-06
 Reference value :  2.65802e-06
 Reference value :  2.65816e-06
 Reference value :  2.65829e-06
 Reference value :  2.65843e-06
 Reference value :  2.65857e-06
 Reference value :  2.65871e-06
 Reference value :  2.65884e-06
 Reference value :  2.65899e-06
 Reference value :  2.65919e-06
 Reference value :  2.65934e-06
 Reference value :  2.65948e-06
 Reference value :  2.65962e-06
 Reference value :  2.65976e-06
 Reference value :  2.65990e-06
 Reference value :  2.66004e-06
 Reference value :  2.66018e-06
 Reference value :  2.66031e-06
 Reference value :  2.66045e-06
 Reference value :  2.66059e-06
 Reference value :  2.66074e-06
 Reference value :  2.66088e-06
 Reference value :  2.66105e-06
 Reference value :  2.66120e-06
 Reference value :  2.66134e-06
 Reference value :  2.66148e-06
 Reference value :  2.66162e-06
 Reference value :  2.66176e-06
 Reference value :  2.66191e-06
 Reference value :  2.66206e-06
 Reference value :  2.66221e-06
 Reference value :  2.66235e-06
 Reference value :  2.66250e-06
 Reference value :  2.66264e-06
 Reference value :  2.66278e-06
 Reference value :  2.66291e-06
 Reference value :  2.66304e-06
 Reference value :  2.66317e-06
 Reference value :  2.66332e-06
 Reference value :  2.66345e-06
 Reference value :  2.66359e-06
 Reference value :  2.66372e-06
 Reference value :  2.66386e-06
 Reference value :  2.66399e-06
 Reference value :  2.66413e-06
 Reference value :  2.66427e-06
 Reference value :  2.66442e-06
 Reference value :  2.66456e-06
 Reference value :  2.66469e-06
 Reference value :  2.66483e-06
 Reference value :  2.66497e-06
 Reference value :  2.66511e-06
 Reference value :  2.66525e-06
 Reference value :  2.66538e-06
 Reference value :  2.66552e-06
 Reference value :  2.66565e-06
 Reference value :  2.66580e-06
 Reference value :  2.66594e-06
 Reference value :  2.66607e-06
 Reference value :  2.66621e-06
 Reference value :  2.66635e-06
 Reference value :  2.66649e-06
 Reference value :  2.66662e-06
 Reference value :  2.66676e-06
 Reference value :  2.66690e-06
 Reference value :  2.66704e-06
 Reference value :  2.66717e-06
 Reference value :  2.66733e-06
 Reference value :  2.66746e-06
 Reference value :  2.66760e-06
 Reference value :  2.66774e-06
 Reference value :  2.66788e-06
 Reference value :  2.66801e-06
 Reference value :  2.66817e-06
 Reference value :  2.66831e-06
 Reference value :  2.66845e-06
 Reference value :  2.66859e-06
 Reference value :  2.66873e-06
 Reference value :  2.66887e-06
 Reference value :  2.66900e-06
 Reference value :  2.66915e-06
 Reference value :  2.66929e-06
 Reference value :  2.66943e-06
 Reference value :  2.66957e-06
 Reference value :  2.66971e-06
 Reference value :  2.66985e-06
 Reference value :  2.67000e-06
 Reference value :  2.67014e-06
 Reference value :  2.67028e-06
 Reference value :  2.67042e-06
 Reference value :  2.67056e-06
 Reference value :  2.67070e-06
 Reference value :  2.67084e-06
 Reference value :  2.67097e-06
 Reference value :  2.67111e-06
 Reference value :  2.67126e-06
 Reference value :  2.67140e-06
 Reference value :  2.67153e-06
 Reference value :  2.67167e-06
 Reference value :  2.67180e-06
 Reference value :  2.67194e-06
 Reference value :  2.67207e-06
 Reference value :  2.67221e-06
 Reference value :  2.67235e-06
 Reference value :  2.67250e-06
 Reference value :  2.67264e-06
 Reference value :  2.67277e-06
 Reference value :  2.67290e-06
 Reference value :  2.67304e-06
 Reference value :  2.67318e-06
 Reference value :  2.67333e-06
 Reference value :  2.67347e-06
 Reference value :  2.67361e-06
 Reference value :  2.67375e-06
 Reference value :  2.67390e-06
 Reference value :  2.67404e-06
 Reference value :  2.67418e-06
 Reference value :  2.67431e-06
 Reference value :  2.67445e-06
 Reference value :  2.67458e-06
 Reference value :  2.67472e-06
 Reference value :  2.67485e-06
 Reference value :  2.67501e-06
 Reference value :  2.67516e-06
 Reference value :  2.67529e-06
 Reference value :  2.67543e-06
 Reference value :  2.67557e-06
 Reference value :  2.67571e-06
 Reference value :  2.67585e-06
 Reference value :  2.67599e-06
 Reference value :  2.67613e-06
 Reference value :  2.67626e-06
 Reference value :  2.67640e-06
 Reference value :  2.67653e-06
 Reference value :  2.67667e-06
 Reference value :  2.67681e-06
 Reference value :  2.67695e-06
 Reference value :  2.67709e-06
 Reference value :  2.67722e-06
 Reference value :  2.67736e-06
 Reference value :  2.67751e-06
 Reference value :  2.67767e-06
 Reference value :  2.67781e-06
 Reference value :  2.67795e-06
 Reference value :  2.67810e-06
 Reference value :  2.67824e-06
 Reference value :  2.67839e-06
 Reference value :  2.67852e-06
 Reference value :  2.67867e-06
 Reference value :  2.67880e-06
 Reference value :  2.67894e-06
 Reference value :  2.67907e-06
 Reference value :  2.67921e-06
 Reference value :  2.67936e-06
 Reference value :  2.67949e-06
 Reference value :  2.67963e-06
 Reference value :  2.67977e-06
 Reference value :  2.67990e-06
 Reference value :  2.68004e-06
 Reference value :  2.68018e-06
 Reference value :  2.68032e-06
 Reference value :  2.68047e-06
 Reference value :  2.68062e-06
 Reference value :  2.68075e-06
 Reference value :  2.68090e-06
 Reference value :  2.68104e-06
 Reference value :  2.68119e-06
 Reference value :  2.68132e-06
 Reference value :  2.68145e-06
 Reference value :  2.68159e-06
 Reference value :  2.68173e-06
 Reference value :  2.68187e-06
 Reference value :  2.68202e-06
 Reference value :  2.68217e-06
 Reference value :  2.68232e-06
 Reference value :  2.68246e-06
 Reference value :  2.68260e-06
 Reference value :  2.68276e-06
 Reference value :  2.68290e-06
 Reference value :  2.68305e-06
 Reference value :  2.68320e-06
 Reference value :  2.68333e-06
 Reference value :  2.68347e-06
 Reference value :  2.68360e-06
 Reference value :  2.68375e-06
 Reference value :  2.68389e-06
 Reference value :  2.68402e-06
 Reference value :  2.68417e-06
 Reference value :  2.68430e-06
 Reference value :  2.68444e-06
 Reference value :  2.68458e-06
 Reference value :  2.68472e-06
 Reference value :  2.68487e-06
 Reference value :  2.68500e-06
 Reference value :  2.68516e-06
 Reference value :  2.68529e-06
 Reference value :  2.68544e-06
 Reference value :  2.68559e-06
 Reference value :  2.68574e-06
 Reference value :  2.68590e-06
 Reference value :  2.68605e-06
 Reference value :  2.68619e-06
 Reference value :  2.68633e-06
 Reference value :  2.68647e-06
 Reference value :  2.68660e-06
 Reference value :  2.68675e-06
 Reference value :  2.68689e-06
 Reference value :  2.68702e-06
 Reference value :  2.68716e-06
 Reference value :  2.68731e-06
 Reference value :  2.68747e-06
 Reference value :  2.68764e-06
 Reference value :  2.68779e-06
 Reference value :  2.68793e-06
 Reference value :  2.68808e-06
 Reference value :  2.68824e-06
 Reference value :  2.68839e-06
 Reference value :  2.68856e-06
 Reference value :  2.68873e-06
 Reference value :  2.68888e-06
 Reference value :  2.68901e-06
 Reference value :  2.68915e-06
 Reference value :  2.68929e-06
 Reference value :  2.68943e-06
 Reference value :  2.68959e-06
 Reference value :  2.68974e-06
 Reference value :  2.68989e-06
 Reference value :  2.69005e-06
 Reference value :  2.69019e-06
 Reference value :  2.69033e-06
 Reference value :  2.69048e-06
 Reference value :  2.69066e-06
 Reference value :  2.69081e-06
 Reference value :  2.69098e-06
 Reference value :  2.69123e-06
 Reference value :  2.69148e-06
 Reference value :  2.69174e-06
 Reference value :  2.69200e-06
 Reference value :  2.69226e-06
 Reference value :  2.69251e-06
 Reference value :  2.69277e-06
 Reference value :  2.69305e-06
 Reference value :  2.69332e-06
 Reference value :  2.69359e-06
 Reference value :  2.69387e-06
 Reference value :  2.69409e-06
 Reference value :  2.69430e-06
 Reference value :  2.69451e-06
 Reference value :  2.69470e-06
 Reference value :  2.69491e-06
 Reference value :  2.69511e-06
 Reference value :  2.69532e-06
 Reference value :  2.69558e-06
 Reference value :  2.69577e-06
 Reference value :  2.69602e-06
 Reference value :  2.69624e-06
 Reference value :  2.69643e-06
 Reference value :  2.69666e-06
 Reference value :  2.69691e-06
 Reference value :  2.69708e-06
 Reference value :  2.69728e-06
 Reference value :  2.69748e-06
 Reference value :  2.69767e-06
 Reference value :  2.69787e-06
 Reference value :  2.69806e-06
 Reference value :  2.69826e-06
 Reference value :  2.69851e-06
 Reference value :  2.69874e-06
 Reference value :  2.69894e-06
 Reference value :  2.69913e-06
 Reference value :  2.69935e-06
 Reference value :  2.69957e-06
 Reference value :  2.69977e-06
 Reference value :  2.69996e-06
 Reference value :  2.70012e-06
 Reference value :  2.70031e-06
 Reference value :  2.70050e-06
 Reference value :  2.70070e-06
 Reference value :  2.70088e-06
 Reference value :  2.70104e-06
 Reference value :  2.70118e-06
 Reference value :  2.70134e-06
 Reference value :  2.70149e-06
 Reference value :  2.70163e-06
 Reference value :  2.70178e-06
 Reference value :  2.70194e-06
 Reference value :  2.70210e-06
 Reference value :  2.70225e-06
 Reference value :  2.70240e-06
 Reference value :  2.70256e-06
 Reference value :  2.70272e-06
 Reference value :  2.70288e-06
 Reference value :  2.70304e-06
 Reference value :  2.70320e-06
 Reference value :  2.70334e-06
 Reference value :  2.70348e-06
 Reference value :  2.70364e-06
 Reference value :  2.70382e-06
 Reference value :  2.70401e-06
 Reference value :  2.70421e-06
 Reference value :  2.70440e-06
 Reference value :  2.70462e-06
 Reference value :  2.70479e-06
 Reference value :  2.70494e-06
 Reference value :  2.70510e-06
 Reference value :  2.70527e-06
 Reference value :  2.70542e-06
 Reference value :  2.70556e-06
 Reference value :  2.70572e-06
 Reference value :  2.70589e-06
 Reference value :  2.70606e-06
 Reference value :  2.70623e-06
 Reference value :  2.70642e-06
 Reference value :  2.70657e-06
 Reference value :  2.70675e-06
 Reference value :  2.70695e-06
 Reference value :  2.70711e-06
 Reference value :  2.70728e-06
 Reference value :  2.70747e-06
 Reference value :  2.70763e-06
 Reference value :  2.70779e-06
 Reference value :  2.70794e-06
 Reference value :  2.70809e-06
 Reference value :  2.70824e-06
 Reference value :  2.70838e-06
 Reference value :  2.70853e-06
 Reference value :  2.70870e-06
 Reference value :  2.70889e-06
 Reference value :  2.70905e-06
 Reference value :  2.70921e-06
 Reference value :  2.70938e-06
 Reference value :  2.70956e-06
 Reference value :  2.70973e-06
 Reference value :  2.70988e-06
 Reference value :  2.71003e-06
 Reference value :  2.71021e-06
 Reference value :  2.71037e-06
 Reference value :  2.71052e-06
 Reference value :  2.71069e-06
 Reference value :  2.71086e-06
 Reference value :  2.71103e-06
 Reference value :  2.71119e-06
 Reference value :  2.71136e-06
 Reference value :  2.71152e-06
 Reference value :  2.71169e-06
 Reference value :  2.71184e-06
 Reference value :  2.71198e-06
 Reference value :  2.71214e-06
 Reference value :  2.71230e-06
 Reference value :  2.71245e-06
 Reference value :  2.71261e-06
 Reference value :  2.71277e-06
 Reference value :  2.71292e-06
 Reference value :  2.71307e-06
 Reference value :  2.71321e-06
 Reference value :  2.71337e-06
 Reference value :  2.71352e-06
 Reference value :  2.71367e-06
 Reference value :  2.71381e-06
 Reference value :  2.71396e-06
 Reference value :  2.71415e-06
 Reference value :  2.71428e-06
 Reference value :  2.71444e-06
 Reference value :  2.71459e-06
 Reference value :  2.71477e-06
 Reference value :  2.71496e-06
 Reference value :  2.71512e-06
 Reference value :  2.71529e-06
 Reference value :  2.71543e-06
 Reference value :  2.71556e-06
 Reference value :  2.71571e-06
 Reference value :  2.71588e-06
 Reference value :  2.71603e-06
 Reference value :  2.71619e-06
 Reference value :  2.71638e-06
 Reference value :  2.71653e-06
 Reference value :  2.71669e-06
 Reference value :  2.71686e-06
 Reference value :  2.71700e-06
 Reference value :  2.71717e-06
 Reference value :  2.71733e-06
 Reference value :  2.71748e-06
 Reference value :  2.71763e-06
 Reference value :  2.71777e-06
 Reference value :  2.71792e-06
 Reference value :  2.71808e-06
 Reference value :  2.71824e-06
 Reference value :  2.71839e-06
 Reference value :  2.71854e-06
 Reference value :  2.71868e-06
 Reference value :  2.71884e-06
 Reference value :  2.71900e-06
 Reference value :  2.71918e-06
 Reference value :  2.71934e-06
 Reference value :  2.71951e-06
 Reference value :  2.71967e-06
 Reference value :  2.71983e-06
 Reference value :  2.71998e-06
 Reference value :  2.72018e-06
 Reference value :  2.72034e-06
 Reference value :  2.72050e-06
 Reference value :  2.72069e-06
 Reference value :  2.72091e-06
 Reference value :  2.72107e-06
 Reference value :  2.72124e-06
 Reference value :  2.72142e-06
 Reference value :  2.72157e-06
 Reference value :  2.72171e-06
 Reference value :  2.72185e-06
 Reference value :  2.72199e-06
 Reference value :  2.72213e-06
 Reference value :  2.72227e-06
 Reference value :  2.72242e-06
 Reference value :  2.72256e-06
 Reference value :  2.72270e-06
 Reference value :  2.72283e-06
 Reference value :  2.72296e-06
 Reference value :  2.72310e-06
 Reference value :  2.72324e-06
 Reference value :  2.72339e-06
 Reference value :  2.72354e-06
 Reference value :  2.72368e-06
 Reference value :  2.72385e-06
 Reference value :  2.72402e-06
 Reference value :  2.72418e-06
 Reference value :  2.72433e-06
 Reference value :  2.72448e-06
 Reference value :  2.72462e-06
 Reference value :  2.72477e-06
 Reference value :  2.72491e-06
 Reference value :  2.72506e-06
 Reference value :  2.72521e-06
 Reference value :  2.72536e-06
 Reference value :  2.72551e-06
 Reference value :  2.72565e-06
 Reference value :  2.72581e-06
 Reference value :  2.72597e-06
 Reference value :  2.72612e-06
 Reference value :  2.72627e-06
 Reference value :  2.72642e-06
 Reference value :  2.72657e-06
 Reference value :  2.72672e-06
 Reference value :  2.72688e-06
 Reference value :  2.72703e-06
 Reference value :  2.72718e-06
 Reference value :  2.72733e-06
 Reference value :  2.72748e-06
 Reference value :  2.72766e-06
 Reference value :  2.72782e-06
 Reference value :  2.72797e-06
 Reference value :  2.72811e-06
 Reference value :  2.72826e-06
 Reference value :  2.72841e-06
 Reference value :  2.72858e-06
 Reference value :  2.72873e-06
 Reference value :  2.72889e-06
 Reference value :  2.72905e-06
 Reference value :  2.72920e-06
 Reference value :  2.72935e-06
 Reference value :  2.72949e-06
 Reference value :  2.72964e-06
 Reference value :  2.72978e-06
 Reference value :  2.72992e-06
 Reference value :  2.73008e-06
 Reference value :  2.73023e-06
 Reference value :  2.73037e-06
 Reference value :  2.73052e-06
 Reference value :  2.73066e-06
 Reference value :  2.73080e-06
 Reference value :  2.73096e-06
 Reference value :  2.73111e-06
 Reference value :  2.73125e-06
 Reference value :  2.73139e-06
 Reference value :  2.73154e-06
 Reference value :  2.73169e-06
 Reference value :  2.73185e-06
 Reference value :  2.73200e-06
 Reference value :  2.73215e-06
 Reference value :  2.73232e-06
 Reference value :  2.73247e-06
 Reference value :  2.73262e-06
 Reference value :  2.73278e-06
 Reference value :  2.73292e-06
 Reference value :  2.73309e-06
 Reference value :  2.73324e-06
 Reference value :  2.73339e-06
 Reference value :  2.73354e-06
 Reference value :  2.73369e-06
 Reference value :  2.73383e-06
 Reference value :  2.73397e-06
 Reference value :  2.73412e-06
 Reference value :  2.73425e-06
 Reference value :  2.73439e-06
 Reference value :  2.73452e-06
 Reference value :  2.73465e-06
 Reference value :  2.73480e-06
 Reference value :  2.73499e-06
 Reference value :  2.73515e-06
 Reference value :  2.73532e-06
 Reference value :  2.73550e-06
 Reference value :  2.73564e-06
 Reference value :  2.73579e-06
 Reference value :  2.73597e-06
 Reference value :  2.73617e-06
 Reference value :  2.73633e-06
 Reference value :  2.73650e-06
 Reference value :  2.73666e-06
 Reference value :  2.73687e-06
 Reference value :  2.73704e-06
 Reference value :  2.73721e-06
 Reference value :  2.73740e-06
 Reference value :  2.73757e-06
 Reference value :  2.73778e-06
 Reference value :  2.73801e-06
 Reference value :  2.73819e-06
 Reference value :  2.73836e-06
 Reference value :  2.73851e-06
 Reference value :  2.73868e-06
 Reference value :  2.73885e-06
 Reference value :  2.73907e-06
 Reference value :  2.73928e-06
 Reference value :  2.73948e-06
 Reference value :  2.73965e-06
 Reference value :  2.73979e-06
 Reference value :  2.73995e-06
 Reference value :  2.74010e-06
 Reference value :  2.74025e-06
 Reference value :  2.74039e-06
 Reference value :  2.74055e-06
 Reference value :  2.74070e-06
 Reference value :  2.74085e-06
 Reference value :  2.74100e-06
 Reference value :  2.74115e-06
 Reference value :  2.74131e-06
 Reference value :  2.74146e-06
 Reference value :  2.74167e-06
 Reference value :  2.74187e-06
 Reference value :  2.74201e-06
 Reference value :  2.74214e-06
 Reference value :  2.74229e-06
 Reference value :  2.74247e-06
 Reference value :  2.74262e-06
 Reference value :  2.74277e-06
 Reference value :  2.74294e-06
 Reference value :  2.74309e-06
 Reference value :  2.74324e-06
 Reference value :  2.74338e-06
 Reference value :  2.74352e-06
 Reference value :  2.74367e-06
 Reference value :  2.74382e-06
 Reference value :  2.74396e-06
 Reference value :  2.74410e-06
 Reference value :  2.74426e-06
 Reference value :  2.74444e-06
 Reference value :  2.74459e-06
 Reference value :  2.74476e-06
 Reference value :  2.74492e-06
 Reference value :  2.74508e-06
 Reference value :  2.74523e-06
 Reference value :  2.74538e-06
 Reference value :  2.74553e-06
 Reference value :  2.74571e-06
 Reference value :  2.74590e-06
 Reference value :  2.74605e-06
 Reference value :  2.74621e-06
 Reference value :  2.74635e-06
 Reference value :  2.74655e-06
 Reference value :  2.74676e-06
 Reference value :  2.74690e-06
 Reference value :  2.74705e-06
 Reference value :  2.74718e-06
 Reference value :  2.74733e-06
 Reference value :  2.74750e-06
 Reference value :  2.74768e-06
 Reference value :  2.74781e-06
 Reference value :  2.74796e-06
 Reference value :  2.74812e-06
 Reference value :  2.74828e-06
 Reference value :  2.74845e-06
 Reference value :  2.74861e-06
 Reference value :  2.74879e-06
 Reference value :  2.74896e-06
 Reference value :  2.74912e-06
 Reference value :  2.74929e-06
 Reference value :  2.74945e-06
 Reference value :  2.74962e-06
 Reference value :  2.74976e-06
 Reference value :  2.74991e-06
 Reference value :  2.75006e-06
 Reference value :  2.75021e-06
 Reference value :  2.75036e-06
 Reference value :  2.75052e-06
 Reference value :  2.75068e-06
 Reference value :  2.75089e-06
 Reference value :  2.75106e-06
 Reference value :  2.75122e-06
 Reference value :  2.75137e-06
 Reference value :  2.75157e-06
 Reference value :  2.75172e-06
 Reference value :  2.75190e-06
 Reference value :  2.75210e-06
 Reference value :  2.75235e-06
 Reference value :  2.75250e-06
 Reference value :  2.75266e-06
 Reference value :  2.75281e-06
 Reference value :  2.75296e-06
 Reference value :  2.75310e-06
 Reference value :  2.75326e-06
 Reference value :  2.75343e-06
 Reference value :  2.75359e-06
 Reference value :  2.75374e-06
 Reference value :  2.75389e-06
 Reference value :  2.75404e-06
 Reference value :  2.75419e-06
 Reference value :  2.75436e-06
 Reference value :  2.75451e-06
 Reference value :  2.75469e-06
 Reference value :  2.75486e-06
 Reference value :  2.75502e-06
 Reference value :  2.75517e-06
 Reference value :  2.75532e-06
 Reference value :  2.75547e-06
 Reference value :  2.75562e-06
 Reference value :  2.75578e-06
 Reference value :  2.75592e-06
 Reference value :  2.75607e-06
 Reference value :  2.75623e-06
 Reference value :  2.75639e-06
 Reference value :  2.75656e-06
 Reference value :  2.75674e-06
 Reference value :  2.75690e-06
 Reference value :  2.75706e-06
 Reference value :  2.75722e-06
 Reference value :  2.75740e-06
 Reference value :  2.75765e-06
 Reference value :  2.75782e-06
 Reference value :  2.75798e-06
 Reference value :  2.75815e-06
 Reference value :  2.75830e-06
 Reference value :  2.75846e-06
 Reference value :  2.75872e-06
 Reference value :  2.75887e-06
 Reference value :  2.75902e-06
 Reference value :  2.75918e-06
 Reference value :  2.75933e-06
 Reference value :  2.75948e-06
 Reference value :  2.75964e-06
 Reference value :  2.75979e-06
 Reference value :  2.75998e-06
 Reference value :  2.76016e-06
 Reference value :  2.76031e-06
 Reference value :  2.76046e-06
 Reference value :  2.76063e-06
 Reference value :  2.76078e-06
 Reference value :  2.76093e-06
 Reference value :  2.76110e-06
 Reference value :  2.76128e-06
 Reference value :  2.76146e-06
 Reference value :  2.76167e-06
 Reference value :  2.76185e-06
 Reference value :  2.76205e-06
 Reference value :  2.76225e-06
 Reference value :  2.76245e-06
 Reference value :  2.76265e-06
 Reference value :  2.76284e-06
 Reference value :  2.76305e-06
 Reference value :  2.76324e-06
 Reference value :  2.76345e-06
 Reference value :  2.76366e-06
 Reference value :  2.76386e-06
 Reference value :  2.76407e-06
 Reference value :  2.76426e-06
 Reference value :  2.76447e-06
 Reference value :  2.76466e-06
 Reference value :  2.76485e-06
 Reference value :  2.76506e-06
 Reference value :  2.76527e-06
 Reference value :  2.76546e-06
 Reference value :  2.76566e-06
 Reference value :  2.76591e-06
 Reference value :  2.76609e-06
 Reference value :  2.76627e-06
 Reference value :  2.76643e-06
 Reference value :  2.76662e-06
 Reference value :  2.76684e-06
 Reference value :  2.76704e-06
 Reference value :  2.76730e-06
 Reference value :  2.76753e-06
 Reference value :  2.76774e-06
 Reference value :  2.76792e-06
 Reference value :  2.76810e-06
 Reference value :  2.76828e-06
 Reference value :  2.76845e-06
 Reference value :  2.76863e-06
 Reference value :  2.76880e-06
 Reference value :  2.76898e-06
 Reference value :  2.76916e-06
 Reference value :  2.76932e-06
 Reference value :  2.76948e-06
 Reference value :  2.76967e-06
 Reference value :  2.76985e-06
 Reference value :  2.77001e-06
 Reference value :  2.77018e-06
 Reference value :  2.77036e-06
 Reference value :  2.77055e-06
 Reference value :  2.77072e-06
 Reference value :  2.77091e-06
 Reference value :  2.77107e-06
 Reference value :  2.77123e-06
 Reference value :  2.77140e-06
 Reference value :  2.77156e-06
 Reference value :  2.77173e-06
 Reference value :  2.77190e-06
 Reference value :  2.77209e-06
 Reference value :  2.77227e-06
 Reference value :  2.77244e-06
 Reference value :  2.77260e-06
 Reference value :  2.77278e-06
 Reference value :  2.77295e-06
 Reference value :  2.77312e-06
 Reference value :  2.77330e-06
 Reference value :  2.77345e-06
 Reference value :  2.77362e-06
 Reference value :  2.77377e-06
 Reference value :  2.77393e-06
 Reference value :  2.77409e-06
 Reference value :  2.77425e-06
 Reference value :  2.77440e-06
 Reference value :  2.77456e-06
 Reference value :  2.77472e-06
 Reference value :  2.77489e-06
 Reference value :  2.77505e-06
 Reference value :  2.77521e-06
 Reference value :  2.77537e-06
 Reference value :  2.77553e-06
 Reference value :  2.77568e-06
 Reference value :  2.77584e-06
 Reference value :  2.77599e-06
 Reference value :  2.77615e-06
 Reference value :  2.77630e-06
 Reference value :  2.77645e-06
 Reference value :  2.77662e-06
 Reference value :  2.77678e-06
 Reference value :  2.77693e-06
 Reference value :  2.77707e-06
 Reference value :  2.77722e-06
 Reference value :  2.77737e-06
 Reference value :  2.77752e-06
 Reference value :  2.77768e-06
 Reference value :  2.77784e-06
 Reference value :  2.77800e-06
 Reference value :  2.77818e-06
 Reference value :  2.77835e-06
 Reference value :  2.77852e-06
 Reference value :  2.77867e-06
 Reference value :  2.77882e-06
 Reference value :  2.77898e-06
 Reference value :  2.77914e-06
 Reference value :  2.77931e-06
 Reference value :  2.77949e-06
 Reference value :  2.77968e-06
 Reference value :  2.77985e-06
 Reference value :  2.78000e-06
 Reference value :  2.78015e-06
 Reference value :  2.78032e-06
 Reference value :  2.78047e-06
 Reference value :  2.78062e-06
 Reference value :  2.78078e-06
 Reference value :  2.78094e-06
 Reference value :  2.78109e-06
 Reference value :  2.78125e-06
 Reference value :  2.78141e-06
 Reference value :  2.78157e-06
 Reference value :  2.78173e-06
 Reference value :  2.78188e-06
 Reference value :  2.78203e-06
 Reference value :  2.78219e-06
 Reference value :  2.78234e-06
 Reference value :  2.78249e-06
 Reference value :  2.78264e-06
 Reference value :  2.78280e-06
 Reference value :  2.78294e-06
 Reference value :  2.78308e-06
 Reference value :  2.78323e-06
 Reference value :  2.78339e-06
 Reference value :  2.78355e-06
 Reference value :  2.78371e-06
 Reference value :  2.78387e-06
 Reference value :  2.78402e-06
 Reference value :  2.78419e-06
 Reference value :  2.78435e-06
 Reference value :  2.78451e-06
 Reference value :  2.78468e-06
 Reference value :  2.78485e-06
 Reference value :  2.78502e-06
 Reference value :  2.78518e-06
 Reference value :  2.78535e-06
 Reference value :  2.78552e-06
 Reference value :  2.78570e-06
 Reference value :  2.78587e-06
 Reference value :  2.78604e-06
 Reference value :  2.78621e-06
 Reference value :  2.78638e-06
 Reference value :  2.78656e-06
 Reference value :  2.78673e-06
 Reference value :  2.78690e-06
 Reference value :  2.78706e-06
 Reference value :  2.78722e-06
 Reference value :  2.78738e-06
 Reference value :  2.78755e-06
 Reference value :  2.78774e-06
 Reference value :  2.78790e-06
 Reference value :  2.78807e-06
 Reference value :  2.78823e-06
 Reference value :  2.78839e-06
 Reference value :  2.78855e-06
 Reference value :  2.78871e-06
 Reference value :  2.78887e-06
 Reference value :  2.78903e-06
 Reference value :  2.78923e-06
 Reference value :  2.78943e-06
 Reference value :  2.78959e-06
 Reference value :  2.78976e-06
 Reference value :  2.78991e-06
 Reference value :  2.79006e-06
 Reference value :  2.79024e-06
 Reference value :  2.79040e-06
 Reference value :  2.79055e-06
 Reference value :  2.79070e-06
 Reference value :  2.79087e-06
 Reference value :  2.79108e-06
 Reference value :  2.79130e-06
 Reference value :  2.79149e-06
 Reference value :  2.79166e-06
 Reference value :  2.79183e-06
 Reference value :  2.79198e-06
 Reference value :  2.79214e-06
 Reference value :  2.79228e-06
 Reference value :  2.79243e-06
 Reference value :  2.79258e-06
 Reference value :  2.79272e-06
 Reference value :  2.79286e-06
 Reference value :  2.79301e-06
 Reference value :  2.79314e-06
 Reference value :  2.79330e-06
 Reference value :  2.79344e-06
 Reference value :  2.79358e-06
 Reference value :  2.79372e-06
 Reference value :  2.79386e-06
 Reference value :  2.79400e-06
 Reference value :  2.79413e-06
 Reference value :  2.79428e-06
 Reference value :  2.79442e-06
 Reference value :  2.79456e-06
 Reference value :  2.79470e-06
 Reference value :  2.79484e-06
 Reference value :  2.79498e-06
 Reference value :  2.79512e-06
 Reference value :  2.79526e-06
 Reference value :  2.79540e-06
 Reference value :  2.79554e-06
 Reference value :  2.79567e-06
 Reference value :  2.79581e-06
 Reference value :  2.79594e-06
 Reference value :  2.79608e-06
 Reference value :  2.79623e-06
 Reference value :  2.79637e-06
 Reference value :  2.79650e-06
 Reference value :  2.79665e-06
 Reference value :  2.79679e-06
 Reference value :  2.79692e-06
 Reference value :  2.79706e-06
 Reference value :  2.79721e-06
 Reference value :  2.79735e-06
 Reference value :  2.79748e-06
 Reference value :  2.79762e-06
 Reference value :  2.79777e-06
 Reference value :  2.79791e-06
 Reference value :  2.79805e-06
 Reference value :  2.79819e-06
 Reference value :  2.79833e-06
 Reference value :  2.79847e-06
 Reference value :  2.79861e-06
 Reference value :  2.79875e-06
 Reference value :  2.79889e-06
 Reference value :  2.79903e-06
 Reference value :  2.79917e-06
 Reference value :  2.79931e-06
 Reference value :  2.79944e-06
 Reference value :  2.79958e-06
 Reference value :  2.79972e-06
 Reference value :  2.79987e-06
 Reference value :  2.80000e-06
 Reference value :  2.80014e-06
 Reference value :  2.80027e-06
 Reference value :  2.80041e-06
 Reference value :  2.80055e-06
 Reference value :  2.80068e-06
 Reference value :  2.80083e-06
 Reference value :  2.80098e-06
 Reference value :  2.80111e-06
 Reference value :  2.80125e-06
 Reference value :  2.80140e-06
 Reference value :  2.80154e-06
 Reference value :  2.80168e-06
 Reference value :  2.80182e-06
 Reference value :  2.80196e-06
 Reference value :  2.80210e-06
 Reference value :  2.80225e-06
 Reference value :  2.80239e-06
 Reference value :  2.80253e-06
 Reference value :  2.80266e-06
 Reference value :  2.80281e-06
 Reference value :  2.80294e-06
 Reference value :  2.80308e-06
 Reference value :  2.80322e-06
 Reference value :  2.80336e-06
 Reference value :  2.80351e-06
 Reference value :  2.80369e-06
 Reference value :  2.80383e-06
 Reference value :  2.80397e-06
 Reference value :  2.80412e-06
 Reference value :  2.80425e-06
 Reference value :  2.80439e-06
 Reference value :  2.80453e-06
 Reference value :  2.80467e-06
 Reference value :  2.80481e-06
 Reference value :  2.80495e-06
 Reference value :  2.80509e-06
 Reference value :  2.80522e-06
 Reference value :  2.80536e-06
 Reference value :  2.80550e-06
 Reference value :  2.80565e-06
 Reference value :  2.80579e-06
 Reference value :  2.80596e-06
 Reference value :  2.80614e-06
 Reference value :  2.80632e-06
 Reference value :  2.80647e-06
 Reference value :  2.80661e-06
 Reference value :  2.80676e-06
 Reference value :  2.80694e-06
 Reference value :  2.80717e-06
 Reference value :  2.80735e-06
 Reference value :  2.80749e-06
 Reference value :  2.80765e-06
 Reference value :  2.80781e-06
 Reference value :  2.80797e-06
 Reference value :  2.80814e-06
 Reference value :  2.80829e-06
 Reference value :  2.80843e-06
 Reference value :  2.80856e-06
 Reference value :  2.80870e-06
 Reference value :  2.80885e-06
 Reference value :  2.80898e-06
 Reference value :  2.80912e-06
 Reference value :  2.80926e-06
 Reference value :  2.80940e-06
 Reference value :  2.80954e-06
 Reference value :  2.80968e-06
 Reference value :  2.80981e-06
 Reference value :  2.80994e-06
 Reference value :  2.81008e-06
 Reference value :  2.81022e-06
 Reference value :  2.81036e-06
 Reference value :  2.81050e-06
 Reference value :  2.81064e-06
 Reference value :  2.81080e-06
 Reference value :  2.81097e-06
 Reference value :  2.81115e-06
 Reference value :  2.81132e-06
 Reference value :  2.81150e-06
 Reference value :  2.81164e-06
 Reference value :  2.81182e-06
 Reference value :  2.81199e-06
 Reference value :  2.81215e-06
 Reference value :  2.81230e-06
 Reference value :  2.81249e-06
 Reference value :  2.81268e-06
 Reference value :  2.81286e-06
 Reference value :  2.81302e-06
 Reference value :  2.81316e-06
 Reference value :  2.81331e-06
 Reference value :  2.81344e-06
 Reference value :  2.81358e-06
 Reference value :  2.81371e-06
 Reference value :  2.81385e-06
 Reference value :  2.81399e-06
 Reference value :  2.81413e-06
 Reference value :  2.81427e-06
 Reference value :  2.81442e-06
 Reference value :  2.81456e-06
 Reference value :  2.81471e-06
 Reference value :  2.81485e-06
 Reference value :  2.81500e-06
 Reference value :  2.81515e-06
 Reference value :  2.81531e-06
 Reference value :  2.81545e-06
 Reference value :  2.81560e-06
 Reference value :  2.81574e-06
 Reference value :  2.81588e-06
 Reference value :  2.81602e-06
 Reference value :  2.81615e-06
 Reference value :  2.81629e-06
 Reference value :  2.81643e-06
 Reference value :  2.81657e-06
 Reference value :  2.81670e-06
 Reference value :  2.81684e-06
 Reference value :  2.81697e-06
 Reference value :  2.81714e-06
 Reference value :  2.81728e-06
 Reference value :  2.81743e-06
 Reference value :  2.81758e-06
 Reference value :  2.81774e-06
 Reference value :  2.81789e-06
 Reference value :  2.81804e-06
 Reference value :  2.81820e-06
 Reference value :  2.81834e-06
 Reference value :  2.81847e-06
 Reference value :  2.81862e-06
 Reference value :  2.81876e-06
 Reference value :  2.81891e-06
 Reference value :  2.81907e-06
 Reference value :  2.81922e-06
 Reference value :  2.81937e-06
 Reference value :  2.81952e-06
 Reference value :  2.81968e-06
 Reference value :  2.81982e-06
 Reference value :  2.81998e-06
 Reference value :  2.82012e-06
 Reference value :  2.82027e-06
 Reference value :  2.82041e-06
 Reference value :  2.82056e-06
 Reference value :  2.82069e-06
 Reference value :  2.82083e-06
 Reference value :  2.82097e-06
 Reference value :  2.82111e-06
 Reference value :  2.82125e-06
 Reference value :  2.82139e-06
 Reference value :  2.82154e-06
 Reference value :  2.82168e-06
 Reference value :  2.82183e-06
 Reference value :  2.82198e-06
 Reference value :  2.82212e-06
 Reference value :  2.82227e-06
 Reference value :  2.82241e-06
 Reference value :  2.82255e-06
 Reference value :  2.82269e-06
 Reference value :  2.82283e-06
 Reference value :  2.82297e-06
 Reference value :  2.82311e-06
 Reference value :  2.82325e-06
 Reference value :  2.82340e-06
 Reference value :  2.82354e-06
 Reference value :  2.82368e-06
 Reference value :  2.82382e-06
 Reference value :  2.82397e-06
 Reference value :  2.82413e-06
 Reference value :  2.82428e-06
 Reference value :  2.82443e-06
 Reference value :  2.82457e-06
 Reference value :  2.82472e-06
 Reference value :  2.82486e-06
 Reference value :  2.82501e-06
 Reference value :  2.82515e-06
 Reference value :  2.82531e-06
 Reference value :  2.82548e-06
 Reference value :  2.82563e-06
 Reference value :  2.82577e-06
 Reference value :  2.82592e-06
 Reference value :  2.82606e-06
 Reference value :  2.82622e-06
 Reference value :  2.82638e-06
 Reference value :  2.82652e-06
 Reference value :  2.82667e-06
 Reference value :  2.82681e-06
 Reference value :  2.82696e-06
 Reference value :  2.82711e-06
 Reference value :  2.82726e-06
 Reference value :  2.82740e-06
 Reference value :  2.82755e-06
 Reference value :  2.82769e-06
 Reference value :  2.82783e-06
 Reference value :  2.82797e-06
 Reference value :  2.82812e-06
 Reference value :  2.82827e-06
 Reference value :  2.82841e-06
 Reference value :  2.82856e-06
 Reference value :  2.82870e-06
 Reference value :  2.82885e-06
 Reference value :  2.82900e-06
 Reference value :  2.82914e-06
 Reference value :  2.82929e-06
 Reference value :  2.82945e-06
 Reference value :  2.82959e-06
 Reference value :  2.82973e-06
 Reference value :  2.82987e-06
 Reference value :  2.83002e-06
 Reference value :  2.83016e-06
 Reference value :  2.83030e-06
 Reference value :  2.83045e-06
 Reference value :  2.83060e-06
 Reference value :  2.83075e-06
 Reference value :  2.83090e-06
 Reference value :  2.83104e-06
 Reference value :  2.83120e-06
 Reference value :  2.83136e-06
 Reference value :  2.83153e-06
 Reference value :  2.83167e-06
 Reference value :  2.83182e-06
 Reference value :  2.83199e-06
 Reference value :  2.83214e-06
 Reference value :  2.83230e-06
 Reference value :  2.83247e-06
 Reference value :  2.83264e-06
 Reference value :  2.83281e-06
 Reference value :  2.83298e-06
 Reference value :  2.83316e-06
 Reference value :  2.83332e-06
 Reference value :  2.83348e-06
 Reference value :  2.83364e-06
 Reference value :  2.83378e-06
 Reference value :  2.83393e-06
 Reference value :  2.83407e-06
 Reference value :  2.83421e-06
 Reference value :  2.83435e-06
 Reference value :  2.83448e-06
 Reference value :  2.83465e-06
 Reference value :  2.83481e-06
 Reference value :  2.83496e-06
 Reference value :  2.83513e-06
 Reference value :  2.83530e-06
 Reference value :  2.83546e-06
 Reference value :  2.83562e-06
 Reference value :  2.83577e-06
 Reference value :  2.83593e-06
 Reference value :  2.83610e-06
 Reference value :  2.83625e-06
 Reference value :  2.83642e-06
 Reference value :  2.83664e-06
 Reference value :  2.83685e-06
 Reference value :  2.83703e-06
 Reference value :  2.83719e-06
 Reference value :  2.83735e-06
 Reference value :  2.83753e-06
 Reference value :  2.83770e-06
 Reference value :  2.83785e-06
 Reference value :  2.83802e-06
 Reference value :  2.83817e-06
 Reference value :  2.83831e-06
 Reference value :  2.83846e-06
 Reference value :  2.83862e-06
 Reference value :  2.83877e-06
 Reference value :  2.83892e-06
 Reference value :  2.83906e-06
 Reference value :  2.83920e-06
 Reference value :  2.83935e-06
 Reference value :  2.83950e-06
 Reference value :  2.83964e-06
 Reference value :  2.83978e-06
 Reference value :  2.83992e-06
 Reference value :  2.84007e-06
 Reference value :  2.84021e-06
 Reference value :  2.84038e-06
 Reference value :  2.84054e-06
 Reference value :  2.84070e-06
 Reference value :  2.84084e-06
 Reference value :  2.84098e-06
 Reference value :  2.84111e-06
 Reference value :  2.84126e-06
 Reference value :  2.84144e-06
 Reference value :  2.84159e-06
 Reference value :  2.84173e-06
 Reference value :  2.84188e-06
 Reference value :  2.84203e-06
 Reference value :  2.84218e-06
 Reference value :  2.84232e-06
 Reference value :  2.84247e-06
 Reference value :  2.84262e-06
 Reference value :  2.84277e-06
 Reference value :  2.84292e-06
 Reference value :  2.84307e-06
 Reference value :  2.84321e-06
 Reference value :  2.84337e-06
 Reference value :  2.84353e-06
 Reference value :  2.84371e-06
 Reference value :  2.84389e-06
 Reference value :  2.84409e-06
 Reference value :  2.84432e-06
 Reference value :  2.84453e-06
 Reference value :  2.84471e-06
 Reference value :  2.84488e-06
 Reference value :  2.84504e-06
 Reference value :  2.84522e-06
 Reference value :  2.84538e-06
 Reference value :  2.84555e-06
 Reference value :  2.84573e-06
 Reference value :  2.84590e-06
 Reference value :  2.84612e-06
 Reference value :  2.84632e-06
 Reference value :  2.84646e-06
 Reference value :  2.84660e-06
 Reference value :  2.84677e-06
 Reference value :  2.84695e-06
 Reference value :  2.84709e-06
 Reference value :  2.84724e-06
 Reference value :  2.84740e-06
 Reference value :  2.84755e-06
 Reference value :  2.84769e-06
 Reference value :  2.84784e-06
 Reference value :  2.84799e-06
 Reference value :  2.84815e-06
 Reference value :  2.84830e-06
 Reference value :  2.84846e-06
 Reference value :  2.84862e-06
 Reference value :  2.84877e-06
 Reference value :  2.84892e-06
 Reference value :  2.84907e-06
 Reference value :  2.84923e-06
 Reference value :  2.84939e-06
 Reference value :  2.84954e-06
 Reference value :  2.84970e-06
 Reference value :  2.84985e-06
 Reference value :  2.85001e-06
 Reference value :  2.85015e-06
 Reference value :  2.85030e-06
 Reference value :  2.85046e-06
 Reference value :  2.85060e-06
 Reference value :  2.85074e-06
 Reference value :  2.85089e-06
 Reference value :  2.85104e-06
 Reference value :  2.85120e-06
 Reference value :  2.85134e-06
 Reference value :  2.85150e-06
 Reference value :  2.85165e-06
 Reference value :  2.85182e-06
 Reference value :  2.85199e-06
 Reference value :  2.85215e-06
 Reference value :  2.85231e-06
 Reference value :  2.85249e-06
 Reference value :  2.85265e-06
 Reference value :  2.85281e-06
 Reference value :  2.85299e-06
 Reference value :  2.85316e-06
 Reference value :  2.85334e-06
 Reference value :  2.85351e-06
 Reference value :  2.85367e-06
 Reference value :  2.85382e-06
 Reference value :  2.85398e-06
 Reference value :  2.85415e-06
 Reference value :  2.85432e-06
 Reference value :  2.85449e-06
 Reference value :  2.85464e-06
 Reference value :  2.85480e-06
 Reference value :  2.85495e-06
 Reference value :  2.85509e-06
 Reference value :  2.85523e-06
 Reference value :  2.85536e-06
 Reference value :  2.85553e-06
 Reference value :  2.85569e-06
 Reference value :  2.85585e-06
 Reference value :  2.85601e-06
 Reference value :  2.85616e-06
 Reference value :  2.85632e-06
 Reference value :  2.85647e-06
 Reference value :  2.85661e-06
 Reference value :  2.85676e-06
 Reference value :  2.85691e-06
 Reference value :  2.85705e-06
 Reference value :  2.85721e-06
 Reference value :  2.85736e-06
 Reference value :  2.85751e-06
 Reference value :  2.85764e-06
 Reference value :  2.85780e-06
 Reference value :  2.85796e-06
 Reference value :  2.85812e-06
 Reference value :  2.85827e-06
 Reference value :  2.85843e-06
 Reference value :  2.85857e-06
 Reference value :  2.85872e-06
 Reference value :  2.85887e-06
 Reference value :  2.85903e-06
 Reference value :  2.85918e-06
 Reference value :  2.85933e-06
 Reference value :  2.85949e-06
 Reference value :  2.85964e-06
 Reference value :  2.85980e-06
 Reference value :  2.85996e-06
 Reference value :  2.86012e-06
 Reference value :  2.86029e-06
 Reference value :  2.86045e-06
 Reference value :  2.86061e-06
 Reference value :  2.86077e-06
 Reference value :  2.86093e-06
 Reference value :  2.86109e-06
 Reference value :  2.86125e-06
 Reference value :  2.86141e-06
 Reference value :  2.86157e-06
 Reference value :  2.86173e-06
 Reference value :  2.86188e-06
 Reference value :  2.86204e-06
 Reference value :  2.86220e-06
 Reference value :  2.86235e-06
 Reference value :  2.86251e-06
 Reference value :  2.86267e-06
 Reference value :  2.86281e-06
 Reference value :  2.86297e-06
 Reference value :  2.86314e-06
 Reference value :  2.86331e-06
 Reference value :  2.86356e-06
 Reference value :  2.86379e-06
 Reference value :  2.86395e-06
 Reference value :  2.86410e-06
 Reference value :  2.86426e-06
 Reference value :  2.86441e-06
 Reference value :  2.86457e-06
 Reference value :  2.86478e-06
 Reference value :  2.86497e-06
 Reference value :  2.86514e-06
 Reference value :  2.86527e-06
 Reference value :  2.86548e-06
 Reference value :  2.86563e-06
 Reference value :  2.86578e-06
 Reference value :  2.86592e-06
 Reference value :  2.86606e-06
 Reference value :  2.86620e-06
 Reference value :  2.86634e-06
 Reference value :  2.86649e-06
 Reference value :  2.86663e-06
 Reference value :  2.86678e-06
 Reference value :  2.86694e-06
 Reference value :  2.86709e-06
 Reference value :  2.86725e-06
 Reference value :  2.86740e-06
 Reference value :  2.86756e-06
 Reference value :  2.86771e-06
 Reference value :  2.86786e-06
 Reference value :  2.86801e-06
 Reference value :  2.86816e-06
 Reference value :  2.86832e-06
 Reference value :  2.86850e-06
 Reference value :  2.86867e-06
 Reference value :  2.86881e-06
 Reference value :  2.86896e-06
 Reference value :  2.86911e-06
 Reference value :  2.86927e-06
 Reference value :  2.86942e-06
 Reference value :  2.86956e-06
 Reference value :  2.86971e-06
 Reference value :  2.86985e-06
 Reference value :  2.87000e-06
 Reference value :  2.87015e-06
 Reference value :  2.87029e-06
 Reference value :  2.87042e-06
 Reference value :  2.87057e-06
 Reference value :  2.87072e-06
 Reference value :  2.87086e-06
 Reference value :  2.87101e-06
 Reference value :  2.87116e-06
 Reference value :  2.87131e-06
 Reference value :  2.87146e-06
 Reference value :  2.87160e-06
 Reference value :  2.87176e-06
 Reference value :  2.87190e-06
 Reference value :  2.87206e-06
 Reference value :  2.87221e-06
 Reference value :  2.87237e-06
 Reference value :  2.87253e-06
 Reference value :  2.87269e-06
 Reference value :  2.87285e-06
 Reference value :  2.87300e-06
 Reference value :  2.87315e-06
 Reference value :  2.87329e-06
 Reference value :  2.87343e-06
 Reference value :  2.87359e-06
 Reference value :  2.87374e-06
 Reference value :  2.87390e-06
 Reference value :  2.87407e-06
 Reference value :  2.87423e-06
 Reference value :  2.87438e-06
 Reference value :  2.87452e-06
 Reference value :  2.87467e-06
 Reference value :  2.87482e-06
 Reference value :  2.87497e-06
 Reference value :  2.87515e-06
 Reference value :  2.87535e-06
 Reference value :  2.87550e-06
 Reference value :  2.87566e-06
 Reference value :  2.87582e-06
 Reference value :  2.87596e-06
 Reference value :  2.87620e-06
 Reference value :  2.87641e-06
 Reference value :  2.87657e-06
 Reference value :  2.87672e-06
 Reference value :  2.87688e-06
 Reference value :  2.87701e-06
 Reference value :  2.87717e-06
 Reference value :  2.87731e-06
 Reference value :  2.87747e-06
 Reference value :  2.87763e-06
 Reference value :  2.87781e-06
 Reference value :  2.87800e-06
 Reference value :  2.87817e-06
 Reference value :  2.87831e-06
 Reference value :  2.87847e-06
 Reference value :  2.87862e-06
 Reference value :  2.87877e-06
 Reference value :  2.87892e-06
 Reference value :  2.87908e-06
 Reference value :  2.87923e-06
 Reference value :  2.87940e-06
 Reference value :  2.87955e-06
 Reference value :  2.87969e-06
 Reference value :  2.87984e-06
 Reference value :  2.87999e-06
 Reference value :  2.88015e-06
 Reference value :  2.88029e-06
 Reference value :  2.88044e-06
 Reference value :  2.88059e-06
 Reference value :  2.88073e-06
 Reference value :  2.88088e-06
 Reference value :  2.88103e-06
 Reference value :  2.88118e-06
 Reference value :  2.88134e-06
 Reference value :  2.88151e-06
 Reference value :  2.88169e-06
 Reference value :  2.88182e-06
 Reference value :  2.88196e-06
 Reference value :  2.88212e-06
 Reference value :  2.88238e-06
 Reference value :  2.88254e-06
 Reference value :  2.88270e-06
 Reference value :  2.88284e-06
 Reference value :  2.88298e-06
 Reference value :  2.88313e-06
 Reference value :  2.88329e-06
 Reference value :  2.88355e-06
 Reference value :  2.88370e-06
 Reference value :  2.88386e-06
 Reference value :  2.88400e-06
 Reference value :  2.88414e-06
 Reference value :  2.88428e-06
 Reference value :  2.88442e-06
 Reference value :  2.88459e-06
 Reference value :  2.88476e-06
 Reference value :  2.88494e-06
 Reference value :  2.88518e-06
 Reference value :  2.88533e-06
 Reference value :  2.88547e-06
 Reference value :  2.88562e-06
 Reference value :  2.88578e-06
 Reference value :  2.88593e-06
 Reference value :  2.88607e-06
 Reference value :  2.88623e-06
 Reference value :  2.88639e-06
 Reference value :  2.88654e-06
 Reference value :  2.88671e-06
 Reference value :  2.88686e-06
 Reference value :  2.88700e-06
 Reference value :  2.88715e-06
 Reference value :  2.88730e-06
 Reference value :  2.88746e-06
 Reference value :  2.88760e-06
 Reference value :  2.88776e-06
 Reference value :  2.88792e-06
 Reference value :  2.88807e-06
 Reference value :  2.88821e-06
 Reference value :  2.88837e-06
 Reference value :  2.88851e-06
 Reference value :  2.88866e-06
 Reference value :  2.88881e-06
 Reference value :  2.88896e-06
 Reference value :  2.88910e-06
 Reference value :  2.88926e-06
 Reference value :  2.88939e-06
 Reference value :  2.88955e-06
 Reference value :  2.88970e-06
 Reference value :  2.88986e-06
 Reference value :  2.89001e-06
 Reference value :  2.89018e-06
 Reference value :  2.89034e-06
 Reference value :  2.89049e-06
 Reference value :  2.89065e-06
 Reference value :  2.89082e-06
 Reference value :  2.89097e-06
 Reference value :  2.89113e-06
 Reference value :  2.89130e-06
 Reference value :  2.89145e-06
 Reference value :  2.89161e-06
 Reference value :  2.89177e-06
 Reference value :  2.89193e-06
 Reference value :  2.89207e-06
 Reference value :  2.89224e-06
 Reference value :  2.89241e-06
 Reference value :  2.89256e-06
 Reference value :  2.89273e-06
 Reference value :  2.89291e-06
 Reference value :  2.89308e-06
 Reference value :  2.89324e-06
 Reference value :  2.89340e-06
 Reference value :  2.89356e-06
 Reference value :  2.89372e-06
 Reference value :  2.89390e-06
 Reference value :  2.89407e-06
 Reference value :  2.89424e-06
 Reference value :  2.89440e-06
 Reference value :  2.89456e-06
 Reference value :  2.89473e-06
 Reference value :  2.89488e-06
 Reference value :  2.89505e-06
 Reference value :  2.89522e-06
 Reference value :  2.89538e-06
 Reference value :  2.89554e-06
 Reference value :  2.89570e-06
 Reference value :  2.89585e-06
 Reference value :  2.89600e-06
 Reference value :  2.89614e-06
 Reference value :  2.89628e-06
 Reference value :  2.89643e-06
 Reference value :  2.89659e-06
 Reference value :  2.89675e-06
 Reference value :  2.89690e-06
 Reference value :  2.89704e-06
 Reference value :  2.89719e-06
 Reference value :  2.89732e-06
 Reference value :  2.89749e-06
 Reference value :  2.89766e-06
 Reference value :  2.89783e-06
 Reference value :  2.89802e-06
 Reference value :  2.89817e-06
 Reference value :  2.89834e-06
 Reference value :  2.89849e-06
 Reference value :  2.89866e-06
 Reference value :  2.89882e-06
 Reference value :  2.89898e-06
 Reference value :  2.89915e-06
 Reference value :  2.89931e-06
 Reference value :  2.89948e-06
 Reference value :  2.89965e-06
 Reference value :  2.89981e-06
 Reference value :  2.89996e-06
 Reference value :  2.90013e-06
 Reference value :  2.90027e-06
 Reference value :  2.90043e-06
 Reference value :  2.90059e-06
 Reference value :  2.90076e-06
 Reference value :  2.90093e-06
 Reference value :  2.90110e-06
 Reference value :  2.90128e-06
 Reference value :  2.90143e-06
 Reference value :  2.90158e-06
 Reference value :  2.90174e-06
 Reference value :  2.90190e-06
 Reference value :  2.90206e-06
 Reference value :  2.90223e-06
 Reference value :  2.90241e-06
 Reference value :  2.90259e-06
 Reference value :  2.90276e-06
 Reference value :  2.90293e-06
 Reference value :  2.90311e-06
 Reference value :  2.90327e-06
 Reference value :  2.90344e-06
 Reference value :  2.90360e-06
 Reference value :  2.90376e-06
 Reference value :  2.90392e-06
 Reference value :  2.90412e-06
 Reference value :  2.90430e-06
 Reference value :  2.90448e-06
 Reference value :  2.90466e-06
 Reference value :  2.90484e-06
 Reference value :  2.90501e-06
 Reference value :  2.90517e-06
 Reference value :  2.90533e-06
 Reference value :  2.90557e-06
 Reference value :  2.90579e-06
 Reference value :  2.90594e-06
 Reference value :  2.90608e-06
 Reference value :  2.90624e-06
 Reference value :  2.90640e-06
 Reference value :  2.90656e-06
 Reference value :  2.90673e-06
 Reference value :  2.90690e-06
 Reference value :  2.90708e-06
 Reference value :  2.90725e-06
 Reference value :  2.90747e-06
 Reference value :  2.90772e-06
 Reference value :  2.90788e-06
 Reference value :  2.90808e-06
 Reference value :  2.90824e-06
 Reference value :  2.90838e-06
 Reference value :  2.90854e-06
 Reference value :  2.90867e-06
 Reference value :  2.90882e-06
 Reference value :  2.90896e-06
 Reference value :  2.90910e-06
 Reference value :  2.90924e-06
 Reference value :  2.90940e-06
 Reference value :  2.90954e-06
 Reference value :  2.90969e-06
 Reference value :  2.90985e-06
 Reference value :  2.91003e-06
 Reference value :  2.91021e-06
 Reference value :  2.91036e-06
 Reference value :  2.91051e-06
 Reference value :  2.91070e-06
 Reference value :  2.91086e-06
 Reference value :  2.91103e-06
 Reference value :  2.91117e-06
 Reference value :  2.91131e-06
 Reference value :  2.91146e-06
 Reference value :  2.91161e-06
 Reference value :  2.91178e-06
 Reference value :  2.91196e-06
 Reference value :  2.91213e-06
 Reference value :  2.91230e-06
 Reference value :  2.91248e-06
 Reference value :  2.91263e-06
 Reference value :  2.91280e-06
 Reference value :  2.91298e-06
 Reference value :  2.91315e-06
 Reference value :  2.91331e-06
 Reference value :  2.91348e-06
 Reference value :  2.91366e-06
 Reference value :  2.91383e-06
 Reference value :  2.91400e-06
 Reference value :  2.91416e-06
 Reference value :  2.91430e-06
 Reference value :  2.91447e-06
 Reference value :  2.91461e-06
 Reference value :  2.91476e-06
 Reference value :  2.91490e-06
 Reference value :  2.91506e-06
 Reference value :  2.91524e-06
 Reference value :  2.91542e-06
 Reference value :  2.91560e-06
 Reference value :  2.91577e-06
 Reference value :  2.91593e-06
 Reference value :  2.91610e-06
 Reference value :  2.91628e-06
 Reference value :  2.91645e-06
 Reference value :  2.91664e-06
 Reference value :  2.91682e-06
 Reference value :  2.91701e-06
 Reference value :  2.91715e-06
 Reference value :  2.91730e-06
 Reference value :  2.91746e-06
 Reference value :  2.91762e-06
 Reference value :  2.91777e-06
 Reference value :  2.91792e-06
 Reference value :  2.91807e-06
 Reference value :  2.91823e-06
 Reference value :  2.91839e-06
 Reference value :  2.91855e-06
 Reference value :  2.91869e-06
 Reference value :  2.91884e-06
 Reference value :  2.91899e-06
 Reference value :  2.91913e-06
 Reference value :  2.91928e-06
 Reference value :  2.91943e-06
 Reference value :  2.91958e-06
 Reference value :  2.91973e-06
 Reference value :  2.91988e-06
 Reference value :  2.92003e-06
 Reference value :  2.92018e-06
 Reference value :  2.92034e-06
 Reference value :  2.92050e-06
 Reference value :  2.92067e-06
 Reference value :  2.92084e-06
 Reference value :  2.92100e-06
 Reference value :  2.92115e-06
 Reference value :  2.92131e-06
 Reference value :  2.92147e-06
 Reference value :  2.92162e-06
 Reference value :  2.92176e-06
 Reference value :  2.92194e-06
 Reference value :  2.92209e-06
 Reference value :  2.92224e-06
 Reference value :  2.92238e-06
 Reference value :  2.92251e-06
 Reference value :  2.92265e-06
 Reference value :  2.92279e-06
 Reference value :  2.92293e-06
 Reference value :  2.92308e-06
 Reference value :  2.92324e-06
 Reference value :  2.92338e-06
 Reference value :  2.92352e-06
 Reference value :  2.92367e-06
 Reference value :  2.92382e-06
 Reference value :  2.92396e-06
 Reference value :  2.92409e-06
 Reference value :  2.92423e-06
 Reference value :  2.92438e-06
 Reference value :  2.92453e-06
 Reference value :  2.92468e-06
 Reference value :  2.92482e-06
 Reference value :  2.92496e-06
 Reference value :  2.92511e-06
 Reference value :  2.92525e-06
 Reference value :  2.92539e-06
 Reference value :  2.92553e-06
 Reference value :  2.92567e-06
 Reference value :  2.92581e-06
 Reference value :  2.92595e-06
 Reference value :  2.92612e-06
 Reference value :  2.92631e-06
 Reference value :  2.92647e-06
 Reference value :  2.92666e-06
 Reference value :  2.92684e-06
 Reference value :  2.92703e-06
 Reference value :  2.92721e-06
 Reference value :  2.92739e-06
 Reference value :  2.92758e-06
 Reference value :  2.92775e-06
 Reference value :  2.92793e-06
 Reference value :  2.92811e-06
 Reference value :  2.92829e-06
 Reference value :  2.92848e-06
 Reference value :  2.92864e-06
 Reference value :  2.92883e-06
 Reference value :  2.92900e-06
 Reference value :  2.92916e-06
 Reference value :  2.92934e-06
 Reference value :  2.92951e-06
 Reference value :  2.92968e-06
 Reference value :  2.92984e-06
 Reference value :  2.93002e-06
 Reference value :  2.93019e-06
 Reference value :  2.93036e-06
 Reference value :  2.93053e-06
 Reference value :  2.93069e-06
 Reference value :  2.93087e-06
 Reference value :  2.93105e-06
 Reference value :  2.93122e-06
 Reference value :  2.93138e-06
 Reference value :  2.93156e-06
 Reference value :  2.93172e-06
 Reference value :  2.93188e-06
 Reference value :  2.93204e-06
 Reference value :  2.93221e-06
 Reference value :  2.93237e-06
 Reference value :  2.93253e-06
 Reference value :  2.93268e-06
 Reference value :  2.93284e-06
 Reference value :  2.93300e-06
 Reference value :  2.93318e-06
 Reference value :  2.93334e-06
 Reference value :  2.93350e-06
 Reference value :  2.93365e-06
 Reference value :  2.93382e-06
 Reference value :  2.93397e-06
 Reference value :  2.93414e-06
 Reference value :  2.93429e-06
 Reference value :  2.93446e-06
 Reference value :  2.93461e-06
 Reference value :  2.93477e-06
 Reference value :  2.93493e-06
 Reference value :  2.93509e-06
 Reference value :  2.93526e-06
 Reference value :  2.93541e-06
 Reference value :  2.93559e-06
 Reference value :  2.93575e-06
 Reference value :  2.93592e-06
 Reference value :  2.93608e-06
 Reference value :  2.93624e-06
 Reference value :  2.93640e-06
 Reference value :  2.93657e-06
 Reference value :  2.93674e-06
 Reference value :  2.93689e-06
 Reference value :  2.93705e-06
 Reference value :  2.93722e-06
 Reference value :  2.93738e-06
 Reference value :  2.93754e-06
 Reference value :  2.93770e-06
 Reference value :  2.93786e-06
 Reference value :  2.93803e-06
 Reference value :  2.93827e-06
 Reference value :  2.93848e-06
 Reference value :  2.93865e-06
 Reference value :  2.93879e-06
 Reference value :  2.93892e-06
 Reference value :  2.93906e-06
 Reference value :  2.93920e-06
 Reference value :  2.93934e-06
 Reference value :  2.93951e-06
 Reference value :  2.93973e-06
 Reference value :  2.93988e-06
 Reference value :  2.94001e-06
 Reference value :  2.94016e-06
 Reference value :  2.94029e-06
 Reference value :  2.94043e-06
 Reference value :  2.94057e-06
 Reference value :  2.94071e-06
 Reference value :  2.94085e-06
 Reference value :  2.94099e-06
 Reference value :  2.94112e-06
 Reference value :  2.94126e-06
 Reference value :  2.94139e-06
 Reference value :  2.94152e-06
 Reference value :  2.94166e-06
 Reference value :  2.94180e-06
 Reference value :  2.94193e-06
 Reference value :  2.94208e-06
 Reference value :  2.94221e-06
 Reference value :  2.94235e-06
 Reference value :  2.94249e-06
 Reference value :  2.94264e-06
 Reference value :  2.94277e-06
 Reference value :  2.94291e-06
 Reference value :  2.94304e-06
 Reference value :  2.94317e-06
 Reference value :  2.94331e-06
 Reference value :  2.94345e-06
 Reference value :  2.94358e-06
 Reference value :  2.94371e-06
 Reference value :  2.94385e-06
 Reference value :  2.94398e-06
 Reference value :  2.94412e-06
 Reference value :  2.94426e-06
 Reference value :  2.94440e-06
 Reference value :  2.94454e-06
 Reference value :  2.94468e-06
 Reference value :  2.94482e-06
 Reference value :  2.94496e-06
 Reference value :  2.94510e-06
 Reference value :  2.94523e-06
 Reference value :  2.94536e-06
 Reference value :  2.94550e-06
 Reference value :  2.94563e-06
 Reference value :  2.94577e-06
 Reference value :  2.94591e-06
 Reference value :  2.94605e-06
 Reference value :  2.94620e-06
 Reference value :  2.94633e-06
 Reference value :  2.94649e-06
 Reference value :  2.94667e-06
 Reference value :  2.94680e-06
 Reference value :  2.94693e-06
 Reference value :  2.94707e-06
 Reference value :  2.94721e-06
 Reference value :  2.94734e-06
 Reference value :  2.94748e-06
 Reference value :  2.94761e-06
 Reference value :  2.94775e-06
 Reference value :  2.94789e-06
 Reference value :  2.94804e-06
 Reference value :  2.94817e-06
 Reference value :  2.94831e-06
 Reference value :  2.94844e-06
 Reference value :  2.94858e-06
 Reference value :  2.94872e-06
 Reference value :  2.94885e-06
 Reference value :  2.94899e-06
 Reference value :  2.94913e-06
 Reference value :  2.94926e-06
 Reference value :  2.94939e-06
 Reference value :  2.94954e-06
 Reference value :  2.94968e-06
 Reference value :  2.94983e-06
 Reference value :  2.94998e-06
 Reference value :  2.95012e-06
 Reference value :  2.95026e-06
 Reference value :  2.95039e-06
 Reference value :  2.95053e-06
 Reference value :  2.95066e-06
 Reference value :  2.95079e-06
 Reference value :  2.95093e-06
 Reference value :  2.95108e-06
 Reference value :  2.95122e-06
 Reference value :  2.95137e-06
 Reference value :  2.95153e-06
 Reference value :  2.95169e-06
 Reference value :  2.95184e-06
 Reference value :  2.95200e-06
 Reference value :  2.95216e-06
 Reference value :  2.95232e-06
 Reference value :  2.95245e-06
 Reference value :  2.95259e-06
 Reference value :  2.95273e-06
 Reference value :  2.95287e-06
 Reference value :  2.95301e-06
 Reference value :  2.95314e-06
 Reference value :  2.95328e-06
 Reference value :  2.95343e-06
 Reference value :  2.95358e-06
 Reference value :  2.95372e-06
 Reference value :  2.95385e-06
 Reference value :  2.95399e-06
 Reference value :  2.95412e-06
 Reference value :  2.95426e-06
 Reference value :  2.95440e-06
 Reference value :  2.95454e-06
 Reference value :  2.95468e-06
 Reference value :  2.95483e-06
 Reference value :  2.95497e-06
 Reference value :  2.95511e-06
 Reference value :  2.95525e-06
 Reference value :  2.95539e-06
 Reference value :  2.95553e-06
 Reference value :  2.95567e-06
 Reference value :  2.95580e-06
 Reference value :  2.95605e-06
 Reference value :  2.95620e-06
 Reference value :  2.95634e-06
 Reference value :  2.95648e-06
 Reference value :  2.95661e-06
 Reference value :  2.95675e-06
 Reference value :  2.95689e-06
 Reference value :  2.95702e-06
 Reference value :  2.95715e-06
 Reference value :  2.95729e-06
 Reference value :  2.95742e-06
 Reference value :  2.95756e-06
 Reference value :  2.95769e-06
 Reference value :  2.95783e-06
 Reference value :  2.95797e-06
 Reference value :  2.95810e-06
 Reference value :  2.95824e-06
 Reference value :  2.95839e-06
 Reference value :  2.95853e-06
 Reference value :  2.95867e-06
 Reference value :  2.95881e-06
 Reference value :  2.95895e-06
 Reference value :  2.95909e-06
 Reference value :  2.95923e-06
 Reference value :  2.95937e-06
 Reference value :  2.95953e-06
 Reference value :  2.95967e-06
 Reference value :  2.95982e-06
 Reference value :  2.95998e-06
 Reference value :  2.96014e-06
 Reference value :  2.96030e-06
 Reference value :  2.96046e-06
 Reference value :  2.96062e-06
 Reference value :  2.96080e-06
 Reference value :  2.96096e-06
 Reference value :  2.96115e-06
 Reference value :  2.96133e-06
 Reference value :  2.96156e-06
 Reference value :  2.96182e-06
 Reference value :  2.96205e-06
 Reference value :  2.96227e-06
 Reference value :  2.96249e-06
 Reference value :  2.96272e-06
 Reference value :  2.96295e-06
 Reference value :  2.96318e-06
 Reference value :  2.96340e-06
 Reference value :  2.96359e-06
 Reference value :  2.96374e-06
 Reference value :  2.96388e-06
 Reference value :  2.96402e-06
 Reference value :  2.96416e-06
 Reference value :  2.96430e-06
 Reference value :  2.96444e-06
 Reference value :  2.96460e-06
 Reference value :  2.96474e-06
 Reference value :  2.96489e-06
 Reference value :  2.96505e-06
 Reference value :  2.96520e-06
 Reference value :  2.96535e-06
 Reference value :  2.96549e-06
 Reference value :  2.96563e-06
 Reference value :  2.96578e-06
 Reference value :  2.96593e-06
 Reference value :  2.96608e-06
 Reference value :  2.96623e-06
 Reference value :  2.96636e-06
 Reference value :  2.96651e-06
 Reference value :  2.96665e-06
 Reference value :  2.96681e-06
 Reference value :  2.96695e-06
 Reference value :  2.96709e-06
 Reference value :  2.96723e-06
 Reference value :  2.96736e-06
 Reference value :  2.96750e-06
 Reference value :  2.96763e-06
 Reference value :  2.96777e-06
 Reference value :  2.96791e-06
 Reference value :  2.96805e-06
 Reference value :  2.96818e-06
 Reference value :  2.96832e-06
 Reference value :  2.96846e-06
 Reference value :  2.96860e-06
 Reference value :  2.96874e-06
 Reference value :  2.96888e-06
 Reference value :  2.96902e-06
 Reference value :  2.96917e-06
 Reference value :  2.96932e-06
 Reference value :  2.96946e-06
 Reference value :  2.96960e-06
 Reference value :  2.96973e-06
 Reference value :  2.96990e-06
 Reference value :  2.97007e-06
 Reference value :  2.97022e-06
 Reference value :  2.97038e-06
 Reference value :  2.97052e-06
 Reference value :  2.97068e-06
 Reference value :  2.97083e-06
 Reference value :  2.97099e-06
 Reference value :  2.97113e-06
 Reference value :  2.97129e-06
 Reference value :  2.97144e-06
 Reference value :  2.97161e-06
 Reference value :  2.97180e-06
 Reference value :  2.97197e-06
 Reference value :  2.97213e-06
 Reference value :  2.97229e-06
 Reference value :  2.97243e-06
 Reference value :  2.97257e-06
 Reference value :  2.97273e-06
 Reference value :  2.97289e-06
 Reference value :  2.97305e-06
 Reference value :  2.97322e-06
 Reference value :  2.97336e-06
 Reference value :  2.97350e-06
 Reference value :  2.97365e-06
 Reference value :  2.97380e-06
 Reference value :  2.97394e-06
 Reference value :  2.97408e-06
 Reference value :  2.97422e-06
 Reference value :  2.97436e-06
 Reference value :  2.97452e-06
 Reference value :  2.97466e-06
 Reference value :  2.97486e-06
 Reference value :  2.97501e-06
 Reference value :  2.97518e-06
 Reference value :  2.97532e-06
 Reference value :  2.97549e-06
 Reference value :  2.97564e-06
 Reference value :  2.97583e-06
 Reference value :  2.97601e-06
 Reference value :  2.97619e-06
 Reference value :  2.97633e-06
 Reference value :  2.97650e-06
 Reference value :  2.97666e-06
 Reference value :  2.97684e-06
 Reference value :  2.97699e-06
 Reference value :  2.97713e-06
 Reference value :  2.97727e-06
 Reference value :  2.97743e-06
 Reference value :  2.97758e-06
 Reference value :  2.97772e-06
 Reference value :  2.97786e-06
 Reference value :  2.97801e-06
 Reference value :  2.97815e-06
 Reference value :  2.97829e-06
 Reference value :  2.97844e-06
 Reference value :  2.97858e-06
 Reference value :  2.97872e-06
 Reference value :  2.97888e-06
 Reference value :  2.97903e-06
 Reference value :  2.97917e-06
 Reference value :  2.97932e-06
 Reference value :  2.97947e-06
 Reference value :  2.97961e-06
 Reference value :  2.97977e-06
 Reference value :  2.97991e-06
 Reference value :  2.98005e-06
 Reference value :  2.98022e-06
 Reference value :  2.98039e-06
 Reference value :  2.98057e-06
 Reference value :  2.98074e-06
 Reference value :  2.98092e-06
 Reference value :  2.98107e-06
 Reference value :  2.98120e-06
 Reference value :  2.98134e-06
 Reference value :  2.98148e-06
 Reference value :  2.98161e-06
 Reference value :  2.98174e-06
 Reference value :  2.98188e-06
 Reference value :  2.98203e-06
 Reference value :  2.98216e-06
 Reference value :  2.98231e-06
 Reference value :  2.98246e-06
 Reference value :  2.98260e-06
 Reference value :  2.98274e-06
 Reference value :  2.98288e-06
 Reference value :  2.98302e-06
 Reference value :  2.98317e-06
 Reference value :  2.98332e-06
 Reference value :  2.98346e-06
 Reference value :  2.98359e-06
 Reference value :  2.98372e-06
 Reference value :  2.98386e-06
 Reference value :  2.98400e-06
 Reference value :  2.98414e-06
 Reference value :  2.98427e-06
 Reference value :  2.98441e-06
 Reference value :  2.98455e-06
 Reference value :  2.98469e-06
 Reference value :  2.98482e-06
 Reference value :  2.98495e-06
 Reference value :  2.98509e-06
 Reference value :  2.98525e-06
 Reference value :  2.98540e-06
 Reference value :  2.98554e-06
 Reference value :  2.98567e-06
 Reference value :  2.98581e-06
 Reference value :  2.98594e-06
 Reference value :  2.98608e-06
 Reference value :  2.98621e-06
 Reference value :  2.98635e-06
 Reference value :  2.98649e-06
 Reference value :  2.98663e-06
 Reference value :  2.98677e-06
 Reference value :  2.98690e-06
 Reference value :  2.98705e-06
 Reference value :  2.98719e-06
 Reference value :  2.98733e-06
 Reference value :  2.98748e-06
 Reference value :  2.98762e-06
 Reference value :  2.98775e-06
 Reference value :  2.98789e-06
 Reference value :  2.98803e-06
 Reference value :  2.98817e-06
 Reference value :  2.98833e-06
 Reference value :  2.98847e-06
 Reference value :  2.98861e-06
 Reference value :  2.98874e-06
 Reference value :  2.98890e-06
 Reference value :  2.98909e-06
 Reference value :  2.98925e-06
 Reference value :  2.98941e-06
 Reference value :  2.98959e-06
 Reference value :  2.98976e-06
 Reference value :  2.98993e-06
 Reference value :  2.99009e-06
 Reference value :  2.99025e-06
 Reference value :  2.99042e-06
 Reference value :  2.99059e-06
 Reference value :  2.99077e-06
 Reference value :  2.99095e-06
 Reference value :  2.99111e-06
 Reference value :  2.99126e-06
 Reference value :  2.99140e-06
 Reference value :  2.99155e-06
 Reference value :  2.99168e-06
 Reference value :  2.99183e-06
 Reference value :  2.99196e-06
 Reference value :  2.99212e-06
 Reference value :  2.99229e-06
 Reference value :  2.99245e-06
 Reference value :  2.99261e-06
 Reference value :  2.99280e-06
 Reference value :  2.99296e-06
 Reference value :  2.99310e-06
 Reference value :  2.99323e-06
 Reference value :  2.99338e-06
 Reference value :  2.99352e-06
 Reference value :  2.99367e-06
 Reference value :  2.99384e-06
 Reference value :  2.99400e-06
 Reference value :  2.99416e-06
 Reference value :  2.99431e-06
 Reference value :  2.99445e-06
 Reference value :  2.99461e-06
 Reference value :  2.99479e-06
 Reference value :  2.99496e-06
 Reference value :  2.99511e-06
 Reference value :  2.99527e-06
 Reference value :  2.99542e-06
 Reference value :  2.99557e-06
 Reference value :  2.99573e-06
 Reference value :  2.99589e-06
 Reference value :  2.99603e-06
 Reference value :  2.99616e-06
 Reference value :  2.99632e-06
 Reference value :  2.99646e-06
 Reference value :  2.99660e-06
 Reference value :  2.99673e-06
 Reference value :  2.99687e-06
 Reference value :  2.99702e-06
 Reference value :  2.99716e-06
 Reference value :  2.99729e-06
 Reference value :  2.99745e-06
 Reference value :  2.99759e-06
 Reference value :  2.99775e-06
 Reference value :  2.99791e-06
 Reference value :  2.99805e-06
 Reference value :  2.99819e-06
 Reference value :  2.99833e-06
 Reference value :  2.99847e-06
 Reference value :  2.99861e-06
 Reference value :  2.99876e-06
 Reference value :  2.99890e-06
 Reference value :  2.99908e-06
 Reference value :  2.99922e-06
 Reference value :  2.99936e-06
 Reference value :  2.99950e-06
 Reference value :  2.99964e-06
 Reference value :  2.99979e-06
 Reference value :  2.99992e-06
No. of Data Rows : 3900047
tk                  =  1.02406e-08
tk                  =  1.69146e-08
tk                  =  2.35892e-08
tk                  =  3.02638e-08
tk                  =  3.69377e-08
tk                  =  4.36118e-08
tk                  =  5.02878e-08
tk                  =  5.69595e-08
tk                  =  6.36331e-08
tk                  =  7.03065e-08
tk                  =  7.69801e-08
tk                  =  8.36533e-08
tk                  =  9.03273e-08
tk                  =  9.70003e-08
tk                  =  1.03674e-07
tk                  =  1.10348e-07
tk                  =  1.17022e-07
tk                  =  1.23697e-07
tk                  =  1.30371e-07
tk                  =  1.37045e-07
tk                  =  1.43721e-07
tk                  =  1.50394e-07
tk                  =  1.57068e-07
tk                  =  1.63741e-07
tk                  =  1.70414e-07
tk                  =  1.77089e-07
tk                  =  1.83762e-07
tk                  =  1.90435e-07
tk                  =  1.97108e-07
tk                  =  2.03784e-07
tk                  =  2.10458e-07
tk                  =  2.17132e-07
tk                  =  2.23806e-07
tk                  =  2.30480e-07
tk                  =  2.37155e-07
tk                  =  2.43829e-07
tk                  =  2.50503e-07
tk                  =  2.57177e-07
tk                  =  2.63851e-07
tk                  =  2.70524e-07
tk                  =  2.77198e-07
tk                  =  2.83871e-07
tk                  =  2.90542e-07
tk                  =  2.97218e-07
tk                  =  3.03892e-07
tk                  =  3.10566e-07
tk                  =  3.17240e-07
tk                  =  3.23914e-07
tk                  =  3.30589e-07
tk                  =  3.37265e-07
tk                  =  3.43936e-07
tk                  =  3.50611e-07
tk                  =  3.57284e-07
tk                  =  3.63958e-07
tk                  =  3.70631e-07
tk                  =  3.77304e-07
tk                  =  3.83977e-07
tk                  =  3.90651e-07
tk                  =  3.97326e-07
tk                  =  4.04000e-07
tk                  =  4.10674e-07
tk                  =  4.17349e-07
tk                  =  4.24023e-07
tk                  =  4.30699e-07
tk                  =  4.37372e-07
tk                  =  4.44044e-07
tk                  =  4.50718e-07
tk                  =  4.57392e-07
tk                  =  4.64066e-07
tk                  =  4.70738e-07
tk                  =  4.77412e-07
tk                  =  4.84085e-07
tk                  =  4.90762e-07
tk                  =  4.97436e-07
tk                  =  5.04111e-07
tk                  =  5.10779e-07
tk                  =  5.17444e-07
tk                  =  5.24109e-07
tk                  =  5.30775e-07
tk                  =  5.37439e-07
tk                  =  5.44103e-07
tk                  =  5.50768e-07
tk                  =  5.57433e-07
tk                  =  5.64098e-07
tk                  =  5.70764e-07
tk                  =  5.77428e-07
tk                  =  5.84094e-07
tk                  =  5.90760e-07
tk                  =  5.97425e-07
tk                  =  6.04089e-07
tk                  =  6.10756e-07
tk                  =  6.17421e-07
tk                  =  6.24087e-07
tk                  =  6.30751e-07
tk                  =  6.37415e-07
tk                  =  6.44080e-07
tk                  =  6.50745e-07
tk                  =  6.57410e-07
tk                  =  6.64075e-07
tk                  =  6.70739e-07
tk                  =  6.77404e-07
tk                  =  6.84070e-07
tk                  =  6.90737e-07
tk                  =  6.97402e-07
tk                  =  7.04067e-07
tk                  =  7.10732e-07
tk                  =  7.17399e-07
tk                  =  7.24063e-07
tk                  =  7.30728e-07
tk                  =  7.37393e-07
tk                  =  7.44057e-07
tk                  =  7.50722e-07
tk                  =  7.57388e-07
tk                  =  7.64052e-07
tk                  =  7.70716e-07
tk                  =  7.77383e-07
tk                  =  7.84048e-07
tk                  =  7.90713e-07
tk                  =  7.97377e-07
tk                  =  8.04043e-07
tk                  =  8.10709e-07
tk                  =  8.17374e-07
tk                  =  8.24040e-07
tk                  =  8.30704e-07
tk                  =  8.37368e-07
tk                  =  8.44035e-07
tk                  =  8.50699e-07
tk                  =  8.57364e-07
tk                  =  8.64026e-07
tk                  =  8.70692e-07
tk                  =  8.77358e-07
tk                  =  8.84024e-07
tk                  =  8.90690e-07
tk                  =  8.97355e-07
tk                  =  9.04020e-07
tk                  =  9.10686e-07
tk                  =  9.17350e-07
tk                  =  9.24015e-07
tk                  =  9.30680e-07
tk                  =  9.37346e-07
tk                  =  9.44010e-07
tk                  =  9.50676e-07
tk                  =  9.57339e-07
tk                  =  9.64004e-07
tk                  =  9.70670e-07
tk                  =  9.77336e-07
tk                  =  9.84001e-07
tk                  =  9.90666e-07
tk                  =  9.97331e-07
tk                  =  1.00400e-06
tk                  =  1.01067e-06
tk                  =  1.01734e-06
tk                  =  1.02401e-06
tk                  =  1.03069e-06
tk                  =  1.03736e-06
tk                  =  1.04403e-06
tk                  =  1.05071e-06
tk                  =  1.05738e-06
tk                  =  1.06406e-06
tk                  =  1.07073e-06
tk                  =  1.07740e-06
tk                  =  1.08408e-06
tk                  =  1.09075e-06
tk                  =  1.09743e-06
tk                  =  1.10410e-06
tk                  =  1.11078e-06
tk                  =  1.11745e-06
tk                  =  1.12412e-06
tk                  =  1.13079e-06
tk                  =  1.13747e-06
tk                  =  1.14414e-06
tk                  =  1.15081e-06
tk                  =  1.15749e-06
tk                  =  1.16417e-06
tk                  =  1.17084e-06
tk                  =  1.17751e-06
tk                  =  1.18419e-06
tk                  =  1.19086e-06
tk                  =  1.19754e-06
tk                  =  1.20421e-06
tk                  =  1.21088e-06
tk                  =  1.21756e-06
tk                  =  1.22423e-06
tk                  =  1.23090e-06
tk                  =  1.23758e-06
tk                  =  1.24425e-06
tk                  =  1.25092e-06
tk                  =  1.25760e-06
tk                  =  1.26427e-06
tk                  =  1.27095e-06
tk                  =  1.27762e-06
tk                  =  1.28430e-06
tk                  =  1.29097e-06
tk                  =  1.29764e-06
tk                  =  1.30432e-06
tk                  =  1.31099e-06
tk                  =  1.31766e-06
tk                  =  1.32434e-06
tk                  =  1.33101e-06
tk                  =  1.33768e-06
tk                  =  1.34436e-06
tk                  =  1.35103e-06
tk                  =  1.35771e-06
tk                  =  1.36438e-06
tk                  =  1.37105e-06
tk                  =  1.37773e-06
tk                  =  1.38440e-06
tk                  =  1.39108e-06
tk                  =  1.39775e-06
tk                  =  1.40442e-06
tk                  =  1.41110e-06
tk                  =  1.41777e-06
tk                  =  1.42444e-06
tk                  =  1.43112e-06
tk                  =  1.43779e-06
tk                  =  1.44447e-06
tk                  =  1.45114e-06
tk                  =  1.45781e-06
tk                  =  1.46449e-06
tk                  =  1.47116e-06
tk                  =  1.47784e-06
tk                  =  1.48451e-06
tk                  =  1.49118e-06
tk                  =  1.49786e-06
tk                  =  1.50453e-06
tk                  =  1.51120e-06
tk                  =  1.51786e-06
tk                  =  1.52453e-06
tk                  =  1.53119e-06
tk                  =  1.53786e-06
tk                  =  1.54452e-06
tk                  =  1.55119e-06
tk                  =  1.55785e-06
tk                  =  1.56452e-06
tk                  =  1.57118e-06
tk                  =  1.57785e-06
tk                  =  1.58452e-06
tk                  =  1.59118e-06
tk                  =  1.59785e-06
tk                  =  1.60451e-06
tk                  =  1.61118e-06
tk                  =  1.61784e-06
tk                  =  1.62450e-06
tk                  =  1.63117e-06
tk                  =  1.63784e-06
tk                  =  1.64450e-06
tk                  =  1.65117e-06
tk                  =  1.65783e-06
tk                  =  1.66450e-06
tk                  =  1.67116e-06
tk                  =  1.67783e-06
tk                  =  1.68449e-06
tk                  =  1.69116e-06
tk                  =  1.69782e-06
tk                  =  1.70449e-06
tk                  =  1.71115e-06
tk                  =  1.71782e-06
tk                  =  1.72448e-06
tk                  =  1.73115e-06
tk                  =  1.73781e-06
tk                  =  1.74448e-06
tk                  =  1.75114e-06
tk                  =  1.75781e-06
tk                  =  1.76447e-06
tk                  =  1.77114e-06
tk                  =  1.77781e-06
tk                  =  1.78447e-06
tk                  =  1.79113e-06
tk                  =  1.79780e-06
tk                  =  1.80446e-06
tk                  =  1.81113e-06
tk                  =  1.81779e-06
tk                  =  1.82446e-06
tk                  =  1.83112e-06
tk                  =  1.83779e-06
tk                  =  1.84445e-06
tk                  =  1.85112e-06
tk                  =  1.85778e-06
tk                  =  1.86445e-06
tk                  =  1.87112e-06
tk                  =  1.87778e-06
tk                  =  1.88445e-06
tk                  =  1.89111e-06
tk                  =  1.89777e-06
tk                  =  1.90444e-06
tk                  =  1.91110e-06
tk                  =  1.91777e-06
tk                  =  1.92443e-06
tk                  =  1.93110e-06
tk                  =  1.93776e-06
tk                  =  1.94443e-06
tk                  =  1.95110e-06
tk                  =  1.95776e-06
tk                  =  1.96443e-06
tk                  =  1.97109e-06
tk                  =  1.97776e-06
tk                  =  1.98442e-06
tk                  =  1.99109e-06
tk                  =  1.99775e-06
tk                  =  2.00442e-06
tk                  =  2.01109e-06
tk                  =  2.01776e-06
tk                  =  2.02444e-06
tk                  =  2.03111e-06
tk                  =  2.03779e-06
tk                  =  2.04446e-06
tk                  =  2.05114e-06
tk                  =  2.05781e-06
tk                  =  2.06449e-06
tk                  =  2.07116e-06
tk                  =  2.07783e-06
tk                  =  2.08451e-06
tk                  =  2.09118e-06
tk                  =  2.09785e-06
tk                  =  2.10453e-06
tk                  =  2.11120e-06
tk                  =  2.11788e-06
tk                  =  2.12455e-06
tk                  =  2.13122e-06
tk                  =  2.13790e-06
tk                  =  2.14457e-06
tk                  =  2.15125e-06
tk                  =  2.15792e-06
tk                  =  2.16459e-06
tk                  =  2.17127e-06
tk                  =  2.17794e-06
tk                  =  2.18461e-06
tk                  =  2.19128e-06
tk                  =  2.19796e-06
tk                  =  2.20463e-06
tk                  =  2.21131e-06
tk                  =  2.21798e-06
tk                  =  2.22465e-06
tk                  =  2.23133e-06
tk                  =  2.23800e-06
tk                  =  2.24468e-06
tk                  =  2.25135e-06
tk                  =  2.25803e-06
tk                  =  2.26470e-06
tk                  =  2.27137e-06
tk                  =  2.27805e-06
tk                  =  2.28472e-06
tk                  =  2.29139e-06
tk                  =  2.29807e-06
tk                  =  2.30474e-06
tk                  =  2.31142e-06
tk                  =  2.31809e-06
tk                  =  2.32476e-06
tk                  =  2.33144e-06
tk                  =  2.33812e-06
tk                  =  2.34479e-06
tk                  =  2.35146e-06
tk                  =  2.35814e-06
tk                  =  2.36481e-06
tk                  =  2.37148e-06
tk                  =  2.37816e-06
tk                  =  2.38483e-06
tk                  =  2.39150e-06
tk                  =  2.39818e-06
tk                  =  2.40485e-06
tk                  =  2.41153e-06
tk                  =  2.41820e-06
tk                  =  2.42487e-06
tk                  =  2.43155e-06
tk                  =  2.43822e-06
tk                  =  2.44489e-06
tk                  =  2.45157e-06
tk                  =  2.45824e-06
tk                  =  2.46491e-06
tk                  =  2.47159e-06
tk                  =  2.47826e-06
tk                  =  2.48493e-06
tk                  =  2.49161e-06
tk                  =  2.49828e-06
tk                  =  2.50495e-06
tk                  =  2.51162e-06
tk                  =  2.51829e-06
tk                  =  2.52495e-06
tk                  =  2.53162e-06
tk                  =  2.53828e-06
tk                  =  2.54495e-06
tk                  =  2.55161e-06
tk                  =  2.55828e-06
tk                  =  2.56494e-06
tk                  =  2.57161e-06
tk2                 =  9.57514e-09
tk2                 =  1.58135e-08
tk2                 =  2.20515e-08
tk2                 =  2.82891e-08
tk2                 =  3.45257e-08
tk2                 =  4.07644e-08
tk2                 =  4.70024e-08
tk2                 =  5.32396e-08
tk2                 =  5.94774e-08
tk2                 =  6.57155e-08
tk2                 =  7.19528e-08
tk2                 =  7.81916e-08
tk2                 =  8.44294e-08
tk2                 =  9.06671e-08
tk2                 =  9.69049e-08
tk2                 =  1.03144e-07
tk2                 =  1.09381e-07
tk2                 =  1.15621e-07
tk2                 =  1.21859e-07
tk2                 =  1.28096e-07
tk2                 =  1.34334e-07
tk2                 =  1.40572e-07
tk2                 =  1.46809e-07
tk2                 =  1.53046e-07
tk2                 =  1.59284e-07
tk2                 =  1.65522e-07
tk2                 =  1.71758e-07
tk2                 =  1.77996e-07
tk2                 =  1.84234e-07
tk2                 =  1.90472e-07
tk2                 =  1.96711e-07
tk2                 =  2.02948e-07
tk2                 =  2.09186e-07
tk2                 =  2.15424e-07
tk2                 =  2.21661e-07
tk2                 =  2.27899e-07
tk2                 =  2.34137e-07
tk2                 =  2.40374e-07
tk2                 =  2.46611e-07
tk2                 =  2.52849e-07
tk2                 =  2.59086e-07
tk2                 =  2.65324e-07
tk2                 =  2.71563e-07
tk2                 =  2.77801e-07
tk2                 =  2.84040e-07
tk2                 =  2.90277e-07
tk2                 =  2.96515e-07
tk2                 =  3.02752e-07
tk2                 =  3.08990e-07
tk2                 =  3.15229e-07
tk2                 =  3.21467e-07
tk2                 =  3.27705e-07
tk2                 =  3.33944e-07
tk2                 =  3.40183e-07
tk2                 =  3.46420e-07
tk2                 =  3.52657e-07
tk2                 =  3.58896e-07
tk2                 =  3.65133e-07
tk2                 =  3.71371e-07
tk2                 =  3.77610e-07
tk2                 =  3.83847e-07
tk2                 =  3.90085e-07
tk2                 =  3.96323e-07
tk2                 =  4.02561e-07
tk2                 =  4.08799e-07
tk2                 =  4.15037e-07
tk2                 =  4.21274e-07
tk2                 =  4.27513e-07
tk2                 =  4.33750e-07
tk2                 =  4.39987e-07
tk2                 =  4.46225e-07
tk2                 =  4.52462e-07
tk2                 =  4.58700e-07
tk2                 =  4.64937e-07
tk2                 =  4.71175e-07
tk2                 =  4.77414e-07
tk2                 =  4.83651e-07
tk2                 =  4.89890e-07
tk2                 =  4.96128e-07
tk2                 =  5.02366e-07
tk2                 =  5.08599e-07
tk2                 =  5.14829e-07
tk2                 =  5.21060e-07
tk2                 =  5.27289e-07
tk2                 =  5.33520e-07
tk2                 =  5.39749e-07
tk2                 =  5.45979e-07
tk2                 =  5.52209e-07
tk2                 =  5.58438e-07
tk2                 =  5.64668e-07
tk2                 =  5.70898e-07
tk2                 =  5.77128e-07
tk2                 =  5.83358e-07
tk2                 =  5.89588e-07
tk2                 =  5.95818e-07
tk2                 =  6.02047e-07
tk2                 =  6.08276e-07
tk2                 =  6.14507e-07
tk2                 =  6.20736e-07
tk2                 =  6.26966e-07
tk2                 =  6.33196e-07
tk2                 =  6.39426e-07
tk2                 =  6.45656e-07
tk2                 =  6.51887e-07
tk2                 =  6.58116e-07
tk2                 =  6.64345e-07
tk2                 =  6.70575e-07
tk2                 =  6.76804e-07
tk2                 =  6.83034e-07
tk2                 =  6.89264e-07
tk2                 =  6.95494e-07
tk2                 =  7.01724e-07
tk2                 =  7.07952e-07
tk2                 =  7.14183e-07
tk2                 =  7.20413e-07
tk2                 =  7.26642e-07
tk2                 =  7.32872e-07
tk2                 =  7.39101e-07
tk2                 =  7.45331e-07
tk2                 =  7.51561e-07
tk2                 =  7.57789e-07
tk2                 =  7.64019e-07
tk2                 =  7.70249e-07
tk2                 =  7.76479e-07
tk2                 =  7.82709e-07
tk2                 =  7.88940e-07
tk2                 =  7.95169e-07
tk2                 =  8.01399e-07
tk2                 =  8.07629e-07
tk2                 =  8.13859e-07
tk2                 =  8.20089e-07
tk2                 =  8.26319e-07
tk2                 =  8.32548e-07
tk2                 =  8.38778e-07
tk2                 =  8.45008e-07
tk2                 =  8.51239e-07
tk2                 =  8.57469e-07
tk2                 =  8.63700e-07
tk2                 =  8.69930e-07
tk2                 =  8.76159e-07
tk2                 =  8.82389e-07
tk2                 =  8.88619e-07
tk2                 =  8.94848e-07
tk2                 =  9.01080e-07
tk2                 =  9.07309e-07
tk2                 =  9.13540e-07
tk2                 =  9.19769e-07
tk2                 =  9.25998e-07
tk2                 =  9.32229e-07
tk2                 =  9.38458e-07
tk2                 =  9.44689e-07
tk2                 =  9.50919e-07
tk2                 =  9.57149e-07
tk2                 =  9.63379e-07
tk2                 =  9.69608e-07
tk2                 =  9.75839e-07
tk2                 =  9.82068e-07
tk2                 =  9.88299e-07
tk2                 =  9.94529e-07
tk2                 =  1.00076e-06
tk2                 =  1.00699e-06
tk2                 =  1.01323e-06
tk2                 =  1.01947e-06
tk2                 =  1.02570e-06
tk2                 =  1.03194e-06
tk2                 =  1.03818e-06
tk2                 =  1.04442e-06
tk2                 =  1.05065e-06
tk2                 =  1.05689e-06
tk2                 =  1.06313e-06
tk2                 =  1.06937e-06
tk2                 =  1.07561e-06
tk2                 =  1.08185e-06
tk2                 =  1.08808e-06
tk2                 =  1.09432e-06
tk2                 =  1.10056e-06
tk2                 =  1.10680e-06
tk2                 =  1.11304e-06
tk2                 =  1.11927e-06
tk2                 =  1.12551e-06
tk2                 =  1.13175e-06
tk2                 =  1.13799e-06
tk2                 =  1.14422e-06
tk2                 =  1.15046e-06
tk2                 =  1.15670e-06
tk2                 =  1.16294e-06
tk2                 =  1.16917e-06
tk2                 =  1.17541e-06
tk2                 =  1.18165e-06
tk2                 =  1.18789e-06
tk2                 =  1.19413e-06
tk2                 =  1.20036e-06
tk2                 =  1.20660e-06
tk2                 =  1.21284e-06
tk2                 =  1.21908e-06
tk2                 =  1.22531e-06
tk2                 =  1.23155e-06
tk2                 =  1.23779e-06
tk2                 =  1.24403e-06
tk2                 =  1.25026e-06
tk2                 =  1.25650e-06
tk2                 =  1.26274e-06
tk2                 =  1.26898e-06
tk2                 =  1.27522e-06
tk2                 =  1.28145e-06
tk2                 =  1.28769e-06
tk2                 =  1.29393e-06
tk2                 =  1.30017e-06
tk2                 =  1.30641e-06
tk2                 =  1.31264e-06
tk2                 =  1.31888e-06
tk2                 =  1.32512e-06
tk2                 =  1.33136e-06
tk2                 =  1.33759e-06
tk2                 =  1.34383e-06
tk2                 =  1.35007e-06
tk2                 =  1.35631e-06
tk2                 =  1.36255e-06
tk2                 =  1.36879e-06
tk2                 =  1.37502e-06
tk2                 =  1.38126e-06
tk2                 =  1.38750e-06
tk2                 =  1.39374e-06
tk2                 =  1.39998e-06
tk2                 =  1.40621e-06
tk2                 =  1.41245e-06
tk2                 =  1.41869e-06
tk2                 =  1.42493e-06
tk2                 =  1.43117e-06
tk2                 =  1.43741e-06
tk2                 =  1.44364e-06
tk2                 =  1.44988e-06
tk2                 =  1.45612e-06
tk2                 =  1.46236e-06
tk2                 =  1.46859e-06
tk2                 =  1.47483e-06
tk2                 =  1.48107e-06
tk2                 =  1.48731e-06
tk2                 =  1.49355e-06
tk2                 =  1.49978e-06
tk2                 =  1.50602e-06
tk2                 =  1.51225e-06
tk2                 =  1.51848e-06
tk2                 =  1.52471e-06
tk2                 =  1.53094e-06
tk2                 =  1.53717e-06
tk2                 =  1.54340e-06
tk2                 =  1.54963e-06
tk2                 =  1.55586e-06
tk2                 =  1.56209e-06
tk2                 =  1.56832e-06
tk2                 =  1.57455e-06
tk2                 =  1.58078e-06
tk2                 =  1.58701e-06
tk2                 =  1.59324e-06
tk2                 =  1.59947e-06
tk2                 =  1.60570e-06
tk2                 =  1.61193e-06
tk2                 =  1.61816e-06
tk2                 =  1.62439e-06
tk2                 =  1.63062e-06
tk2                 =  1.63685e-06
tk2                 =  1.64308e-06
tk2                 =  1.64931e-06
tk2                 =  1.65554e-06
tk2                 =  1.66177e-06
tk2                 =  1.66800e-06
tk2                 =  1.67423e-06
tk2                 =  1.68046e-06
tk2                 =  1.68669e-06
tk2                 =  1.69292e-06
tk2                 =  1.69915e-06
tk2                 =  1.70538e-06
tk2                 =  1.71161e-06
tk2                 =  1.71784e-06
tk2                 =  1.72407e-06
tk2                 =  1.73030e-06
tk2                 =  1.73653e-06
tk2                 =  1.74276e-06
tk2                 =  1.74899e-06
tk2                 =  1.75522e-06
tk2                 =  1.76145e-06
tk2                 =  1.76768e-06
tk2                 =  1.77391e-06
tk2                 =  1.78014e-06
tk2                 =  1.78637e-06
tk2                 =  1.79260e-06
tk2                 =  1.79883e-06
tk2                 =  1.80506e-06
tk2                 =  1.81129e-06
tk2                 =  1.81752e-06
tk2                 =  1.82375e-06
tk2                 =  1.82998e-06
tk2                 =  1.83621e-06
tk2                 =  1.84244e-06
tk2                 =  1.84867e-06
tk2                 =  1.85490e-06
tk2                 =  1.86113e-06
tk2                 =  1.86736e-06
tk2                 =  1.87359e-06
tk2                 =  1.87982e-06
tk2                 =  1.88605e-06
tk2                 =  1.89228e-06
tk2                 =  1.89851e-06
tk2                 =  1.90474e-06
tk2                 =  1.91097e-06
tk2                 =  1.91720e-06
tk2                 =  1.92343e-06
tk2                 =  1.92966e-06
tk2                 =  1.93589e-06
tk2                 =  1.94212e-06
tk2                 =  1.94835e-06
tk2                 =  1.95458e-06
tk2                 =  1.96081e-06
tk2                 =  1.96704e-06
tk2                 =  1.97327e-06
tk2                 =  1.97950e-06
tk2                 =  1.98573e-06
tk2                 =  1.99196e-06
tk2                 =  1.99819e-06
tk2                 =  2.00442e-06
tk2                 =  2.01065e-06
tk2                 =  2.01689e-06
tk2                 =  2.02313e-06
tk2                 =  2.02937e-06
tk2                 =  2.03560e-06
tk2                 =  2.04184e-06
tk2                 =  2.04808e-06
tk2                 =  2.05432e-06
tk2                 =  2.06056e-06
tk2                 =  2.06679e-06
tk2                 =  2.07303e-06
tk2                 =  2.07927e-06
tk2                 =  2.08551e-06
tk2                 =  2.09175e-06
tk2                 =  2.09798e-06
tk2                 =  2.10422e-06
tk2                 =  2.11046e-06
tk2                 =  2.11670e-06
tk2                 =  2.12293e-06
tk2                 =  2.12917e-06
tk2                 =  2.13541e-06
tk2                 =  2.14165e-06
tk2                 =  2.14789e-06
tk2                 =  2.15412e-06
tk2                 =  2.16036e-06
tk2                 =  2.16660e-06
tk2                 =  2.17284e-06
tk2                 =  2.17907e-06
tk2                 =  2.18531e-06
tk2                 =  2.19155e-06
tk2                 =  2.19779e-06
tk2                 =  2.20402e-06
tk2                 =  2.21026e-06
tk2                 =  2.21650e-06
tk2                 =  2.22274e-06
tk2                 =  2.22898e-06
tk2                 =  2.23521e-06
tk2                 =  2.24145e-06
tk2                 =  2.24769e-06
tk2                 =  2.25393e-06
tk2                 =  2.26017e-06
tk2                 =  2.26641e-06
tk2                 =  2.27264e-06
tk2                 =  2.27888e-06
tk2                 =  2.28512e-06
tk2                 =  2.29136e-06
tk2                 =  2.29759e-06
tk2                 =  2.30383e-06
tk2                 =  2.31007e-06
tk2                 =  2.31631e-06
tk2                 =  2.32255e-06
tk2                 =  2.32878e-06
tk2                 =  2.33502e-06
tk2                 =  2.34126e-06
tk2                 =  2.34750e-06
tk2                 =  2.35374e-06
tk2                 =  2.35997e-06
tk2                 =  2.36621e-06
tk2                 =  2.37245e-06
tk2                 =  2.37869e-06
tk2                 =  2.38492e-06
tk2                 =  2.39116e-06
tk2                 =  2.39740e-06
tk2                 =  2.40364e-06
qw0                 =  -1.63884e-02
qw1                 =  -4.87926e-02
m_period = 6.6702335937e-09
m_f_osc = 1.4991978706e+08
m_period_startup16 = 6.6738643750e-09
m_period_r2 = 6.2344089844e-09
m_period_b00 = 6.6739054167e-09
m_period_b01 = 6.6739458333e-09
m_period_b02 = 6.6738583333e-09
m_period_b03 = 6.6659666667e-09
m_period_b04 = 6.6651916667e-09
m_period_b05 = 6.6650416667e-09
m_period_b06 = 6.6718583333e-09
m_period_b07 = 6.6740416667e-09
m_period_b08 = 6.6736250000e-09
m_period_b09 = 6.6681666667e-09
m_period_b10 = 6.6652916667e-09
m_period_b11 = 6.6648750000e-09
m_period_b12 = 6.6700416667e-09
m_period_b13 = 6.6738750000e-09
m_period_b14 = 6.6738333333e-09
m_period_b15 = 6.6700416667e-09
m_sigma_1 = 4.3990244434e-12
m_sigma_2 = 8.6310868969e-12
m_sigma_4 = 1.6996752702e-11
m_sigma_8 = 3.3213880579e-11
m_sigma_16 = 6.3817491028e-11
m_sigma_32 = 1.2086507215e-10
m_sigma_64 = 2.1615263945e-10
m_sigma_r2_1 = 3.9980727396e-12
m_sigma_r2_2 = 7.8945970910e-12
m_sigma_r2_4 = 1.5646161824e-11
m_sigma_r2_8 = 3.0931473313e-11
m_sigma_r2_16 = 6.0434569721e-11
m_sigma_r2_32 = 1.1302110774e-10
m_sigma_r2_64 = 1.9452914386e-10
m_sigma_startup16_1 = 9.0641395069e-13
m_sigma_startup16_2 = 1.2008924757e-12
m_sigma_startup16_4 = 1.9289370329e-12
m_sigma_startup16_8 = 3.0874881916e-12
m_i_ring_a = 1.8976665102e-05
m_p_active_w = 6.2622994841e-05
m_e_per_cycle_j = 4.1771000393e-13
m_c_eff_node_f = 3.4870189823e-15
m_vsup_v = 3.3000000002e+00
Note: Simulation executed from .control section 

Warning: m=xx on .subckt line will override multiplier m hierarchy!

