
Note: Compatibility modes selected: hs a


Circuit: * array-liveness-tap-phase-clocked @ tt_27c_3.30v -- generated by sim/harness, do not edit

Doing analysis at TEMP = 27.000000 and TNOM = 27.000000

Using SPARSE 1.3 as Direct Linear Solver

Initial Transient Solution
--------------------------

Node                                   Voltage
----                                   -------
vsup                                       3.3
en1                                        3.3
en2                                        3.3
vddr1                                      3.3
vddr2                                      3.3
vdd                                        3.3
xg1.py                                 1.58325
n1_1                                         0
a1_0                               1.24708e-07
xg1.nm                            1.21025e-302
xg1.ny                            1.12978e-302
x1_1.py                                    3.3
n1_2                                       3.3
a1_1                                         0
x1_1.ny                            2.35462e-08
x1_2.py                                    3.3
n1_3                               1.24708e-07
a1_2                                       3.3
x1_2.ny                            1.06256e-07
x1_3.py                                    3.3
n1_4                                       3.3
a1_3                               1.24708e-07
x1_3.ny                            2.35463e-08
x1_4.py                                    3.3
n1_5                               1.24708e-07
a1_4                                       3.3
x1_4.ny                            1.06256e-07
x1_5.py                                    3.3
n1_6                                       3.3
a1_5                               1.24708e-07
x1_5.ny                            2.35463e-08
x1_6.py                                    3.3
n1_7                               1.24708e-07
a1_6                                       3.3
x1_6.ny                            1.06256e-07
x1_7.py                                    3.3
n1_8                                       3.3
a1_7                               1.24708e-07
x1_7.ny                            2.35463e-08
x1_8.py                                    3.3
n1_9                               1.24708e-07
a1_8                                       3.3
x1_8.ny                            1.06256e-07
x1_9.py                                    3.3
n1_10                                      3.3
a1_9                               1.24708e-07
x1_9.ny                            2.35463e-08
x1_10.py                                   3.3
rn1                                1.24708e-07
a1_10                                      3.3
x1_10.ny                           1.06256e-07
xg2.py                                 1.59988
n2_1                                         0
a2_0                               1.17147e-07
xg2.nm                            6.68164e-231
xg2.ny                            6.20536e-231
x2_1.py                                    3.3
n2_2                                       3.3
a2_1                                         0
x2_1.ny                            2.18706e-08
x2_2.py                                    3.3
n2_3                               1.17147e-07
a2_2                                       3.3
x2_2.ny                             9.8695e-08
x2_3.py                                    3.3
n2_4                                       3.3
a2_3                               1.17147e-07
x2_3.ny                            2.18707e-08
x2_4.py                                    3.3
n2_5                               1.17147e-07
a2_4                                       3.3
x2_4.ny                             9.8695e-08
x2_5.py                                    3.3
n2_6                                       3.3
a2_5                               1.17147e-07
x2_5.ny                            2.18707e-08
x2_6.py                                    3.3
n2_7                               1.17147e-07
a2_6                                       3.3
x2_6.ny                             9.8695e-08
x2_7.py                                    3.3
n2_8                                       3.3
a2_7                               1.17147e-07
x2_7.ny                            2.18707e-08
x2_8.py                                    3.3
n2_9                               1.17147e-07
a2_8                                       3.3
x2_8.ny                             9.8695e-08
x2_9.py                                    3.3
n2_10                                      3.3
a2_9                               1.17147e-07
x2_9.ny                            2.18707e-08
x2_10.py                                   3.3
rn2                                1.17147e-07
a2_10                                      3.3
x2_10.ny                            9.8695e-08
ro1                                        3.3
ro2                                        3.3
xa1.an                             1.84515e-08
xa1.bn                             1.84515e-08
xa1.mid                               0.783853
xo                                 1.79152e-07
xa1.s1                             8.95762e-08
xa1.s2                             3.77437e-08
xsb.clkb                                   3.3
clk                                          0
xsb.m                              2.15824e-07
xsb.mb                                     3.3
rst_n                                      3.3
xsb.mmid                           1.58497e-09
xsb.mc                             3.68602e-08
xsb.s                                      3.3
raw_bit                            1.84515e-08
xsb.qb                                     3.3
xsb.s2mid                          1.58496e-09
xsv.clkb                                   3.3
xsv.m                                      3.3
xsv.mb                             6.83524e-08
xsv.mmid                           3.41762e-08
xsv.mc                                     3.3
xsv.s                                  1.45521
raw_valid                               1.3988
xsv.qb                                 1.45521
xsv.s2mid                             0.122262
xsr1.clkb                                  3.3
xsr1.m                                     3.3
xsr1.mb                            6.72865e-08
xsr1.mmid                          3.36433e-08
xsr1.mc                                    3.3
xsr1.s                             1.48392e-07
ring_bit1                                  3.3
xsr1.qb                            1.11721e-07
xsr1.s2mid                         5.58603e-08
xsr2.clkb                                  3.3
xsr2.m                                     3.3
xsr2.mb                            6.72865e-08
xsr2.mmid                          3.36433e-08
xsr2.mc                                    3.3
xsr2.s                             1.48392e-07
ring_bit2                                  3.3
xsr2.qb                            1.11721e-07
xsr2.s2mid                         5.58603e-08
q1                                -9.26862e-16
q2                                -9.82236e-16
x1                                       -1.65
x2                                       -1.65
bx2#branch                                   0
bx1#branch                                   0
vr2#branch                         9.82236e-06
vr1#branch                         9.26862e-06
vrst#branch                                  0
vclk#branch                                  0
vn2_10#branch                                0
vn2_9#branch                                 0
vn2_8#branch                                 0
vn2_7#branch                                 0
vn2_6#branch                                 0
vn2_5#branch                                 0
vn2_4#branch                                 0
vn2_3#branch                                 0
vn2_2#branch                                 0
vn2_1#branch                                 0
vn2_0#branch                      -1.22925e-24
vn1_10#branch                                0
vn1_9#branch                                 0
vn1_8#branch                                 0
vn1_7#branch                                 0
vn1_6#branch                                 0
vn1_5#branch                                 0
vn1_4#branch                                 0
vn1_3#branch                                 0
vn1_2#branch                                 0
vn1_1#branch                                 0
vn1_0#branch                       3.76307e-28
vd#branch                          6.64054e-05
ven2#branch                                  0
ven1#branch                                  0
vsup#branch                       -8.54964e-05

 Reference value :  0.00000e+00
 Reference value :  1.28500e-10
 Reference value :  2.52500e-10
 Reference value :  3.76500e-10
 Reference value :  5.00300e-10
 Reference value :  6.20000e-10
 Reference value :  7.42500e-10
 Reference value :  8.70100e-10
 Reference value :  9.99250e-10
 Reference value :  1.12250e-09
 Reference value :  1.25250e-09
 Reference value :  1.38250e-09
 Reference value :  1.51010e-09
 Reference value :  1.63550e-09
 Reference value :  1.77030e-09
 Reference value :  1.90010e-09
 Reference value :  2.03070e-09
 Reference value :  2.16150e-09
 Reference value :  2.29010e-09
 Reference value :  2.43550e-09
 Reference value :  2.56925e-09
 Reference value :  2.70070e-09
 Reference value :  2.83150e-09
 Reference value :  2.96250e-09
 Reference value :  3.09650e-09
 Reference value :  3.23030e-09
 Reference value :  3.36850e-09
 Reference value :  3.50750e-09
 Reference value :  3.64000e-09
 Reference value :  3.77070e-09
 Reference value :  3.89925e-09
 Reference value :  4.03030e-09
 Reference value :  4.16450e-09
 Reference value :  4.29925e-09
 Reference value :  4.43030e-09
 Reference value :  4.56150e-09
 Reference value :  4.69850e-09
 Reference value :  4.83850e-09
 Reference value :  4.96750e-09
 Reference value :  5.09925e-09
 Reference value :  5.22925e-09
 Reference value :  5.36250e-09
 Reference value :  5.50000e-09
 Reference value :  5.63250e-09
 Reference value :  5.77070e-09
 Reference value :  5.96925e-09
 Reference value :  6.18350e-09
 Reference value :  6.36750e-09
 Reference value :  6.49925e-09
 Reference value :  6.63070e-09
 Reference value :  6.76030e-09
 Reference value :  6.89450e-09
 Reference value :  7.03010e-09
 Reference value :  7.16150e-09
 Reference value :  7.29350e-09
 Reference value :  7.42925e-09
 Reference value :  7.55650e-09
 Reference value :  7.68750e-09
 Reference value :  7.82150e-09
 Reference value :  7.95070e-09
 Reference value :  8.08250e-09
 Reference value :  8.21650e-09
 Reference value :  8.34850e-09
 Reference value :  8.48010e-09
 Reference value :  8.61925e-09
 Reference value :  8.75070e-09
 Reference value :  8.88850e-09
 Reference value :  9.02750e-09
 Reference value :  9.15925e-09
 Reference value :  9.30450e-09
 Reference value :  9.43450e-09
 Reference value :  9.57000e-09
 Reference value :  9.70000e-09
 Reference value :  9.83350e-09
 Reference value :  9.96550e-09
 Reference value :  1.00992e-08
 Reference value :  1.02335e-08
 Reference value :  1.03692e-08
 Reference value :  1.05003e-08
 Reference value :  1.06375e-08
 Reference value :  1.07700e-08
 Reference value :  1.09015e-08
 Reference value :  1.10315e-08
 Reference value :  1.11675e-08
 Reference value :  1.12975e-08
 Reference value :  1.14301e-08
 Reference value :  1.15625e-08
 Reference value :  1.16925e-08
 Reference value :  1.18265e-08
 Reference value :  1.19585e-08
 Reference value :  1.20915e-08
 Reference value :  1.22285e-08
 Reference value :  1.23665e-08
 Reference value :  1.25075e-08
 Reference value :  1.26425e-08
 Reference value :  1.27735e-08
 Reference value :  1.29025e-08
 Reference value :  1.30385e-08
 Reference value :  1.31765e-08
 Reference value :  1.33115e-08
 Reference value :  1.34507e-08
 Reference value :  1.35925e-08
 Reference value :  1.37245e-08
 Reference value :  1.38607e-08
 Reference value :  1.39907e-08
 Reference value :  1.41201e-08
 Reference value :  1.42515e-08
 Reference value :  1.43865e-08
 Reference value :  1.45192e-08
 Reference value :  1.46503e-08
 Reference value :  1.47815e-08
 Reference value :  1.49145e-08
 Reference value :  1.50445e-08
 Reference value :  1.51785e-08
 Reference value :  1.53125e-08
 Reference value :  1.54501e-08
 Reference value :  1.55945e-08
 Reference value :  1.57355e-08
 Reference value :  1.58725e-08
 Reference value :  1.60125e-08
 Reference value :  1.61503e-08
 Reference value :  1.62855e-08
 Reference value :  1.64235e-08
 Reference value :  1.65707e-08
 Reference value :  1.67145e-08
 Reference value :  1.68525e-08
 Reference value :  1.69935e-08
 Reference value :  1.71307e-08
 Reference value :  1.72655e-08
 Reference value :  1.74015e-08
 Reference value :  1.75392e-08
 Reference value :  1.76845e-08
 Reference value :  1.78207e-08
 Reference value :  1.79555e-08
 Reference value :  1.80903e-08
 Reference value :  1.82255e-08
 Reference value :  1.83625e-08
 Reference value :  1.85001e-08
 Reference value :  1.86315e-08
 Reference value :  1.87655e-08
 Reference value :  1.89007e-08
 Reference value :  1.90515e-08
 Reference value :  1.91901e-08
 Reference value :  1.93403e-08
 Reference value :  1.94765e-08
 Reference value :  1.96075e-08
 Reference value :  1.97585e-08
 Reference value :  1.98900e-08
 Reference value :  2.00245e-08
 Reference value :  2.01607e-08
 Reference value :  2.02915e-08
 Reference value :  2.04355e-08
 Reference value :  2.05725e-08
 Reference value :  2.07075e-08
 Reference value :  2.08392e-08
 Reference value :  2.09800e-08
 Reference value :  2.11185e-08
 Reference value :  2.12555e-08
 Reference value :  2.13985e-08
 Reference value :  2.15365e-08
 Reference value :  2.16703e-08
 Reference value :  2.18125e-08
 Reference value :  2.19507e-08
 Reference value :  2.20845e-08
 Reference value :  2.22185e-08
 Reference value :  2.23503e-08
 Reference value :  2.24925e-08
 Reference value :  2.26325e-08
 Reference value :  2.27725e-08
 Reference value :  2.29092e-08
 Reference value :  2.30445e-08
 Reference value :  2.31875e-08
 Reference value :  2.33407e-08
 Reference value :  2.34875e-08
 Reference value :  2.37665e-08
 Reference value :  2.39665e-08
 Reference value :  2.41035e-08
 Reference value :  2.42492e-08
 Reference value :  2.43845e-08
 Reference value :  2.46055e-08
 Reference value :  2.47445e-08
 Reference value :  2.48785e-08
 Reference value :  2.50100e-08
 Reference value :  2.51955e-08
 Reference value :  2.54003e-08
 Reference value :  2.55375e-08
 Reference value :  2.56765e-08
 Reference value :  2.58165e-08
 Reference value :  2.59535e-08
 Reference value :  2.60901e-08
 Reference value :  2.62315e-08
 Reference value :  2.63692e-08
 Reference value :  2.65101e-08
 Reference value :  2.66485e-08
 Reference value :  2.67803e-08
 Reference value :  2.69201e-08
 Reference value :  2.70575e-08
 Reference value :  2.71892e-08
 Reference value :  2.73215e-08
 Reference value :  2.74535e-08
 Reference value :  2.75815e-08
 Reference value :  2.77085e-08
 Reference value :  2.78425e-08
 Reference value :  2.79725e-08
 Reference value :  2.81035e-08
 Reference value :  2.82355e-08
 Reference value :  2.83607e-08
 Reference value :  2.84915e-08
 Reference value :  2.86200e-08
 Reference value :  2.87465e-08
 Reference value :  2.88715e-08
 Reference value :  2.90045e-08
 Reference value :  2.91365e-08
 Reference value :  2.92625e-08
 Reference value :  2.93925e-08
 Reference value :  2.95225e-08
 Reference value :  2.96535e-08
 Reference value :  2.97807e-08
 Reference value :  2.99100e-08
 Reference value :  3.00385e-08
 Reference value :  3.01701e-08
 Reference value :  3.02975e-08
 Reference value :  3.04245e-08
 Reference value :  3.05600e-08
 Reference value :  3.06865e-08
 Reference value :  3.08235e-08
 Reference value :  3.09515e-08
 Reference value :  3.10807e-08
 Reference value :  3.12103e-08
 Reference value :  3.13445e-08
 Reference value :  3.14755e-08
 Reference value :  3.16055e-08
 Reference value :  3.17375e-08
 Reference value :  3.18701e-08
 Reference value :  3.20107e-08
 Reference value :  3.21403e-08
 Reference value :  3.22715e-08
 Reference value :  3.24065e-08
 Reference value :  3.25365e-08
 Reference value :  3.26692e-08
 Reference value :  3.28001e-08
 Reference value :  3.29407e-08
 Reference value :  3.31301e-08
 Reference value :  3.32603e-08
 Reference value :  3.33901e-08
 Reference value :  3.35585e-08
 Reference value :  3.37475e-08
 Reference value :  3.38875e-08
 Reference value :  3.40225e-08
 Reference value :  3.41635e-08
 Reference value :  3.43600e-08
 Reference value :  3.44892e-08
 Reference value :  3.46207e-08
 Reference value :  3.47645e-08
 Reference value :  3.49007e-08
 Reference value :  3.50455e-08
 Reference value :  3.51835e-08
 Reference value :  3.53145e-08
 Reference value :  3.54500e-08
 Reference value :  3.55901e-08
 Reference value :  3.57275e-08
 Reference value :  3.58603e-08
 Reference value :  3.59975e-08
 Reference value :  3.61355e-08
 Reference value :  3.63355e-08
 Reference value :  3.64985e-08
 Reference value :  3.66307e-08
 Reference value :  3.67965e-08
 Reference value :  3.69835e-08
 Reference value :  3.71155e-08
 Reference value :  3.72545e-08
 Reference value :  3.73865e-08
 Reference value :  3.75215e-08
 Reference value :  3.77635e-08
 Reference value :  3.79101e-08
 Reference value :  3.80425e-08
 Reference value :  3.81745e-08
 Reference value :  3.83992e-08
 Reference value :  3.85403e-08
 Reference value :  3.86765e-08
 Reference value :  3.88055e-08
 Reference value :  3.89385e-08
 Reference value :  3.90707e-08
 Reference value :  3.92385e-08
 Reference value :  3.94301e-08
 Reference value :  3.96165e-08
 Reference value :  3.97501e-08
 Reference value :  3.98835e-08
 Reference value :  4.00955e-08
 Reference value :  4.02301e-08
 Reference value :  4.03635e-08
 Reference value :  4.04992e-08
 Reference value :  4.06335e-08
 Reference value :  4.07707e-08
 Reference value :  4.09085e-08
 Reference value :  4.10525e-08
 Reference value :  4.11807e-08
 Reference value :  4.13185e-08
 Reference value :  4.14515e-08
 Reference value :  4.15875e-08
 Reference value :  4.17255e-08
 Reference value :  4.18607e-08
 Reference value :  4.19945e-08
 Reference value :  4.21345e-08
 Reference value :  4.22703e-08
 Reference value :  4.24707e-08
 Reference value :  4.26175e-08
 Reference value :  4.27592e-08
 Reference value :  4.29725e-08
 Reference value :  4.31125e-08
 Reference value :  4.32545e-08
 Reference value :  4.33945e-08
 Reference value :  4.35375e-08
 Reference value :  4.37507e-08
 Reference value :  4.38903e-08
 Reference value :  4.40301e-08
 Reference value :  4.41645e-08
 Reference value :  4.43001e-08
 Reference value :  4.44385e-08
 Reference value :  4.45745e-08
 Reference value :  4.47100e-08
 Reference value :  4.48425e-08
 Reference value :  4.49800e-08
 Reference value :  4.51192e-08
 Reference value :  4.52515e-08
 Reference value :  4.53945e-08
 Reference value :  4.55301e-08
 Reference value :  4.56675e-08
 Reference value :  4.58045e-08
 Reference value :  4.59392e-08
 Reference value :  4.61285e-08
 Reference value :  4.62603e-08
 Reference value :  4.64375e-08
 Reference value :  4.65900e-08
 Reference value :  4.67235e-08
 Reference value :  4.68585e-08
 Reference value :  4.70007e-08
 Reference value :  4.71815e-08
 Reference value :  4.73535e-08
 Reference value :  4.74925e-08
 Reference value :  4.76425e-08
 Reference value :  4.77901e-08
 Reference value :  4.79345e-08
 Reference value :  4.80755e-08
 Reference value :  4.82125e-08
 Reference value :  4.83407e-08
 Reference value :  4.84715e-08
 Reference value :  4.86085e-08
 Reference value :  4.87475e-08
 Reference value :  4.88800e-08
 Reference value :  4.90155e-08
 Reference value :  4.91535e-08
 Reference value :  4.92900e-08
 Reference value :  4.94300e-08
 Reference value :  4.96300e-08
 Reference value :  4.97900e-08
 Reference value :  4.99207e-08
 Reference value :  5.00625e-08
 Reference value :  5.02625e-08
 Reference value :  5.04101e-08
 Reference value :  5.05455e-08
 Reference value :  5.06825e-08
 Reference value :  5.08175e-08
 Reference value :  5.09807e-08
 Reference value :  5.11525e-08
 Reference value :  5.12901e-08
 Reference value :  5.14245e-08
 Reference value :  5.15585e-08
 Reference value :  5.16901e-08
 Reference value :  5.18265e-08
 Reference value :  5.19601e-08
 Reference value :  5.20955e-08
 Reference value :  5.22301e-08
 Reference value :  5.23701e-08
 Reference value :  5.25092e-08
 Reference value :  5.26465e-08
 Reference value :  5.27807e-08
 Reference value :  5.29207e-08
 Reference value :  5.30601e-08
 Reference value :  5.32545e-08
 Reference value :  5.34315e-08
 Reference value :  5.35700e-08
 Reference value :  5.37075e-08
 Reference value :  5.39092e-08
 Reference value :  5.40555e-08
 Reference value :  5.41865e-08
 Reference value :  5.43225e-08
 Reference value :  5.44601e-08
 Reference value :  5.45955e-08
 Reference value :  5.47292e-08
 Reference value :  5.48865e-08
 Reference value :  5.50303e-08
 Reference value :  5.51735e-08
 Reference value :  5.53203e-08
 Reference value :  5.54607e-08
 Reference value :  5.55975e-08
 Reference value :  5.57375e-08
 Reference value :  5.58703e-08
 Reference value :  5.60100e-08
 Reference value :  5.61515e-08
 Reference value :  5.62892e-08
 Reference value :  5.64255e-08
 Reference value :  5.65600e-08
 Reference value :  5.67000e-08
 Reference value :  5.68445e-08
 Reference value :  5.69803e-08
 Reference value :  5.71125e-08
 Reference value :  5.72485e-08
 Reference value :  5.73900e-08
 Reference value :  5.75265e-08
 Reference value :  5.76703e-08
 Reference value :  5.78055e-08
 Reference value :  5.79392e-08
 Reference value :  5.80735e-08
 Reference value :  5.82075e-08
 Reference value :  5.83425e-08
 Reference value :  5.84803e-08
 Reference value :  5.86375e-08
 Reference value :  5.87792e-08
 Reference value :  5.89165e-08
 Reference value :  5.90555e-08
 Reference value :  5.91945e-08
 Reference value :  5.93335e-08
 Reference value :  5.94892e-08
 Reference value :  5.96207e-08
 Reference value :  5.97601e-08
 Reference value :  5.99003e-08
 Reference value :  6.00400e-08
 Reference value :  6.01801e-08
 Reference value :  6.03145e-08
 Reference value :  6.04545e-08
 Reference value :  6.05925e-08
 Reference value :  6.07301e-08
 Reference value :  6.08655e-08
 Reference value :  6.09985e-08
 Reference value :  6.11355e-08
 Reference value :  6.12692e-08
 Reference value :  6.14075e-08
 Reference value :  6.15503e-08
 Reference value :  6.16885e-08
 Reference value :  6.18292e-08
 Reference value :  6.19645e-08
 Reference value :  6.21165e-08
 Reference value :  6.22725e-08
 Reference value :  6.24501e-08
 Reference value :  6.25965e-08
 Reference value :  6.27400e-08
 Reference value :  6.28955e-08
 Reference value :  6.30500e-08
 Reference value :  6.32055e-08
 Reference value :  6.33607e-08
 Reference value :  6.35135e-08
 Reference value :  6.36701e-08
 Reference value :  6.38300e-08
 Reference value :  6.39703e-08
 Reference value :  6.41165e-08
 Reference value :  6.42615e-08
 Reference value :  6.44101e-08
 Reference value :  6.45607e-08
 Reference value :  6.47175e-08
 Reference value :  6.48685e-08
 Reference value :  6.50200e-08
 Reference value :  6.51685e-08
 Reference value :  6.53200e-08
 Reference value :  6.54745e-08
 Reference value :  6.56315e-08
 Reference value :  6.57855e-08
 Reference value :  6.59465e-08
 Reference value :  6.61085e-08
 Reference value :  6.62585e-08
 Reference value :  6.64100e-08
 Reference value :  6.65607e-08
 Reference value :  6.67145e-08
 Reference value :  6.68607e-08
 Reference value :  6.70115e-08
 Reference value :  6.71555e-08
 Reference value :  6.73015e-08
 Reference value :  6.74545e-08
 Reference value :  6.76100e-08
 Reference value :  6.77585e-08
 Reference value :  6.79055e-08
 Reference value :  6.80501e-08
 Reference value :  6.82007e-08
 Reference value :  6.83601e-08
 Reference value :  6.85085e-08
 Reference value :  6.86675e-08
 Reference value :  6.88107e-08
 Reference value :  6.89707e-08
 Reference value :  6.91203e-08
 Reference value :  6.92735e-08
 Reference value :  6.94335e-08
 Reference value :  6.95865e-08
 Reference value :  6.97392e-08
 Reference value :  6.98985e-08
 Reference value :  7.00503e-08
 Reference value :  7.02025e-08
 Reference value :  7.03500e-08
 Reference value :  7.04955e-08
 Reference value :  7.06475e-08
 Reference value :  7.08075e-08
 Reference value :  7.09592e-08
 Reference value :  7.11155e-08
 Reference value :  7.12735e-08
 Reference value :  7.14315e-08
 Reference value :  7.15925e-08
 Reference value :  7.17375e-08
 Reference value :  7.18865e-08
 Reference value :  7.20375e-08
 Reference value :  7.22001e-08
 Reference value :  7.23345e-08
 Reference value :  7.24655e-08
 Reference value :  7.25985e-08
 Reference value :  7.27507e-08
 Reference value :  7.29045e-08
 Reference value :  7.30607e-08
 Reference value :  7.32145e-08
 Reference value :  7.33655e-08
 Reference value :  7.35025e-08
 Reference value :  7.36515e-08
 Reference value :  7.38007e-08
 Reference value :  7.39525e-08
 Reference value :  7.41055e-08
 Reference value :  7.42515e-08
 Reference value :  7.43875e-08
 Reference value :  7.45200e-08
 Reference value :  7.46507e-08
 Reference value :  7.47901e-08
 Reference value :  7.49407e-08
 Reference value :  7.50985e-08
 Reference value :  7.52607e-08
 Reference value :  7.54025e-08
 Reference value :  7.55575e-08
 Reference value :  7.57085e-08
 Reference value :  7.58507e-08
 Reference value :  7.60035e-08
 Reference value :  7.61545e-08
 Reference value :  7.62985e-08
 Reference value :  7.64303e-08
 Reference value :  7.65725e-08
 Reference value :  7.67085e-08
 Reference value :  7.68401e-08
 Reference value :  7.69725e-08
 Reference value :  7.71035e-08
 Reference value :  7.72503e-08
 Reference value :  7.73885e-08
 Reference value :  7.75207e-08
 Reference value :  7.76800e-08
 Reference value :  7.78135e-08
 Reference value :  7.79445e-08
 Reference value :  7.80775e-08
 Reference value :  7.82255e-08
 Reference value :  7.83807e-08
 Reference value :  7.85235e-08
 Reference value :  7.86655e-08
 Reference value :  7.88045e-08
 Reference value :  7.89375e-08
 Reference value :  7.90701e-08
 Reference value :  7.92055e-08
 Reference value :  7.93407e-08
 Reference value :  7.94725e-08
 Reference value :  7.96101e-08
 Reference value :  7.97407e-08
 Reference value :  7.98900e-08
 Reference value :  8.00335e-08
 Reference value :  8.01815e-08
 Reference value :  8.03175e-08
 Reference value :  8.04555e-08
 Reference value :  8.05903e-08
 Reference value :  8.07355e-08
 Reference value :  8.08835e-08
 Reference value :  8.10175e-08
 Reference value :  8.11675e-08
 Reference value :  8.13115e-08
 Reference value :  8.14503e-08
 Reference value :  8.15845e-08
 Reference value :  8.17265e-08
 Reference value :  8.18607e-08
 Reference value :  8.20065e-08
 Reference value :  8.21407e-08
 Reference value :  8.22775e-08
 Reference value :  8.24125e-08
 Reference value :  8.25465e-08
 Reference value :  8.26901e-08
 Reference value :  8.28255e-08
 Reference value :  8.29601e-08
 Reference value :  8.30915e-08
 Reference value :  8.32225e-08
 Reference value :  8.33585e-08
 Reference value :  8.34901e-08
 Reference value :  8.36207e-08
 Reference value :  8.37575e-08
 Reference value :  8.38925e-08
 Reference value :  8.40315e-08
 Reference value :  8.41715e-08
 Reference value :  8.43092e-08
 Reference value :  8.44425e-08
 Reference value :  8.45825e-08
 Reference value :  8.47175e-08
 Reference value :  8.48507e-08
 Reference value :  8.49865e-08
 Reference value :  8.51201e-08
 Reference value :  8.52585e-08
 Reference value :  8.53915e-08
 Reference value :  8.55285e-08
 Reference value :  8.56700e-08
 Reference value :  8.58045e-08
 Reference value :  8.59385e-08
 Reference value :  8.60701e-08
 Reference value :  8.62075e-08
 Reference value :  8.63415e-08
 Reference value :  8.64745e-08
 Reference value :  8.66155e-08
 Reference value :  8.67475e-08
 Reference value :  8.68792e-08
 Reference value :  8.70115e-08
 Reference value :  8.71445e-08
 Reference value :  8.72801e-08
 Reference value :  8.74107e-08
 Reference value :  8.75900e-08
 Reference value :  8.77600e-08
 Reference value :  8.78925e-08
 Reference value :  8.80292e-08
 Reference value :  8.81685e-08
 Reference value :  8.83003e-08
 Reference value :  8.84307e-08
 Reference value :  8.85692e-08
 Reference value :  8.87003e-08
 Reference value :  8.88355e-08
 Reference value :  8.89735e-08
 Reference value :  8.91092e-08
 Reference value :  8.92475e-08
 Reference value :  8.93885e-08
 Reference value :  8.95325e-08
 Reference value :  8.96615e-08
 Reference value :  8.97985e-08
 Reference value :  8.99355e-08
 Reference value :  9.01801e-08
 Reference value :  9.04145e-08
 Reference value :  9.06003e-08
 Reference value :  9.07455e-08
 Reference value :  9.08865e-08
 Reference value :  9.10275e-08
 Reference value :  9.11615e-08
 Reference value :  9.13001e-08
 Reference value :  9.14365e-08
 Reference value :  9.15765e-08
 Reference value :  9.17100e-08
 Reference value :  9.18407e-08
 Reference value :  9.19745e-08
 Reference value :  9.21100e-08
 Reference value :  9.22435e-08
 Reference value :  9.23801e-08
 Reference value :  9.25125e-08
 Reference value :  9.26515e-08
 Reference value :  9.27865e-08
 Reference value :  9.29465e-08
 Reference value :  9.30901e-08
 Reference value :  9.32315e-08
 Reference value :  9.33875e-08
 Reference value :  9.35285e-08
 Reference value :  9.36735e-08
 Reference value :  9.38115e-08
 Reference value :  9.39635e-08
 Reference value :  9.41065e-08
 Reference value :  9.42485e-08
 Reference value :  9.43845e-08
 Reference value :  9.45200e-08
 Reference value :  9.46545e-08
 Reference value :  9.47915e-08
 Reference value :  9.49235e-08
 Reference value :  9.50592e-08
 Reference value :  9.51935e-08
 Reference value :  9.53275e-08
 Reference value :  9.54685e-08
 Reference value :  9.56055e-08
 Reference value :  9.57445e-08
 Reference value :  9.58775e-08
 Reference value :  9.60092e-08
 Reference value :  9.61475e-08
 Reference value :  9.62865e-08
 Reference value :  9.64292e-08
 Reference value :  9.65685e-08
 Reference value :  9.67007e-08
 Reference value :  9.68335e-08
 Reference value :  9.69692e-08
 Reference value :  9.71007e-08
 Reference value :  9.72400e-08
 Reference value :  9.73755e-08
 Reference value :  9.75225e-08
 Reference value :  9.76635e-08
 Reference value :  9.77992e-08
 Reference value :  9.79325e-08
 Reference value :  9.80685e-08
 Reference value :  9.82107e-08
 Reference value :  9.83445e-08
 Reference value :  9.84792e-08
 Reference value :  9.86192e-08
 Reference value :  9.87600e-08
 Reference value :  9.88975e-08
 Reference value :  9.90375e-08
 Reference value :  9.91845e-08
 Reference value :  9.93335e-08
 Reference value :  9.94803e-08
 Reference value :  9.96207e-08
 Reference value :  9.97807e-08
 Reference value :  9.99301e-08
 Reference value :  1.00078e-07
 Reference value :  1.00228e-07
 Reference value :  1.00365e-07
 Reference value :  1.00510e-07
 Reference value :  1.00660e-07
 Reference value :  1.00819e-07
 Reference value :  1.00959e-07
 Reference value :  1.01110e-07
 Reference value :  1.01261e-07
 Reference value :  1.01414e-07
 Reference value :  1.01560e-07
 Reference value :  1.01710e-07
 Reference value :  1.01861e-07
 Reference value :  1.02010e-07
 Reference value :  1.02158e-07
 Reference value :  1.02299e-07
 Reference value :  1.02444e-07
 Reference value :  1.02590e-07
 Reference value :  1.02740e-07
 Reference value :  1.02881e-07
 Reference value :  1.03025e-07
 Reference value :  1.03171e-07
 Reference value :  1.03311e-07
 Reference value :  1.03450e-07
 Reference value :  1.03591e-07
 Reference value :  1.03740e-07
 Reference value :  1.03880e-07
 Reference value :  1.04021e-07
 Reference value :  1.04170e-07
 Reference value :  1.04310e-07
 Reference value :  1.04445e-07
 Reference value :  1.04610e-07
 Reference value :  1.04748e-07
 Reference value :  1.04885e-07
 Reference value :  1.05030e-07
 Reference value :  1.05164e-07
 Reference value :  1.05300e-07
 Reference value :  1.05435e-07
 Reference value :  1.05572e-07
 Reference value :  1.05711e-07
 Reference value :  1.05853e-07
 Reference value :  1.05992e-07
 Reference value :  1.06128e-07
 Reference value :  1.06277e-07
 Reference value :  1.06417e-07
 Reference value :  1.06572e-07
 Reference value :  1.06720e-07
 Reference value :  1.06856e-07
 Reference value :  1.07001e-07
 Reference value :  1.07141e-07
 Reference value :  1.07275e-07
 Reference value :  1.07418e-07
 Reference value :  1.07568e-07
 Reference value :  1.07715e-07
 Reference value :  1.07860e-07
 Reference value :  1.07991e-07
 Reference value :  1.08141e-07
 Reference value :  1.08280e-07
 Reference value :  1.08415e-07
 Reference value :  1.08556e-07
 Reference value :  1.08692e-07
 Reference value :  1.08833e-07
 Reference value :  1.08972e-07
 Reference value :  1.09118e-07
 Reference value :  1.09254e-07
 Reference value :  1.09400e-07
 Reference value :  1.09536e-07
 Reference value :  1.09677e-07
 Reference value :  1.09818e-07
 Reference value :  1.09959e-07
 Reference value :  1.10106e-07
 Reference value :  1.10250e-07
 Reference value :  1.10402e-07
 Reference value :  1.10544e-07
 Reference value :  1.10696e-07
 Reference value :  1.10840e-07
 Reference value :  1.10989e-07
 Reference value :  1.11130e-07
 Reference value :  1.11282e-07
 Reference value :  1.11432e-07
 Reference value :  1.11575e-07
 Reference value :  1.11720e-07
 Reference value :  1.11883e-07
 Reference value :  1.12042e-07
 Reference value :  1.12188e-07
 Reference value :  1.12338e-07
 Reference value :  1.12485e-07
 Reference value :  1.12643e-07
 Reference value :  1.12780e-07
 Reference value :  1.12929e-07
 Reference value :  1.13071e-07
 Reference value :  1.13212e-07
 Reference value :  1.13358e-07
 Reference value :  1.13505e-07
 Reference value :  1.13656e-07
 Reference value :  1.13817e-07
 Reference value :  1.13974e-07
 Reference value :  1.14121e-07
 Reference value :  1.14273e-07
 Reference value :  1.14437e-07
 Reference value :  1.14610e-07
 Reference value :  1.14770e-07
 Reference value :  1.14924e-07
 Reference value :  1.15100e-07
 Reference value :  1.15250e-07
 Reference value :  1.15405e-07
 Reference value :  1.15548e-07
 Reference value :  1.15693e-07
 Reference value :  1.15849e-07
 Reference value :  1.16009e-07
 Reference value :  1.16149e-07
 Reference value :  1.16300e-07
 Reference value :  1.16446e-07
 Reference value :  1.16599e-07
 Reference value :  1.16740e-07
 Reference value :  1.16876e-07
 Reference value :  1.17010e-07
 Reference value :  1.17143e-07
 Reference value :  1.17277e-07
 Reference value :  1.17412e-07
 Reference value :  1.17549e-07
 Reference value :  1.17687e-07
 Reference value :  1.17820e-07
 Reference value :  1.17954e-07
 Reference value :  1.18086e-07
 Reference value :  1.18222e-07
 Reference value :  1.18361e-07
 Reference value :  1.18498e-07
 Reference value :  1.18631e-07
 Reference value :  1.18769e-07
 Reference value :  1.18907e-07
 Reference value :  1.19046e-07
 Reference value :  1.19191e-07
 Reference value :  1.19327e-07
 Reference value :  1.19460e-07
 Reference value :  1.19590e-07
 Reference value :  1.19721e-07
 Reference value :  1.19868e-07
 Reference value :  1.20001e-07
 Reference value :  1.20140e-07
 Reference value :  1.20272e-07
 Reference value :  1.20410e-07
 Reference value :  1.20543e-07
 Reference value :  1.20683e-07
 Reference value :  1.20817e-07
 Reference value :  1.20952e-07
 Reference value :  1.21090e-07
 Reference value :  1.21219e-07
 Reference value :  1.21353e-07
 Reference value :  1.21483e-07
 Reference value :  1.21615e-07
 Reference value :  1.21747e-07
 Reference value :  1.21875e-07
 Reference value :  1.22009e-07
 Reference value :  1.22141e-07
 Reference value :  1.22275e-07
 Reference value :  1.22405e-07
 Reference value :  1.22535e-07
 Reference value :  1.22670e-07
 Reference value :  1.22808e-07
 Reference value :  1.22939e-07
 Reference value :  1.23076e-07
 Reference value :  1.23213e-07
 Reference value :  1.23351e-07
 Reference value :  1.23493e-07
 Reference value :  1.23636e-07
 Reference value :  1.23770e-07
 Reference value :  1.23907e-07
 Reference value :  1.24050e-07
 Reference value :  1.24185e-07
 Reference value :  1.24318e-07
 Reference value :  1.24451e-07
 Reference value :  1.24583e-07
 Reference value :  1.24719e-07
 Reference value :  1.24868e-07
 Reference value :  1.25002e-07
 Reference value :  1.25143e-07
 Reference value :  1.25274e-07
 Reference value :  1.25409e-07
 Reference value :  1.25545e-07
 Reference value :  1.25680e-07
 Reference value :  1.25821e-07
 Reference value :  1.25960e-07
 Reference value :  1.26091e-07
 Reference value :  1.26230e-07
 Reference value :  1.26364e-07
 Reference value :  1.26502e-07
 Reference value :  1.26660e-07
 Reference value :  1.26793e-07
 Reference value :  1.26928e-07
 Reference value :  1.27058e-07
 Reference value :  1.27194e-07
 Reference value :  1.27329e-07
 Reference value :  1.27461e-07
 Reference value :  1.27599e-07
 Reference value :  1.27747e-07
 Reference value :  1.27884e-07
 Reference value :  1.28022e-07
 Reference value :  1.28157e-07
 Reference value :  1.28294e-07
 Reference value :  1.28427e-07
 Reference value :  1.28569e-07
 Reference value :  1.28703e-07
 Reference value :  1.28840e-07
 Reference value :  1.29005e-07
 Reference value :  1.29140e-07
 Reference value :  1.29270e-07
 Reference value :  1.29408e-07
 Reference value :  1.29543e-07
 Reference value :  1.29681e-07
 Reference value :  1.29839e-07
 Reference value :  1.29980e-07
 Reference value :  1.30123e-07
 Reference value :  1.30269e-07
 Reference value :  1.30406e-07
 Reference value :  1.30541e-07
 Reference value :  1.30680e-07
 Reference value :  1.30818e-07
 Reference value :  1.30950e-07
 Reference value :  1.31083e-07
 Reference value :  1.31213e-07
 Reference value :  1.31359e-07
 Reference value :  1.31498e-07
 Reference value :  1.31630e-07
 Reference value :  1.31772e-07
 Reference value :  1.31911e-07
 Reference value :  1.32048e-07
 Reference value :  1.32182e-07
 Reference value :  1.32324e-07
 Reference value :  1.32460e-07
 Reference value :  1.32591e-07
 Reference value :  1.32730e-07
 Reference value :  1.32860e-07
 Reference value :  1.33001e-07
 Reference value :  1.33133e-07
 Reference value :  1.33266e-07
 Reference value :  1.33406e-07
 Reference value :  1.33548e-07
 Reference value :  1.33688e-07
 Reference value :  1.33827e-07
 Reference value :  1.33959e-07
 Reference value :  1.34093e-07
 Reference value :  1.34225e-07
 Reference value :  1.34367e-07
 Reference value :  1.34506e-07
 Reference value :  1.34641e-07
 Reference value :  1.34773e-07
 Reference value :  1.34907e-07
 Reference value :  1.35040e-07
 Reference value :  1.35178e-07
 Reference value :  1.35320e-07
 Reference value :  1.35458e-07
 Reference value :  1.35598e-07
 Reference value :  1.35732e-07
 Reference value :  1.35877e-07
 Reference value :  1.36009e-07
 Reference value :  1.36144e-07
 Reference value :  1.36279e-07
 Reference value :  1.36411e-07
 Reference value :  1.36548e-07
 Reference value :  1.36680e-07
 Reference value :  1.36815e-07
 Reference value :  1.36949e-07
 Reference value :  1.37088e-07
 Reference value :  1.37229e-07
 Reference value :  1.37367e-07
 Reference value :  1.37500e-07
 Reference value :  1.37634e-07
 Reference value :  1.37764e-07
 Reference value :  1.37903e-07
 Reference value :  1.38039e-07
 Reference value :  1.38171e-07
 Reference value :  1.38305e-07
 Reference value :  1.38438e-07
 Reference value :  1.38575e-07
 Reference value :  1.38715e-07
 Reference value :  1.38850e-07
 Reference value :  1.38985e-07
 Reference value :  1.39120e-07
 Reference value :  1.39255e-07
 Reference value :  1.39387e-07
 Reference value :  1.39517e-07
 Reference value :  1.39659e-07
 Reference value :  1.39797e-07
 Reference value :  1.39931e-07
 Reference value :  1.40070e-07
 Reference value :  1.40204e-07
 Reference value :  1.40341e-07
 Reference value :  1.40483e-07
 Reference value :  1.40620e-07
 Reference value :  1.40753e-07
 Reference value :  1.40891e-07
 Reference value :  1.41030e-07
 Reference value :  1.41170e-07
 Reference value :  1.41310e-07
 Reference value :  1.41446e-07
 Reference value :  1.41581e-07
 Reference value :  1.41718e-07
 Reference value :  1.41850e-07
 Reference value :  1.41991e-07
 Reference value :  1.42121e-07
 Reference value :  1.42261e-07
 Reference value :  1.42394e-07
 Reference value :  1.42531e-07
 Reference value :  1.42667e-07
 Reference value :  1.42806e-07
 Reference value :  1.42939e-07
 Reference value :  1.43076e-07
 Reference value :  1.43220e-07
 Reference value :  1.43353e-07
 Reference value :  1.43497e-07
 Reference value :  1.43630e-07
 Reference value :  1.43777e-07
 Reference value :  1.43912e-07
 Reference value :  1.44043e-07
 Reference value :  1.44197e-07
 Reference value :  1.44336e-07
 Reference value :  1.44472e-07
 Reference value :  1.44614e-07
 Reference value :  1.44750e-07
 Reference value :  1.44895e-07
 Reference value :  1.45032e-07
 Reference value :  1.45165e-07
 Reference value :  1.45300e-07
 Reference value :  1.45438e-07
 Reference value :  1.45583e-07
 Reference value :  1.45721e-07
 Reference value :  1.45866e-07
 Reference value :  1.45997e-07
 Reference value :  1.46136e-07
 Reference value :  1.46279e-07
 Reference value :  1.46421e-07
 Reference value :  1.46565e-07
 Reference value :  1.46703e-07
 Reference value :  1.46847e-07
 Reference value :  1.46998e-07
 Reference value :  1.47138e-07
 Reference value :  1.47267e-07
 Reference value :  1.47410e-07
 Reference value :  1.47544e-07
 Reference value :  1.47683e-07
 Reference value :  1.47818e-07
 Reference value :  1.47950e-07
 Reference value :  1.48083e-07
 Reference value :  1.48218e-07
 Reference value :  1.48350e-07
 Reference value :  1.48489e-07
 Reference value :  1.48622e-07
 Reference value :  1.48758e-07
 Reference value :  1.48896e-07
 Reference value :  1.49027e-07
 Reference value :  1.49160e-07
 Reference value :  1.49294e-07
 Reference value :  1.49429e-07
 Reference value :  1.49570e-07
 Reference value :  1.49704e-07
 Reference value :  1.49845e-07
 Reference value :  1.49980e-07
 Reference value :  1.50117e-07
 Reference value :  1.50250e-07
 Reference value :  1.50385e-07
 Reference value :  1.50520e-07
 Reference value :  1.50665e-07
 Reference value :  1.50801e-07
 Reference value :  1.50934e-07
 Reference value :  1.51069e-07
 Reference value :  1.51201e-07
 Reference value :  1.51345e-07
 Reference value :  1.51490e-07
 Reference value :  1.51620e-07
 Reference value :  1.51761e-07
 Reference value :  1.51901e-07
 Reference value :  1.52040e-07
 Reference value :  1.52180e-07
 Reference value :  1.52314e-07
 Reference value :  1.52454e-07
 Reference value :  1.52590e-07
 Reference value :  1.52724e-07
 Reference value :  1.52868e-07
 Reference value :  1.53011e-07
 Reference value :  1.53143e-07
 Reference value :  1.53282e-07
 Reference value :  1.53420e-07
 Reference value :  1.53559e-07
 Reference value :  1.53700e-07
 Reference value :  1.53838e-07
 Reference value :  1.53980e-07
 Reference value :  1.54115e-07
 Reference value :  1.54258e-07
 Reference value :  1.54392e-07
 Reference value :  1.54530e-07
 Reference value :  1.54668e-07
 Reference value :  1.54801e-07
 Reference value :  1.54938e-07
 Reference value :  1.55071e-07
 Reference value :  1.55204e-07
 Reference value :  1.55342e-07
 Reference value :  1.55482e-07
 Reference value :  1.55621e-07
 Reference value :  1.55750e-07
 Reference value :  1.55891e-07
 Reference value :  1.56031e-07
 Reference value :  1.56170e-07
 Reference value :  1.56304e-07
 Reference value :  1.56446e-07
 Reference value :  1.56620e-07
 Reference value :  1.56761e-07
 Reference value :  1.56896e-07
 Reference value :  1.57030e-07
 Reference value :  1.57168e-07
 Reference value :  1.57302e-07
 Reference value :  1.57432e-07
 Reference value :  1.57566e-07
 Reference value :  1.57707e-07
 Reference value :  1.57839e-07
 Reference value :  1.57971e-07
 Reference value :  1.58113e-07
 Reference value :  1.58249e-07
 Reference value :  1.58387e-07
 Reference value :  1.58520e-07
 Reference value :  1.58655e-07
 Reference value :  1.58791e-07
 Reference value :  1.58934e-07
 Reference value :  1.59068e-07
 Reference value :  1.59204e-07
 Reference value :  1.59349e-07
 Reference value :  1.59480e-07
 Reference value :  1.59615e-07
 Reference value :  1.59756e-07
 Reference value :  1.59893e-07
 Reference value :  1.60030e-07
 Reference value :  1.60166e-07
 Reference value :  1.60310e-07
 Reference value :  1.60452e-07
 Reference value :  1.60589e-07
 Reference value :  1.60723e-07
 Reference value :  1.60861e-07
 Reference value :  1.60992e-07
 Reference value :  1.61128e-07
 Reference value :  1.61261e-07
 Reference value :  1.61392e-07
 Reference value :  1.61526e-07
 Reference value :  1.61660e-07
 Reference value :  1.61795e-07
 Reference value :  1.61941e-07
 Reference value :  1.62080e-07
 Reference value :  1.62220e-07
 Reference value :  1.62350e-07
 Reference value :  1.62493e-07
 Reference value :  1.62630e-07
 Reference value :  1.62763e-07
 Reference value :  1.62894e-07
 Reference value :  1.63030e-07
 Reference value :  1.63164e-07
 Reference value :  1.63306e-07
 Reference value :  1.63449e-07
 Reference value :  1.63585e-07
 Reference value :  1.63724e-07
 Reference value :  1.63859e-07
 Reference value :  1.63999e-07
 Reference value :  1.64143e-07
 Reference value :  1.64280e-07
 Reference value :  1.64415e-07
 Reference value :  1.64546e-07
 Reference value :  1.64700e-07
 Reference value :  1.64837e-07
 Reference value :  1.64973e-07
 Reference value :  1.65110e-07
 Reference value :  1.65262e-07
 Reference value :  1.65405e-07
 Reference value :  1.65543e-07
 Reference value :  1.65675e-07
 Reference value :  1.65815e-07
 Reference value :  1.65960e-07
 Reference value :  1.66099e-07
 Reference value :  1.66230e-07
 Reference value :  1.66365e-07
 Reference value :  1.66507e-07
 Reference value :  1.66642e-07
 Reference value :  1.66779e-07
 Reference value :  1.66910e-07
 Reference value :  1.67043e-07
 Reference value :  1.67180e-07
 Reference value :  1.67310e-07
 Reference value :  1.67449e-07
 Reference value :  1.67601e-07
 Reference value :  1.67738e-07
 Reference value :  1.67873e-07
 Reference value :  1.68009e-07
 Reference value :  1.68147e-07
 Reference value :  1.68283e-07
 Reference value :  1.68420e-07
 Reference value :  1.68550e-07
 Reference value :  1.68678e-07
 Reference value :  1.68820e-07
 Reference value :  1.68951e-07
 Reference value :  1.69081e-07
 Reference value :  1.69216e-07
 Reference value :  1.69356e-07
 Reference value :  1.69490e-07
 Reference value :  1.69641e-07
 Reference value :  1.69780e-07
 Reference value :  1.69922e-07
 Reference value :  1.70058e-07
 Reference value :  1.70191e-07
 Reference value :  1.70327e-07
 Reference value :  1.70460e-07
 Reference value :  1.70589e-07
 Reference value :  1.70720e-07
 Reference value :  1.70864e-07
 Reference value :  1.71000e-07
 Reference value :  1.71132e-07
 Reference value :  1.71270e-07
 Reference value :  1.71400e-07
 Reference value :  1.71538e-07
 Reference value :  1.71676e-07
 Reference value :  1.71805e-07
 Reference value :  1.71941e-07
 Reference value :  1.72080e-07
 Reference value :  1.72220e-07
 Reference value :  1.72357e-07
 Reference value :  1.72491e-07
 Reference value :  1.72624e-07
 Reference value :  1.72760e-07
 Reference value :  1.72894e-07
 Reference value :  1.73030e-07
 Reference value :  1.73163e-07
 Reference value :  1.73298e-07
 Reference value :  1.73434e-07
 Reference value :  1.73576e-07
 Reference value :  1.73710e-07
 Reference value :  1.73846e-07
 Reference value :  1.73988e-07
 Reference value :  1.74132e-07
 Reference value :  1.74273e-07
 Reference value :  1.74406e-07
 Reference value :  1.74540e-07
 Reference value :  1.74675e-07
 Reference value :  1.74804e-07
 Reference value :  1.74935e-07
 Reference value :  1.75065e-07
 Reference value :  1.75200e-07
 Reference value :  1.75343e-07
 Reference value :  1.75475e-07
 Reference value :  1.75613e-07
 Reference value :  1.75751e-07
 Reference value :  1.75884e-07
 Reference value :  1.76020e-07
 Reference value :  1.76152e-07
 Reference value :  1.76285e-07
 Reference value :  1.76423e-07
 Reference value :  1.76560e-07
 Reference value :  1.76697e-07
 Reference value :  1.76830e-07
 Reference value :  1.76965e-07
 Reference value :  1.77100e-07
 Reference value :  1.77234e-07
 Reference value :  1.77369e-07
 Reference value :  1.77505e-07
 Reference value :  1.77641e-07
 Reference value :  1.77780e-07
 Reference value :  1.77920e-07
 Reference value :  1.78061e-07
 Reference value :  1.78200e-07
 Reference value :  1.78330e-07
 Reference value :  1.78480e-07
 Reference value :  1.78626e-07
 Reference value :  1.78772e-07
 Reference value :  1.78907e-07
 Reference value :  1.79040e-07
 Reference value :  1.79178e-07
 Reference value :  1.79318e-07
 Reference value :  1.79457e-07
 Reference value :  1.79592e-07
 Reference value :  1.79729e-07
 Reference value :  1.79859e-07
 Reference value :  1.80004e-07
 Reference value :  1.80141e-07
 Reference value :  1.80282e-07
 Reference value :  1.80420e-07
 Reference value :  1.80553e-07
 Reference value :  1.80689e-07
 Reference value :  1.80821e-07
 Reference value :  1.80962e-07
 Reference value :  1.81102e-07
 Reference value :  1.81240e-07
 Reference value :  1.81376e-07
 Reference value :  1.81511e-07
 Reference value :  1.81649e-07
 Reference value :  1.81781e-07
 Reference value :  1.81924e-07
 Reference value :  1.82066e-07
 Reference value :  1.82200e-07
 Reference value :  1.82331e-07
 Reference value :  1.82468e-07
 Reference value :  1.82611e-07
 Reference value :  1.82750e-07
 Reference value :  1.82890e-07
 Reference value :  1.83031e-07
 Reference value :  1.83167e-07
 Reference value :  1.83298e-07
 Reference value :  1.83434e-07
 Reference value :  1.83569e-07
 Reference value :  1.83706e-07
 Reference value :  1.83845e-07
 Reference value :  1.83979e-07
 Reference value :  1.84120e-07
 Reference value :  1.84261e-07
 Reference value :  1.84395e-07
 Reference value :  1.84531e-07
 Reference value :  1.84670e-07
 Reference value :  1.84816e-07
 Reference value :  1.84960e-07
 Reference value :  1.85091e-07
 Reference value :  1.85231e-07
 Reference value :  1.85371e-07
 Reference value :  1.85503e-07
 Reference value :  1.85645e-07
 Reference value :  1.85781e-07
 Reference value :  1.85914e-07
 Reference value :  1.86050e-07
 Reference value :  1.86190e-07
 Reference value :  1.86331e-07
 Reference value :  1.86472e-07
 Reference value :  1.86607e-07
 Reference value :  1.86749e-07
 Reference value :  1.86889e-07
 Reference value :  1.87036e-07
 Reference value :  1.87179e-07
 Reference value :  1.87311e-07
 Reference value :  1.87449e-07
 Reference value :  1.87582e-07
 Reference value :  1.87718e-07
 Reference value :  1.87850e-07
 Reference value :  1.87986e-07
 Reference value :  1.88120e-07
 Reference value :  1.88259e-07
 Reference value :  1.88393e-07
 Reference value :  1.88530e-07
 Reference value :  1.88670e-07
 Reference value :  1.88809e-07
 Reference value :  1.88949e-07
 Reference value :  1.89090e-07
 Reference value :  1.89230e-07
 Reference value :  1.89367e-07
 Reference value :  1.89503e-07
 Reference value :  1.89658e-07
 Reference value :  1.89819e-07
 Reference value :  1.89953e-07
 Reference value :  1.90089e-07
 Reference value :  1.90228e-07
 Reference value :  1.90361e-07
 Reference value :  1.90502e-07
 Reference value :  1.90641e-07
 Reference value :  1.90780e-07
 Reference value :  1.90920e-07
 Reference value :  1.91058e-07
 Reference value :  1.91195e-07
 Reference value :  1.91328e-07
 Reference value :  1.91458e-07
 Reference value :  1.91591e-07
 Reference value :  1.91729e-07
 Reference value :  1.91867e-07
 Reference value :  1.92007e-07
 Reference value :  1.92146e-07
 Reference value :  1.92296e-07
 Reference value :  1.92442e-07
 Reference value :  1.92583e-07
 Reference value :  1.92719e-07
 Reference value :  1.92857e-07
 Reference value :  1.93001e-07
 Reference value :  1.93146e-07
 Reference value :  1.93288e-07
 Reference value :  1.93430e-07
 Reference value :  1.93563e-07
 Reference value :  1.93699e-07
 Reference value :  1.93840e-07
 Reference value :  1.93975e-07
 Reference value :  1.94110e-07
 Reference value :  1.94248e-07
 Reference value :  1.94380e-07
 Reference value :  1.94517e-07
 Reference value :  1.94650e-07
 Reference value :  1.94781e-07
 Reference value :  1.94956e-07
 Reference value :  1.95203e-07
 Reference value :  1.95440e-07
 Reference value :  1.95677e-07
 Reference value :  1.95920e-07
 Reference value :  1.96160e-07
 Reference value :  1.96301e-07
 Reference value :  1.96438e-07
 Reference value :  1.96581e-07
 Reference value :  1.96725e-07
 Reference value :  1.96870e-07
 Reference value :  1.97010e-07
 Reference value :  1.97146e-07
 Reference value :  1.97279e-07
 Reference value :  1.97412e-07
 Reference value :  1.97550e-07
 Reference value :  1.97685e-07
 Reference value :  1.97830e-07
 Reference value :  1.97970e-07
 Reference value :  1.98120e-07
 Reference value :  1.98253e-07
 Reference value :  1.98392e-07
 Reference value :  1.98530e-07
 Reference value :  1.98669e-07
 Reference value :  1.98810e-07
 Reference value :  1.98948e-07
 Reference value :  1.99093e-07
 Reference value :  1.99240e-07
 Reference value :  1.99380e-07
 Reference value :  1.99512e-07
 Reference value :  1.99664e-07
 Reference value :  1.99808e-07
 Reference value :  1.99940e-07
 Reference value :  2.00082e-07
 Reference value :  2.00241e-07
 Reference value :  2.00491e-07
 Reference value :  2.00741e-07
 Reference value :  2.00986e-07
 Reference value :  2.01123e-07
 Reference value :  2.01256e-07
 Reference value :  2.01391e-07
 Reference value :  2.01524e-07
 Reference value :  2.01654e-07
 Reference value :  2.01790e-07
 Reference value :  2.01926e-07
 Reference value :  2.02068e-07
 Reference value :  2.02206e-07
 Reference value :  2.02338e-07
 Reference value :  2.02472e-07
 Reference value :  2.02607e-07
 Reference value :  2.02744e-07
 Reference value :  2.02890e-07
 Reference value :  2.03020e-07
 Reference value :  2.03152e-07
 Reference value :  2.03294e-07
 Reference value :  2.03430e-07
 Reference value :  2.03581e-07
 Reference value :  2.03730e-07
 Reference value :  2.03872e-07
 Reference value :  2.04011e-07
 Reference value :  2.04145e-07
 Reference value :  2.04280e-07
 Reference value :  2.04420e-07
 Reference value :  2.04556e-07
 Reference value :  2.04693e-07
 Reference value :  2.04829e-07
 Reference value :  2.04961e-07
 Reference value :  2.05111e-07
 Reference value :  2.05249e-07
 Reference value :  2.05400e-07
 Reference value :  2.05542e-07
 Reference value :  2.05689e-07
 Reference value :  2.05839e-07
 Reference value :  2.05990e-07
 Reference value :  2.06139e-07
 Reference value :  2.06298e-07
 Reference value :  2.06440e-07
 Reference value :  2.06580e-07
 Reference value :  2.06731e-07
 Reference value :  2.06884e-07
 Reference value :  2.07023e-07
 Reference value :  2.07168e-07
 Reference value :  2.07301e-07
 Reference value :  2.07435e-07
 Reference value :  2.07573e-07
 Reference value :  2.07710e-07
 Reference value :  2.07857e-07
 Reference value :  2.08010e-07
 Reference value :  2.08163e-07
 Reference value :  2.08315e-07
 Reference value :  2.08477e-07
 Reference value :  2.08620e-07
 Reference value :  2.08780e-07
 Reference value :  2.08940e-07
 Reference value :  2.09120e-07
 Reference value :  2.09283e-07
 Reference value :  2.09460e-07
 Reference value :  2.09617e-07
 Reference value :  2.09763e-07
 Reference value :  2.09902e-07
 Reference value :  2.10034e-07
 Reference value :  2.10170e-07
 Reference value :  2.10304e-07
 Reference value :  2.10448e-07
 Reference value :  2.10585e-07
 Reference value :  2.10721e-07
 Reference value :  2.10866e-07
 Reference value :  2.11000e-07
 Reference value :  2.11150e-07
 Reference value :  2.11297e-07
 Reference value :  2.11459e-07
 Reference value :  2.11632e-07
 Reference value :  2.11793e-07
 Reference value :  2.11965e-07
 Reference value :  2.12117e-07
 Reference value :  2.12283e-07
 Reference value :  2.12454e-07
 Reference value :  2.12647e-07
 Reference value :  2.12830e-07
 Reference value :  2.12990e-07
 Reference value :  2.13174e-07
 Reference value :  2.13339e-07
 Reference value :  2.13497e-07
 Reference value :  2.13631e-07
 Reference value :  2.13768e-07
 Reference value :  2.13905e-07
 Reference value :  2.14043e-07
 Reference value :  2.14180e-07
 Reference value :  2.14317e-07
 Reference value :  2.14455e-07
 Reference value :  2.14599e-07
 Reference value :  2.14742e-07
 Reference value :  2.14896e-07
 Reference value :  2.15057e-07
 Reference value :  2.15224e-07
 Reference value :  2.15390e-07
 Reference value :  2.15621e-07
 Reference value :  2.15781e-07
 Reference value :  2.15949e-07
 Reference value :  2.16094e-07
 Reference value :  2.16246e-07
 Reference value :  2.16376e-07
 Reference value :  2.16523e-07
 Reference value :  2.16658e-07
 Reference value :  2.16795e-07
 Reference value :  2.16933e-07
 Reference value :  2.17070e-07
 Reference value :  2.17205e-07
 Reference value :  2.17343e-07
 Reference value :  2.17476e-07
 Reference value :  2.17618e-07
 Reference value :  2.17751e-07
 Reference value :  2.17890e-07
 Reference value :  2.18024e-07
 Reference value :  2.18160e-07
 Reference value :  2.18301e-07
 Reference value :  2.18441e-07
 Reference value :  2.18573e-07
 Reference value :  2.18710e-07
 Reference value :  2.18844e-07
 Reference value :  2.18985e-07
 Reference value :  2.19134e-07
 Reference value :  2.19287e-07
 Reference value :  2.19419e-07
 Reference value :  2.19554e-07
 Reference value :  2.19696e-07
 Reference value :  2.19835e-07
 Reference value :  2.19994e-07
 Reference value :  2.20130e-07
 Reference value :  2.20280e-07
 Reference value :  2.20416e-07
 Reference value :  2.20552e-07
 Reference value :  2.20692e-07
 Reference value :  2.20841e-07
 Reference value :  2.20976e-07
 Reference value :  2.21144e-07
 Reference value :  2.21290e-07
 Reference value :  2.21451e-07
 Reference value :  2.21673e-07
 Reference value :  2.21887e-07
 Reference value :  2.22022e-07
 Reference value :  2.22160e-07
 Reference value :  2.22292e-07
 Reference value :  2.22530e-07
 Reference value :  2.22701e-07
 Reference value :  2.22827e-07
 Reference value :  2.22964e-07
 Reference value :  2.23110e-07
 Reference value :  2.23250e-07
 Reference value :  2.23386e-07
 Reference value :  2.23548e-07
 Reference value :  2.23782e-07
 Reference value :  2.23924e-07
 Reference value :  2.24072e-07
 Reference value :  2.24210e-07
 Reference value :  2.24349e-07
 Reference value :  2.24480e-07
 Reference value :  2.24620e-07
 Reference value :  2.24753e-07
 Reference value :  2.24891e-07
 Reference value :  2.25032e-07
 Reference value :  2.25172e-07
 Reference value :  2.25306e-07
 Reference value :  2.25444e-07
 Reference value :  2.25581e-07
 Reference value :  2.25720e-07
 Reference value :  2.25860e-07
 Reference value :  2.26001e-07
 Reference value :  2.26134e-07
 Reference value :  2.26272e-07
 Reference value :  2.26416e-07
 Reference value :  2.26553e-07
 Reference value :  2.26687e-07
 Reference value :  2.26828e-07
 Reference value :  2.26964e-07
 Reference value :  2.27100e-07
 Reference value :  2.27251e-07
 Reference value :  2.27391e-07
 Reference value :  2.27525e-07
 Reference value :  2.27674e-07
 Reference value :  2.27810e-07
 Reference value :  2.27961e-07
 Reference value :  2.28098e-07
 Reference value :  2.28244e-07
 Reference value :  2.28389e-07
 Reference value :  2.28525e-07
 Reference value :  2.28663e-07
 Reference value :  2.28806e-07
 Reference value :  2.28951e-07
 Reference value :  2.29080e-07
 Reference value :  2.29212e-07
 Reference value :  2.29346e-07
 Reference value :  2.29477e-07
 Reference value :  2.29621e-07
 Reference value :  2.29760e-07
 Reference value :  2.29891e-07
 Reference value :  2.30035e-07
 Reference value :  2.30166e-07
 Reference value :  2.30302e-07
 Reference value :  2.30439e-07
 Reference value :  2.30571e-07
 Reference value :  2.30706e-07
 Reference value :  2.30837e-07
 Reference value :  2.30973e-07
 Reference value :  2.31108e-07
 Reference value :  2.31241e-07
 Reference value :  2.31382e-07
 Reference value :  2.31525e-07
 Reference value :  2.31660e-07
 Reference value :  2.31796e-07
 Reference value :  2.31933e-07
 Reference value :  2.32070e-07
 Reference value :  2.32224e-07
 Reference value :  2.32363e-07
 Reference value :  2.32510e-07
 Reference value :  2.32642e-07
 Reference value :  2.32780e-07
 Reference value :  2.32922e-07
 Reference value :  2.33056e-07
 Reference value :  2.33210e-07
 Reference value :  2.33349e-07
 Reference value :  2.33486e-07
 Reference value :  2.33640e-07
 Reference value :  2.33775e-07
 Reference value :  2.33917e-07
 Reference value :  2.34056e-07
 Reference value :  2.34192e-07
 Reference value :  2.34328e-07
 Reference value :  2.34460e-07
 Reference value :  2.34600e-07
 Reference value :  2.34754e-07
 Reference value :  2.34888e-07
 Reference value :  2.35020e-07
 Reference value :  2.35156e-07
 Reference value :  2.35293e-07
 Reference value :  2.35429e-07
 Reference value :  2.35572e-07
 Reference value :  2.35707e-07
 Reference value :  2.35841e-07
 Reference value :  2.35981e-07
 Reference value :  2.36125e-07
 Reference value :  2.36269e-07
 Reference value :  2.36401e-07
 Reference value :  2.36541e-07
 Reference value :  2.36720e-07
 Reference value :  2.36889e-07
 Reference value :  2.37020e-07
 Reference value :  2.37159e-07
 Reference value :  2.37293e-07
 Reference value :  2.37431e-07
 Reference value :  2.37570e-07
 Reference value :  2.37703e-07
 Reference value :  2.37841e-07
 Reference value :  2.37975e-07
 Reference value :  2.38130e-07
 Reference value :  2.38270e-07
 Reference value :  2.38404e-07
 Reference value :  2.38540e-07
 Reference value :  2.38680e-07
 Reference value :  2.38818e-07
 Reference value :  2.38955e-07
 Reference value :  2.39091e-07
 Reference value :  2.39242e-07
 Reference value :  2.39382e-07
 Reference value :  2.39517e-07
 Reference value :  2.39659e-07
 Reference value :  2.39805e-07
 Reference value :  2.39943e-07
 Reference value :  2.40079e-07
 Reference value :  2.40251e-07
 Reference value :  2.40391e-07
 Reference value :  2.40529e-07
 Reference value :  2.40666e-07
 Reference value :  2.40808e-07
 Reference value :  2.40950e-07
 Reference value :  2.41090e-07
 Reference value :  2.41226e-07
 Reference value :  2.41370e-07
 Reference value :  2.41504e-07
 Reference value :  2.41642e-07
 Reference value :  2.41787e-07
 Reference value :  2.41924e-07
 Reference value :  2.42071e-07
 Reference value :  2.42210e-07
 Reference value :  2.42340e-07
 Reference value :  2.42480e-07
 Reference value :  2.42621e-07
 Reference value :  2.42756e-07
 Reference value :  2.42901e-07
 Reference value :  2.43038e-07
 Reference value :  2.43172e-07
 Reference value :  2.43308e-07
 Reference value :  2.43457e-07
 Reference value :  2.43595e-07
 Reference value :  2.43726e-07
 Reference value :  2.43859e-07
 Reference value :  2.43996e-07
 Reference value :  2.44131e-07
 Reference value :  2.44259e-07
 Reference value :  2.44390e-07
 Reference value :  2.44520e-07
 Reference value :  2.44651e-07
 Reference value :  2.44790e-07
 Reference value :  2.44921e-07
 Reference value :  2.45061e-07
 Reference value :  2.45195e-07
 Reference value :  2.45332e-07
 Reference value :  2.45469e-07
 Reference value :  2.45600e-07
 Reference value :  2.45735e-07
 Reference value :  2.45870e-07
 Reference value :  2.46005e-07
 Reference value :  2.46141e-07
 Reference value :  2.46273e-07
 Reference value :  2.46411e-07
 Reference value :  2.46558e-07
 Reference value :  2.46693e-07
 Reference value :  2.46830e-07
 Reference value :  2.46969e-07
 Reference value :  2.47103e-07
 Reference value :  2.47249e-07
 Reference value :  2.47390e-07
 Reference value :  2.47527e-07
 Reference value :  2.47661e-07
 Reference value :  2.47808e-07
 Reference value :  2.47946e-07
 Reference value :  2.48077e-07
 Reference value :  2.48220e-07
 Reference value :  2.48375e-07
 Reference value :  2.48505e-07
 Reference value :  2.48640e-07
 Reference value :  2.48783e-07
 Reference value :  2.48925e-07
 Reference value :  2.49057e-07
 Reference value :  2.49184e-07
 Reference value :  2.49321e-07
 Reference value :  2.49465e-07
 Reference value :  2.49600e-07
 Reference value :  2.49736e-07
 Reference value :  2.49870e-07
 Reference value :  2.50004e-07
 Reference value :  2.50144e-07
 Reference value :  2.50280e-07
 Reference value :  2.50437e-07
 Reference value :  2.50580e-07
 Reference value :  2.50717e-07
 Reference value :  2.50869e-07
 Reference value :  2.51009e-07
 Reference value :  2.51144e-07
 Reference value :  2.51300e-07
 Reference value :  2.51449e-07
 Reference value :  2.51583e-07
 Reference value :  2.51714e-07
 Reference value :  2.51846e-07
 Reference value :  2.52000e-07
 Reference value :  2.52143e-07
 Reference value :  2.52280e-07
 Reference value :  2.52430e-07
 Reference value :  2.52569e-07
 Reference value :  2.52745e-07
 Reference value :  2.52873e-07
 Reference value :  2.53041e-07
 Reference value :  2.53188e-07
 Reference value :  2.53322e-07
 Reference value :  2.53471e-07
 Reference value :  2.53612e-07
 Reference value :  2.53744e-07
 Reference value :  2.53882e-07
 Reference value :  2.54025e-07
 Reference value :  2.54167e-07
 Reference value :  2.54301e-07
 Reference value :  2.54437e-07
 Reference value :  2.54570e-07
 Reference value :  2.54714e-07
 Reference value :  2.54852e-07
 Reference value :  2.54991e-07
 Reference value :  2.55126e-07
 Reference value :  2.55270e-07
 Reference value :  2.55400e-07
 Reference value :  2.55544e-07
 Reference value :  2.55680e-07
 Reference value :  2.55820e-07
 Reference value :  2.55962e-07
 Reference value :  2.56102e-07
 Reference value :  2.56321e-07
 Reference value :  2.56460e-07
 Reference value :  2.56609e-07
 Reference value :  2.56773e-07
 Reference value :  2.56903e-07
 Reference value :  2.57034e-07
 Reference value :  2.57170e-07
 Reference value :  2.57330e-07
 Reference value :  2.57478e-07
 Reference value :  2.57617e-07
 Reference value :  2.57754e-07
 Reference value :  2.57901e-07
 Reference value :  2.58052e-07
 Reference value :  2.58197e-07
 Reference value :  2.58327e-07
 Reference value :  2.58460e-07
 Reference value :  2.58596e-07
 Reference value :  2.58737e-07
 Reference value :  2.58881e-07
 Reference value :  2.59019e-07
 Reference value :  2.59154e-07
 Reference value :  2.59291e-07
 Reference value :  2.59434e-07
 Reference value :  2.59569e-07
 Reference value :  2.59740e-07
 Reference value :  2.59872e-07
 Reference value :  2.60012e-07
 Reference value :  2.60162e-07
 Reference value :  2.60296e-07
 Reference value :  2.60434e-07
 Reference value :  2.60577e-07
 Reference value :  2.60721e-07
 Reference value :  2.60859e-07
 Reference value :  2.60993e-07
 Reference value :  2.61131e-07
 Reference value :  2.61274e-07
 Reference value :  2.61422e-07
 Reference value :  2.61556e-07
 Reference value :  2.61700e-07
 Reference value :  2.61833e-07
 Reference value :  2.61965e-07
 Reference value :  2.62120e-07
 Reference value :  2.62252e-07
 Reference value :  2.62383e-07
 Reference value :  2.62517e-07
 Reference value :  2.62653e-07
 Reference value :  2.62791e-07
 Reference value :  2.62941e-07
 Reference value :  2.63090e-07
 Reference value :  2.63227e-07
 Reference value :  2.63380e-07
 Reference value :  2.63546e-07
 Reference value :  2.63742e-07
 Reference value :  2.64001e-07
 Reference value :  2.64178e-07
 Reference value :  2.64331e-07
 Reference value :  2.64574e-07
 Reference value :  2.64770e-07
 Reference value :  2.64914e-07
 Reference value :  2.65056e-07
 Reference value :  2.65193e-07
 Reference value :  2.65359e-07
 Reference value :  2.65492e-07
 Reference value :  2.65641e-07
 Reference value :  2.65855e-07
 Reference value :  2.66040e-07
 Reference value :  2.66193e-07
 Reference value :  2.66366e-07
 Reference value :  2.66500e-07
 Reference value :  2.66648e-07
 Reference value :  2.66795e-07
 Reference value :  2.66931e-07
 Reference value :  2.67076e-07
 Reference value :  2.67211e-07
 Reference value :  2.67346e-07
 Reference value :  2.67485e-07
 Reference value :  2.67631e-07
 Reference value :  2.67782e-07
 Reference value :  2.67920e-07
 Reference value :  2.68058e-07
 Reference value :  2.68200e-07
 Reference value :  2.68361e-07
 Reference value :  2.68506e-07
 Reference value :  2.68660e-07
 Reference value :  2.68818e-07
 Reference value :  2.69002e-07
 Reference value :  2.69174e-07
 Reference value :  2.69314e-07
 Reference value :  2.69537e-07
 Reference value :  2.69819e-07
 Reference value :  2.69964e-07
 Reference value :  2.70121e-07
 Reference value :  2.70258e-07
 Reference value :  2.70417e-07
 Reference value :  2.70632e-07
 Reference value :  2.70841e-07
 Reference value :  2.71020e-07
 Reference value :  2.71160e-07
 Reference value :  2.71290e-07
 Reference value :  2.71424e-07
 Reference value :  2.71559e-07
 Reference value :  2.71698e-07
 Reference value :  2.71889e-07
 Reference value :  2.72131e-07
 Reference value :  2.72309e-07
 Reference value :  2.72442e-07
 Reference value :  2.72574e-07
 Reference value :  2.72713e-07
 Reference value :  2.72843e-07
 Reference value :  2.72983e-07
 Reference value :  2.73135e-07
 Reference value :  2.73273e-07
 Reference value :  2.73410e-07
 Reference value :  2.73550e-07
 Reference value :  2.73719e-07
 Reference value :  2.73900e-07
 Reference value :  2.74041e-07
 Reference value :  2.74200e-07
 Reference value :  2.74356e-07
 Reference value :  2.74498e-07
 Reference value :  2.74640e-07
 Reference value :  2.74823e-07
 Reference value :  2.75020e-07
 Reference value :  2.75250e-07
 Reference value :  2.75429e-07
 Reference value :  2.75656e-07
 Reference value :  2.75839e-07
 Reference value :  2.75986e-07
 Reference value :  2.76139e-07
 Reference value :  2.76277e-07
 Reference value :  2.76528e-07
 Reference value :  2.76710e-07
 Reference value :  2.76881e-07
 Reference value :  2.77023e-07
 Reference value :  2.77182e-07
 Reference value :  2.77323e-07
 Reference value :  2.77461e-07
 Reference value :  2.77600e-07
 Reference value :  2.77771e-07
 Reference value :  2.77924e-07
 Reference value :  2.78065e-07
 Reference value :  2.78210e-07
 Reference value :  2.78372e-07
 Reference value :  2.78523e-07
 Reference value :  2.78663e-07
 Reference value :  2.78800e-07
 Reference value :  2.78943e-07
 Reference value :  2.79091e-07
 Reference value :  2.79231e-07
 Reference value :  2.79381e-07
 Reference value :  2.79527e-07
 Reference value :  2.79680e-07
 Reference value :  2.79883e-07
 Reference value :  2.80076e-07
 Reference value :  2.80230e-07
 Reference value :  2.80415e-07
 Reference value :  2.80584e-07
 Reference value :  2.80740e-07
 Reference value :  2.80880e-07
 Reference value :  2.81030e-07
 Reference value :  2.81177e-07
 Reference value :  2.81318e-07
 Reference value :  2.81465e-07
 Reference value :  2.81640e-07
 Reference value :  2.81830e-07
 Reference value :  2.81975e-07
 Reference value :  2.82152e-07
 Reference value :  2.82305e-07
 Reference value :  2.82460e-07
 Reference value :  2.82602e-07
 Reference value :  2.82748e-07
 Reference value :  2.82894e-07
 Reference value :  2.83036e-07
 Reference value :  2.83198e-07
 Reference value :  2.83403e-07
 Reference value :  2.83565e-07
 Reference value :  2.83767e-07
 Reference value :  2.83920e-07
 Reference value :  2.84075e-07
 Reference value :  2.84271e-07
 Reference value :  2.84428e-07
 Reference value :  2.84600e-07
 Reference value :  2.84750e-07
 Reference value :  2.84899e-07
 Reference value :  2.85043e-07
 Reference value :  2.85191e-07
 Reference value :  2.85338e-07
 Reference value :  2.85493e-07
 Reference value :  2.85650e-07
 Reference value :  2.85791e-07
 Reference value :  2.85944e-07
 Reference value :  2.86099e-07
 Reference value :  2.86254e-07
 Reference value :  2.86398e-07
 Reference value :  2.86550e-07
 Reference value :  2.86691e-07
 Reference value :  2.86833e-07
 Reference value :  2.86975e-07
 Reference value :  2.87118e-07
 Reference value :  2.87259e-07
 Reference value :  2.87412e-07
 Reference value :  2.87557e-07
 Reference value :  2.87694e-07
 Reference value :  2.87840e-07
 Reference value :  2.87981e-07
 Reference value :  2.88138e-07
 Reference value :  2.88287e-07
 Reference value :  2.88432e-07
 Reference value :  2.88588e-07
 Reference value :  2.88737e-07
 Reference value :  2.88885e-07
 Reference value :  2.89033e-07
 Reference value :  2.89185e-07
 Reference value :  2.89319e-07
 Reference value :  2.89460e-07
 Reference value :  2.89614e-07
 Reference value :  2.89766e-07
 Reference value :  2.89903e-07
 Reference value :  2.90042e-07
 Reference value :  2.90202e-07
 Reference value :  2.90345e-07
 Reference value :  2.90490e-07
 Reference value :  2.90635e-07
 Reference value :  2.90784e-07
 Reference value :  2.90929e-07
 Reference value :  2.91070e-07
 Reference value :  2.91203e-07
 Reference value :  2.91341e-07
 Reference value :  2.91490e-07
 Reference value :  2.91625e-07
 Reference value :  2.91771e-07
 Reference value :  2.91916e-07
 Reference value :  2.92063e-07
 Reference value :  2.92206e-07
 Reference value :  2.92339e-07
 Reference value :  2.92479e-07
 Reference value :  2.92629e-07
 Reference value :  2.92761e-07
 Reference value :  2.92900e-07
 Reference value :  2.93071e-07
 Reference value :  2.93217e-07
 Reference value :  2.93369e-07
 Reference value :  2.93510e-07
 Reference value :  2.93661e-07
 Reference value :  2.93816e-07
 Reference value :  2.93960e-07
 Reference value :  2.94116e-07
 Reference value :  2.94268e-07
 Reference value :  2.94421e-07
 Reference value :  2.94568e-07
 Reference value :  2.94721e-07
 Reference value :  2.94870e-07
 Reference value :  2.95018e-07
 Reference value :  2.95161e-07
 Reference value :  2.95320e-07
 Reference value :  2.95463e-07
 Reference value :  2.95607e-07
 Reference value :  2.95774e-07
 Reference value :  2.95937e-07
 Reference value :  2.96080e-07
 Reference value :  2.96220e-07
 Reference value :  2.96366e-07
 Reference value :  2.96530e-07
 Reference value :  2.96671e-07
 Reference value :  2.96813e-07
 Reference value :  2.96971e-07
 Reference value :  2.97116e-07
 Reference value :  2.97263e-07
 Reference value :  2.97401e-07
 Reference value :  2.97541e-07
 Reference value :  2.97680e-07
 Reference value :  2.97820e-07
 Reference value :  2.97962e-07
 Reference value :  2.98111e-07
 Reference value :  2.98254e-07
 Reference value :  2.98393e-07
 Reference value :  2.98544e-07
 Reference value :  2.98683e-07
 Reference value :  2.98826e-07
 Reference value :  2.98983e-07
 Reference value :  2.99124e-07
 Reference value :  2.99267e-07
 Reference value :  2.99417e-07
 Reference value :  2.99560e-07
 Reference value :  2.99711e-07
 Reference value :  2.99850e-07
 Reference value :  2.99991e-07
 Reference value :  3.00137e-07
 Reference value :  3.00271e-07
 Reference value :  3.00410e-07
 Reference value :  3.00556e-07
 Reference value :  3.00701e-07
 Reference value :  3.00841e-07
 Reference value :  3.00978e-07
 Reference value :  3.01120e-07
 Reference value :  3.01254e-07
 Reference value :  3.01391e-07
 Reference value :  3.01530e-07
 Reference value :  3.01670e-07
 Reference value :  3.01804e-07
 Reference value :  3.01940e-07
 Reference value :  3.02087e-07
 Reference value :  3.02231e-07
 Reference value :  3.02388e-07
 Reference value :  3.02534e-07
 Reference value :  3.02686e-07
 Reference value :  3.02827e-07
 Reference value :  3.02974e-07
 Reference value :  3.03119e-07
 Reference value :  3.03261e-07
 Reference value :  3.03410e-07
 Reference value :  3.03547e-07
 Reference value :  3.03702e-07
 Reference value :  3.03844e-07
 Reference value :  3.03984e-07
 Reference value :  3.04127e-07
 Reference value :  3.04266e-07
 Reference value :  3.04410e-07
 Reference value :  3.04547e-07
 Reference value :  3.04682e-07
 Reference value :  3.04820e-07
 Reference value :  3.04960e-07
 Reference value :  3.05103e-07
 Reference value :  3.05244e-07
 Reference value :  3.05386e-07
 Reference value :  3.05528e-07
 Reference value :  3.05664e-07
 Reference value :  3.05812e-07
 Reference value :  3.05962e-07
 Reference value :  3.06119e-07
 Reference value :  3.06257e-07
 Reference value :  3.06400e-07
 Reference value :  3.06541e-07
 Reference value :  3.06680e-07
 Reference value :  3.06820e-07
 Reference value :  3.06965e-07
 Reference value :  3.07110e-07
 Reference value :  3.07241e-07
 Reference value :  3.07390e-07
 Reference value :  3.07539e-07
 Reference value :  3.07677e-07
 Reference value :  3.07818e-07
 Reference value :  3.07971e-07
 Reference value :  3.08115e-07
 Reference value :  3.08260e-07
 Reference value :  3.08399e-07
 Reference value :  3.08535e-07
 Reference value :  3.08674e-07
 Reference value :  3.08811e-07
 Reference value :  3.08955e-07
 Reference value :  3.09090e-07
 Reference value :  3.09236e-07
 Reference value :  3.09381e-07
 Reference value :  3.09536e-07
 Reference value :  3.09681e-07
 Reference value :  3.09827e-07
 Reference value :  3.09966e-07
 Reference value :  3.10102e-07
 Reference value :  3.10241e-07
 Reference value :  3.10391e-07
 Reference value :  3.10535e-07
 Reference value :  3.10689e-07
 Reference value :  3.10829e-07
 Reference value :  3.10970e-07
 Reference value :  3.11119e-07
 Reference value :  3.11260e-07
 Reference value :  3.11403e-07
 Reference value :  3.11544e-07
 Reference value :  3.11718e-07
 Reference value :  3.11883e-07
 Reference value :  3.12031e-07
 Reference value :  3.12180e-07
 Reference value :  3.12330e-07
 Reference value :  3.12480e-07
 Reference value :  3.12629e-07
 Reference value :  3.12778e-07
 Reference value :  3.12942e-07
 Reference value :  3.13089e-07
 Reference value :  3.13226e-07
 Reference value :  3.13380e-07
 Reference value :  3.13515e-07
 Reference value :  3.13660e-07
 Reference value :  3.13807e-07
 Reference value :  3.13970e-07
 Reference value :  3.14120e-07
 Reference value :  3.14288e-07
 Reference value :  3.14441e-07
 Reference value :  3.14581e-07
 Reference value :  3.14723e-07
 Reference value :  3.14861e-07
 Reference value :  3.14996e-07
 Reference value :  3.15146e-07
 Reference value :  3.15290e-07
 Reference value :  3.15430e-07
 Reference value :  3.15573e-07
 Reference value :  3.15710e-07
 Reference value :  3.15860e-07
 Reference value :  3.15997e-07
 Reference value :  3.16150e-07
 Reference value :  3.16291e-07
 Reference value :  3.16432e-07
 Reference value :  3.16576e-07
 Reference value :  3.16712e-07
 Reference value :  3.16851e-07
 Reference value :  3.16990e-07
 Reference value :  3.17131e-07
 Reference value :  3.17276e-07
 Reference value :  3.17423e-07
 Reference value :  3.17569e-07
 Reference value :  3.17719e-07
 Reference value :  3.17886e-07
 Reference value :  3.18043e-07
 Reference value :  3.18211e-07
 Reference value :  3.18347e-07
 Reference value :  3.18488e-07
 Reference value :  3.18636e-07
 Reference value :  3.18775e-07
 Reference value :  3.18920e-07
 Reference value :  3.19068e-07
 Reference value :  3.19218e-07
 Reference value :  3.19354e-07
 Reference value :  3.19523e-07
 Reference value :  3.19679e-07
 Reference value :  3.19821e-07
 Reference value :  3.19972e-07
 Reference value :  3.20118e-07
 Reference value :  3.20253e-07
 Reference value :  3.20400e-07
 Reference value :  3.20559e-07
 Reference value :  3.20739e-07
 Reference value :  3.20883e-07
 Reference value :  3.21036e-07
 Reference value :  3.21179e-07
 Reference value :  3.21354e-07
 Reference value :  3.21504e-07
 Reference value :  3.21660e-07
 Reference value :  3.21814e-07
 Reference value :  3.21967e-07
 Reference value :  3.22125e-07
 Reference value :  3.22290e-07
 Reference value :  3.22441e-07
 Reference value :  3.22591e-07
 Reference value :  3.22744e-07
 Reference value :  3.22881e-07
 Reference value :  3.23024e-07
 Reference value :  3.23166e-07
 Reference value :  3.23312e-07
 Reference value :  3.23467e-07
 Reference value :  3.23612e-07
 Reference value :  3.23767e-07
 Reference value :  3.23920e-07
 Reference value :  3.24061e-07
 Reference value :  3.24202e-07
 Reference value :  3.24353e-07
 Reference value :  3.24501e-07
 Reference value :  3.24665e-07
 Reference value :  3.24811e-07
 Reference value :  3.24958e-07
 Reference value :  3.25101e-07
 Reference value :  3.25244e-07
 Reference value :  3.25386e-07
 Reference value :  3.25534e-07
 Reference value :  3.25680e-07
 Reference value :  3.25835e-07
 Reference value :  3.25990e-07
 Reference value :  3.26131e-07
 Reference value :  3.26300e-07
 Reference value :  3.26459e-07
 Reference value :  3.26620e-07
 Reference value :  3.26762e-07
 Reference value :  3.26913e-07
 Reference value :  3.27055e-07
 Reference value :  3.27204e-07
 Reference value :  3.27354e-07
 Reference value :  3.27530e-07
 Reference value :  3.27690e-07
 Reference value :  3.27851e-07
 Reference value :  3.27994e-07
 Reference value :  3.28140e-07
 Reference value :  3.28289e-07
 Reference value :  3.28449e-07
 Reference value :  3.28591e-07
 Reference value :  3.28738e-07
 Reference value :  3.28890e-07
 Reference value :  3.29059e-07
 Reference value :  3.29217e-07
 Reference value :  3.29361e-07
 Reference value :  3.29505e-07
 Reference value :  3.29651e-07
 Reference value :  3.29800e-07
 Reference value :  3.29951e-07
 Reference value :  3.30106e-07
 Reference value :  3.30260e-07
 Reference value :  3.30403e-07
 Reference value :  3.30566e-07
 Reference value :  3.30727e-07
 Reference value :  3.30899e-07
 Reference value :  3.31058e-07
 Reference value :  3.31231e-07
 Reference value :  3.31402e-07
 Reference value :  3.31672e-07
 Reference value :  3.31857e-07
 Reference value :  3.32040e-07
 Reference value :  3.32201e-07
 Reference value :  3.32365e-07
 Reference value :  3.32533e-07
 Reference value :  3.32787e-07
 Reference value :  3.32946e-07
 Reference value :  3.33101e-07
 Reference value :  3.33251e-07
 Reference value :  3.33416e-07
 Reference value :  3.33630e-07
 Reference value :  3.33848e-07
 Reference value :  3.34050e-07
 Reference value :  3.34243e-07
 Reference value :  3.34433e-07
 Reference value :  3.34621e-07
 Reference value :  3.34817e-07
 Reference value :  3.35002e-07
 Reference value :  3.35194e-07
 Reference value :  3.35394e-07
 Reference value :  3.35573e-07
 Reference value :  3.35776e-07
 Reference value :  3.35961e-07
 Reference value :  3.36161e-07
 Reference value :  3.36370e-07
 Reference value :  3.36591e-07
 Reference value :  3.36796e-07
 Reference value :  3.37020e-07
 Reference value :  3.37250e-07
 Reference value :  3.37475e-07
 Reference value :  3.37690e-07
 Reference value :  3.37917e-07
 Reference value :  3.38160e-07
 Reference value :  3.38389e-07
 Reference value :  3.38618e-07
 Reference value :  3.38831e-07
 Reference value :  3.39050e-07
 Reference value :  3.39262e-07
 Reference value :  3.39471e-07
 Reference value :  3.39716e-07
 Reference value :  3.39950e-07
 Reference value :  3.40190e-07
 Reference value :  3.40410e-07
 Reference value :  3.40639e-07
 Reference value :  3.40854e-07
 Reference value :  3.41093e-07
 Reference value :  3.41320e-07
 Reference value :  3.41524e-07
 Reference value :  3.41737e-07
 Reference value :  3.41940e-07
 Reference value :  3.42154e-07
 Reference value :  3.42353e-07
 Reference value :  3.42564e-07
 Reference value :  3.42761e-07
 Reference value :  3.42952e-07
 Reference value :  3.43150e-07
 Reference value :  3.43341e-07
 Reference value :  3.43545e-07
 Reference value :  3.43752e-07
 Reference value :  3.43959e-07
 Reference value :  3.44161e-07
 Reference value :  3.44370e-07
 Reference value :  3.44544e-07
 Reference value :  3.44725e-07
 Reference value :  3.44901e-07
 Reference value :  3.45150e-07
 Reference value :  3.45327e-07
 Reference value :  3.45514e-07
 Reference value :  3.45707e-07
 Reference value :  3.45924e-07
 Reference value :  3.46130e-07
 Reference value :  3.46305e-07
 Reference value :  3.46500e-07
 Reference value :  3.46683e-07
 Reference value :  3.46878e-07
 Reference value :  3.47076e-07
 Reference value :  3.47246e-07
 Reference value :  3.47432e-07
 Reference value :  3.47590e-07
 Reference value :  3.47740e-07
 Reference value :  3.47907e-07
 Reference value :  3.48103e-07
 Reference value :  3.48290e-07
 Reference value :  3.48471e-07
 Reference value :  3.48649e-07
 Reference value :  3.48804e-07
 Reference value :  3.48962e-07
 Reference value :  3.49119e-07
 Reference value :  3.49274e-07
 Reference value :  3.49423e-07
 Reference value :  3.49594e-07
 Reference value :  3.49786e-07
 Reference value :  3.49953e-07
 Reference value :  3.50101e-07
 Reference value :  3.50250e-07
 Reference value :  3.50402e-07
 Reference value :  3.50596e-07
 Reference value :  3.50794e-07
 Reference value :  3.50961e-07
 Reference value :  3.51125e-07
 Reference value :  3.51314e-07
 Reference value :  3.51518e-07
 Reference value :  3.51744e-07
 Reference value :  3.51910e-07
 Reference value :  3.52101e-07
 Reference value :  3.52298e-07
 Reference value :  3.52481e-07
 Reference value :  3.52649e-07
 Reference value :  3.52837e-07
 Reference value :  3.53006e-07
 Reference value :  3.53190e-07
 Reference value :  3.53343e-07
 Reference value :  3.53578e-07
 Reference value :  3.53785e-07
 Reference value :  3.53981e-07
 Reference value :  3.54150e-07
 Reference value :  3.54348e-07
 Reference value :  3.54540e-07
 Reference value :  3.54730e-07
 Reference value :  3.54924e-07
 Reference value :  3.55091e-07
 Reference value :  3.55270e-07
 Reference value :  3.55454e-07
 Reference value :  3.55637e-07
 Reference value :  3.55807e-07
 Reference value :  3.55996e-07
 Reference value :  3.56156e-07
 Reference value :  3.56345e-07
 Reference value :  3.56552e-07
 Reference value :  3.56750e-07
 Reference value :  3.56950e-07
 Reference value :  3.57152e-07
 Reference value :  3.57356e-07
 Reference value :  3.57531e-07
 Reference value :  3.57729e-07
 Reference value :  3.57939e-07
 Reference value :  3.58106e-07
 Reference value :  3.58270e-07
 Reference value :  3.58429e-07
 Reference value :  3.58591e-07
 Reference value :  3.58761e-07
 Reference value :  3.58954e-07
 Reference value :  3.59172e-07
 Reference value :  3.59378e-07
 Reference value :  3.59572e-07
 Reference value :  3.59767e-07
 Reference value :  3.59953e-07
 Reference value :  3.60167e-07
 Reference value :  3.60373e-07
 Reference value :  3.60560e-07
 Reference value :  3.60764e-07
 Reference value :  3.60980e-07
 Reference value :  3.61177e-07
 Reference value :  3.61385e-07
 Reference value :  3.61589e-07
 Reference value :  3.61781e-07
 Reference value :  3.61990e-07
 Reference value :  3.62187e-07
 Reference value :  3.62362e-07
 Reference value :  3.62550e-07
 Reference value :  3.62760e-07
 Reference value :  3.62974e-07
 Reference value :  3.63171e-07
 Reference value :  3.63376e-07
 Reference value :  3.63574e-07
 Reference value :  3.63754e-07
 Reference value :  3.63923e-07
 Reference value :  3.64100e-07
 Reference value :  3.64295e-07
 Reference value :  3.64499e-07
 Reference value :  3.64666e-07
 Reference value :  3.64858e-07
 Reference value :  3.65048e-07
 Reference value :  3.65215e-07
 Reference value :  3.65401e-07
 Reference value :  3.65587e-07
 Reference value :  3.65765e-07
 Reference value :  3.65979e-07
 Reference value :  3.66171e-07
 Reference value :  3.66377e-07
 Reference value :  3.66578e-07
 Reference value :  3.66786e-07
 Reference value :  3.66990e-07
 Reference value :  3.67180e-07
 Reference value :  3.67357e-07
 Reference value :  3.67535e-07
 Reference value :  3.67716e-07
 Reference value :  3.67911e-07
 Reference value :  3.68090e-07
 Reference value :  3.68272e-07
 Reference value :  3.68449e-07
 Reference value :  3.68646e-07
 Reference value :  3.68861e-07
 Reference value :  3.69054e-07
 Reference value :  3.69230e-07
 Reference value :  3.69427e-07
 Reference value :  3.69623e-07
 Reference value :  3.69827e-07
 Reference value :  3.70014e-07
 Reference value :  3.70211e-07
 Reference value :  3.70427e-07
 Reference value :  3.70630e-07
 Reference value :  3.70820e-07
 Reference value :  3.71023e-07
 Reference value :  3.71243e-07
 Reference value :  3.71443e-07
 Reference value :  3.71627e-07
 Reference value :  3.71808e-07
 Reference value :  3.72001e-07
 Reference value :  3.72193e-07
 Reference value :  3.72439e-07
 Reference value :  3.72652e-07
 Reference value :  3.72870e-07
 Reference value :  3.73064e-07
 Reference value :  3.73256e-07
 Reference value :  3.73464e-07
 Reference value :  3.73661e-07
 Reference value :  3.73871e-07
 Reference value :  3.74061e-07
 Reference value :  3.74247e-07
 Reference value :  3.74453e-07
 Reference value :  3.74649e-07
 Reference value :  3.74850e-07
 Reference value :  3.75034e-07
 Reference value :  3.75200e-07
 Reference value :  3.75369e-07
 Reference value :  3.75540e-07
 Reference value :  3.75700e-07
 Reference value :  3.75870e-07
 Reference value :  3.76030e-07
 Reference value :  3.76198e-07
 Reference value :  3.76359e-07
 Reference value :  3.76521e-07
 Reference value :  3.76684e-07
 Reference value :  3.76849e-07
 Reference value :  3.77010e-07
 Reference value :  3.77170e-07
 Reference value :  3.77335e-07
 Reference value :  3.77498e-07
 Reference value :  3.77665e-07
 Reference value :  3.77831e-07
 Reference value :  3.77991e-07
 Reference value :  3.78165e-07
 Reference value :  3.78323e-07
 Reference value :  3.78492e-07
 Reference value :  3.78661e-07
 Reference value :  3.78823e-07
 Reference value :  3.79017e-07
 Reference value :  3.79239e-07
 Reference value :  3.79405e-07
 Reference value :  3.79562e-07
 Reference value :  3.79720e-07
 Reference value :  3.79884e-07
 Reference value :  3.80051e-07
 Reference value :  3.80212e-07
 Reference value :  3.80381e-07
 Reference value :  3.80544e-07
 Reference value :  3.80711e-07
 Reference value :  3.80871e-07
 Reference value :  3.81046e-07
 Reference value :  3.81204e-07
 Reference value :  3.81395e-07
 Reference value :  3.81560e-07
 Reference value :  3.81720e-07
 Reference value :  3.81889e-07
 Reference value :  3.82050e-07
 Reference value :  3.82221e-07
 Reference value :  3.82391e-07
 Reference value :  3.82550e-07
 Reference value :  3.82715e-07
 Reference value :  3.82878e-07
 Reference value :  3.83036e-07
 Reference value :  3.83210e-07
 Reference value :  3.83371e-07
 Reference value :  3.83535e-07
 Reference value :  3.83703e-07
 Reference value :  3.83867e-07
 Reference value :  3.84026e-07
 Reference value :  3.84194e-07
 Reference value :  3.84365e-07
 Reference value :  3.84521e-07
 Reference value :  3.84705e-07
 Reference value :  3.84881e-07
 Reference value :  3.85054e-07
 Reference value :  3.85240e-07
 Reference value :  3.85410e-07
 Reference value :  3.85561e-07
 Reference value :  3.85740e-07
 Reference value :  3.85960e-07
 Reference value :  3.86113e-07
 Reference value :  3.86266e-07
 Reference value :  3.86418e-07
 Reference value :  3.86566e-07
 Reference value :  3.86732e-07
 Reference value :  3.86890e-07
 Reference value :  3.87030e-07
 Reference value :  3.87185e-07
 Reference value :  3.87329e-07
 Reference value :  3.87480e-07
 Reference value :  3.87624e-07
 Reference value :  3.87764e-07
 Reference value :  3.87910e-07
 Reference value :  3.88056e-07
 Reference value :  3.88200e-07
 Reference value :  3.88355e-07
 Reference value :  3.88500e-07
 Reference value :  3.88656e-07
 Reference value :  3.88819e-07
 Reference value :  3.88980e-07
 Reference value :  3.89145e-07
 Reference value :  3.89310e-07
 Reference value :  3.89461e-07
 Reference value :  3.89650e-07
 Reference value :  3.89808e-07
 Reference value :  3.89970e-07
 Reference value :  3.90143e-07
 Reference value :  3.90313e-07
 Reference value :  3.90489e-07
 Reference value :  3.90650e-07
 Reference value :  3.90827e-07
 Reference value :  3.90998e-07
 Reference value :  3.91155e-07
 Reference value :  3.91314e-07
 Reference value :  3.91514e-07
 Reference value :  3.91740e-07
 Reference value :  3.91890e-07
 Reference value :  3.92040e-07
 Reference value :  3.92185e-07
 Reference value :  3.92343e-07
 Reference value :  3.92486e-07
 Reference value :  3.92640e-07
 Reference value :  3.92784e-07
 Reference value :  3.92940e-07
 Reference value :  3.93091e-07
 Reference value :  3.93260e-07
 Reference value :  3.93400e-07
 Reference value :  3.93561e-07
 Reference value :  3.93710e-07
 Reference value :  3.93855e-07
 Reference value :  3.93996e-07
 Reference value :  3.94143e-07
 Reference value :  3.94289e-07
 Reference value :  3.94438e-07
 Reference value :  3.94592e-07
 Reference value :  3.94750e-07
 Reference value :  3.94904e-07
 Reference value :  3.95073e-07
 Reference value :  3.95232e-07
 Reference value :  3.95399e-07
 Reference value :  3.95558e-07
 Reference value :  3.95714e-07
 Reference value :  3.95887e-07
 Reference value :  3.96049e-07
 Reference value :  3.96225e-07
 Reference value :  3.96397e-07
 Reference value :  3.96567e-07
 Reference value :  3.96727e-07
 Reference value :  3.96867e-07
 Reference value :  3.97017e-07
 Reference value :  3.97160e-07
 Reference value :  3.97311e-07
 Reference value :  3.97458e-07
 Reference value :  3.97610e-07
 Reference value :  3.97750e-07
 Reference value :  3.97900e-07
 Reference value :  3.98051e-07
 Reference value :  3.98210e-07
 Reference value :  3.98360e-07
 Reference value :  3.98515e-07
 Reference value :  3.98670e-07
 Reference value :  3.98830e-07
 Reference value :  3.98990e-07
 Reference value :  3.99151e-07
 Reference value :  3.99300e-07
 Reference value :  3.99454e-07
 Reference value :  3.99611e-07
 Reference value :  3.99756e-07
 Reference value :  3.99915e-07
 Reference value :  4.00083e-07
 Reference value :  4.00238e-07
 Reference value :  4.00393e-07
 Reference value :  4.00536e-07
 Reference value :  4.00680e-07
 Reference value :  4.00835e-07
 Reference value :  4.00982e-07
 Reference value :  4.01130e-07
 Reference value :  4.01280e-07
 Reference value :  4.01430e-07
 Reference value :  4.01571e-07
 Reference value :  4.01705e-07
 Reference value :  4.01848e-07
 Reference value :  4.01985e-07
 Reference value :  4.02124e-07
 Reference value :  4.02262e-07
 Reference value :  4.02398e-07
 Reference value :  4.02531e-07
 Reference value :  4.02660e-07
 Reference value :  4.02798e-07
 Reference value :  4.02928e-07
 Reference value :  4.03062e-07
 Reference value :  4.03199e-07
 Reference value :  4.03331e-07
 Reference value :  4.03464e-07
 Reference value :  4.03597e-07
 Reference value :  4.03748e-07
 Reference value :  4.03890e-07
 Reference value :  4.04022e-07
 Reference value :  4.04157e-07
 Reference value :  4.04291e-07
 Reference value :  4.04431e-07
 Reference value :  4.04572e-07
 Reference value :  4.04719e-07
 Reference value :  4.04870e-07
 Reference value :  4.05022e-07
 Reference value :  4.05176e-07
 Reference value :  4.05314e-07
 Reference value :  4.05471e-07
 Reference value :  4.05623e-07
 Reference value :  4.05762e-07
 Reference value :  4.05900e-07
 Reference value :  4.06031e-07
 Reference value :  4.06167e-07
 Reference value :  4.06300e-07
 Reference value :  4.06435e-07
 Reference value :  4.06572e-07
 Reference value :  4.06707e-07
 Reference value :  4.06845e-07
 Reference value :  4.06985e-07
 Reference value :  4.07122e-07
 Reference value :  4.07264e-07
 Reference value :  4.07402e-07
 Reference value :  4.07533e-07
 Reference value :  4.07669e-07
 Reference value :  4.07800e-07
 Reference value :  4.07931e-07
 Reference value :  4.08060e-07
 Reference value :  4.08191e-07
 Reference value :  4.08326e-07
 Reference value :  4.08453e-07
 Reference value :  4.08588e-07
 Reference value :  4.08715e-07
 Reference value :  4.08842e-07
 Reference value :  4.08981e-07
 Reference value :  4.09121e-07
 Reference value :  4.09289e-07
 Reference value :  4.09442e-07
 Reference value :  4.09594e-07
 Reference value :  4.09748e-07
 Reference value :  4.09917e-07
 Reference value :  4.10090e-07
 Reference value :  4.10234e-07
 Reference value :  4.10371e-07
 Reference value :  4.10540e-07
 Reference value :  4.10678e-07
 Reference value :  4.10810e-07
 Reference value :  4.10959e-07
 Reference value :  4.11102e-07
 Reference value :  4.11249e-07
 Reference value :  4.11398e-07
 Reference value :  4.11549e-07
 Reference value :  4.11703e-07
 Reference value :  4.11848e-07
 Reference value :  4.11986e-07
 Reference value :  4.12123e-07
 Reference value :  4.12254e-07
 Reference value :  4.12414e-07
 Reference value :  4.12611e-07
 Reference value :  4.12763e-07
 Reference value :  4.12904e-07
 Reference value :  4.13050e-07
 Reference value :  4.13186e-07
 Reference value :  4.13369e-07
 Reference value :  4.13500e-07
 Reference value :  4.13630e-07
 Reference value :  4.13810e-07
 Reference value :  4.13941e-07
 Reference value :  4.14119e-07
 Reference value :  4.14268e-07
 Reference value :  4.14400e-07
 Reference value :  4.14628e-07
 Reference value :  4.14771e-07
 Reference value :  4.14923e-07
 Reference value :  4.15058e-07
 Reference value :  4.15194e-07
 Reference value :  4.15343e-07
 Reference value :  4.15486e-07
 Reference value :  4.15627e-07
 Reference value :  4.15760e-07
 Reference value :  4.15895e-07
 Reference value :  4.16032e-07
 Reference value :  4.16177e-07
 Reference value :  4.16331e-07
 Reference value :  4.16473e-07
 Reference value :  4.16617e-07
 Reference value :  4.16751e-07
 Reference value :  4.16897e-07
 Reference value :  4.17033e-07
 Reference value :  4.17170e-07
 Reference value :  4.17307e-07
 Reference value :  4.17450e-07
 Reference value :  4.17596e-07
 Reference value :  4.17744e-07
 Reference value :  4.17902e-07
 Reference value :  4.18047e-07
 Reference value :  4.18190e-07
 Reference value :  4.18349e-07
 Reference value :  4.18503e-07
 Reference value :  4.18654e-07
 Reference value :  4.18797e-07
 Reference value :  4.18948e-07
 Reference value :  4.19090e-07
 Reference value :  4.19233e-07
 Reference value :  4.19377e-07
 Reference value :  4.19511e-07
 Reference value :  4.19661e-07
 Reference value :  4.19803e-07
 Reference value :  4.19941e-07
 Reference value :  4.20090e-07
 Reference value :  4.20226e-07
 Reference value :  4.20378e-07
 Reference value :  4.20512e-07
 Reference value :  4.20650e-07
 Reference value :  4.20780e-07
 Reference value :  4.20919e-07
 Reference value :  4.21052e-07
 Reference value :  4.21190e-07
 Reference value :  4.21329e-07
 Reference value :  4.21461e-07
 Reference value :  4.21596e-07
 Reference value :  4.21734e-07
 Reference value :  4.21871e-07
 Reference value :  4.22012e-07
 Reference value :  4.22144e-07
 Reference value :  4.22302e-07
 Reference value :  4.22436e-07
 Reference value :  4.22574e-07
 Reference value :  4.22708e-07
 Reference value :  4.22851e-07
 Reference value :  4.22987e-07
 Reference value :  4.23138e-07
 Reference value :  4.23281e-07
 Reference value :  4.23421e-07
 Reference value :  4.23560e-07
 Reference value :  4.23705e-07
 Reference value :  4.23837e-07
 Reference value :  4.23980e-07
 Reference value :  4.24113e-07
 Reference value :  4.24250e-07
 Reference value :  4.24388e-07
 Reference value :  4.24528e-07
 Reference value :  4.24660e-07
 Reference value :  4.24798e-07
 Reference value :  4.24933e-07
 Reference value :  4.25070e-07
 Reference value :  4.25201e-07
 Reference value :  4.25333e-07
 Reference value :  4.25465e-07
 Reference value :  4.25602e-07
 Reference value :  4.25740e-07
 Reference value :  4.25890e-07
 Reference value :  4.26026e-07
 Reference value :  4.26160e-07
 Reference value :  4.26300e-07
 Reference value :  4.26430e-07
 Reference value :  4.26564e-07
 Reference value :  4.26710e-07
 Reference value :  4.26844e-07
 Reference value :  4.26990e-07
 Reference value :  4.27121e-07
 Reference value :  4.27257e-07
 Reference value :  4.27390e-07
 Reference value :  4.27529e-07
 Reference value :  4.27660e-07
 Reference value :  4.27793e-07
 Reference value :  4.27930e-07
 Reference value :  4.28061e-07
 Reference value :  4.28200e-07
 Reference value :  4.28332e-07
 Reference value :  4.28465e-07
 Reference value :  4.28613e-07
 Reference value :  4.28753e-07
 Reference value :  4.28909e-07
 Reference value :  4.29044e-07
 Reference value :  4.29188e-07
 Reference value :  4.29323e-07
 Reference value :  4.29463e-07
 Reference value :  4.29611e-07
 Reference value :  4.29744e-07
 Reference value :  4.29880e-07
 Reference value :  4.30029e-07
 Reference value :  4.30180e-07
 Reference value :  4.30311e-07
 Reference value :  4.30448e-07
 Reference value :  4.30581e-07
 Reference value :  4.30718e-07
 Reference value :  4.30856e-07
 Reference value :  4.31000e-07
 Reference value :  4.31130e-07
 Reference value :  4.31270e-07
 Reference value :  4.31409e-07
 Reference value :  4.31560e-07
 Reference value :  4.31711e-07
 Reference value :  4.31844e-07
 Reference value :  4.31987e-07
 Reference value :  4.32130e-07
 Reference value :  4.32265e-07
 Reference value :  4.32400e-07
 Reference value :  4.32539e-07
 Reference value :  4.32668e-07
 Reference value :  4.32800e-07
 Reference value :  4.32930e-07
 Reference value :  4.33069e-07
 Reference value :  4.33220e-07
 Reference value :  4.33354e-07
 Reference value :  4.33493e-07
 Reference value :  4.33638e-07
 Reference value :  4.33771e-07
 Reference value :  4.33911e-07
 Reference value :  4.34044e-07
 Reference value :  4.34180e-07
 Reference value :  4.34310e-07
 Reference value :  4.34447e-07
 Reference value :  4.34580e-07
 Reference value :  4.34720e-07
 Reference value :  4.34861e-07
 Reference value :  4.34990e-07
 Reference value :  4.35121e-07
 Reference value :  4.35259e-07
 Reference value :  4.35401e-07
 Reference value :  4.35533e-07
 Reference value :  4.35662e-07
 Reference value :  4.35798e-07
 Reference value :  4.35928e-07
 Reference value :  4.36061e-07
 Reference value :  4.36192e-07
 Reference value :  4.36327e-07
 Reference value :  4.36461e-07
 Reference value :  4.36600e-07
 Reference value :  4.36732e-07
 Reference value :  4.36871e-07
 Reference value :  4.37015e-07
 Reference value :  4.37157e-07
 Reference value :  4.37290e-07
 Reference value :  4.37424e-07
 Reference value :  4.37561e-07
 Reference value :  4.37696e-07
 Reference value :  4.37840e-07
 Reference value :  4.37973e-07
 Reference value :  4.38111e-07
 Reference value :  4.38243e-07
 Reference value :  4.38404e-07
 Reference value :  4.38541e-07
 Reference value :  4.38701e-07
 Reference value :  4.38839e-07
 Reference value :  4.38973e-07
 Reference value :  4.39104e-07
 Reference value :  4.39237e-07
 Reference value :  4.39372e-07
 Reference value :  4.39510e-07
 Reference value :  4.39645e-07
 Reference value :  4.39781e-07
 Reference value :  4.39917e-07
 Reference value :  4.40051e-07
 Reference value :  4.40193e-07
 Reference value :  4.40332e-07
 Reference value :  4.40465e-07
 Reference value :  4.40603e-07
 Reference value :  4.40734e-07
 Reference value :  4.40870e-07
 Reference value :  4.41001e-07
 Reference value :  4.41143e-07
 Reference value :  4.41275e-07
 Reference value :  4.41411e-07
 Reference value :  4.41550e-07
 Reference value :  4.41691e-07
 Reference value :  4.41822e-07
 Reference value :  4.41958e-07
 Reference value :  4.42094e-07
 Reference value :  4.42231e-07
 Reference value :  4.42382e-07
 Reference value :  4.42550e-07
 Reference value :  4.42713e-07
 Reference value :  4.42853e-07
 Reference value :  4.42990e-07
 Reference value :  4.43120e-07
 Reference value :  4.43260e-07
 Reference value :  4.43390e-07
 Reference value :  4.43524e-07
 Reference value :  4.43676e-07
 Reference value :  4.43821e-07
 Reference value :  4.43960e-07
 Reference value :  4.44100e-07
 Reference value :  4.44240e-07
 Reference value :  4.44375e-07
 Reference value :  4.44520e-07
 Reference value :  4.44651e-07
 Reference value :  4.44791e-07
 Reference value :  4.44925e-07
 Reference value :  4.45059e-07
 Reference value :  4.45197e-07
 Reference value :  4.45357e-07
 Reference value :  4.45490e-07
 Reference value :  4.45625e-07
 Reference value :  4.45787e-07
 Reference value :  4.45930e-07
 Reference value :  4.46080e-07
 Reference value :  4.46323e-07
 Reference value :  4.46488e-07
 Reference value :  4.46659e-07
 Reference value :  4.46826e-07
 Reference value :  4.46975e-07
 Reference value :  4.47119e-07
 Reference value :  4.47275e-07
 Reference value :  4.47501e-07
 Reference value :  4.47674e-07
 Reference value :  4.47821e-07
 Reference value :  4.47956e-07
 Reference value :  4.48090e-07
 Reference value :  4.48220e-07
 Reference value :  4.48354e-07
 Reference value :  4.48496e-07
 Reference value :  4.48634e-07
 Reference value :  4.48776e-07
 Reference value :  4.48914e-07
 Reference value :  4.49141e-07
 Reference value :  4.49298e-07
 Reference value :  4.49491e-07
 Reference value :  4.49686e-07
 Reference value :  4.49825e-07
 Reference value :  4.50080e-07
 Reference value :  4.50215e-07
 Reference value :  4.50345e-07
 Reference value :  4.50480e-07
 Reference value :  4.50618e-07
 Reference value :  4.50760e-07
 Reference value :  4.50894e-07
 Reference value :  4.51060e-07
 Reference value :  4.51285e-07
 Reference value :  4.51431e-07
 Reference value :  4.51606e-07
 Reference value :  4.51852e-07
 Reference value :  4.51991e-07
 Reference value :  4.52161e-07
 Reference value :  4.52407e-07
 Reference value :  4.52550e-07
 Reference value :  4.52685e-07
 Reference value :  4.52830e-07
 Reference value :  4.52971e-07
 Reference value :  4.53108e-07
 Reference value :  4.53244e-07
 Reference value :  4.53390e-07
 Reference value :  4.53541e-07
 Reference value :  4.53681e-07
 Reference value :  4.53946e-07
 Reference value :  4.54189e-07
 Reference value :  4.54330e-07
 Reference value :  4.54501e-07
 Reference value :  4.54741e-07
 Reference value :  4.54926e-07
 Reference value :  4.55063e-07
 Reference value :  4.55311e-07
 Reference value :  4.55526e-07
 Reference value :  4.55667e-07
 Reference value :  4.55806e-07
 Reference value :  4.55944e-07
 Reference value :  4.56080e-07
 Reference value :  4.56233e-07
 Reference value :  4.56389e-07
 Reference value :  4.56527e-07
 Reference value :  4.56660e-07
 Reference value :  4.56795e-07
 Reference value :  4.56938e-07
 Reference value :  4.57074e-07
 Reference value :  4.57210e-07
 Reference value :  4.57361e-07
 Reference value :  4.57498e-07
 Reference value :  4.57647e-07
 Reference value :  4.57800e-07
 Reference value :  4.57980e-07
 Reference value :  4.58253e-07
 Reference value :  4.58405e-07
 Reference value :  4.58650e-07
 Reference value :  4.58817e-07
 Reference value :  4.58958e-07
 Reference value :  4.59099e-07
 Reference value :  4.59259e-07
 Reference value :  4.59400e-07
 Reference value :  4.59539e-07
 Reference value :  4.59681e-07
 Reference value :  4.59820e-07
 Reference value :  4.59976e-07
 Reference value :  4.60124e-07
 Reference value :  4.60260e-07
 Reference value :  4.60402e-07
 Reference value :  4.60537e-07
 Reference value :  4.60695e-07
 Reference value :  4.60980e-07
 Reference value :  4.61161e-07
 Reference value :  4.61302e-07
 Reference value :  4.61458e-07
 Reference value :  4.61610e-07
 Reference value :  4.61745e-07
 Reference value :  4.61881e-07
 Reference value :  4.62021e-07
 Reference value :  4.62161e-07
 Reference value :  4.62307e-07
 Reference value :  4.62447e-07
 Reference value :  4.62701e-07
 Reference value :  4.62908e-07
 Reference value :  4.63051e-07
 Reference value :  4.63280e-07
 Reference value :  4.63467e-07
 Reference value :  4.63709e-07
 Reference value :  4.63900e-07
 Reference value :  4.64142e-07
 Reference value :  4.64281e-07
 Reference value :  4.64419e-07
 Reference value :  4.64555e-07
 Reference value :  4.64690e-07
 Reference value :  4.64824e-07
 Reference value :  4.64966e-07
 Reference value :  4.65104e-07
 Reference value :  4.65240e-07
 Reference value :  4.65382e-07
 Reference value :  4.65545e-07
 Reference value :  4.65830e-07
 Reference value :  4.65991e-07
 Reference value :  4.66129e-07
 Reference value :  4.66263e-07
 Reference value :  4.66400e-07
 Reference value :  4.66531e-07
 Reference value :  4.66674e-07
 Reference value :  4.66813e-07
 Reference value :  4.66947e-07
 Reference value :  4.67087e-07
 Reference value :  4.67230e-07
 Reference value :  4.67410e-07
 Reference value :  4.67680e-07
 Reference value :  4.67809e-07
 Reference value :  4.67940e-07
 Reference value :  4.68080e-07
 Reference value :  4.68217e-07
 Reference value :  4.68356e-07
 Reference value :  4.68490e-07
 Reference value :  4.68627e-07
 Reference value :  4.68769e-07
 Reference value :  4.68913e-07
 Reference value :  4.69064e-07
 Reference value :  4.69197e-07
 Reference value :  4.69330e-07
 Reference value :  4.69463e-07
 Reference value :  4.69595e-07
 Reference value :  4.69732e-07
 Reference value :  4.69884e-07
 Reference value :  4.70025e-07
 Reference value :  4.70161e-07
 Reference value :  4.70296e-07
 Reference value :  4.70441e-07
 Reference value :  4.70573e-07
 Reference value :  4.70714e-07
 Reference value :  4.70847e-07
 Reference value :  4.70981e-07
 Reference value :  4.71115e-07
 Reference value :  4.71251e-07
 Reference value :  4.71384e-07
 Reference value :  4.71521e-07
 Reference value :  4.71666e-07
 Reference value :  4.71804e-07
 Reference value :  4.71940e-07
 Reference value :  4.72083e-07
 Reference value :  4.72218e-07
 Reference value :  4.72354e-07
 Reference value :  4.72486e-07
 Reference value :  4.72624e-07
 Reference value :  4.72763e-07
 Reference value :  4.72919e-07
 Reference value :  4.73057e-07
 Reference value :  4.73191e-07
 Reference value :  4.73340e-07
 Reference value :  4.73479e-07
 Reference value :  4.73623e-07
 Reference value :  4.73758e-07
 Reference value :  4.73896e-07
 Reference value :  4.74031e-07
 Reference value :  4.74165e-07
 Reference value :  4.74299e-07
 Reference value :  4.74436e-07
 Reference value :  4.74578e-07
 Reference value :  4.74710e-07
 Reference value :  4.74861e-07
 Reference value :  4.75050e-07
 Reference value :  4.75282e-07
 Reference value :  4.75431e-07
 Reference value :  4.75570e-07
 Reference value :  4.75793e-07
 Reference value :  4.76049e-07
 Reference value :  4.76300e-07
 Reference value :  4.76554e-07
 Reference value :  4.76812e-07
 Reference value :  4.77072e-07
 Reference value :  4.77292e-07
 Reference value :  4.77521e-07
 Reference value :  4.77723e-07
 Reference value :  4.77862e-07
 Reference value :  4.78007e-07
 Reference value :  4.78144e-07
 Reference value :  4.78280e-07
 Reference value :  4.78419e-07
 Reference value :  4.78550e-07
 Reference value :  4.78682e-07
 Reference value :  4.78820e-07
 Reference value :  4.78953e-07
 Reference value :  4.79094e-07
 Reference value :  4.79229e-07
 Reference value :  4.79371e-07
 Reference value :  4.79516e-07
 Reference value :  4.79649e-07
 Reference value :  4.79787e-07
 Reference value :  4.79927e-07
 Reference value :  4.80070e-07
 Reference value :  4.80209e-07
 Reference value :  4.80351e-07
 Reference value :  4.80490e-07
 Reference value :  4.80621e-07
 Reference value :  4.80761e-07
 Reference value :  4.80894e-07
 Reference value :  4.81026e-07
 Reference value :  4.81161e-07
 Reference value :  4.81300e-07
 Reference value :  4.81445e-07
 Reference value :  4.81610e-07
 Reference value :  4.81821e-07
 Reference value :  4.82071e-07
 Reference value :  4.82223e-07
 Reference value :  4.82360e-07
 Reference value :  4.82561e-07
 Reference value :  4.82815e-07
 Reference value :  4.82952e-07
 Reference value :  4.83093e-07
 Reference value :  4.83322e-07
 Reference value :  4.83526e-07
 Reference value :  4.83669e-07
 Reference value :  4.83809e-07
 Reference value :  4.83985e-07
 Reference value :  4.84153e-07
 Reference value :  4.84290e-07
 Reference value :  4.84428e-07
 Reference value :  4.84568e-07
 Reference value :  4.84710e-07
 Reference value :  4.84846e-07
 Reference value :  4.84989e-07
 Reference value :  4.85139e-07
 Reference value :  4.85280e-07
 Reference value :  4.85416e-07
 Reference value :  4.85549e-07
 Reference value :  4.85685e-07
 Reference value :  4.85819e-07
 Reference value :  4.85957e-07
 Reference value :  4.86091e-07
 Reference value :  4.86232e-07
 Reference value :  4.86379e-07
 Reference value :  4.86512e-07
 Reference value :  4.86650e-07
 Reference value :  4.86790e-07
 Reference value :  4.86929e-07
 Reference value :  4.87071e-07
 Reference value :  4.87210e-07
 Reference value :  4.87355e-07
 Reference value :  4.87490e-07
 Reference value :  4.87632e-07
 Reference value :  4.87773e-07
 Reference value :  4.87917e-07
 Reference value :  4.88091e-07
 Reference value :  4.88381e-07
 Reference value :  4.88540e-07
 Reference value :  4.88677e-07
 Reference value :  4.88852e-07
 Reference value :  4.88990e-07
 Reference value :  4.89121e-07
 Reference value :  4.89260e-07
 Reference value :  4.89440e-07
 Reference value :  4.89575e-07
 Reference value :  4.89746e-07
 Reference value :  4.89978e-07
 Reference value :  4.90256e-07
 Reference value :  4.90400e-07
 Reference value :  4.90540e-07
 Reference value :  4.90675e-07
 Reference value :  4.90811e-07
 Reference value :  4.90953e-07
 Reference value :  4.91090e-07
 Reference value :  4.91225e-07
 Reference value :  4.91359e-07
 Reference value :  4.91500e-07
 Reference value :  4.91631e-07
 Reference value :  4.91770e-07
 Reference value :  4.91910e-07
 Reference value :  4.92045e-07
 Reference value :  4.92179e-07
 Reference value :  4.92320e-07
 Reference value :  4.92455e-07
 Reference value :  4.92590e-07
 Reference value :  4.92729e-07
 Reference value :  4.92876e-07
 Reference value :  4.93016e-07
 Reference value :  4.93157e-07
 Reference value :  4.93293e-07
 Reference value :  4.93430e-07
 Reference value :  4.93564e-07
 Reference value :  4.93698e-07
 Reference value :  4.93834e-07
 Reference value :  4.93968e-07
 Reference value :  4.94110e-07
 Reference value :  4.94251e-07
 Reference value :  4.94387e-07
 Reference value :  4.94546e-07
 Reference value :  4.94699e-07
 Reference value :  4.94988e-07
 Reference value :  4.95237e-07
 Reference value :  4.95381e-07
 Reference value :  4.95520e-07
 Reference value :  4.95660e-07
 Reference value :  4.95853e-07
 Reference value :  4.96033e-07
 Reference value :  4.96174e-07
 Reference value :  4.96335e-07
 Reference value :  4.96625e-07
 Reference value :  4.96850e-07
 Reference value :  4.97010e-07
 Reference value :  4.97145e-07
 Reference value :  4.97288e-07
 Reference value :  4.97561e-07
 Reference value :  4.97742e-07
 Reference value :  4.97886e-07
 Reference value :  4.98038e-07
 Reference value :  4.98176e-07
 Reference value :  4.98318e-07
 Reference value :  4.98452e-07
 Reference value :  4.98589e-07
 Reference value :  4.98720e-07
 Reference value :  4.98858e-07
 Reference value :  4.99020e-07
 Reference value :  4.99161e-07
 Reference value :  4.99300e-07
 Reference value :  4.99436e-07
 Reference value :  4.99574e-07
 Reference value :  4.99713e-07
 Reference value :  4.99851e-07
 Reference value :  4.99990e-07
 Reference value :  5.00127e-07
 Reference value :  5.00262e-07
 Reference value :  5.00411e-07
 Reference value :  5.00549e-07
 Reference value :  5.00683e-07
 Reference value :  5.00820e-07
 Reference value :  5.00956e-07
 Reference value :  5.01126e-07
 Reference value :  5.01270e-07
 Reference value :  5.01403e-07
 Reference value :  5.01550e-07
 Reference value :  5.01695e-07
 Reference value :  5.01836e-07
 Reference value :  5.01970e-07
 Reference value :  5.02112e-07
 Reference value :  5.02250e-07
 Reference value :  5.02392e-07
 Reference value :  5.02540e-07
 Reference value :  5.02680e-07
 Reference value :  5.02821e-07
 Reference value :  5.02985e-07
 Reference value :  5.03170e-07
 Reference value :  5.03321e-07
 Reference value :  5.03454e-07
 Reference value :  5.03590e-07
 Reference value :  5.03733e-07
 Reference value :  5.03887e-07
 Reference value :  5.04039e-07
 Reference value :  5.04171e-07
 Reference value :  5.04310e-07
 Reference value :  5.04451e-07
 Reference value :  5.04588e-07
 Reference value :  5.04720e-07
 Reference value :  5.04860e-07
 Reference value :  5.05010e-07
 Reference value :  5.05145e-07
 Reference value :  5.05287e-07
 Reference value :  5.05423e-07
 Reference value :  5.05574e-07
 Reference value :  5.05717e-07
 Reference value :  5.05857e-07
 Reference value :  5.05998e-07
 Reference value :  5.06135e-07
 Reference value :  5.06268e-07
 Reference value :  5.06417e-07
 Reference value :  5.06561e-07
 Reference value :  5.06711e-07
 Reference value :  5.06850e-07
 Reference value :  5.06990e-07
 Reference value :  5.07130e-07
 Reference value :  5.07261e-07
 Reference value :  5.07400e-07
 Reference value :  5.07543e-07
 Reference value :  5.07680e-07
 Reference value :  5.07820e-07
 Reference value :  5.07960e-07
 Reference value :  5.08094e-07
 Reference value :  5.08230e-07
 Reference value :  5.08372e-07
 Reference value :  5.08545e-07
 Reference value :  5.08686e-07
 Reference value :  5.08832e-07
 Reference value :  5.08968e-07
 Reference value :  5.09101e-07
 Reference value :  5.09243e-07
 Reference value :  5.09400e-07
 Reference value :  5.09531e-07
 Reference value :  5.09681e-07
 Reference value :  5.09826e-07
 Reference value :  5.09970e-07
 Reference value :  5.10107e-07
 Reference value :  5.10281e-07
 Reference value :  5.10421e-07
 Reference value :  5.10557e-07
 Reference value :  5.10696e-07
 Reference value :  5.10852e-07
 Reference value :  5.10994e-07
 Reference value :  5.11137e-07
 Reference value :  5.11280e-07
 Reference value :  5.11418e-07
 Reference value :  5.11560e-07
 Reference value :  5.11699e-07
 Reference value :  5.11835e-07
 Reference value :  5.11980e-07
 Reference value :  5.12125e-07
 Reference value :  5.12260e-07
 Reference value :  5.12405e-07
 Reference value :  5.12566e-07
 Reference value :  5.12708e-07
 Reference value :  5.12841e-07
 Reference value :  5.12972e-07
 Reference value :  5.13114e-07
 Reference value :  5.13256e-07
 Reference value :  5.13389e-07
 Reference value :  5.13534e-07
 Reference value :  5.13684e-07
 Reference value :  5.13816e-07
 Reference value :  5.13954e-07
 Reference value :  5.14100e-07
 Reference value :  5.14248e-07
 Reference value :  5.14400e-07
 Reference value :  5.14547e-07
 Reference value :  5.14701e-07
 Reference value :  5.14844e-07
 Reference value :  5.14977e-07
 Reference value :  5.15110e-07
 Reference value :  5.15249e-07
 Reference value :  5.15381e-07
 Reference value :  5.15515e-07
 Reference value :  5.15660e-07
 Reference value :  5.15791e-07
 Reference value :  5.15930e-07
 Reference value :  5.16071e-07
 Reference value :  5.16201e-07
 Reference value :  5.16340e-07
 Reference value :  5.16484e-07
 Reference value :  5.16620e-07
 Reference value :  5.16756e-07
 Reference value :  5.16916e-07
 Reference value :  5.17058e-07
 Reference value :  5.17190e-07
 Reference value :  5.17324e-07
 Reference value :  5.17466e-07
 Reference value :  5.17604e-07
 Reference value :  5.17736e-07
 Reference value :  5.17871e-07
 Reference value :  5.18017e-07
 Reference value :  5.18154e-07
 Reference value :  5.18289e-07
 Reference value :  5.18430e-07
 Reference value :  5.18565e-07
 Reference value :  5.18701e-07
 Reference value :  5.18851e-07
 Reference value :  5.18985e-07
 Reference value :  5.19120e-07
 Reference value :  5.19253e-07
 Reference value :  5.19387e-07
 Reference value :  5.19524e-07
 Reference value :  5.19657e-07
 Reference value :  5.19794e-07
 Reference value :  5.19928e-07
 Reference value :  5.20060e-07
 Reference value :  5.20274e-07
 Reference value :  5.20490e-07
 Reference value :  5.20714e-07
 Reference value :  5.20951e-07
 Reference value :  5.21180e-07
 Reference value :  5.21399e-07
 Reference value :  5.21630e-07
 Reference value :  5.21837e-07
 Reference value :  5.22057e-07
 Reference value :  5.22263e-07
 Reference value :  5.22499e-07
 Reference value :  5.22671e-07
 Reference value :  5.22807e-07
 Reference value :  5.22950e-07
 Reference value :  5.23100e-07
 Reference value :  5.23244e-07
 Reference value :  5.23420e-07
 Reference value :  5.23586e-07
 Reference value :  5.23721e-07
 Reference value :  5.23860e-07
 Reference value :  5.24000e-07
 Reference value :  5.24146e-07
 Reference value :  5.24279e-07
 Reference value :  5.24434e-07
 Reference value :  5.24586e-07
 Reference value :  5.24726e-07
 Reference value :  5.24870e-07
 Reference value :  5.25021e-07
 Reference value :  5.25161e-07
 Reference value :  5.25302e-07
 Reference value :  5.25457e-07
 Reference value :  5.25602e-07
 Reference value :  5.25750e-07
 Reference value :  5.25883e-07
 Reference value :  5.26034e-07
 Reference value :  5.26189e-07
 Reference value :  5.26331e-07
 Reference value :  5.26479e-07
 Reference value :  5.26624e-07
 Reference value :  5.26767e-07
 Reference value :  5.26924e-07
 Reference value :  5.27067e-07
 Reference value :  5.27230e-07
 Reference value :  5.27361e-07
 Reference value :  5.27503e-07
 Reference value :  5.27645e-07
 Reference value :  5.27787e-07
 Reference value :  5.27927e-07
 Reference value :  5.28070e-07
 Reference value :  5.28212e-07
 Reference value :  5.28360e-07
 Reference value :  5.28511e-07
 Reference value :  5.28660e-07
 Reference value :  5.28822e-07
 Reference value :  5.28963e-07
 Reference value :  5.29101e-07
 Reference value :  5.29240e-07
 Reference value :  5.29381e-07
 Reference value :  5.29526e-07
 Reference value :  5.29659e-07
 Reference value :  5.29801e-07
 Reference value :  5.29936e-07
 Reference value :  5.30091e-07
 Reference value :  5.30238e-07
 Reference value :  5.30372e-07
 Reference value :  5.30524e-07
 Reference value :  5.30660e-07
 Reference value :  5.30799e-07
 Reference value :  5.30936e-07
 Reference value :  5.31077e-07
 Reference value :  5.31215e-07
 Reference value :  5.31354e-07
 Reference value :  5.31490e-07
 Reference value :  5.31625e-07
 Reference value :  5.31761e-07
 Reference value :  5.31900e-07
 Reference value :  5.32033e-07
 Reference value :  5.32169e-07
 Reference value :  5.32324e-07
 Reference value :  5.32460e-07
 Reference value :  5.32601e-07
 Reference value :  5.32734e-07
 Reference value :  5.32870e-07
 Reference value :  5.33009e-07
 Reference value :  5.33147e-07
 Reference value :  5.33285e-07
 Reference value :  5.33425e-07
 Reference value :  5.33562e-07
 Reference value :  5.33697e-07
 Reference value :  5.33829e-07
 Reference value :  5.33982e-07
 Reference value :  5.34125e-07
 Reference value :  5.34347e-07
 Reference value :  5.34579e-07
 Reference value :  5.34720e-07
 Reference value :  5.34858e-07
 Reference value :  5.35010e-07
 Reference value :  5.35293e-07
 Reference value :  5.35460e-07
 Reference value :  5.35603e-07
 Reference value :  5.35738e-07
 Reference value :  5.35890e-07
 Reference value :  5.36130e-07
 Reference value :  5.36295e-07
 Reference value :  5.36476e-07
 Reference value :  5.36638e-07
 Reference value :  5.36772e-07
 Reference value :  5.36920e-07
 Reference value :  5.37101e-07
 Reference value :  5.37389e-07
 Reference value :  5.37550e-07
 Reference value :  5.37688e-07
 Reference value :  5.37835e-07
 Reference value :  5.37970e-07
 Reference value :  5.38106e-07
 Reference value :  5.38237e-07
 Reference value :  5.38371e-07
 Reference value :  5.38513e-07
 Reference value :  5.38650e-07
 Reference value :  5.38779e-07
 Reference value :  5.38916e-07
 Reference value :  5.39060e-07
 Reference value :  5.39194e-07
 Reference value :  5.39345e-07
 Reference value :  5.39480e-07
 Reference value :  5.39619e-07
 Reference value :  5.39767e-07
 Reference value :  5.39901e-07
 Reference value :  5.40040e-07
 Reference value :  5.40172e-07
 Reference value :  5.40309e-07
 Reference value :  5.40444e-07
 Reference value :  5.40590e-07
 Reference value :  5.40730e-07
 Reference value :  5.40863e-07
 Reference value :  5.41001e-07
 Reference value :  5.41133e-07
 Reference value :  5.41281e-07
 Reference value :  5.41419e-07
 Reference value :  5.41552e-07
 Reference value :  5.41689e-07
 Reference value :  5.41840e-07
 Reference value :  5.41983e-07
 Reference value :  5.42115e-07
 Reference value :  5.42248e-07
 Reference value :  5.42387e-07
 Reference value :  5.42524e-07
 Reference value :  5.42666e-07
 Reference value :  5.42805e-07
 Reference value :  5.42944e-07
 Reference value :  5.43081e-07
 Reference value :  5.43225e-07
 Reference value :  5.43369e-07
 Reference value :  5.43504e-07
 Reference value :  5.43648e-07
 Reference value :  5.43790e-07
 Reference value :  5.43927e-07
 Reference value :  5.44061e-07
 Reference value :  5.44200e-07
 Reference value :  5.44336e-07
 Reference value :  5.44470e-07
 Reference value :  5.44601e-07
 Reference value :  5.44738e-07
 Reference value :  5.44875e-07
 Reference value :  5.45009e-07
 Reference value :  5.45150e-07
 Reference value :  5.45298e-07
 Reference value :  5.45450e-07
 Reference value :  5.45599e-07
 Reference value :  5.45742e-07
 Reference value :  5.45878e-07
 Reference value :  5.46011e-07
 Reference value :  5.46148e-07
 Reference value :  5.46284e-07
 Reference value :  5.46430e-07
 Reference value :  5.46561e-07
 Reference value :  5.46698e-07
 Reference value :  5.46846e-07
 Reference value :  5.46990e-07
 Reference value :  5.47128e-07
 Reference value :  5.47270e-07
 Reference value :  5.47416e-07
 Reference value :  5.47558e-07
 Reference value :  5.47691e-07
 Reference value :  5.47838e-07
 Reference value :  5.47975e-07
 Reference value :  5.48110e-07
 Reference value :  5.48258e-07
 Reference value :  5.48399e-07
 Reference value :  5.48539e-07
 Reference value :  5.48680e-07
 Reference value :  5.48823e-07
 Reference value :  5.48970e-07
 Reference value :  5.49123e-07
 Reference value :  5.49264e-07
 Reference value :  5.49404e-07
 Reference value :  5.49541e-07
 Reference value :  5.49683e-07
 Reference value :  5.49836e-07
 Reference value :  5.49972e-07
 Reference value :  5.50110e-07
 Reference value :  5.50250e-07
 Reference value :  5.50386e-07
 Reference value :  5.50521e-07
 Reference value :  5.50695e-07
 Reference value :  5.50850e-07
 Reference value :  5.50981e-07
 Reference value :  5.51128e-07
 Reference value :  5.51268e-07
 Reference value :  5.51411e-07
 Reference value :  5.51552e-07
 Reference value :  5.51699e-07
 Reference value :  5.51841e-07
 Reference value :  5.51980e-07
 Reference value :  5.52125e-07
 Reference value :  5.52260e-07
 Reference value :  5.52397e-07
 Reference value :  5.52543e-07
 Reference value :  5.52691e-07
 Reference value :  5.52830e-07
 Reference value :  5.52968e-07
 Reference value :  5.53118e-07
 Reference value :  5.53260e-07
 Reference value :  5.53399e-07
 Reference value :  5.53543e-07
 Reference value :  5.53688e-07
 Reference value :  5.53825e-07
 Reference value :  5.53965e-07
 Reference value :  5.54131e-07
 Reference value :  5.54281e-07
 Reference value :  5.54413e-07
 Reference value :  5.54550e-07
 Reference value :  5.54681e-07
 Reference value :  5.54815e-07
 Reference value :  5.54963e-07
 Reference value :  5.55102e-07
 Reference value :  5.55249e-07
 Reference value :  5.55392e-07
 Reference value :  5.55548e-07
 Reference value :  5.55690e-07
 Reference value :  5.55840e-07
 Reference value :  5.55990e-07
 Reference value :  5.56127e-07
 Reference value :  5.56263e-07
 Reference value :  5.56407e-07
 Reference value :  5.56545e-07
 Reference value :  5.56681e-07
 Reference value :  5.56820e-07
 Reference value :  5.56960e-07
 Reference value :  5.57097e-07
 Reference value :  5.57230e-07
 Reference value :  5.57363e-07
 Reference value :  5.57505e-07
 Reference value :  5.57639e-07
 Reference value :  5.57773e-07
 Reference value :  5.57908e-07
 Reference value :  5.58040e-07
 Reference value :  5.58187e-07
 Reference value :  5.58325e-07
 Reference value :  5.58465e-07
 Reference value :  5.58619e-07
 Reference value :  5.58751e-07
 Reference value :  5.58892e-07
 Reference value :  5.59029e-07
 Reference value :  5.59171e-07
 Reference value :  5.59305e-07
 Reference value :  5.59446e-07
 Reference value :  5.59580e-07
 Reference value :  5.59720e-07
 Reference value :  5.59858e-07
 Reference value :  5.59992e-07
 Reference value :  5.60131e-07
 Reference value :  5.60263e-07
 Reference value :  5.60401e-07
 Reference value :  5.60534e-07
 Reference value :  5.60666e-07
 Reference value :  5.60802e-07
 Reference value :  5.60942e-07
 Reference value :  5.61078e-07
 Reference value :  5.61210e-07
 Reference value :  5.61346e-07
 Reference value :  5.61481e-07
 Reference value :  5.61620e-07
 Reference value :  5.61758e-07
 Reference value :  5.61902e-07
 Reference value :  5.62037e-07
 Reference value :  5.62170e-07
 Reference value :  5.62311e-07
 Reference value :  5.62451e-07
 Reference value :  5.62583e-07
 Reference value :  5.62730e-07
 Reference value :  5.62871e-07
 Reference value :  5.63001e-07
 Reference value :  5.63128e-07
 Reference value :  5.63261e-07
 Reference value :  5.63401e-07
 Reference value :  5.63533e-07
 Reference value :  5.63667e-07
 Reference value :  5.63820e-07
 Reference value :  5.63952e-07
 Reference value :  5.64092e-07
 Reference value :  5.64243e-07
 Reference value :  5.64382e-07
 Reference value :  5.64520e-07
 Reference value :  5.64653e-07
 Reference value :  5.64795e-07
 Reference value :  5.64931e-07
 Reference value :  5.65069e-07
 Reference value :  5.65227e-07
 Reference value :  5.65360e-07
 Reference value :  5.65499e-07
 Reference value :  5.65633e-07
 Reference value :  5.65763e-07
 Reference value :  5.65904e-07
 Reference value :  5.66050e-07
 Reference value :  5.66180e-07
 Reference value :  5.66320e-07
 Reference value :  5.66461e-07
 Reference value :  5.66600e-07
 Reference value :  5.66731e-07
 Reference value :  5.66871e-07
 Reference value :  5.67006e-07
 Reference value :  5.67138e-07
 Reference value :  5.67280e-07
 Reference value :  5.67424e-07
 Reference value :  5.67563e-07
 Reference value :  5.67691e-07
 Reference value :  5.67828e-07
 Reference value :  5.67960e-07
 Reference value :  5.68096e-07
 Reference value :  5.68233e-07
 Reference value :  5.68368e-07
 Reference value :  5.68507e-07
 Reference value :  5.68645e-07
 Reference value :  5.68790e-07
 Reference value :  5.68932e-07
 Reference value :  5.69072e-07
 Reference value :  5.69211e-07
 Reference value :  5.69349e-07
 Reference value :  5.69487e-07
 Reference value :  5.69620e-07
 Reference value :  5.69757e-07
 Reference value :  5.69888e-07
 Reference value :  5.70029e-07
 Reference value :  5.70169e-07
 Reference value :  5.70305e-07
 Reference value :  5.70445e-07
 Reference value :  5.70586e-07
 Reference value :  5.70729e-07
 Reference value :  5.70865e-07
 Reference value :  5.70998e-07
 Reference value :  5.71140e-07
 Reference value :  5.71275e-07
 Reference value :  5.71410e-07
 Reference value :  5.71541e-07
 Reference value :  5.71684e-07
 Reference value :  5.71826e-07
 Reference value :  5.71962e-07
 Reference value :  5.72105e-07
 Reference value :  5.72246e-07
 Reference value :  5.72391e-07
 Reference value :  5.72524e-07
 Reference value :  5.72658e-07
 Reference value :  5.72794e-07
 Reference value :  5.72922e-07
 Reference value :  5.73082e-07
 Reference value :  5.73226e-07
 Reference value :  5.73363e-07
 Reference value :  5.73502e-07
 Reference value :  5.73641e-07
 Reference value :  5.73783e-07
 Reference value :  5.73920e-07
 Reference value :  5.74060e-07
 Reference value :  5.74203e-07
 Reference value :  5.74344e-07
 Reference value :  5.74501e-07
 Reference value :  5.74727e-07
 Reference value :  5.74967e-07
 Reference value :  5.75114e-07
 Reference value :  5.75250e-07
 Reference value :  5.75400e-07
 Reference value :  5.75571e-07
 Reference value :  5.75855e-07
 Reference value :  5.76110e-07
 Reference value :  5.76256e-07
 Reference value :  5.76395e-07
 Reference value :  5.76533e-07
 Reference value :  5.76670e-07
 Reference value :  5.76807e-07
 Reference value :  5.76964e-07
 Reference value :  5.77251e-07
 Reference value :  5.77477e-07
 Reference value :  5.77611e-07
 Reference value :  5.77761e-07
 Reference value :  5.77908e-07
 Reference value :  5.78045e-07
 Reference value :  5.78187e-07
 Reference value :  5.78425e-07
 Reference value :  5.78698e-07
 Reference value :  5.78841e-07
 Reference value :  5.78983e-07
 Reference value :  5.79132e-07
 Reference value :  5.79270e-07
 Reference value :  5.79403e-07
 Reference value :  5.79536e-07
 Reference value :  5.79680e-07
 Reference value :  5.79834e-07
 Reference value :  5.79970e-07
 Reference value :  5.80107e-07
 Reference value :  5.80258e-07
 Reference value :  5.80391e-07
 Reference value :  5.80529e-07
 Reference value :  5.80660e-07
 Reference value :  5.80793e-07
 Reference value :  5.80928e-07
 Reference value :  5.81060e-07
 Reference value :  5.81199e-07
 Reference value :  5.81346e-07
 Reference value :  5.81493e-07
 Reference value :  5.81626e-07
 Reference value :  5.81757e-07
 Reference value :  5.81911e-07
 Reference value :  5.82046e-07
 Reference value :  5.82175e-07
 Reference value :  5.82306e-07
 Reference value :  5.82442e-07
 Reference value :  5.82580e-07
 Reference value :  5.82711e-07
 Reference value :  5.82855e-07
 Reference value :  5.83000e-07
 Reference value :  5.83133e-07
 Reference value :  5.83267e-07
 Reference value :  5.83403e-07
 Reference value :  5.83543e-07
 Reference value :  5.83674e-07
 Reference value :  5.83809e-07
 Reference value :  5.83941e-07
 Reference value :  5.84074e-07
 Reference value :  5.84212e-07
 Reference value :  5.84353e-07
 Reference value :  5.84485e-07
 Reference value :  5.84620e-07
 Reference value :  5.84754e-07
 Reference value :  5.84893e-07
 Reference value :  5.85031e-07
 Reference value :  5.85170e-07
 Reference value :  5.85315e-07
 Reference value :  5.85453e-07
 Reference value :  5.85594e-07
 Reference value :  5.85729e-07
 Reference value :  5.85870e-07
 Reference value :  5.86010e-07
 Reference value :  5.86144e-07
 Reference value :  5.86284e-07
 Reference value :  5.86423e-07
 Reference value :  5.86574e-07
 Reference value :  5.86721e-07
 Reference value :  5.86862e-07
 Reference value :  5.87000e-07
 Reference value :  5.87140e-07
 Reference value :  5.87290e-07
 Reference value :  5.87429e-07
 Reference value :  5.87564e-07
 Reference value :  5.87696e-07
 Reference value :  5.87830e-07
 Reference value :  5.87964e-07
 Reference value :  5.88099e-07
 Reference value :  5.88230e-07
 Reference value :  5.88363e-07
 Reference value :  5.88497e-07
 Reference value :  5.88637e-07
 Reference value :  5.88769e-07
 Reference value :  5.88910e-07
 Reference value :  5.89044e-07
 Reference value :  5.89191e-07
 Reference value :  5.89330e-07
 Reference value :  5.89476e-07
 Reference value :  5.89627e-07
 Reference value :  5.89760e-07
 Reference value :  5.89908e-07
 Reference value :  5.90057e-07
 Reference value :  5.90190e-07
 Reference value :  5.90329e-07
 Reference value :  5.90466e-07
 Reference value :  5.90619e-07
 Reference value :  5.90750e-07
 Reference value :  5.90890e-07
 Reference value :  5.91026e-07
 Reference value :  5.91160e-07
 Reference value :  5.91301e-07
 Reference value :  5.91437e-07
 Reference value :  5.91575e-07
 Reference value :  5.91711e-07
 Reference value :  5.91850e-07
 Reference value :  5.91981e-07
 Reference value :  5.92120e-07
 Reference value :  5.92258e-07
 Reference value :  5.92401e-07
 Reference value :  5.92544e-07
 Reference value :  5.92702e-07
 Reference value :  5.92846e-07
 Reference value :  5.92981e-07
 Reference value :  5.93130e-07
 Reference value :  5.93270e-07
 Reference value :  5.93414e-07
 Reference value :  5.93549e-07
 Reference value :  5.93689e-07
 Reference value :  5.93840e-07
 Reference value :  5.93972e-07
 Reference value :  5.94110e-07
 Reference value :  5.94241e-07
 Reference value :  5.94375e-07
 Reference value :  5.94524e-07
 Reference value :  5.94660e-07
 Reference value :  5.94800e-07
 Reference value :  5.94930e-07
 Reference value :  5.95071e-07
 Reference value :  5.95210e-07
 Reference value :  5.95343e-07
 Reference value :  5.95497e-07
 Reference value :  5.95649e-07
 Reference value :  5.95784e-07
 Reference value :  5.95931e-07
 Reference value :  5.96085e-07
 Reference value :  5.96226e-07
 Reference value :  5.96369e-07
 Reference value :  5.96506e-07
 Reference value :  5.96643e-07
 Reference value :  5.96782e-07
 Reference value :  5.96923e-07
 Reference value :  5.97061e-07
 Reference value :  5.97215e-07
 Reference value :  5.97355e-07
 Reference value :  5.97493e-07
 Reference value :  5.97633e-07
 Reference value :  5.97770e-07
 Reference value :  5.97905e-07
 Reference value :  5.98050e-07
 Reference value :  5.98191e-07
 Reference value :  5.98330e-07
 Reference value :  5.98468e-07
 Reference value :  5.98613e-07
 Reference value :  5.98750e-07
 Reference value :  5.98886e-07
 Reference value :  5.99032e-07
 Reference value :  5.99171e-07
 Reference value :  5.99303e-07
 Reference value :  5.99441e-07
 Reference value :  5.99580e-07
 Reference value :  5.99751e-07
 Reference value :  5.99883e-07
 Reference value :  6.00017e-07
 Reference value :  6.00150e-07
 Reference value :  6.00283e-07
 Reference value :  6.00420e-07
 Reference value :  6.00553e-07
 Reference value :  6.00688e-07
 Reference value :  6.00822e-07
 Reference value :  6.00978e-07
 Reference value :  6.01111e-07
 Reference value :  6.01280e-07
 Reference value :  6.01435e-07
 Reference value :  6.01576e-07
 Reference value :  6.01716e-07
 Reference value :  6.01844e-07
 Reference value :  6.01978e-07
 Reference value :  6.02120e-07
 Reference value :  6.02255e-07
 Reference value :  6.02388e-07
 Reference value :  6.02527e-07
 Reference value :  6.02662e-07
 Reference value :  6.02795e-07
 Reference value :  6.02929e-07
 Reference value :  6.03066e-07
 Reference value :  6.03207e-07
 Reference value :  6.03349e-07
 Reference value :  6.03488e-07
 Reference value :  6.03619e-07
 Reference value :  6.03764e-07
 Reference value :  6.03894e-07
 Reference value :  6.04074e-07
 Reference value :  6.04231e-07
 Reference value :  6.04368e-07
 Reference value :  6.04501e-07
 Reference value :  6.04641e-07
 Reference value :  6.04777e-07
 Reference value :  6.04911e-07
 Reference value :  6.05054e-07
 Reference value :  6.05196e-07
 Reference value :  6.05330e-07
 Reference value :  6.05461e-07
 Reference value :  6.05600e-07
 Reference value :  6.05731e-07
 Reference value :  6.05865e-07
 Reference value :  6.06000e-07
 Reference value :  6.06133e-07
 Reference value :  6.06272e-07
 Reference value :  6.06408e-07
 Reference value :  6.06541e-07
 Reference value :  6.06674e-07
 Reference value :  6.06816e-07
 Reference value :  6.06962e-07
 Reference value :  6.07098e-07
 Reference value :  6.07240e-07
 Reference value :  6.07382e-07
 Reference value :  6.07523e-07
 Reference value :  6.07659e-07
 Reference value :  6.07792e-07
 Reference value :  6.07936e-07
 Reference value :  6.08069e-07
 Reference value :  6.08202e-07
 Reference value :  6.08357e-07
 Reference value :  6.08510e-07
 Reference value :  6.08649e-07
 Reference value :  6.08784e-07
 Reference value :  6.08916e-07
 Reference value :  6.09059e-07
 Reference value :  6.09200e-07
 Reference value :  6.09337e-07
 Reference value :  6.09480e-07
 Reference value :  6.09612e-07
 Reference value :  6.09769e-07
 Reference value :  6.09902e-07
 Reference value :  6.10036e-07
 Reference value :  6.10170e-07
 Reference value :  6.10308e-07
 Reference value :  6.10454e-07
 Reference value :  6.10590e-07
 Reference value :  6.10726e-07
 Reference value :  6.10870e-07
 Reference value :  6.11012e-07
 Reference value :  6.11165e-07
 Reference value :  6.11300e-07
 Reference value :  6.11440e-07
 Reference value :  6.11582e-07
 Reference value :  6.11720e-07
 Reference value :  6.11855e-07
 Reference value :  6.11993e-07
 Reference value :  6.12138e-07
 Reference value :  6.12271e-07
 Reference value :  6.12407e-07
 Reference value :  6.12546e-07
 Reference value :  6.12794e-07
 Reference value :  6.13040e-07
 Reference value :  6.13244e-07
 Reference value :  6.13377e-07
 Reference value :  6.13533e-07
 Reference value :  6.13673e-07
 Reference value :  6.13818e-07
 Reference value :  6.13958e-07
 Reference value :  6.14120e-07
 Reference value :  6.14267e-07
 Reference value :  6.14549e-07
 Reference value :  6.14732e-07
 Reference value :  6.14881e-07
 Reference value :  6.15019e-07
 Reference value :  6.15254e-07
 Reference value :  6.15520e-07
 Reference value :  6.15776e-07
 Reference value :  6.15951e-07
 Reference value :  6.16091e-07
 Reference value :  6.16232e-07
 Reference value :  6.16455e-07
 Reference value :  6.16718e-07
 Reference value :  6.16861e-07
 Reference value :  6.17006e-07
 Reference value :  6.17145e-07
 Reference value :  6.17281e-07
 Reference value :  6.17420e-07
 Reference value :  6.17618e-07
 Reference value :  6.17901e-07
 Reference value :  6.18141e-07
 Reference value :  6.18291e-07
 Reference value :  6.18440e-07
 Reference value :  6.18588e-07
 Reference value :  6.18724e-07
 Reference value :  6.18865e-07
 Reference value :  6.19000e-07
 Reference value :  6.19138e-07
 Reference value :  6.19270e-07
 Reference value :  6.19401e-07
 Reference value :  6.19532e-07
 Reference value :  6.19669e-07
 Reference value :  6.19809e-07
 Reference value :  6.19958e-07
 Reference value :  6.20098e-07
 Reference value :  6.20230e-07
 Reference value :  6.20386e-07
 Reference value :  6.20529e-07
 Reference value :  6.20667e-07
 Reference value :  6.20809e-07
 Reference value :  6.20953e-07
 Reference value :  6.21088e-07
 Reference value :  6.21251e-07
 Reference value :  6.21394e-07
 Reference value :  6.21531e-07
 Reference value :  6.21668e-07
 Reference value :  6.21811e-07
 Reference value :  6.21960e-07
 Reference value :  6.22091e-07
 Reference value :  6.22244e-07
 Reference value :  6.22379e-07
 Reference value :  6.22518e-07
 Reference value :  6.22664e-07
 Reference value :  6.22795e-07
 Reference value :  6.22926e-07
 Reference value :  6.23079e-07
 Reference value :  6.23211e-07
 Reference value :  6.23343e-07
 Reference value :  6.23480e-07
 Reference value :  6.23613e-07
 Reference value :  6.23745e-07
 Reference value :  6.23890e-07
 Reference value :  6.24025e-07
 Reference value :  6.24160e-07
 Reference value :  6.24291e-07
 Reference value :  6.24429e-07
 Reference value :  6.24567e-07
 Reference value :  6.24699e-07
 Reference value :  6.24830e-07
 Reference value :  6.24967e-07
 Reference value :  6.25101e-07
 Reference value :  6.25232e-07
 Reference value :  6.25370e-07
 Reference value :  6.25513e-07
 Reference value :  6.25642e-07
 Reference value :  6.25774e-07
 Reference value :  6.25913e-07
 Reference value :  6.26043e-07
 Reference value :  6.26181e-07
 Reference value :  6.26314e-07
 Reference value :  6.26458e-07
 Reference value :  6.26599e-07
 Reference value :  6.26740e-07
 Reference value :  6.26880e-07
 Reference value :  6.27012e-07
 Reference value :  6.27146e-07
 Reference value :  6.27294e-07
 Reference value :  6.27426e-07
 Reference value :  6.27570e-07
 Reference value :  6.27705e-07
 Reference value :  6.27836e-07
 Reference value :  6.27977e-07
 Reference value :  6.28117e-07
 Reference value :  6.28250e-07
 Reference value :  6.28395e-07
 Reference value :  6.28532e-07
 Reference value :  6.28665e-07
 Reference value :  6.28806e-07
 Reference value :  6.28941e-07
 Reference value :  6.29080e-07
 Reference value :  6.29223e-07
 Reference value :  6.29354e-07
 Reference value :  6.29486e-07
 Reference value :  6.29621e-07
 Reference value :  6.29757e-07
 Reference value :  6.29897e-07
 Reference value :  6.30041e-07
 Reference value :  6.30179e-07
 Reference value :  6.30320e-07
 Reference value :  6.30458e-07
 Reference value :  6.30599e-07
 Reference value :  6.30740e-07
 Reference value :  6.30880e-07
 Reference value :  6.31013e-07
 Reference value :  6.31148e-07
 Reference value :  6.31286e-07
 Reference value :  6.31430e-07
 Reference value :  6.31571e-07
 Reference value :  6.31704e-07
 Reference value :  6.31840e-07
 Reference value :  6.31990e-07
 Reference value :  6.32124e-07
 Reference value :  6.32260e-07
 Reference value :  6.32411e-07
 Reference value :  6.32546e-07
 Reference value :  6.32680e-07
 Reference value :  6.32823e-07
 Reference value :  6.32960e-07
 Reference value :  6.33097e-07
 Reference value :  6.33231e-07
 Reference value :  6.33375e-07
 Reference value :  6.33515e-07
 Reference value :  6.33648e-07
 Reference value :  6.33789e-07
 Reference value :  6.33920e-07
 Reference value :  6.34056e-07
 Reference value :  6.34196e-07
 Reference value :  6.34327e-07
 Reference value :  6.34460e-07
 Reference value :  6.34602e-07
 Reference value :  6.34743e-07
 Reference value :  6.34892e-07
 Reference value :  6.35024e-07
 Reference value :  6.35165e-07
 Reference value :  6.35304e-07
 Reference value :  6.35446e-07
 Reference value :  6.35588e-07
 Reference value :  6.35723e-07
 Reference value :  6.35867e-07
 Reference value :  6.35997e-07
 Reference value :  6.36128e-07
 Reference value :  6.36260e-07
 Reference value :  6.36398e-07
 Reference value :  6.36530e-07
 Reference value :  6.36661e-07
 Reference value :  6.36801e-07
 Reference value :  6.36939e-07
 Reference value :  6.37081e-07
 Reference value :  6.37221e-07
 Reference value :  6.37360e-07
 Reference value :  6.37493e-07
 Reference value :  6.37631e-07
 Reference value :  6.37769e-07
 Reference value :  6.37903e-07
 Reference value :  6.38048e-07
 Reference value :  6.38184e-07
 Reference value :  6.38327e-07
 Reference value :  6.38460e-07
 Reference value :  6.38595e-07
 Reference value :  6.38730e-07
 Reference value :  6.38870e-07
 Reference value :  6.39006e-07
 Reference value :  6.39142e-07
 Reference value :  6.39283e-07
 Reference value :  6.39420e-07
 Reference value :  6.39563e-07
 Reference value :  6.39700e-07
 Reference value :  6.39839e-07
 Reference value :  6.39976e-07
 Reference value :  6.40113e-07
 Reference value :  6.40252e-07
 Reference value :  6.40390e-07
 Reference value :  6.40526e-07
 Reference value :  6.40660e-07
 Reference value :  6.40791e-07
 Reference value :  6.40928e-07
 Reference value :  6.41061e-07
 Reference value :  6.41198e-07
 Reference value :  6.41337e-07
 Reference value :  6.41499e-07
 Reference value :  6.41637e-07
 Reference value :  6.41773e-07
 Reference value :  6.41907e-07
 Reference value :  6.42044e-07
 Reference value :  6.42200e-07
 Reference value :  6.42336e-07
 Reference value :  6.42480e-07
 Reference value :  6.42633e-07
 Reference value :  6.42768e-07
 Reference value :  6.42906e-07
 Reference value :  6.43040e-07
 Reference value :  6.43171e-07
 Reference value :  6.43307e-07
 Reference value :  6.43450e-07
 Reference value :  6.43581e-07
 Reference value :  6.43711e-07
 Reference value :  6.43846e-07
 Reference value :  6.43977e-07
 Reference value :  6.44111e-07
 Reference value :  6.44246e-07
 Reference value :  6.44386e-07
 Reference value :  6.44548e-07
 Reference value :  6.44683e-07
 Reference value :  6.44823e-07
 Reference value :  6.44960e-07
 Reference value :  6.45118e-07
 Reference value :  6.45267e-07
 Reference value :  6.45418e-07
 Reference value :  6.45560e-07
 Reference value :  6.45708e-07
 Reference value :  6.45858e-07
 Reference value :  6.46009e-07
 Reference value :  6.46151e-07
 Reference value :  6.46310e-07
 Reference value :  6.46493e-07
 Reference value :  6.46650e-07
 Reference value :  6.46795e-07
 Reference value :  6.46952e-07
 Reference value :  6.47116e-07
 Reference value :  6.47280e-07
 Reference value :  6.47446e-07
 Reference value :  6.47608e-07
 Reference value :  6.47760e-07
 Reference value :  6.47913e-07
 Reference value :  6.48091e-07
 Reference value :  6.48244e-07
 Reference value :  6.48401e-07
 Reference value :  6.48567e-07
 Reference value :  6.48731e-07
 Reference value :  6.48880e-07
 Reference value :  6.49010e-07
 Reference value :  6.49150e-07
 Reference value :  6.49298e-07
 Reference value :  6.49431e-07
 Reference value :  6.49570e-07
 Reference value :  6.49710e-07
 Reference value :  6.49848e-07
 Reference value :  6.49980e-07
 Reference value :  6.50113e-07
 Reference value :  6.50251e-07
 Reference value :  6.50402e-07
 Reference value :  6.50540e-07
 Reference value :  6.50678e-07
 Reference value :  6.50821e-07
 Reference value :  6.50963e-07
 Reference value :  6.51100e-07
 Reference value :  6.51241e-07
 Reference value :  6.51383e-07
 Reference value :  6.51524e-07
 Reference value :  6.51660e-07
 Reference value :  6.51800e-07
 Reference value :  6.51930e-07
 Reference value :  6.52063e-07
 Reference value :  6.52200e-07
 Reference value :  6.52334e-07
 Reference value :  6.52471e-07
 Reference value :  6.52614e-07
 Reference value :  6.52759e-07
 Reference value :  6.52889e-07
 Reference value :  6.53026e-07
 Reference value :  6.53159e-07
 Reference value :  6.53297e-07
 Reference value :  6.53429e-07
 Reference value :  6.53566e-07
 Reference value :  6.53706e-07
 Reference value :  6.53846e-07
 Reference value :  6.53998e-07
 Reference value :  6.54131e-07
 Reference value :  6.54263e-07
 Reference value :  6.54403e-07
 Reference value :  6.54542e-07
 Reference value :  6.54684e-07
 Reference value :  6.54821e-07
 Reference value :  6.54959e-07
 Reference value :  6.55100e-07
 Reference value :  6.55235e-07
 Reference value :  6.55370e-07
 Reference value :  6.55500e-07
 Reference value :  6.55642e-07
 Reference value :  6.55776e-07
 Reference value :  6.55910e-07
 Reference value :  6.56059e-07
 Reference value :  6.56200e-07
 Reference value :  6.56345e-07
 Reference value :  6.56501e-07
 Reference value :  6.56750e-07
 Reference value :  6.57039e-07
 Reference value :  6.57181e-07
 Reference value :  6.57318e-07
 Reference value :  6.57450e-07
 Reference value :  6.57591e-07
 Reference value :  6.57791e-07
 Reference value :  6.57925e-07
 Reference value :  6.58070e-07
 Reference value :  6.58206e-07
 Reference value :  6.58341e-07
 Reference value :  6.58475e-07
 Reference value :  6.58637e-07
 Reference value :  6.58924e-07
 Reference value :  6.59132e-07
 Reference value :  6.59270e-07
 Reference value :  6.59409e-07
 Reference value :  6.59548e-07
 Reference value :  6.59724e-07
 Reference value :  6.60011e-07
 Reference value :  6.60190e-07
 Reference value :  6.60330e-07
 Reference value :  6.60478e-07
 Reference value :  6.60616e-07
 Reference value :  6.60749e-07
 Reference value :  6.60890e-07
 Reference value :  6.61021e-07
 Reference value :  6.61160e-07
 Reference value :  6.61292e-07
 Reference value :  6.61464e-07
 Reference value :  6.61613e-07
 Reference value :  6.61750e-07
 Reference value :  6.61884e-07
 Reference value :  6.62021e-07
 Reference value :  6.62160e-07
 Reference value :  6.62300e-07
 Reference value :  6.62440e-07
 Reference value :  6.62569e-07
 Reference value :  6.62712e-07
 Reference value :  6.62845e-07
 Reference value :  6.62980e-07
 Reference value :  6.63112e-07
 Reference value :  6.63242e-07
 Reference value :  6.63378e-07
 Reference value :  6.63522e-07
 Reference value :  6.63660e-07
 Reference value :  6.63806e-07
 Reference value :  6.63950e-07
 Reference value :  6.64080e-07
 Reference value :  6.64216e-07
 Reference value :  6.64357e-07
 Reference value :  6.64500e-07
 Reference value :  6.64636e-07
 Reference value :  6.64765e-07
 Reference value :  6.64910e-07
 Reference value :  6.65044e-07
 Reference value :  6.65179e-07
 Reference value :  6.65311e-07
 Reference value :  6.65451e-07
 Reference value :  6.65583e-07
 Reference value :  6.65720e-07
 Reference value :  6.65851e-07
 Reference value :  6.65982e-07
 Reference value :  6.66120e-07
 Reference value :  6.66251e-07
 Reference value :  6.66381e-07
 Reference value :  6.66535e-07
 Reference value :  6.66671e-07
 Reference value :  6.66811e-07
 Reference value :  6.66951e-07
 Reference value :  6.67092e-07
 Reference value :  6.67291e-07
 Reference value :  6.67579e-07
 Reference value :  6.67760e-07
 Reference value :  6.67902e-07
 Reference value :  6.68047e-07
 Reference value :  6.68290e-07
 Reference value :  6.68533e-07
 Reference value :  6.68673e-07
 Reference value :  6.68811e-07
 Reference value :  6.68954e-07
 Reference value :  6.69207e-07
 Reference value :  6.69372e-07
 Reference value :  6.69521e-07
 Reference value :  6.69654e-07
 Reference value :  6.69840e-07
 Reference value :  6.70127e-07
 Reference value :  6.70312e-07
 Reference value :  6.70450e-07
 Reference value :  6.70606e-07
 Reference value :  6.70743e-07
 Reference value :  6.70875e-07
 Reference value :  6.71035e-07
 Reference value :  6.71167e-07
 Reference value :  6.71311e-07
 Reference value :  6.71444e-07
 Reference value :  6.71583e-07
 Reference value :  6.71726e-07
 Reference value :  6.71880e-07
 Reference value :  6.72015e-07
 Reference value :  6.72160e-07
 Reference value :  6.72298e-07
 Reference value :  6.72431e-07
 Reference value :  6.72565e-07
 Reference value :  6.72710e-07
 Reference value :  6.72846e-07
 Reference value :  6.72986e-07
 Reference value :  6.73121e-07
 Reference value :  6.73255e-07
 Reference value :  6.73389e-07
 Reference value :  6.73530e-07
 Reference value :  6.73663e-07
 Reference value :  6.73807e-07
 Reference value :  6.73943e-07
 Reference value :  6.74081e-07
 Reference value :  6.74210e-07
 Reference value :  6.74359e-07
 Reference value :  6.74503e-07
 Reference value :  6.74661e-07
 Reference value :  6.74802e-07
 Reference value :  6.74941e-07
 Reference value :  6.75100e-07
 Reference value :  6.75276e-07
 Reference value :  6.75560e-07
 Reference value :  6.75756e-07
 Reference value :  6.75927e-07
 Reference value :  6.76082e-07
 Reference value :  6.76313e-07
 Reference value :  6.76520e-07
 Reference value :  6.76662e-07
 Reference value :  6.76803e-07
 Reference value :  6.77048e-07
 Reference value :  6.77274e-07
 Reference value :  6.77445e-07
 Reference value :  6.77595e-07
 Reference value :  6.77822e-07
 Reference value :  6.78031e-07
 Reference value :  6.78169e-07
 Reference value :  6.78315e-07
 Reference value :  6.78484e-07
 Reference value :  6.78626e-07
 Reference value :  6.78764e-07
 Reference value :  6.78899e-07
 Reference value :  6.79045e-07
 Reference value :  6.79185e-07
 Reference value :  6.79323e-07
 Reference value :  6.79460e-07
 Reference value :  6.79607e-07
 Reference value :  6.79748e-07
 Reference value :  6.79896e-07
 Reference value :  6.80041e-07
 Reference value :  6.80195e-07
 Reference value :  6.80339e-07
 Reference value :  6.80475e-07
 Reference value :  6.80615e-07
 Reference value :  6.80772e-07
 Reference value :  6.80918e-07
 Reference value :  6.81061e-07
 Reference value :  6.81202e-07
 Reference value :  6.81349e-07
 Reference value :  6.81487e-07
 Reference value :  6.81630e-07
 Reference value :  6.81764e-07
 Reference value :  6.81898e-07
 Reference value :  6.82036e-07
 Reference value :  6.82192e-07
 Reference value :  6.82341e-07
 Reference value :  6.82477e-07
 Reference value :  6.82624e-07
 Reference value :  6.82761e-07
 Reference value :  6.82904e-07
 Reference value :  6.83043e-07
 Reference value :  6.83186e-07
 Reference value :  6.83331e-07
 Reference value :  6.83472e-07
 Reference value :  6.83621e-07
 Reference value :  6.83760e-07
 Reference value :  6.83902e-07
 Reference value :  6.84040e-07
 Reference value :  6.84180e-07
 Reference value :  6.84325e-07
 Reference value :  6.84466e-07
 Reference value :  6.84607e-07
 Reference value :  6.84750e-07
 Reference value :  6.84888e-07
 Reference value :  6.85021e-07
 Reference value :  6.85171e-07
 Reference value :  6.85320e-07
 Reference value :  6.85460e-07
 Reference value :  6.85593e-07
 Reference value :  6.85730e-07
 Reference value :  6.85871e-07
 Reference value :  6.86009e-07
 Reference value :  6.86147e-07
 Reference value :  6.86293e-07
 Reference value :  6.86544e-07
 Reference value :  6.86690e-07
 Reference value :  6.86822e-07
 Reference value :  6.86966e-07
 Reference value :  6.87103e-07
 Reference value :  6.87240e-07
 Reference value :  6.87391e-07
 Reference value :  6.87529e-07
 Reference value :  6.87664e-07
 Reference value :  6.87799e-07
 Reference value :  6.87948e-07
 Reference value :  6.88090e-07
 Reference value :  6.88224e-07
 Reference value :  6.88362e-07
 Reference value :  6.88508e-07
 Reference value :  6.88648e-07
 Reference value :  6.88801e-07
 Reference value :  6.88967e-07
 Reference value :  6.89120e-07
 Reference value :  6.89270e-07
 Reference value :  6.89416e-07
 Reference value :  6.89565e-07
 Reference value :  6.89715e-07
 Reference value :  6.89867e-07
 Reference value :  6.90019e-07
 Reference value :  6.90167e-07
 Reference value :  6.90302e-07
 Reference value :  6.90450e-07
 Reference value :  6.90591e-07
 Reference value :  6.90727e-07
 Reference value :  6.90869e-07
 Reference value :  6.91020e-07
 Reference value :  6.91162e-07
 Reference value :  6.91299e-07
 Reference value :  6.91442e-07
 Reference value :  6.91589e-07
 Reference value :  6.91730e-07
 Reference value :  6.91870e-07
 Reference value :  6.92011e-07
 Reference value :  6.92158e-07
 Reference value :  6.92293e-07
 Reference value :  6.92432e-07
 Reference value :  6.92580e-07
 Reference value :  6.92733e-07
 Reference value :  6.92892e-07
 Reference value :  6.93059e-07
 Reference value :  6.93200e-07
 Reference value :  6.93351e-07
 Reference value :  6.93498e-07
 Reference value :  6.93640e-07
 Reference value :  6.93782e-07
 Reference value :  6.93931e-07
 Reference value :  6.94070e-07
 Reference value :  6.94206e-07
 Reference value :  6.94345e-07
 Reference value :  6.94502e-07
 Reference value :  6.94640e-07
 Reference value :  6.94773e-07
 Reference value :  6.94921e-07
 Reference value :  6.95062e-07
 Reference value :  6.95205e-07
 Reference value :  6.95350e-07
 Reference value :  6.95485e-07
 Reference value :  6.95622e-07
 Reference value :  6.95783e-07
 Reference value :  6.95921e-07
 Reference value :  6.96056e-07
 Reference value :  6.96192e-07
 Reference value :  6.96332e-07
 Reference value :  6.96474e-07
 Reference value :  6.96609e-07
 Reference value :  6.96742e-07
 Reference value :  6.96880e-07
 Reference value :  6.97025e-07
 Reference value :  6.97168e-07
 Reference value :  6.97311e-07
 Reference value :  6.97450e-07
 Reference value :  6.97586e-07
 Reference value :  6.97731e-07
 Reference value :  6.97891e-07
 Reference value :  6.98033e-07
 Reference value :  6.98170e-07
 Reference value :  6.98313e-07
 Reference value :  6.98451e-07
 Reference value :  6.98599e-07
 Reference value :  6.98743e-07
 Reference value :  6.98892e-07
 Reference value :  6.99031e-07
 Reference value :  6.99172e-07
 Reference value :  6.99311e-07
 Reference value :  6.99444e-07
 Reference value :  6.99586e-07
 Reference value :  6.99730e-07
 Reference value :  6.99880e-07
 Reference value :  7.00021e-07
 Reference value :  7.00169e-07
 Reference value :  7.00306e-07
 Reference value :  7.00450e-07
 Reference value :  7.00605e-07
 Reference value :  7.00761e-07
 Reference value :  7.00901e-07
 Reference value :  7.01045e-07
 Reference value :  7.01187e-07
 Reference value :  7.01348e-07
 Reference value :  7.01497e-07
 Reference value :  7.01653e-07
 Reference value :  7.01794e-07
 Reference value :  7.01932e-07
 Reference value :  7.02081e-07
 Reference value :  7.02229e-07
 Reference value :  7.02375e-07
 Reference value :  7.02521e-07
 Reference value :  7.02661e-07
 Reference value :  7.02810e-07
 Reference value :  7.02942e-07
 Reference value :  7.03090e-07
 Reference value :  7.03236e-07
 Reference value :  7.03378e-07
 Reference value :  7.03521e-07
 Reference value :  7.03671e-07
 Reference value :  7.03816e-07
 Reference value :  7.03955e-07
 Reference value :  7.04100e-07
 Reference value :  7.04233e-07
 Reference value :  7.04371e-07
 Reference value :  7.04511e-07
 Reference value :  7.04660e-07
 Reference value :  7.04791e-07
 Reference value :  7.04929e-07
 Reference value :  7.05067e-07
 Reference value :  7.05209e-07
 Reference value :  7.05363e-07
 Reference value :  7.05520e-07
 Reference value :  7.05660e-07
 Reference value :  7.05808e-07
 Reference value :  7.05952e-07
 Reference value :  7.06091e-07
 Reference value :  7.06235e-07
 Reference value :  7.06376e-07
 Reference value :  7.06511e-07
 Reference value :  7.06659e-07
 Reference value :  7.06796e-07
 Reference value :  7.06937e-07
 Reference value :  7.07088e-07
 Reference value :  7.07235e-07
 Reference value :  7.07371e-07
 Reference value :  7.07518e-07
 Reference value :  7.07659e-07
 Reference value :  7.07812e-07
 Reference value :  7.07951e-07
 Reference value :  7.08100e-07
 Reference value :  7.08243e-07
 Reference value :  7.08380e-07
 Reference value :  7.08519e-07
 Reference value :  7.08665e-07
 Reference value :  7.08810e-07
 Reference value :  7.08958e-07
 Reference value :  7.09101e-07
 Reference value :  7.09250e-07
 Reference value :  7.09385e-07
 Reference value :  7.09531e-07
 Reference value :  7.09680e-07
 Reference value :  7.09823e-07
 Reference value :  7.09970e-07
 Reference value :  7.10117e-07
 Reference value :  7.10257e-07
 Reference value :  7.10397e-07
 Reference value :  7.10540e-07
 Reference value :  7.10701e-07
 Reference value :  7.10841e-07
 Reference value :  7.10981e-07
 Reference value :  7.11125e-07
 Reference value :  7.11262e-07
 Reference value :  7.11400e-07
 Reference value :  7.11552e-07
 Reference value :  7.11712e-07
 Reference value :  7.11855e-07
 Reference value :  7.11999e-07
 Reference value :  7.12134e-07
 Reference value :  7.12270e-07
 Reference value :  7.12411e-07
 Reference value :  7.12550e-07
 Reference value :  7.12680e-07
 Reference value :  7.12825e-07
 Reference value :  7.12970e-07
 Reference value :  7.13111e-07
 Reference value :  7.13258e-07
 Reference value :  7.13400e-07
 Reference value :  7.13540e-07
 Reference value :  7.13692e-07
 Reference value :  7.13846e-07
 Reference value :  7.13985e-07
 Reference value :  7.14125e-07
 Reference value :  7.14270e-07
 Reference value :  7.14410e-07
 Reference value :  7.14547e-07
 Reference value :  7.14683e-07
 Reference value :  7.14820e-07
 Reference value :  7.14961e-07
 Reference value :  7.15110e-07
 Reference value :  7.15249e-07
 Reference value :  7.15380e-07
 Reference value :  7.15524e-07
 Reference value :  7.15671e-07
 Reference value :  7.15820e-07
 Reference value :  7.15955e-07
 Reference value :  7.16093e-07
 Reference value :  7.16235e-07
 Reference value :  7.16367e-07
 Reference value :  7.16502e-07
 Reference value :  7.16640e-07
 Reference value :  7.16773e-07
 Reference value :  7.16915e-07
 Reference value :  7.17061e-07
 Reference value :  7.17207e-07
 Reference value :  7.17344e-07
 Reference value :  7.17496e-07
 Reference value :  7.17638e-07
 Reference value :  7.17780e-07
 Reference value :  7.17924e-07
 Reference value :  7.18067e-07
 Reference value :  7.18219e-07
 Reference value :  7.18367e-07
 Reference value :  7.18505e-07
 Reference value :  7.18636e-07
 Reference value :  7.18780e-07
 Reference value :  7.18921e-07
 Reference value :  7.19065e-07
 Reference value :  7.19214e-07
 Reference value :  7.19343e-07
 Reference value :  7.19481e-07
 Reference value :  7.19619e-07
 Reference value :  7.19772e-07
 Reference value :  7.19911e-07
 Reference value :  7.20068e-07
 Reference value :  7.20236e-07
 Reference value :  7.20419e-07
 Reference value :  7.20560e-07
 Reference value :  7.20696e-07
 Reference value :  7.20840e-07
 Reference value :  7.20979e-07
 Reference value :  7.21121e-07
 Reference value :  7.21263e-07
 Reference value :  7.21408e-07
 Reference value :  7.21588e-07
 Reference value :  7.21730e-07
 Reference value :  7.21874e-07
 Reference value :  7.22008e-07
 Reference value :  7.22152e-07
 Reference value :  7.22291e-07
 Reference value :  7.22426e-07
 Reference value :  7.22560e-07
 Reference value :  7.22708e-07
 Reference value :  7.22848e-07
 Reference value :  7.23000e-07
 Reference value :  7.23157e-07
 Reference value :  7.23311e-07
 Reference value :  7.23445e-07
 Reference value :  7.23610e-07
 Reference value :  7.23760e-07
 Reference value :  7.23902e-07
 Reference value :  7.24047e-07
 Reference value :  7.24183e-07
 Reference value :  7.24330e-07
 Reference value :  7.24473e-07
 Reference value :  7.24610e-07
 Reference value :  7.24760e-07
 Reference value :  7.24910e-07
 Reference value :  7.25046e-07
 Reference value :  7.25184e-07
 Reference value :  7.25332e-07
 Reference value :  7.25482e-07
 Reference value :  7.25622e-07
 Reference value :  7.25761e-07
 Reference value :  7.25913e-07
 Reference value :  7.26071e-07
 Reference value :  7.26209e-07
 Reference value :  7.26366e-07
 Reference value :  7.26522e-07
 Reference value :  7.26671e-07
 Reference value :  7.26811e-07
 Reference value :  7.26952e-07
 Reference value :  7.27106e-07
 Reference value :  7.27251e-07
 Reference value :  7.27396e-07
 Reference value :  7.27538e-07
 Reference value :  7.27691e-07
 Reference value :  7.27840e-07
 Reference value :  7.27990e-07
 Reference value :  7.28137e-07
 Reference value :  7.28273e-07
 Reference value :  7.28430e-07
 Reference value :  7.28574e-07
 Reference value :  7.28713e-07
 Reference value :  7.28850e-07
 Reference value :  7.29001e-07
 Reference value :  7.29162e-07
 Reference value :  7.29315e-07
 Reference value :  7.29461e-07
 Reference value :  7.29610e-07
 Reference value :  7.29761e-07
 Reference value :  7.29914e-07
 Reference value :  7.30061e-07
 Reference value :  7.30221e-07
 Reference value :  7.30376e-07
 Reference value :  7.30537e-07
 Reference value :  7.30761e-07
 Reference value :  7.30956e-07
 Reference value :  7.31100e-07
 Reference value :  7.31299e-07
 Reference value :  7.31510e-07
 Reference value :  7.31655e-07
 Reference value :  7.31793e-07
 Reference value :  7.32031e-07
 Reference value :  7.32304e-07
 Reference value :  7.32443e-07
 Reference value :  7.32599e-07
 Reference value :  7.32770e-07
 Reference value :  7.33000e-07
 Reference value :  7.33255e-07
 Reference value :  7.33400e-07
 Reference value :  7.33547e-07
 Reference value :  7.33697e-07
 Reference value :  7.33850e-07
 Reference value :  7.34036e-07
 Reference value :  7.34278e-07
 Reference value :  7.34448e-07
 Reference value :  7.34600e-07
 Reference value :  7.34784e-07
 Reference value :  7.35041e-07
 Reference value :  7.35199e-07
 Reference value :  7.35337e-07
 Reference value :  7.35515e-07
 Reference value :  7.35802e-07
 Reference value :  7.36024e-07
 Reference value :  7.36161e-07
 Reference value :  7.36320e-07
 Reference value :  7.36548e-07
 Reference value :  7.36775e-07
 Reference value :  7.36925e-07
 Reference value :  7.37074e-07
 Reference value :  7.37220e-07
 Reference value :  7.37364e-07
 Reference value :  7.37521e-07
 Reference value :  7.37695e-07
 Reference value :  7.37844e-07
 Reference value :  7.38010e-07
 Reference value :  7.38170e-07
 Reference value :  7.38416e-07
 Reference value :  7.38705e-07
 Reference value :  7.38881e-07
 Reference value :  7.39103e-07
 Reference value :  7.39269e-07
 Reference value :  7.39508e-07
 Reference value :  7.39759e-07
 Reference value :  7.39921e-07
 Reference value :  7.40063e-07
 Reference value :  7.40203e-07
 Reference value :  7.40440e-07
 Reference value :  7.40717e-07
 Reference value :  7.40889e-07
 Reference value :  7.41032e-07
 Reference value :  7.41180e-07
 Reference value :  7.41431e-07
 Reference value :  7.41640e-07
 Reference value :  7.41792e-07
 Reference value :  7.41951e-07
 Reference value :  7.42122e-07
 Reference value :  7.42283e-07
 Reference value :  7.42430e-07
 Reference value :  7.42573e-07
 Reference value :  7.42720e-07
 Reference value :  7.42883e-07
 Reference value :  7.43030e-07
 Reference value :  7.43195e-07
 Reference value :  7.43352e-07
 Reference value :  7.43510e-07
 Reference value :  7.43659e-07
 Reference value :  7.43825e-07
 Reference value :  7.43977e-07
 Reference value :  7.44131e-07
 Reference value :  7.44380e-07
 Reference value :  7.44660e-07
 Reference value :  7.44833e-07
 Reference value :  7.44990e-07
 Reference value :  7.45155e-07
 Reference value :  7.45437e-07
 Reference value :  7.45636e-07
 Reference value :  7.45783e-07
 Reference value :  7.45996e-07
 Reference value :  7.46244e-07
 Reference value :  7.46397e-07
 Reference value :  7.46547e-07
 Reference value :  7.46720e-07
 Reference value :  7.47000e-07
 Reference value :  7.47171e-07
 Reference value :  7.47328e-07
 Reference value :  7.47490e-07
 Reference value :  7.47649e-07
 Reference value :  7.47810e-07
 Reference value :  7.47958e-07
 Reference value :  7.48102e-07
 Reference value :  7.48263e-07
 Reference value :  7.48409e-07
 Reference value :  7.48552e-07
 Reference value :  7.48710e-07
 Reference value :  7.48881e-07
 Reference value :  7.49027e-07
 Reference value :  7.49185e-07
 Reference value :  7.49331e-07
 Reference value :  7.49476e-07
 Reference value :  7.49631e-07
 Reference value :  7.49790e-07
 Reference value :  7.49926e-07
 Reference value :  7.50090e-07
 Reference value :  7.50249e-07
 Reference value :  7.50405e-07
 Reference value :  7.50567e-07
 Reference value :  7.50714e-07
 Reference value :  7.50860e-07
 Reference value :  7.51009e-07
 Reference value :  7.51151e-07
 Reference value :  7.51303e-07
 Reference value :  7.51451e-07
 Reference value :  7.51602e-07
 Reference value :  7.51750e-07
 Reference value :  7.51905e-07
 Reference value :  7.52051e-07
 Reference value :  7.52191e-07
 Reference value :  7.52340e-07
 Reference value :  7.52480e-07
 Reference value :  7.52634e-07
 Reference value :  7.52812e-07
 Reference value :  7.52961e-07
 Reference value :  7.53107e-07
 Reference value :  7.53259e-07
 Reference value :  7.53421e-07
 Reference value :  7.53571e-07
 Reference value :  7.53730e-07
 Reference value :  7.53880e-07
 Reference value :  7.54020e-07
 Reference value :  7.54170e-07
 Reference value :  7.54320e-07
 Reference value :  7.54470e-07
 Reference value :  7.54623e-07
 Reference value :  7.54773e-07
 Reference value :  7.54926e-07
 Reference value :  7.55083e-07
 Reference value :  7.55239e-07
 Reference value :  7.55389e-07
 Reference value :  7.55541e-07
 Reference value :  7.55680e-07
 Reference value :  7.55820e-07
 Reference value :  7.55961e-07
 Reference value :  7.56140e-07
 Reference value :  7.56410e-07
 Reference value :  7.56583e-07
 Reference value :  7.56736e-07
 Reference value :  7.56960e-07
 Reference value :  7.57111e-07
 Reference value :  7.57301e-07
 Reference value :  7.57455e-07
 Reference value :  7.57650e-07
 Reference value :  7.57912e-07
 Reference value :  7.58075e-07
 Reference value :  7.58314e-07
 Reference value :  7.58580e-07
 Reference value :  7.58753e-07
 Reference value :  7.58940e-07
 Reference value :  7.59200e-07
 Reference value :  7.59420e-07
 Reference value :  7.59601e-07
 Reference value :  7.59790e-07
 Reference value :  7.60071e-07
 Reference value :  7.60290e-07
 Reference value :  7.60463e-07
 Reference value :  7.60686e-07
 Reference value :  7.60940e-07
 Reference value :  7.61116e-07
 Reference value :  7.61290e-07
 Reference value :  7.61570e-07
 Reference value :  7.61792e-07
 Reference value :  7.61961e-07
 Reference value :  7.62209e-07
 Reference value :  7.62454e-07
 Reference value :  7.62618e-07
 Reference value :  7.62776e-07
 Reference value :  7.62969e-07
 Reference value :  7.63141e-07
 Reference value :  7.63343e-07
 Reference value :  7.63628e-07
 Reference value :  7.63822e-07
 Reference value :  7.63980e-07
 Reference value :  7.64175e-07
 Reference value :  7.64329e-07
 Reference value :  7.64540e-07
 Reference value :  7.64681e-07
 Reference value :  7.64842e-07
 Reference value :  7.65025e-07
 Reference value :  7.65173e-07
 Reference value :  7.65338e-07
 Reference value :  7.65509e-07
 Reference value :  7.65652e-07
 Reference value :  7.65864e-07
 Reference value :  7.66124e-07
 Reference value :  7.66271e-07
 Reference value :  7.66424e-07
 Reference value :  7.66619e-07
 Reference value :  7.66761e-07
 Reference value :  7.66947e-07
 Reference value :  7.67229e-07
 Reference value :  7.67399e-07
 Reference value :  7.67558e-07
 Reference value :  7.67781e-07
 Reference value :  7.68030e-07
 Reference value :  7.68185e-07
 Reference value :  7.68430e-07
 Reference value :  7.68640e-07
 Reference value :  7.68796e-07
 Reference value :  7.68971e-07
 Reference value :  7.69149e-07
 Reference value :  7.69310e-07
 Reference value :  7.69531e-07
 Reference value :  7.69756e-07
 Reference value :  7.69950e-07
 Reference value :  7.70207e-07
 Reference value :  7.70365e-07
 Reference value :  7.70624e-07
 Reference value :  7.70867e-07
 Reference value :  7.71070e-07
 Reference value :  7.71349e-07
 Reference value :  7.71527e-07
 Reference value :  7.71757e-07
 Reference value :  7.71965e-07
 Reference value :  7.72164e-07
 Reference value :  7.72324e-07
 Reference value :  7.72505e-07
 Reference value :  7.72683e-07
 Reference value :  7.72854e-07
 Reference value :  7.73058e-07
 Reference value :  7.73310e-07
 Reference value :  7.73478e-07
 Reference value :  7.73655e-07
 Reference value :  7.73819e-07
 Reference value :  7.73970e-07
 Reference value :  7.74244e-07
 Reference value :  7.74452e-07
 Reference value :  7.74601e-07
 Reference value :  7.74770e-07
 Reference value :  7.74912e-07
 Reference value :  7.75087e-07
 Reference value :  7.75273e-07
 Reference value :  7.75431e-07
 Reference value :  7.75672e-07
 Reference value :  7.75858e-07
 Reference value :  7.76083e-07
 Reference value :  7.76310e-07
 Reference value :  7.76476e-07
 Reference value :  7.76740e-07
 Reference value :  7.76952e-07
 Reference value :  7.77120e-07
 Reference value :  7.77315e-07
 Reference value :  7.77503e-07
 Reference value :  7.77667e-07
 Reference value :  7.77917e-07
 Reference value :  7.78120e-07
 Reference value :  7.78297e-07
 Reference value :  7.78472e-07
 Reference value :  7.78756e-07
 Reference value :  7.78950e-07
 Reference value :  7.79186e-07
 Reference value :  7.79391e-07
 Reference value :  7.79590e-07
 Reference value :  7.79823e-07
 Reference value :  7.80007e-07
 Reference value :  7.80190e-07
 Reference value :  7.80380e-07
 Reference value :  7.80604e-07
 Reference value :  7.80863e-07
 Reference value :  7.81030e-07
 Reference value :  7.81210e-07
 Reference value :  7.81388e-07
 Reference value :  7.81540e-07
 Reference value :  7.81700e-07
 Reference value :  7.81863e-07
 Reference value :  7.82006e-07
 Reference value :  7.82148e-07
 Reference value :  7.82300e-07
 Reference value :  7.82453e-07
 Reference value :  7.82620e-07
 Reference value :  7.82776e-07
 Reference value :  7.82927e-07
 Reference value :  7.83088e-07
 Reference value :  7.83240e-07
 Reference value :  7.83383e-07
 Reference value :  7.83544e-07
 Reference value :  7.83700e-07
 Reference value :  7.83855e-07
 Reference value :  7.84010e-07
 Reference value :  7.84172e-07
 Reference value :  7.84331e-07
 Reference value :  7.84496e-07
 Reference value :  7.84664e-07
 Reference value :  7.84814e-07
 Reference value :  7.84978e-07
 Reference value :  7.85142e-07
 Reference value :  7.85319e-07
 Reference value :  7.85467e-07
 Reference value :  7.85614e-07
 Reference value :  7.85770e-07
 Reference value :  7.85912e-07
 Reference value :  7.86071e-07
 Reference value :  7.86228e-07
 Reference value :  7.86387e-07
 Reference value :  7.86550e-07
 Reference value :  7.86728e-07
 Reference value :  7.86890e-07
 Reference value :  7.87042e-07
 Reference value :  7.87231e-07
 Reference value :  7.87380e-07
 Reference value :  7.87545e-07
 Reference value :  7.87696e-07
 Reference value :  7.87857e-07
 Reference value :  7.88010e-07
 Reference value :  7.88167e-07
 Reference value :  7.88330e-07
 Reference value :  7.88479e-07
 Reference value :  7.88646e-07
 Reference value :  7.88810e-07
 Reference value :  7.88970e-07
 Reference value :  7.89121e-07
 Reference value :  7.89286e-07
 Reference value :  7.89441e-07
 Reference value :  7.89588e-07
 Reference value :  7.89736e-07
 Reference value :  7.89915e-07
 Reference value :  7.90094e-07
 Reference value :  7.90257e-07
 Reference value :  7.90412e-07
 Reference value :  7.90600e-07
 Reference value :  7.90746e-07
 Reference value :  7.90914e-07
 Reference value :  7.91064e-07
 Reference value :  7.91208e-07
 Reference value :  7.91365e-07
 Reference value :  7.91519e-07
 Reference value :  7.91666e-07
 Reference value :  7.91823e-07
 Reference value :  7.91976e-07
 Reference value :  7.92127e-07
 Reference value :  7.92280e-07
 Reference value :  7.92460e-07
 Reference value :  7.92623e-07
 Reference value :  7.92793e-07
 Reference value :  7.92943e-07
 Reference value :  7.93100e-07
 Reference value :  7.93254e-07
 Reference value :  7.93420e-07
 Reference value :  7.93571e-07
 Reference value :  7.93719e-07
 Reference value :  7.93879e-07
 Reference value :  7.94039e-07
 Reference value :  7.94200e-07
 Reference value :  7.94358e-07
 Reference value :  7.94510e-07
 Reference value :  7.94676e-07
 Reference value :  7.94840e-07
 Reference value :  7.95005e-07
 Reference value :  7.95167e-07
 Reference value :  7.95322e-07
 Reference value :  7.95487e-07
 Reference value :  7.95644e-07
 Reference value :  7.95790e-07
 Reference value :  7.95938e-07
 Reference value :  7.96091e-07
 Reference value :  7.96247e-07
 Reference value :  7.96405e-07
 Reference value :  7.96567e-07
 Reference value :  7.96720e-07
 Reference value :  7.96872e-07
 Reference value :  7.97036e-07
 Reference value :  7.97190e-07
 Reference value :  7.97341e-07
 Reference value :  7.97497e-07
 Reference value :  7.97652e-07
 Reference value :  7.97811e-07
 Reference value :  7.97964e-07
 Reference value :  7.98123e-07
 Reference value :  7.98279e-07
 Reference value :  7.98421e-07
 Reference value :  7.98576e-07
 Reference value :  7.98736e-07
 Reference value :  7.98886e-07
 Reference value :  7.99041e-07
 Reference value :  7.99196e-07
 Reference value :  7.99349e-07
 Reference value :  7.99499e-07
 Reference value :  7.99658e-07
 Reference value :  7.99811e-07
 Reference value :  7.99963e-07
 Reference value :  8.00119e-07
 Reference value :  8.00260e-07
 Reference value :  8.00400e-07
 Reference value :  8.00548e-07
 Reference value :  8.00714e-07
 Reference value :  8.00851e-07
 Reference value :  8.01007e-07
 Reference value :  8.01159e-07
 Reference value :  8.01314e-07
 Reference value :  8.01496e-07
 Reference value :  8.01645e-07
 Reference value :  8.01831e-07
 Reference value :  8.01991e-07
 Reference value :  8.02164e-07
 Reference value :  8.02319e-07
 Reference value :  8.02470e-07
 Reference value :  8.02630e-07
 Reference value :  8.02793e-07
 Reference value :  8.02941e-07
 Reference value :  8.03100e-07
 Reference value :  8.03255e-07
 Reference value :  8.03414e-07
 Reference value :  8.03562e-07
 Reference value :  8.03715e-07
 Reference value :  8.03881e-07
 Reference value :  8.04051e-07
 Reference value :  8.04208e-07
 Reference value :  8.04365e-07
 Reference value :  8.04539e-07
 Reference value :  8.04683e-07
 Reference value :  8.04832e-07
 Reference value :  8.04996e-07
 Reference value :  8.05152e-07
 Reference value :  8.05301e-07
 Reference value :  8.05458e-07
 Reference value :  8.05610e-07
 Reference value :  8.05758e-07
 Reference value :  8.05910e-07
 Reference value :  8.06063e-07
 Reference value :  8.06212e-07
 Reference value :  8.06368e-07
 Reference value :  8.06511e-07
 Reference value :  8.06660e-07
 Reference value :  8.06836e-07
 Reference value :  8.07018e-07
 Reference value :  8.07301e-07
 Reference value :  8.07511e-07
 Reference value :  8.07703e-07
 Reference value :  8.07868e-07
 Reference value :  8.08080e-07
 Reference value :  8.08293e-07
 Reference value :  8.08448e-07
 Reference value :  8.08603e-07
 Reference value :  8.08816e-07
 Reference value :  8.09049e-07
 Reference value :  8.09220e-07
 Reference value :  8.09366e-07
 Reference value :  8.09565e-07
 Reference value :  8.09760e-07
 Reference value :  8.09900e-07
 Reference value :  8.10053e-07
 Reference value :  8.10190e-07
 Reference value :  8.10346e-07
 Reference value :  8.10517e-07
 Reference value :  8.10670e-07
 Reference value :  8.10841e-07
 Reference value :  8.10981e-07
 Reference value :  8.11121e-07
 Reference value :  8.11260e-07
 Reference value :  8.11412e-07
 Reference value :  8.11577e-07
 Reference value :  8.11733e-07
 Reference value :  8.11893e-07
 Reference value :  8.12042e-07
 Reference value :  8.12190e-07
 Reference value :  8.12352e-07
 Reference value :  8.12495e-07
 Reference value :  8.12661e-07
 Reference value :  8.12820e-07
 Reference value :  8.12960e-07
 Reference value :  8.13111e-07
 Reference value :  8.13270e-07
 Reference value :  8.13436e-07
 Reference value :  8.13594e-07
 Reference value :  8.13746e-07
 Reference value :  8.13938e-07
 Reference value :  8.14220e-07
 Reference value :  8.14415e-07
 Reference value :  8.14560e-07
 Reference value :  8.14714e-07
 Reference value :  8.14899e-07
 Reference value :  8.15063e-07
 Reference value :  8.15221e-07
 Reference value :  8.15371e-07
 Reference value :  8.15523e-07
 Reference value :  8.15664e-07
 Reference value :  8.15813e-07
 Reference value :  8.15960e-07
 Reference value :  8.16103e-07
 Reference value :  8.16250e-07
 Reference value :  8.16387e-07
 Reference value :  8.16550e-07
 Reference value :  8.16719e-07
 Reference value :  8.16863e-07
 Reference value :  8.17014e-07
 Reference value :  8.17159e-07
 Reference value :  8.17305e-07
 Reference value :  8.17447e-07
 Reference value :  8.17593e-07
 Reference value :  8.17742e-07
 Reference value :  8.17887e-07
 Reference value :  8.18028e-07
 Reference value :  8.18184e-07
 Reference value :  8.18334e-07
 Reference value :  8.18494e-07
 Reference value :  8.18659e-07
 Reference value :  8.18812e-07
 Reference value :  8.18960e-07
 Reference value :  8.19112e-07
 Reference value :  8.19270e-07
 Reference value :  8.19423e-07
 Reference value :  8.19578e-07
 Reference value :  8.19861e-07
 Reference value :  8.20071e-07
 Reference value :  8.20201e-07
 Reference value :  8.20369e-07
 Reference value :  8.20547e-07
 Reference value :  8.20694e-07
 Reference value :  8.20871e-07
 Reference value :  8.21023e-07
 Reference value :  8.21190e-07
 Reference value :  8.21361e-07
 Reference value :  8.21508e-07
 Reference value :  8.21663e-07
 Reference value :  8.21811e-07
 Reference value :  8.21942e-07
 Reference value :  8.22092e-07
 Reference value :  8.22226e-07
 Reference value :  8.22363e-07
 Reference value :  8.22501e-07
 Reference value :  8.22641e-07
 Reference value :  8.22784e-07
 Reference value :  8.22920e-07
 Reference value :  8.23067e-07
 Reference value :  8.23229e-07
 Reference value :  8.23390e-07
 Reference value :  8.23575e-07
 Reference value :  8.23726e-07
 Reference value :  8.23886e-07
 Reference value :  8.24082e-07
 Reference value :  8.24250e-07
 Reference value :  8.24399e-07
 Reference value :  8.24654e-07
 Reference value :  8.24865e-07
 Reference value :  8.25048e-07
 Reference value :  8.25209e-07
 Reference value :  8.25355e-07
 Reference value :  8.25540e-07
 Reference value :  8.25685e-07
 Reference value :  8.25839e-07
 Reference value :  8.25991e-07
 Reference value :  8.26163e-07
 Reference value :  8.26322e-07
 Reference value :  8.26480e-07
 Reference value :  8.26639e-07
 Reference value :  8.26790e-07
 Reference value :  8.26952e-07
 Reference value :  8.27110e-07
 Reference value :  8.27260e-07
 Reference value :  8.27417e-07
 Reference value :  8.27571e-07
 Reference value :  8.27735e-07
 Reference value :  8.27903e-07
 Reference value :  8.28081e-07
 Reference value :  8.28310e-07
 Reference value :  8.28561e-07
 Reference value :  8.28702e-07
 Reference value :  8.28863e-07
 Reference value :  8.29071e-07
 Reference value :  8.29226e-07
 Reference value :  8.29401e-07
 Reference value :  8.29600e-07
 Reference value :  8.29886e-07
 Reference value :  8.30043e-07
 Reference value :  8.30211e-07
 Reference value :  8.30420e-07
 Reference value :  8.30561e-07
 Reference value :  8.30810e-07
 Reference value :  8.31020e-07
 Reference value :  8.31184e-07
 Reference value :  8.31344e-07
 Reference value :  8.31512e-07
 Reference value :  8.31677e-07
 Reference value :  8.31848e-07
 Reference value :  8.31994e-07
 Reference value :  8.32132e-07
 Reference value :  8.32275e-07
 Reference value :  8.32418e-07
 Reference value :  8.32570e-07
 Reference value :  8.32715e-07
 Reference value :  8.32858e-07
 Reference value :  8.32998e-07
 Reference value :  8.33141e-07
 Reference value :  8.33290e-07
 Reference value :  8.33441e-07
 Reference value :  8.33589e-07
 Reference value :  8.33771e-07
 Reference value :  8.33931e-07
 Reference value :  8.34080e-07
 Reference value :  8.34240e-07
 Reference value :  8.34420e-07
 Reference value :  8.34577e-07
 Reference value :  8.34748e-07
 Reference value :  8.35025e-07
 Reference value :  8.35171e-07
 Reference value :  8.35336e-07
 Reference value :  8.35482e-07
 Reference value :  8.35653e-07
 Reference value :  8.35806e-07
 Reference value :  8.35960e-07
 Reference value :  8.36106e-07
 Reference value :  8.36261e-07
 Reference value :  8.36400e-07
 Reference value :  8.36561e-07
 Reference value :  8.36721e-07
 Reference value :  8.36880e-07
 Reference value :  8.37040e-07
 Reference value :  8.37194e-07
 Reference value :  8.37347e-07
 Reference value :  8.37506e-07
 Reference value :  8.37683e-07
 Reference value :  8.37858e-07
 Reference value :  8.38140e-07
 Reference value :  8.38333e-07
 Reference value :  8.38490e-07
 Reference value :  8.38660e-07
 Reference value :  8.38831e-07
 Reference value :  8.38993e-07
 Reference value :  8.39149e-07
 Reference value :  8.39300e-07
 Reference value :  8.39444e-07
 Reference value :  8.39600e-07
 Reference value :  8.39770e-07
 Reference value :  8.39925e-07
 Reference value :  8.40079e-07
 Reference value :  8.40258e-07
 Reference value :  8.40443e-07
 Reference value :  8.40630e-07
 Reference value :  8.40791e-07
 Reference value :  8.40956e-07
 Reference value :  8.41110e-07
 Reference value :  8.41262e-07
 Reference value :  8.41410e-07
 Reference value :  8.41564e-07
 Reference value :  8.41719e-07
 Reference value :  8.41880e-07
 Reference value :  8.42033e-07
 Reference value :  8.42216e-07
 Reference value :  8.42391e-07
 Reference value :  8.42579e-07
 Reference value :  8.42742e-07
 Reference value :  8.42897e-07
 Reference value :  8.43060e-07
 Reference value :  8.43230e-07
 Reference value :  8.43383e-07
 Reference value :  8.43549e-07
 Reference value :  8.43704e-07
 Reference value :  8.43860e-07
 Reference value :  8.44011e-07
 Reference value :  8.44180e-07
 Reference value :  8.44335e-07
 Reference value :  8.44510e-07
 Reference value :  8.44674e-07
 Reference value :  8.44832e-07
 Reference value :  8.45000e-07
 Reference value :  8.45161e-07
 Reference value :  8.45311e-07
 Reference value :  8.45461e-07
 Reference value :  8.45608e-07
 Reference value :  8.45767e-07
 Reference value :  8.45913e-07
 Reference value :  8.46060e-07
 Reference value :  8.46203e-07
 Reference value :  8.46359e-07
 Reference value :  8.46513e-07
 Reference value :  8.46661e-07
 Reference value :  8.46823e-07
 Reference value :  8.46974e-07
 Reference value :  8.47136e-07
 Reference value :  8.47294e-07
 Reference value :  8.47442e-07
 Reference value :  8.47602e-07
 Reference value :  8.47774e-07
 Reference value :  8.47930e-07
 Reference value :  8.48076e-07
 Reference value :  8.48229e-07
 Reference value :  8.48400e-07
 Reference value :  8.48548e-07
 Reference value :  8.48689e-07
 Reference value :  8.48849e-07
 Reference value :  8.48994e-07
 Reference value :  8.49134e-07
 Reference value :  8.49287e-07
 Reference value :  8.49440e-07
 Reference value :  8.49580e-07
 Reference value :  8.49730e-07
 Reference value :  8.49880e-07
 Reference value :  8.50031e-07
 Reference value :  8.50182e-07
 Reference value :  8.50332e-07
 Reference value :  8.50473e-07
 Reference value :  8.50631e-07
 Reference value :  8.50777e-07
 Reference value :  8.50921e-07
 Reference value :  8.51066e-07
 Reference value :  8.51220e-07
 Reference value :  8.51363e-07
 Reference value :  8.51513e-07
 Reference value :  8.51663e-07
 Reference value :  8.51825e-07
 Reference value :  8.51980e-07
 Reference value :  8.52154e-07
 Reference value :  8.52318e-07
 Reference value :  8.52462e-07
 Reference value :  8.52610e-07
 Reference value :  8.52769e-07
 Reference value :  8.52928e-07
 Reference value :  8.53088e-07
 Reference value :  8.53265e-07
 Reference value :  8.53435e-07
 Reference value :  8.53590e-07
 Reference value :  8.53749e-07
 Reference value :  8.53902e-07
 Reference value :  8.54060e-07
 Reference value :  8.54215e-07
 Reference value :  8.54368e-07
 Reference value :  8.54540e-07
 Reference value :  8.54708e-07
 Reference value :  8.54861e-07
 Reference value :  8.55014e-07
 Reference value :  8.55161e-07
 Reference value :  8.55310e-07
 Reference value :  8.55459e-07
 Reference value :  8.55613e-07
 Reference value :  8.55766e-07
 Reference value :  8.55915e-07
 Reference value :  8.56081e-07
 Reference value :  8.56230e-07
 Reference value :  8.56381e-07
 Reference value :  8.56539e-07
 Reference value :  8.56690e-07
 Reference value :  8.56841e-07
 Reference value :  8.56994e-07
 Reference value :  8.57141e-07
 Reference value :  8.57289e-07
 Reference value :  8.57430e-07
 Reference value :  8.57577e-07
 Reference value :  8.57725e-07
 Reference value :  8.57880e-07
 Reference value :  8.58022e-07
 Reference value :  8.58180e-07
 Reference value :  8.58336e-07
 Reference value :  8.58508e-07
 Reference value :  8.58659e-07
 Reference value :  8.58817e-07
 Reference value :  8.58977e-07
 Reference value :  8.59135e-07
 Reference value :  8.59291e-07
 Reference value :  8.59448e-07
 Reference value :  8.59611e-07
 Reference value :  8.59764e-07
 Reference value :  8.59921e-07
 Reference value :  8.60074e-07
 Reference value :  8.60230e-07
 Reference value :  8.60386e-07
 Reference value :  8.60544e-07
 Reference value :  8.60695e-07
 Reference value :  8.60847e-07
 Reference value :  8.61000e-07
 Reference value :  8.61140e-07
 Reference value :  8.61289e-07
 Reference value :  8.61437e-07
 Reference value :  8.61607e-07
 Reference value :  8.61743e-07
 Reference value :  8.61894e-07
 Reference value :  8.62030e-07
 Reference value :  8.62166e-07
 Reference value :  8.62309e-07
 Reference value :  8.62456e-07
 Reference value :  8.62598e-07
 Reference value :  8.62760e-07
 Reference value :  8.62901e-07
 Reference value :  8.63040e-07
 Reference value :  8.63179e-07
 Reference value :  8.63326e-07
 Reference value :  8.63476e-07
 Reference value :  8.63630e-07
 Reference value :  8.63780e-07
 Reference value :  8.63930e-07
 Reference value :  8.64080e-07
 Reference value :  8.64220e-07
 Reference value :  8.64372e-07
 Reference value :  8.64521e-07
 Reference value :  8.64676e-07
 Reference value :  8.64850e-07
 Reference value :  8.65011e-07
 Reference value :  8.65172e-07
 Reference value :  8.65327e-07
 Reference value :  8.65493e-07
 Reference value :  8.65650e-07
 Reference value :  8.65798e-07
 Reference value :  8.65949e-07
 Reference value :  8.66104e-07
 Reference value :  8.66260e-07
 Reference value :  8.66416e-07
 Reference value :  8.66569e-07
 Reference value :  8.66715e-07
 Reference value :  8.66872e-07
 Reference value :  8.67021e-07
 Reference value :  8.67182e-07
 Reference value :  8.67350e-07
 Reference value :  8.67510e-07
 Reference value :  8.67675e-07
 Reference value :  8.67840e-07
 Reference value :  8.67997e-07
 Reference value :  8.68151e-07
 Reference value :  8.68300e-07
 Reference value :  8.68450e-07
 Reference value :  8.68620e-07
 Reference value :  8.68770e-07
 Reference value :  8.68920e-07
 Reference value :  8.69073e-07
 Reference value :  8.69230e-07
 Reference value :  8.69384e-07
 Reference value :  8.69550e-07
 Reference value :  8.69711e-07
 Reference value :  8.69861e-07
 Reference value :  8.70011e-07
 Reference value :  8.70170e-07
 Reference value :  8.70321e-07
 Reference value :  8.70474e-07
 Reference value :  8.70621e-07
 Reference value :  8.70785e-07
 Reference value :  8.70943e-07
 Reference value :  8.71109e-07
 Reference value :  8.71261e-07
 Reference value :  8.71423e-07
 Reference value :  8.71585e-07
 Reference value :  8.71743e-07
 Reference value :  8.71895e-07
 Reference value :  8.72047e-07
 Reference value :  8.72210e-07
 Reference value :  8.72366e-07
 Reference value :  8.72520e-07
 Reference value :  8.72685e-07
 Reference value :  8.72836e-07
 Reference value :  8.72993e-07
 Reference value :  8.73144e-07
 Reference value :  8.73307e-07
 Reference value :  8.73461e-07
 Reference value :  8.73620e-07
 Reference value :  8.73780e-07
 Reference value :  8.73929e-07
 Reference value :  8.74090e-07
 Reference value :  8.74244e-07
 Reference value :  8.74392e-07
 Reference value :  8.74550e-07
 Reference value :  8.74708e-07
 Reference value :  8.74869e-07
 Reference value :  8.75016e-07
 Reference value :  8.75170e-07
 Reference value :  8.75325e-07
 Reference value :  8.75491e-07
 Reference value :  8.75643e-07
 Reference value :  8.75788e-07
 Reference value :  8.75933e-07
 Reference value :  8.76075e-07
 Reference value :  8.76221e-07
 Reference value :  8.76370e-07
 Reference value :  8.76518e-07
 Reference value :  8.76662e-07
 Reference value :  8.76813e-07
 Reference value :  8.76971e-07
 Reference value :  8.77122e-07
 Reference value :  8.77361e-07
 Reference value :  8.77584e-07
 Reference value :  8.77737e-07
 Reference value :  8.77880e-07
 Reference value :  8.78072e-07
 Reference value :  8.78358e-07
 Reference value :  8.78515e-07
 Reference value :  8.78657e-07
 Reference value :  8.78803e-07
 Reference value :  8.79006e-07
 Reference value :  8.79292e-07
 Reference value :  8.79450e-07
 Reference value :  8.79601e-07
 Reference value :  8.79767e-07
 Reference value :  8.79920e-07
 Reference value :  8.80192e-07
 Reference value :  8.80390e-07
 Reference value :  8.80530e-07
 Reference value :  8.80666e-07
 Reference value :  8.80820e-07
 Reference value :  8.80966e-07
 Reference value :  8.81132e-07
 Reference value :  8.81419e-07
 Reference value :  8.81569e-07
 Reference value :  8.81699e-07
 Reference value :  8.81851e-07
 Reference value :  8.82134e-07
 Reference value :  8.82282e-07
 Reference value :  8.82431e-07
 Reference value :  8.82590e-07
 Reference value :  8.82770e-07
 Reference value :  8.83030e-07
 Reference value :  8.83164e-07
 Reference value :  8.83336e-07
 Reference value :  8.83482e-07
 Reference value :  8.83632e-07
 Reference value :  8.83783e-07
 Reference value :  8.83932e-07
 Reference value :  8.84079e-07
 Reference value :  8.84226e-07
 Reference value :  8.84372e-07
 Reference value :  8.84527e-07
 Reference value :  8.84668e-07
 Reference value :  8.84810e-07
 Reference value :  8.84944e-07
 Reference value :  8.85099e-07
 Reference value :  8.85243e-07
 Reference value :  8.85387e-07
 Reference value :  8.85530e-07
 Reference value :  8.85674e-07
 Reference value :  8.85851e-07
 Reference value :  8.86013e-07
 Reference value :  8.86170e-07
 Reference value :  8.86332e-07
 Reference value :  8.86478e-07
 Reference value :  8.86633e-07
 Reference value :  8.86770e-07
 Reference value :  8.86944e-07
 Reference value :  8.87096e-07
 Reference value :  8.87230e-07
 Reference value :  8.87380e-07
 Reference value :  8.87518e-07
 Reference value :  8.87661e-07
 Reference value :  8.87819e-07
 Reference value :  8.87967e-07
 Reference value :  8.88110e-07
 Reference value :  8.88260e-07
 Reference value :  8.88396e-07
 Reference value :  8.88555e-07
 Reference value :  8.88702e-07
 Reference value :  8.88833e-07
 Reference value :  8.88978e-07
 Reference value :  8.89119e-07
 Reference value :  8.89261e-07
 Reference value :  8.89401e-07
 Reference value :  8.89541e-07
 Reference value :  8.89718e-07
 Reference value :  8.89885e-07
 Reference value :  8.90021e-07
 Reference value :  8.90190e-07
 Reference value :  8.90324e-07
 Reference value :  8.90468e-07
 Reference value :  8.90610e-07
 Reference value :  8.90780e-07
 Reference value :  8.91065e-07
 Reference value :  8.91244e-07
 Reference value :  8.91380e-07
 Reference value :  8.91526e-07
 Reference value :  8.91708e-07
 Reference value :  8.91881e-07
 Reference value :  8.92013e-07
 Reference value :  8.92147e-07
 Reference value :  8.92289e-07
 Reference value :  8.92450e-07
 Reference value :  8.92590e-07
 Reference value :  8.92760e-07
 Reference value :  8.92892e-07
 Reference value :  8.93039e-07
 Reference value :  8.93191e-07
 Reference value :  8.93330e-07
 Reference value :  8.93509e-07
 Reference value :  8.93661e-07
 Reference value :  8.93801e-07
 Reference value :  8.93961e-07
 Reference value :  8.94093e-07
 Reference value :  8.94237e-07
 Reference value :  8.94371e-07
 Reference value :  8.94509e-07
 Reference value :  8.94657e-07
 Reference value :  8.94799e-07
 Reference value :  8.94940e-07
 Reference value :  8.95080e-07
 Reference value :  8.95304e-07
 Reference value :  8.95591e-07
 Reference value :  8.95780e-07
 Reference value :  8.95917e-07
 Reference value :  8.96071e-07
 Reference value :  8.96206e-07
 Reference value :  8.96349e-07
 Reference value :  8.96480e-07
 Reference value :  8.96626e-07
 Reference value :  8.96764e-07
 Reference value :  8.96905e-07
 Reference value :  8.97042e-07
 Reference value :  8.97186e-07
 Reference value :  8.97325e-07
 Reference value :  8.97467e-07
 Reference value :  8.97611e-07
 Reference value :  8.97741e-07
 Reference value :  8.97882e-07
 Reference value :  8.98019e-07
 Reference value :  8.98150e-07
 Reference value :  8.98285e-07
 Reference value :  8.98420e-07
 Reference value :  8.98558e-07
 Reference value :  8.98700e-07
 Reference value :  8.98845e-07
 Reference value :  8.98979e-07
 Reference value :  8.99120e-07
 Reference value :  8.99251e-07
 Reference value :  8.99385e-07
 Reference value :  8.99519e-07
 Reference value :  8.99659e-07
 Reference value :  8.99791e-07
 Reference value :  8.99924e-07
 Reference value :  9.00072e-07
 Reference value :  9.00205e-07
 Reference value :  9.00359e-07
 Reference value :  9.00493e-07
 Reference value :  9.00630e-07
 Reference value :  9.00761e-07
 Reference value :  9.00907e-07
 Reference value :  9.01041e-07
 Reference value :  9.01174e-07
 Reference value :  9.01308e-07
 Reference value :  9.01440e-07
 Reference value :  9.01606e-07
 Reference value :  9.01750e-07
 Reference value :  9.01884e-07
 Reference value :  9.02028e-07
 Reference value :  9.02160e-07
 Reference value :  9.02290e-07
 Reference value :  9.02424e-07
 Reference value :  9.02567e-07
 Reference value :  9.02740e-07
 Reference value :  9.02882e-07
 Reference value :  9.03070e-07
 Reference value :  9.03210e-07
 Reference value :  9.03346e-07
 Reference value :  9.03481e-07
 Reference value :  9.03617e-07
 Reference value :  9.03754e-07
 Reference value :  9.03898e-07
 Reference value :  9.04033e-07
 Reference value :  9.04171e-07
 Reference value :  9.04309e-07
 Reference value :  9.04456e-07
 Reference value :  9.04591e-07
 Reference value :  9.04735e-07
 Reference value :  9.04880e-07
 Reference value :  9.05031e-07
 Reference value :  9.05170e-07
 Reference value :  9.05314e-07
 Reference value :  9.05448e-07
 Reference value :  9.05580e-07
 Reference value :  9.05720e-07
 Reference value :  9.05860e-07
 Reference value :  9.05991e-07
 Reference value :  9.06123e-07
 Reference value :  9.06255e-07
 Reference value :  9.06390e-07
 Reference value :  9.06532e-07
 Reference value :  9.06664e-07
 Reference value :  9.06795e-07
 Reference value :  9.06932e-07
 Reference value :  9.07071e-07
 Reference value :  9.07211e-07
 Reference value :  9.07353e-07
 Reference value :  9.07484e-07
 Reference value :  9.07619e-07
 Reference value :  9.07751e-07
 Reference value :  9.07890e-07
 Reference value :  9.08023e-07
 Reference value :  9.08160e-07
 Reference value :  9.08310e-07
 Reference value :  9.08440e-07
 Reference value :  9.08578e-07
 Reference value :  9.08716e-07
 Reference value :  9.08852e-07
 Reference value :  9.08990e-07
 Reference value :  9.09126e-07
 Reference value :  9.09266e-07
 Reference value :  9.09396e-07
 Reference value :  9.09525e-07
 Reference value :  9.09660e-07
 Reference value :  9.09797e-07
 Reference value :  9.09934e-07
 Reference value :  9.10075e-07
 Reference value :  9.10208e-07
 Reference value :  9.10340e-07
 Reference value :  9.10478e-07
 Reference value :  9.10627e-07
 Reference value :  9.10769e-07
 Reference value :  9.10901e-07
 Reference value :  9.11038e-07
 Reference value :  9.11174e-07
 Reference value :  9.11309e-07
 Reference value :  9.11444e-07
 Reference value :  9.11574e-07
 Reference value :  9.11707e-07
 Reference value :  9.11857e-07
 Reference value :  9.12000e-07
 Reference value :  9.12137e-07
 Reference value :  9.12274e-07
 Reference value :  9.12420e-07
 Reference value :  9.12580e-07
 Reference value :  9.12725e-07
 Reference value :  9.12870e-07
 Reference value :  9.13014e-07
 Reference value :  9.13152e-07
 Reference value :  9.13290e-07
 Reference value :  9.13431e-07
 Reference value :  9.13565e-07
 Reference value :  9.13696e-07
 Reference value :  9.13831e-07
 Reference value :  9.13970e-07
 Reference value :  9.14102e-07
 Reference value :  9.14232e-07
 Reference value :  9.14365e-07
 Reference value :  9.14500e-07
 Reference value :  9.14633e-07
 Reference value :  9.14765e-07
 Reference value :  9.14903e-07
 Reference value :  9.15048e-07
 Reference value :  9.15220e-07
 Reference value :  9.15351e-07
 Reference value :  9.15494e-07
 Reference value :  9.15631e-07
 Reference value :  9.15766e-07
 Reference value :  9.15910e-07
 Reference value :  9.16056e-07
 Reference value :  9.16188e-07
 Reference value :  9.16320e-07
 Reference value :  9.16461e-07
 Reference value :  9.16597e-07
 Reference value :  9.16736e-07
 Reference value :  9.16877e-07
 Reference value :  9.17014e-07
 Reference value :  9.17150e-07
 Reference value :  9.17290e-07
 Reference value :  9.17425e-07
 Reference value :  9.17561e-07
 Reference value :  9.17697e-07
 Reference value :  9.17831e-07
 Reference value :  9.17970e-07
 Reference value :  9.18109e-07
 Reference value :  9.18246e-07
 Reference value :  9.18386e-07
 Reference value :  9.18525e-07
 Reference value :  9.18661e-07
 Reference value :  9.18790e-07
 Reference value :  9.18924e-07
 Reference value :  9.19070e-07
 Reference value :  9.19207e-07
 Reference value :  9.19340e-07
 Reference value :  9.19474e-07
 Reference value :  9.19615e-07
 Reference value :  9.19750e-07
 Reference value :  9.19884e-07
 Reference value :  9.20030e-07
 Reference value :  9.20167e-07
 Reference value :  9.20300e-07
 Reference value :  9.20431e-07
 Reference value :  9.20574e-07
 Reference value :  9.20710e-07
 Reference value :  9.20851e-07
 Reference value :  9.20989e-07
 Reference value :  9.21123e-07
 Reference value :  9.21254e-07
 Reference value :  9.21397e-07
 Reference value :  9.21543e-07
 Reference value :  9.21690e-07
 Reference value :  9.21833e-07
 Reference value :  9.21980e-07
 Reference value :  9.22119e-07
 Reference value :  9.22251e-07
 Reference value :  9.22389e-07
 Reference value :  9.22529e-07
 Reference value :  9.22666e-07
 Reference value :  9.22799e-07
 Reference value :  9.22935e-07
 Reference value :  9.23071e-07
 Reference value :  9.23210e-07
 Reference value :  9.23348e-07
 Reference value :  9.23486e-07
 Reference value :  9.23620e-07
 Reference value :  9.23757e-07
 Reference value :  9.23888e-07
 Reference value :  9.24027e-07
 Reference value :  9.24159e-07
 Reference value :  9.24296e-07
 Reference value :  9.24431e-07
 Reference value :  9.24568e-07
 Reference value :  9.24701e-07
 Reference value :  9.24837e-07
 Reference value :  9.24978e-07
 Reference value :  9.25123e-07
 Reference value :  9.25260e-07
 Reference value :  9.25390e-07
 Reference value :  9.25522e-07
 Reference value :  9.25660e-07
 Reference value :  9.25799e-07
 Reference value :  9.25944e-07
 Reference value :  9.26080e-07
 Reference value :  9.26214e-07
 Reference value :  9.26358e-07
 Reference value :  9.26494e-07
 Reference value :  9.26627e-07
 Reference value :  9.26761e-07
 Reference value :  9.26899e-07
 Reference value :  9.27030e-07
 Reference value :  9.27170e-07
 Reference value :  9.27310e-07
 Reference value :  9.27446e-07
 Reference value :  9.27584e-07
 Reference value :  9.27720e-07
 Reference value :  9.27855e-07
 Reference value :  9.27998e-07
 Reference value :  9.28136e-07
 Reference value :  9.28272e-07
 Reference value :  9.28413e-07
 Reference value :  9.28560e-07
 Reference value :  9.28696e-07
 Reference value :  9.28835e-07
 Reference value :  9.28970e-07
 Reference value :  9.29109e-07
 Reference value :  9.29250e-07
 Reference value :  9.29390e-07
 Reference value :  9.29530e-07
 Reference value :  9.29670e-07
 Reference value :  9.29805e-07
 Reference value :  9.29948e-07
 Reference value :  9.30089e-07
 Reference value :  9.30230e-07
 Reference value :  9.30363e-07
 Reference value :  9.30500e-07
 Reference value :  9.30640e-07
 Reference value :  9.30781e-07
 Reference value :  9.30920e-07
 Reference value :  9.31051e-07
 Reference value :  9.31188e-07
 Reference value :  9.31330e-07
 Reference value :  9.31466e-07
 Reference value :  9.31621e-07
 Reference value :  9.31762e-07
 Reference value :  9.31907e-07
 Reference value :  9.32040e-07
 Reference value :  9.32182e-07
 Reference value :  9.32326e-07
 Reference value :  9.32456e-07
 Reference value :  9.32596e-07
 Reference value :  9.32730e-07
 Reference value :  9.32867e-07
 Reference value :  9.33000e-07
 Reference value :  9.33171e-07
 Reference value :  9.33315e-07
 Reference value :  9.33454e-07
 Reference value :  9.33585e-07
 Reference value :  9.33723e-07
 Reference value :  9.33867e-07
 Reference value :  9.34011e-07
 Reference value :  9.34160e-07
 Reference value :  9.34302e-07
 Reference value :  9.34440e-07
 Reference value :  9.34580e-07
 Reference value :  9.34711e-07
 Reference value :  9.34849e-07
 Reference value :  9.34981e-07
 Reference value :  9.35117e-07
 Reference value :  9.35260e-07
 Reference value :  9.35399e-07
 Reference value :  9.35543e-07
 Reference value :  9.35680e-07
 Reference value :  9.35814e-07
 Reference value :  9.35951e-07
 Reference value :  9.36089e-07
 Reference value :  9.36220e-07
 Reference value :  9.36358e-07
 Reference value :  9.36490e-07
 Reference value :  9.36634e-07
 Reference value :  9.36776e-07
 Reference value :  9.36941e-07
 Reference value :  9.37170e-07
 Reference value :  9.37454e-07
 Reference value :  9.37633e-07
 Reference value :  9.37762e-07
 Reference value :  9.37915e-07
 Reference value :  9.38074e-07
 Reference value :  9.38363e-07
 Reference value :  9.38610e-07
 Reference value :  9.38760e-07
 Reference value :  9.38892e-07
 Reference value :  9.39029e-07
 Reference value :  9.39178e-07
 Reference value :  9.39321e-07
 Reference value :  9.39536e-07
 Reference value :  9.39821e-07
 Reference value :  9.40000e-07
 Reference value :  9.40131e-07
 Reference value :  9.40278e-07
 Reference value :  9.40420e-07
 Reference value :  9.40553e-07
 Reference value :  9.40701e-07
 Reference value :  9.40880e-07
 Reference value :  9.41021e-07
 Reference value :  9.41163e-07
 Reference value :  9.41310e-07
 Reference value :  9.41440e-07
 Reference value :  9.41577e-07
 Reference value :  9.41711e-07
 Reference value :  9.41844e-07
 Reference value :  9.41982e-07
 Reference value :  9.42117e-07
 Reference value :  9.42269e-07
 Reference value :  9.42464e-07
 Reference value :  9.42590e-07
 Reference value :  9.42754e-07
 Reference value :  9.42898e-07
 Reference value :  9.43119e-07
 Reference value :  9.43402e-07
 Reference value :  9.43582e-07
 Reference value :  9.43719e-07
 Reference value :  9.43853e-07
 Reference value :  9.44002e-07
 Reference value :  9.44150e-07
 Reference value :  9.44304e-07
 Reference value :  9.44440e-07
 Reference value :  9.44579e-07
 Reference value :  9.44711e-07
 Reference value :  9.44850e-07
 Reference value :  9.44999e-07
 Reference value :  9.45159e-07
 Reference value :  9.45294e-07
 Reference value :  9.45441e-07
 Reference value :  9.45584e-07
 Reference value :  9.45717e-07
 Reference value :  9.45860e-07
 Reference value :  9.45999e-07
 Reference value :  9.46131e-07
 Reference value :  9.46269e-07
 Reference value :  9.46407e-07
 Reference value :  9.46549e-07
 Reference value :  9.46681e-07
 Reference value :  9.46820e-07
 Reference value :  9.46961e-07
 Reference value :  9.47094e-07
 Reference value :  9.47231e-07
 Reference value :  9.47369e-07
 Reference value :  9.47510e-07
 Reference value :  9.47646e-07
 Reference value :  9.47780e-07
 Reference value :  9.47913e-07
 Reference value :  9.48050e-07
 Reference value :  9.48189e-07
 Reference value :  9.48330e-07
 Reference value :  9.48467e-07
 Reference value :  9.48601e-07
 Reference value :  9.48744e-07
 Reference value :  9.48875e-07
 Reference value :  9.49011e-07
 Reference value :  9.49147e-07
 Reference value :  9.49281e-07
 Reference value :  9.49416e-07
 Reference value :  9.49561e-07
 Reference value :  9.49706e-07
 Reference value :  9.49865e-07
 Reference value :  9.50008e-07
 Reference value :  9.50143e-07
 Reference value :  9.50290e-07
 Reference value :  9.50425e-07
 Reference value :  9.50565e-07
 Reference value :  9.50700e-07
 Reference value :  9.50838e-07
 Reference value :  9.50977e-07
 Reference value :  9.51110e-07
 Reference value :  9.51254e-07
 Reference value :  9.51397e-07
 Reference value :  9.51550e-07
 Reference value :  9.51682e-07
 Reference value :  9.51816e-07
 Reference value :  9.51953e-07
 Reference value :  9.52091e-07
 Reference value :  9.52237e-07
 Reference value :  9.52380e-07
 Reference value :  9.52519e-07
 Reference value :  9.52667e-07
 Reference value :  9.52800e-07
 Reference value :  9.52937e-07
 Reference value :  9.53079e-07
 Reference value :  9.53212e-07
 Reference value :  9.53350e-07
 Reference value :  9.53490e-07
 Reference value :  9.53627e-07
 Reference value :  9.53761e-07
 Reference value :  9.53902e-07
 Reference value :  9.54041e-07
 Reference value :  9.54184e-07
 Reference value :  9.54320e-07
 Reference value :  9.54458e-07
 Reference value :  9.54591e-07
 Reference value :  9.54735e-07
 Reference value :  9.54870e-07
 Reference value :  9.55007e-07
 Reference value :  9.55140e-07
 Reference value :  9.55271e-07
 Reference value :  9.55406e-07
 Reference value :  9.55538e-07
 Reference value :  9.55678e-07
 Reference value :  9.55808e-07
 Reference value :  9.55940e-07
 Reference value :  9.56083e-07
 Reference value :  9.56215e-07
 Reference value :  9.56357e-07
 Reference value :  9.56494e-07
 Reference value :  9.56629e-07
 Reference value :  9.56763e-07
 Reference value :  9.56909e-07
 Reference value :  9.57056e-07
 Reference value :  9.57194e-07
 Reference value :  9.57334e-07
 Reference value :  9.57470e-07
 Reference value :  9.57604e-07
 Reference value :  9.57741e-07
 Reference value :  9.57880e-07
 Reference value :  9.58021e-07
 Reference value :  9.58160e-07
 Reference value :  9.58316e-07
 Reference value :  9.58600e-07
 Reference value :  9.58830e-07
 Reference value :  9.58970e-07
 Reference value :  9.59103e-07
 Reference value :  9.59255e-07
 Reference value :  9.59426e-07
 Reference value :  9.59557e-07
 Reference value :  9.59696e-07
 Reference value :  9.59868e-07
 Reference value :  9.59994e-07
 Reference value :  9.60130e-07
 Reference value :  9.60270e-07
 Reference value :  9.60467e-07
 Reference value :  9.60609e-07
 Reference value :  9.60734e-07
 Reference value :  9.60917e-07
 Reference value :  9.61081e-07
 Reference value :  9.61215e-07
 Reference value :  9.61347e-07
 Reference value :  9.61491e-07
 Reference value :  9.61622e-07
 Reference value :  9.61750e-07
 Reference value :  9.61880e-07
 Reference value :  9.62020e-07
 Reference value :  9.62160e-07
 Reference value :  9.62294e-07
 Reference value :  9.62428e-07
 Reference value :  9.62560e-07
 Reference value :  9.62704e-07
 Reference value :  9.62840e-07
 Reference value :  9.62974e-07
 Reference value :  9.63121e-07
 Reference value :  9.63270e-07
 Reference value :  9.63402e-07
 Reference value :  9.63549e-07
 Reference value :  9.63691e-07
 Reference value :  9.63824e-07
 Reference value :  9.63961e-07
 Reference value :  9.64095e-07
 Reference value :  9.64240e-07
 Reference value :  9.64373e-07
 Reference value :  9.64514e-07
 Reference value :  9.64647e-07
 Reference value :  9.64777e-07
 Reference value :  9.64911e-07
 Reference value :  9.65046e-07
 Reference value :  9.65182e-07
 Reference value :  9.65315e-07
 Reference value :  9.65449e-07
 Reference value :  9.65589e-07
 Reference value :  9.65753e-07
 Reference value :  9.65959e-07
 Reference value :  9.66251e-07
 Reference value :  9.66470e-07
 Reference value :  9.66619e-07
 Reference value :  9.66755e-07
 Reference value :  9.66904e-07
 Reference value :  9.67151e-07
 Reference value :  9.67353e-07
 Reference value :  9.67510e-07
 Reference value :  9.67644e-07
 Reference value :  9.67816e-07
 Reference value :  9.67964e-07
 Reference value :  9.68110e-07
 Reference value :  9.68247e-07
 Reference value :  9.68385e-07
 Reference value :  9.68520e-07
 Reference value :  9.68662e-07
 Reference value :  9.68800e-07
 Reference value :  9.68932e-07
 Reference value :  9.69078e-07
 Reference value :  9.69216e-07
 Reference value :  9.69343e-07
 Reference value :  9.69470e-07
 Reference value :  9.69595e-07
 Reference value :  9.69721e-07
 Reference value :  9.69849e-07
 Reference value :  9.69976e-07
 Reference value :  9.70103e-07
 Reference value :  9.70229e-07
 Reference value :  9.70381e-07
 Reference value :  9.70560e-07
 Reference value :  9.70704e-07
 Reference value :  9.70852e-07
 Reference value :  9.70991e-07
 Reference value :  9.71131e-07
 Reference value :  9.71290e-07
 Reference value :  9.71505e-07
 Reference value :  9.71658e-07
 Reference value :  9.71793e-07
 Reference value :  9.71948e-07
 Reference value :  9.72089e-07
 Reference value :  9.72231e-07
 Reference value :  9.72369e-07
 Reference value :  9.72518e-07
 Reference value :  9.72653e-07
 Reference value :  9.72799e-07
 Reference value :  9.72936e-07
 Reference value :  9.73128e-07
 Reference value :  9.73263e-07
 Reference value :  9.73399e-07
 Reference value :  9.73540e-07
 Reference value :  9.73688e-07
 Reference value :  9.73842e-07
 Reference value :  9.73984e-07
 Reference value :  9.74121e-07
 Reference value :  9.74271e-07
 Reference value :  9.74430e-07
 Reference value :  9.74577e-07
 Reference value :  9.74710e-07
 Reference value :  9.74845e-07
 Reference value :  9.74986e-07
 Reference value :  9.75128e-07
 Reference value :  9.75264e-07
 Reference value :  9.75400e-07
 Reference value :  9.75539e-07
 Reference value :  9.75696e-07
 Reference value :  9.75831e-07
 Reference value :  9.75968e-07
 Reference value :  9.76113e-07
 Reference value :  9.76260e-07
 Reference value :  9.76440e-07
 Reference value :  9.76584e-07
 Reference value :  9.76722e-07
 Reference value :  9.76860e-07
 Reference value :  9.77013e-07
 Reference value :  9.77169e-07
 Reference value :  9.77308e-07
 Reference value :  9.77451e-07
 Reference value :  9.77588e-07
 Reference value :  9.77722e-07
 Reference value :  9.78010e-07
 Reference value :  9.78301e-07
 Reference value :  9.78442e-07
 Reference value :  9.78581e-07
 Reference value :  9.78731e-07
 Reference value :  9.78867e-07
 Reference value :  9.79010e-07
 Reference value :  9.79161e-07
 Reference value :  9.79295e-07
 Reference value :  9.79430e-07
 Reference value :  9.79569e-07
 Reference value :  9.79714e-07
 Reference value :  9.79856e-07
 Reference value :  9.79992e-07
 Reference value :  9.80125e-07
 Reference value :  9.80268e-07
 Reference value :  9.80401e-07
 Reference value :  9.80550e-07
 Reference value :  9.80690e-07
 Reference value :  9.80821e-07
 Reference value :  9.80959e-07
 Reference value :  9.81093e-07
 Reference value :  9.81239e-07
 Reference value :  9.81371e-07
 Reference value :  9.81520e-07
 Reference value :  9.81657e-07
 Reference value :  9.81790e-07
 Reference value :  9.81927e-07
 Reference value :  9.82070e-07
 Reference value :  9.82323e-07
 Reference value :  9.82529e-07
 Reference value :  9.82666e-07
 Reference value :  9.82800e-07
 Reference value :  9.82950e-07
 Reference value :  9.83111e-07
 Reference value :  9.83268e-07
 Reference value :  9.83403e-07
 Reference value :  9.83541e-07
 Reference value :  9.83677e-07
 Reference value :  9.83841e-07
 Reference value :  9.83990e-07
 Reference value :  9.84152e-07
 Reference value :  9.84294e-07
 Reference value :  9.84431e-07
 Reference value :  9.84590e-07
 Reference value :  9.84771e-07
 Reference value :  9.84935e-07
 Reference value :  9.85071e-07
 Reference value :  9.85241e-07
 Reference value :  9.85390e-07
 Reference value :  9.85529e-07
 Reference value :  9.85661e-07
 Reference value :  9.85811e-07
 Reference value :  9.85980e-07
 Reference value :  9.86140e-07
 Reference value :  9.86276e-07
 Reference value :  9.86415e-07
 Reference value :  9.86558e-07
 Reference value :  9.86701e-07
 Reference value :  9.86833e-07
 Reference value :  9.86965e-07
 Reference value :  9.87101e-07
 Reference value :  9.87246e-07
 Reference value :  9.87380e-07
 Reference value :  9.87521e-07
 Reference value :  9.87668e-07
 Reference value :  9.87806e-07
 Reference value :  9.87943e-07
 Reference value :  9.88079e-07
 Reference value :  9.88211e-07
 Reference value :  9.88348e-07
 Reference value :  9.88485e-07
 Reference value :  9.88627e-07
 Reference value :  9.88767e-07
 Reference value :  9.88910e-07
 Reference value :  9.89056e-07
 Reference value :  9.89195e-07
 Reference value :  9.89331e-07
 Reference value :  9.89478e-07
 Reference value :  9.89610e-07
 Reference value :  9.89748e-07
 Reference value :  9.89887e-07
 Reference value :  9.90029e-07
 Reference value :  9.90163e-07
 Reference value :  9.90304e-07
 Reference value :  9.90445e-07
 Reference value :  9.90580e-07
 Reference value :  9.90712e-07
 Reference value :  9.90852e-07
 Reference value :  9.90991e-07
 Reference value :  9.91135e-07
 Reference value :  9.91273e-07
 Reference value :  9.91410e-07
 Reference value :  9.91547e-07
 Reference value :  9.91684e-07
 Reference value :  9.91830e-07
 Reference value :  9.91969e-07
 Reference value :  9.92106e-07
 Reference value :  9.92244e-07
 Reference value :  9.92386e-07
 Reference value :  9.92523e-07
 Reference value :  9.92657e-07
 Reference value :  9.92792e-07
 Reference value :  9.92925e-07
 Reference value :  9.93063e-07
 Reference value :  9.93211e-07
 Reference value :  9.93350e-07
 Reference value :  9.93484e-07
 Reference value :  9.93640e-07
 Reference value :  9.93780e-07
 Reference value :  9.93921e-07
 Reference value :  9.94061e-07
 Reference value :  9.94193e-07
 Reference value :  9.94331e-07
 Reference value :  9.94464e-07
 Reference value :  9.94608e-07
 Reference value :  9.94751e-07
 Reference value :  9.94890e-07
 Reference value :  9.95023e-07
 Reference value :  9.95178e-07
 Reference value :  9.95315e-07
 Reference value :  9.95446e-07
 Reference value :  9.95589e-07
 Reference value :  9.95718e-07
 Reference value :  9.95874e-07
 Reference value :  9.96010e-07
 Reference value :  9.96150e-07
 Reference value :  9.96286e-07
 Reference value :  9.96426e-07
 Reference value :  9.96561e-07
 Reference value :  9.96697e-07
 Reference value :  9.96831e-07
 Reference value :  9.96981e-07
 Reference value :  9.97120e-07
 Reference value :  9.97250e-07
 Reference value :  9.97400e-07
 Reference value :  9.97537e-07
 Reference value :  9.97677e-07
 Reference value :  9.97813e-07
 Reference value :  9.97967e-07
 Reference value :  9.98108e-07
 Reference value :  9.98251e-07
 Reference value :  9.98390e-07
 Reference value :  9.98521e-07
 Reference value :  9.98667e-07
 Reference value :  9.98810e-07
 Reference value :  9.98955e-07
 Reference value :  9.99088e-07
 Reference value :  9.99226e-07
 Reference value :  9.99370e-07
 Reference value :  9.99508e-07
 Reference value :  9.99640e-07
 Reference value :  9.99780e-07
 Reference value :  9.99917e-07
 Reference value :  1.00005e-06
 Reference value :  1.00019e-06
 Reference value :  1.00033e-06
 Reference value :  1.00049e-06
 Reference value :  1.00063e-06
 Reference value :  1.00077e-06
 Reference value :  1.00091e-06
 Reference value :  1.00105e-06
 Reference value :  1.00119e-06
 Reference value :  1.00134e-06
 Reference value :  1.00148e-06
 Reference value :  1.00163e-06
 Reference value :  1.00177e-06
 Reference value :  1.00191e-06
 Reference value :  1.00206e-06
 Reference value :  1.00221e-06
 Reference value :  1.00234e-06
 Reference value :  1.00248e-06
 Reference value :  1.00262e-06
 Reference value :  1.00275e-06
 Reference value :  1.00289e-06
 Reference value :  1.00303e-06
 Reference value :  1.00316e-06
 Reference value :  1.00329e-06
 Reference value :  1.00343e-06
 Reference value :  1.00358e-06
 Reference value :  1.00373e-06
 Reference value :  1.00387e-06
 Reference value :  1.00400e-06
 Reference value :  1.00414e-06
 Reference value :  1.00427e-06
 Reference value :  1.00441e-06
 Reference value :  1.00454e-06
 Reference value :  1.00468e-06
 Reference value :  1.00482e-06
 Reference value :  1.00496e-06
 Reference value :  1.00513e-06
 Reference value :  1.00527e-06
 Reference value :  1.00540e-06
 Reference value :  1.00554e-06
 Reference value :  1.00569e-06
 Reference value :  1.00582e-06
 Reference value :  1.00596e-06
 Reference value :  1.00611e-06
 Reference value :  1.00624e-06
 Reference value :  1.00638e-06
 Reference value :  1.00651e-06
 Reference value :  1.00666e-06
 Reference value :  1.00681e-06
 Reference value :  1.00696e-06
 Reference value :  1.00709e-06
 Reference value :  1.00723e-06
 Reference value :  1.00739e-06
 Reference value :  1.00754e-06
 Reference value :  1.00770e-06
 Reference value :  1.00783e-06
 Reference value :  1.00798e-06
 Reference value :  1.00811e-06
 Reference value :  1.00825e-06
 Reference value :  1.00842e-06
 Reference value :  1.00856e-06
 Reference value :  1.00869e-06
 Reference value :  1.00883e-06
 Reference value :  1.00897e-06
 Reference value :  1.00912e-06
 Reference value :  1.00925e-06
 Reference value :  1.00938e-06
 Reference value :  1.00952e-06
 Reference value :  1.00966e-06
 Reference value :  1.00979e-06
 Reference value :  1.00994e-06
 Reference value :  1.01007e-06
 Reference value :  1.01021e-06
 Reference value :  1.01036e-06
 Reference value :  1.01051e-06
 Reference value :  1.01065e-06
 Reference value :  1.01079e-06
 Reference value :  1.01093e-06
 Reference value :  1.01107e-06
 Reference value :  1.01122e-06
 Reference value :  1.01136e-06
 Reference value :  1.01149e-06
 Reference value :  1.01163e-06
 Reference value :  1.01178e-06
 Reference value :  1.01192e-06
 Reference value :  1.01207e-06
 Reference value :  1.01220e-06
 Reference value :  1.01234e-06
 Reference value :  1.01252e-06
 Reference value :  1.01267e-06
 Reference value :  1.01281e-06
 Reference value :  1.01295e-06
 Reference value :  1.01310e-06
 Reference value :  1.01327e-06
 Reference value :  1.01343e-06
 Reference value :  1.01360e-06
 Reference value :  1.01376e-06
 Reference value :  1.01391e-06
 Reference value :  1.01407e-06
 Reference value :  1.01422e-06
 Reference value :  1.01439e-06
 Reference value :  1.01455e-06
 Reference value :  1.01471e-06
 Reference value :  1.01486e-06
 Reference value :  1.01500e-06
 Reference value :  1.01516e-06
 Reference value :  1.01532e-06
 Reference value :  1.01546e-06
 Reference value :  1.01560e-06
 Reference value :  1.01575e-06
 Reference value :  1.01588e-06
 Reference value :  1.01602e-06
 Reference value :  1.01615e-06
 Reference value :  1.01629e-06
 Reference value :  1.01643e-06
 Reference value :  1.01657e-06
 Reference value :  1.01671e-06
 Reference value :  1.01690e-06
 Reference value :  1.01716e-06
 Reference value :  1.01741e-06
 Reference value :  1.01766e-06
 Reference value :  1.01792e-06
 Reference value :  1.01816e-06
 Reference value :  1.01841e-06
 Reference value :  1.01865e-06
 Reference value :  1.01889e-06
 Reference value :  1.01916e-06
 Reference value :  1.01943e-06
 Reference value :  1.01969e-06
 Reference value :  1.01996e-06
 Reference value :  1.02022e-06
 Reference value :  1.02043e-06
 Reference value :  1.02065e-06
 Reference value :  1.02079e-06
 Reference value :  1.02093e-06
 Reference value :  1.02107e-06
 Reference value :  1.02121e-06
 Reference value :  1.02135e-06
 Reference value :  1.02151e-06
 Reference value :  1.02164e-06
 Reference value :  1.02179e-06
 Reference value :  1.02193e-06
 Reference value :  1.02207e-06
 Reference value :  1.02220e-06
 Reference value :  1.02234e-06
 Reference value :  1.02249e-06
 Reference value :  1.02263e-06
 Reference value :  1.02277e-06
 Reference value :  1.02290e-06
 Reference value :  1.02304e-06
 Reference value :  1.02319e-06
 Reference value :  1.02332e-06
 Reference value :  1.02346e-06
 Reference value :  1.02359e-06
 Reference value :  1.02373e-06
 Reference value :  1.02387e-06
 Reference value :  1.02401e-06
 Reference value :  1.02415e-06
 Reference value :  1.02429e-06
 Reference value :  1.02443e-06
 Reference value :  1.02457e-06
 Reference value :  1.02471e-06
 Reference value :  1.02484e-06
 Reference value :  1.02502e-06
 Reference value :  1.02517e-06
 Reference value :  1.02530e-06
 Reference value :  1.02544e-06
 Reference value :  1.02558e-06
 Reference value :  1.02571e-06
 Reference value :  1.02585e-06
 Reference value :  1.02599e-06
 Reference value :  1.02613e-06
 Reference value :  1.02627e-06
 Reference value :  1.02641e-06
 Reference value :  1.02655e-06
 Reference value :  1.02669e-06
 Reference value :  1.02682e-06
 Reference value :  1.02696e-06
 Reference value :  1.02711e-06
 Reference value :  1.02726e-06
 Reference value :  1.02740e-06
 Reference value :  1.02753e-06
 Reference value :  1.02767e-06
 Reference value :  1.02781e-06
 Reference value :  1.02794e-06
 Reference value :  1.02807e-06
 Reference value :  1.02821e-06
 Reference value :  1.02835e-06
 Reference value :  1.02849e-06
 Reference value :  1.02864e-06
 Reference value :  1.02879e-06
 Reference value :  1.02892e-06
 Reference value :  1.02907e-06
 Reference value :  1.02921e-06
 Reference value :  1.02934e-06
 Reference value :  1.02948e-06
 Reference value :  1.02962e-06
 Reference value :  1.02975e-06
 Reference value :  1.02989e-06
 Reference value :  1.03003e-06
 Reference value :  1.03016e-06
 Reference value :  1.03029e-06
 Reference value :  1.03043e-06
 Reference value :  1.03056e-06
 Reference value :  1.03070e-06
 Reference value :  1.03084e-06
 Reference value :  1.03098e-06
 Reference value :  1.03112e-06
 Reference value :  1.03127e-06
 Reference value :  1.03141e-06
 Reference value :  1.03154e-06
 Reference value :  1.03168e-06
 Reference value :  1.03182e-06
 Reference value :  1.03195e-06
 Reference value :  1.03209e-06
 Reference value :  1.03224e-06
 Reference value :  1.03236e-06
 Reference value :  1.03250e-06
 Reference value :  1.03263e-06
 Reference value :  1.03277e-06
 Reference value :  1.03291e-06
 Reference value :  1.03304e-06
 Reference value :  1.03318e-06
 Reference value :  1.03331e-06
 Reference value :  1.03345e-06
 Reference value :  1.03359e-06
 Reference value :  1.03373e-06
 Reference value :  1.03386e-06
 Reference value :  1.03400e-06
 Reference value :  1.03414e-06
 Reference value :  1.03428e-06
 Reference value :  1.03441e-06
 Reference value :  1.03455e-06
 Reference value :  1.03468e-06
 Reference value :  1.03482e-06
 Reference value :  1.03496e-06
 Reference value :  1.03510e-06
 Reference value :  1.03523e-06
 Reference value :  1.03538e-06
 Reference value :  1.03551e-06
 Reference value :  1.03565e-06
 Reference value :  1.03578e-06
 Reference value :  1.03591e-06
 Reference value :  1.03605e-06
 Reference value :  1.03618e-06
 Reference value :  1.03633e-06
 Reference value :  1.03647e-06
 Reference value :  1.03661e-06
 Reference value :  1.03674e-06
 Reference value :  1.03688e-06
 Reference value :  1.03701e-06
 Reference value :  1.03715e-06
 Reference value :  1.03728e-06
 Reference value :  1.03742e-06
 Reference value :  1.03756e-06
 Reference value :  1.03770e-06
 Reference value :  1.03784e-06
 Reference value :  1.03797e-06
 Reference value :  1.03811e-06
 Reference value :  1.03824e-06
 Reference value :  1.03837e-06
 Reference value :  1.03851e-06
 Reference value :  1.03864e-06
 Reference value :  1.03878e-06
 Reference value :  1.03894e-06
 Reference value :  1.03924e-06
 Reference value :  1.03950e-06
 Reference value :  1.03963e-06
 Reference value :  1.03976e-06
 Reference value :  1.03990e-06
 Reference value :  1.04015e-06
 Reference value :  1.04044e-06
 Reference value :  1.04063e-06
 Reference value :  1.04076e-06
 Reference value :  1.04089e-06
 Reference value :  1.04103e-06
 Reference value :  1.04127e-06
 Reference value :  1.04156e-06
 Reference value :  1.04172e-06
 Reference value :  1.04186e-06
 Reference value :  1.04201e-06
 Reference value :  1.04215e-06
 Reference value :  1.04239e-06
 Reference value :  1.04264e-06
 Reference value :  1.04279e-06
 Reference value :  1.04293e-06
 Reference value :  1.04309e-06
 Reference value :  1.04324e-06
 Reference value :  1.04339e-06
 Reference value :  1.04352e-06
 Reference value :  1.04366e-06
 Reference value :  1.04380e-06
 Reference value :  1.04393e-06
 Reference value :  1.04408e-06
 Reference value :  1.04422e-06
 Reference value :  1.04435e-06
 Reference value :  1.04449e-06
 Reference value :  1.04463e-06
 Reference value :  1.04479e-06
 Reference value :  1.04494e-06
 Reference value :  1.04508e-06
 Reference value :  1.04522e-06
 Reference value :  1.04536e-06
 Reference value :  1.04549e-06
 Reference value :  1.04563e-06
 Reference value :  1.04577e-06
 Reference value :  1.04591e-06
 Reference value :  1.04605e-06
 Reference value :  1.04619e-06
 Reference value :  1.04635e-06
 Reference value :  1.04648e-06
 Reference value :  1.04662e-06
 Reference value :  1.04676e-06
 Reference value :  1.04689e-06
 Reference value :  1.04704e-06
 Reference value :  1.04718e-06
 Reference value :  1.04731e-06
 Reference value :  1.04745e-06
 Reference value :  1.04760e-06
 Reference value :  1.04773e-06
 Reference value :  1.04786e-06
 Reference value :  1.04800e-06
 Reference value :  1.04813e-06
 Reference value :  1.04828e-06
 Reference value :  1.04842e-06
 Reference value :  1.04855e-06
 Reference value :  1.04869e-06
 Reference value :  1.04882e-06
 Reference value :  1.04896e-06
 Reference value :  1.04911e-06
 Reference value :  1.04925e-06
 Reference value :  1.04938e-06
 Reference value :  1.04953e-06
 Reference value :  1.04967e-06
 Reference value :  1.04981e-06
 Reference value :  1.04994e-06
 Reference value :  1.05008e-06
 Reference value :  1.05022e-06
 Reference value :  1.05036e-06
 Reference value :  1.05050e-06
 Reference value :  1.05063e-06
 Reference value :  1.05077e-06
 Reference value :  1.05091e-06
 Reference value :  1.05105e-06
 Reference value :  1.05119e-06
 Reference value :  1.05133e-06
 Reference value :  1.05146e-06
 Reference value :  1.05160e-06
 Reference value :  1.05174e-06
 Reference value :  1.05187e-06
 Reference value :  1.05201e-06
 Reference value :  1.05215e-06
 Reference value :  1.05229e-06
 Reference value :  1.05242e-06
 Reference value :  1.05256e-06
 Reference value :  1.05270e-06
 Reference value :  1.05283e-06
 Reference value :  1.05298e-06
 Reference value :  1.05313e-06
 Reference value :  1.05333e-06
 Reference value :  1.05348e-06
 Reference value :  1.05362e-06
 Reference value :  1.05377e-06
 Reference value :  1.05391e-06
 Reference value :  1.05405e-06
 Reference value :  1.05419e-06
 Reference value :  1.05434e-06
 Reference value :  1.05447e-06
 Reference value :  1.05460e-06
 Reference value :  1.05474e-06
 Reference value :  1.05488e-06
 Reference value :  1.05502e-06
 Reference value :  1.05515e-06
 Reference value :  1.05528e-06
 Reference value :  1.05542e-06
 Reference value :  1.05556e-06
 Reference value :  1.05569e-06
 Reference value :  1.05582e-06
 Reference value :  1.05595e-06
 Reference value :  1.05608e-06
 Reference value :  1.05622e-06
 Reference value :  1.05636e-06
 Reference value :  1.05649e-06
 Reference value :  1.05662e-06
 Reference value :  1.05677e-06
 Reference value :  1.05692e-06
 Reference value :  1.05705e-06
 Reference value :  1.05719e-06
 Reference value :  1.05733e-06
 Reference value :  1.05746e-06
 Reference value :  1.05759e-06
 Reference value :  1.05773e-06
 Reference value :  1.05786e-06
 Reference value :  1.05801e-06
 Reference value :  1.05815e-06
 Reference value :  1.05828e-06
 Reference value :  1.05841e-06
 Reference value :  1.05855e-06
 Reference value :  1.05870e-06
 Reference value :  1.05885e-06
 Reference value :  1.05899e-06
 Reference value :  1.05913e-06
 Reference value :  1.05927e-06
 Reference value :  1.05940e-06
 Reference value :  1.05954e-06
 Reference value :  1.05969e-06
 Reference value :  1.05983e-06
 Reference value :  1.05997e-06
 Reference value :  1.06011e-06
 Reference value :  1.06025e-06
 Reference value :  1.06038e-06
 Reference value :  1.06051e-06
 Reference value :  1.06065e-06
 Reference value :  1.06078e-06
 Reference value :  1.06092e-06
 Reference value :  1.06105e-06
 Reference value :  1.06119e-06
 Reference value :  1.06133e-06
 Reference value :  1.06146e-06
 Reference value :  1.06160e-06
 Reference value :  1.06174e-06
 Reference value :  1.06188e-06
 Reference value :  1.06202e-06
 Reference value :  1.06220e-06
 Reference value :  1.06233e-06
 Reference value :  1.06252e-06
 Reference value :  1.06265e-06
 Reference value :  1.06279e-06
 Reference value :  1.06293e-06
 Reference value :  1.06307e-06
 Reference value :  1.06322e-06
 Reference value :  1.06335e-06
 Reference value :  1.06350e-06
 Reference value :  1.06364e-06
 Reference value :  1.06377e-06
 Reference value :  1.06391e-06
 Reference value :  1.06406e-06
 Reference value :  1.06420e-06
 Reference value :  1.06433e-06
 Reference value :  1.06449e-06
 Reference value :  1.06465e-06
 Reference value :  1.06478e-06
 Reference value :  1.06493e-06
 Reference value :  1.06506e-06
 Reference value :  1.06519e-06
 Reference value :  1.06533e-06
 Reference value :  1.06546e-06
 Reference value :  1.06559e-06
 Reference value :  1.06574e-06
 Reference value :  1.06587e-06
 Reference value :  1.06601e-06
 Reference value :  1.06615e-06
 Reference value :  1.06629e-06
 Reference value :  1.06643e-06
 Reference value :  1.06656e-06
 Reference value :  1.06670e-06
 Reference value :  1.06683e-06
 Reference value :  1.06697e-06
 Reference value :  1.06712e-06
 Reference value :  1.06726e-06
 Reference value :  1.06740e-06
 Reference value :  1.06755e-06
 Reference value :  1.06769e-06
 Reference value :  1.06782e-06
 Reference value :  1.06796e-06
 Reference value :  1.06809e-06
 Reference value :  1.06823e-06
 Reference value :  1.06837e-06
 Reference value :  1.06851e-06
 Reference value :  1.06864e-06
 Reference value :  1.06877e-06
 Reference value :  1.06890e-06
 Reference value :  1.06905e-06
 Reference value :  1.06919e-06
 Reference value :  1.06932e-06
 Reference value :  1.06945e-06
 Reference value :  1.06959e-06
 Reference value :  1.06972e-06
 Reference value :  1.06986e-06
 Reference value :  1.06999e-06
 Reference value :  1.07013e-06
 Reference value :  1.07028e-06
 Reference value :  1.07042e-06
 Reference value :  1.07056e-06
 Reference value :  1.07070e-06
 Reference value :  1.07084e-06
 Reference value :  1.07098e-06
 Reference value :  1.07112e-06
 Reference value :  1.07125e-06
 Reference value :  1.07138e-06
 Reference value :  1.07153e-06
 Reference value :  1.07166e-06
 Reference value :  1.07180e-06
 Reference value :  1.07197e-06
 Reference value :  1.07212e-06
 Reference value :  1.07227e-06
 Reference value :  1.07241e-06
 Reference value :  1.07254e-06
 Reference value :  1.07267e-06
 Reference value :  1.07281e-06
 Reference value :  1.07294e-06
 Reference value :  1.07308e-06
 Reference value :  1.07322e-06
 Reference value :  1.07336e-06
 Reference value :  1.07350e-06
 Reference value :  1.07363e-06
 Reference value :  1.07376e-06
 Reference value :  1.07390e-06
 Reference value :  1.07404e-06
 Reference value :  1.07417e-06
 Reference value :  1.07430e-06
 Reference value :  1.07444e-06
 Reference value :  1.07457e-06
 Reference value :  1.07471e-06
 Reference value :  1.07484e-06
 Reference value :  1.07498e-06
 Reference value :  1.07514e-06
 Reference value :  1.07528e-06
 Reference value :  1.07542e-06
 Reference value :  1.07556e-06
 Reference value :  1.07569e-06
 Reference value :  1.07583e-06
 Reference value :  1.07596e-06
 Reference value :  1.07610e-06
 Reference value :  1.07625e-06
 Reference value :  1.07639e-06
 Reference value :  1.07653e-06
 Reference value :  1.07667e-06
 Reference value :  1.07681e-06
 Reference value :  1.07695e-06
 Reference value :  1.07709e-06
 Reference value :  1.07722e-06
 Reference value :  1.07736e-06
 Reference value :  1.07749e-06
 Reference value :  1.07763e-06
 Reference value :  1.07778e-06
 Reference value :  1.07792e-06
 Reference value :  1.07806e-06
 Reference value :  1.07819e-06
 Reference value :  1.07833e-06
 Reference value :  1.07846e-06
 Reference value :  1.07861e-06
 Reference value :  1.07874e-06
 Reference value :  1.07887e-06
 Reference value :  1.07902e-06
 Reference value :  1.07918e-06
 Reference value :  1.07931e-06
 Reference value :  1.07945e-06
 Reference value :  1.07958e-06
 Reference value :  1.07972e-06
 Reference value :  1.07985e-06
 Reference value :  1.07998e-06
 Reference value :  1.08012e-06
 Reference value :  1.08026e-06
 Reference value :  1.08040e-06
 Reference value :  1.08056e-06
 Reference value :  1.08070e-06
 Reference value :  1.08084e-06
 Reference value :  1.08100e-06
 Reference value :  1.08117e-06
 Reference value :  1.08133e-06
 Reference value :  1.08146e-06
 Reference value :  1.08159e-06
 Reference value :  1.08174e-06
 Reference value :  1.08188e-06
 Reference value :  1.08201e-06
 Reference value :  1.08214e-06
 Reference value :  1.08228e-06
 Reference value :  1.08241e-06
 Reference value :  1.08254e-06
 Reference value :  1.08268e-06
 Reference value :  1.08282e-06
 Reference value :  1.08296e-06
 Reference value :  1.08310e-06
 Reference value :  1.08324e-06
 Reference value :  1.08337e-06
 Reference value :  1.08351e-06
 Reference value :  1.08365e-06
 Reference value :  1.08378e-06
 Reference value :  1.08393e-06
 Reference value :  1.08406e-06
 Reference value :  1.08420e-06
 Reference value :  1.08435e-06
 Reference value :  1.08449e-06
 Reference value :  1.08463e-06
 Reference value :  1.08476e-06
 Reference value :  1.08490e-06
 Reference value :  1.08504e-06
 Reference value :  1.08518e-06
 Reference value :  1.08532e-06
 Reference value :  1.08547e-06
 Reference value :  1.08560e-06
 Reference value :  1.08573e-06
 Reference value :  1.08588e-06
 Reference value :  1.08602e-06
 Reference value :  1.08615e-06
 Reference value :  1.08629e-06
 Reference value :  1.08643e-06
 Reference value :  1.08657e-06
 Reference value :  1.08671e-06
 Reference value :  1.08687e-06
 Reference value :  1.08700e-06
 Reference value :  1.08714e-06
 Reference value :  1.08727e-06
 Reference value :  1.08741e-06
 Reference value :  1.08756e-06
 Reference value :  1.08769e-06
 Reference value :  1.08783e-06
 Reference value :  1.08796e-06
 Reference value :  1.08809e-06
 Reference value :  1.08823e-06
 Reference value :  1.08837e-06
 Reference value :  1.08851e-06
 Reference value :  1.08865e-06
 Reference value :  1.08878e-06
 Reference value :  1.08893e-06
 Reference value :  1.08908e-06
 Reference value :  1.08924e-06
 Reference value :  1.08939e-06
 Reference value :  1.08954e-06
 Reference value :  1.08971e-06
 Reference value :  1.08987e-06
 Reference value :  1.09002e-06
 Reference value :  1.09018e-06
 Reference value :  1.09035e-06
 Reference value :  1.09050e-06
 Reference value :  1.09065e-06
 Reference value :  1.09083e-06
 Reference value :  1.09100e-06
 Reference value :  1.09116e-06
 Reference value :  1.09135e-06
 Reference value :  1.09151e-06
 Reference value :  1.09166e-06
 Reference value :  1.09179e-06
 Reference value :  1.09194e-06
 Reference value :  1.09206e-06
 Reference value :  1.09219e-06
 Reference value :  1.09232e-06
 Reference value :  1.09245e-06
 Reference value :  1.09258e-06
 Reference value :  1.09271e-06
 Reference value :  1.09284e-06
 Reference value :  1.09298e-06
 Reference value :  1.09313e-06
 Reference value :  1.09327e-06
 Reference value :  1.09342e-06
 Reference value :  1.09355e-06
 Reference value :  1.09372e-06
 Reference value :  1.09387e-06
 Reference value :  1.09402e-06
 Reference value :  1.09416e-06
 Reference value :  1.09438e-06
 Reference value :  1.09453e-06
 Reference value :  1.09466e-06
 Reference value :  1.09480e-06
 Reference value :  1.09494e-06
 Reference value :  1.09508e-06
 Reference value :  1.09521e-06
 Reference value :  1.09535e-06
 Reference value :  1.09553e-06
 Reference value :  1.09566e-06
 Reference value :  1.09580e-06
 Reference value :  1.09594e-06
 Reference value :  1.09608e-06
 Reference value :  1.09627e-06
 Reference value :  1.09641e-06
 Reference value :  1.09655e-06
 Reference value :  1.09668e-06
 Reference value :  1.09683e-06
 Reference value :  1.09698e-06
 Reference value :  1.09711e-06
 Reference value :  1.09725e-06
 Reference value :  1.09738e-06
 Reference value :  1.09752e-06
 Reference value :  1.09767e-06
 Reference value :  1.09781e-06
 Reference value :  1.09795e-06
 Reference value :  1.09809e-06
 Reference value :  1.09823e-06
 Reference value :  1.09836e-06
 Reference value :  1.09849e-06
 Reference value :  1.09863e-06
 Reference value :  1.09876e-06
 Reference value :  1.09889e-06
 Reference value :  1.09903e-06
 Reference value :  1.09917e-06
 Reference value :  1.09930e-06
 Reference value :  1.09943e-06
 Reference value :  1.09957e-06
 Reference value :  1.09971e-06
 Reference value :  1.09985e-06
 Reference value :  1.09998e-06
 Reference value :  1.10012e-06
 Reference value :  1.10026e-06
 Reference value :  1.10040e-06
 Reference value :  1.10054e-06
 Reference value :  1.10068e-06
 Reference value :  1.10081e-06
 Reference value :  1.10095e-06
 Reference value :  1.10110e-06
 Reference value :  1.10124e-06
 Reference value :  1.10137e-06
 Reference value :  1.10150e-06
 Reference value :  1.10164e-06
 Reference value :  1.10178e-06
 Reference value :  1.10191e-06
 Reference value :  1.10205e-06
 Reference value :  1.10219e-06
 Reference value :  1.10232e-06
 Reference value :  1.10246e-06
 Reference value :  1.10259e-06
 Reference value :  1.10273e-06
 Reference value :  1.10286e-06
 Reference value :  1.10300e-06
 Reference value :  1.10314e-06
 Reference value :  1.10328e-06
 Reference value :  1.10341e-06
 Reference value :  1.10354e-06
 Reference value :  1.10368e-06
 Reference value :  1.10382e-06
 Reference value :  1.10396e-06
 Reference value :  1.10409e-06
 Reference value :  1.10423e-06
 Reference value :  1.10436e-06
 Reference value :  1.10450e-06
 Reference value :  1.10464e-06
 Reference value :  1.10478e-06
 Reference value :  1.10492e-06
 Reference value :  1.10507e-06
 Reference value :  1.10520e-06
 Reference value :  1.10534e-06
 Reference value :  1.10547e-06
 Reference value :  1.10561e-06
 Reference value :  1.10575e-06
 Reference value :  1.10588e-06
 Reference value :  1.10602e-06
 Reference value :  1.10617e-06
 Reference value :  1.10631e-06
 Reference value :  1.10645e-06
 Reference value :  1.10659e-06
 Reference value :  1.10674e-06
 Reference value :  1.10687e-06
 Reference value :  1.10701e-06
 Reference value :  1.10715e-06
 Reference value :  1.10729e-06
 Reference value :  1.10742e-06
 Reference value :  1.10756e-06
 Reference value :  1.10771e-06
 Reference value :  1.10784e-06
 Reference value :  1.10797e-06
 Reference value :  1.10811e-06
 Reference value :  1.10824e-06
 Reference value :  1.10838e-06
 Reference value :  1.10852e-06
 Reference value :  1.10866e-06
 Reference value :  1.10880e-06
 Reference value :  1.10893e-06
 Reference value :  1.10909e-06
 Reference value :  1.10923e-06
 Reference value :  1.10936e-06
 Reference value :  1.10951e-06
 Reference value :  1.10965e-06
 Reference value :  1.10978e-06
 Reference value :  1.10992e-06
 Reference value :  1.11007e-06
 Reference value :  1.11020e-06
 Reference value :  1.11033e-06
 Reference value :  1.11047e-06
 Reference value :  1.11061e-06
 Reference value :  1.11074e-06
 Reference value :  1.11088e-06
 Reference value :  1.11101e-06
 Reference value :  1.11114e-06
 Reference value :  1.11128e-06
 Reference value :  1.11142e-06
 Reference value :  1.11156e-06
 Reference value :  1.11169e-06
 Reference value :  1.11183e-06
 Reference value :  1.11197e-06
 Reference value :  1.11211e-06
 Reference value :  1.11225e-06
 Reference value :  1.11238e-06
 Reference value :  1.11251e-06
 Reference value :  1.11265e-06
 Reference value :  1.11279e-06
 Reference value :  1.11293e-06
 Reference value :  1.11307e-06
 Reference value :  1.11321e-06
 Reference value :  1.11334e-06
 Reference value :  1.11348e-06
 Reference value :  1.11363e-06
 Reference value :  1.11376e-06
 Reference value :  1.11390e-06
 Reference value :  1.11404e-06
 Reference value :  1.11417e-06
 Reference value :  1.11431e-06
 Reference value :  1.11446e-06
 Reference value :  1.11460e-06
 Reference value :  1.11473e-06
 Reference value :  1.11486e-06
 Reference value :  1.11500e-06
 Reference value :  1.11514e-06
 Reference value :  1.11528e-06
 Reference value :  1.11541e-06
 Reference value :  1.11555e-06
 Reference value :  1.11568e-06
 Reference value :  1.11582e-06
 Reference value :  1.11595e-06
 Reference value :  1.11609e-06
 Reference value :  1.11622e-06
 Reference value :  1.11636e-06
 Reference value :  1.11650e-06
 Reference value :  1.11663e-06
 Reference value :  1.11678e-06
 Reference value :  1.11691e-06
 Reference value :  1.11705e-06
 Reference value :  1.11719e-06
 Reference value :  1.11732e-06
 Reference value :  1.11746e-06
 Reference value :  1.11760e-06
 Reference value :  1.11773e-06
 Reference value :  1.11787e-06
 Reference value :  1.11801e-06
 Reference value :  1.11814e-06
 Reference value :  1.11828e-06
 Reference value :  1.11842e-06
 Reference value :  1.11855e-06
 Reference value :  1.11869e-06
 Reference value :  1.11884e-06
 Reference value :  1.11898e-06
 Reference value :  1.11912e-06
 Reference value :  1.11925e-06
 Reference value :  1.11938e-06
 Reference value :  1.11951e-06
 Reference value :  1.11965e-06
 Reference value :  1.11980e-06
 Reference value :  1.11994e-06
 Reference value :  1.12008e-06
 Reference value :  1.12021e-06
 Reference value :  1.12035e-06
 Reference value :  1.12048e-06
 Reference value :  1.12061e-06
 Reference value :  1.12075e-06
 Reference value :  1.12089e-06
 Reference value :  1.12102e-06
 Reference value :  1.12117e-06
 Reference value :  1.12131e-06
 Reference value :  1.12145e-06
 Reference value :  1.12158e-06
 Reference value :  1.12171e-06
 Reference value :  1.12186e-06
 Reference value :  1.12200e-06
 Reference value :  1.12214e-06
 Reference value :  1.12227e-06
 Reference value :  1.12242e-06
 Reference value :  1.12255e-06
 Reference value :  1.12268e-06
 Reference value :  1.12282e-06
 Reference value :  1.12297e-06
 Reference value :  1.12311e-06
 Reference value :  1.12325e-06
 Reference value :  1.12341e-06
 Reference value :  1.12355e-06
 Reference value :  1.12370e-06
 Reference value :  1.12383e-06
 Reference value :  1.12397e-06
 Reference value :  1.12411e-06
 Reference value :  1.12425e-06
 Reference value :  1.12438e-06
 Reference value :  1.12452e-06
 Reference value :  1.12466e-06
 Reference value :  1.12479e-06
 Reference value :  1.12492e-06
 Reference value :  1.12506e-06
 Reference value :  1.12520e-06
 Reference value :  1.12533e-06
 Reference value :  1.12547e-06
 Reference value :  1.12561e-06
 Reference value :  1.12575e-06
 Reference value :  1.12589e-06
 Reference value :  1.12603e-06
 Reference value :  1.12617e-06
 Reference value :  1.12630e-06
 Reference value :  1.12644e-06
 Reference value :  1.12658e-06
 Reference value :  1.12672e-06
 Reference value :  1.12685e-06
 Reference value :  1.12699e-06
 Reference value :  1.12712e-06
 Reference value :  1.12726e-06
 Reference value :  1.12740e-06
 Reference value :  1.12754e-06
 Reference value :  1.12768e-06
 Reference value :  1.12782e-06
 Reference value :  1.12796e-06
 Reference value :  1.12810e-06
 Reference value :  1.12824e-06
 Reference value :  1.12837e-06
 Reference value :  1.12856e-06
 Reference value :  1.12870e-06
 Reference value :  1.12884e-06
 Reference value :  1.12898e-06
 Reference value :  1.12911e-06
 Reference value :  1.12925e-06
 Reference value :  1.12938e-06
 Reference value :  1.12951e-06
 Reference value :  1.12965e-06
 Reference value :  1.12979e-06
 Reference value :  1.12992e-06
 Reference value :  1.13005e-06
 Reference value :  1.13019e-06
 Reference value :  1.13032e-06
 Reference value :  1.13046e-06
 Reference value :  1.13061e-06
 Reference value :  1.13075e-06
 Reference value :  1.13089e-06
 Reference value :  1.13102e-06
 Reference value :  1.13116e-06
 Reference value :  1.13129e-06
 Reference value :  1.13142e-06
 Reference value :  1.13156e-06
 Reference value :  1.13169e-06
 Reference value :  1.13182e-06
 Reference value :  1.13196e-06
 Reference value :  1.13209e-06
 Reference value :  1.13223e-06
 Reference value :  1.13237e-06
 Reference value :  1.13251e-06
 Reference value :  1.13264e-06
 Reference value :  1.13277e-06
 Reference value :  1.13291e-06
 Reference value :  1.13304e-06
 Reference value :  1.13317e-06
 Reference value :  1.13330e-06
 Reference value :  1.13343e-06
 Reference value :  1.13357e-06
 Reference value :  1.13370e-06
 Reference value :  1.13384e-06
 Reference value :  1.13397e-06
 Reference value :  1.13411e-06
 Reference value :  1.13424e-06
 Reference value :  1.13437e-06
 Reference value :  1.13450e-06
 Reference value :  1.13463e-06
 Reference value :  1.13477e-06
 Reference value :  1.13490e-06
 Reference value :  1.13504e-06
 Reference value :  1.13518e-06
 Reference value :  1.13531e-06
 Reference value :  1.13544e-06
 Reference value :  1.13558e-06
 Reference value :  1.13572e-06
 Reference value :  1.13585e-06
 Reference value :  1.13599e-06
 Reference value :  1.13613e-06
 Reference value :  1.13627e-06
 Reference value :  1.13640e-06
 Reference value :  1.13653e-06
 Reference value :  1.13667e-06
 Reference value :  1.13681e-06
 Reference value :  1.13695e-06
 Reference value :  1.13708e-06
 Reference value :  1.13721e-06
 Reference value :  1.13735e-06
 Reference value :  1.13749e-06
 Reference value :  1.13762e-06
 Reference value :  1.13776e-06
 Reference value :  1.13789e-06
 Reference value :  1.13804e-06
 Reference value :  1.13817e-06
 Reference value :  1.13830e-06
 Reference value :  1.13843e-06
 Reference value :  1.13857e-06
 Reference value :  1.13870e-06
 Reference value :  1.13884e-06
 Reference value :  1.13897e-06
 Reference value :  1.13911e-06
 Reference value :  1.13925e-06
 Reference value :  1.13939e-06
 Reference value :  1.13953e-06
 Reference value :  1.13967e-06
 Reference value :  1.13980e-06
 Reference value :  1.13994e-06
 Reference value :  1.14007e-06
 Reference value :  1.14021e-06
 Reference value :  1.14035e-06
 Reference value :  1.14049e-06
 Reference value :  1.14062e-06
 Reference value :  1.14076e-06
 Reference value :  1.14089e-06
 Reference value :  1.14103e-06
 Reference value :  1.14116e-06
 Reference value :  1.14130e-06
 Reference value :  1.14143e-06
 Reference value :  1.14157e-06
 Reference value :  1.14170e-06
 Reference value :  1.14184e-06
 Reference value :  1.14197e-06
 Reference value :  1.14211e-06
 Reference value :  1.14224e-06
 Reference value :  1.14238e-06
 Reference value :  1.14251e-06
 Reference value :  1.14265e-06
 Reference value :  1.14279e-06
 Reference value :  1.14292e-06
 Reference value :  1.14305e-06
 Reference value :  1.14319e-06
 Reference value :  1.14332e-06
 Reference value :  1.14347e-06
 Reference value :  1.14361e-06
 Reference value :  1.14374e-06
 Reference value :  1.14387e-06
 Reference value :  1.14401e-06
 Reference value :  1.14415e-06
 Reference value :  1.14428e-06
 Reference value :  1.14442e-06
 Reference value :  1.14455e-06
 Reference value :  1.14469e-06
 Reference value :  1.14482e-06
 Reference value :  1.14496e-06
 Reference value :  1.14509e-06
 Reference value :  1.14524e-06
 Reference value :  1.14537e-06
 Reference value :  1.14551e-06
 Reference value :  1.14564e-06
 Reference value :  1.14578e-06
 Reference value :  1.14591e-06
 Reference value :  1.14605e-06
 Reference value :  1.14619e-06
 Reference value :  1.14633e-06
 Reference value :  1.14647e-06
 Reference value :  1.14661e-06
 Reference value :  1.14675e-06
 Reference value :  1.14689e-06
 Reference value :  1.14702e-06
 Reference value :  1.14715e-06
 Reference value :  1.14729e-06
 Reference value :  1.14744e-06
 Reference value :  1.14757e-06
 Reference value :  1.14771e-06
 Reference value :  1.14784e-06
 Reference value :  1.14797e-06
 Reference value :  1.14812e-06
 Reference value :  1.14825e-06
 Reference value :  1.14838e-06
 Reference value :  1.14852e-06
 Reference value :  1.14865e-06
 Reference value :  1.14879e-06
 Reference value :  1.14893e-06
 Reference value :  1.14906e-06
 Reference value :  1.14920e-06
 Reference value :  1.14934e-06
 Reference value :  1.14947e-06
 Reference value :  1.14961e-06
 Reference value :  1.14976e-06
 Reference value :  1.14989e-06
 Reference value :  1.15003e-06
 Reference value :  1.15017e-06
 Reference value :  1.15031e-06
 Reference value :  1.15046e-06
 Reference value :  1.15060e-06
 Reference value :  1.15073e-06
 Reference value :  1.15087e-06
 Reference value :  1.15100e-06
 Reference value :  1.15114e-06
 Reference value :  1.15129e-06
 Reference value :  1.15143e-06
 Reference value :  1.15157e-06
 Reference value :  1.15171e-06
 Reference value :  1.15184e-06
 Reference value :  1.15197e-06
 Reference value :  1.15211e-06
 Reference value :  1.15225e-06
 Reference value :  1.15239e-06
 Reference value :  1.15252e-06
 Reference value :  1.15266e-06
 Reference value :  1.15280e-06
 Reference value :  1.15292e-06
 Reference value :  1.15307e-06
 Reference value :  1.15321e-06
 Reference value :  1.15335e-06
 Reference value :  1.15348e-06
 Reference value :  1.15362e-06
 Reference value :  1.15376e-06
 Reference value :  1.15389e-06
 Reference value :  1.15403e-06
 Reference value :  1.15418e-06
 Reference value :  1.15432e-06
 Reference value :  1.15447e-06
 Reference value :  1.15461e-06
 Reference value :  1.15475e-06
 Reference value :  1.15488e-06
 Reference value :  1.15501e-06
 Reference value :  1.15515e-06
 Reference value :  1.15528e-06
 Reference value :  1.15542e-06
 Reference value :  1.15555e-06
 Reference value :  1.15569e-06
 Reference value :  1.15582e-06
 Reference value :  1.15603e-06
 Reference value :  1.15627e-06
 Reference value :  1.15648e-06
 Reference value :  1.15661e-06
 Reference value :  1.15675e-06
 Reference value :  1.15688e-06
 Reference value :  1.15702e-06
 Reference value :  1.15715e-06
 Reference value :  1.15728e-06
 Reference value :  1.15742e-06
 Reference value :  1.15756e-06
 Reference value :  1.15769e-06
 Reference value :  1.15783e-06
 Reference value :  1.15796e-06
 Reference value :  1.15809e-06
 Reference value :  1.15823e-06
 Reference value :  1.15838e-06
 Reference value :  1.15851e-06
 Reference value :  1.15865e-06
 Reference value :  1.15879e-06
 Reference value :  1.15893e-06
 Reference value :  1.15906e-06
 Reference value :  1.15920e-06
 Reference value :  1.15934e-06
 Reference value :  1.15947e-06
 Reference value :  1.15961e-06
 Reference value :  1.15974e-06
 Reference value :  1.15988e-06
 Reference value :  1.16001e-06
 Reference value :  1.16026e-06
 Reference value :  1.16049e-06
 Reference value :  1.16063e-06
 Reference value :  1.16076e-06
 Reference value :  1.16089e-06
 Reference value :  1.16103e-06
 Reference value :  1.16116e-06
 Reference value :  1.16129e-06
 Reference value :  1.16143e-06
 Reference value :  1.16157e-06
 Reference value :  1.16170e-06
 Reference value :  1.16184e-06
 Reference value :  1.16198e-06
 Reference value :  1.16211e-06
 Reference value :  1.16225e-06
 Reference value :  1.16239e-06
 Reference value :  1.16253e-06
 Reference value :  1.16267e-06
 Reference value :  1.16280e-06
 Reference value :  1.16293e-06
 Reference value :  1.16307e-06
 Reference value :  1.16320e-06
 Reference value :  1.16334e-06
 Reference value :  1.16348e-06
 Reference value :  1.16361e-06
 Reference value :  1.16375e-06
 Reference value :  1.16389e-06
 Reference value :  1.16404e-06
 Reference value :  1.16418e-06
 Reference value :  1.16431e-06
 Reference value :  1.16446e-06
 Reference value :  1.16459e-06
 Reference value :  1.16473e-06
 Reference value :  1.16487e-06
 Reference value :  1.16501e-06
 Reference value :  1.16514e-06
 Reference value :  1.16528e-06
 Reference value :  1.16544e-06
 Reference value :  1.16568e-06
 Reference value :  1.16592e-06
 Reference value :  1.16617e-06
 Reference value :  1.16640e-06
 Reference value :  1.16664e-06
 Reference value :  1.16680e-06
 Reference value :  1.16693e-06
 Reference value :  1.16707e-06
 Reference value :  1.16721e-06
 Reference value :  1.16734e-06
 Reference value :  1.16749e-06
 Reference value :  1.16762e-06
 Reference value :  1.16775e-06
 Reference value :  1.16789e-06
 Reference value :  1.16802e-06
 Reference value :  1.16816e-06
 Reference value :  1.16830e-06
 Reference value :  1.16843e-06
 Reference value :  1.16857e-06
 Reference value :  1.16871e-06
 Reference value :  1.16885e-06
 Reference value :  1.16897e-06
 Reference value :  1.16910e-06
 Reference value :  1.16924e-06
 Reference value :  1.16938e-06
 Reference value :  1.16951e-06
 Reference value :  1.16964e-06
 Reference value :  1.16977e-06
 Reference value :  1.16990e-06
 Reference value :  1.17003e-06
 Reference value :  1.17017e-06
 Reference value :  1.17030e-06
 Reference value :  1.17044e-06
 Reference value :  1.17057e-06
 Reference value :  1.17071e-06
 Reference value :  1.17084e-06
 Reference value :  1.17097e-06
 Reference value :  1.17111e-06
 Reference value :  1.17125e-06
 Reference value :  1.17138e-06
 Reference value :  1.17152e-06
 Reference value :  1.17165e-06
 Reference value :  1.17178e-06
 Reference value :  1.17192e-06
 Reference value :  1.17206e-06
 Reference value :  1.17219e-06
 Reference value :  1.17233e-06
 Reference value :  1.17246e-06
 Reference value :  1.17260e-06
 Reference value :  1.17274e-06
 Reference value :  1.17286e-06
 Reference value :  1.17300e-06
 Reference value :  1.17314e-06
 Reference value :  1.17327e-06
 Reference value :  1.17340e-06
 Reference value :  1.17354e-06
 Reference value :  1.17367e-06
 Reference value :  1.17381e-06
 Reference value :  1.17394e-06
 Reference value :  1.17408e-06
 Reference value :  1.17421e-06
 Reference value :  1.17435e-06
 Reference value :  1.17448e-06
 Reference value :  1.17461e-06
 Reference value :  1.17474e-06
 Reference value :  1.17488e-06
 Reference value :  1.17501e-06
 Reference value :  1.17514e-06
 Reference value :  1.17527e-06
 Reference value :  1.17541e-06
 Reference value :  1.17554e-06
 Reference value :  1.17568e-06
 Reference value :  1.17582e-06
 Reference value :  1.17595e-06
 Reference value :  1.17608e-06
 Reference value :  1.17623e-06
 Reference value :  1.17636e-06
 Reference value :  1.17650e-06
 Reference value :  1.17664e-06
 Reference value :  1.17678e-06
 Reference value :  1.17692e-06
 Reference value :  1.17705e-06
 Reference value :  1.17719e-06
 Reference value :  1.17734e-06
 Reference value :  1.17747e-06
 Reference value :  1.17762e-06
 Reference value :  1.17775e-06
 Reference value :  1.17789e-06
 Reference value :  1.17804e-06
 Reference value :  1.17817e-06
 Reference value :  1.17831e-06
 Reference value :  1.17844e-06
 Reference value :  1.17858e-06
 Reference value :  1.17872e-06
 Reference value :  1.17885e-06
 Reference value :  1.17899e-06
 Reference value :  1.17913e-06
 Reference value :  1.17927e-06
 Reference value :  1.17941e-06
 Reference value :  1.17955e-06
 Reference value :  1.17968e-06
 Reference value :  1.17982e-06
 Reference value :  1.17995e-06
 Reference value :  1.18009e-06
 Reference value :  1.18023e-06
 Reference value :  1.18037e-06
 Reference value :  1.18050e-06
 Reference value :  1.18064e-06
 Reference value :  1.18078e-06
 Reference value :  1.18091e-06
 Reference value :  1.18105e-06
 Reference value :  1.18118e-06
 Reference value :  1.18132e-06
 Reference value :  1.18145e-06
 Reference value :  1.18159e-06
 Reference value :  1.18173e-06
 Reference value :  1.18186e-06
 Reference value :  1.18200e-06
 Reference value :  1.18213e-06
 Reference value :  1.18226e-06
 Reference value :  1.18241e-06
 Reference value :  1.18255e-06
 Reference value :  1.18269e-06
 Reference value :  1.18284e-06
 Reference value :  1.18297e-06
 Reference value :  1.18311e-06
 Reference value :  1.18324e-06
 Reference value :  1.18339e-06
 Reference value :  1.18352e-06
 Reference value :  1.18365e-06
 Reference value :  1.18379e-06
 Reference value :  1.18392e-06
 Reference value :  1.18406e-06
 Reference value :  1.18419e-06
 Reference value :  1.18433e-06
 Reference value :  1.18446e-06
 Reference value :  1.18460e-06
 Reference value :  1.18473e-06
 Reference value :  1.18487e-06
 Reference value :  1.18501e-06
 Reference value :  1.18514e-06
 Reference value :  1.18528e-06
 Reference value :  1.18542e-06
 Reference value :  1.18555e-06
 Reference value :  1.18569e-06
 Reference value :  1.18582e-06
 Reference value :  1.18596e-06
 Reference value :  1.18611e-06
 Reference value :  1.18624e-06
 Reference value :  1.18638e-06
 Reference value :  1.18652e-06
 Reference value :  1.18665e-06
 Reference value :  1.18679e-06
 Reference value :  1.18692e-06
 Reference value :  1.18706e-06
 Reference value :  1.18719e-06
 Reference value :  1.18733e-06
 Reference value :  1.18746e-06
 Reference value :  1.18761e-06
 Reference value :  1.18774e-06
 Reference value :  1.18788e-06
 Reference value :  1.18802e-06
 Reference value :  1.18816e-06
 Reference value :  1.18831e-06
 Reference value :  1.18844e-06
 Reference value :  1.18857e-06
 Reference value :  1.18870e-06
 Reference value :  1.18884e-06
 Reference value :  1.18898e-06
 Reference value :  1.18911e-06
 Reference value :  1.18925e-06
 Reference value :  1.18940e-06
 Reference value :  1.18955e-06
 Reference value :  1.18970e-06
 Reference value :  1.18983e-06
 Reference value :  1.18997e-06
 Reference value :  1.19012e-06
 Reference value :  1.19026e-06
 Reference value :  1.19039e-06
 Reference value :  1.19053e-06
 Reference value :  1.19067e-06
 Reference value :  1.19080e-06
 Reference value :  1.19093e-06
 Reference value :  1.19107e-06
 Reference value :  1.19121e-06
 Reference value :  1.19134e-06
 Reference value :  1.19148e-06
 Reference value :  1.19162e-06
 Reference value :  1.19176e-06
 Reference value :  1.19190e-06
 Reference value :  1.19203e-06
 Reference value :  1.19216e-06
 Reference value :  1.19230e-06
 Reference value :  1.19245e-06
 Reference value :  1.19258e-06
 Reference value :  1.19272e-06
 Reference value :  1.19286e-06
 Reference value :  1.19299e-06
 Reference value :  1.19312e-06
 Reference value :  1.19326e-06
 Reference value :  1.19340e-06
 Reference value :  1.19353e-06
 Reference value :  1.19367e-06
 Reference value :  1.19380e-06
 Reference value :  1.19394e-06
 Reference value :  1.19408e-06
 Reference value :  1.19422e-06
 Reference value :  1.19436e-06
 Reference value :  1.19449e-06
 Reference value :  1.19462e-06
 Reference value :  1.19476e-06
 Reference value :  1.19490e-06
 Reference value :  1.19503e-06
 Reference value :  1.19516e-06
 Reference value :  1.19531e-06
 Reference value :  1.19544e-06
 Reference value :  1.19557e-06
 Reference value :  1.19571e-06
 Reference value :  1.19583e-06
 Reference value :  1.19597e-06
 Reference value :  1.19611e-06
 Reference value :  1.19624e-06
 Reference value :  1.19637e-06
 Reference value :  1.19651e-06
 Reference value :  1.19665e-06
 Reference value :  1.19679e-06
 Reference value :  1.19692e-06
 Reference value :  1.19706e-06
 Reference value :  1.19720e-06
 Reference value :  1.19734e-06
 Reference value :  1.19747e-06
 Reference value :  1.19761e-06
 Reference value :  1.19774e-06
 Reference value :  1.19788e-06
 Reference value :  1.19802e-06
 Reference value :  1.19816e-06
 Reference value :  1.19829e-06
 Reference value :  1.19842e-06
 Reference value :  1.19856e-06
 Reference value :  1.19871e-06
 Reference value :  1.19886e-06
 Reference value :  1.19899e-06
 Reference value :  1.19913e-06
 Reference value :  1.19926e-06
 Reference value :  1.19940e-06
 Reference value :  1.19953e-06
 Reference value :  1.19967e-06
 Reference value :  1.19980e-06
 Reference value :  1.19994e-06
 Reference value :  1.20007e-06
 Reference value :  1.20021e-06
 Reference value :  1.20035e-06
 Reference value :  1.20049e-06
 Reference value :  1.20062e-06
 Reference value :  1.20075e-06
 Reference value :  1.20089e-06
 Reference value :  1.20103e-06
 Reference value :  1.20117e-06
 Reference value :  1.20130e-06
 Reference value :  1.20144e-06
 Reference value :  1.20158e-06
 Reference value :  1.20172e-06
 Reference value :  1.20191e-06
 Reference value :  1.20219e-06
 Reference value :  1.20244e-06
 Reference value :  1.20257e-06
 Reference value :  1.20272e-06
 Reference value :  1.20286e-06
 Reference value :  1.20300e-06
 Reference value :  1.20313e-06
 Reference value :  1.20332e-06
 Reference value :  1.20345e-06
 Reference value :  1.20359e-06
 Reference value :  1.20373e-06
 Reference value :  1.20386e-06
 Reference value :  1.20400e-06
 Reference value :  1.20417e-06
 Reference value :  1.20431e-06
 Reference value :  1.20444e-06
 Reference value :  1.20458e-06
 Reference value :  1.20476e-06
 Reference value :  1.20503e-06
 Reference value :  1.20517e-06
 Reference value :  1.20532e-06
 Reference value :  1.20545e-06
 Reference value :  1.20559e-06
 Reference value :  1.20572e-06
 Reference value :  1.20590e-06
 Reference value :  1.20604e-06
 Reference value :  1.20618e-06
 Reference value :  1.20632e-06
 Reference value :  1.20646e-06
 Reference value :  1.20659e-06
 Reference value :  1.20675e-06
 Reference value :  1.20689e-06
 Reference value :  1.20702e-06
 Reference value :  1.20715e-06
 Reference value :  1.20729e-06
 Reference value :  1.20743e-06
 Reference value :  1.20756e-06
 Reference value :  1.20770e-06
 Reference value :  1.20784e-06
 Reference value :  1.20797e-06
 Reference value :  1.20811e-06
 Reference value :  1.20824e-06
 Reference value :  1.20838e-06
 Reference value :  1.20851e-06
 Reference value :  1.20865e-06
 Reference value :  1.20878e-06
 Reference value :  1.20891e-06
 Reference value :  1.20904e-06
 Reference value :  1.20916e-06
 Reference value :  1.20929e-06
 Reference value :  1.20943e-06
 Reference value :  1.20957e-06
 Reference value :  1.20970e-06
 Reference value :  1.20984e-06
 Reference value :  1.20997e-06
 Reference value :  1.21010e-06
 Reference value :  1.21024e-06
 Reference value :  1.21037e-06
 Reference value :  1.21051e-06
 Reference value :  1.21065e-06
 Reference value :  1.21078e-06
 Reference value :  1.21091e-06
 Reference value :  1.21105e-06
 Reference value :  1.21118e-06
 Reference value :  1.21132e-06
 Reference value :  1.21145e-06
 Reference value :  1.21159e-06
 Reference value :  1.21172e-06
 Reference value :  1.21187e-06
 Reference value :  1.21201e-06
 Reference value :  1.21214e-06
 Reference value :  1.21228e-06
 Reference value :  1.21242e-06
 Reference value :  1.21255e-06
 Reference value :  1.21268e-06
 Reference value :  1.21282e-06
 Reference value :  1.21296e-06
 Reference value :  1.21309e-06
 Reference value :  1.21323e-06
 Reference value :  1.21336e-06
 Reference value :  1.21349e-06
 Reference value :  1.21363e-06
 Reference value :  1.21376e-06
 Reference value :  1.21390e-06
 Reference value :  1.21403e-06
 Reference value :  1.21417e-06
 Reference value :  1.21430e-06
 Reference value :  1.21444e-06
 Reference value :  1.21457e-06
 Reference value :  1.21471e-06
 Reference value :  1.21484e-06
 Reference value :  1.21497e-06
 Reference value :  1.21510e-06
 Reference value :  1.21524e-06
 Reference value :  1.21537e-06
 Reference value :  1.21550e-06
 Reference value :  1.21564e-06
 Reference value :  1.21577e-06
 Reference value :  1.21591e-06
 Reference value :  1.21604e-06
 Reference value :  1.21617e-06
 Reference value :  1.21631e-06
 Reference value :  1.21644e-06
 Reference value :  1.21658e-06
 Reference value :  1.21671e-06
 Reference value :  1.21685e-06
 Reference value :  1.21698e-06
 Reference value :  1.21712e-06
 Reference value :  1.21726e-06
 Reference value :  1.21739e-06
 Reference value :  1.21753e-06
 Reference value :  1.21766e-06
 Reference value :  1.21780e-06
 Reference value :  1.21794e-06
 Reference value :  1.21807e-06
 Reference value :  1.21821e-06
 Reference value :  1.21834e-06
 Reference value :  1.21848e-06
 Reference value :  1.21861e-06
 Reference value :  1.21875e-06
 Reference value :  1.21888e-06
 Reference value :  1.21901e-06
 Reference value :  1.21914e-06
 Reference value :  1.21928e-06
 Reference value :  1.21942e-06
 Reference value :  1.21956e-06
 Reference value :  1.21969e-06
 Reference value :  1.21984e-06
 Reference value :  1.21997e-06
 Reference value :  1.22010e-06
 Reference value :  1.22024e-06
 Reference value :  1.22037e-06
 Reference value :  1.22050e-06
 Reference value :  1.22064e-06
 Reference value :  1.22078e-06
 Reference value :  1.22091e-06
 Reference value :  1.22104e-06
 Reference value :  1.22117e-06
 Reference value :  1.22130e-06
 Reference value :  1.22144e-06
 Reference value :  1.22158e-06
 Reference value :  1.22171e-06
 Reference value :  1.22184e-06
 Reference value :  1.22197e-06
 Reference value :  1.22211e-06
 Reference value :  1.22224e-06
 Reference value :  1.22237e-06
 Reference value :  1.22250e-06
 Reference value :  1.22264e-06
 Reference value :  1.22278e-06
 Reference value :  1.22292e-06
 Reference value :  1.22306e-06
 Reference value :  1.22319e-06
 Reference value :  1.22332e-06
 Reference value :  1.22345e-06
 Reference value :  1.22358e-06
 Reference value :  1.22374e-06
 Reference value :  1.22389e-06
 Reference value :  1.22402e-06
 Reference value :  1.22415e-06
 Reference value :  1.22429e-06
 Reference value :  1.22444e-06
 Reference value :  1.22457e-06
 Reference value :  1.22471e-06
 Reference value :  1.22486e-06
 Reference value :  1.22502e-06
 Reference value :  1.22517e-06
 Reference value :  1.22533e-06
 Reference value :  1.22547e-06
 Reference value :  1.22560e-06
 Reference value :  1.22574e-06
 Reference value :  1.22589e-06
 Reference value :  1.22604e-06
 Reference value :  1.22617e-06
 Reference value :  1.22631e-06
 Reference value :  1.22644e-06
 Reference value :  1.22659e-06
 Reference value :  1.22673e-06
 Reference value :  1.22686e-06
 Reference value :  1.22701e-06
 Reference value :  1.22716e-06
 Reference value :  1.22730e-06
 Reference value :  1.22744e-06
 Reference value :  1.22757e-06
 Reference value :  1.22770e-06
 Reference value :  1.22784e-06
 Reference value :  1.22799e-06
 Reference value :  1.22815e-06
 Reference value :  1.22828e-06
 Reference value :  1.22841e-06
 Reference value :  1.22855e-06
 Reference value :  1.22868e-06
 Reference value :  1.22881e-06
 Reference value :  1.22895e-06
 Reference value :  1.22909e-06
 Reference value :  1.22922e-06
 Reference value :  1.22936e-06
 Reference value :  1.22949e-06
 Reference value :  1.22962e-06
 Reference value :  1.22976e-06
 Reference value :  1.22989e-06
 Reference value :  1.23003e-06
 Reference value :  1.23017e-06
 Reference value :  1.23030e-06
 Reference value :  1.23044e-06
 Reference value :  1.23057e-06
 Reference value :  1.23071e-06
 Reference value :  1.23084e-06
 Reference value :  1.23097e-06
 Reference value :  1.23110e-06
 Reference value :  1.23123e-06
 Reference value :  1.23136e-06
 Reference value :  1.23150e-06
 Reference value :  1.23163e-06
 Reference value :  1.23177e-06
 Reference value :  1.23190e-06
 Reference value :  1.23204e-06
 Reference value :  1.23217e-06
 Reference value :  1.23230e-06
 Reference value :  1.23244e-06
 Reference value :  1.23257e-06
 Reference value :  1.23270e-06
 Reference value :  1.23284e-06
 Reference value :  1.23298e-06
 Reference value :  1.23312e-06
 Reference value :  1.23331e-06
 Reference value :  1.23349e-06
 Reference value :  1.23363e-06
 Reference value :  1.23377e-06
 Reference value :  1.23391e-06
 Reference value :  1.23405e-06
 Reference value :  1.23418e-06
 Reference value :  1.23433e-06
 Reference value :  1.23447e-06
 Reference value :  1.23461e-06
 Reference value :  1.23476e-06
 Reference value :  1.23491e-06
 Reference value :  1.23505e-06
 Reference value :  1.23519e-06
 Reference value :  1.23534e-06
 Reference value :  1.23547e-06
 Reference value :  1.23560e-06
 Reference value :  1.23574e-06
 Reference value :  1.23588e-06
 Reference value :  1.23603e-06
 Reference value :  1.23617e-06
 Reference value :  1.23631e-06
 Reference value :  1.23645e-06
 Reference value :  1.23660e-06
 Reference value :  1.23675e-06
 Reference value :  1.23690e-06
 Reference value :  1.23704e-06
 Reference value :  1.23719e-06
 Reference value :  1.23734e-06
 Reference value :  1.23749e-06
 Reference value :  1.23763e-06
 Reference value :  1.23776e-06
 Reference value :  1.23790e-06
 Reference value :  1.23804e-06
 Reference value :  1.23819e-06
 Reference value :  1.23833e-06
 Reference value :  1.23846e-06
 Reference value :  1.23860e-06
 Reference value :  1.23874e-06
 Reference value :  1.23888e-06
 Reference value :  1.23902e-06
 Reference value :  1.23916e-06
 Reference value :  1.23931e-06
 Reference value :  1.23947e-06
 Reference value :  1.23960e-06
 Reference value :  1.23974e-06
 Reference value :  1.23987e-06
 Reference value :  1.24000e-06
 Reference value :  1.24014e-06
 Reference value :  1.24029e-06
 Reference value :  1.24043e-06
 Reference value :  1.24059e-06
 Reference value :  1.24075e-06
 Reference value :  1.24089e-06
 Reference value :  1.24106e-06
 Reference value :  1.24130e-06
 Reference value :  1.24147e-06
 Reference value :  1.24166e-06
 Reference value :  1.24189e-06
 Reference value :  1.24204e-06
 Reference value :  1.24221e-06
 Reference value :  1.24242e-06
 Reference value :  1.24262e-06
 Reference value :  1.24279e-06
 Reference value :  1.24294e-06
 Reference value :  1.24319e-06
 Reference value :  1.24334e-06
 Reference value :  1.24347e-06
 Reference value :  1.24367e-06
 Reference value :  1.24390e-06
 Reference value :  1.24403e-06
 Reference value :  1.24417e-06
 Reference value :  1.24431e-06
 Reference value :  1.24445e-06
 Reference value :  1.24461e-06
 Reference value :  1.24482e-06
 Reference value :  1.24496e-06
 Reference value :  1.24509e-06
 Reference value :  1.24522e-06
 Reference value :  1.24536e-06
 Reference value :  1.24549e-06
 Reference value :  1.24563e-06
 Reference value :  1.24577e-06
 Reference value :  1.24591e-06
 Reference value :  1.24604e-06
 Reference value :  1.24618e-06
 Reference value :  1.24632e-06
 Reference value :  1.24647e-06
 Reference value :  1.24661e-06
 Reference value :  1.24675e-06
 Reference value :  1.24691e-06
 Reference value :  1.24705e-06
 Reference value :  1.24718e-06
 Reference value :  1.24732e-06
 Reference value :  1.24747e-06
 Reference value :  1.24761e-06
 Reference value :  1.24776e-06
 Reference value :  1.24791e-06
 Reference value :  1.24807e-06
 Reference value :  1.24830e-06
 Reference value :  1.24844e-06
 Reference value :  1.24858e-06
 Reference value :  1.24874e-06
 Reference value :  1.24889e-06
 Reference value :  1.24906e-06
 Reference value :  1.24920e-06
 Reference value :  1.24937e-06
 Reference value :  1.24950e-06
 Reference value :  1.24966e-06
 Reference value :  1.24980e-06
 Reference value :  1.24995e-06
 Reference value :  1.25011e-06
 Reference value :  1.25027e-06
 Reference value :  1.25051e-06
 Reference value :  1.25065e-06
 Reference value :  1.25084e-06
 Reference value :  1.25102e-06
 Reference value :  1.25115e-06
 Reference value :  1.25137e-06
 Reference value :  1.25153e-06
 Reference value :  1.25175e-06
 Reference value :  1.25190e-06
 Reference value :  1.25211e-06
 Reference value :  1.25229e-06
 Reference value :  1.25251e-06
 Reference value :  1.25276e-06
 Reference value :  1.25301e-06
 Reference value :  1.25315e-06
 Reference value :  1.25330e-06
 Reference value :  1.25347e-06
 Reference value :  1.25361e-06
 Reference value :  1.25386e-06
 Reference value :  1.25401e-06
 Reference value :  1.25416e-06
 Reference value :  1.25431e-06
 Reference value :  1.25445e-06
 Reference value :  1.25459e-06
 Reference value :  1.25473e-06
 Reference value :  1.25487e-06
 Reference value :  1.25501e-06
 Reference value :  1.25515e-06
 Reference value :  1.25529e-06
 Reference value :  1.25542e-06
 Reference value :  1.25556e-06
 Reference value :  1.25570e-06
 Reference value :  1.25584e-06
 Reference value :  1.25597e-06
 Reference value :  1.25611e-06
 Reference value :  1.25624e-06
 Reference value :  1.25639e-06
 Reference value :  1.25657e-06
 Reference value :  1.25679e-06
 Reference value :  1.25695e-06
 Reference value :  1.25708e-06
 Reference value :  1.25722e-06
 Reference value :  1.25735e-06
 Reference value :  1.25749e-06
 Reference value :  1.25763e-06
 Reference value :  1.25778e-06
 Reference value :  1.25791e-06
 Reference value :  1.25805e-06
 Reference value :  1.25818e-06
 Reference value :  1.25832e-06
 Reference value :  1.25847e-06
 Reference value :  1.25860e-06
 Reference value :  1.25875e-06
 Reference value :  1.25888e-06
 Reference value :  1.25901e-06
 Reference value :  1.25917e-06
 Reference value :  1.25931e-06
 Reference value :  1.25946e-06
 Reference value :  1.25960e-06
 Reference value :  1.25974e-06
 Reference value :  1.25988e-06
 Reference value :  1.26002e-06
 Reference value :  1.26019e-06
 Reference value :  1.26035e-06
 Reference value :  1.26049e-06
 Reference value :  1.26065e-06
 Reference value :  1.26082e-06
 Reference value :  1.26097e-06
 Reference value :  1.26110e-06
 Reference value :  1.26124e-06
 Reference value :  1.26138e-06
 Reference value :  1.26155e-06
 Reference value :  1.26171e-06
 Reference value :  1.26185e-06
 Reference value :  1.26199e-06
 Reference value :  1.26212e-06
 Reference value :  1.26225e-06
 Reference value :  1.26239e-06
 Reference value :  1.26253e-06
 Reference value :  1.26267e-06
 Reference value :  1.26283e-06
 Reference value :  1.26303e-06
 Reference value :  1.26321e-06
 Reference value :  1.26338e-06
 Reference value :  1.26354e-06
 Reference value :  1.26371e-06
 Reference value :  1.26387e-06
 Reference value :  1.26402e-06
 Reference value :  1.26416e-06
 Reference value :  1.26431e-06
 Reference value :  1.26445e-06
 Reference value :  1.26459e-06
 Reference value :  1.26473e-06
 Reference value :  1.26489e-06
 Reference value :  1.26502e-06
 Reference value :  1.26515e-06
 Reference value :  1.26529e-06
 Reference value :  1.26543e-06
 Reference value :  1.26556e-06
 Reference value :  1.26569e-06
 Reference value :  1.26584e-06
 Reference value :  1.26598e-06
 Reference value :  1.26615e-06
 Reference value :  1.26628e-06
 Reference value :  1.26643e-06
 Reference value :  1.26670e-06
 Reference value :  1.26684e-06
 Reference value :  1.26709e-06
 Reference value :  1.26726e-06
 Reference value :  1.26740e-06
 Reference value :  1.26754e-06
 Reference value :  1.26767e-06
 Reference value :  1.26781e-06
 Reference value :  1.26796e-06
 Reference value :  1.26809e-06
 Reference value :  1.26824e-06
 Reference value :  1.26840e-06
 Reference value :  1.26854e-06
 Reference value :  1.26871e-06
 Reference value :  1.26885e-06
 Reference value :  1.26898e-06
 Reference value :  1.26913e-06
 Reference value :  1.26928e-06
 Reference value :  1.26947e-06
 Reference value :  1.26968e-06
 Reference value :  1.26984e-06
 Reference value :  1.27002e-06
 Reference value :  1.27018e-06
 Reference value :  1.27033e-06
 Reference value :  1.27049e-06
 Reference value :  1.27064e-06
 Reference value :  1.27078e-06
 Reference value :  1.27099e-06
 Reference value :  1.27115e-06
 Reference value :  1.27128e-06
 Reference value :  1.27142e-06
 Reference value :  1.27155e-06
 Reference value :  1.27169e-06
 Reference value :  1.27183e-06
 Reference value :  1.27197e-06
 Reference value :  1.27211e-06
 Reference value :  1.27224e-06
 Reference value :  1.27237e-06
 Reference value :  1.27251e-06
 Reference value :  1.27264e-06
 Reference value :  1.27288e-06
 Reference value :  1.27304e-06
 Reference value :  1.27322e-06
 Reference value :  1.27340e-06
 Reference value :  1.27356e-06
 Reference value :  1.27371e-06
 Reference value :  1.27385e-06
 Reference value :  1.27398e-06
 Reference value :  1.27412e-06
 Reference value :  1.27432e-06
 Reference value :  1.27458e-06
 Reference value :  1.27475e-06
 Reference value :  1.27499e-06
 Reference value :  1.27525e-06
 Reference value :  1.27540e-06
 Reference value :  1.27554e-06
 Reference value :  1.27569e-06
 Reference value :  1.27583e-06
 Reference value :  1.27596e-06
 Reference value :  1.27610e-06
 Reference value :  1.27624e-06
 Reference value :  1.27638e-06
 Reference value :  1.27653e-06
 Reference value :  1.27666e-06
 Reference value :  1.27679e-06
 Reference value :  1.27694e-06
 Reference value :  1.27712e-06
 Reference value :  1.27725e-06
 Reference value :  1.27739e-06
 Reference value :  1.27753e-06
 Reference value :  1.27773e-06
 Reference value :  1.27787e-06
 Reference value :  1.27801e-06
 Reference value :  1.27817e-06
 Reference value :  1.27831e-06
 Reference value :  1.27846e-06
 Reference value :  1.27862e-06
 Reference value :  1.27877e-06
 Reference value :  1.27892e-06
 Reference value :  1.27914e-06
 Reference value :  1.27928e-06
 Reference value :  1.27941e-06
 Reference value :  1.27955e-06
 Reference value :  1.27969e-06
 Reference value :  1.27983e-06
 Reference value :  1.27997e-06
 Reference value :  1.28012e-06
 Reference value :  1.28027e-06
 Reference value :  1.28041e-06
 Reference value :  1.28054e-06
 Reference value :  1.28069e-06
 Reference value :  1.28082e-06
 Reference value :  1.28096e-06
 Reference value :  1.28110e-06
 Reference value :  1.28123e-06
 Reference value :  1.28137e-06
 Reference value :  1.28157e-06
 Reference value :  1.28177e-06
 Reference value :  1.28196e-06
 Reference value :  1.28215e-06
 Reference value :  1.28232e-06
 Reference value :  1.28257e-06
 Reference value :  1.28276e-06
 Reference value :  1.28296e-06
 Reference value :  1.28313e-06
 Reference value :  1.28340e-06
 Reference value :  1.28361e-06
 Reference value :  1.28376e-06
 Reference value :  1.28400e-06
 Reference value :  1.28414e-06
 Reference value :  1.28432e-06
 Reference value :  1.28459e-06
 Reference value :  1.28474e-06
 Reference value :  1.28488e-06
 Reference value :  1.28514e-06
 Reference value :  1.28530e-06
 Reference value :  1.28548e-06
 Reference value :  1.28570e-06
 Reference value :  1.28592e-06
 Reference value :  1.28611e-06
 Reference value :  1.28634e-06
 Reference value :  1.28652e-06
 Reference value :  1.28666e-06
 Reference value :  1.28687e-06
 Reference value :  1.28707e-06
 Reference value :  1.28725e-06
 Reference value :  1.28749e-06
 Reference value :  1.28771e-06
 Reference value :  1.28789e-06
 Reference value :  1.28815e-06
 Reference value :  1.28831e-06
 Reference value :  1.28847e-06
 Reference value :  1.28875e-06
 Reference value :  1.28890e-06
 Reference value :  1.28906e-06
 Reference value :  1.28928e-06
 Reference value :  1.28943e-06
 Reference value :  1.28957e-06
 Reference value :  1.28973e-06
 Reference value :  1.28987e-06
 Reference value :  1.29003e-06
 Reference value :  1.29017e-06
 Reference value :  1.29034e-06
 Reference value :  1.29049e-06
 Reference value :  1.29063e-06
 Reference value :  1.29083e-06
 Reference value :  1.29097e-06
 Reference value :  1.29111e-06
 Reference value :  1.29125e-06
 Reference value :  1.29139e-06
 Reference value :  1.29153e-06
 Reference value :  1.29172e-06
 Reference value :  1.29186e-06
 Reference value :  1.29200e-06
 Reference value :  1.29216e-06
 Reference value :  1.29230e-06
 Reference value :  1.29244e-06
 Reference value :  1.29257e-06
 Reference value :  1.29271e-06
 Reference value :  1.29285e-06
 Reference value :  1.29298e-06
 Reference value :  1.29312e-06
 Reference value :  1.29327e-06
 Reference value :  1.29341e-06
 Reference value :  1.29357e-06
 Reference value :  1.29371e-06
 Reference value :  1.29385e-06
 Reference value :  1.29400e-06
 Reference value :  1.29414e-06
 Reference value :  1.29428e-06
 Reference value :  1.29444e-06
 Reference value :  1.29458e-06
 Reference value :  1.29472e-06
 Reference value :  1.29486e-06
 Reference value :  1.29500e-06
 Reference value :  1.29515e-06
 Reference value :  1.29530e-06
 Reference value :  1.29545e-06
 Reference value :  1.29561e-06
 Reference value :  1.29577e-06
 Reference value :  1.29593e-06
 Reference value :  1.29609e-06
 Reference value :  1.29625e-06
 Reference value :  1.29640e-06
 Reference value :  1.29656e-06
 Reference value :  1.29670e-06
 Reference value :  1.29685e-06
 Reference value :  1.29701e-06
 Reference value :  1.29716e-06
 Reference value :  1.29732e-06
 Reference value :  1.29750e-06
 Reference value :  1.29764e-06
 Reference value :  1.29778e-06
 Reference value :  1.29792e-06
 Reference value :  1.29806e-06
 Reference value :  1.29820e-06
 Reference value :  1.29836e-06
 Reference value :  1.29851e-06
 Reference value :  1.29865e-06
 Reference value :  1.29880e-06
 Reference value :  1.29895e-06
 Reference value :  1.29909e-06
 Reference value :  1.29924e-06
 Reference value :  1.29939e-06
 Reference value :  1.29954e-06
 Reference value :  1.29970e-06
 Reference value :  1.29983e-06
 Reference value :  1.29997e-06
 Reference value :  1.30011e-06
 Reference value :  1.30025e-06
 Reference value :  1.30038e-06
 Reference value :  1.30052e-06
 Reference value :  1.30066e-06
 Reference value :  1.30081e-06
 Reference value :  1.30095e-06
 Reference value :  1.30110e-06
 Reference value :  1.30124e-06
 Reference value :  1.30138e-06
 Reference value :  1.30153e-06
 Reference value :  1.30166e-06
 Reference value :  1.30181e-06
 Reference value :  1.30195e-06
 Reference value :  1.30210e-06
 Reference value :  1.30223e-06
 Reference value :  1.30237e-06
 Reference value :  1.30250e-06
 Reference value :  1.30264e-06
 Reference value :  1.30278e-06
 Reference value :  1.30292e-06
 Reference value :  1.30306e-06
 Reference value :  1.30320e-06
 Reference value :  1.30335e-06
 Reference value :  1.30349e-06
 Reference value :  1.30362e-06
 Reference value :  1.30377e-06
 Reference value :  1.30391e-06
 Reference value :  1.30405e-06
 Reference value :  1.30419e-06
 Reference value :  1.30433e-06
 Reference value :  1.30447e-06
 Reference value :  1.30463e-06
 Reference value :  1.30478e-06
 Reference value :  1.30491e-06
 Reference value :  1.30505e-06
 Reference value :  1.30519e-06
 Reference value :  1.30538e-06
 Reference value :  1.30560e-06
 Reference value :  1.30585e-06
 Reference value :  1.30606e-06
 Reference value :  1.30628e-06
 Reference value :  1.30651e-06
 Reference value :  1.30674e-06
 Reference value :  1.30693e-06
 Reference value :  1.30718e-06
 Reference value :  1.30737e-06
 Reference value :  1.30763e-06
 Reference value :  1.30779e-06
 Reference value :  1.30807e-06
 Reference value :  1.30821e-06
 Reference value :  1.30848e-06
 Reference value :  1.30862e-06
 Reference value :  1.30890e-06
 Reference value :  1.30905e-06
 Reference value :  1.30931e-06
 Reference value :  1.30951e-06
 Reference value :  1.30965e-06
 Reference value :  1.30989e-06
 Reference value :  1.31004e-06
 Reference value :  1.31028e-06
 Reference value :  1.31044e-06
 Reference value :  1.31058e-06
 Reference value :  1.31072e-06
 Reference value :  1.31088e-06
 Reference value :  1.31102e-06
 Reference value :  1.31117e-06
 Reference value :  1.31132e-06
 Reference value :  1.31147e-06
 Reference value :  1.31162e-06
 Reference value :  1.31189e-06
 Reference value :  1.31205e-06
 Reference value :  1.31231e-06
 Reference value :  1.31248e-06
 Reference value :  1.31267e-06
 Reference value :  1.31292e-06
 Reference value :  1.31310e-06
 Reference value :  1.31329e-06
 Reference value :  1.31344e-06
 Reference value :  1.31362e-06
 Reference value :  1.31376e-06
 Reference value :  1.31390e-06
 Reference value :  1.31410e-06
 Reference value :  1.31429e-06
 Reference value :  1.31442e-06
 Reference value :  1.31456e-06
 Reference value :  1.31471e-06
 Reference value :  1.31486e-06
 Reference value :  1.31501e-06
 Reference value :  1.31516e-06
 Reference value :  1.31530e-06
 Reference value :  1.31544e-06
 Reference value :  1.31557e-06
 Reference value :  1.31571e-06
 Reference value :  1.31588e-06
 Reference value :  1.31606e-06
 Reference value :  1.31626e-06
 Reference value :  1.31640e-06
 Reference value :  1.31654e-06
 Reference value :  1.31667e-06
 Reference value :  1.31682e-06
 Reference value :  1.31697e-06
 Reference value :  1.31710e-06
 Reference value :  1.31723e-06
 Reference value :  1.31737e-06
 Reference value :  1.31751e-06
 Reference value :  1.31765e-06
 Reference value :  1.31779e-06
 Reference value :  1.31793e-06
 Reference value :  1.31806e-06
 Reference value :  1.31821e-06
 Reference value :  1.31835e-06
 Reference value :  1.31848e-06
 Reference value :  1.31862e-06
 Reference value :  1.31875e-06
 Reference value :  1.31889e-06
 Reference value :  1.31902e-06
 Reference value :  1.31916e-06
 Reference value :  1.31929e-06
 Reference value :  1.31942e-06
 Reference value :  1.31956e-06
 Reference value :  1.31970e-06
 Reference value :  1.31984e-06
 Reference value :  1.31999e-06
 Reference value :  1.32018e-06
 Reference value :  1.32032e-06
 Reference value :  1.32045e-06
 Reference value :  1.32060e-06
 Reference value :  1.32073e-06
 Reference value :  1.32087e-06
 Reference value :  1.32102e-06
 Reference value :  1.32115e-06
 Reference value :  1.32128e-06
 Reference value :  1.32142e-06
 Reference value :  1.32156e-06
 Reference value :  1.32170e-06
 Reference value :  1.32183e-06
 Reference value :  1.32197e-06
 Reference value :  1.32211e-06
 Reference value :  1.32224e-06
 Reference value :  1.32239e-06
 Reference value :  1.32252e-06
 Reference value :  1.32266e-06
 Reference value :  1.32280e-06
 Reference value :  1.32294e-06
 Reference value :  1.32309e-06
 Reference value :  1.32324e-06
 Reference value :  1.32338e-06
 Reference value :  1.32354e-06
 Reference value :  1.32368e-06
 Reference value :  1.32383e-06
 Reference value :  1.32396e-06
 Reference value :  1.32410e-06
 Reference value :  1.32426e-06
 Reference value :  1.32442e-06
 Reference value :  1.32457e-06
 Reference value :  1.32472e-06
 Reference value :  1.32487e-06
 Reference value :  1.32501e-06
 Reference value :  1.32516e-06
 Reference value :  1.32530e-06
 Reference value :  1.32544e-06
 Reference value :  1.32560e-06
 Reference value :  1.32574e-06
 Reference value :  1.32589e-06
 Reference value :  1.32603e-06
 Reference value :  1.32617e-06
 Reference value :  1.32630e-06
 Reference value :  1.32644e-06
 Reference value :  1.32658e-06
 Reference value :  1.32671e-06
 Reference value :  1.32685e-06
 Reference value :  1.32698e-06
 Reference value :  1.32711e-06
 Reference value :  1.32725e-06
 Reference value :  1.32738e-06
 Reference value :  1.32751e-06
 Reference value :  1.32766e-06
 Reference value :  1.32779e-06
 Reference value :  1.32792e-06
 Reference value :  1.32805e-06
 Reference value :  1.32819e-06
 Reference value :  1.32832e-06
 Reference value :  1.32845e-06
 Reference value :  1.32858e-06
 Reference value :  1.32872e-06
 Reference value :  1.32886e-06
 Reference value :  1.32899e-06
 Reference value :  1.32914e-06
 Reference value :  1.32927e-06
 Reference value :  1.32941e-06
 Reference value :  1.32955e-06
 Reference value :  1.32969e-06
 Reference value :  1.32982e-06
 Reference value :  1.32996e-06
 Reference value :  1.33009e-06
 Reference value :  1.33023e-06
 Reference value :  1.33036e-06
 Reference value :  1.33050e-06
 Reference value :  1.33065e-06
 Reference value :  1.33078e-06
 Reference value :  1.33092e-06
 Reference value :  1.33106e-06
 Reference value :  1.33119e-06
 Reference value :  1.33133e-06
 Reference value :  1.33147e-06
 Reference value :  1.33161e-06
 Reference value :  1.33175e-06
 Reference value :  1.33188e-06
 Reference value :  1.33202e-06
 Reference value :  1.33216e-06
 Reference value :  1.33229e-06
 Reference value :  1.33244e-06
 Reference value :  1.33258e-06
 Reference value :  1.33272e-06
 Reference value :  1.33286e-06
 Reference value :  1.33300e-06
 Reference value :  1.33314e-06
 Reference value :  1.33329e-06
 Reference value :  1.33343e-06
 Reference value :  1.33357e-06
 Reference value :  1.33371e-06
 Reference value :  1.33386e-06
 Reference value :  1.33400e-06
 Reference value :  1.33417e-06
 Reference value :  1.33432e-06
 Reference value :  1.33447e-06
 Reference value :  1.33464e-06
 Reference value :  1.33479e-06
 Reference value :  1.33494e-06
 Reference value :  1.33507e-06
 Reference value :  1.33521e-06
 Reference value :  1.33535e-06
 Reference value :  1.33549e-06
 Reference value :  1.33562e-06
 Reference value :  1.33577e-06
 Reference value :  1.33591e-06
 Reference value :  1.33606e-06
 Reference value :  1.33620e-06
 Reference value :  1.33636e-06
 Reference value :  1.33650e-06
 Reference value :  1.33667e-06
 Reference value :  1.33682e-06
 Reference value :  1.33696e-06
 Reference value :  1.33709e-06
 Reference value :  1.33723e-06
 Reference value :  1.33737e-06
 Reference value :  1.33753e-06
 Reference value :  1.33767e-06
 Reference value :  1.33782e-06
 Reference value :  1.33795e-06
 Reference value :  1.33810e-06
 Reference value :  1.33824e-06
 Reference value :  1.33837e-06
 Reference value :  1.33851e-06
 Reference value :  1.33865e-06
 Reference value :  1.33879e-06
 Reference value :  1.33892e-06
 Reference value :  1.33907e-06
 Reference value :  1.33922e-06
 Reference value :  1.33936e-06
 Reference value :  1.33952e-06
 Reference value :  1.33966e-06
 Reference value :  1.33980e-06
 Reference value :  1.33996e-06
 Reference value :  1.34009e-06
 Reference value :  1.34024e-06
 Reference value :  1.34038e-06
 Reference value :  1.34051e-06
 Reference value :  1.34067e-06
 Reference value :  1.34081e-06
 Reference value :  1.34095e-06
 Reference value :  1.34113e-06
 Reference value :  1.34126e-06
 Reference value :  1.34141e-06
 Reference value :  1.34154e-06
 Reference value :  1.34167e-06
 Reference value :  1.34182e-06
 Reference value :  1.34197e-06
 Reference value :  1.34210e-06
 Reference value :  1.34228e-06
 Reference value :  1.34242e-06
 Reference value :  1.34256e-06
 Reference value :  1.34270e-06
 Reference value :  1.34284e-06
 Reference value :  1.34298e-06
 Reference value :  1.34313e-06
 Reference value :  1.34328e-06
 Reference value :  1.34344e-06
 Reference value :  1.34358e-06
 Reference value :  1.34372e-06
 Reference value :  1.34387e-06
 Reference value :  1.34401e-06
 Reference value :  1.34415e-06
 Reference value :  1.34429e-06
 Reference value :  1.34443e-06
 Reference value :  1.34457e-06
 Reference value :  1.34472e-06
 Reference value :  1.34486e-06
 Reference value :  1.34499e-06
 Reference value :  1.34513e-06
 Reference value :  1.34527e-06
 Reference value :  1.34541e-06
 Reference value :  1.34555e-06
 Reference value :  1.34570e-06
 Reference value :  1.34583e-06
 Reference value :  1.34598e-06
 Reference value :  1.34612e-06
 Reference value :  1.34626e-06
 Reference value :  1.34641e-06
 Reference value :  1.34657e-06
 Reference value :  1.34670e-06
 Reference value :  1.34685e-06
 Reference value :  1.34700e-06
 Reference value :  1.34717e-06
 Reference value :  1.34734e-06
 Reference value :  1.34748e-06
 Reference value :  1.34762e-06
 Reference value :  1.34776e-06
 Reference value :  1.34790e-06
 Reference value :  1.34804e-06
 Reference value :  1.34817e-06
 Reference value :  1.34831e-06
 Reference value :  1.34845e-06
 Reference value :  1.34862e-06
 Reference value :  1.34875e-06
 Reference value :  1.34891e-06
 Reference value :  1.34906e-06
 Reference value :  1.34921e-06
 Reference value :  1.34935e-06
 Reference value :  1.34949e-06
 Reference value :  1.34964e-06
 Reference value :  1.34978e-06
 Reference value :  1.34992e-06
 Reference value :  1.35007e-06
 Reference value :  1.35021e-06
 Reference value :  1.35035e-06
 Reference value :  1.35049e-06
 Reference value :  1.35062e-06
 Reference value :  1.35078e-06
 Reference value :  1.35095e-06
 Reference value :  1.35111e-06
 Reference value :  1.35126e-06
 Reference value :  1.35142e-06
 Reference value :  1.35158e-06
 Reference value :  1.35172e-06
 Reference value :  1.35185e-06
 Reference value :  1.35199e-06
 Reference value :  1.35214e-06
 Reference value :  1.35229e-06
 Reference value :  1.35243e-06
 Reference value :  1.35259e-06
 Reference value :  1.35275e-06
 Reference value :  1.35295e-06
 Reference value :  1.35317e-06
 Reference value :  1.35337e-06
 Reference value :  1.35350e-06
 Reference value :  1.35363e-06
 Reference value :  1.35376e-06
 Reference value :  1.35388e-06
 Reference value :  1.35401e-06
 Reference value :  1.35419e-06
 Reference value :  1.35436e-06
 Reference value :  1.35450e-06
 Reference value :  1.35465e-06
 Reference value :  1.35479e-06
 Reference value :  1.35493e-06
 Reference value :  1.35507e-06
 Reference value :  1.35520e-06
 Reference value :  1.35533e-06
 Reference value :  1.35546e-06
 Reference value :  1.35558e-06
 Reference value :  1.35571e-06
 Reference value :  1.35583e-06
 Reference value :  1.35596e-06
 Reference value :  1.35608e-06
 Reference value :  1.35621e-06
 Reference value :  1.35635e-06
 Reference value :  1.35648e-06
 Reference value :  1.35662e-06
 Reference value :  1.35675e-06
 Reference value :  1.35688e-06
 Reference value :  1.35701e-06
 Reference value :  1.35714e-06
 Reference value :  1.35727e-06
 Reference value :  1.35742e-06
 Reference value :  1.35755e-06
 Reference value :  1.35769e-06
 Reference value :  1.35783e-06
 Reference value :  1.35796e-06
 Reference value :  1.35808e-06
 Reference value :  1.35822e-06
 Reference value :  1.35834e-06
 Reference value :  1.35847e-06
 Reference value :  1.35859e-06
 Reference value :  1.35872e-06
 Reference value :  1.35890e-06
 Reference value :  1.35903e-06
 Reference value :  1.35917e-06
 Reference value :  1.35931e-06
 Reference value :  1.35947e-06
 Reference value :  1.35962e-06
 Reference value :  1.35975e-06
 Reference value :  1.35988e-06
 Reference value :  1.36000e-06
 Reference value :  1.36013e-06
 Reference value :  1.36026e-06
 Reference value :  1.36039e-06
 Reference value :  1.36051e-06
 Reference value :  1.36067e-06
 Reference value :  1.36081e-06
 Reference value :  1.36094e-06
 Reference value :  1.36108e-06
 Reference value :  1.36121e-06
 Reference value :  1.36134e-06
 Reference value :  1.36146e-06
 Reference value :  1.36158e-06
 Reference value :  1.36172e-06
 Reference value :  1.36185e-06
 Reference value :  1.36199e-06
 Reference value :  1.36214e-06
 Reference value :  1.36228e-06
 Reference value :  1.36241e-06
 Reference value :  1.36254e-06
 Reference value :  1.36266e-06
 Reference value :  1.36279e-06
 Reference value :  1.36291e-06
 Reference value :  1.36304e-06
 Reference value :  1.36318e-06
 Reference value :  1.36330e-06
 Reference value :  1.36342e-06
 Reference value :  1.36354e-06
 Reference value :  1.36367e-06
 Reference value :  1.36381e-06
 Reference value :  1.36396e-06
 Reference value :  1.36409e-06
 Reference value :  1.36423e-06
 Reference value :  1.36437e-06
 Reference value :  1.36450e-06
 Reference value :  1.36465e-06
 Reference value :  1.36481e-06
 Reference value :  1.36494e-06
 Reference value :  1.36507e-06
 Reference value :  1.36519e-06
 Reference value :  1.36533e-06
 Reference value :  1.36547e-06
 Reference value :  1.36571e-06
 Reference value :  1.36596e-06
 Reference value :  1.36621e-06
 Reference value :  1.36642e-06
 Reference value :  1.36660e-06
 Reference value :  1.36674e-06
 Reference value :  1.36688e-06
 Reference value :  1.36701e-06
 Reference value :  1.36715e-06
 Reference value :  1.36729e-06
 Reference value :  1.36744e-06
 Reference value :  1.36757e-06
 Reference value :  1.36771e-06
 Reference value :  1.36786e-06
 Reference value :  1.36800e-06
 Reference value :  1.36814e-06
 Reference value :  1.36828e-06
 Reference value :  1.36842e-06
 Reference value :  1.36859e-06
 Reference value :  1.36873e-06
 Reference value :  1.36888e-06
 Reference value :  1.36908e-06
 Reference value :  1.36923e-06
 Reference value :  1.36939e-06
 Reference value :  1.36953e-06
 Reference value :  1.36967e-06
 Reference value :  1.36981e-06
 Reference value :  1.36994e-06
 Reference value :  1.37010e-06
 Reference value :  1.37026e-06
 Reference value :  1.37042e-06
 Reference value :  1.37059e-06
 Reference value :  1.37075e-06
 Reference value :  1.37093e-06
 Reference value :  1.37122e-06
 Reference value :  1.37139e-06
 Reference value :  1.37152e-06
 Reference value :  1.37167e-06
 Reference value :  1.37181e-06
 Reference value :  1.37196e-06
 Reference value :  1.37210e-06
 Reference value :  1.37224e-06
 Reference value :  1.37237e-06
 Reference value :  1.37257e-06
 Reference value :  1.37272e-06
 Reference value :  1.37285e-06
 Reference value :  1.37299e-06
 Reference value :  1.37312e-06
 Reference value :  1.37326e-06
 Reference value :  1.37341e-06
 Reference value :  1.37355e-06
 Reference value :  1.37369e-06
 Reference value :  1.37383e-06
 Reference value :  1.37397e-06
 Reference value :  1.37425e-06
 Reference value :  1.37451e-06
 Reference value :  1.37464e-06
 Reference value :  1.37479e-06
 Reference value :  1.37494e-06
 Reference value :  1.37508e-06
 Reference value :  1.37522e-06
 Reference value :  1.37536e-06
 Reference value :  1.37550e-06
 Reference value :  1.37566e-06
 Reference value :  1.37580e-06
 Reference value :  1.37596e-06
 Reference value :  1.37612e-06
 Reference value :  1.37625e-06
 Reference value :  1.37639e-06
 Reference value :  1.37653e-06
 Reference value :  1.37667e-06
 Reference value :  1.37682e-06
 Reference value :  1.37696e-06
 Reference value :  1.37710e-06
 Reference value :  1.37724e-06
 Reference value :  1.37747e-06
 Reference value :  1.37773e-06
 Reference value :  1.37788e-06
 Reference value :  1.37803e-06
 Reference value :  1.37817e-06
 Reference value :  1.37831e-06
 Reference value :  1.37846e-06
 Reference value :  1.37862e-06
 Reference value :  1.37877e-06
 Reference value :  1.37892e-06
 Reference value :  1.37906e-06
 Reference value :  1.37921e-06
 Reference value :  1.37935e-06
 Reference value :  1.37954e-06
 Reference value :  1.37968e-06
 Reference value :  1.37981e-06
 Reference value :  1.37994e-06
 Reference value :  1.38009e-06
 Reference value :  1.38024e-06
 Reference value :  1.38039e-06
 Reference value :  1.38053e-06
 Reference value :  1.38075e-06
 Reference value :  1.38103e-06
 Reference value :  1.38122e-06
 Reference value :  1.38137e-06
 Reference value :  1.38155e-06
 Reference value :  1.38169e-06
 Reference value :  1.38187e-06
 Reference value :  1.38202e-06
 Reference value :  1.38215e-06
 Reference value :  1.38230e-06
 Reference value :  1.38244e-06
 Reference value :  1.38258e-06
 Reference value :  1.38271e-06
 Reference value :  1.38285e-06
 Reference value :  1.38300e-06
 Reference value :  1.38316e-06
 Reference value :  1.38332e-06
 Reference value :  1.38349e-06
 Reference value :  1.38366e-06
 Reference value :  1.38380e-06
 Reference value :  1.38394e-06
 Reference value :  1.38411e-06
 Reference value :  1.38440e-06
 Reference value :  1.38463e-06
 Reference value :  1.38479e-06
 Reference value :  1.38496e-06
 Reference value :  1.38509e-06
 Reference value :  1.38526e-06
 Reference value :  1.38541e-06
 Reference value :  1.38556e-06
 Reference value :  1.38573e-06
 Reference value :  1.38586e-06
 Reference value :  1.38603e-06
 Reference value :  1.38618e-06
 Reference value :  1.38631e-06
 Reference value :  1.38645e-06
 Reference value :  1.38660e-06
 Reference value :  1.38674e-06
 Reference value :  1.38688e-06
 Reference value :  1.38702e-06
 Reference value :  1.38716e-06
 Reference value :  1.38732e-06
 Reference value :  1.38746e-06
 Reference value :  1.38771e-06
 Reference value :  1.38797e-06
 Reference value :  1.38811e-06
 Reference value :  1.38826e-06
 Reference value :  1.38841e-06
 Reference value :  1.38856e-06
 Reference value :  1.38870e-06
 Reference value :  1.38883e-06
 Reference value :  1.38897e-06
 Reference value :  1.38911e-06
 Reference value :  1.38924e-06
 Reference value :  1.38938e-06
 Reference value :  1.38952e-06
 Reference value :  1.38966e-06
 Reference value :  1.38979e-06
 Reference value :  1.38993e-06
 Reference value :  1.39007e-06
 Reference value :  1.39022e-06
 Reference value :  1.39037e-06
 Reference value :  1.39051e-06
 Reference value :  1.39065e-06
 Reference value :  1.39079e-06
 Reference value :  1.39101e-06
 Reference value :  1.39129e-06
 Reference value :  1.39154e-06
 Reference value :  1.39169e-06
 Reference value :  1.39182e-06
 Reference value :  1.39196e-06
 Reference value :  1.39209e-06
 Reference value :  1.39223e-06
 Reference value :  1.39236e-06
 Reference value :  1.39250e-06
 Reference value :  1.39264e-06
 Reference value :  1.39279e-06
 Reference value :  1.39292e-06
 Reference value :  1.39306e-06
 Reference value :  1.39320e-06
 Reference value :  1.39334e-06
 Reference value :  1.39347e-06
 Reference value :  1.39361e-06
 Reference value :  1.39377e-06
 Reference value :  1.39391e-06
 Reference value :  1.39406e-06
 Reference value :  1.39420e-06
 Reference value :  1.39438e-06
 Reference value :  1.39466e-06
 Reference value :  1.39484e-06
 Reference value :  1.39497e-06
 Reference value :  1.39515e-06
 Reference value :  1.39528e-06
 Reference value :  1.39543e-06
 Reference value :  1.39558e-06
 Reference value :  1.39575e-06
 Reference value :  1.39591e-06
 Reference value :  1.39604e-06
 Reference value :  1.39618e-06
 Reference value :  1.39632e-06
 Reference value :  1.39651e-06
 Reference value :  1.39665e-06
 Reference value :  1.39679e-06
 Reference value :  1.39693e-06
 Reference value :  1.39706e-06
 Reference value :  1.39720e-06
 Reference value :  1.39734e-06
 Reference value :  1.39748e-06
 Reference value :  1.39761e-06
 Reference value :  1.39775e-06
 Reference value :  1.39789e-06
 Reference value :  1.39802e-06
 Reference value :  1.39823e-06
 Reference value :  1.39840e-06
 Reference value :  1.39862e-06
 Reference value :  1.39879e-06
 Reference value :  1.39892e-06
 Reference value :  1.39906e-06
 Reference value :  1.39920e-06
 Reference value :  1.39933e-06
 Reference value :  1.39947e-06
 Reference value :  1.39962e-06
 Reference value :  1.39978e-06
 Reference value :  1.39993e-06
 Reference value :  1.40010e-06
 Reference value :  1.40025e-06
 Reference value :  1.40040e-06
 Reference value :  1.40055e-06
 Reference value :  1.40069e-06
 Reference value :  1.40083e-06
 Reference value :  1.40096e-06
 Reference value :  1.40110e-06
 Reference value :  1.40136e-06
 Reference value :  1.40164e-06
 Reference value :  1.40190e-06
 Reference value :  1.40204e-06
 Reference value :  1.40217e-06
 Reference value :  1.40231e-06
 Reference value :  1.40247e-06
 Reference value :  1.40262e-06
 Reference value :  1.40278e-06
 Reference value :  1.40293e-06
 Reference value :  1.40309e-06
 Reference value :  1.40323e-06
 Reference value :  1.40336e-06
 Reference value :  1.40350e-06
 Reference value :  1.40365e-06
 Reference value :  1.40379e-06
 Reference value :  1.40392e-06
 Reference value :  1.40406e-06
 Reference value :  1.40423e-06
 Reference value :  1.40437e-06
 Reference value :  1.40453e-06
 Reference value :  1.40469e-06
 Reference value :  1.40484e-06
 Reference value :  1.40501e-06
 Reference value :  1.40516e-06
 Reference value :  1.40530e-06
 Reference value :  1.40558e-06
 Reference value :  1.40587e-06
 Reference value :  1.40610e-06
 Reference value :  1.40625e-06
 Reference value :  1.40643e-06
 Reference value :  1.40656e-06
 Reference value :  1.40670e-06
 Reference value :  1.40685e-06
 Reference value :  1.40698e-06
 Reference value :  1.40712e-06
 Reference value :  1.40726e-06
 Reference value :  1.40740e-06
 Reference value :  1.40756e-06
 Reference value :  1.40770e-06
 Reference value :  1.40783e-06
 Reference value :  1.40799e-06
 Reference value :  1.40813e-06
 Reference value :  1.40828e-06
 Reference value :  1.40842e-06
 Reference value :  1.40857e-06
 Reference value :  1.40877e-06
 Reference value :  1.40897e-06
 Reference value :  1.40918e-06
 Reference value :  1.40936e-06
 Reference value :  1.40951e-06
 Reference value :  1.40969e-06
 Reference value :  1.40988e-06
 Reference value :  1.41011e-06
 Reference value :  1.41025e-06
 Reference value :  1.41040e-06
 Reference value :  1.41055e-06
 Reference value :  1.41069e-06
 Reference value :  1.41091e-06
 Reference value :  1.41111e-06
 Reference value :  1.41131e-06
 Reference value :  1.41154e-06
 Reference value :  1.41175e-06
 Reference value :  1.41194e-06
 Reference value :  1.41218e-06
 Reference value :  1.41239e-06
 Reference value :  1.41260e-06
 Reference value :  1.41277e-06
 Reference value :  1.41293e-06
 Reference value :  1.41313e-06
 Reference value :  1.41333e-06
 Reference value :  1.41353e-06
 Reference value :  1.41372e-06
 Reference value :  1.41393e-06
 Reference value :  1.41412e-06
 Reference value :  1.41433e-06
 Reference value :  1.41454e-06
 Reference value :  1.41475e-06
 Reference value :  1.41498e-06
 Reference value :  1.41515e-06
 Reference value :  1.41530e-06
 Reference value :  1.41543e-06
 Reference value :  1.41557e-06
 Reference value :  1.41571e-06
 Reference value :  1.41586e-06
 Reference value :  1.41599e-06
 Reference value :  1.41612e-06
 Reference value :  1.41628e-06
 Reference value :  1.41644e-06
 Reference value :  1.41658e-06
 Reference value :  1.41676e-06
 Reference value :  1.41690e-06
 Reference value :  1.41704e-06
 Reference value :  1.41718e-06
 Reference value :  1.41732e-06
 Reference value :  1.41746e-06
 Reference value :  1.41759e-06
 Reference value :  1.41772e-06
 Reference value :  1.41786e-06
 Reference value :  1.41803e-06
 Reference value :  1.41819e-06
 Reference value :  1.41836e-06
 Reference value :  1.41857e-06
 Reference value :  1.41873e-06
 Reference value :  1.41887e-06
 Reference value :  1.41906e-06
 Reference value :  1.41921e-06
 Reference value :  1.41937e-06
 Reference value :  1.41952e-06
 Reference value :  1.41967e-06
 Reference value :  1.41983e-06
 Reference value :  1.41997e-06
 Reference value :  1.42011e-06
 Reference value :  1.42025e-06
 Reference value :  1.42040e-06
 Reference value :  1.42057e-06
 Reference value :  1.42070e-06
 Reference value :  1.42084e-06
 Reference value :  1.42097e-06
 Reference value :  1.42111e-06
 Reference value :  1.42124e-06
 Reference value :  1.42139e-06
 Reference value :  1.42153e-06
 Reference value :  1.42166e-06
 Reference value :  1.42179e-06
 Reference value :  1.42193e-06
 Reference value :  1.42208e-06
 Reference value :  1.42225e-06
 Reference value :  1.42238e-06
 Reference value :  1.42252e-06
 Reference value :  1.42267e-06
 Reference value :  1.42280e-06
 Reference value :  1.42293e-06
 Reference value :  1.42307e-06
 Reference value :  1.42321e-06
 Reference value :  1.42334e-06
 Reference value :  1.42348e-06
 Reference value :  1.42362e-06
 Reference value :  1.42375e-06
 Reference value :  1.42389e-06
 Reference value :  1.42402e-06
 Reference value :  1.42416e-06
 Reference value :  1.42430e-06
 Reference value :  1.42443e-06
 Reference value :  1.42457e-06
 Reference value :  1.42472e-06
 Reference value :  1.42485e-06
 Reference value :  1.42498e-06
 Reference value :  1.42512e-06
 Reference value :  1.42527e-06
 Reference value :  1.42540e-06
 Reference value :  1.42554e-06
 Reference value :  1.42568e-06
 Reference value :  1.42581e-06
 Reference value :  1.42594e-06
 Reference value :  1.42608e-06
 Reference value :  1.42622e-06
 Reference value :  1.42636e-06
 Reference value :  1.42650e-06
 Reference value :  1.42663e-06
 Reference value :  1.42677e-06
 Reference value :  1.42690e-06
 Reference value :  1.42704e-06
 Reference value :  1.42719e-06
 Reference value :  1.42732e-06
 Reference value :  1.42746e-06
 Reference value :  1.42759e-06
 Reference value :  1.42773e-06
 Reference value :  1.42788e-06
 Reference value :  1.42801e-06
 Reference value :  1.42815e-06
 Reference value :  1.42829e-06
 Reference value :  1.42842e-06
 Reference value :  1.42856e-06
 Reference value :  1.42870e-06
 Reference value :  1.42883e-06
 Reference value :  1.42897e-06
 Reference value :  1.42910e-06
 Reference value :  1.42924e-06
 Reference value :  1.42938e-06
 Reference value :  1.42953e-06
 Reference value :  1.42966e-06
 Reference value :  1.42981e-06
 Reference value :  1.42994e-06
 Reference value :  1.43008e-06
 Reference value :  1.43021e-06
 Reference value :  1.43035e-06
 Reference value :  1.43049e-06
 Reference value :  1.43062e-06
 Reference value :  1.43076e-06
 Reference value :  1.43090e-06
 Reference value :  1.43104e-06
 Reference value :  1.43119e-06
 Reference value :  1.43132e-06
 Reference value :  1.43146e-06
 Reference value :  1.43160e-06
 Reference value :  1.43173e-06
 Reference value :  1.43187e-06
 Reference value :  1.43201e-06
 Reference value :  1.43215e-06
 Reference value :  1.43229e-06
 Reference value :  1.43243e-06
 Reference value :  1.43258e-06
 Reference value :  1.43271e-06
 Reference value :  1.43285e-06
 Reference value :  1.43300e-06
 Reference value :  1.43313e-06
 Reference value :  1.43326e-06
 Reference value :  1.43340e-06
 Reference value :  1.43354e-06
 Reference value :  1.43367e-06
 Reference value :  1.43381e-06
 Reference value :  1.43395e-06
 Reference value :  1.43409e-06
 Reference value :  1.43422e-06
 Reference value :  1.43447e-06
 Reference value :  1.43465e-06
 Reference value :  1.43478e-06
 Reference value :  1.43492e-06
 Reference value :  1.43506e-06
 Reference value :  1.43520e-06
 Reference value :  1.43534e-06
 Reference value :  1.43550e-06
 Reference value :  1.43569e-06
 Reference value :  1.43584e-06
 Reference value :  1.43598e-06
 Reference value :  1.43615e-06
 Reference value :  1.43631e-06
 Reference value :  1.43645e-06
 Reference value :  1.43659e-06
 Reference value :  1.43674e-06
 Reference value :  1.43697e-06
 Reference value :  1.43725e-06
 Reference value :  1.43743e-06
 Reference value :  1.43758e-06
 Reference value :  1.43774e-06
 Reference value :  1.43792e-06
 Reference value :  1.43811e-06
 Reference value :  1.43826e-06
 Reference value :  1.43841e-06
 Reference value :  1.43861e-06
 Reference value :  1.43890e-06
 Reference value :  1.43916e-06
 Reference value :  1.43928e-06
 Reference value :  1.43944e-06
 Reference value :  1.43966e-06
 Reference value :  1.43988e-06
 Reference value :  1.44012e-06
 Reference value :  1.44033e-06
 Reference value :  1.44048e-06
 Reference value :  1.44063e-06
 Reference value :  1.44080e-06
 Reference value :  1.44093e-06
 Reference value :  1.44107e-06
 Reference value :  1.44120e-06
 Reference value :  1.44136e-06
 Reference value :  1.44149e-06
 Reference value :  1.44163e-06
 Reference value :  1.44177e-06
 Reference value :  1.44191e-06
 Reference value :  1.44206e-06
 Reference value :  1.44220e-06
 Reference value :  1.44234e-06
 Reference value :  1.44247e-06
 Reference value :  1.44261e-06
 Reference value :  1.44276e-06
 Reference value :  1.44290e-06
 Reference value :  1.44305e-06
 Reference value :  1.44319e-06
 Reference value :  1.44332e-06
 Reference value :  1.44345e-06
 Reference value :  1.44359e-06
 Reference value :  1.44372e-06
 Reference value :  1.44386e-06
 Reference value :  1.44399e-06
 Reference value :  1.44413e-06
 Reference value :  1.44427e-06
 Reference value :  1.44441e-06
 Reference value :  1.44467e-06
 Reference value :  1.44482e-06
 Reference value :  1.44497e-06
 Reference value :  1.44513e-06
 Reference value :  1.44527e-06
 Reference value :  1.44540e-06
 Reference value :  1.44554e-06
 Reference value :  1.44568e-06
 Reference value :  1.44582e-06
 Reference value :  1.44596e-06
 Reference value :  1.44610e-06
 Reference value :  1.44625e-06
 Reference value :  1.44639e-06
 Reference value :  1.44654e-06
 Reference value :  1.44668e-06
 Reference value :  1.44683e-06
 Reference value :  1.44697e-06
 Reference value :  1.44710e-06
 Reference value :  1.44727e-06
 Reference value :  1.44743e-06
 Reference value :  1.44757e-06
 Reference value :  1.44772e-06
 Reference value :  1.44786e-06
 Reference value :  1.44801e-06
 Reference value :  1.44815e-06
 Reference value :  1.44829e-06
 Reference value :  1.44843e-06
 Reference value :  1.44858e-06
 Reference value :  1.44871e-06
 Reference value :  1.44884e-06
 Reference value :  1.44898e-06
 Reference value :  1.44912e-06
 Reference value :  1.44925e-06
 Reference value :  1.44939e-06
 Reference value :  1.44952e-06
 Reference value :  1.44967e-06
 Reference value :  1.44981e-06
 Reference value :  1.44997e-06
 Reference value :  1.45011e-06
 Reference value :  1.45025e-06
 Reference value :  1.45039e-06
 Reference value :  1.45052e-06
 Reference value :  1.45067e-06
 Reference value :  1.45081e-06
 Reference value :  1.45095e-06
 Reference value :  1.45109e-06
 Reference value :  1.45122e-06
 Reference value :  1.45137e-06
 Reference value :  1.45161e-06
 Reference value :  1.45178e-06
 Reference value :  1.45194e-06
 Reference value :  1.45209e-06
 Reference value :  1.45225e-06
 Reference value :  1.45238e-06
 Reference value :  1.45252e-06
 Reference value :  1.45265e-06
 Reference value :  1.45280e-06
 Reference value :  1.45295e-06
 Reference value :  1.45312e-06
 Reference value :  1.45328e-06
 Reference value :  1.45347e-06
 Reference value :  1.45361e-06
 Reference value :  1.45374e-06
 Reference value :  1.45388e-06
 Reference value :  1.45403e-06
 Reference value :  1.45417e-06
 Reference value :  1.45444e-06
 Reference value :  1.45467e-06
 Reference value :  1.45482e-06
 Reference value :  1.45496e-06
 Reference value :  1.45511e-06
 Reference value :  1.45525e-06
 Reference value :  1.45539e-06
 Reference value :  1.45553e-06
 Reference value :  1.45577e-06
 Reference value :  1.45594e-06
 Reference value :  1.45612e-06
 Reference value :  1.45625e-06
 Reference value :  1.45640e-06
 Reference value :  1.45656e-06
 Reference value :  1.45671e-06
 Reference value :  1.45687e-06
 Reference value :  1.45706e-06
 Reference value :  1.45722e-06
 Reference value :  1.45735e-06
 Reference value :  1.45749e-06
 Reference value :  1.45764e-06
 Reference value :  1.45778e-06
 Reference value :  1.45792e-06
 Reference value :  1.45806e-06
 Reference value :  1.45820e-06
 Reference value :  1.45833e-06
 Reference value :  1.45848e-06
 Reference value :  1.45862e-06
 Reference value :  1.45876e-06
 Reference value :  1.45890e-06
 Reference value :  1.45905e-06
 Reference value :  1.45919e-06
 Reference value :  1.45933e-06
 Reference value :  1.45950e-06
 Reference value :  1.45966e-06
 Reference value :  1.45980e-06
 Reference value :  1.45994e-06
 Reference value :  1.46009e-06
 Reference value :  1.46026e-06
 Reference value :  1.46040e-06
 Reference value :  1.46056e-06
 Reference value :  1.46070e-06
 Reference value :  1.46084e-06
 Reference value :  1.46098e-06
 Reference value :  1.46112e-06
 Reference value :  1.46126e-06
 Reference value :  1.46139e-06
 Reference value :  1.46153e-06
 Reference value :  1.46166e-06
 Reference value :  1.46185e-06
 Reference value :  1.46203e-06
 Reference value :  1.46223e-06
 Reference value :  1.46237e-06
 Reference value :  1.46254e-06
 Reference value :  1.46268e-06
 Reference value :  1.46283e-06
 Reference value :  1.46303e-06
 Reference value :  1.46321e-06
 Reference value :  1.46349e-06
 Reference value :  1.46371e-06
 Reference value :  1.46384e-06
 Reference value :  1.46402e-06
 Reference value :  1.46422e-06
 Reference value :  1.46436e-06
 Reference value :  1.46451e-06
 Reference value :  1.46470e-06
 Reference value :  1.46485e-06
 Reference value :  1.46499e-06
 Reference value :  1.46514e-06
 Reference value :  1.46535e-06
 Reference value :  1.46548e-06
 Reference value :  1.46564e-06
 Reference value :  1.46587e-06
 Reference value :  1.46616e-06
 Reference value :  1.46634e-06
 Reference value :  1.46647e-06
 Reference value :  1.46664e-06
 Reference value :  1.46686e-06
 Reference value :  1.46703e-06
 Reference value :  1.46717e-06
 Reference value :  1.46740e-06
 Reference value :  1.46761e-06
 Reference value :  1.46780e-06
 Reference value :  1.46799e-06
 Reference value :  1.46819e-06
 Reference value :  1.46837e-06
 Reference value :  1.46858e-06
 Reference value :  1.46875e-06
 Reference value :  1.46891e-06
 Reference value :  1.46909e-06
 Reference value :  1.46927e-06
 Reference value :  1.46945e-06
 Reference value :  1.46963e-06
 Reference value :  1.46980e-06
 Reference value :  1.46996e-06
 Reference value :  1.47009e-06
 Reference value :  1.47022e-06
 Reference value :  1.47036e-06
 Reference value :  1.47049e-06
 Reference value :  1.47063e-06
 Reference value :  1.47079e-06
 Reference value :  1.47094e-06
 Reference value :  1.47108e-06
 Reference value :  1.47122e-06
 Reference value :  1.47137e-06
 Reference value :  1.47154e-06
 Reference value :  1.47168e-06
 Reference value :  1.47181e-06
 Reference value :  1.47196e-06
 Reference value :  1.47209e-06
 Reference value :  1.47223e-06
 Reference value :  1.47238e-06
 Reference value :  1.47253e-06
 Reference value :  1.47266e-06
 Reference value :  1.47280e-06
 Reference value :  1.47293e-06
 Reference value :  1.47307e-06
 Reference value :  1.47321e-06
 Reference value :  1.47334e-06
 Reference value :  1.47348e-06
 Reference value :  1.47364e-06
 Reference value :  1.47378e-06
 Reference value :  1.47392e-06
 Reference value :  1.47406e-06
 Reference value :  1.47422e-06
 Reference value :  1.47435e-06
 Reference value :  1.47450e-06
 Reference value :  1.47463e-06
 Reference value :  1.47477e-06
 Reference value :  1.47492e-06
 Reference value :  1.47508e-06
 Reference value :  1.47521e-06
 Reference value :  1.47535e-06
 Reference value :  1.47548e-06
 Reference value :  1.47562e-06
 Reference value :  1.47576e-06
 Reference value :  1.47590e-06
 Reference value :  1.47604e-06
 Reference value :  1.47618e-06
 Reference value :  1.47633e-06
 Reference value :  1.47646e-06
 Reference value :  1.47659e-06
 Reference value :  1.47673e-06
 Reference value :  1.47687e-06
 Reference value :  1.47707e-06
 Reference value :  1.47724e-06
 Reference value :  1.47738e-06
 Reference value :  1.47753e-06
 Reference value :  1.47767e-06
 Reference value :  1.47781e-06
 Reference value :  1.47795e-06
 Reference value :  1.47808e-06
 Reference value :  1.47821e-06
 Reference value :  1.47835e-06
 Reference value :  1.47849e-06
 Reference value :  1.47863e-06
 Reference value :  1.47878e-06
 Reference value :  1.47892e-06
 Reference value :  1.47906e-06
 Reference value :  1.47920e-06
 Reference value :  1.47933e-06
 Reference value :  1.47947e-06
 Reference value :  1.47961e-06
 Reference value :  1.47976e-06
 Reference value :  1.47989e-06
 Reference value :  1.48004e-06
 Reference value :  1.48018e-06
 Reference value :  1.48032e-06
 Reference value :  1.48046e-06
 Reference value :  1.48060e-06
 Reference value :  1.48074e-06
 Reference value :  1.48088e-06
 Reference value :  1.48103e-06
 Reference value :  1.48116e-06
 Reference value :  1.48130e-06
 Reference value :  1.48144e-06
 Reference value :  1.48159e-06
 Reference value :  1.48172e-06
 Reference value :  1.48186e-06
 Reference value :  1.48200e-06
 Reference value :  1.48214e-06
 Reference value :  1.48228e-06
 Reference value :  1.48242e-06
 Reference value :  1.48255e-06
 Reference value :  1.48270e-06
 Reference value :  1.48283e-06
 Reference value :  1.48297e-06
 Reference value :  1.48311e-06
 Reference value :  1.48324e-06
 Reference value :  1.48338e-06
 Reference value :  1.48352e-06
 Reference value :  1.48366e-06
 Reference value :  1.48379e-06
 Reference value :  1.48394e-06
 Reference value :  1.48408e-06
 Reference value :  1.48422e-06
 Reference value :  1.48436e-06
 Reference value :  1.48451e-06
 Reference value :  1.48467e-06
 Reference value :  1.48481e-06
 Reference value :  1.48495e-06
 Reference value :  1.48509e-06
 Reference value :  1.48523e-06
 Reference value :  1.48537e-06
 Reference value :  1.48551e-06
 Reference value :  1.48564e-06
 Reference value :  1.48578e-06
 Reference value :  1.48592e-06
 Reference value :  1.48610e-06
 Reference value :  1.48624e-06
 Reference value :  1.48638e-06
 Reference value :  1.48652e-06
 Reference value :  1.48667e-06
 Reference value :  1.48680e-06
 Reference value :  1.48694e-06
 Reference value :  1.48707e-06
 Reference value :  1.48725e-06
 Reference value :  1.48739e-06
 Reference value :  1.48753e-06
 Reference value :  1.48767e-06
 Reference value :  1.48781e-06
 Reference value :  1.48800e-06
 Reference value :  1.48814e-06
 Reference value :  1.48829e-06
 Reference value :  1.48847e-06
 Reference value :  1.48861e-06
 Reference value :  1.48874e-06
 Reference value :  1.48889e-06
 Reference value :  1.48903e-06
 Reference value :  1.48918e-06
 Reference value :  1.48931e-06
 Reference value :  1.48944e-06
 Reference value :  1.48958e-06
 Reference value :  1.48971e-06
 Reference value :  1.48986e-06
 Reference value :  1.49000e-06
 Reference value :  1.49013e-06
 Reference value :  1.49027e-06
 Reference value :  1.49041e-06
 Reference value :  1.49055e-06
 Reference value :  1.49069e-06
 Reference value :  1.49083e-06
 Reference value :  1.49097e-06
 Reference value :  1.49110e-06
 Reference value :  1.49124e-06
 Reference value :  1.49139e-06
 Reference value :  1.49153e-06
 Reference value :  1.49168e-06
 Reference value :  1.49181e-06
 Reference value :  1.49194e-06
 Reference value :  1.49207e-06
 Reference value :  1.49222e-06
 Reference value :  1.49235e-06
 Reference value :  1.49249e-06
 Reference value :  1.49263e-06
 Reference value :  1.49276e-06
 Reference value :  1.49290e-06
 Reference value :  1.49303e-06
 Reference value :  1.49317e-06
 Reference value :  1.49332e-06
 Reference value :  1.49346e-06
 Reference value :  1.49360e-06
 Reference value :  1.49373e-06
 Reference value :  1.49387e-06
 Reference value :  1.49401e-06
 Reference value :  1.49415e-06
 Reference value :  1.49431e-06
 Reference value :  1.49445e-06
 Reference value :  1.49459e-06
 Reference value :  1.49473e-06
 Reference value :  1.49488e-06
 Reference value :  1.49502e-06
 Reference value :  1.49516e-06
 Reference value :  1.49530e-06
 Reference value :  1.49544e-06
 Reference value :  1.49557e-06
 Reference value :  1.49571e-06
 Reference value :  1.49587e-06
 Reference value :  1.49602e-06
 Reference value :  1.49617e-06
 Reference value :  1.49634e-06
 Reference value :  1.49650e-06
 Reference value :  1.49665e-06
 Reference value :  1.49678e-06
 Reference value :  1.49693e-06
 Reference value :  1.49708e-06
 Reference value :  1.49722e-06
 Reference value :  1.49735e-06
 Reference value :  1.49749e-06
 Reference value :  1.49762e-06
 Reference value :  1.49775e-06
 Reference value :  1.49789e-06
 Reference value :  1.49804e-06
 Reference value :  1.49818e-06
 Reference value :  1.49831e-06
 Reference value :  1.49844e-06
 Reference value :  1.49857e-06
 Reference value :  1.49870e-06
 Reference value :  1.49884e-06
 Reference value :  1.49899e-06
 Reference value :  1.49913e-06
 Reference value :  1.49928e-06
 Reference value :  1.49942e-06
 Reference value :  1.49955e-06
 Reference value :  1.49969e-06
 Reference value :  1.49985e-06
 Reference value :  1.50000e-06
 Reference value :  1.50013e-06
 Reference value :  1.50031e-06
 Reference value :  1.50046e-06
 Reference value :  1.50064e-06
 Reference value :  1.50077e-06
 Reference value :  1.50091e-06
 Reference value :  1.50105e-06
 Reference value :  1.50119e-06
 Reference value :  1.50132e-06
 Reference value :  1.50145e-06
 Reference value :  1.50159e-06
 Reference value :  1.50174e-06
 Reference value :  1.50188e-06
 Reference value :  1.50201e-06
 Reference value :  1.50214e-06
 Reference value :  1.50228e-06
 Reference value :  1.50241e-06
 Reference value :  1.50255e-06
 Reference value :  1.50270e-06
 Reference value :  1.50285e-06
 Reference value :  1.50300e-06
 Reference value :  1.50313e-06
 Reference value :  1.50328e-06
 Reference value :  1.50344e-06
 Reference value :  1.50360e-06
 Reference value :  1.50373e-06
 Reference value :  1.50386e-06
 Reference value :  1.50401e-06
 Reference value :  1.50416e-06
 Reference value :  1.50431e-06
 Reference value :  1.50445e-06
 Reference value :  1.50458e-06
 Reference value :  1.50473e-06
 Reference value :  1.50487e-06
 Reference value :  1.50501e-06
 Reference value :  1.50515e-06
 Reference value :  1.50529e-06
 Reference value :  1.50544e-06
 Reference value :  1.50557e-06
 Reference value :  1.50571e-06
 Reference value :  1.50584e-06
 Reference value :  1.50599e-06
 Reference value :  1.50612e-06
 Reference value :  1.50626e-06
 Reference value :  1.50639e-06
 Reference value :  1.50653e-06
 Reference value :  1.50666e-06
 Reference value :  1.50681e-06
 Reference value :  1.50695e-06
 Reference value :  1.50708e-06
 Reference value :  1.50722e-06
 Reference value :  1.50736e-06
 Reference value :  1.50750e-06
 Reference value :  1.50765e-06
 Reference value :  1.50780e-06
 Reference value :  1.50796e-06
 Reference value :  1.50810e-06
 Reference value :  1.50826e-06
 Reference value :  1.50840e-06
 Reference value :  1.50853e-06
 Reference value :  1.50867e-06
 Reference value :  1.50880e-06
 Reference value :  1.50894e-06
 Reference value :  1.50908e-06
 Reference value :  1.50922e-06
 Reference value :  1.50935e-06
 Reference value :  1.50950e-06
 Reference value :  1.50964e-06
 Reference value :  1.50978e-06
 Reference value :  1.50992e-06
 Reference value :  1.51008e-06
 Reference value :  1.51024e-06
 Reference value :  1.51039e-06
 Reference value :  1.51055e-06
 Reference value :  1.51073e-06
 Reference value :  1.51089e-06
 Reference value :  1.51108e-06
 Reference value :  1.51126e-06
 Reference value :  1.51143e-06
 Reference value :  1.51160e-06
 Reference value :  1.51177e-06
 Reference value :  1.51194e-06
 Reference value :  1.51209e-06
 Reference value :  1.51223e-06
 Reference value :  1.51240e-06
 Reference value :  1.51258e-06
 Reference value :  1.51275e-06
 Reference value :  1.51292e-06
 Reference value :  1.51310e-06
 Reference value :  1.51328e-06
 Reference value :  1.51344e-06
 Reference value :  1.51360e-06
 Reference value :  1.51374e-06
 Reference value :  1.51389e-06
 Reference value :  1.51405e-06
 Reference value :  1.51422e-06
 Reference value :  1.51439e-06
 Reference value :  1.51456e-06
 Reference value :  1.51475e-06
 Reference value :  1.51491e-06
 Reference value :  1.51507e-06
 Reference value :  1.51523e-06
 Reference value :  1.51538e-06
 Reference value :  1.51554e-06
 Reference value :  1.51571e-06
 Reference value :  1.51585e-06
 Reference value :  1.51603e-06
 Reference value :  1.51620e-06
 Reference value :  1.51636e-06
 Reference value :  1.51651e-06
 Reference value :  1.51666e-06
 Reference value :  1.51680e-06
 Reference value :  1.51693e-06
 Reference value :  1.51706e-06
 Reference value :  1.51720e-06
 Reference value :  1.51735e-06
 Reference value :  1.51749e-06
 Reference value :  1.51764e-06
 Reference value :  1.51778e-06
 Reference value :  1.51793e-06
 Reference value :  1.51806e-06
 Reference value :  1.51820e-06
 Reference value :  1.51834e-06
 Reference value :  1.51848e-06
 Reference value :  1.51862e-06
 Reference value :  1.51875e-06
 Reference value :  1.51889e-06
 Reference value :  1.51903e-06
 Reference value :  1.51916e-06
 Reference value :  1.51930e-06
 Reference value :  1.51944e-06
 Reference value :  1.51960e-06
 Reference value :  1.51976e-06
 Reference value :  1.51992e-06
 Reference value :  1.52010e-06
 Reference value :  1.52027e-06
 Reference value :  1.52041e-06
 Reference value :  1.52055e-06
 Reference value :  1.52069e-06
 Reference value :  1.52083e-06
 Reference value :  1.52097e-06
 Reference value :  1.52112e-06
 Reference value :  1.52125e-06
 Reference value :  1.52141e-06
 Reference value :  1.52158e-06
 Reference value :  1.52174e-06
 Reference value :  1.52189e-06
 Reference value :  1.52205e-06
 Reference value :  1.52221e-06
 Reference value :  1.52237e-06
 Reference value :  1.52252e-06
 Reference value :  1.52266e-06
 Reference value :  1.52283e-06
 Reference value :  1.52297e-06
 Reference value :  1.52313e-06
 Reference value :  1.52329e-06
 Reference value :  1.52345e-06
 Reference value :  1.52361e-06
 Reference value :  1.52378e-06
 Reference value :  1.52394e-06
 Reference value :  1.52409e-06
 Reference value :  1.52422e-06
 Reference value :  1.52436e-06
 Reference value :  1.52449e-06
 Reference value :  1.52463e-06
 Reference value :  1.52477e-06
 Reference value :  1.52490e-06
 Reference value :  1.52504e-06
 Reference value :  1.52518e-06
 Reference value :  1.52533e-06
 Reference value :  1.52546e-06
 Reference value :  1.52560e-06
 Reference value :  1.52574e-06
 Reference value :  1.52587e-06
 Reference value :  1.52601e-06
 Reference value :  1.52615e-06
 Reference value :  1.52628e-06
 Reference value :  1.52642e-06
 Reference value :  1.52655e-06
 Reference value :  1.52669e-06
 Reference value :  1.52683e-06
 Reference value :  1.52698e-06
 Reference value :  1.52711e-06
 Reference value :  1.52725e-06
 Reference value :  1.52738e-06
 Reference value :  1.52752e-06
 Reference value :  1.52768e-06
 Reference value :  1.52782e-06
 Reference value :  1.52795e-06
 Reference value :  1.52809e-06
 Reference value :  1.52824e-06
 Reference value :  1.52838e-06
 Reference value :  1.52852e-06
 Reference value :  1.52866e-06
 Reference value :  1.52879e-06
 Reference value :  1.52893e-06
 Reference value :  1.52906e-06
 Reference value :  1.52919e-06
 Reference value :  1.52934e-06
 Reference value :  1.52948e-06
 Reference value :  1.52961e-06
 Reference value :  1.52975e-06
 Reference value :  1.52988e-06
 Reference value :  1.53001e-06
 Reference value :  1.53015e-06
 Reference value :  1.53028e-06
 Reference value :  1.53042e-06
 Reference value :  1.53056e-06
 Reference value :  1.53069e-06
 Reference value :  1.53083e-06
 Reference value :  1.53096e-06
 Reference value :  1.53110e-06
 Reference value :  1.53123e-06
 Reference value :  1.53137e-06
 Reference value :  1.53152e-06
 Reference value :  1.53166e-06
 Reference value :  1.53179e-06
 Reference value :  1.53195e-06
 Reference value :  1.53210e-06
 Reference value :  1.53224e-06
 Reference value :  1.53239e-06
 Reference value :  1.53252e-06
 Reference value :  1.53266e-06
 Reference value :  1.53280e-06
 Reference value :  1.53293e-06
 Reference value :  1.53308e-06
 Reference value :  1.53321e-06
 Reference value :  1.53335e-06
 Reference value :  1.53350e-06
 Reference value :  1.53364e-06
 Reference value :  1.53378e-06
 Reference value :  1.53391e-06
 Reference value :  1.53405e-06
 Reference value :  1.53419e-06
 Reference value :  1.53432e-06
 Reference value :  1.53445e-06
 Reference value :  1.53459e-06
 Reference value :  1.53473e-06
 Reference value :  1.53487e-06
 Reference value :  1.53500e-06
 Reference value :  1.53514e-06
 Reference value :  1.53527e-06
 Reference value :  1.53541e-06
 Reference value :  1.53555e-06
 Reference value :  1.53569e-06
 Reference value :  1.53583e-06
 Reference value :  1.53596e-06
 Reference value :  1.53610e-06
 Reference value :  1.53623e-06
 Reference value :  1.53637e-06
 Reference value :  1.53651e-06
 Reference value :  1.53666e-06
 Reference value :  1.53681e-06
 Reference value :  1.53695e-06
 Reference value :  1.53708e-06
 Reference value :  1.53722e-06
 Reference value :  1.53737e-06
 Reference value :  1.53750e-06
 Reference value :  1.53764e-06
 Reference value :  1.53778e-06
 Reference value :  1.53793e-06
 Reference value :  1.53806e-06
 Reference value :  1.53820e-06
 Reference value :  1.53834e-06
 Reference value :  1.53849e-06
 Reference value :  1.53865e-06
 Reference value :  1.53883e-06
 Reference value :  1.53898e-06
 Reference value :  1.53913e-06
 Reference value :  1.53926e-06
 Reference value :  1.53941e-06
 Reference value :  1.53956e-06
 Reference value :  1.53971e-06
 Reference value :  1.53986e-06
 Reference value :  1.54000e-06
 Reference value :  1.54014e-06
 Reference value :  1.54029e-06
 Reference value :  1.54043e-06
 Reference value :  1.54058e-06
 Reference value :  1.54073e-06
 Reference value :  1.54087e-06
 Reference value :  1.54102e-06
 Reference value :  1.54116e-06
 Reference value :  1.54131e-06
 Reference value :  1.54144e-06
 Reference value :  1.54157e-06
 Reference value :  1.54170e-06
 Reference value :  1.54185e-06
 Reference value :  1.54200e-06
 Reference value :  1.54215e-06
 Reference value :  1.54228e-06
 Reference value :  1.54243e-06
 Reference value :  1.54258e-06
 Reference value :  1.54272e-06
 Reference value :  1.54286e-06
 Reference value :  1.54300e-06
 Reference value :  1.54313e-06
 Reference value :  1.54328e-06
 Reference value :  1.54342e-06
 Reference value :  1.54358e-06
 Reference value :  1.54371e-06
 Reference value :  1.54387e-06
 Reference value :  1.54402e-06
 Reference value :  1.54416e-06
 Reference value :  1.54430e-06
 Reference value :  1.54444e-06
 Reference value :  1.54459e-06
 Reference value :  1.54474e-06
 Reference value :  1.54488e-06
 Reference value :  1.54502e-06
 Reference value :  1.54517e-06
 Reference value :  1.54530e-06
 Reference value :  1.54543e-06
 Reference value :  1.54557e-06
 Reference value :  1.54572e-06
 Reference value :  1.54585e-06
 Reference value :  1.54599e-06
 Reference value :  1.54612e-06
 Reference value :  1.54626e-06
 Reference value :  1.54640e-06
 Reference value :  1.54653e-06
 Reference value :  1.54667e-06
 Reference value :  1.54683e-06
 Reference value :  1.54698e-06
 Reference value :  1.54713e-06
 Reference value :  1.54728e-06
 Reference value :  1.54743e-06
 Reference value :  1.54758e-06
 Reference value :  1.54774e-06
 Reference value :  1.54789e-06
 Reference value :  1.54803e-06
 Reference value :  1.54817e-06
 Reference value :  1.54832e-06
 Reference value :  1.54847e-06
 Reference value :  1.54860e-06
 Reference value :  1.54875e-06
 Reference value :  1.54890e-06
 Reference value :  1.54905e-06
 Reference value :  1.54920e-06
 Reference value :  1.54935e-06
 Reference value :  1.54950e-06
 Reference value :  1.54964e-06
 Reference value :  1.54978e-06
 Reference value :  1.54992e-06
 Reference value :  1.55007e-06
 Reference value :  1.55021e-06
 Reference value :  1.55035e-06
 Reference value :  1.55049e-06
 Reference value :  1.55064e-06
 Reference value :  1.55079e-06
 Reference value :  1.55093e-06
 Reference value :  1.55109e-06
 Reference value :  1.55124e-06
 Reference value :  1.55138e-06
 Reference value :  1.55152e-06
 Reference value :  1.55169e-06
 Reference value :  1.55186e-06
 Reference value :  1.55215e-06
 Reference value :  1.55243e-06
 Reference value :  1.55262e-06
 Reference value :  1.55280e-06
 Reference value :  1.55297e-06
 Reference value :  1.55314e-06
 Reference value :  1.55337e-06
 Reference value :  1.55366e-06
 Reference value :  1.55389e-06
 Reference value :  1.55404e-06
 Reference value :  1.55418e-06
 Reference value :  1.55434e-06
 Reference value :  1.55450e-06
 Reference value :  1.55471e-06
 Reference value :  1.55486e-06
 Reference value :  1.55501e-06
 Reference value :  1.55515e-06
 Reference value :  1.55534e-06
 Reference value :  1.55563e-06
 Reference value :  1.55589e-06
 Reference value :  1.55604e-06
 Reference value :  1.55618e-06
 Reference value :  1.55632e-06
 Reference value :  1.55646e-06
 Reference value :  1.55661e-06
 Reference value :  1.55678e-06
 Reference value :  1.55694e-06
 Reference value :  1.55711e-06
 Reference value :  1.55728e-06
 Reference value :  1.55744e-06
 Reference value :  1.55759e-06
 Reference value :  1.55774e-06
 Reference value :  1.55790e-06
 Reference value :  1.55806e-06
 Reference value :  1.55822e-06
 Reference value :  1.55837e-06
 Reference value :  1.55854e-06
 Reference value :  1.55869e-06
 Reference value :  1.55886e-06
 Reference value :  1.55902e-06
 Reference value :  1.55918e-06
 Reference value :  1.55932e-06
 Reference value :  1.55948e-06
 Reference value :  1.55963e-06
 Reference value :  1.55978e-06
 Reference value :  1.55994e-06
 Reference value :  1.56011e-06
 Reference value :  1.56024e-06
 Reference value :  1.56039e-06
 Reference value :  1.56055e-06
 Reference value :  1.56070e-06
 Reference value :  1.56084e-06
 Reference value :  1.56099e-06
 Reference value :  1.56114e-06
 Reference value :  1.56128e-06
 Reference value :  1.56141e-06
 Reference value :  1.56156e-06
 Reference value :  1.56171e-06
 Reference value :  1.56187e-06
 Reference value :  1.56201e-06
 Reference value :  1.56215e-06
 Reference value :  1.56229e-06
 Reference value :  1.56246e-06
 Reference value :  1.56259e-06
 Reference value :  1.56273e-06
 Reference value :  1.56288e-06
 Reference value :  1.56301e-06
 Reference value :  1.56316e-06
 Reference value :  1.56329e-06
 Reference value :  1.56342e-06
 Reference value :  1.56355e-06
 Reference value :  1.56369e-06
 Reference value :  1.56382e-06
 Reference value :  1.56396e-06
 Reference value :  1.56411e-06
 Reference value :  1.56428e-06
 Reference value :  1.56443e-06
 Reference value :  1.56459e-06
 Reference value :  1.56476e-06
 Reference value :  1.56494e-06
 Reference value :  1.56510e-06
 Reference value :  1.56527e-06
 Reference value :  1.56542e-06
 Reference value :  1.56557e-06
 Reference value :  1.56571e-06
 Reference value :  1.56586e-06
 Reference value :  1.56599e-06
 Reference value :  1.56613e-06
 Reference value :  1.56629e-06
 Reference value :  1.56646e-06
 Reference value :  1.56660e-06
 Reference value :  1.56677e-06
 Reference value :  1.56695e-06
 Reference value :  1.56713e-06
 Reference value :  1.56730e-06
 Reference value :  1.56748e-06
 Reference value :  1.56764e-06
 Reference value :  1.56780e-06
 Reference value :  1.56795e-06
 Reference value :  1.56810e-06
 Reference value :  1.56825e-06
 Reference value :  1.56839e-06
 Reference value :  1.56856e-06
 Reference value :  1.56872e-06
 Reference value :  1.56887e-06
 Reference value :  1.56903e-06
 Reference value :  1.56920e-06
 Reference value :  1.56937e-06
 Reference value :  1.56951e-06
 Reference value :  1.56965e-06
 Reference value :  1.56982e-06
 Reference value :  1.57000e-06
 Reference value :  1.57017e-06
 Reference value :  1.57036e-06
 Reference value :  1.57054e-06
 Reference value :  1.57073e-06
 Reference value :  1.57090e-06
 Reference value :  1.57107e-06
 Reference value :  1.57122e-06
 Reference value :  1.57139e-06
 Reference value :  1.57157e-06
 Reference value :  1.57174e-06
 Reference value :  1.57190e-06
 Reference value :  1.57207e-06
 Reference value :  1.57225e-06
 Reference value :  1.57243e-06
 Reference value :  1.57261e-06
 Reference value :  1.57277e-06
 Reference value :  1.57294e-06
 Reference value :  1.57313e-06
 Reference value :  1.57330e-06
 Reference value :  1.57348e-06
 Reference value :  1.57364e-06
 Reference value :  1.57381e-06
 Reference value :  1.57398e-06
 Reference value :  1.57415e-06
 Reference value :  1.57433e-06
 Reference value :  1.57451e-06
 Reference value :  1.57469e-06
 Reference value :  1.57487e-06
 Reference value :  1.57504e-06
 Reference value :  1.57521e-06
 Reference value :  1.57537e-06
 Reference value :  1.57555e-06
 Reference value :  1.57573e-06
 Reference value :  1.57590e-06
 Reference value :  1.57605e-06
 Reference value :  1.57620e-06
 Reference value :  1.57636e-06
 Reference value :  1.57649e-06
 Reference value :  1.57665e-06
 Reference value :  1.57682e-06
 Reference value :  1.57702e-06
 Reference value :  1.57718e-06
 Reference value :  1.57734e-06
 Reference value :  1.57749e-06
 Reference value :  1.57766e-06
 Reference value :  1.57784e-06
 Reference value :  1.57802e-06
 Reference value :  1.57816e-06
 Reference value :  1.57831e-06
 Reference value :  1.57847e-06
 Reference value :  1.57865e-06
 Reference value :  1.57881e-06
 Reference value :  1.57896e-06
 Reference value :  1.57913e-06
 Reference value :  1.57932e-06
 Reference value :  1.57949e-06
 Reference value :  1.57966e-06
 Reference value :  1.57982e-06
 Reference value :  1.57997e-06
 Reference value :  1.58015e-06
 Reference value :  1.58034e-06
 Reference value :  1.58053e-06
 Reference value :  1.58069e-06
 Reference value :  1.58087e-06
 Reference value :  1.58102e-06
 Reference value :  1.58120e-06
 Reference value :  1.58134e-06
 Reference value :  1.58149e-06
 Reference value :  1.58166e-06
 Reference value :  1.58185e-06
 Reference value :  1.58203e-06
 Reference value :  1.58219e-06
 Reference value :  1.58234e-06
 Reference value :  1.58251e-06
 Reference value :  1.58267e-06
 Reference value :  1.58283e-06
 Reference value :  1.58298e-06
 Reference value :  1.58315e-06
 Reference value :  1.58334e-06
 Reference value :  1.58351e-06
 Reference value :  1.58369e-06
 Reference value :  1.58386e-06
 Reference value :  1.58400e-06
 Reference value :  1.58415e-06
 Reference value :  1.58432e-06
 Reference value :  1.58452e-06
 Reference value :  1.58469e-06
 Reference value :  1.58484e-06
 Reference value :  1.58499e-06
 Reference value :  1.58516e-06
 Reference value :  1.58535e-06
 Reference value :  1.58553e-06
 Reference value :  1.58569e-06
 Reference value :  1.58587e-06
 Reference value :  1.58603e-06
 Reference value :  1.58619e-06
 Reference value :  1.58634e-06
 Reference value :  1.58651e-06
 Reference value :  1.58667e-06
 Reference value :  1.58683e-06
 Reference value :  1.58700e-06
 Reference value :  1.58717e-06
 Reference value :  1.58734e-06
 Reference value :  1.58750e-06
 Reference value :  1.58768e-06
 Reference value :  1.58787e-06
 Reference value :  1.58805e-06
 Reference value :  1.58822e-06
 Reference value :  1.58839e-06
 Reference value :  1.58856e-06
 Reference value :  1.58871e-06
 Reference value :  1.58891e-06
 Reference value :  1.58909e-06
 Reference value :  1.58926e-06
 Reference value :  1.58941e-06
 Reference value :  1.58957e-06
 Reference value :  1.58971e-06
 Reference value :  1.58987e-06
 Reference value :  1.59001e-06
 Reference value :  1.59015e-06
 Reference value :  1.59029e-06
 Reference value :  1.59043e-06
 Reference value :  1.59057e-06
 Reference value :  1.59071e-06
 Reference value :  1.59084e-06
 Reference value :  1.59099e-06
 Reference value :  1.59114e-06
 Reference value :  1.59128e-06
 Reference value :  1.59143e-06
 Reference value :  1.59158e-06
 Reference value :  1.59174e-06
 Reference value :  1.59190e-06
 Reference value :  1.59205e-06
 Reference value :  1.59221e-06
 Reference value :  1.59236e-06
 Reference value :  1.59252e-06
 Reference value :  1.59271e-06
 Reference value :  1.59289e-06
 Reference value :  1.59307e-06
 Reference value :  1.59324e-06
 Reference value :  1.59340e-06
 Reference value :  1.59359e-06
 Reference value :  1.59376e-06
 Reference value :  1.59394e-06
 Reference value :  1.59413e-06
 Reference value :  1.59431e-06
 Reference value :  1.59448e-06
 Reference value :  1.59463e-06
 Reference value :  1.59478e-06
 Reference value :  1.59494e-06
 Reference value :  1.59511e-06
 Reference value :  1.59529e-06
 Reference value :  1.59547e-06
 Reference value :  1.59563e-06
 Reference value :  1.59580e-06
 Reference value :  1.59597e-06
 Reference value :  1.59613e-06
 Reference value :  1.59630e-06
 Reference value :  1.59646e-06
 Reference value :  1.59663e-06
 Reference value :  1.59681e-06
 Reference value :  1.59697e-06
 Reference value :  1.59714e-06
 Reference value :  1.59732e-06
 Reference value :  1.59747e-06
 Reference value :  1.59762e-06
 Reference value :  1.59777e-06
 Reference value :  1.59792e-06
 Reference value :  1.59809e-06
 Reference value :  1.59828e-06
 Reference value :  1.59845e-06
 Reference value :  1.59862e-06
 Reference value :  1.59877e-06
 Reference value :  1.59896e-06
 Reference value :  1.59914e-06
 Reference value :  1.59930e-06
 Reference value :  1.59946e-06
 Reference value :  1.59963e-06
 Reference value :  1.59978e-06
 Reference value :  1.59994e-06
 Reference value :  1.60009e-06
 Reference value :  1.60025e-06
 Reference value :  1.60041e-06
 Reference value :  1.60059e-06
 Reference value :  1.60075e-06
 Reference value :  1.60090e-06
 Reference value :  1.60107e-06
 Reference value :  1.60124e-06
 Reference value :  1.60141e-06
 Reference value :  1.60161e-06
 Reference value :  1.60178e-06
 Reference value :  1.60194e-06
 Reference value :  1.60211e-06
 Reference value :  1.60227e-06
 Reference value :  1.60240e-06
 Reference value :  1.60254e-06
 Reference value :  1.60269e-06
 Reference value :  1.60286e-06
 Reference value :  1.60299e-06
 Reference value :  1.60313e-06
 Reference value :  1.60330e-06
 Reference value :  1.60345e-06
 Reference value :  1.60361e-06
 Reference value :  1.60378e-06
 Reference value :  1.60393e-06
 Reference value :  1.60407e-06
 Reference value :  1.60424e-06
 Reference value :  1.60439e-06
 Reference value :  1.60454e-06
 Reference value :  1.60469e-06
 Reference value :  1.60486e-06
 Reference value :  1.60501e-06
 Reference value :  1.60516e-06
 Reference value :  1.60532e-06
 Reference value :  1.60548e-06
 Reference value :  1.60564e-06
 Reference value :  1.60580e-06
 Reference value :  1.60596e-06
 Reference value :  1.60615e-06
 Reference value :  1.60634e-06
 Reference value :  1.60653e-06
 Reference value :  1.60671e-06
 Reference value :  1.60688e-06
 Reference value :  1.60703e-06
 Reference value :  1.60719e-06
 Reference value :  1.60736e-06
 Reference value :  1.60752e-06
 Reference value :  1.60767e-06
 Reference value :  1.60785e-06
 Reference value :  1.60801e-06
 Reference value :  1.60816e-06
 Reference value :  1.60830e-06
 Reference value :  1.60846e-06
 Reference value :  1.60860e-06
 Reference value :  1.60876e-06
 Reference value :  1.60892e-06
 Reference value :  1.60908e-06
 Reference value :  1.60924e-06
 Reference value :  1.60939e-06
 Reference value :  1.60953e-06
 Reference value :  1.60968e-06
 Reference value :  1.60982e-06
 Reference value :  1.60995e-06
 Reference value :  1.61009e-06
 Reference value :  1.61022e-06
 Reference value :  1.61037e-06
 Reference value :  1.61051e-06
 Reference value :  1.61064e-06
 Reference value :  1.61078e-06
 Reference value :  1.61092e-06
 Reference value :  1.61106e-06
 Reference value :  1.61119e-06
 Reference value :  1.61133e-06
 Reference value :  1.61146e-06
 Reference value :  1.61161e-06
 Reference value :  1.61174e-06
 Reference value :  1.61189e-06
 Reference value :  1.61205e-06
 Reference value :  1.61220e-06
 Reference value :  1.61234e-06
 Reference value :  1.61248e-06
 Reference value :  1.61263e-06
 Reference value :  1.61280e-06
 Reference value :  1.61295e-06
 Reference value :  1.61312e-06
 Reference value :  1.61331e-06
 Reference value :  1.61349e-06
 Reference value :  1.61366e-06
 Reference value :  1.61384e-06
 Reference value :  1.61400e-06
 Reference value :  1.61416e-06
 Reference value :  1.61431e-06
 Reference value :  1.61445e-06
 Reference value :  1.61458e-06
 Reference value :  1.61472e-06
 Reference value :  1.61485e-06
 Reference value :  1.61500e-06
 Reference value :  1.61514e-06
 Reference value :  1.61527e-06
 Reference value :  1.61542e-06
 Reference value :  1.61557e-06
 Reference value :  1.61574e-06
 Reference value :  1.61592e-06
 Reference value :  1.61608e-06
 Reference value :  1.61624e-06
 Reference value :  1.61642e-06
 Reference value :  1.61658e-06
 Reference value :  1.61674e-06
 Reference value :  1.61691e-06
 Reference value :  1.61709e-06
 Reference value :  1.61725e-06
 Reference value :  1.61741e-06
 Reference value :  1.61759e-06
 Reference value :  1.61777e-06
 Reference value :  1.61795e-06
 Reference value :  1.61809e-06
 Reference value :  1.61825e-06
 Reference value :  1.61842e-06
 Reference value :  1.61861e-06
 Reference value :  1.61876e-06
 Reference value :  1.61891e-06
 Reference value :  1.61909e-06
 Reference value :  1.61928e-06
 Reference value :  1.61947e-06
 Reference value :  1.61963e-06
 Reference value :  1.61978e-06
 Reference value :  1.61994e-06
 Reference value :  1.62011e-06
 Reference value :  1.62031e-06
 Reference value :  1.62048e-06
 Reference value :  1.62065e-06
 Reference value :  1.62080e-06
 Reference value :  1.62097e-06
 Reference value :  1.62115e-06
 Reference value :  1.62131e-06
 Reference value :  1.62148e-06
 Reference value :  1.62166e-06
 Reference value :  1.62184e-06
 Reference value :  1.62200e-06
 Reference value :  1.62215e-06
 Reference value :  1.62233e-06
 Reference value :  1.62251e-06
 Reference value :  1.62267e-06
 Reference value :  1.62283e-06
 Reference value :  1.62298e-06
 Reference value :  1.62313e-06
 Reference value :  1.62330e-06
 Reference value :  1.62347e-06
 Reference value :  1.62365e-06
 Reference value :  1.62384e-06
 Reference value :  1.62401e-06
 Reference value :  1.62419e-06
 Reference value :  1.62438e-06
 Reference value :  1.62456e-06
 Reference value :  1.62473e-06
 Reference value :  1.62492e-06
 Reference value :  1.62512e-06
 Reference value :  1.62526e-06
 Reference value :  1.62542e-06
 Reference value :  1.62559e-06
 Reference value :  1.62576e-06
 Reference value :  1.62596e-06
 Reference value :  1.62614e-06
 Reference value :  1.62630e-06
 Reference value :  1.62648e-06
 Reference value :  1.62664e-06
 Reference value :  1.62681e-06
 Reference value :  1.62696e-06
 Reference value :  1.62713e-06
 Reference value :  1.62729e-06
 Reference value :  1.62745e-06
 Reference value :  1.62761e-06
 Reference value :  1.62778e-06
 Reference value :  1.62794e-06
 Reference value :  1.62811e-06
 Reference value :  1.62828e-06
 Reference value :  1.62844e-06
 Reference value :  1.62861e-06
 Reference value :  1.62877e-06
 Reference value :  1.62890e-06
 Reference value :  1.62904e-06
 Reference value :  1.62917e-06
 Reference value :  1.62932e-06
 Reference value :  1.62947e-06
 Reference value :  1.62964e-06
 Reference value :  1.62980e-06
 Reference value :  1.62996e-06
 Reference value :  1.63012e-06
 Reference value :  1.63026e-06
 Reference value :  1.63041e-06
 Reference value :  1.63058e-06
 Reference value :  1.63072e-06
 Reference value :  1.63088e-06
 Reference value :  1.63104e-06
 Reference value :  1.63124e-06
 Reference value :  1.63143e-06
 Reference value :  1.63159e-06
 Reference value :  1.63176e-06
 Reference value :  1.63193e-06
 Reference value :  1.63212e-06
 Reference value :  1.63229e-06
 Reference value :  1.63245e-06
 Reference value :  1.63264e-06
 Reference value :  1.63283e-06
 Reference value :  1.63297e-06
 Reference value :  1.63315e-06
 Reference value :  1.63332e-06
 Reference value :  1.63348e-06
 Reference value :  1.63363e-06
 Reference value :  1.63381e-06
 Reference value :  1.63398e-06
 Reference value :  1.63414e-06
 Reference value :  1.63432e-06
 Reference value :  1.63449e-06
 Reference value :  1.63467e-06
 Reference value :  1.63481e-06
 Reference value :  1.63496e-06
 Reference value :  1.63511e-06
 Reference value :  1.63525e-06
 Reference value :  1.63540e-06
 Reference value :  1.63555e-06
 Reference value :  1.63570e-06
 Reference value :  1.63585e-06
 Reference value :  1.63601e-06
 Reference value :  1.63617e-06
 Reference value :  1.63632e-06
 Reference value :  1.63646e-06
 Reference value :  1.63661e-06
 Reference value :  1.63676e-06
 Reference value :  1.63694e-06
 Reference value :  1.63710e-06
 Reference value :  1.63727e-06
 Reference value :  1.63744e-06
 Reference value :  1.63760e-06
 Reference value :  1.63777e-06
 Reference value :  1.63793e-06
 Reference value :  1.63813e-06
 Reference value :  1.63830e-06
 Reference value :  1.63847e-06
 Reference value :  1.63862e-06
 Reference value :  1.63880e-06
 Reference value :  1.63897e-06
 Reference value :  1.63915e-06
 Reference value :  1.63932e-06
 Reference value :  1.63950e-06
 Reference value :  1.63966e-06
 Reference value :  1.63981e-06
 Reference value :  1.63995e-06
 Reference value :  1.64011e-06
 Reference value :  1.64026e-06
 Reference value :  1.64044e-06
 Reference value :  1.64061e-06
 Reference value :  1.64076e-06
 Reference value :  1.64090e-06
 Reference value :  1.64106e-06
 Reference value :  1.64121e-06
 Reference value :  1.64135e-06
 Reference value :  1.64150e-06
 Reference value :  1.64165e-06
 Reference value :  1.64180e-06
 Reference value :  1.64195e-06
 Reference value :  1.64210e-06
 Reference value :  1.64225e-06
 Reference value :  1.64239e-06
 Reference value :  1.64253e-06
 Reference value :  1.64268e-06
 Reference value :  1.64285e-06
 Reference value :  1.64304e-06
 Reference value :  1.64321e-06
 Reference value :  1.64337e-06
 Reference value :  1.64356e-06
 Reference value :  1.64372e-06
 Reference value :  1.64389e-06
 Reference value :  1.64406e-06
 Reference value :  1.64423e-06
 Reference value :  1.64439e-06
 Reference value :  1.64457e-06
 Reference value :  1.64476e-06
 Reference value :  1.64495e-06
 Reference value :  1.64511e-06
 Reference value :  1.64528e-06
 Reference value :  1.64547e-06
 Reference value :  1.64564e-06
 Reference value :  1.64582e-06
 Reference value :  1.64599e-06
 Reference value :  1.64618e-06
 Reference value :  1.64633e-06
 Reference value :  1.64651e-06
 Reference value :  1.64670e-06
 Reference value :  1.64687e-06
 Reference value :  1.64703e-06
 Reference value :  1.64721e-06
 Reference value :  1.64738e-06
 Reference value :  1.64754e-06
 Reference value :  1.64771e-06
 Reference value :  1.64787e-06
 Reference value :  1.64803e-06
 Reference value :  1.64820e-06
 Reference value :  1.64836e-06
 Reference value :  1.64854e-06
 Reference value :  1.64872e-06
 Reference value :  1.64889e-06
 Reference value :  1.64905e-06
 Reference value :  1.64920e-06
 Reference value :  1.64936e-06
 Reference value :  1.64951e-06
 Reference value :  1.64966e-06
 Reference value :  1.64980e-06
 Reference value :  1.64997e-06
 Reference value :  1.65010e-06
 Reference value :  1.65025e-06
 Reference value :  1.65038e-06
 Reference value :  1.65052e-06
 Reference value :  1.65065e-06
 Reference value :  1.65079e-06
 Reference value :  1.65093e-06
 Reference value :  1.65109e-06
 Reference value :  1.65126e-06
 Reference value :  1.65143e-06
 Reference value :  1.65160e-06
 Reference value :  1.65175e-06
 Reference value :  1.65190e-06
 Reference value :  1.65204e-06
 Reference value :  1.65219e-06
 Reference value :  1.65235e-06
 Reference value :  1.65253e-06
 Reference value :  1.65268e-06
 Reference value :  1.65284e-06
 Reference value :  1.65299e-06
 Reference value :  1.65314e-06
 Reference value :  1.65328e-06
 Reference value :  1.65343e-06
 Reference value :  1.65357e-06
 Reference value :  1.65372e-06
 Reference value :  1.65388e-06
 Reference value :  1.65403e-06
 Reference value :  1.65418e-06
 Reference value :  1.65431e-06
 Reference value :  1.65448e-06
 Reference value :  1.65464e-06
 Reference value :  1.65484e-06
 Reference value :  1.65501e-06
 Reference value :  1.65518e-06
 Reference value :  1.65536e-06
 Reference value :  1.65552e-06
 Reference value :  1.65569e-06
 Reference value :  1.65585e-06
 Reference value :  1.65601e-06
 Reference value :  1.65617e-06
 Reference value :  1.65635e-06
 Reference value :  1.65651e-06
 Reference value :  1.65669e-06
 Reference value :  1.65685e-06
 Reference value :  1.65703e-06
 Reference value :  1.65722e-06
 Reference value :  1.65739e-06
 Reference value :  1.65756e-06
 Reference value :  1.65773e-06
 Reference value :  1.65792e-06
 Reference value :  1.65812e-06
 Reference value :  1.65827e-06
 Reference value :  1.65843e-06
 Reference value :  1.65862e-06
 Reference value :  1.65878e-06
 Reference value :  1.65893e-06
 Reference value :  1.65909e-06
 Reference value :  1.65924e-06
 Reference value :  1.65938e-06
 Reference value :  1.65953e-06
 Reference value :  1.65968e-06
 Reference value :  1.65982e-06
 Reference value :  1.65998e-06
 Reference value :  1.66014e-06
 Reference value :  1.66031e-06
 Reference value :  1.66047e-06
 Reference value :  1.66064e-06
 Reference value :  1.66081e-06
 Reference value :  1.66099e-06
 Reference value :  1.66117e-06
 Reference value :  1.66134e-06
 Reference value :  1.66151e-06
 Reference value :  1.66167e-06
 Reference value :  1.66184e-06
 Reference value :  1.66203e-06
 Reference value :  1.66220e-06
 Reference value :  1.66237e-06
 Reference value :  1.66255e-06
 Reference value :  1.66272e-06
 Reference value :  1.66287e-06
 Reference value :  1.66301e-06
 Reference value :  1.66316e-06
 Reference value :  1.66332e-06
 Reference value :  1.66348e-06
 Reference value :  1.66363e-06
 Reference value :  1.66381e-06
 Reference value :  1.66396e-06
 Reference value :  1.66412e-06
 Reference value :  1.66429e-06
 Reference value :  1.66445e-06
 Reference value :  1.66462e-06
 Reference value :  1.66476e-06
 Reference value :  1.66493e-06
 Reference value :  1.66508e-06
 Reference value :  1.66522e-06
 Reference value :  1.66537e-06
 Reference value :  1.66552e-06
 Reference value :  1.66567e-06
 Reference value :  1.66585e-06
 Reference value :  1.66601e-06
 Reference value :  1.66619e-06
 Reference value :  1.66633e-06
 Reference value :  1.66650e-06
 Reference value :  1.66667e-06
 Reference value :  1.66684e-06
 Reference value :  1.66700e-06
 Reference value :  1.66716e-06
 Reference value :  1.66731e-06
 Reference value :  1.66746e-06
 Reference value :  1.66761e-06
 Reference value :  1.66778e-06
 Reference value :  1.66795e-06
 Reference value :  1.66811e-06
 Reference value :  1.66829e-06
 Reference value :  1.66846e-06
 Reference value :  1.66862e-06
 Reference value :  1.66880e-06
 Reference value :  1.66897e-06
 Reference value :  1.66913e-06
 Reference value :  1.66930e-06
 Reference value :  1.66948e-06
 Reference value :  1.66963e-06
 Reference value :  1.66979e-06
 Reference value :  1.66995e-06
 Reference value :  1.67011e-06
 Reference value :  1.67027e-06
 Reference value :  1.67043e-06
 Reference value :  1.67060e-06
 Reference value :  1.67076e-06
 Reference value :  1.67090e-06
 Reference value :  1.67103e-06
 Reference value :  1.67118e-06
 Reference value :  1.67133e-06
 Reference value :  1.67150e-06
 Reference value :  1.67165e-06
 Reference value :  1.67181e-06
 Reference value :  1.67196e-06
 Reference value :  1.67213e-06
 Reference value :  1.67228e-06
 Reference value :  1.67244e-06
 Reference value :  1.67260e-06
 Reference value :  1.67276e-06
 Reference value :  1.67292e-06
 Reference value :  1.67309e-06
 Reference value :  1.67326e-06
 Reference value :  1.67342e-06
 Reference value :  1.67358e-06
 Reference value :  1.67375e-06
 Reference value :  1.67392e-06
 Reference value :  1.67407e-06
 Reference value :  1.67422e-06
 Reference value :  1.67438e-06
 Reference value :  1.67454e-06
 Reference value :  1.67470e-06
 Reference value :  1.67485e-06
 Reference value :  1.67503e-06
 Reference value :  1.67519e-06
 Reference value :  1.67533e-06
 Reference value :  1.67548e-06
 Reference value :  1.67562e-06
 Reference value :  1.67578e-06
 Reference value :  1.67592e-06
 Reference value :  1.67606e-06
 Reference value :  1.67620e-06
 Reference value :  1.67635e-06
 Reference value :  1.67649e-06
 Reference value :  1.67663e-06
 Reference value :  1.67678e-06
 Reference value :  1.67693e-06
 Reference value :  1.67709e-06
 Reference value :  1.67725e-06
 Reference value :  1.67741e-06
 Reference value :  1.67755e-06
 Reference value :  1.67773e-06
 Reference value :  1.67790e-06
 Reference value :  1.67807e-06
 Reference value :  1.67824e-06
 Reference value :  1.67840e-06
 Reference value :  1.67856e-06
 Reference value :  1.67873e-06
 Reference value :  1.67887e-06
 Reference value :  1.67903e-06
 Reference value :  1.67917e-06
 Reference value :  1.67932e-06
 Reference value :  1.67947e-06
 Reference value :  1.67961e-06
 Reference value :  1.67976e-06
 Reference value :  1.67991e-06
 Reference value :  1.68009e-06
 Reference value :  1.68028e-06
 Reference value :  1.68044e-06
 Reference value :  1.68062e-06
 Reference value :  1.68079e-06
 Reference value :  1.68097e-06
 Reference value :  1.68115e-06
 Reference value :  1.68133e-06
 Reference value :  1.68151e-06
 Reference value :  1.68169e-06
 Reference value :  1.68187e-06
 Reference value :  1.68204e-06
 Reference value :  1.68222e-06
 Reference value :  1.68237e-06
 Reference value :  1.68253e-06
 Reference value :  1.68268e-06
 Reference value :  1.68284e-06
 Reference value :  1.68301e-06
 Reference value :  1.68316e-06
 Reference value :  1.68330e-06
 Reference value :  1.68347e-06
 Reference value :  1.68360e-06
 Reference value :  1.68374e-06
 Reference value :  1.68392e-06
 Reference value :  1.68409e-06
 Reference value :  1.68426e-06
 Reference value :  1.68442e-06
 Reference value :  1.68458e-06
 Reference value :  1.68473e-06
 Reference value :  1.68487e-06
 Reference value :  1.68502e-06
 Reference value :  1.68516e-06
 Reference value :  1.68530e-06
 Reference value :  1.68546e-06
 Reference value :  1.68562e-06
 Reference value :  1.68580e-06
 Reference value :  1.68598e-06
 Reference value :  1.68616e-06
 Reference value :  1.68634e-06
 Reference value :  1.68652e-06
 Reference value :  1.68668e-06
 Reference value :  1.68686e-06
 Reference value :  1.68701e-06
 Reference value :  1.68716e-06
 Reference value :  1.68733e-06
 Reference value :  1.68747e-06
 Reference value :  1.68762e-06
 Reference value :  1.68780e-06
 Reference value :  1.68794e-06
 Reference value :  1.68808e-06
 Reference value :  1.68821e-06
 Reference value :  1.68835e-06
 Reference value :  1.68848e-06
 Reference value :  1.68862e-06
 Reference value :  1.68876e-06
 Reference value :  1.68890e-06
 Reference value :  1.68904e-06
 Reference value :  1.68917e-06
 Reference value :  1.68930e-06
 Reference value :  1.68945e-06
 Reference value :  1.68959e-06
 Reference value :  1.68973e-06
 Reference value :  1.68987e-06
 Reference value :  1.69002e-06
 Reference value :  1.69017e-06
 Reference value :  1.69031e-06
 Reference value :  1.69046e-06
 Reference value :  1.69061e-06
 Reference value :  1.69075e-06
 Reference value :  1.69089e-06
 Reference value :  1.69103e-06
 Reference value :  1.69116e-06
 Reference value :  1.69130e-06
 Reference value :  1.69144e-06
 Reference value :  1.69158e-06
 Reference value :  1.69172e-06
 Reference value :  1.69186e-06
 Reference value :  1.69200e-06
 Reference value :  1.69214e-06
 Reference value :  1.69229e-06
 Reference value :  1.69245e-06
 Reference value :  1.69260e-06
 Reference value :  1.69274e-06
 Reference value :  1.69289e-06
 Reference value :  1.69303e-06
 Reference value :  1.69317e-06
 Reference value :  1.69331e-06
 Reference value :  1.69345e-06
 Reference value :  1.69359e-06
 Reference value :  1.69372e-06
 Reference value :  1.69386e-06
 Reference value :  1.69400e-06
 Reference value :  1.69414e-06
 Reference value :  1.69429e-06
 Reference value :  1.69449e-06
 Reference value :  1.69466e-06
 Reference value :  1.69481e-06
 Reference value :  1.69497e-06
 Reference value :  1.69514e-06
 Reference value :  1.69531e-06
 Reference value :  1.69548e-06
 Reference value :  1.69564e-06
 Reference value :  1.69582e-06
 Reference value :  1.69604e-06
 Reference value :  1.69631e-06
 Reference value :  1.69647e-06
 Reference value :  1.69661e-06
 Reference value :  1.69680e-06
 Reference value :  1.69707e-06
 Reference value :  1.69722e-06
 Reference value :  1.69738e-06
 Reference value :  1.69756e-06
 Reference value :  1.69784e-06
 Reference value :  1.69802e-06
 Reference value :  1.69815e-06
 Reference value :  1.69830e-06
 Reference value :  1.69849e-06
 Reference value :  1.69867e-06
 Reference value :  1.69884e-06
 Reference value :  1.69900e-06
 Reference value :  1.69917e-06
 Reference value :  1.69933e-06
 Reference value :  1.69948e-06
 Reference value :  1.69961e-06
 Reference value :  1.69978e-06
 Reference value :  1.69994e-06
 Reference value :  1.70008e-06
 Reference value :  1.70022e-06
 Reference value :  1.70039e-06
 Reference value :  1.70054e-06
 Reference value :  1.70068e-06
 Reference value :  1.70082e-06
 Reference value :  1.70105e-06
 Reference value :  1.70129e-06
 Reference value :  1.70144e-06
 Reference value :  1.70158e-06
 Reference value :  1.70179e-06
 Reference value :  1.70196e-06
 Reference value :  1.70210e-06
 Reference value :  1.70229e-06
 Reference value :  1.70243e-06
 Reference value :  1.70259e-06
 Reference value :  1.70282e-06
 Reference value :  1.70302e-06
 Reference value :  1.70316e-06
 Reference value :  1.70330e-06
 Reference value :  1.70344e-06
 Reference value :  1.70358e-06
 Reference value :  1.70380e-06
 Reference value :  1.70397e-06
 Reference value :  1.70414e-06
 Reference value :  1.70429e-06
 Reference value :  1.70443e-06
 Reference value :  1.70463e-06
 Reference value :  1.70490e-06
 Reference value :  1.70507e-06
 Reference value :  1.70522e-06
 Reference value :  1.70537e-06
 Reference value :  1.70556e-06
 Reference value :  1.70569e-06
 Reference value :  1.70585e-06
 Reference value :  1.70604e-06
 Reference value :  1.70619e-06
 Reference value :  1.70636e-06
 Reference value :  1.70664e-06
 Reference value :  1.70682e-06
 Reference value :  1.70696e-06
 Reference value :  1.70710e-06
 Reference value :  1.70725e-06
 Reference value :  1.70738e-06
 Reference value :  1.70767e-06
 Reference value :  1.70788e-06
 Reference value :  1.70802e-06
 Reference value :  1.70816e-06
 Reference value :  1.70834e-06
 Reference value :  1.70849e-06
 Reference value :  1.70865e-06
 Reference value :  1.70892e-06
 Reference value :  1.70915e-06
 Reference value :  1.70933e-06
 Reference value :  1.70950e-06
 Reference value :  1.70972e-06
 Reference value :  1.70990e-06
 Reference value :  1.71008e-06
 Reference value :  1.71026e-06
 Reference value :  1.71044e-06
 Reference value :  1.71062e-06
 Reference value :  1.71081e-06
 Reference value :  1.71100e-06
 Reference value :  1.71114e-06
 Reference value :  1.71128e-06
 Reference value :  1.71141e-06
 Reference value :  1.71155e-06
 Reference value :  1.71168e-06
 Reference value :  1.71182e-06
 Reference value :  1.71206e-06
 Reference value :  1.71223e-06
 Reference value :  1.71239e-06
 Reference value :  1.71254e-06
 Reference value :  1.71269e-06
 Reference value :  1.71284e-06
 Reference value :  1.71298e-06
 Reference value :  1.71312e-06
 Reference value :  1.71326e-06
 Reference value :  1.71340e-06
 Reference value :  1.71353e-06
 Reference value :  1.71367e-06
 Reference value :  1.71390e-06
 Reference value :  1.71404e-06
 Reference value :  1.71419e-06
 Reference value :  1.71436e-06
 Reference value :  1.71450e-06
 Reference value :  1.71463e-06
 Reference value :  1.71478e-06
 Reference value :  1.71492e-06
 Reference value :  1.71510e-06
 Reference value :  1.71524e-06
 Reference value :  1.71540e-06
 Reference value :  1.71569e-06
 Reference value :  1.71584e-06
 Reference value :  1.71600e-06
 Reference value :  1.71616e-06
 Reference value :  1.71631e-06
 Reference value :  1.71647e-06
 Reference value :  1.71662e-06
 Reference value :  1.71676e-06
 Reference value :  1.71690e-06
 Reference value :  1.71704e-06
 Reference value :  1.71719e-06
 Reference value :  1.71733e-06
 Reference value :  1.71747e-06
 Reference value :  1.71760e-06
 Reference value :  1.71774e-06
 Reference value :  1.71789e-06
 Reference value :  1.71802e-06
 Reference value :  1.71817e-06
 Reference value :  1.71830e-06
 Reference value :  1.71843e-06
 Reference value :  1.71857e-06
 Reference value :  1.71870e-06
 Reference value :  1.71883e-06
 Reference value :  1.71909e-06
 Reference value :  1.71927e-06
 Reference value :  1.71940e-06
 Reference value :  1.71954e-06
 Reference value :  1.71967e-06
 Reference value :  1.71980e-06
 Reference value :  1.71994e-06
 Reference value :  1.72008e-06
 Reference value :  1.72021e-06
 Reference value :  1.72035e-06
 Reference value :  1.72048e-06
 Reference value :  1.72064e-06
 Reference value :  1.72078e-06
 Reference value :  1.72094e-06
 Reference value :  1.72107e-06
 Reference value :  1.72121e-06
 Reference value :  1.72135e-06
 Reference value :  1.72149e-06
 Reference value :  1.72163e-06
 Reference value :  1.72177e-06
 Reference value :  1.72192e-06
 Reference value :  1.72205e-06
 Reference value :  1.72219e-06
 Reference value :  1.72233e-06
 Reference value :  1.72247e-06
 Reference value :  1.72260e-06
 Reference value :  1.72274e-06
 Reference value :  1.72287e-06
 Reference value :  1.72301e-06
 Reference value :  1.72314e-06
 Reference value :  1.72328e-06
 Reference value :  1.72341e-06
 Reference value :  1.72356e-06
 Reference value :  1.72369e-06
 Reference value :  1.72383e-06
 Reference value :  1.72397e-06
 Reference value :  1.72411e-06
 Reference value :  1.72425e-06
 Reference value :  1.72438e-06
 Reference value :  1.72452e-06
 Reference value :  1.72466e-06
 Reference value :  1.72479e-06
 Reference value :  1.72493e-06
 Reference value :  1.72507e-06
 Reference value :  1.72520e-06
 Reference value :  1.72534e-06
 Reference value :  1.72547e-06
 Reference value :  1.72560e-06
 Reference value :  1.72576e-06
 Reference value :  1.72589e-06
 Reference value :  1.72602e-06
 Reference value :  1.72617e-06
 Reference value :  1.72630e-06
 Reference value :  1.72645e-06
 Reference value :  1.72658e-06
 Reference value :  1.72673e-06
 Reference value :  1.72687e-06
 Reference value :  1.72701e-06
 Reference value :  1.72714e-06
 Reference value :  1.72728e-06
 Reference value :  1.72742e-06
 Reference value :  1.72755e-06
 Reference value :  1.72769e-06
 Reference value :  1.72783e-06
 Reference value :  1.72796e-06
 Reference value :  1.72810e-06
 Reference value :  1.72823e-06
 Reference value :  1.72837e-06
 Reference value :  1.72850e-06
 Reference value :  1.72864e-06
 Reference value :  1.72877e-06
 Reference value :  1.72890e-06
 Reference value :  1.72904e-06
 Reference value :  1.72918e-06
 Reference value :  1.72931e-06
 Reference value :  1.72945e-06
 Reference value :  1.72960e-06
 Reference value :  1.72978e-06
 Reference value :  1.72994e-06
 Reference value :  1.73011e-06
 Reference value :  1.73026e-06
 Reference value :  1.73042e-06
 Reference value :  1.73057e-06
 Reference value :  1.73071e-06
 Reference value :  1.73085e-06
 Reference value :  1.73100e-06
 Reference value :  1.73114e-06
 Reference value :  1.73129e-06
 Reference value :  1.73146e-06
 Reference value :  1.73161e-06
 Reference value :  1.73175e-06
 Reference value :  1.73190e-06
 Reference value :  1.73204e-06
 Reference value :  1.73218e-06
 Reference value :  1.73232e-06
 Reference value :  1.73246e-06
 Reference value :  1.73260e-06
 Reference value :  1.73274e-06
 Reference value :  1.73289e-06
 Reference value :  1.73304e-06
 Reference value :  1.73318e-06
 Reference value :  1.73334e-06
 Reference value :  1.73350e-06
 Reference value :  1.73366e-06
 Reference value :  1.73382e-06
 Reference value :  1.73396e-06
 Reference value :  1.73410e-06
 Reference value :  1.73426e-06
 Reference value :  1.73440e-06
 Reference value :  1.73456e-06
 Reference value :  1.73472e-06
 Reference value :  1.73488e-06
 Reference value :  1.73503e-06
 Reference value :  1.73518e-06
 Reference value :  1.73532e-06
 Reference value :  1.73548e-06
 Reference value :  1.73562e-06
 Reference value :  1.73575e-06
 Reference value :  1.73590e-06
 Reference value :  1.73605e-06
 Reference value :  1.73618e-06
 Reference value :  1.73632e-06
 Reference value :  1.73648e-06
 Reference value :  1.73661e-06
 Reference value :  1.73674e-06
 Reference value :  1.73688e-06
 Reference value :  1.73702e-06
 Reference value :  1.73715e-06
 Reference value :  1.73729e-06
 Reference value :  1.73743e-06
 Reference value :  1.73756e-06
 Reference value :  1.73770e-06
 Reference value :  1.73783e-06
 Reference value :  1.73798e-06
 Reference value :  1.73812e-06
 Reference value :  1.73825e-06
 Reference value :  1.73839e-06
 Reference value :  1.73854e-06
 Reference value :  1.73868e-06
 Reference value :  1.73881e-06
 Reference value :  1.73895e-06
 Reference value :  1.73908e-06
 Reference value :  1.73922e-06
 Reference value :  1.73936e-06
 Reference value :  1.73950e-06
 Reference value :  1.73964e-06
 Reference value :  1.73978e-06
 Reference value :  1.73992e-06
 Reference value :  1.74005e-06
 Reference value :  1.74019e-06
 Reference value :  1.74033e-06
 Reference value :  1.74047e-06
 Reference value :  1.74061e-06
 Reference value :  1.74075e-06
 Reference value :  1.74088e-06
 Reference value :  1.74101e-06
 Reference value :  1.74115e-06
 Reference value :  1.74129e-06
 Reference value :  1.74142e-06
 Reference value :  1.74157e-06
 Reference value :  1.74171e-06
 Reference value :  1.74184e-06
 Reference value :  1.74198e-06
 Reference value :  1.74212e-06
 Reference value :  1.74226e-06
 Reference value :  1.74239e-06
 Reference value :  1.74253e-06
 Reference value :  1.74267e-06
 Reference value :  1.74280e-06
 Reference value :  1.74294e-06
 Reference value :  1.74307e-06
 Reference value :  1.74321e-06
 Reference value :  1.74335e-06
 Reference value :  1.74349e-06
 Reference value :  1.74363e-06
 Reference value :  1.74376e-06
 Reference value :  1.74390e-06
 Reference value :  1.74405e-06
 Reference value :  1.74418e-06
 Reference value :  1.74431e-06
 Reference value :  1.74446e-06
 Reference value :  1.74459e-06
 Reference value :  1.74472e-06
 Reference value :  1.74486e-06
 Reference value :  1.74500e-06
 Reference value :  1.74514e-06
 Reference value :  1.74527e-06
 Reference value :  1.74541e-06
 Reference value :  1.74554e-06
 Reference value :  1.74568e-06
 Reference value :  1.74582e-06
 Reference value :  1.74595e-06
 Reference value :  1.74609e-06
 Reference value :  1.74623e-06
 Reference value :  1.74637e-06
 Reference value :  1.74652e-06
 Reference value :  1.74667e-06
 Reference value :  1.74681e-06
 Reference value :  1.74695e-06
 Reference value :  1.74709e-06
 Reference value :  1.74722e-06
 Reference value :  1.74735e-06
 Reference value :  1.74750e-06
 Reference value :  1.74766e-06
 Reference value :  1.74779e-06
 Reference value :  1.74793e-06
 Reference value :  1.74807e-06
 Reference value :  1.74820e-06
 Reference value :  1.74834e-06
 Reference value :  1.74849e-06
 Reference value :  1.74862e-06
 Reference value :  1.74876e-06
 Reference value :  1.74890e-06
 Reference value :  1.74903e-06
 Reference value :  1.74917e-06
 Reference value :  1.74930e-06
 Reference value :  1.74944e-06
 Reference value :  1.74958e-06
 Reference value :  1.74971e-06
 Reference value :  1.74986e-06
 Reference value :  1.75000e-06
 Reference value :  1.75014e-06
 Reference value :  1.75027e-06
 Reference value :  1.75041e-06
 Reference value :  1.75055e-06
 Reference value :  1.75069e-06
 Reference value :  1.75083e-06
 Reference value :  1.75097e-06
 Reference value :  1.75112e-06
 Reference value :  1.75127e-06
 Reference value :  1.75141e-06
 Reference value :  1.75154e-06
 Reference value :  1.75168e-06
 Reference value :  1.75181e-06
 Reference value :  1.75196e-06
 Reference value :  1.75209e-06
 Reference value :  1.75223e-06
 Reference value :  1.75237e-06
 Reference value :  1.75251e-06
 Reference value :  1.75265e-06
 Reference value :  1.75280e-06
 Reference value :  1.75294e-06
 Reference value :  1.75307e-06
 Reference value :  1.75321e-06
 Reference value :  1.75336e-06
 Reference value :  1.75350e-06
 Reference value :  1.75364e-06
 Reference value :  1.75378e-06
 Reference value :  1.75392e-06
 Reference value :  1.75406e-06
 Reference value :  1.75421e-06
 Reference value :  1.75435e-06
 Reference value :  1.75449e-06
 Reference value :  1.75462e-06
 Reference value :  1.75477e-06
 Reference value :  1.75491e-06
 Reference value :  1.75506e-06
 Reference value :  1.75520e-06
 Reference value :  1.75533e-06
 Reference value :  1.75550e-06
 Reference value :  1.75564e-06
 Reference value :  1.75578e-06
 Reference value :  1.75592e-06
 Reference value :  1.75606e-06
 Reference value :  1.75620e-06
 Reference value :  1.75636e-06
 Reference value :  1.75649e-06
 Reference value :  1.75662e-06
 Reference value :  1.75676e-06
 Reference value :  1.75689e-06
 Reference value :  1.75703e-06
 Reference value :  1.75716e-06
 Reference value :  1.75730e-06
 Reference value :  1.75744e-06
 Reference value :  1.75758e-06
 Reference value :  1.75772e-06
 Reference value :  1.75786e-06
 Reference value :  1.75800e-06
 Reference value :  1.75815e-06
 Reference value :  1.75829e-06
 Reference value :  1.75843e-06
 Reference value :  1.75857e-06
 Reference value :  1.75871e-06
 Reference value :  1.75884e-06
 Reference value :  1.75898e-06
 Reference value :  1.75913e-06
 Reference value :  1.75926e-06
 Reference value :  1.75942e-06
 Reference value :  1.75956e-06
 Reference value :  1.75970e-06
 Reference value :  1.75983e-06
 Reference value :  1.75996e-06
 Reference value :  1.76009e-06
 Reference value :  1.76023e-06
 Reference value :  1.76036e-06
 Reference value :  1.76049e-06
 Reference value :  1.76064e-06
 Reference value :  1.76078e-06
 Reference value :  1.76092e-06
 Reference value :  1.76105e-06
 Reference value :  1.76119e-06
 Reference value :  1.76133e-06
 Reference value :  1.76147e-06
 Reference value :  1.76161e-06
 Reference value :  1.76175e-06
 Reference value :  1.76188e-06
 Reference value :  1.76201e-06
 Reference value :  1.76215e-06
 Reference value :  1.76230e-06
 Reference value :  1.76243e-06
 Reference value :  1.76259e-06
 Reference value :  1.76276e-06
 Reference value :  1.76289e-06
 Reference value :  1.76304e-06
 Reference value :  1.76318e-06
 Reference value :  1.76332e-06
 Reference value :  1.76346e-06
 Reference value :  1.76359e-06
 Reference value :  1.76373e-06
 Reference value :  1.76387e-06
 Reference value :  1.76400e-06
 Reference value :  1.76414e-06
 Reference value :  1.76428e-06
 Reference value :  1.76441e-06
 Reference value :  1.76454e-06
 Reference value :  1.76467e-06
 Reference value :  1.76481e-06
 Reference value :  1.76495e-06
 Reference value :  1.76508e-06
 Reference value :  1.76522e-06
 Reference value :  1.76535e-06
 Reference value :  1.76550e-06
 Reference value :  1.76563e-06
 Reference value :  1.76577e-06
 Reference value :  1.76591e-06
 Reference value :  1.76604e-06
 Reference value :  1.76617e-06
 Reference value :  1.76631e-06
 Reference value :  1.76644e-06
 Reference value :  1.76657e-06
 Reference value :  1.76671e-06
 Reference value :  1.76686e-06
 Reference value :  1.76699e-06
 Reference value :  1.76713e-06
 Reference value :  1.76727e-06
 Reference value :  1.76741e-06
 Reference value :  1.76754e-06
 Reference value :  1.76768e-06
 Reference value :  1.76781e-06
 Reference value :  1.76795e-06
 Reference value :  1.76809e-06
 Reference value :  1.76823e-06
 Reference value :  1.76837e-06
 Reference value :  1.76851e-06
 Reference value :  1.76865e-06
 Reference value :  1.76879e-06
 Reference value :  1.76892e-06
 Reference value :  1.76906e-06
 Reference value :  1.76920e-06
 Reference value :  1.76933e-06
 Reference value :  1.76947e-06
 Reference value :  1.76961e-06
 Reference value :  1.76974e-06
 Reference value :  1.76990e-06
 Reference value :  1.77004e-06
 Reference value :  1.77018e-06
 Reference value :  1.77032e-06
 Reference value :  1.77047e-06
 Reference value :  1.77060e-06
 Reference value :  1.77074e-06
 Reference value :  1.77087e-06
 Reference value :  1.77100e-06
 Reference value :  1.77114e-06
 Reference value :  1.77128e-06
 Reference value :  1.77142e-06
 Reference value :  1.77156e-06
 Reference value :  1.77170e-06
 Reference value :  1.77183e-06
 Reference value :  1.77197e-06
 Reference value :  1.77211e-06
 Reference value :  1.77225e-06
 Reference value :  1.77238e-06
 Reference value :  1.77252e-06
 Reference value :  1.77265e-06
 Reference value :  1.77280e-06
 Reference value :  1.77293e-06
 Reference value :  1.77308e-06
 Reference value :  1.77321e-06
 Reference value :  1.77335e-06
 Reference value :  1.77349e-06
 Reference value :  1.77363e-06
 Reference value :  1.77378e-06
 Reference value :  1.77392e-06
 Reference value :  1.77406e-06
 Reference value :  1.77420e-06
 Reference value :  1.77434e-06
 Reference value :  1.77447e-06
 Reference value :  1.77462e-06
 Reference value :  1.77476e-06
 Reference value :  1.77490e-06
 Reference value :  1.77504e-06
 Reference value :  1.77517e-06
 Reference value :  1.77531e-06
 Reference value :  1.77550e-06
 Reference value :  1.77570e-06
 Reference value :  1.77584e-06
 Reference value :  1.77599e-06
 Reference value :  1.77614e-06
 Reference value :  1.77627e-06
 Reference value :  1.77640e-06
 Reference value :  1.77654e-06
 Reference value :  1.77668e-06
 Reference value :  1.77681e-06
 Reference value :  1.77694e-06
 Reference value :  1.77708e-06
 Reference value :  1.77722e-06
 Reference value :  1.77735e-06
 Reference value :  1.77749e-06
 Reference value :  1.77765e-06
 Reference value :  1.77780e-06
 Reference value :  1.77796e-06
 Reference value :  1.77812e-06
 Reference value :  1.77828e-06
 Reference value :  1.77845e-06
 Reference value :  1.77862e-06
 Reference value :  1.77879e-06
 Reference value :  1.77896e-06
 Reference value :  1.77911e-06
 Reference value :  1.77927e-06
 Reference value :  1.77943e-06
 Reference value :  1.77960e-06
 Reference value :  1.77977e-06
 Reference value :  1.77993e-06
 Reference value :  1.78012e-06
 Reference value :  1.78028e-06
 Reference value :  1.78043e-06
 Reference value :  1.78059e-06
 Reference value :  1.78076e-06
 Reference value :  1.78091e-06
 Reference value :  1.78108e-06
 Reference value :  1.78122e-06
 Reference value :  1.78138e-06
 Reference value :  1.78155e-06
 Reference value :  1.78171e-06
 Reference value :  1.78187e-06
 Reference value :  1.78205e-06
 Reference value :  1.78219e-06
 Reference value :  1.78233e-06
 Reference value :  1.78248e-06
 Reference value :  1.78262e-06
 Reference value :  1.78278e-06
 Reference value :  1.78293e-06
 Reference value :  1.78308e-06
 Reference value :  1.78323e-06
 Reference value :  1.78337e-06
 Reference value :  1.78352e-06
 Reference value :  1.78366e-06
 Reference value :  1.78379e-06
 Reference value :  1.78393e-06
 Reference value :  1.78406e-06
 Reference value :  1.78421e-06
 Reference value :  1.78435e-06
 Reference value :  1.78448e-06
 Reference value :  1.78464e-06
 Reference value :  1.78477e-06
 Reference value :  1.78491e-06
 Reference value :  1.78505e-06
 Reference value :  1.78521e-06
 Reference value :  1.78534e-06
 Reference value :  1.78548e-06
 Reference value :  1.78561e-06
 Reference value :  1.78576e-06
 Reference value :  1.78593e-06
 Reference value :  1.78611e-06
 Reference value :  1.78629e-06
 Reference value :  1.78645e-06
 Reference value :  1.78659e-06
 Reference value :  1.78673e-06
 Reference value :  1.78686e-06
 Reference value :  1.78700e-06
 Reference value :  1.78714e-06
 Reference value :  1.78729e-06
 Reference value :  1.78744e-06
 Reference value :  1.78758e-06
 Reference value :  1.78771e-06
 Reference value :  1.78785e-06
 Reference value :  1.78799e-06
 Reference value :  1.78814e-06
 Reference value :  1.78827e-06
 Reference value :  1.78841e-06
 Reference value :  1.78856e-06
 Reference value :  1.78870e-06
 Reference value :  1.78884e-06
 Reference value :  1.78898e-06
 Reference value :  1.78912e-06
 Reference value :  1.78926e-06
 Reference value :  1.78941e-06
 Reference value :  1.78955e-06
 Reference value :  1.78969e-06
 Reference value :  1.78983e-06
 Reference value :  1.78997e-06
 Reference value :  1.79012e-06
 Reference value :  1.79026e-06
 Reference value :  1.79041e-06
 Reference value :  1.79056e-06
 Reference value :  1.79071e-06
 Reference value :  1.79084e-06
 Reference value :  1.79098e-06
 Reference value :  1.79112e-06
 Reference value :  1.79127e-06
 Reference value :  1.79140e-06
 Reference value :  1.79154e-06
 Reference value :  1.79169e-06
 Reference value :  1.79184e-06
 Reference value :  1.79197e-06
 Reference value :  1.79211e-06
 Reference value :  1.79225e-06
 Reference value :  1.79238e-06
 Reference value :  1.79254e-06
 Reference value :  1.79269e-06
 Reference value :  1.79283e-06
 Reference value :  1.79297e-06
 Reference value :  1.79310e-06
 Reference value :  1.79324e-06
 Reference value :  1.79338e-06
 Reference value :  1.79352e-06
 Reference value :  1.79367e-06
 Reference value :  1.79381e-06
 Reference value :  1.79395e-06
 Reference value :  1.79409e-06
 Reference value :  1.79422e-06
 Reference value :  1.79436e-06
 Reference value :  1.79450e-06
 Reference value :  1.79463e-06
 Reference value :  1.79477e-06
 Reference value :  1.79490e-06
 Reference value :  1.79504e-06
 Reference value :  1.79517e-06
 Reference value :  1.79531e-06
 Reference value :  1.79544e-06
 Reference value :  1.79557e-06
 Reference value :  1.79571e-06
 Reference value :  1.79584e-06
 Reference value :  1.79598e-06
 Reference value :  1.79612e-06
 Reference value :  1.79625e-06
 Reference value :  1.79638e-06
 Reference value :  1.79652e-06
 Reference value :  1.79666e-06
 Reference value :  1.79680e-06
 Reference value :  1.79694e-06
 Reference value :  1.79708e-06
 Reference value :  1.79722e-06
 Reference value :  1.79737e-06
 Reference value :  1.79750e-06
 Reference value :  1.79764e-06
 Reference value :  1.79778e-06
 Reference value :  1.79792e-06
 Reference value :  1.79806e-06
 Reference value :  1.79820e-06
 Reference value :  1.79834e-06
 Reference value :  1.79848e-06
 Reference value :  1.79864e-06
 Reference value :  1.79878e-06
 Reference value :  1.79892e-06
 Reference value :  1.79905e-06
 Reference value :  1.79919e-06
 Reference value :  1.79933e-06
 Reference value :  1.79946e-06
 Reference value :  1.79960e-06
 Reference value :  1.79974e-06
 Reference value :  1.79987e-06
 Reference value :  1.80000e-06
 Reference value :  1.80014e-06
 Reference value :  1.80028e-06
 Reference value :  1.80042e-06
 Reference value :  1.80056e-06
 Reference value :  1.80070e-06
 Reference value :  1.80083e-06
 Reference value :  1.80098e-06
 Reference value :  1.80111e-06
 Reference value :  1.80124e-06
 Reference value :  1.80138e-06
 Reference value :  1.80153e-06
 Reference value :  1.80167e-06
 Reference value :  1.80181e-06
 Reference value :  1.80195e-06
 Reference value :  1.80208e-06
 Reference value :  1.80222e-06
 Reference value :  1.80235e-06
 Reference value :  1.80249e-06
 Reference value :  1.80262e-06
 Reference value :  1.80276e-06
 Reference value :  1.80289e-06
 Reference value :  1.80302e-06
 Reference value :  1.80315e-06
 Reference value :  1.80328e-06
 Reference value :  1.80341e-06
 Reference value :  1.80355e-06
 Reference value :  1.80368e-06
 Reference value :  1.80381e-06
 Reference value :  1.80395e-06
 Reference value :  1.80408e-06
 Reference value :  1.80421e-06
 Reference value :  1.80435e-06
 Reference value :  1.80448e-06
 Reference value :  1.80462e-06
 Reference value :  1.80475e-06
 Reference value :  1.80489e-06
 Reference value :  1.80502e-06
 Reference value :  1.80515e-06
 Reference value :  1.80529e-06
 Reference value :  1.80543e-06
 Reference value :  1.80556e-06
 Reference value :  1.80570e-06
 Reference value :  1.80586e-06
 Reference value :  1.80604e-06
 Reference value :  1.80620e-06
 Reference value :  1.80636e-06
 Reference value :  1.80652e-06
 Reference value :  1.80666e-06
 Reference value :  1.80679e-06
 Reference value :  1.80693e-06
 Reference value :  1.80706e-06
 Reference value :  1.80719e-06
 Reference value :  1.80732e-06
 Reference value :  1.80746e-06
 Reference value :  1.80759e-06
 Reference value :  1.80773e-06
 Reference value :  1.80786e-06
 Reference value :  1.80800e-06
 Reference value :  1.80814e-06
 Reference value :  1.80828e-06
 Reference value :  1.80841e-06
 Reference value :  1.80855e-06
 Reference value :  1.80869e-06
 Reference value :  1.80883e-06
 Reference value :  1.80897e-06
 Reference value :  1.80910e-06
 Reference value :  1.80924e-06
 Reference value :  1.80937e-06
 Reference value :  1.80951e-06
 Reference value :  1.80964e-06
 Reference value :  1.80977e-06
 Reference value :  1.80991e-06
 Reference value :  1.81004e-06
 Reference value :  1.81018e-06
 Reference value :  1.81032e-06
 Reference value :  1.81045e-06
 Reference value :  1.81058e-06
 Reference value :  1.81073e-06
 Reference value :  1.81086e-06
 Reference value :  1.81100e-06
 Reference value :  1.81115e-06
 Reference value :  1.81132e-06
 Reference value :  1.81148e-06
 Reference value :  1.81164e-06
 Reference value :  1.81181e-06
 Reference value :  1.81197e-06
 Reference value :  1.81211e-06
 Reference value :  1.81224e-06
 Reference value :  1.81239e-06
 Reference value :  1.81253e-06
 Reference value :  1.81267e-06
 Reference value :  1.81284e-06
 Reference value :  1.81301e-06
 Reference value :  1.81317e-06
 Reference value :  1.81333e-06
 Reference value :  1.81349e-06
 Reference value :  1.81366e-06
 Reference value :  1.81382e-06
 Reference value :  1.81397e-06
 Reference value :  1.81416e-06
 Reference value :  1.81432e-06
 Reference value :  1.81449e-06
 Reference value :  1.81464e-06
 Reference value :  1.81479e-06
 Reference value :  1.81495e-06
 Reference value :  1.81512e-06
 Reference value :  1.81528e-06
 Reference value :  1.81546e-06
 Reference value :  1.81562e-06
 Reference value :  1.81576e-06
 Reference value :  1.81591e-06
 Reference value :  1.81608e-06
 Reference value :  1.81623e-06
 Reference value :  1.81638e-06
 Reference value :  1.81652e-06
 Reference value :  1.81666e-06
 Reference value :  1.81679e-06
 Reference value :  1.81694e-06
 Reference value :  1.81707e-06
 Reference value :  1.81721e-06
 Reference value :  1.81735e-06
 Reference value :  1.81748e-06
 Reference value :  1.81762e-06
 Reference value :  1.81776e-06
 Reference value :  1.81793e-06
 Reference value :  1.81812e-06
 Reference value :  1.81829e-06
 Reference value :  1.81845e-06
 Reference value :  1.81862e-06
 Reference value :  1.81879e-06
 Reference value :  1.81895e-06
 Reference value :  1.81910e-06
 Reference value :  1.81925e-06
 Reference value :  1.81941e-06
 Reference value :  1.81955e-06
 Reference value :  1.81969e-06
 Reference value :  1.81983e-06
 Reference value :  1.81997e-06
 Reference value :  1.82012e-06
 Reference value :  1.82027e-06
 Reference value :  1.82043e-06
 Reference value :  1.82059e-06
 Reference value :  1.82075e-06
 Reference value :  1.82092e-06
 Reference value :  1.82107e-06
 Reference value :  1.82123e-06
 Reference value :  1.82140e-06
 Reference value :  1.82159e-06
 Reference value :  1.82176e-06
 Reference value :  1.82192e-06
 Reference value :  1.82209e-06
 Reference value :  1.82230e-06
 Reference value :  1.82249e-06
 Reference value :  1.82267e-06
 Reference value :  1.82287e-06
 Reference value :  1.82302e-06
 Reference value :  1.82317e-06
 Reference value :  1.82331e-06
 Reference value :  1.82345e-06
 Reference value :  1.82359e-06
 Reference value :  1.82376e-06
 Reference value :  1.82390e-06
 Reference value :  1.82405e-06
 Reference value :  1.82420e-06
 Reference value :  1.82436e-06
 Reference value :  1.82453e-06
 Reference value :  1.82473e-06
 Reference value :  1.82488e-06
 Reference value :  1.82504e-06
 Reference value :  1.82522e-06
 Reference value :  1.82539e-06
 Reference value :  1.82553e-06
 Reference value :  1.82569e-06
 Reference value :  1.82585e-06
 Reference value :  1.82600e-06
 Reference value :  1.82616e-06
 Reference value :  1.82638e-06
 Reference value :  1.82656e-06
 Reference value :  1.82674e-06
 Reference value :  1.82691e-06
 Reference value :  1.82713e-06
 Reference value :  1.82734e-06
 Reference value :  1.82749e-06
 Reference value :  1.82763e-06
 Reference value :  1.82780e-06
 Reference value :  1.82802e-06
 Reference value :  1.82817e-06
 Reference value :  1.82831e-06
 Reference value :  1.82852e-06
 Reference value :  1.82867e-06
 Reference value :  1.82881e-06
 Reference value :  1.82897e-06
 Reference value :  1.82912e-06
 Reference value :  1.82926e-06
 Reference value :  1.82940e-06
 Reference value :  1.82953e-06
 Reference value :  1.82967e-06
 Reference value :  1.82981e-06
 Reference value :  1.82994e-06
 Reference value :  1.83007e-06
 Reference value :  1.83024e-06
 Reference value :  1.83039e-06
 Reference value :  1.83057e-06
 Reference value :  1.83075e-06
 Reference value :  1.83093e-06
 Reference value :  1.83114e-06
 Reference value :  1.83130e-06
 Reference value :  1.83144e-06
 Reference value :  1.83158e-06
 Reference value :  1.83172e-06
 Reference value :  1.83188e-06
 Reference value :  1.83203e-06
 Reference value :  1.83219e-06
 Reference value :  1.83235e-06
 Reference value :  1.83250e-06
 Reference value :  1.83266e-06
 Reference value :  1.83281e-06
 Reference value :  1.83297e-06
 Reference value :  1.83312e-06
 Reference value :  1.83327e-06
 Reference value :  1.83342e-06
 Reference value :  1.83359e-06
 Reference value :  1.83375e-06
 Reference value :  1.83392e-06
 Reference value :  1.83407e-06
 Reference value :  1.83423e-06
 Reference value :  1.83438e-06
 Reference value :  1.83454e-06
 Reference value :  1.83469e-06
 Reference value :  1.83484e-06
 Reference value :  1.83500e-06
 Reference value :  1.83517e-06
 Reference value :  1.83532e-06
 Reference value :  1.83547e-06
 Reference value :  1.83563e-06
 Reference value :  1.83579e-06
 Reference value :  1.83594e-06
 Reference value :  1.83610e-06
 Reference value :  1.83628e-06
 Reference value :  1.83646e-06
 Reference value :  1.83664e-06
 Reference value :  1.83682e-06
 Reference value :  1.83700e-06
 Reference value :  1.83715e-06
 Reference value :  1.83732e-06
 Reference value :  1.83748e-06
 Reference value :  1.83765e-06
 Reference value :  1.83782e-06
 Reference value :  1.83797e-06
 Reference value :  1.83813e-06
 Reference value :  1.83828e-06
 Reference value :  1.83844e-06
 Reference value :  1.83859e-06
 Reference value :  1.83874e-06
 Reference value :  1.83890e-06
 Reference value :  1.83907e-06
 Reference value :  1.83923e-06
 Reference value :  1.83938e-06
 Reference value :  1.83954e-06
 Reference value :  1.83971e-06
 Reference value :  1.83986e-06
 Reference value :  1.84001e-06
 Reference value :  1.84017e-06
 Reference value :  1.84035e-06
 Reference value :  1.84054e-06
 Reference value :  1.84071e-06
 Reference value :  1.84090e-06
 Reference value :  1.84108e-06
 Reference value :  1.84125e-06
 Reference value :  1.84144e-06
 Reference value :  1.84161e-06
 Reference value :  1.84178e-06
 Reference value :  1.84195e-06
 Reference value :  1.84212e-06
 Reference value :  1.84228e-06
 Reference value :  1.84242e-06
 Reference value :  1.84257e-06
 Reference value :  1.84271e-06
 Reference value :  1.84285e-06
 Reference value :  1.84303e-06
 Reference value :  1.84323e-06
 Reference value :  1.84337e-06
 Reference value :  1.84351e-06
 Reference value :  1.84366e-06
 Reference value :  1.84381e-06
 Reference value :  1.84397e-06
 Reference value :  1.84415e-06
 Reference value :  1.84432e-06
 Reference value :  1.84452e-06
 Reference value :  1.84470e-06
 Reference value :  1.84486e-06
 Reference value :  1.84501e-06
 Reference value :  1.84518e-06
 Reference value :  1.84534e-06
 Reference value :  1.84550e-06
 Reference value :  1.84568e-06
 Reference value :  1.84585e-06
 Reference value :  1.84601e-06
 Reference value :  1.84617e-06
 Reference value :  1.84632e-06
 Reference value :  1.84647e-06
 Reference value :  1.84664e-06
 Reference value :  1.84680e-06
 Reference value :  1.84697e-06
 Reference value :  1.84714e-06
 Reference value :  1.84732e-06
 Reference value :  1.84749e-06
 Reference value :  1.84772e-06
 Reference value :  1.84795e-06
 Reference value :  1.84816e-06
 Reference value :  1.84839e-06
 Reference value :  1.84864e-06
 Reference value :  1.84886e-06
 Reference value :  1.84910e-06
 Reference value :  1.84934e-06
 Reference value :  1.84959e-06
 Reference value :  1.84983e-06
 Reference value :  1.85002e-06
 Reference value :  1.85016e-06
 Reference value :  1.85032e-06
 Reference value :  1.85048e-06
 Reference value :  1.85064e-06
 Reference value :  1.85078e-06
 Reference value :  1.85092e-06
 Reference value :  1.85105e-06
 Reference value :  1.85121e-06
 Reference value :  1.85136e-06
 Reference value :  1.85153e-06
 Reference value :  1.85169e-06
 Reference value :  1.85187e-06
 Reference value :  1.85203e-06
 Reference value :  1.85220e-06
 Reference value :  1.85237e-06
 Reference value :  1.85253e-06
 Reference value :  1.85269e-06
 Reference value :  1.85286e-06
 Reference value :  1.85301e-06
 Reference value :  1.85319e-06
 Reference value :  1.85335e-06
 Reference value :  1.85352e-06
 Reference value :  1.85368e-06
 Reference value :  1.85383e-06
 Reference value :  1.85397e-06
 Reference value :  1.85412e-06
 Reference value :  1.85431e-06
 Reference value :  1.85445e-06
 Reference value :  1.85460e-06
 Reference value :  1.85476e-06
 Reference value :  1.85491e-06
 Reference value :  1.85507e-06
 Reference value :  1.85523e-06
 Reference value :  1.85537e-06
 Reference value :  1.85552e-06
 Reference value :  1.85567e-06
 Reference value :  1.85582e-06
 Reference value :  1.85598e-06
 Reference value :  1.85614e-06
 Reference value :  1.85631e-06
 Reference value :  1.85650e-06
 Reference value :  1.85666e-06
 Reference value :  1.85682e-06
 Reference value :  1.85700e-06
 Reference value :  1.85717e-06
 Reference value :  1.85734e-06
 Reference value :  1.85750e-06
 Reference value :  1.85766e-06
 Reference value :  1.85783e-06
 Reference value :  1.85798e-06
 Reference value :  1.85816e-06
 Reference value :  1.85833e-06
 Reference value :  1.85850e-06
 Reference value :  1.85867e-06
 Reference value :  1.85884e-06
 Reference value :  1.85900e-06
 Reference value :  1.85916e-06
 Reference value :  1.85933e-06
 Reference value :  1.85947e-06
 Reference value :  1.85965e-06
 Reference value :  1.85982e-06
 Reference value :  1.85999e-06
 Reference value :  1.86016e-06
 Reference value :  1.86031e-06
 Reference value :  1.86048e-06
 Reference value :  1.86065e-06
 Reference value :  1.86082e-06
 Reference value :  1.86098e-06
 Reference value :  1.86116e-06
 Reference value :  1.86138e-06
 Reference value :  1.86166e-06
 Reference value :  1.86187e-06
 Reference value :  1.86211e-06
 Reference value :  1.86236e-06
 Reference value :  1.86263e-06
 Reference value :  1.86280e-06
 Reference value :  1.86298e-06
 Reference value :  1.86316e-06
 Reference value :  1.86334e-06
 Reference value :  1.86352e-06
 Reference value :  1.86369e-06
 Reference value :  1.86387e-06
 Reference value :  1.86404e-06
 Reference value :  1.86423e-06
 Reference value :  1.86440e-06
 Reference value :  1.86458e-06
 Reference value :  1.86477e-06
 Reference value :  1.86493e-06
 Reference value :  1.86516e-06
 Reference value :  1.86536e-06
 Reference value :  1.86552e-06
 Reference value :  1.86569e-06
 Reference value :  1.86584e-06
 Reference value :  1.86600e-06
 Reference value :  1.86616e-06
 Reference value :  1.86631e-06
 Reference value :  1.86647e-06
 Reference value :  1.86664e-06
 Reference value :  1.86681e-06
 Reference value :  1.86706e-06
 Reference value :  1.86725e-06
 Reference value :  1.86742e-06
 Reference value :  1.86759e-06
 Reference value :  1.86778e-06
 Reference value :  1.86795e-06
 Reference value :  1.86813e-06
 Reference value :  1.86832e-06
 Reference value :  1.86848e-06
 Reference value :  1.86864e-06
 Reference value :  1.86880e-06
 Reference value :  1.86895e-06
 Reference value :  1.86912e-06
 Reference value :  1.86928e-06
 Reference value :  1.86947e-06
 Reference value :  1.86964e-06
 Reference value :  1.86981e-06
 Reference value :  1.86998e-06
 Reference value :  1.87017e-06
 Reference value :  1.87035e-06
 Reference value :  1.87052e-06
 Reference value :  1.87068e-06
 Reference value :  1.87086e-06
 Reference value :  1.87103e-06
 Reference value :  1.87119e-06
 Reference value :  1.87136e-06
 Reference value :  1.87151e-06
 Reference value :  1.87167e-06
 Reference value :  1.87184e-06
 Reference value :  1.87200e-06
 Reference value :  1.87216e-06
 Reference value :  1.87231e-06
 Reference value :  1.87246e-06
 Reference value :  1.87262e-06
 Reference value :  1.87277e-06
 Reference value :  1.87294e-06
 Reference value :  1.87311e-06
 Reference value :  1.87328e-06
 Reference value :  1.87344e-06
 Reference value :  1.87361e-06
 Reference value :  1.87377e-06
 Reference value :  1.87393e-06
 Reference value :  1.87408e-06
 Reference value :  1.87424e-06
 Reference value :  1.87441e-06
 Reference value :  1.87458e-06
 Reference value :  1.87474e-06
 Reference value :  1.87491e-06
 Reference value :  1.87510e-06
 Reference value :  1.87527e-06
 Reference value :  1.87544e-06
 Reference value :  1.87561e-06
 Reference value :  1.87579e-06
 Reference value :  1.87596e-06
 Reference value :  1.87612e-06
 Reference value :  1.87628e-06
 Reference value :  1.87644e-06
 Reference value :  1.87660e-06
 Reference value :  1.87677e-06
 Reference value :  1.87695e-06
 Reference value :  1.87713e-06
 Reference value :  1.87731e-06
 Reference value :  1.87748e-06
 Reference value :  1.87764e-06
 Reference value :  1.87781e-06
 Reference value :  1.87798e-06
 Reference value :  1.87815e-06
 Reference value :  1.87832e-06
 Reference value :  1.87849e-06
 Reference value :  1.87866e-06
 Reference value :  1.87882e-06
 Reference value :  1.87897e-06
 Reference value :  1.87914e-06
 Reference value :  1.87931e-06
 Reference value :  1.87948e-06
 Reference value :  1.87964e-06
 Reference value :  1.87982e-06
 Reference value :  1.87999e-06
 Reference value :  1.88015e-06
 Reference value :  1.88032e-06
 Reference value :  1.88047e-06
 Reference value :  1.88062e-06
 Reference value :  1.88077e-06
 Reference value :  1.88099e-06
 Reference value :  1.88115e-06
 Reference value :  1.88131e-06
 Reference value :  1.88150e-06
 Reference value :  1.88168e-06
 Reference value :  1.88186e-06
 Reference value :  1.88204e-06
 Reference value :  1.88221e-06
 Reference value :  1.88237e-06
 Reference value :  1.88253e-06
 Reference value :  1.88271e-06
 Reference value :  1.88287e-06
 Reference value :  1.88304e-06
 Reference value :  1.88321e-06
 Reference value :  1.88338e-06
 Reference value :  1.88354e-06
 Reference value :  1.88372e-06
 Reference value :  1.88390e-06
 Reference value :  1.88408e-06
 Reference value :  1.88426e-06
 Reference value :  1.88444e-06
 Reference value :  1.88460e-06
 Reference value :  1.88478e-06
 Reference value :  1.88495e-06
 Reference value :  1.88513e-06
 Reference value :  1.88531e-06
 Reference value :  1.88548e-06
 Reference value :  1.88563e-06
 Reference value :  1.88580e-06
 Reference value :  1.88596e-06
 Reference value :  1.88611e-06
 Reference value :  1.88627e-06
 Reference value :  1.88644e-06
 Reference value :  1.88660e-06
 Reference value :  1.88678e-06
 Reference value :  1.88695e-06
 Reference value :  1.88713e-06
 Reference value :  1.88731e-06
 Reference value :  1.88747e-06
 Reference value :  1.88762e-06
 Reference value :  1.88778e-06
 Reference value :  1.88794e-06
 Reference value :  1.88811e-06
 Reference value :  1.88826e-06
 Reference value :  1.88842e-06
 Reference value :  1.88860e-06
 Reference value :  1.88876e-06
 Reference value :  1.88893e-06
 Reference value :  1.88911e-06
 Reference value :  1.88929e-06
 Reference value :  1.88947e-06
 Reference value :  1.88964e-06
 Reference value :  1.88981e-06
 Reference value :  1.88997e-06
 Reference value :  1.89014e-06
 Reference value :  1.89032e-06
 Reference value :  1.89049e-06
 Reference value :  1.89067e-06
 Reference value :  1.89083e-06
 Reference value :  1.89099e-06
 Reference value :  1.89115e-06
 Reference value :  1.89132e-06
 Reference value :  1.89147e-06
 Reference value :  1.89162e-06
 Reference value :  1.89177e-06
 Reference value :  1.89193e-06
 Reference value :  1.89208e-06
 Reference value :  1.89223e-06
 Reference value :  1.89241e-06
 Reference value :  1.89258e-06
 Reference value :  1.89273e-06
 Reference value :  1.89290e-06
 Reference value :  1.89306e-06
 Reference value :  1.89321e-06
 Reference value :  1.89337e-06
 Reference value :  1.89352e-06
 Reference value :  1.89367e-06
 Reference value :  1.89384e-06
 Reference value :  1.89400e-06
 Reference value :  1.89417e-06
 Reference value :  1.89433e-06
 Reference value :  1.89449e-06
 Reference value :  1.89467e-06
 Reference value :  1.89483e-06
 Reference value :  1.89499e-06
 Reference value :  1.89514e-06
 Reference value :  1.89530e-06
 Reference value :  1.89546e-06
 Reference value :  1.89561e-06
 Reference value :  1.89576e-06
 Reference value :  1.89591e-06
 Reference value :  1.89608e-06
 Reference value :  1.89626e-06
 Reference value :  1.89644e-06
 Reference value :  1.89661e-06
 Reference value :  1.89678e-06
 Reference value :  1.89694e-06
 Reference value :  1.89712e-06
 Reference value :  1.89729e-06
 Reference value :  1.89746e-06
 Reference value :  1.89762e-06
 Reference value :  1.89778e-06
 Reference value :  1.89794e-06
 Reference value :  1.89811e-06
 Reference value :  1.89828e-06
 Reference value :  1.89844e-06
 Reference value :  1.89859e-06
 Reference value :  1.89875e-06
 Reference value :  1.89891e-06
 Reference value :  1.89907e-06
 Reference value :  1.89922e-06
 Reference value :  1.89938e-06
 Reference value :  1.89954e-06
 Reference value :  1.89972e-06
 Reference value :  1.89988e-06
 Reference value :  1.90004e-06
 Reference value :  1.90020e-06
 Reference value :  1.90036e-06
 Reference value :  1.90051e-06
 Reference value :  1.90067e-06
 Reference value :  1.90083e-06
 Reference value :  1.90099e-06
 Reference value :  1.90115e-06
 Reference value :  1.90131e-06
 Reference value :  1.90148e-06
 Reference value :  1.90164e-06
 Reference value :  1.90180e-06
 Reference value :  1.90196e-06
 Reference value :  1.90214e-06
 Reference value :  1.90230e-06
 Reference value :  1.90249e-06
 Reference value :  1.90266e-06
 Reference value :  1.90281e-06
 Reference value :  1.90296e-06
 Reference value :  1.90313e-06
 Reference value :  1.90328e-06
 Reference value :  1.90343e-06
 Reference value :  1.90360e-06
 Reference value :  1.90376e-06
 Reference value :  1.90393e-06
 Reference value :  1.90411e-06
 Reference value :  1.90427e-06
 Reference value :  1.90444e-06
 Reference value :  1.90460e-06
 Reference value :  1.90478e-06
 Reference value :  1.90495e-06
 Reference value :  1.90513e-06
 Reference value :  1.90529e-06
 Reference value :  1.90546e-06
 Reference value :  1.90561e-06
 Reference value :  1.90577e-06
 Reference value :  1.90595e-06
 Reference value :  1.90611e-06
 Reference value :  1.90627e-06
 Reference value :  1.90643e-06
 Reference value :  1.90659e-06
 Reference value :  1.90675e-06
 Reference value :  1.90691e-06
 Reference value :  1.90709e-06
 Reference value :  1.90727e-06
 Reference value :  1.90744e-06
 Reference value :  1.90762e-06
 Reference value :  1.90779e-06
 Reference value :  1.90797e-06
 Reference value :  1.90815e-06
 Reference value :  1.90831e-06
 Reference value :  1.90848e-06
 Reference value :  1.90864e-06
 Reference value :  1.90880e-06
 Reference value :  1.90896e-06
 Reference value :  1.90911e-06
 Reference value :  1.90926e-06
 Reference value :  1.90942e-06
 Reference value :  1.90957e-06
 Reference value :  1.90973e-06
 Reference value :  1.90989e-06
 Reference value :  1.91004e-06
 Reference value :  1.91019e-06
 Reference value :  1.91035e-06
 Reference value :  1.91050e-06
 Reference value :  1.91067e-06
 Reference value :  1.91082e-06
 Reference value :  1.91097e-06
 Reference value :  1.91113e-06
 Reference value :  1.91128e-06
 Reference value :  1.91143e-06
 Reference value :  1.91159e-06
 Reference value :  1.91175e-06
 Reference value :  1.91191e-06
 Reference value :  1.91208e-06
 Reference value :  1.91227e-06
 Reference value :  1.91244e-06
 Reference value :  1.91263e-06
 Reference value :  1.91281e-06
 Reference value :  1.91297e-06
 Reference value :  1.91313e-06
 Reference value :  1.91329e-06
 Reference value :  1.91344e-06
 Reference value :  1.91359e-06
 Reference value :  1.91375e-06
 Reference value :  1.91393e-06
 Reference value :  1.91410e-06
 Reference value :  1.91426e-06
 Reference value :  1.91442e-06
 Reference value :  1.91459e-06
 Reference value :  1.91474e-06
 Reference value :  1.91490e-06
 Reference value :  1.91505e-06
 Reference value :  1.91520e-06
 Reference value :  1.91536e-06
 Reference value :  1.91551e-06
 Reference value :  1.91567e-06
 Reference value :  1.91582e-06
 Reference value :  1.91598e-06
 Reference value :  1.91612e-06
 Reference value :  1.91628e-06
 Reference value :  1.91642e-06
 Reference value :  1.91657e-06
 Reference value :  1.91672e-06
 Reference value :  1.91687e-06
 Reference value :  1.91702e-06
 Reference value :  1.91717e-06
 Reference value :  1.91733e-06
 Reference value :  1.91749e-06
 Reference value :  1.91764e-06
 Reference value :  1.91780e-06
 Reference value :  1.91795e-06
 Reference value :  1.91810e-06
 Reference value :  1.91826e-06
 Reference value :  1.91842e-06
 Reference value :  1.91858e-06
 Reference value :  1.91874e-06
 Reference value :  1.91889e-06
 Reference value :  1.91905e-06
 Reference value :  1.91920e-06
 Reference value :  1.91936e-06
 Reference value :  1.91952e-06
 Reference value :  1.91967e-06
 Reference value :  1.91981e-06
 Reference value :  1.91998e-06
 Reference value :  1.92014e-06
 Reference value :  1.92031e-06
 Reference value :  1.92047e-06
 Reference value :  1.92064e-06
 Reference value :  1.92080e-06
 Reference value :  1.92095e-06
 Reference value :  1.92111e-06
 Reference value :  1.92127e-06
 Reference value :  1.92144e-06
 Reference value :  1.92158e-06
 Reference value :  1.92174e-06
 Reference value :  1.92190e-06
 Reference value :  1.92208e-06
 Reference value :  1.92226e-06
 Reference value :  1.92241e-06
 Reference value :  1.92256e-06
 Reference value :  1.92273e-06
 Reference value :  1.92290e-06
 Reference value :  1.92305e-06
 Reference value :  1.92320e-06
 Reference value :  1.92337e-06
 Reference value :  1.92351e-06
 Reference value :  1.92368e-06
 Reference value :  1.92384e-06
 Reference value :  1.92399e-06
 Reference value :  1.92415e-06
 Reference value :  1.92430e-06
 Reference value :  1.92445e-06
 Reference value :  1.92462e-06
 Reference value :  1.92482e-06
 Reference value :  1.92497e-06
 Reference value :  1.92513e-06
 Reference value :  1.92529e-06
 Reference value :  1.92544e-06
 Reference value :  1.92558e-06
 Reference value :  1.92572e-06
 Reference value :  1.92587e-06
 Reference value :  1.92603e-06
 Reference value :  1.92619e-06
 Reference value :  1.92634e-06
 Reference value :  1.92648e-06
 Reference value :  1.92664e-06
 Reference value :  1.92679e-06
 Reference value :  1.92694e-06
 Reference value :  1.92708e-06
 Reference value :  1.92723e-06
 Reference value :  1.92738e-06
 Reference value :  1.92754e-06
 Reference value :  1.92771e-06
 Reference value :  1.92786e-06
 Reference value :  1.92801e-06
 Reference value :  1.92816e-06
 Reference value :  1.92831e-06
 Reference value :  1.92846e-06
 Reference value :  1.92861e-06
 Reference value :  1.92876e-06
 Reference value :  1.92891e-06
 Reference value :  1.92906e-06
 Reference value :  1.92920e-06
 Reference value :  1.92936e-06
 Reference value :  1.92951e-06
 Reference value :  1.92966e-06
 Reference value :  1.92981e-06
 Reference value :  1.92996e-06
 Reference value :  1.93011e-06
 Reference value :  1.93026e-06
 Reference value :  1.93040e-06
 Reference value :  1.93055e-06
 Reference value :  1.93070e-06
 Reference value :  1.93085e-06
 Reference value :  1.93100e-06
 Reference value :  1.93115e-06
 Reference value :  1.93130e-06
 Reference value :  1.93145e-06
 Reference value :  1.93162e-06
 Reference value :  1.93178e-06
 Reference value :  1.93193e-06
 Reference value :  1.93208e-06
 Reference value :  1.93226e-06
 Reference value :  1.93240e-06
 Reference value :  1.93254e-06
 Reference value :  1.93268e-06
 Reference value :  1.93282e-06
 Reference value :  1.93296e-06
 Reference value :  1.93309e-06
 Reference value :  1.93323e-06
 Reference value :  1.93337e-06
 Reference value :  1.93351e-06
 Reference value :  1.93365e-06
 Reference value :  1.93378e-06
 Reference value :  1.93392e-06
 Reference value :  1.93406e-06
 Reference value :  1.93419e-06
 Reference value :  1.93434e-06
 Reference value :  1.93450e-06
 Reference value :  1.93463e-06
 Reference value :  1.93476e-06
 Reference value :  1.93490e-06
 Reference value :  1.93504e-06
 Reference value :  1.93517e-06
 Reference value :  1.93531e-06
 Reference value :  1.93544e-06
 Reference value :  1.93558e-06
 Reference value :  1.93574e-06
 Reference value :  1.93592e-06
 Reference value :  1.93606e-06
 Reference value :  1.93625e-06
 Reference value :  1.93639e-06
 Reference value :  1.93654e-06
 Reference value :  1.93670e-06
 Reference value :  1.93684e-06
 Reference value :  1.93698e-06
 Reference value :  1.93713e-06
 Reference value :  1.93728e-06
 Reference value :  1.93744e-06
 Reference value :  1.93760e-06
 Reference value :  1.93776e-06
 Reference value :  1.93793e-06
 Reference value :  1.93810e-06
 Reference value :  1.93825e-06
 Reference value :  1.93841e-06
 Reference value :  1.93855e-06
 Reference value :  1.93870e-06
 Reference value :  1.93886e-06
 Reference value :  1.93902e-06
 Reference value :  1.93918e-06
 Reference value :  1.93933e-06
 Reference value :  1.93948e-06
 Reference value :  1.93963e-06
 Reference value :  1.93977e-06
 Reference value :  1.93993e-06
 Reference value :  1.94009e-06
 Reference value :  1.94023e-06
 Reference value :  1.94039e-06
 Reference value :  1.94055e-06
 Reference value :  1.94072e-06
 Reference value :  1.94090e-06
 Reference value :  1.94106e-06
 Reference value :  1.94121e-06
 Reference value :  1.94136e-06
 Reference value :  1.94152e-06
 Reference value :  1.94167e-06
 Reference value :  1.94181e-06
 Reference value :  1.94195e-06
 Reference value :  1.94209e-06
 Reference value :  1.94223e-06
 Reference value :  1.94236e-06
 Reference value :  1.94249e-06
 Reference value :  1.94262e-06
 Reference value :  1.94276e-06
 Reference value :  1.94290e-06
 Reference value :  1.94303e-06
 Reference value :  1.94316e-06
 Reference value :  1.94330e-06
 Reference value :  1.94345e-06
 Reference value :  1.94359e-06
 Reference value :  1.94374e-06
 Reference value :  1.94388e-06
 Reference value :  1.94403e-06
 Reference value :  1.94418e-06
 Reference value :  1.94433e-06
 Reference value :  1.94448e-06
 Reference value :  1.94463e-06
 Reference value :  1.94477e-06
 Reference value :  1.94492e-06
 Reference value :  1.94506e-06
 Reference value :  1.94520e-06
 Reference value :  1.94535e-06
 Reference value :  1.94550e-06
 Reference value :  1.94564e-06
 Reference value :  1.94579e-06
 Reference value :  1.94594e-06
 Reference value :  1.94609e-06
 Reference value :  1.94623e-06
 Reference value :  1.94637e-06
 Reference value :  1.94651e-06
 Reference value :  1.94667e-06
 Reference value :  1.94683e-06
 Reference value :  1.94698e-06
 Reference value :  1.94714e-06
 Reference value :  1.94728e-06
 Reference value :  1.94742e-06
 Reference value :  1.94756e-06
 Reference value :  1.94770e-06
 Reference value :  1.94783e-06
 Reference value :  1.94796e-06
 Reference value :  1.94810e-06
 Reference value :  1.94823e-06
 Reference value :  1.94837e-06
 Reference value :  1.94850e-06
 Reference value :  1.94863e-06
 Reference value :  1.94877e-06
 Reference value :  1.94890e-06
 Reference value :  1.94903e-06
 Reference value :  1.94917e-06
 Reference value :  1.94932e-06
 Reference value :  1.94945e-06
 Reference value :  1.94959e-06
 Reference value :  1.94973e-06
 Reference value :  1.94987e-06
 Reference value :  1.95002e-06
 Reference value :  1.95015e-06
 Reference value :  1.95030e-06
 Reference value :  1.95044e-06
 Reference value :  1.95058e-06
 Reference value :  1.95071e-06
 Reference value :  1.95085e-06
 Reference value :  1.95099e-06
 Reference value :  1.95113e-06
 Reference value :  1.95127e-06
 Reference value :  1.95142e-06
 Reference value :  1.95156e-06
 Reference value :  1.95170e-06
 Reference value :  1.95184e-06
 Reference value :  1.95199e-06
 Reference value :  1.95212e-06
 Reference value :  1.95226e-06
 Reference value :  1.95239e-06
 Reference value :  1.95254e-06
 Reference value :  1.95268e-06
 Reference value :  1.95283e-06
 Reference value :  1.95296e-06
 Reference value :  1.95310e-06
 Reference value :  1.95324e-06
 Reference value :  1.95337e-06
 Reference value :  1.95351e-06
 Reference value :  1.95365e-06
 Reference value :  1.95381e-06
 Reference value :  1.95398e-06
 Reference value :  1.95414e-06
 Reference value :  1.95429e-06
 Reference value :  1.95445e-06
 Reference value :  1.95460e-06
 Reference value :  1.95474e-06
 Reference value :  1.95489e-06
 Reference value :  1.95503e-06
 Reference value :  1.95519e-06
 Reference value :  1.95534e-06
 Reference value :  1.95550e-06
 Reference value :  1.95567e-06
 Reference value :  1.95583e-06
 Reference value :  1.95598e-06
 Reference value :  1.95614e-06
 Reference value :  1.95629e-06
 Reference value :  1.95644e-06
 Reference value :  1.95660e-06
 Reference value :  1.95675e-06
 Reference value :  1.95691e-06
 Reference value :  1.95706e-06
 Reference value :  1.95721e-06
 Reference value :  1.95736e-06
 Reference value :  1.95751e-06
 Reference value :  1.95767e-06
 Reference value :  1.95782e-06
 Reference value :  1.95797e-06
 Reference value :  1.95812e-06
 Reference value :  1.95826e-06
 Reference value :  1.95840e-06
 Reference value :  1.95856e-06
 Reference value :  1.95872e-06
 Reference value :  1.95887e-06
 Reference value :  1.95902e-06
 Reference value :  1.95918e-06
 Reference value :  1.95934e-06
 Reference value :  1.95949e-06
 Reference value :  1.95964e-06
 Reference value :  1.95980e-06
 Reference value :  1.95995e-06
 Reference value :  1.96011e-06
 Reference value :  1.96027e-06
 Reference value :  1.96043e-06
 Reference value :  1.96058e-06
 Reference value :  1.96074e-06
 Reference value :  1.96089e-06
 Reference value :  1.96103e-06
 Reference value :  1.96121e-06
 Reference value :  1.96135e-06
 Reference value :  1.96149e-06
 Reference value :  1.96164e-06
 Reference value :  1.96180e-06
 Reference value :  1.96195e-06
 Reference value :  1.96211e-06
 Reference value :  1.96226e-06
 Reference value :  1.96241e-06
 Reference value :  1.96256e-06
 Reference value :  1.96271e-06
 Reference value :  1.96288e-06
 Reference value :  1.96304e-06
 Reference value :  1.96319e-06
 Reference value :  1.96334e-06
 Reference value :  1.96350e-06
 Reference value :  1.96366e-06
 Reference value :  1.96381e-06
 Reference value :  1.96396e-06
 Reference value :  1.96411e-06
 Reference value :  1.96428e-06
 Reference value :  1.96443e-06
 Reference value :  1.96459e-06
 Reference value :  1.96474e-06
 Reference value :  1.96488e-06
 Reference value :  1.96504e-06
 Reference value :  1.96519e-06
 Reference value :  1.96535e-06
 Reference value :  1.96550e-06
 Reference value :  1.96566e-06
 Reference value :  1.96581e-06
 Reference value :  1.96597e-06
 Reference value :  1.96612e-06
 Reference value :  1.96629e-06
 Reference value :  1.96645e-06
 Reference value :  1.96660e-06
 Reference value :  1.96676e-06
 Reference value :  1.96692e-06
 Reference value :  1.96708e-06
 Reference value :  1.96725e-06
 Reference value :  1.96740e-06
 Reference value :  1.96757e-06
 Reference value :  1.96771e-06
 Reference value :  1.96786e-06
 Reference value :  1.96803e-06
 Reference value :  1.96818e-06
 Reference value :  1.96835e-06
 Reference value :  1.96852e-06
 Reference value :  1.96872e-06
 Reference value :  1.96887e-06
 Reference value :  1.96903e-06
 Reference value :  1.96917e-06
 Reference value :  1.96933e-06
 Reference value :  1.96948e-06
 Reference value :  1.96964e-06
 Reference value :  1.96980e-06
 Reference value :  1.96996e-06
 Reference value :  1.97012e-06
 Reference value :  1.97027e-06
 Reference value :  1.97043e-06
 Reference value :  1.97062e-06
 Reference value :  1.97079e-06
 Reference value :  1.97096e-06
 Reference value :  1.97112e-06
 Reference value :  1.97129e-06
 Reference value :  1.97147e-06
 Reference value :  1.97163e-06
 Reference value :  1.97178e-06
 Reference value :  1.97193e-06
 Reference value :  1.97210e-06
 Reference value :  1.97225e-06
 Reference value :  1.97241e-06
 Reference value :  1.97257e-06
 Reference value :  1.97273e-06
 Reference value :  1.97289e-06
 Reference value :  1.97304e-06
 Reference value :  1.97319e-06
 Reference value :  1.97336e-06
 Reference value :  1.97353e-06
 Reference value :  1.97370e-06
 Reference value :  1.97386e-06
 Reference value :  1.97405e-06
 Reference value :  1.97424e-06
 Reference value :  1.97440e-06
 Reference value :  1.97461e-06
 Reference value :  1.97479e-06
 Reference value :  1.97497e-06
 Reference value :  1.97516e-06
 Reference value :  1.97534e-06
 Reference value :  1.97551e-06
 Reference value :  1.97566e-06
 Reference value :  1.97582e-06
 Reference value :  1.97598e-06
 Reference value :  1.97614e-06
 Reference value :  1.97631e-06
 Reference value :  1.97646e-06
 Reference value :  1.97663e-06
 Reference value :  1.97679e-06
 Reference value :  1.97695e-06
 Reference value :  1.97711e-06
 Reference value :  1.97728e-06
 Reference value :  1.97744e-06
 Reference value :  1.97760e-06
 Reference value :  1.97776e-06
 Reference value :  1.97792e-06
 Reference value :  1.97809e-06
 Reference value :  1.97826e-06
 Reference value :  1.97844e-06
 Reference value :  1.97862e-06
 Reference value :  1.97879e-06
 Reference value :  1.97896e-06
 Reference value :  1.97912e-06
 Reference value :  1.97929e-06
 Reference value :  1.97946e-06
 Reference value :  1.97962e-06
 Reference value :  1.97978e-06
 Reference value :  1.97995e-06
 Reference value :  1.98014e-06
 Reference value :  1.98032e-06
 Reference value :  1.98048e-06
 Reference value :  1.98066e-06
 Reference value :  1.98088e-06
 Reference value :  1.98113e-06
 Reference value :  1.98138e-06
 Reference value :  1.98163e-06
 Reference value :  1.98187e-06
 Reference value :  1.98211e-06
 Reference value :  1.98237e-06
 Reference value :  1.98260e-06
 Reference value :  1.98284e-06
 Reference value :  1.98302e-06
 Reference value :  1.98318e-06
 Reference value :  1.98335e-06
 Reference value :  1.98351e-06
 Reference value :  1.98368e-06
 Reference value :  1.98385e-06
 Reference value :  1.98402e-06
 Reference value :  1.98420e-06
 Reference value :  1.98437e-06
 Reference value :  1.98454e-06
 Reference value :  1.98469e-06
 Reference value :  1.98484e-06
 Reference value :  1.98501e-06
 Reference value :  1.98518e-06
 Reference value :  1.98535e-06
 Reference value :  1.98554e-06
 Reference value :  1.98571e-06
 Reference value :  1.98588e-06
 Reference value :  1.98607e-06
 Reference value :  1.98623e-06
 Reference value :  1.98641e-06
 Reference value :  1.98659e-06
 Reference value :  1.98678e-06
 Reference value :  1.98695e-06
 Reference value :  1.98712e-06
 Reference value :  1.98730e-06
 Reference value :  1.98747e-06
 Reference value :  1.98765e-06
 Reference value :  1.98783e-06
 Reference value :  1.98801e-06
 Reference value :  1.98820e-06
 Reference value :  1.98835e-06
 Reference value :  1.98853e-06
 Reference value :  1.98870e-06
 Reference value :  1.98888e-06
 Reference value :  1.98907e-06
 Reference value :  1.98923e-06
 Reference value :  1.98939e-06
 Reference value :  1.98954e-06
 Reference value :  1.98970e-06
 Reference value :  1.98984e-06
 Reference value :  1.99004e-06
 Reference value :  1.99020e-06
 Reference value :  1.99034e-06
 Reference value :  1.99051e-06
 Reference value :  1.99066e-06
 Reference value :  1.99082e-06
 Reference value :  1.99100e-06
 Reference value :  1.99118e-06
 Reference value :  1.99136e-06
 Reference value :  1.99154e-06
 Reference value :  1.99170e-06
 Reference value :  1.99186e-06
 Reference value :  1.99203e-06
 Reference value :  1.99221e-06
 Reference value :  1.99238e-06
 Reference value :  1.99255e-06
 Reference value :  1.99272e-06
 Reference value :  1.99288e-06
 Reference value :  1.99304e-06
 Reference value :  1.99321e-06
 Reference value :  1.99336e-06
 Reference value :  1.99349e-06
 Reference value :  1.99363e-06
 Reference value :  1.99376e-06
 Reference value :  1.99392e-06
 Reference value :  1.99408e-06
 Reference value :  1.99423e-06
 Reference value :  1.99438e-06
 Reference value :  1.99453e-06
 Reference value :  1.99467e-06
 Reference value :  1.99481e-06
 Reference value :  1.99495e-06
 Reference value :  1.99510e-06
 Reference value :  1.99524e-06
 Reference value :  1.99538e-06
 Reference value :  1.99553e-06
 Reference value :  1.99567e-06
 Reference value :  1.99582e-06
 Reference value :  1.99597e-06
 Reference value :  1.99613e-06
 Reference value :  1.99627e-06
 Reference value :  1.99644e-06
 Reference value :  1.99659e-06
 Reference value :  1.99673e-06
 Reference value :  1.99689e-06
 Reference value :  1.99704e-06
 Reference value :  1.99718e-06
 Reference value :  1.99735e-06
 Reference value :  1.99749e-06
 Reference value :  1.99763e-06
 Reference value :  1.99778e-06
 Reference value :  1.99793e-06
 Reference value :  1.99808e-06
 Reference value :  1.99822e-06
 Reference value :  1.99840e-06
 Reference value :  1.99857e-06
 Reference value :  1.99872e-06
 Reference value :  1.99887e-06
 Reference value :  1.99902e-06
 Reference value :  1.99918e-06
 Reference value :  1.99932e-06
 Reference value :  1.99947e-06
 Reference value :  1.99962e-06
 Reference value :  1.99975e-06
 Reference value :  1.99988e-06
 Reference value :  2.00001e-06
 Reference value :  2.00015e-06
 Reference value :  2.00027e-06
 Reference value :  2.00040e-06
 Reference value :  2.00054e-06
 Reference value :  2.00067e-06
 Reference value :  2.00081e-06
 Reference value :  2.00095e-06
 Reference value :  2.00108e-06
 Reference value :  2.00124e-06
 Reference value :  2.00140e-06
 Reference value :  2.00154e-06
 Reference value :  2.00172e-06
 Reference value :  2.00189e-06
 Reference value :  2.00207e-06
 Reference value :  2.00221e-06
 Reference value :  2.00235e-06
 Reference value :  2.00249e-06
 Reference value :  2.00263e-06
 Reference value :  2.00278e-06
 Reference value :  2.00293e-06
 Reference value :  2.00306e-06
 Reference value :  2.00319e-06
 Reference value :  2.00333e-06
 Reference value :  2.00347e-06
 Reference value :  2.00361e-06
 Reference value :  2.00376e-06
 Reference value :  2.00394e-06
 Reference value :  2.00411e-06
 Reference value :  2.00427e-06
 Reference value :  2.00445e-06
 Reference value :  2.00463e-06
 Reference value :  2.00479e-06
 Reference value :  2.00496e-06
 Reference value :  2.00512e-06
 Reference value :  2.00528e-06
 Reference value :  2.00542e-06
 Reference value :  2.00557e-06
 Reference value :  2.00572e-06
 Reference value :  2.00589e-06
 Reference value :  2.00606e-06
 Reference value :  2.00623e-06
 Reference value :  2.00638e-06
 Reference value :  2.00655e-06
 Reference value :  2.00671e-06
 Reference value :  2.00687e-06
 Reference value :  2.00701e-06
 Reference value :  2.00717e-06
 Reference value :  2.00732e-06
 Reference value :  2.00747e-06
 Reference value :  2.00763e-06
 Reference value :  2.00779e-06
 Reference value :  2.00794e-06
 Reference value :  2.00807e-06
 Reference value :  2.00821e-06
 Reference value :  2.00833e-06
 Reference value :  2.00847e-06
 Reference value :  2.00860e-06
 Reference value :  2.00874e-06
 Reference value :  2.00888e-06
 Reference value :  2.00902e-06
 Reference value :  2.00916e-06
 Reference value :  2.00932e-06
 Reference value :  2.00949e-06
 Reference value :  2.00963e-06
 Reference value :  2.00977e-06
 Reference value :  2.00990e-06
 Reference value :  2.01005e-06
 Reference value :  2.01019e-06
 Reference value :  2.01034e-06
 Reference value :  2.01050e-06
 Reference value :  2.01064e-06
 Reference value :  2.01078e-06
 Reference value :  2.01092e-06
 Reference value :  2.01106e-06
 Reference value :  2.01119e-06
 Reference value :  2.01134e-06
 Reference value :  2.01148e-06
 Reference value :  2.01163e-06
 Reference value :  2.01178e-06
 Reference value :  2.01192e-06
 Reference value :  2.01206e-06
 Reference value :  2.01220e-06
 Reference value :  2.01235e-06
 Reference value :  2.01250e-06
 Reference value :  2.01265e-06
 Reference value :  2.01278e-06
 Reference value :  2.01292e-06
 Reference value :  2.01305e-06
 Reference value :  2.01319e-06
 Reference value :  2.01333e-06
 Reference value :  2.01348e-06
 Reference value :  2.01362e-06
 Reference value :  2.01377e-06
 Reference value :  2.01392e-06
 Reference value :  2.01406e-06
 Reference value :  2.01419e-06
 Reference value :  2.01432e-06
 Reference value :  2.01446e-06
 Reference value :  2.01459e-06
 Reference value :  2.01473e-06
 Reference value :  2.01486e-06
 Reference value :  2.01499e-06
 Reference value :  2.01513e-06
 Reference value :  2.01526e-06
 Reference value :  2.01539e-06
 Reference value :  2.01552e-06
 Reference value :  2.01565e-06
 Reference value :  2.01580e-06
 Reference value :  2.01593e-06
 Reference value :  2.01607e-06
 Reference value :  2.01620e-06
 Reference value :  2.01634e-06
 Reference value :  2.01647e-06
 Reference value :  2.01660e-06
 Reference value :  2.01673e-06
 Reference value :  2.01688e-06
 Reference value :  2.01702e-06
 Reference value :  2.01717e-06
 Reference value :  2.01730e-06
 Reference value :  2.01744e-06
 Reference value :  2.01759e-06
 Reference value :  2.01772e-06
 Reference value :  2.01786e-06
 Reference value :  2.01799e-06
 Reference value :  2.01812e-06
 Reference value :  2.01827e-06
 Reference value :  2.01842e-06
 Reference value :  2.01857e-06
 Reference value :  2.01871e-06
 Reference value :  2.01887e-06
 Reference value :  2.01901e-06
 Reference value :  2.01916e-06
 Reference value :  2.01930e-06
 Reference value :  2.01945e-06
 Reference value :  2.01960e-06
 Reference value :  2.01976e-06
 Reference value :  2.01992e-06
 Reference value :  2.02007e-06
 Reference value :  2.02022e-06
 Reference value :  2.02037e-06
 Reference value :  2.02051e-06
 Reference value :  2.02065e-06
 Reference value :  2.02079e-06
 Reference value :  2.02094e-06
 Reference value :  2.02110e-06
 Reference value :  2.02124e-06
 Reference value :  2.02139e-06
 Reference value :  2.02156e-06
 Reference value :  2.02171e-06
 Reference value :  2.02186e-06
 Reference value :  2.02203e-06
 Reference value :  2.02217e-06
 Reference value :  2.02231e-06
 Reference value :  2.02245e-06
 Reference value :  2.02259e-06
 Reference value :  2.02272e-06
 Reference value :  2.02286e-06
 Reference value :  2.02299e-06
 Reference value :  2.02313e-06
 Reference value :  2.02328e-06
 Reference value :  2.02341e-06
 Reference value :  2.02356e-06
 Reference value :  2.02371e-06
 Reference value :  2.02387e-06
 Reference value :  2.02402e-06
 Reference value :  2.02417e-06
 Reference value :  2.02431e-06
 Reference value :  2.02446e-06
 Reference value :  2.02462e-06
 Reference value :  2.02475e-06
 Reference value :  2.02492e-06
 Reference value :  2.02508e-06
 Reference value :  2.02523e-06
 Reference value :  2.02538e-06
 Reference value :  2.02551e-06
 Reference value :  2.02565e-06
 Reference value :  2.02578e-06
 Reference value :  2.02591e-06
 Reference value :  2.02604e-06
 Reference value :  2.02620e-06
 Reference value :  2.02639e-06
 Reference value :  2.02652e-06
 Reference value :  2.02667e-06
 Reference value :  2.02682e-06
 Reference value :  2.02698e-06
 Reference value :  2.02714e-06
 Reference value :  2.02730e-06
 Reference value :  2.02743e-06
 Reference value :  2.02757e-06
 Reference value :  2.02774e-06
 Reference value :  2.02791e-06
 Reference value :  2.02807e-06
 Reference value :  2.02824e-06
 Reference value :  2.02841e-06
 Reference value :  2.02857e-06
 Reference value :  2.02872e-06
 Reference value :  2.02889e-06
 Reference value :  2.02906e-06
 Reference value :  2.02920e-06
 Reference value :  2.02941e-06
 Reference value :  2.02954e-06
 Reference value :  2.02967e-06
 Reference value :  2.02983e-06
 Reference value :  2.02998e-06
 Reference value :  2.03018e-06
 Reference value :  2.03033e-06
 Reference value :  2.03047e-06
 Reference value :  2.03063e-06
 Reference value :  2.03076e-06
 Reference value :  2.03089e-06
 Reference value :  2.03102e-06
 Reference value :  2.03113e-06
 Reference value :  2.03126e-06
 Reference value :  2.03143e-06
 Reference value :  2.03158e-06
 Reference value :  2.03173e-06
 Reference value :  2.03187e-06
 Reference value :  2.03202e-06
 Reference value :  2.03217e-06
 Reference value :  2.03230e-06
 Reference value :  2.03244e-06
 Reference value :  2.03261e-06
 Reference value :  2.03275e-06
 Reference value :  2.03288e-06
 Reference value :  2.03301e-06
 Reference value :  2.03314e-06
 Reference value :  2.03327e-06
 Reference value :  2.03342e-06
 Reference value :  2.03357e-06
 Reference value :  2.03372e-06
 Reference value :  2.03387e-06
 Reference value :  2.03398e-06
 Reference value :  2.03410e-06
 Reference value :  2.03423e-06
 Reference value :  2.03434e-06
 Reference value :  2.03447e-06
 Reference value :  2.03459e-06
 Reference value :  2.03474e-06
 Reference value :  2.03487e-06
 Reference value :  2.03501e-06
 Reference value :  2.03516e-06
 Reference value :  2.03531e-06
 Reference value :  2.03546e-06
 Reference value :  2.03558e-06
 Reference value :  2.03572e-06
 Reference value :  2.03585e-06
 Reference value :  2.03598e-06
 Reference value :  2.03611e-06
 Reference value :  2.03624e-06
 Reference value :  2.03636e-06
 Reference value :  2.03649e-06
 Reference value :  2.03661e-06
 Reference value :  2.03674e-06
 Reference value :  2.03686e-06
 Reference value :  2.03698e-06
 Reference value :  2.03711e-06
 Reference value :  2.03723e-06
 Reference value :  2.03736e-06
 Reference value :  2.03748e-06
 Reference value :  2.03760e-06
 Reference value :  2.03772e-06
 Reference value :  2.03784e-06
 Reference value :  2.03797e-06
 Reference value :  2.03809e-06
 Reference value :  2.03821e-06
 Reference value :  2.03834e-06
 Reference value :  2.03845e-06
 Reference value :  2.03857e-06
 Reference value :  2.03869e-06
 Reference value :  2.03881e-06
 Reference value :  2.03902e-06
 Reference value :  2.03915e-06
 Reference value :  2.03927e-06
 Reference value :  2.03939e-06
 Reference value :  2.03951e-06
 Reference value :  2.03969e-06
 Reference value :  2.03982e-06
 Reference value :  2.03994e-06
 Reference value :  2.04007e-06
 Reference value :  2.04019e-06
 Reference value :  2.04031e-06
 Reference value :  2.04043e-06
 Reference value :  2.04062e-06
 Reference value :  2.04074e-06
 Reference value :  2.04087e-06
 Reference value :  2.04099e-06
 Reference value :  2.04112e-06
 Reference value :  2.04125e-06
 Reference value :  2.04140e-06
 Reference value :  2.04154e-06
 Reference value :  2.04169e-06
 Reference value :  2.04184e-06
 Reference value :  2.04197e-06
 Reference value :  2.04211e-06
 Reference value :  2.04225e-06
 Reference value :  2.04239e-06
 Reference value :  2.04255e-06
 Reference value :  2.04271e-06
 Reference value :  2.04286e-06
 Reference value :  2.04301e-06
 Reference value :  2.04314e-06
 Reference value :  2.04329e-06
 Reference value :  2.04343e-06
 Reference value :  2.04357e-06
 Reference value :  2.04371e-06
 Reference value :  2.04385e-06
 Reference value :  2.04400e-06
 Reference value :  2.04413e-06
 Reference value :  2.04426e-06
 Reference value :  2.04438e-06
 Reference value :  2.04451e-06
 Reference value :  2.04464e-06
 Reference value :  2.04480e-06
 Reference value :  2.04496e-06
 Reference value :  2.04512e-06
 Reference value :  2.04527e-06
 Reference value :  2.04544e-06
 Reference value :  2.04559e-06
 Reference value :  2.04577e-06
 Reference value :  2.04594e-06
 Reference value :  2.04612e-06
 Reference value :  2.04626e-06
 Reference value :  2.04642e-06
 Reference value :  2.04657e-06
 Reference value :  2.04670e-06
 Reference value :  2.04687e-06
 Reference value :  2.04704e-06
 Reference value :  2.04719e-06
 Reference value :  2.04733e-06
 Reference value :  2.04747e-06
 Reference value :  2.04760e-06
 Reference value :  2.04773e-06
 Reference value :  2.04787e-06
 Reference value :  2.04802e-06
 Reference value :  2.04816e-06
 Reference value :  2.04830e-06
 Reference value :  2.04845e-06
 Reference value :  2.04858e-06
 Reference value :  2.04871e-06
 Reference value :  2.04884e-06
 Reference value :  2.04897e-06
 Reference value :  2.04911e-06
 Reference value :  2.04928e-06
 Reference value :  2.04948e-06
 Reference value :  2.04961e-06
 Reference value :  2.04974e-06
 Reference value :  2.04986e-06
 Reference value :  2.05005e-06
 Reference value :  2.05028e-06
 Reference value :  2.05041e-06
 Reference value :  2.05053e-06
 Reference value :  2.05067e-06
 Reference value :  2.05081e-06
 Reference value :  2.05093e-06
 Reference value :  2.05108e-06
 Reference value :  2.05133e-06
 Reference value :  2.05147e-06
 Reference value :  2.05161e-06
 Reference value :  2.05176e-06
 Reference value :  2.05188e-06
 Reference value :  2.05201e-06
 Reference value :  2.05215e-06
 Reference value :  2.05228e-06
 Reference value :  2.05243e-06
 Reference value :  2.05260e-06
 Reference value :  2.05276e-06
 Reference value :  2.05292e-06
 Reference value :  2.05307e-06
 Reference value :  2.05322e-06
 Reference value :  2.05338e-06
 Reference value :  2.05356e-06
 Reference value :  2.05373e-06
 Reference value :  2.05389e-06
 Reference value :  2.05405e-06
 Reference value :  2.05420e-06
 Reference value :  2.05434e-06
 Reference value :  2.05450e-06
 Reference value :  2.05465e-06
 Reference value :  2.05481e-06
 Reference value :  2.05494e-06
 Reference value :  2.05508e-06
 Reference value :  2.05522e-06
 Reference value :  2.05540e-06
 Reference value :  2.05559e-06
 Reference value :  2.05574e-06
 Reference value :  2.05591e-06
 Reference value :  2.05610e-06
 Reference value :  2.05629e-06
 Reference value :  2.05648e-06
 Reference value :  2.05667e-06
 Reference value :  2.05687e-06
 Reference value :  2.05705e-06
 Reference value :  2.05723e-06
 Reference value :  2.05741e-06
 Reference value :  2.05759e-06
 Reference value :  2.05776e-06
 Reference value :  2.05795e-06
 Reference value :  2.05813e-06
 Reference value :  2.05830e-06
 Reference value :  2.05846e-06
 Reference value :  2.05864e-06
 Reference value :  2.05883e-06
 Reference value :  2.05900e-06
 Reference value :  2.05918e-06
 Reference value :  2.05934e-06
 Reference value :  2.05948e-06
 Reference value :  2.05962e-06
 Reference value :  2.05977e-06
 Reference value :  2.05992e-06
 Reference value :  2.06007e-06
 Reference value :  2.06020e-06
 Reference value :  2.06036e-06
 Reference value :  2.06051e-06
 Reference value :  2.06066e-06
 Reference value :  2.06083e-06
 Reference value :  2.06101e-06
 Reference value :  2.06117e-06
 Reference value :  2.06132e-06
 Reference value :  2.06146e-06
 Reference value :  2.06160e-06
 Reference value :  2.06174e-06
 Reference value :  2.06189e-06
 Reference value :  2.06202e-06
 Reference value :  2.06216e-06
 Reference value :  2.06229e-06
 Reference value :  2.06241e-06
 Reference value :  2.06256e-06
 Reference value :  2.06269e-06
 Reference value :  2.06281e-06
 Reference value :  2.06294e-06
 Reference value :  2.06310e-06
 Reference value :  2.06323e-06
 Reference value :  2.06337e-06
 Reference value :  2.06351e-06
 Reference value :  2.06372e-06
 Reference value :  2.06388e-06
 Reference value :  2.06402e-06
 Reference value :  2.06415e-06
 Reference value :  2.06432e-06
 Reference value :  2.06448e-06
 Reference value :  2.06462e-06
 Reference value :  2.06476e-06
 Reference value :  2.06488e-06
 Reference value :  2.06502e-06
 Reference value :  2.06515e-06
 Reference value :  2.06528e-06
 Reference value :  2.06541e-06
 Reference value :  2.06554e-06
 Reference value :  2.06567e-06
 Reference value :  2.06580e-06
 Reference value :  2.06593e-06
 Reference value :  2.06606e-06
 Reference value :  2.06620e-06
 Reference value :  2.06631e-06
 Reference value :  2.06644e-06
 Reference value :  2.06657e-06
 Reference value :  2.06669e-06
 Reference value :  2.06683e-06
 Reference value :  2.06697e-06
 Reference value :  2.06711e-06
 Reference value :  2.06724e-06
 Reference value :  2.06737e-06
 Reference value :  2.06749e-06
 Reference value :  2.06762e-06
 Reference value :  2.06774e-06
 Reference value :  2.06786e-06
 Reference value :  2.06799e-06
 Reference value :  2.06812e-06
 Reference value :  2.06825e-06
 Reference value :  2.06839e-06
 Reference value :  2.06852e-06
 Reference value :  2.06866e-06
 Reference value :  2.06880e-06
 Reference value :  2.06893e-06
 Reference value :  2.06906e-06
 Reference value :  2.06918e-06
 Reference value :  2.06932e-06
 Reference value :  2.06946e-06
 Reference value :  2.06962e-06
 Reference value :  2.06977e-06
 Reference value :  2.06991e-06
 Reference value :  2.07004e-06
 Reference value :  2.07018e-06
 Reference value :  2.07031e-06
 Reference value :  2.07045e-06
 Reference value :  2.07059e-06
 Reference value :  2.07073e-06
 Reference value :  2.07087e-06
 Reference value :  2.07101e-06
 Reference value :  2.07114e-06
 Reference value :  2.07128e-06
 Reference value :  2.07144e-06
 Reference value :  2.07158e-06
 Reference value :  2.07173e-06
 Reference value :  2.07188e-06
 Reference value :  2.07201e-06
 Reference value :  2.07215e-06
 Reference value :  2.07228e-06
 Reference value :  2.07241e-06
 Reference value :  2.07254e-06
 Reference value :  2.07266e-06
 Reference value :  2.07279e-06
 Reference value :  2.07291e-06
 Reference value :  2.07304e-06
 Reference value :  2.07317e-06
 Reference value :  2.07330e-06
 Reference value :  2.07344e-06
 Reference value :  2.07359e-06
 Reference value :  2.07376e-06
 Reference value :  2.07394e-06
 Reference value :  2.07412e-06
 Reference value :  2.07430e-06
 Reference value :  2.07446e-06
 Reference value :  2.07463e-06
 Reference value :  2.07482e-06
 Reference value :  2.07500e-06
 Reference value :  2.07519e-06
 Reference value :  2.07544e-06
 Reference value :  2.07570e-06
 Reference value :  2.07596e-06
 Reference value :  2.07621e-06
 Reference value :  2.07647e-06
 Reference value :  2.07671e-06
 Reference value :  2.07696e-06
 Reference value :  2.07721e-06
 Reference value :  2.07740e-06
 Reference value :  2.07756e-06
 Reference value :  2.07771e-06
 Reference value :  2.07788e-06
 Reference value :  2.07805e-06
 Reference value :  2.07821e-06
 Reference value :  2.07837e-06
 Reference value :  2.07853e-06
 Reference value :  2.07869e-06
 Reference value :  2.07885e-06
 Reference value :  2.07901e-06
 Reference value :  2.07917e-06
 Reference value :  2.07931e-06
 Reference value :  2.07943e-06
 Reference value :  2.07955e-06
 Reference value :  2.07972e-06
 Reference value :  2.07988e-06
 Reference value :  2.08005e-06
 Reference value :  2.08021e-06
 Reference value :  2.08034e-06
 Reference value :  2.08047e-06
 Reference value :  2.08061e-06
 Reference value :  2.08073e-06
 Reference value :  2.08087e-06
 Reference value :  2.08099e-06
 Reference value :  2.08112e-06
 Reference value :  2.08125e-06
 Reference value :  2.08137e-06
 Reference value :  2.08150e-06
 Reference value :  2.08163e-06
 Reference value :  2.08179e-06
 Reference value :  2.08192e-06
 Reference value :  2.08206e-06
 Reference value :  2.08219e-06
 Reference value :  2.08234e-06
 Reference value :  2.08249e-06
 Reference value :  2.08262e-06
 Reference value :  2.08276e-06
 Reference value :  2.08288e-06
 Reference value :  2.08300e-06
 Reference value :  2.08312e-06
 Reference value :  2.08326e-06
 Reference value :  2.08342e-06
 Reference value :  2.08360e-06
 Reference value :  2.08376e-06
 Reference value :  2.08392e-06
 Reference value :  2.08408e-06
 Reference value :  2.08422e-06
 Reference value :  2.08439e-06
 Reference value :  2.08455e-06
 Reference value :  2.08471e-06
 Reference value :  2.08486e-06
 Reference value :  2.08502e-06
 Reference value :  2.08518e-06
 Reference value :  2.08535e-06
 Reference value :  2.08553e-06
 Reference value :  2.08568e-06
 Reference value :  2.08585e-06
 Reference value :  2.08600e-06
 Reference value :  2.08617e-06
 Reference value :  2.08632e-06
 Reference value :  2.08649e-06
 Reference value :  2.08666e-06
 Reference value :  2.08681e-06
 Reference value :  2.08697e-06
 Reference value :  2.08713e-06
 Reference value :  2.08729e-06
 Reference value :  2.08746e-06
 Reference value :  2.08761e-06
 Reference value :  2.08777e-06
 Reference value :  2.08793e-06
 Reference value :  2.08811e-06
 Reference value :  2.08828e-06
 Reference value :  2.08845e-06
 Reference value :  2.08864e-06
 Reference value :  2.08880e-06
 Reference value :  2.08896e-06
 Reference value :  2.08915e-06
 Reference value :  2.08933e-06
 Reference value :  2.08948e-06
 Reference value :  2.08964e-06
 Reference value :  2.08980e-06
 Reference value :  2.08995e-06
 Reference value :  2.09011e-06
 Reference value :  2.09027e-06
 Reference value :  2.09041e-06
 Reference value :  2.09053e-06
 Reference value :  2.09066e-06
 Reference value :  2.09080e-06
 Reference value :  2.09091e-06
 Reference value :  2.09104e-06
 Reference value :  2.09117e-06
 Reference value :  2.09130e-06
 Reference value :  2.09142e-06
 Reference value :  2.09155e-06
 Reference value :  2.09168e-06
 Reference value :  2.09181e-06
 Reference value :  2.09195e-06
 Reference value :  2.09210e-06
 Reference value :  2.09223e-06
 Reference value :  2.09237e-06
 Reference value :  2.09253e-06
 Reference value :  2.09265e-06
 Reference value :  2.09278e-06
 Reference value :  2.09290e-06
 Reference value :  2.09303e-06
 Reference value :  2.09316e-06
 Reference value :  2.09329e-06
 Reference value :  2.09344e-06
 Reference value :  2.09357e-06
 Reference value :  2.09370e-06
 Reference value :  2.09383e-06
 Reference value :  2.09396e-06
 Reference value :  2.09412e-06
 Reference value :  2.09426e-06
 Reference value :  2.09440e-06
 Reference value :  2.09452e-06
 Reference value :  2.09464e-06
 Reference value :  2.09477e-06
 Reference value :  2.09489e-06
 Reference value :  2.09503e-06
 Reference value :  2.09516e-06
 Reference value :  2.09531e-06
 Reference value :  2.09548e-06
 Reference value :  2.09566e-06
 Reference value :  2.09583e-06
 Reference value :  2.09599e-06
 Reference value :  2.09615e-06
 Reference value :  2.09632e-06
 Reference value :  2.09648e-06
 Reference value :  2.09664e-06
 Reference value :  2.09681e-06
 Reference value :  2.09698e-06
 Reference value :  2.09715e-06
 Reference value :  2.09733e-06
 Reference value :  2.09750e-06
 Reference value :  2.09766e-06
 Reference value :  2.09782e-06
 Reference value :  2.09797e-06
 Reference value :  2.09812e-06
 Reference value :  2.09828e-06
 Reference value :  2.09844e-06
 Reference value :  2.09859e-06
 Reference value :  2.09877e-06
 Reference value :  2.09891e-06
 Reference value :  2.09908e-06
 Reference value :  2.09924e-06
 Reference value :  2.09941e-06
 Reference value :  2.09956e-06
 Reference value :  2.09972e-06
 Reference value :  2.09990e-06
 Reference value :  2.10006e-06
 Reference value :  2.10022e-06
 Reference value :  2.10038e-06
 Reference value :  2.10054e-06
 Reference value :  2.10069e-06
 Reference value :  2.10091e-06
 Reference value :  2.10108e-06
 Reference value :  2.10123e-06
 Reference value :  2.10139e-06
 Reference value :  2.10155e-06
 Reference value :  2.10169e-06
 Reference value :  2.10186e-06
 Reference value :  2.10202e-06
 Reference value :  2.10217e-06
 Reference value :  2.10233e-06
 Reference value :  2.10248e-06
 Reference value :  2.10263e-06
 Reference value :  2.10275e-06
 Reference value :  2.10288e-06
 Reference value :  2.10300e-06
 Reference value :  2.10313e-06
 Reference value :  2.10327e-06
 Reference value :  2.10341e-06
 Reference value :  2.10355e-06
 Reference value :  2.10367e-06
 Reference value :  2.10379e-06
 Reference value :  2.10393e-06
 Reference value :  2.10406e-06
 Reference value :  2.10420e-06
 Reference value :  2.10432e-06
 Reference value :  2.10449e-06
 Reference value :  2.10463e-06
 Reference value :  2.10475e-06
 Reference value :  2.10489e-06
 Reference value :  2.10504e-06
 Reference value :  2.10517e-06
 Reference value :  2.10531e-06
 Reference value :  2.10545e-06
 Reference value :  2.10560e-06
 Reference value :  2.10574e-06
 Reference value :  2.10589e-06
 Reference value :  2.10603e-06
 Reference value :  2.10618e-06
 Reference value :  2.10631e-06
 Reference value :  2.10646e-06
 Reference value :  2.10660e-06
 Reference value :  2.10675e-06
 Reference value :  2.10689e-06
 Reference value :  2.10703e-06
 Reference value :  2.10716e-06
 Reference value :  2.10732e-06
 Reference value :  2.10747e-06
 Reference value :  2.10762e-06
 Reference value :  2.10774e-06
 Reference value :  2.10785e-06
 Reference value :  2.10800e-06
 Reference value :  2.10815e-06
 Reference value :  2.10828e-06
 Reference value :  2.10840e-06
 Reference value :  2.10853e-06
 Reference value :  2.10866e-06
 Reference value :  2.10878e-06
 Reference value :  2.10891e-06
 Reference value :  2.10903e-06
 Reference value :  2.10915e-06
 Reference value :  2.10928e-06
 Reference value :  2.10942e-06
 Reference value :  2.10953e-06
 Reference value :  2.10965e-06
 Reference value :  2.10978e-06
 Reference value :  2.10989e-06
 Reference value :  2.11000e-06
 Reference value :  2.11012e-06
 Reference value :  2.11026e-06
 Reference value :  2.11038e-06
 Reference value :  2.11050e-06
 Reference value :  2.11062e-06
 Reference value :  2.11074e-06
 Reference value :  2.11085e-06
 Reference value :  2.11097e-06
 Reference value :  2.11109e-06
 Reference value :  2.11120e-06
 Reference value :  2.11133e-06
 Reference value :  2.11145e-06
 Reference value :  2.11159e-06
 Reference value :  2.11172e-06
 Reference value :  2.11188e-06
 Reference value :  2.11201e-06
 Reference value :  2.11216e-06
 Reference value :  2.11231e-06
 Reference value :  2.11245e-06
 Reference value :  2.11259e-06
 Reference value :  2.11272e-06
 Reference value :  2.11285e-06
 Reference value :  2.11300e-06
 Reference value :  2.11312e-06
 Reference value :  2.11325e-06
 Reference value :  2.11341e-06
 Reference value :  2.11353e-06
 Reference value :  2.11368e-06
 Reference value :  2.11381e-06
 Reference value :  2.11394e-06
 Reference value :  2.11406e-06
 Reference value :  2.11418e-06
 Reference value :  2.11429e-06
 Reference value :  2.11442e-06
 Reference value :  2.11459e-06
 Reference value :  2.11475e-06
 Reference value :  2.11490e-06
 Reference value :  2.11506e-06
 Reference value :  2.11523e-06
 Reference value :  2.11538e-06
 Reference value :  2.11555e-06
 Reference value :  2.11570e-06
 Reference value :  2.11586e-06
 Reference value :  2.11601e-06
 Reference value :  2.11615e-06
 Reference value :  2.11630e-06
 Reference value :  2.11646e-06
 Reference value :  2.11661e-06
 Reference value :  2.11677e-06
 Reference value :  2.11694e-06
 Reference value :  2.11710e-06
 Reference value :  2.11726e-06
 Reference value :  2.11743e-06
 Reference value :  2.11759e-06
 Reference value :  2.11776e-06
 Reference value :  2.11791e-06
 Reference value :  2.11807e-06
 Reference value :  2.11825e-06
 Reference value :  2.11842e-06
 Reference value :  2.11858e-06
 Reference value :  2.11873e-06
 Reference value :  2.11889e-06
 Reference value :  2.11905e-06
 Reference value :  2.11920e-06
 Reference value :  2.11936e-06
 Reference value :  2.11954e-06
 Reference value :  2.11969e-06
 Reference value :  2.11987e-06
 Reference value :  2.12004e-06
 Reference value :  2.12021e-06
 Reference value :  2.12037e-06
 Reference value :  2.12055e-06
 Reference value :  2.12071e-06
 Reference value :  2.12086e-06
 Reference value :  2.12102e-06
 Reference value :  2.12120e-06
 Reference value :  2.12136e-06
 Reference value :  2.12153e-06
 Reference value :  2.12168e-06
 Reference value :  2.12185e-06
 Reference value :  2.12201e-06
 Reference value :  2.12218e-06
 Reference value :  2.12235e-06
 Reference value :  2.12250e-06
 Reference value :  2.12266e-06
 Reference value :  2.12281e-06
 Reference value :  2.12297e-06
 Reference value :  2.12314e-06
 Reference value :  2.12331e-06
 Reference value :  2.12349e-06
 Reference value :  2.12365e-06
 Reference value :  2.12381e-06
 Reference value :  2.12396e-06
 Reference value :  2.12411e-06
 Reference value :  2.12427e-06
 Reference value :  2.12442e-06
 Reference value :  2.12457e-06
 Reference value :  2.12473e-06
 Reference value :  2.12489e-06
 Reference value :  2.12504e-06
 Reference value :  2.12520e-06
 Reference value :  2.12535e-06
 Reference value :  2.12550e-06
 Reference value :  2.12565e-06
 Reference value :  2.12581e-06
 Reference value :  2.12595e-06
 Reference value :  2.12610e-06
 Reference value :  2.12626e-06
 Reference value :  2.12642e-06
 Reference value :  2.12657e-06
 Reference value :  2.12673e-06
 Reference value :  2.12688e-06
 Reference value :  2.12705e-06
 Reference value :  2.12720e-06
 Reference value :  2.12738e-06
 Reference value :  2.12753e-06
 Reference value :  2.12769e-06
 Reference value :  2.12785e-06
 Reference value :  2.12803e-06
 Reference value :  2.12819e-06
 Reference value :  2.12835e-06
 Reference value :  2.12851e-06
 Reference value :  2.12867e-06
 Reference value :  2.12884e-06
 Reference value :  2.12900e-06
 Reference value :  2.12916e-06
 Reference value :  2.12933e-06
 Reference value :  2.12950e-06
 Reference value :  2.12967e-06
 Reference value :  2.12983e-06
 Reference value :  2.12999e-06
 Reference value :  2.13016e-06
 Reference value :  2.13031e-06
 Reference value :  2.13047e-06
 Reference value :  2.13064e-06
 Reference value :  2.13081e-06
 Reference value :  2.13099e-06
 Reference value :  2.13117e-06
 Reference value :  2.13134e-06
 Reference value :  2.13150e-06
 Reference value :  2.13166e-06
 Reference value :  2.13185e-06
 Reference value :  2.13202e-06
 Reference value :  2.13219e-06
 Reference value :  2.13235e-06
 Reference value :  2.13251e-06
 Reference value :  2.13268e-06
 Reference value :  2.13285e-06
 Reference value :  2.13301e-06
 Reference value :  2.13317e-06
 Reference value :  2.13334e-06
 Reference value :  2.13352e-06
 Reference value :  2.13368e-06
 Reference value :  2.13384e-06
 Reference value :  2.13402e-06
 Reference value :  2.13419e-06
 Reference value :  2.13437e-06
 Reference value :  2.13453e-06
 Reference value :  2.13469e-06
 Reference value :  2.13484e-06
 Reference value :  2.13501e-06
 Reference value :  2.13515e-06
 Reference value :  2.13530e-06
 Reference value :  2.13546e-06
 Reference value :  2.13564e-06
 Reference value :  2.13582e-06
 Reference value :  2.13597e-06
 Reference value :  2.13613e-06
 Reference value :  2.13633e-06
 Reference value :  2.13649e-06
 Reference value :  2.13666e-06
 Reference value :  2.13683e-06
 Reference value :  2.13699e-06
 Reference value :  2.13716e-06
 Reference value :  2.13734e-06
 Reference value :  2.13750e-06
 Reference value :  2.13766e-06
 Reference value :  2.13784e-06
 Reference value :  2.13801e-06
 Reference value :  2.13819e-06
 Reference value :  2.13837e-06
 Reference value :  2.13854e-06
 Reference value :  2.13870e-06
 Reference value :  2.13886e-06
 Reference value :  2.13904e-06
 Reference value :  2.13920e-06
 Reference value :  2.13936e-06
 Reference value :  2.13952e-06
 Reference value :  2.13969e-06
 Reference value :  2.13986e-06
 Reference value :  2.14003e-06
 Reference value :  2.14018e-06
 Reference value :  2.14033e-06
 Reference value :  2.14049e-06
 Reference value :  2.14066e-06
 Reference value :  2.14081e-06
 Reference value :  2.14097e-06
 Reference value :  2.14113e-06
 Reference value :  2.14129e-06
 Reference value :  2.14145e-06
 Reference value :  2.14162e-06
 Reference value :  2.14179e-06
 Reference value :  2.14196e-06
 Reference value :  2.14213e-06
 Reference value :  2.14228e-06
 Reference value :  2.14245e-06
 Reference value :  2.14262e-06
 Reference value :  2.14278e-06
 Reference value :  2.14294e-06
 Reference value :  2.14310e-06
 Reference value :  2.14327e-06
 Reference value :  2.14344e-06
 Reference value :  2.14360e-06
 Reference value :  2.14378e-06
 Reference value :  2.14394e-06
 Reference value :  2.14411e-06
 Reference value :  2.14428e-06
 Reference value :  2.14444e-06
 Reference value :  2.14460e-06
 Reference value :  2.14479e-06
 Reference value :  2.14496e-06
 Reference value :  2.14514e-06
 Reference value :  2.14531e-06
 Reference value :  2.14548e-06
 Reference value :  2.14565e-06
 Reference value :  2.14584e-06
 Reference value :  2.14601e-06
 Reference value :  2.14617e-06
 Reference value :  2.14634e-06
 Reference value :  2.14650e-06
 Reference value :  2.14665e-06
 Reference value :  2.14683e-06
 Reference value :  2.14700e-06
 Reference value :  2.14716e-06
 Reference value :  2.14733e-06
 Reference value :  2.14749e-06
 Reference value :  2.14765e-06
 Reference value :  2.14783e-06
 Reference value :  2.14800e-06
 Reference value :  2.14817e-06
 Reference value :  2.14833e-06
 Reference value :  2.14850e-06
 Reference value :  2.14867e-06
 Reference value :  2.14884e-06
 Reference value :  2.14900e-06
 Reference value :  2.14915e-06
 Reference value :  2.14930e-06
 Reference value :  2.14948e-06
 Reference value :  2.14965e-06
 Reference value :  2.14982e-06
 Reference value :  2.14998e-06
 Reference value :  2.15014e-06
 Reference value :  2.15030e-06
 Reference value :  2.15046e-06
 Reference value :  2.15062e-06
 Reference value :  2.15079e-06
 Reference value :  2.15096e-06
 Reference value :  2.15114e-06
 Reference value :  2.15131e-06
 Reference value :  2.15147e-06
 Reference value :  2.15163e-06
 Reference value :  2.15178e-06
 Reference value :  2.15193e-06
 Reference value :  2.15209e-06
 Reference value :  2.15224e-06
 Reference value :  2.15240e-06
 Reference value :  2.15257e-06
 Reference value :  2.15275e-06
 Reference value :  2.15291e-06
 Reference value :  2.15306e-06
 Reference value :  2.15321e-06
 Reference value :  2.15339e-06
 Reference value :  2.15355e-06
 Reference value :  2.15371e-06
 Reference value :  2.15387e-06
 Reference value :  2.15403e-06
 Reference value :  2.15419e-06
 Reference value :  2.15436e-06
 Reference value :  2.15452e-06
 Reference value :  2.15468e-06
 Reference value :  2.15487e-06
 Reference value :  2.15502e-06
 Reference value :  2.15518e-06
 Reference value :  2.15534e-06
 Reference value :  2.15549e-06
 Reference value :  2.15567e-06
 Reference value :  2.15582e-06
 Reference value :  2.15597e-06
 Reference value :  2.15614e-06
 Reference value :  2.15631e-06
 Reference value :  2.15648e-06
 Reference value :  2.15664e-06
 Reference value :  2.15680e-06
 Reference value :  2.15696e-06
 Reference value :  2.15711e-06
 Reference value :  2.15729e-06
 Reference value :  2.15745e-06
 Reference value :  2.15761e-06
 Reference value :  2.15777e-06
 Reference value :  2.15793e-06
 Reference value :  2.15808e-06
 Reference value :  2.15824e-06
 Reference value :  2.15842e-06
 Reference value :  2.15858e-06
 Reference value :  2.15875e-06
 Reference value :  2.15892e-06
 Reference value :  2.15908e-06
 Reference value :  2.15924e-06
 Reference value :  2.15941e-06
 Reference value :  2.15958e-06
 Reference value :  2.15974e-06
 Reference value :  2.15990e-06
 Reference value :  2.16005e-06
 Reference value :  2.16022e-06
 Reference value :  2.16038e-06
 Reference value :  2.16057e-06
 Reference value :  2.16072e-06
 Reference value :  2.16087e-06
 Reference value :  2.16102e-06
 Reference value :  2.16118e-06
 Reference value :  2.16136e-06
 Reference value :  2.16153e-06
 Reference value :  2.16169e-06
 Reference value :  2.16185e-06
 Reference value :  2.16201e-06
 Reference value :  2.16216e-06
 Reference value :  2.16231e-06
 Reference value :  2.16249e-06
 Reference value :  2.16268e-06
 Reference value :  2.16284e-06
 Reference value :  2.16300e-06
 Reference value :  2.16316e-06
 Reference value :  2.16333e-06
 Reference value :  2.16350e-06
 Reference value :  2.16366e-06
 Reference value :  2.16381e-06
 Reference value :  2.16401e-06
 Reference value :  2.16417e-06
 Reference value :  2.16434e-06
 Reference value :  2.16449e-06
 Reference value :  2.16465e-06
 Reference value :  2.16481e-06
 Reference value :  2.16496e-06
 Reference value :  2.16511e-06
 Reference value :  2.16528e-06
 Reference value :  2.16547e-06
 Reference value :  2.16563e-06
 Reference value :  2.16579e-06
 Reference value :  2.16594e-06
 Reference value :  2.16610e-06
 Reference value :  2.16626e-06
 Reference value :  2.16641e-06
 Reference value :  2.16655e-06
 Reference value :  2.16673e-06
 Reference value :  2.16690e-06
 Reference value :  2.16707e-06
 Reference value :  2.16723e-06
 Reference value :  2.16739e-06
 Reference value :  2.16755e-06
 Reference value :  2.16771e-06
 Reference value :  2.16787e-06
 Reference value :  2.16803e-06
 Reference value :  2.16822e-06
 Reference value :  2.16838e-06
 Reference value :  2.16856e-06
 Reference value :  2.16871e-06
 Reference value :  2.16887e-06
 Reference value :  2.16903e-06
 Reference value :  2.16921e-06
 Reference value :  2.16938e-06
 Reference value :  2.16955e-06
 Reference value :  2.16971e-06
 Reference value :  2.16987e-06
 Reference value :  2.17002e-06
 Reference value :  2.17018e-06
 Reference value :  2.17036e-06
 Reference value :  2.17052e-06
 Reference value :  2.17067e-06
 Reference value :  2.17083e-06
 Reference value :  2.17100e-06
 Reference value :  2.17115e-06
 Reference value :  2.17131e-06
 Reference value :  2.17150e-06
 Reference value :  2.17166e-06
 Reference value :  2.17182e-06
 Reference value :  2.17198e-06
 Reference value :  2.17214e-06
 Reference value :  2.17230e-06
 Reference value :  2.17247e-06
 Reference value :  2.17263e-06
 Reference value :  2.17282e-06
 Reference value :  2.17298e-06
 Reference value :  2.17314e-06
 Reference value :  2.17329e-06
 Reference value :  2.17346e-06
 Reference value :  2.17361e-06
 Reference value :  2.17377e-06
 Reference value :  2.17393e-06
 Reference value :  2.17410e-06
 Reference value :  2.17429e-06
 Reference value :  2.17444e-06
 Reference value :  2.17461e-06
 Reference value :  2.17477e-06
 Reference value :  2.17493e-06
 Reference value :  2.17509e-06
 Reference value :  2.17527e-06
 Reference value :  2.17543e-06
 Reference value :  2.17560e-06
 Reference value :  2.17576e-06
 Reference value :  2.17591e-06
 Reference value :  2.17609e-06
 Reference value :  2.17625e-06
 Reference value :  2.17640e-06
 Reference value :  2.17656e-06
 Reference value :  2.17672e-06
 Reference value :  2.17687e-06
 Reference value :  2.17705e-06
 Reference value :  2.17721e-06
 Reference value :  2.17737e-06
 Reference value :  2.17753e-06
 Reference value :  2.17767e-06
 Reference value :  2.17785e-06
 Reference value :  2.17800e-06
 Reference value :  2.17816e-06
 Reference value :  2.17832e-06
 Reference value :  2.17849e-06
 Reference value :  2.17866e-06
 Reference value :  2.17881e-06
 Reference value :  2.17897e-06
 Reference value :  2.17913e-06
 Reference value :  2.17932e-06
 Reference value :  2.17949e-06
 Reference value :  2.17964e-06
 Reference value :  2.17980e-06
 Reference value :  2.17996e-06
 Reference value :  2.18013e-06
 Reference value :  2.18028e-06
 Reference value :  2.18044e-06
 Reference value :  2.18060e-06
 Reference value :  2.18075e-06
 Reference value :  2.18093e-06
 Reference value :  2.18109e-06
 Reference value :  2.18124e-06
 Reference value :  2.18140e-06
 Reference value :  2.18155e-06
 Reference value :  2.18173e-06
 Reference value :  2.18188e-06
 Reference value :  2.18204e-06
 Reference value :  2.18219e-06
 Reference value :  2.18234e-06
 Reference value :  2.18251e-06
 Reference value :  2.18269e-06
 Reference value :  2.18285e-06
 Reference value :  2.18301e-06
 Reference value :  2.18317e-06
 Reference value :  2.18333e-06
 Reference value :  2.18348e-06
 Reference value :  2.18370e-06
 Reference value :  2.18395e-06
 Reference value :  2.18419e-06
 Reference value :  2.18444e-06
 Reference value :  2.18462e-06
 Reference value :  2.18478e-06
 Reference value :  2.18494e-06
 Reference value :  2.18510e-06
 Reference value :  2.18526e-06
 Reference value :  2.18542e-06
 Reference value :  2.18563e-06
 Reference value :  2.18580e-06
 Reference value :  2.18598e-06
 Reference value :  2.18616e-06
 Reference value :  2.18633e-06
 Reference value :  2.18649e-06
 Reference value :  2.18667e-06
 Reference value :  2.18687e-06
 Reference value :  2.18706e-06
 Reference value :  2.18723e-06
 Reference value :  2.18741e-06
 Reference value :  2.18761e-06
 Reference value :  2.18777e-06
 Reference value :  2.18795e-06
 Reference value :  2.18811e-06
 Reference value :  2.18828e-06
 Reference value :  2.18845e-06
 Reference value :  2.18864e-06
 Reference value :  2.18881e-06
 Reference value :  2.18898e-06
 Reference value :  2.18915e-06
 Reference value :  2.18933e-06
 Reference value :  2.18949e-06
 Reference value :  2.18965e-06
 Reference value :  2.18982e-06
 Reference value :  2.18999e-06
 Reference value :  2.19016e-06
 Reference value :  2.19033e-06
 Reference value :  2.19050e-06
 Reference value :  2.19068e-06
 Reference value :  2.19084e-06
 Reference value :  2.19101e-06
 Reference value :  2.19117e-06
 Reference value :  2.19135e-06
 Reference value :  2.19153e-06
 Reference value :  2.19171e-06
 Reference value :  2.19190e-06
 Reference value :  2.19206e-06
 Reference value :  2.19225e-06
 Reference value :  2.19243e-06
 Reference value :  2.19261e-06
 Reference value :  2.19277e-06
 Reference value :  2.19294e-06
 Reference value :  2.19312e-06
 Reference value :  2.19328e-06
 Reference value :  2.19346e-06
 Reference value :  2.19363e-06
 Reference value :  2.19382e-06
 Reference value :  2.19399e-06
 Reference value :  2.19417e-06
 Reference value :  2.19436e-06
 Reference value :  2.19453e-06
 Reference value :  2.19473e-06
 Reference value :  2.19492e-06
 Reference value :  2.19509e-06
 Reference value :  2.19529e-06
 Reference value :  2.19548e-06
 Reference value :  2.19565e-06
 Reference value :  2.19585e-06
 Reference value :  2.19604e-06
 Reference value :  2.19623e-06
 Reference value :  2.19639e-06
 Reference value :  2.19655e-06
 Reference value :  2.19671e-06
 Reference value :  2.19686e-06
 Reference value :  2.19702e-06
 Reference value :  2.19719e-06
 Reference value :  2.19734e-06
 Reference value :  2.19752e-06
 Reference value :  2.19769e-06
 Reference value :  2.19785e-06
 Reference value :  2.19800e-06
 Reference value :  2.19815e-06
 Reference value :  2.19831e-06
 Reference value :  2.19849e-06
 Reference value :  2.19866e-06
 Reference value :  2.19883e-06
 Reference value :  2.19901e-06
 Reference value :  2.19917e-06
 Reference value :  2.19935e-06
 Reference value :  2.19953e-06
 Reference value :  2.19969e-06
 Reference value :  2.19987e-06
 Reference value :  2.20004e-06
 Reference value :  2.20020e-06
 Reference value :  2.20036e-06
 Reference value :  2.20053e-06
 Reference value :  2.20069e-06
 Reference value :  2.20087e-06
 Reference value :  2.20106e-06
 Reference value :  2.20123e-06
 Reference value :  2.20141e-06
 Reference value :  2.20158e-06
 Reference value :  2.20174e-06
 Reference value :  2.20191e-06
 Reference value :  2.20208e-06
 Reference value :  2.20225e-06
 Reference value :  2.20240e-06
 Reference value :  2.20255e-06
 Reference value :  2.20271e-06
 Reference value :  2.20287e-06
 Reference value :  2.20304e-06
 Reference value :  2.20320e-06
 Reference value :  2.20336e-06
 Reference value :  2.20351e-06
 Reference value :  2.20368e-06
 Reference value :  2.20382e-06
 Reference value :  2.20397e-06
 Reference value :  2.20412e-06
 Reference value :  2.20429e-06
 Reference value :  2.20445e-06
 Reference value :  2.20460e-06
 Reference value :  2.20476e-06
 Reference value :  2.20492e-06
 Reference value :  2.20508e-06
 Reference value :  2.20523e-06
 Reference value :  2.20540e-06
 Reference value :  2.20555e-06
 Reference value :  2.20571e-06
 Reference value :  2.20587e-06
 Reference value :  2.20602e-06
 Reference value :  2.20617e-06
 Reference value :  2.20634e-06
 Reference value :  2.20650e-06
 Reference value :  2.20665e-06
 Reference value :  2.20680e-06
 Reference value :  2.20696e-06
 Reference value :  2.20713e-06
 Reference value :  2.20729e-06
 Reference value :  2.20747e-06
 Reference value :  2.20761e-06
 Reference value :  2.20776e-06
 Reference value :  2.20788e-06
 Reference value :  2.20800e-06
 Reference value :  2.20813e-06
 Reference value :  2.20826e-06
 Reference value :  2.20843e-06
 Reference value :  2.20857e-06
 Reference value :  2.20869e-06
 Reference value :  2.20883e-06
 Reference value :  2.20899e-06
 Reference value :  2.20915e-06
 Reference value :  2.20930e-06
 Reference value :  2.20942e-06
 Reference value :  2.20954e-06
 Reference value :  2.20972e-06
 Reference value :  2.20985e-06
 Reference value :  2.20999e-06
 Reference value :  2.21012e-06
 Reference value :  2.21024e-06
 Reference value :  2.21036e-06
 Reference value :  2.21048e-06
 Reference value :  2.21063e-06
 Reference value :  2.21077e-06
 Reference value :  2.21090e-06
 Reference value :  2.21103e-06
 Reference value :  2.21116e-06
 Reference value :  2.21129e-06
 Reference value :  2.21144e-06
 Reference value :  2.21156e-06
 Reference value :  2.21169e-06
 Reference value :  2.21185e-06
 Reference value :  2.21197e-06
 Reference value :  2.21209e-06
 Reference value :  2.21225e-06
 Reference value :  2.21237e-06
 Reference value :  2.21250e-06
 Reference value :  2.21263e-06
 Reference value :  2.21275e-06
 Reference value :  2.21291e-06
 Reference value :  2.21304e-06
 Reference value :  2.21316e-06
 Reference value :  2.21327e-06
 Reference value :  2.21341e-06
 Reference value :  2.21353e-06
 Reference value :  2.21365e-06
 Reference value :  2.21377e-06
 Reference value :  2.21389e-06
 Reference value :  2.21405e-06
 Reference value :  2.21417e-06
 Reference value :  2.21431e-06
 Reference value :  2.21443e-06
 Reference value :  2.21455e-06
 Reference value :  2.21468e-06
 Reference value :  2.21481e-06
 Reference value :  2.21495e-06
 Reference value :  2.21508e-06
 Reference value :  2.21523e-06
 Reference value :  2.21535e-06
 Reference value :  2.21549e-06
 Reference value :  2.21561e-06
 Reference value :  2.21574e-06
 Reference value :  2.21586e-06
 Reference value :  2.21598e-06
 Reference value :  2.21611e-06
 Reference value :  2.21623e-06
 Reference value :  2.21636e-06
 Reference value :  2.21648e-06
 Reference value :  2.21660e-06
 Reference value :  2.21672e-06
 Reference value :  2.21684e-06
 Reference value :  2.21697e-06
 Reference value :  2.21709e-06
 Reference value :  2.21721e-06
 Reference value :  2.21737e-06
 Reference value :  2.21749e-06
 Reference value :  2.21762e-06
 Reference value :  2.21774e-06
 Reference value :  2.21786e-06
 Reference value :  2.21799e-06
 Reference value :  2.21811e-06
 Reference value :  2.21823e-06
 Reference value :  2.21835e-06
 Reference value :  2.21848e-06
 Reference value :  2.21860e-06
 Reference value :  2.21872e-06
 Reference value :  2.21885e-06
 Reference value :  2.21897e-06
 Reference value :  2.21910e-06
 Reference value :  2.21922e-06
 Reference value :  2.21934e-06
 Reference value :  2.21947e-06
 Reference value :  2.21960e-06
 Reference value :  2.21972e-06
 Reference value :  2.21984e-06
 Reference value :  2.21996e-06
 Reference value :  2.22008e-06
 Reference value :  2.22021e-06
 Reference value :  2.22034e-06
 Reference value :  2.22049e-06
 Reference value :  2.22061e-06
 Reference value :  2.22073e-06
 Reference value :  2.22085e-06
 Reference value :  2.22099e-06
 Reference value :  2.22115e-06
 Reference value :  2.22127e-06
 Reference value :  2.22139e-06
 Reference value :  2.22152e-06
 Reference value :  2.22164e-06
 Reference value :  2.22179e-06
 Reference value :  2.22191e-06
 Reference value :  2.22205e-06
 Reference value :  2.22216e-06
 Reference value :  2.22228e-06
 Reference value :  2.22241e-06
 Reference value :  2.22254e-06
 Reference value :  2.22266e-06
 Reference value :  2.22278e-06
 Reference value :  2.22293e-06
 Reference value :  2.22307e-06
 Reference value :  2.22318e-06
 Reference value :  2.22331e-06
 Reference value :  2.22343e-06
 Reference value :  2.22356e-06
 Reference value :  2.22368e-06
 Reference value :  2.22381e-06
 Reference value :  2.22395e-06
 Reference value :  2.22407e-06
 Reference value :  2.22419e-06
 Reference value :  2.22432e-06
 Reference value :  2.22444e-06
 Reference value :  2.22457e-06
 Reference value :  2.22469e-06
 Reference value :  2.22481e-06
 Reference value :  2.22494e-06
 Reference value :  2.22507e-06
 Reference value :  2.22519e-06
 Reference value :  2.22532e-06
 Reference value :  2.22544e-06
 Reference value :  2.22557e-06
 Reference value :  2.22570e-06
 Reference value :  2.22587e-06
 Reference value :  2.22602e-06
 Reference value :  2.22615e-06
 Reference value :  2.22630e-06
 Reference value :  2.22646e-06
 Reference value :  2.22664e-06
 Reference value :  2.22678e-06
 Reference value :  2.22691e-06
 Reference value :  2.22703e-06
 Reference value :  2.22718e-06
 Reference value :  2.22734e-06
 Reference value :  2.22746e-06
 Reference value :  2.22759e-06
 Reference value :  2.22771e-06
 Reference value :  2.22785e-06
 Reference value :  2.22798e-06
 Reference value :  2.22810e-06
 Reference value :  2.22823e-06
 Reference value :  2.22835e-06
 Reference value :  2.22847e-06
 Reference value :  2.22859e-06
 Reference value :  2.22872e-06
 Reference value :  2.22884e-06
 Reference value :  2.22896e-06
 Reference value :  2.22909e-06
 Reference value :  2.22924e-06
 Reference value :  2.22941e-06
 Reference value :  2.22954e-06
 Reference value :  2.22966e-06
 Reference value :  2.22979e-06
 Reference value :  2.22992e-06
 Reference value :  2.23005e-06
 Reference value :  2.23018e-06
 Reference value :  2.23031e-06
 Reference value :  2.23043e-06
 Reference value :  2.23055e-06
 Reference value :  2.23068e-06
 Reference value :  2.23080e-06
 Reference value :  2.23096e-06
 Reference value :  2.23111e-06
 Reference value :  2.23124e-06
 Reference value :  2.23136e-06
 Reference value :  2.23149e-06
 Reference value :  2.23162e-06
 Reference value :  2.23174e-06
 Reference value :  2.23187e-06
 Reference value :  2.23200e-06
 Reference value :  2.23213e-06
 Reference value :  2.23227e-06
 Reference value :  2.23240e-06
 Reference value :  2.23253e-06
 Reference value :  2.23265e-06
 Reference value :  2.23277e-06
 Reference value :  2.23289e-06
 Reference value :  2.23302e-06
 Reference value :  2.23314e-06
 Reference value :  2.23326e-06
 Reference value :  2.23339e-06
 Reference value :  2.23351e-06
 Reference value :  2.23362e-06
 Reference value :  2.23375e-06
 Reference value :  2.23387e-06
 Reference value :  2.23399e-06
 Reference value :  2.23413e-06
 Reference value :  2.23427e-06
 Reference value :  2.23439e-06
 Reference value :  2.23453e-06
 Reference value :  2.23471e-06
 Reference value :  2.23483e-06
 Reference value :  2.23498e-06
 Reference value :  2.23511e-06
 Reference value :  2.23523e-06
 Reference value :  2.23536e-06
 Reference value :  2.23548e-06
 Reference value :  2.23563e-06
 Reference value :  2.23577e-06
 Reference value :  2.23590e-06
 Reference value :  2.23602e-06
 Reference value :  2.23614e-06
 Reference value :  2.23626e-06
 Reference value :  2.23639e-06
 Reference value :  2.23652e-06
 Reference value :  2.23668e-06
 Reference value :  2.23683e-06
 Reference value :  2.23696e-06
 Reference value :  2.23708e-06
 Reference value :  2.23720e-06
 Reference value :  2.23732e-06
 Reference value :  2.23745e-06
 Reference value :  2.23757e-06
 Reference value :  2.23773e-06
 Reference value :  2.23788e-06
 Reference value :  2.23801e-06
 Reference value :  2.23813e-06
 Reference value :  2.23825e-06
 Reference value :  2.23838e-06
 Reference value :  2.23851e-06
 Reference value :  2.23863e-06
 Reference value :  2.23876e-06
 Reference value :  2.23894e-06
 Reference value :  2.23906e-06
 Reference value :  2.23919e-06
 Reference value :  2.23931e-06
 Reference value :  2.23947e-06
 Reference value :  2.23963e-06
 Reference value :  2.23981e-06
 Reference value :  2.23998e-06
 Reference value :  2.24011e-06
 Reference value :  2.24025e-06
 Reference value :  2.24040e-06
 Reference value :  2.24056e-06
 Reference value :  2.24069e-06
 Reference value :  2.24083e-06
 Reference value :  2.24096e-06
 Reference value :  2.24110e-06
 Reference value :  2.24124e-06
 Reference value :  2.24137e-06
 Reference value :  2.24150e-06
 Reference value :  2.24162e-06
 Reference value :  2.24174e-06
 Reference value :  2.24187e-06
 Reference value :  2.24201e-06
 Reference value :  2.24214e-06
 Reference value :  2.24227e-06
 Reference value :  2.24239e-06
 Reference value :  2.24251e-06
 Reference value :  2.24265e-06
 Reference value :  2.24277e-06
 Reference value :  2.24290e-06
 Reference value :  2.24302e-06
 Reference value :  2.24315e-06
 Reference value :  2.24328e-06
 Reference value :  2.24341e-06
 Reference value :  2.24354e-06
 Reference value :  2.24366e-06
 Reference value :  2.24378e-06
 Reference value :  2.24390e-06
 Reference value :  2.24403e-06
 Reference value :  2.24416e-06
 Reference value :  2.24428e-06
 Reference value :  2.24439e-06
 Reference value :  2.24453e-06
 Reference value :  2.24466e-06
 Reference value :  2.24478e-06
 Reference value :  2.24490e-06
 Reference value :  2.24502e-06
 Reference value :  2.24514e-06
 Reference value :  2.24526e-06
 Reference value :  2.24537e-06
 Reference value :  2.24549e-06
 Reference value :  2.24562e-06
 Reference value :  2.24573e-06
 Reference value :  2.24586e-06
 Reference value :  2.24597e-06
 Reference value :  2.24610e-06
 Reference value :  2.24622e-06
 Reference value :  2.24634e-06
 Reference value :  2.24646e-06
 Reference value :  2.24659e-06
 Reference value :  2.24670e-06
 Reference value :  2.24682e-06
 Reference value :  2.24694e-06
 Reference value :  2.24706e-06
 Reference value :  2.24719e-06
 Reference value :  2.24731e-06
 Reference value :  2.24743e-06
 Reference value :  2.24754e-06
 Reference value :  2.24770e-06
 Reference value :  2.24782e-06
 Reference value :  2.24796e-06
 Reference value :  2.24811e-06
 Reference value :  2.24824e-06
 Reference value :  2.24835e-06
 Reference value :  2.24850e-06
 Reference value :  2.24862e-06
 Reference value :  2.24874e-06
 Reference value :  2.24887e-06
 Reference value :  2.24898e-06
 Reference value :  2.24910e-06
 Reference value :  2.24923e-06
 Reference value :  2.24937e-06
 Reference value :  2.24949e-06
 Reference value :  2.24961e-06
 Reference value :  2.24973e-06
 Reference value :  2.24987e-06
 Reference value :  2.25001e-06
 Reference value :  2.25013e-06
 Reference value :  2.25025e-06
 Reference value :  2.25037e-06
 Reference value :  2.25049e-06
 Reference value :  2.25062e-06
 Reference value :  2.25074e-06
 Reference value :  2.25086e-06
 Reference value :  2.25099e-06
 Reference value :  2.25111e-06
 Reference value :  2.25123e-06
 Reference value :  2.25137e-06
 Reference value :  2.25149e-06
 Reference value :  2.25161e-06
 Reference value :  2.25173e-06
 Reference value :  2.25185e-06
 Reference value :  2.25197e-06
 Reference value :  2.25209e-06
 Reference value :  2.25223e-06
 Reference value :  2.25238e-06
 Reference value :  2.25254e-06
 Reference value :  2.25269e-06
 Reference value :  2.25284e-06
 Reference value :  2.25300e-06
 Reference value :  2.25316e-06
 Reference value :  2.25331e-06
 Reference value :  2.25347e-06
 Reference value :  2.25364e-06
 Reference value :  2.25380e-06
 Reference value :  2.25396e-06
 Reference value :  2.25413e-06
 Reference value :  2.25430e-06
 Reference value :  2.25446e-06
 Reference value :  2.25462e-06
 Reference value :  2.25478e-06
 Reference value :  2.25494e-06
 Reference value :  2.25510e-06
 Reference value :  2.25526e-06
 Reference value :  2.25543e-06
 Reference value :  2.25559e-06
 Reference value :  2.25575e-06
 Reference value :  2.25591e-06
 Reference value :  2.25608e-06
 Reference value :  2.25624e-06
 Reference value :  2.25641e-06
 Reference value :  2.25658e-06
 Reference value :  2.25673e-06
 Reference value :  2.25690e-06
 Reference value :  2.25706e-06
 Reference value :  2.25724e-06
 Reference value :  2.25741e-06
 Reference value :  2.25757e-06
 Reference value :  2.25774e-06
 Reference value :  2.25790e-06
 Reference value :  2.25807e-06
 Reference value :  2.25823e-06
 Reference value :  2.25839e-06
 Reference value :  2.25855e-06
 Reference value :  2.25872e-06
 Reference value :  2.25890e-06
 Reference value :  2.25914e-06
 Reference value :  2.25941e-06
 Reference value :  2.25968e-06
 Reference value :  2.25990e-06
 Reference value :  2.26011e-06
 Reference value :  2.26034e-06
 Reference value :  2.26052e-06
 Reference value :  2.26068e-06
 Reference value :  2.26085e-06
 Reference value :  2.26102e-06
 Reference value :  2.26118e-06
 Reference value :  2.26134e-06
 Reference value :  2.26151e-06
 Reference value :  2.26166e-06
 Reference value :  2.26182e-06
 Reference value :  2.26196e-06
 Reference value :  2.26211e-06
 Reference value :  2.26227e-06
 Reference value :  2.26244e-06
 Reference value :  2.26260e-06
 Reference value :  2.26276e-06
 Reference value :  2.26292e-06
 Reference value :  2.26307e-06
 Reference value :  2.26323e-06
 Reference value :  2.26339e-06
 Reference value :  2.26354e-06
 Reference value :  2.26370e-06
 Reference value :  2.26385e-06
 Reference value :  2.26403e-06
 Reference value :  2.26419e-06
 Reference value :  2.26435e-06
 Reference value :  2.26455e-06
 Reference value :  2.26479e-06
 Reference value :  2.26500e-06
 Reference value :  2.26522e-06
 Reference value :  2.26546e-06
 Reference value :  2.26568e-06
 Reference value :  2.26592e-06
 Reference value :  2.26614e-06
 Reference value :  2.26630e-06
 Reference value :  2.26646e-06
 Reference value :  2.26661e-06
 Reference value :  2.26678e-06
 Reference value :  2.26694e-06
 Reference value :  2.26710e-06
 Reference value :  2.26725e-06
 Reference value :  2.26741e-06
 Reference value :  2.26757e-06
 Reference value :  2.26773e-06
 Reference value :  2.26788e-06
 Reference value :  2.26804e-06
 Reference value :  2.26820e-06
 Reference value :  2.26836e-06
 Reference value :  2.26852e-06
 Reference value :  2.26869e-06
 Reference value :  2.26884e-06
 Reference value :  2.26900e-06
 Reference value :  2.26916e-06
 Reference value :  2.26932e-06
 Reference value :  2.26948e-06
 Reference value :  2.26964e-06
 Reference value :  2.26981e-06
 Reference value :  2.26996e-06
 Reference value :  2.27013e-06
 Reference value :  2.27030e-06
 Reference value :  2.27046e-06
 Reference value :  2.27062e-06
 Reference value :  2.27077e-06
 Reference value :  2.27094e-06
 Reference value :  2.27109e-06
 Reference value :  2.27126e-06
 Reference value :  2.27143e-06
 Reference value :  2.27159e-06
 Reference value :  2.27175e-06
 Reference value :  2.27191e-06
 Reference value :  2.27206e-06
 Reference value :  2.27222e-06
 Reference value :  2.27239e-06
 Reference value :  2.27254e-06
 Reference value :  2.27269e-06
 Reference value :  2.27285e-06
 Reference value :  2.27300e-06
 Reference value :  2.27316e-06
 Reference value :  2.27333e-06
 Reference value :  2.27349e-06
 Reference value :  2.27365e-06
 Reference value :  2.27382e-06
 Reference value :  2.27399e-06
 Reference value :  2.27414e-06
 Reference value :  2.27432e-06
 Reference value :  2.27447e-06
 Reference value :  2.27463e-06
 Reference value :  2.27480e-06
 Reference value :  2.27495e-06
 Reference value :  2.27511e-06
 Reference value :  2.27528e-06
 Reference value :  2.27543e-06
 Reference value :  2.27559e-06
 Reference value :  2.27574e-06
 Reference value :  2.27590e-06
 Reference value :  2.27605e-06
 Reference value :  2.27621e-06
 Reference value :  2.27637e-06
 Reference value :  2.27653e-06
 Reference value :  2.27670e-06
 Reference value :  2.27684e-06
 Reference value :  2.27699e-06
 Reference value :  2.27716e-06
 Reference value :  2.27731e-06
 Reference value :  2.27747e-06
 Reference value :  2.27763e-06
 Reference value :  2.27778e-06
 Reference value :  2.27792e-06
 Reference value :  2.27806e-06
 Reference value :  2.27822e-06
 Reference value :  2.27838e-06
 Reference value :  2.27853e-06
 Reference value :  2.27869e-06
 Reference value :  2.27886e-06
 Reference value :  2.27910e-06
 Reference value :  2.27934e-06
 Reference value :  2.27958e-06
 Reference value :  2.27981e-06
 Reference value :  2.28003e-06
 Reference value :  2.28025e-06
 Reference value :  2.28041e-06
 Reference value :  2.28058e-06
 Reference value :  2.28072e-06
 Reference value :  2.28087e-06
 Reference value :  2.28102e-06
 Reference value :  2.28117e-06
 Reference value :  2.28132e-06
 Reference value :  2.28148e-06
 Reference value :  2.28163e-06
 Reference value :  2.28179e-06
 Reference value :  2.28196e-06
 Reference value :  2.28211e-06
 Reference value :  2.28225e-06
 Reference value :  2.28241e-06
 Reference value :  2.28256e-06
 Reference value :  2.28271e-06
 Reference value :  2.28287e-06
 Reference value :  2.28302e-06
 Reference value :  2.28318e-06
 Reference value :  2.28333e-06
 Reference value :  2.28350e-06
 Reference value :  2.28365e-06
 Reference value :  2.28381e-06
 Reference value :  2.28396e-06
 Reference value :  2.28412e-06
 Reference value :  2.28428e-06
 Reference value :  2.28445e-06
 Reference value :  2.28461e-06
 Reference value :  2.28476e-06
 Reference value :  2.28492e-06
 Reference value :  2.28508e-06
 Reference value :  2.28524e-06
 Reference value :  2.28540e-06
 Reference value :  2.28555e-06
 Reference value :  2.28571e-06
 Reference value :  2.28587e-06
 Reference value :  2.28603e-06
 Reference value :  2.28618e-06
 Reference value :  2.28634e-06
 Reference value :  2.28650e-06
 Reference value :  2.28666e-06
 Reference value :  2.28681e-06
 Reference value :  2.28696e-06
 Reference value :  2.28712e-06
 Reference value :  2.28728e-06
 Reference value :  2.28743e-06
 Reference value :  2.28759e-06
 Reference value :  2.28774e-06
 Reference value :  2.28788e-06
 Reference value :  2.28804e-06
 Reference value :  2.28820e-06
 Reference value :  2.28836e-06
 Reference value :  2.28852e-06
 Reference value :  2.28868e-06
 Reference value :  2.28883e-06
 Reference value :  2.28899e-06
 Reference value :  2.28915e-06
 Reference value :  2.28931e-06
 Reference value :  2.28947e-06
 Reference value :  2.28963e-06
 Reference value :  2.28979e-06
 Reference value :  2.28995e-06
 Reference value :  2.29010e-06
 Reference value :  2.29026e-06
 Reference value :  2.29042e-06
 Reference value :  2.29058e-06
 Reference value :  2.29073e-06
 Reference value :  2.29089e-06
 Reference value :  2.29104e-06
 Reference value :  2.29120e-06
 Reference value :  2.29136e-06
 Reference value :  2.29150e-06
 Reference value :  2.29166e-06
 Reference value :  2.29181e-06
 Reference value :  2.29197e-06
 Reference value :  2.29213e-06
 Reference value :  2.29228e-06
 Reference value :  2.29243e-06
 Reference value :  2.29261e-06
 Reference value :  2.29276e-06
 Reference value :  2.29291e-06
 Reference value :  2.29307e-06
 Reference value :  2.29323e-06
 Reference value :  2.29340e-06
 Reference value :  2.29354e-06
 Reference value :  2.29370e-06
 Reference value :  2.29385e-06
 Reference value :  2.29401e-06
 Reference value :  2.29416e-06
 Reference value :  2.29434e-06
 Reference value :  2.29450e-06
 Reference value :  2.29464e-06
 Reference value :  2.29480e-06
 Reference value :  2.29496e-06
 Reference value :  2.29511e-06
 Reference value :  2.29526e-06
 Reference value :  2.29542e-06
 Reference value :  2.29558e-06
 Reference value :  2.29573e-06
 Reference value :  2.29586e-06
 Reference value :  2.29602e-06
 Reference value :  2.29616e-06
 Reference value :  2.29632e-06
 Reference value :  2.29647e-06
 Reference value :  2.29663e-06
 Reference value :  2.29679e-06
 Reference value :  2.29694e-06
 Reference value :  2.29708e-06
 Reference value :  2.29725e-06
 Reference value :  2.29740e-06
 Reference value :  2.29756e-06
 Reference value :  2.29771e-06
 Reference value :  2.29787e-06
 Reference value :  2.29803e-06
 Reference value :  2.29819e-06
 Reference value :  2.29835e-06
 Reference value :  2.29851e-06
 Reference value :  2.29867e-06
 Reference value :  2.29883e-06
 Reference value :  2.29899e-06
 Reference value :  2.29915e-06
 Reference value :  2.29930e-06
 Reference value :  2.29945e-06
 Reference value :  2.29961e-06
 Reference value :  2.29976e-06
 Reference value :  2.29992e-06
 Reference value :  2.30007e-06
 Reference value :  2.30022e-06
 Reference value :  2.30039e-06
 Reference value :  2.30054e-06
 Reference value :  2.30071e-06
 Reference value :  2.30088e-06
 Reference value :  2.30104e-06
 Reference value :  2.30119e-06
 Reference value :  2.30135e-06
 Reference value :  2.30150e-06
 Reference value :  2.30166e-06
 Reference value :  2.30183e-06
 Reference value :  2.30198e-06
 Reference value :  2.30214e-06
 Reference value :  2.30229e-06
 Reference value :  2.30243e-06
 Reference value :  2.30259e-06
 Reference value :  2.30275e-06
 Reference value :  2.30291e-06
 Reference value :  2.30306e-06
 Reference value :  2.30322e-06
 Reference value :  2.30337e-06
 Reference value :  2.30353e-06
 Reference value :  2.30370e-06
 Reference value :  2.30385e-06
 Reference value :  2.30401e-06
 Reference value :  2.30417e-06
 Reference value :  2.30433e-06
 Reference value :  2.30448e-06
 Reference value :  2.30464e-06
 Reference value :  2.30479e-06
 Reference value :  2.30497e-06
 Reference value :  2.30513e-06
 Reference value :  2.30529e-06
 Reference value :  2.30545e-06
 Reference value :  2.30561e-06
 Reference value :  2.30576e-06
 Reference value :  2.30592e-06
 Reference value :  2.30608e-06
 Reference value :  2.30624e-06
 Reference value :  2.30641e-06
 Reference value :  2.30657e-06
 Reference value :  2.30673e-06
 Reference value :  2.30689e-06
 Reference value :  2.30705e-06
 Reference value :  2.30722e-06
 Reference value :  2.30737e-06
 Reference value :  2.30752e-06
 Reference value :  2.30768e-06
 Reference value :  2.30783e-06
 Reference value :  2.30798e-06
 Reference value :  2.30814e-06
 Reference value :  2.30828e-06
 Reference value :  2.30845e-06
 Reference value :  2.30860e-06
 Reference value :  2.30878e-06
 Reference value :  2.30893e-06
 Reference value :  2.30908e-06
 Reference value :  2.30924e-06
 Reference value :  2.30939e-06
 Reference value :  2.30954e-06
 Reference value :  2.30970e-06
 Reference value :  2.30985e-06
 Reference value :  2.31001e-06
 Reference value :  2.31017e-06
 Reference value :  2.31035e-06
 Reference value :  2.31051e-06
 Reference value :  2.31067e-06
 Reference value :  2.31083e-06
 Reference value :  2.31100e-06
 Reference value :  2.31115e-06
 Reference value :  2.31132e-06
 Reference value :  2.31148e-06
 Reference value :  2.31163e-06
 Reference value :  2.31179e-06
 Reference value :  2.31194e-06
 Reference value :  2.31210e-06
 Reference value :  2.31227e-06
 Reference value :  2.31242e-06
 Reference value :  2.31257e-06
 Reference value :  2.31273e-06
 Reference value :  2.31289e-06
 Reference value :  2.31305e-06
 Reference value :  2.31322e-06
 Reference value :  2.31337e-06
 Reference value :  2.31352e-06
 Reference value :  2.31368e-06
 Reference value :  2.31384e-06
 Reference value :  2.31399e-06
 Reference value :  2.31415e-06
 Reference value :  2.31431e-06
 Reference value :  2.31447e-06
 Reference value :  2.31463e-06
 Reference value :  2.31480e-06
 Reference value :  2.31495e-06
 Reference value :  2.31510e-06
 Reference value :  2.31526e-06
 Reference value :  2.31541e-06
 Reference value :  2.31557e-06
 Reference value :  2.31574e-06
 Reference value :  2.31590e-06
 Reference value :  2.31606e-06
 Reference value :  2.31622e-06
 Reference value :  2.31638e-06
 Reference value :  2.31654e-06
 Reference value :  2.31670e-06
 Reference value :  2.31685e-06
 Reference value :  2.31701e-06
 Reference value :  2.31717e-06
 Reference value :  2.31734e-06
 Reference value :  2.31750e-06
 Reference value :  2.31766e-06
 Reference value :  2.31782e-06
 Reference value :  2.31797e-06
 Reference value :  2.31814e-06
 Reference value :  2.31831e-06
 Reference value :  2.31847e-06
 Reference value :  2.31864e-06
 Reference value :  2.31879e-06
 Reference value :  2.31897e-06
 Reference value :  2.31911e-06
 Reference value :  2.31926e-06
 Reference value :  2.31942e-06
 Reference value :  2.31963e-06
 Reference value :  2.31980e-06
 Reference value :  2.31996e-06
 Reference value :  2.32012e-06
 Reference value :  2.32026e-06
 Reference value :  2.32043e-06
 Reference value :  2.32059e-06
 Reference value :  2.32075e-06
 Reference value :  2.32089e-06
 Reference value :  2.32105e-06
 Reference value :  2.32120e-06
 Reference value :  2.32137e-06
 Reference value :  2.32153e-06
 Reference value :  2.32171e-06
 Reference value :  2.32187e-06
 Reference value :  2.32204e-06
 Reference value :  2.32219e-06
 Reference value :  2.32234e-06
 Reference value :  2.32251e-06
 Reference value :  2.32266e-06
 Reference value :  2.32280e-06
 Reference value :  2.32296e-06
 Reference value :  2.32312e-06
 Reference value :  2.32329e-06
 Reference value :  2.32344e-06
 Reference value :  2.32357e-06
 Reference value :  2.32370e-06
 Reference value :  2.32384e-06
 Reference value :  2.32398e-06
 Reference value :  2.32412e-06
 Reference value :  2.32425e-06
 Reference value :  2.32439e-06
 Reference value :  2.32452e-06
 Reference value :  2.32466e-06
 Reference value :  2.32481e-06
 Reference value :  2.32495e-06
 Reference value :  2.32509e-06
 Reference value :  2.32523e-06
 Reference value :  2.32537e-06
 Reference value :  2.32550e-06
 Reference value :  2.32564e-06
 Reference value :  2.32578e-06
 Reference value :  2.32592e-06
 Reference value :  2.32606e-06
 Reference value :  2.32620e-06
 Reference value :  2.32634e-06
 Reference value :  2.32648e-06
 Reference value :  2.32662e-06
 Reference value :  2.32675e-06
 Reference value :  2.32689e-06
 Reference value :  2.32702e-06
 Reference value :  2.32716e-06
 Reference value :  2.32729e-06
 Reference value :  2.32743e-06
 Reference value :  2.32757e-06
 Reference value :  2.32771e-06
 Reference value :  2.32785e-06
 Reference value :  2.32799e-06
 Reference value :  2.32812e-06
 Reference value :  2.32827e-06
 Reference value :  2.32842e-06
 Reference value :  2.32856e-06
 Reference value :  2.32869e-06
 Reference value :  2.32882e-06
 Reference value :  2.32896e-06
 Reference value :  2.32910e-06
 Reference value :  2.32924e-06
 Reference value :  2.32937e-06
 Reference value :  2.32950e-06
 Reference value :  2.32964e-06
 Reference value :  2.32977e-06
 Reference value :  2.32991e-06
 Reference value :  2.33004e-06
 Reference value :  2.33019e-06
 Reference value :  2.33033e-06
 Reference value :  2.33046e-06
 Reference value :  2.33060e-06
 Reference value :  2.33075e-06
 Reference value :  2.33089e-06
 Reference value :  2.33103e-06
 Reference value :  2.33118e-06
 Reference value :  2.33133e-06
 Reference value :  2.33148e-06
 Reference value :  2.33163e-06
 Reference value :  2.33178e-06
 Reference value :  2.33193e-06
 Reference value :  2.33209e-06
 Reference value :  2.33224e-06
 Reference value :  2.33238e-06
 Reference value :  2.33253e-06
 Reference value :  2.33267e-06
 Reference value :  2.33290e-06
 Reference value :  2.33313e-06
 Reference value :  2.33342e-06
 Reference value :  2.33366e-06
 Reference value :  2.33383e-06
 Reference value :  2.33399e-06
 Reference value :  2.33415e-06
 Reference value :  2.33431e-06
 Reference value :  2.33448e-06
 Reference value :  2.33466e-06
 Reference value :  2.33484e-06
 Reference value :  2.33498e-06
 Reference value :  2.33514e-06
 Reference value :  2.33532e-06
 Reference value :  2.33550e-06
 Reference value :  2.33566e-06
 Reference value :  2.33583e-06
 Reference value :  2.33599e-06
 Reference value :  2.33616e-06
 Reference value :  2.33634e-06
 Reference value :  2.33649e-06
 Reference value :  2.33665e-06
 Reference value :  2.33682e-06
 Reference value :  2.33698e-06
 Reference value :  2.33715e-06
 Reference value :  2.33732e-06
 Reference value :  2.33747e-06
 Reference value :  2.33764e-06
 Reference value :  2.33780e-06
 Reference value :  2.33797e-06
 Reference value :  2.33813e-06
 Reference value :  2.33828e-06
 Reference value :  2.33846e-06
 Reference value :  2.33861e-06
 Reference value :  2.33877e-06
 Reference value :  2.33895e-06
 Reference value :  2.33910e-06
 Reference value :  2.33927e-06
 Reference value :  2.33943e-06
 Reference value :  2.33958e-06
 Reference value :  2.33974e-06
 Reference value :  2.33989e-06
 Reference value :  2.34005e-06
 Reference value :  2.34021e-06
 Reference value :  2.34037e-06
 Reference value :  2.34053e-06
 Reference value :  2.34069e-06
 Reference value :  2.34087e-06
 Reference value :  2.34103e-06
 Reference value :  2.34119e-06
 Reference value :  2.34134e-06
 Reference value :  2.34150e-06
 Reference value :  2.34166e-06
 Reference value :  2.34181e-06
 Reference value :  2.34197e-06
 Reference value :  2.34213e-06
 Reference value :  2.34229e-06
 Reference value :  2.34245e-06
 Reference value :  2.34260e-06
 Reference value :  2.34276e-06
 Reference value :  2.34293e-06
 Reference value :  2.34308e-06
 Reference value :  2.34332e-06
 Reference value :  2.34356e-06
 Reference value :  2.34379e-06
 Reference value :  2.34395e-06
 Reference value :  2.34411e-06
 Reference value :  2.34427e-06
 Reference value :  2.34444e-06
 Reference value :  2.34459e-06
 Reference value :  2.34474e-06
 Reference value :  2.34491e-06
 Reference value :  2.34507e-06
 Reference value :  2.34522e-06
 Reference value :  2.34538e-06
 Reference value :  2.34553e-06
 Reference value :  2.34569e-06
 Reference value :  2.34586e-06
 Reference value :  2.34602e-06
 Reference value :  2.34618e-06
 Reference value :  2.34635e-06
 Reference value :  2.34651e-06
 Reference value :  2.34666e-06
 Reference value :  2.34683e-06
 Reference value :  2.34698e-06
 Reference value :  2.34715e-06
 Reference value :  2.34730e-06
 Reference value :  2.34747e-06
 Reference value :  2.34764e-06
 Reference value :  2.34780e-06
 Reference value :  2.34797e-06
 Reference value :  2.34813e-06
 Reference value :  2.34829e-06
 Reference value :  2.34846e-06
 Reference value :  2.34863e-06
 Reference value :  2.34879e-06
 Reference value :  2.34896e-06
 Reference value :  2.34913e-06
 Reference value :  2.34928e-06
 Reference value :  2.34944e-06
 Reference value :  2.34960e-06
 Reference value :  2.34976e-06
 Reference value :  2.34992e-06
 Reference value :  2.35008e-06
 Reference value :  2.35025e-06
 Reference value :  2.35040e-06
 Reference value :  2.35055e-06
 Reference value :  2.35072e-06
 Reference value :  2.35090e-06
 Reference value :  2.35105e-06
 Reference value :  2.35122e-06
 Reference value :  2.35138e-06
 Reference value :  2.35156e-06
 Reference value :  2.35172e-06
 Reference value :  2.35187e-06
 Reference value :  2.35205e-06
 Reference value :  2.35222e-06
 Reference value :  2.35238e-06
 Reference value :  2.35255e-06
 Reference value :  2.35271e-06
 Reference value :  2.35292e-06
 Reference value :  2.35307e-06
 Reference value :  2.35323e-06
 Reference value :  2.35340e-06
 Reference value :  2.35357e-06
 Reference value :  2.35372e-06
 Reference value :  2.35387e-06
 Reference value :  2.35403e-06
 Reference value :  2.35419e-06
 Reference value :  2.35435e-06
 Reference value :  2.35452e-06
 Reference value :  2.35467e-06
 Reference value :  2.35484e-06
 Reference value :  2.35500e-06
 Reference value :  2.35516e-06
 Reference value :  2.35532e-06
 Reference value :  2.35547e-06
 Reference value :  2.35562e-06
 Reference value :  2.35577e-06
 Reference value :  2.35594e-06
 Reference value :  2.35610e-06
 Reference value :  2.35624e-06
 Reference value :  2.35640e-06
 Reference value :  2.35655e-06
 Reference value :  2.35670e-06
 Reference value :  2.35685e-06
 Reference value :  2.35701e-06
 Reference value :  2.35717e-06
 Reference value :  2.35732e-06
 Reference value :  2.35748e-06
 Reference value :  2.35764e-06
 Reference value :  2.35781e-06
 Reference value :  2.35795e-06
 Reference value :  2.35810e-06
 Reference value :  2.35827e-06
 Reference value :  2.35843e-06
 Reference value :  2.35858e-06
 Reference value :  2.35874e-06
 Reference value :  2.35889e-06
 Reference value :  2.35905e-06
 Reference value :  2.35921e-06
 Reference value :  2.35936e-06
 Reference value :  2.35952e-06
 Reference value :  2.35968e-06
 Reference value :  2.35984e-06
 Reference value :  2.35998e-06
 Reference value :  2.36015e-06
 Reference value :  2.36029e-06
 Reference value :  2.36043e-06
 Reference value :  2.36059e-06
 Reference value :  2.36075e-06
 Reference value :  2.36090e-06
 Reference value :  2.36106e-06
 Reference value :  2.36123e-06
 Reference value :  2.36138e-06
 Reference value :  2.36155e-06
 Reference value :  2.36171e-06
 Reference value :  2.36187e-06
 Reference value :  2.36201e-06
 Reference value :  2.36214e-06
 Reference value :  2.36228e-06
 Reference value :  2.36241e-06
 Reference value :  2.36255e-06
 Reference value :  2.36269e-06
 Reference value :  2.36283e-06
 Reference value :  2.36297e-06
 Reference value :  2.36309e-06
 Reference value :  2.36323e-06
 Reference value :  2.36336e-06
 Reference value :  2.36350e-06
 Reference value :  2.36363e-06
 Reference value :  2.36377e-06
 Reference value :  2.36390e-06
 Reference value :  2.36403e-06
 Reference value :  2.36417e-06
 Reference value :  2.36430e-06
 Reference value :  2.36444e-06
 Reference value :  2.36457e-06
 Reference value :  2.36471e-06
 Reference value :  2.36484e-06
 Reference value :  2.36498e-06
 Reference value :  2.36511e-06
 Reference value :  2.36525e-06
 Reference value :  2.36538e-06
 Reference value :  2.36552e-06
 Reference value :  2.36566e-06
 Reference value :  2.36579e-06
 Reference value :  2.36593e-06
 Reference value :  2.36606e-06
 Reference value :  2.36621e-06
 Reference value :  2.36635e-06
 Reference value :  2.36649e-06
 Reference value :  2.36662e-06
 Reference value :  2.36677e-06
 Reference value :  2.36690e-06
 Reference value :  2.36704e-06
 Reference value :  2.36719e-06
 Reference value :  2.36733e-06
 Reference value :  2.36746e-06
 Reference value :  2.36759e-06
 Reference value :  2.36773e-06
 Reference value :  2.36787e-06
 Reference value :  2.36802e-06
 Reference value :  2.36817e-06
 Reference value :  2.36832e-06
 Reference value :  2.36846e-06
 Reference value :  2.36859e-06
 Reference value :  2.36874e-06
 Reference value :  2.36887e-06
 Reference value :  2.36901e-06
 Reference value :  2.36914e-06
 Reference value :  2.36928e-06
 Reference value :  2.36944e-06
 Reference value :  2.36959e-06
 Reference value :  2.36973e-06
 Reference value :  2.36986e-06
 Reference value :  2.37001e-06
 Reference value :  2.37015e-06
 Reference value :  2.37028e-06
 Reference value :  2.37042e-06
 Reference value :  2.37055e-06
 Reference value :  2.37069e-06
 Reference value :  2.37083e-06
 Reference value :  2.37096e-06
 Reference value :  2.37109e-06
 Reference value :  2.37123e-06
 Reference value :  2.37137e-06
 Reference value :  2.37150e-06
 Reference value :  2.37163e-06
 Reference value :  2.37177e-06
 Reference value :  2.37191e-06
 Reference value :  2.37206e-06
 Reference value :  2.37219e-06
 Reference value :  2.37233e-06
 Reference value :  2.37247e-06
 Reference value :  2.37260e-06
 Reference value :  2.37274e-06
 Reference value :  2.37288e-06
 Reference value :  2.37303e-06
 Reference value :  2.37316e-06
 Reference value :  2.37330e-06
 Reference value :  2.37343e-06
 Reference value :  2.37358e-06
 Reference value :  2.37372e-06
 Reference value :  2.37385e-06
 Reference value :  2.37399e-06
 Reference value :  2.37413e-06
 Reference value :  2.37427e-06
 Reference value :  2.37440e-06
 Reference value :  2.37454e-06
 Reference value :  2.37468e-06
 Reference value :  2.37482e-06
 Reference value :  2.37495e-06
 Reference value :  2.37508e-06
 Reference value :  2.37522e-06
 Reference value :  2.37535e-06
 Reference value :  2.37549e-06
 Reference value :  2.37562e-06
 Reference value :  2.37576e-06
 Reference value :  2.37590e-06
 Reference value :  2.37603e-06
 Reference value :  2.37617e-06
 Reference value :  2.37630e-06
 Reference value :  2.37644e-06
 Reference value :  2.37659e-06
 Reference value :  2.37673e-06
 Reference value :  2.37687e-06
 Reference value :  2.37701e-06
 Reference value :  2.37715e-06
 Reference value :  2.37729e-06
 Reference value :  2.37744e-06
 Reference value :  2.37757e-06
 Reference value :  2.37770e-06
 Reference value :  2.37784e-06
 Reference value :  2.37798e-06
 Reference value :  2.37814e-06
 Reference value :  2.37828e-06
 Reference value :  2.37842e-06
 Reference value :  2.37856e-06
 Reference value :  2.37870e-06
 Reference value :  2.37883e-06
 Reference value :  2.37896e-06
 Reference value :  2.37909e-06
 Reference value :  2.37922e-06
 Reference value :  2.37935e-06
 Reference value :  2.37950e-06
 Reference value :  2.37964e-06
 Reference value :  2.37978e-06
 Reference value :  2.37991e-06
 Reference value :  2.38005e-06
 Reference value :  2.38018e-06
 Reference value :  2.38032e-06
 Reference value :  2.38046e-06
 Reference value :  2.38060e-06
 Reference value :  2.38075e-06
 Reference value :  2.38088e-06
 Reference value :  2.38103e-06
 Reference value :  2.38116e-06
 Reference value :  2.38131e-06
 Reference value :  2.38144e-06
 Reference value :  2.38159e-06
 Reference value :  2.38173e-06
 Reference value :  2.38186e-06
 Reference value :  2.38200e-06
 Reference value :  2.38215e-06
 Reference value :  2.38230e-06
 Reference value :  2.38244e-06
 Reference value :  2.38259e-06
 Reference value :  2.38273e-06
 Reference value :  2.38287e-06
 Reference value :  2.38301e-06
 Reference value :  2.38315e-06
 Reference value :  2.38329e-06
 Reference value :  2.38343e-06
 Reference value :  2.38357e-06
 Reference value :  2.38370e-06
 Reference value :  2.38384e-06
 Reference value :  2.38400e-06
 Reference value :  2.38416e-06
 Reference value :  2.38432e-06
 Reference value :  2.38446e-06
 Reference value :  2.38459e-06
 Reference value :  2.38473e-06
 Reference value :  2.38487e-06
 Reference value :  2.38500e-06
 Reference value :  2.38513e-06
 Reference value :  2.38527e-06
 Reference value :  2.38540e-06
 Reference value :  2.38554e-06
 Reference value :  2.38567e-06
 Reference value :  2.38581e-06
 Reference value :  2.38594e-06
 Reference value :  2.38608e-06
 Reference value :  2.38622e-06
 Reference value :  2.38637e-06
 Reference value :  2.38651e-06
 Reference value :  2.38664e-06
 Reference value :  2.38679e-06
 Reference value :  2.38693e-06
 Reference value :  2.38708e-06
 Reference value :  2.38722e-06
 Reference value :  2.38736e-06
 Reference value :  2.38749e-06
 Reference value :  2.38764e-06
 Reference value :  2.38781e-06
 Reference value :  2.38798e-06
 Reference value :  2.38812e-06
 Reference value :  2.38826e-06
 Reference value :  2.38840e-06
 Reference value :  2.38853e-06
 Reference value :  2.38867e-06
 Reference value :  2.38882e-06
 Reference value :  2.38896e-06
 Reference value :  2.38911e-06
 Reference value :  2.38927e-06
 Reference value :  2.38941e-06
 Reference value :  2.38955e-06
 Reference value :  2.38971e-06
 Reference value :  2.38986e-06
 Reference value :  2.39000e-06
 Reference value :  2.39014e-06
 Reference value :  2.39028e-06
 Reference value :  2.39041e-06
 Reference value :  2.39055e-06
 Reference value :  2.39068e-06
 Reference value :  2.39082e-06
 Reference value :  2.39095e-06
 Reference value :  2.39109e-06
 Reference value :  2.39123e-06
 Reference value :  2.39138e-06
 Reference value :  2.39152e-06
 Reference value :  2.39165e-06
 Reference value :  2.39179e-06
 Reference value :  2.39193e-06
 Reference value :  2.39207e-06
 Reference value :  2.39220e-06
 Reference value :  2.39235e-06
 Reference value :  2.39249e-06
 Reference value :  2.39262e-06
 Reference value :  2.39276e-06
 Reference value :  2.39289e-06
 Reference value :  2.39303e-06
 Reference value :  2.39317e-06
 Reference value :  2.39330e-06
 Reference value :  2.39344e-06
 Reference value :  2.39358e-06
 Reference value :  2.39371e-06
 Reference value :  2.39385e-06
 Reference value :  2.39401e-06
 Reference value :  2.39414e-06
 Reference value :  2.39428e-06
 Reference value :  2.39442e-06
 Reference value :  2.39456e-06
 Reference value :  2.39470e-06
 Reference value :  2.39483e-06
 Reference value :  2.39496e-06
 Reference value :  2.39510e-06
 Reference value :  2.39523e-06
 Reference value :  2.39537e-06
 Reference value :  2.39550e-06
 Reference value :  2.39564e-06
 Reference value :  2.39578e-06
 Reference value :  2.39593e-06
 Reference value :  2.39606e-06
 Reference value :  2.39620e-06
 Reference value :  2.39634e-06
 Reference value :  2.39647e-06
 Reference value :  2.39660e-06
 Reference value :  2.39674e-06
 Reference value :  2.39687e-06
 Reference value :  2.39700e-06
 Reference value :  2.39714e-06
 Reference value :  2.39727e-06
 Reference value :  2.39742e-06
 Reference value :  2.39756e-06
 Reference value :  2.39770e-06
 Reference value :  2.39783e-06
 Reference value :  2.39799e-06
 Reference value :  2.39813e-06
 Reference value :  2.39827e-06
 Reference value :  2.39840e-06
 Reference value :  2.39854e-06
 Reference value :  2.39870e-06
 Reference value :  2.39883e-06
 Reference value :  2.39896e-06
 Reference value :  2.39911e-06
 Reference value :  2.39925e-06
 Reference value :  2.39939e-06
 Reference value :  2.39952e-06
 Reference value :  2.39966e-06
 Reference value :  2.39980e-06
 Reference value :  2.39994e-06
 Reference value :  2.40007e-06
 Reference value :  2.40022e-06
 Reference value :  2.40036e-06
 Reference value :  2.40050e-06
 Reference value :  2.40064e-06
 Reference value :  2.40078e-06
 Reference value :  2.40091e-06
 Reference value :  2.40104e-06
 Reference value :  2.40119e-06
 Reference value :  2.40132e-06
 Reference value :  2.40146e-06
 Reference value :  2.40159e-06
 Reference value :  2.40172e-06
 Reference value :  2.40186e-06
 Reference value :  2.40199e-06
 Reference value :  2.40214e-06
 Reference value :  2.40229e-06
 Reference value :  2.40242e-06
 Reference value :  2.40256e-06
 Reference value :  2.40270e-06
 Reference value :  2.40284e-06
 Reference value :  2.40301e-06
 Reference value :  2.40317e-06
 Reference value :  2.40330e-06
 Reference value :  2.40344e-06
 Reference value :  2.40357e-06
 Reference value :  2.40371e-06
 Reference value :  2.40384e-06
 Reference value :  2.40399e-06
 Reference value :  2.40413e-06
 Reference value :  2.40427e-06
 Reference value :  2.40441e-06
 Reference value :  2.40456e-06
 Reference value :  2.40469e-06
 Reference value :  2.40483e-06
 Reference value :  2.40496e-06
 Reference value :  2.40510e-06
 Reference value :  2.40523e-06
 Reference value :  2.40537e-06
 Reference value :  2.40550e-06
 Reference value :  2.40565e-06
 Reference value :  2.40579e-06
 Reference value :  2.40593e-06
 Reference value :  2.40606e-06
 Reference value :  2.40622e-06
 Reference value :  2.40636e-06
 Reference value :  2.40651e-06
 Reference value :  2.40664e-06
 Reference value :  2.40684e-06
 Reference value :  2.40701e-06
 Reference value :  2.40715e-06
 Reference value :  2.40728e-06
 Reference value :  2.40741e-06
 Reference value :  2.40755e-06
 Reference value :  2.40768e-06
 Reference value :  2.40782e-06
 Reference value :  2.40795e-06
 Reference value :  2.40808e-06
 Reference value :  2.40822e-06
 Reference value :  2.40836e-06
 Reference value :  2.40850e-06
 Reference value :  2.40867e-06
 Reference value :  2.40881e-06
 Reference value :  2.40895e-06
 Reference value :  2.40909e-06
 Reference value :  2.40924e-06
 Reference value :  2.40938e-06
 Reference value :  2.40952e-06
 Reference value :  2.40967e-06
 Reference value :  2.40981e-06
 Reference value :  2.40996e-06
 Reference value :  2.41011e-06
 Reference value :  2.41024e-06
 Reference value :  2.41038e-06
 Reference value :  2.41052e-06
 Reference value :  2.41065e-06
 Reference value :  2.41080e-06
 Reference value :  2.41094e-06
 Reference value :  2.41108e-06
 Reference value :  2.41121e-06
 Reference value :  2.41135e-06
 Reference value :  2.41149e-06
 Reference value :  2.41163e-06
 Reference value :  2.41177e-06
 Reference value :  2.41191e-06
 Reference value :  2.41206e-06
 Reference value :  2.41219e-06
 Reference value :  2.41233e-06
 Reference value :  2.41246e-06
 Reference value :  2.41260e-06
 Reference value :  2.41273e-06
 Reference value :  2.41287e-06
 Reference value :  2.41301e-06
 Reference value :  2.41315e-06
 Reference value :  2.41330e-06
 Reference value :  2.41344e-06
 Reference value :  2.41357e-06
 Reference value :  2.41371e-06
 Reference value :  2.41385e-06
 Reference value :  2.41398e-06
 Reference value :  2.41412e-06
 Reference value :  2.41426e-06
 Reference value :  2.41441e-06
 Reference value :  2.41458e-06
 Reference value :  2.41473e-06
 Reference value :  2.41488e-06
 Reference value :  2.41501e-06
 Reference value :  2.41515e-06
 Reference value :  2.41529e-06
 Reference value :  2.41544e-06
 Reference value :  2.41558e-06
 Reference value :  2.41571e-06
 Reference value :  2.41584e-06
 Reference value :  2.41598e-06
 Reference value :  2.41611e-06
 Reference value :  2.41625e-06
 Reference value :  2.41639e-06
 Reference value :  2.41652e-06
 Reference value :  2.41666e-06
 Reference value :  2.41679e-06
 Reference value :  2.41693e-06
 Reference value :  2.41706e-06
 Reference value :  2.41719e-06
 Reference value :  2.41732e-06
 Reference value :  2.41746e-06
 Reference value :  2.41761e-06
 Reference value :  2.41776e-06
 Reference value :  2.41800e-06
 Reference value :  2.41824e-06
 Reference value :  2.41843e-06
 Reference value :  2.41857e-06
 Reference value :  2.41871e-06
 Reference value :  2.41884e-06
 Reference value :  2.41899e-06
 Reference value :  2.41912e-06
 Reference value :  2.41926e-06
 Reference value :  2.41939e-06
 Reference value :  2.41953e-06
 Reference value :  2.41966e-06
 Reference value :  2.41980e-06
 Reference value :  2.41993e-06
 Reference value :  2.42007e-06
 Reference value :  2.42021e-06
 Reference value :  2.42034e-06
 Reference value :  2.42048e-06
 Reference value :  2.42061e-06
 Reference value :  2.42075e-06
 Reference value :  2.42089e-06
 Reference value :  2.42103e-06
 Reference value :  2.42116e-06
 Reference value :  2.42130e-06
 Reference value :  2.42144e-06
 Reference value :  2.42157e-06
 Reference value :  2.42170e-06
 Reference value :  2.42184e-06
 Reference value :  2.42197e-06
 Reference value :  2.42211e-06
 Reference value :  2.42225e-06
 Reference value :  2.42238e-06
 Reference value :  2.42252e-06
 Reference value :  2.42265e-06
 Reference value :  2.42279e-06
 Reference value :  2.42292e-06
 Reference value :  2.42305e-06
 Reference value :  2.42321e-06
 Reference value :  2.42334e-06
 Reference value :  2.42347e-06
 Reference value :  2.42360e-06
 Reference value :  2.42373e-06
 Reference value :  2.42386e-06
 Reference value :  2.42400e-06
 Reference value :  2.42413e-06
 Reference value :  2.42426e-06
 Reference value :  2.42440e-06
 Reference value :  2.42454e-06
 Reference value :  2.42468e-06
 Reference value :  2.42482e-06
 Reference value :  2.42495e-06
 Reference value :  2.42508e-06
 Reference value :  2.42523e-06
 Reference value :  2.42537e-06
 Reference value :  2.42551e-06
 Reference value :  2.42565e-06
 Reference value :  2.42578e-06
 Reference value :  2.42592e-06
 Reference value :  2.42606e-06
 Reference value :  2.42619e-06
 Reference value :  2.42633e-06
 Reference value :  2.42646e-06
 Reference value :  2.42660e-06
 Reference value :  2.42673e-06
 Reference value :  2.42687e-06
 Reference value :  2.42702e-06
 Reference value :  2.42715e-06
 Reference value :  2.42729e-06
 Reference value :  2.42743e-06
 Reference value :  2.42757e-06
 Reference value :  2.42770e-06
 Reference value :  2.42784e-06
 Reference value :  2.42799e-06
 Reference value :  2.42812e-06
 Reference value :  2.42826e-06
 Reference value :  2.42839e-06
 Reference value :  2.42853e-06
 Reference value :  2.42867e-06
 Reference value :  2.42880e-06
 Reference value :  2.42894e-06
 Reference value :  2.42909e-06
 Reference value :  2.42923e-06
 Reference value :  2.42936e-06
 Reference value :  2.42951e-06
 Reference value :  2.42967e-06
 Reference value :  2.42982e-06
 Reference value :  2.42997e-06
 Reference value :  2.43010e-06
 Reference value :  2.43024e-06
 Reference value :  2.43037e-06
 Reference value :  2.43050e-06
 Reference value :  2.43065e-06
 Reference value :  2.43078e-06
 Reference value :  2.43092e-06
 Reference value :  2.43106e-06
 Reference value :  2.43120e-06
 Reference value :  2.43134e-06
 Reference value :  2.43147e-06
 Reference value :  2.43161e-06
 Reference value :  2.43174e-06
 Reference value :  2.43188e-06
 Reference value :  2.43202e-06
 Reference value :  2.43216e-06
 Reference value :  2.43230e-06
 Reference value :  2.43243e-06
 Reference value :  2.43256e-06
 Reference value :  2.43272e-06
 Reference value :  2.43286e-06
 Reference value :  2.43299e-06
 Reference value :  2.43312e-06
 Reference value :  2.43326e-06
 Reference value :  2.43339e-06
 Reference value :  2.43353e-06
 Reference value :  2.43367e-06
 Reference value :  2.43381e-06
 Reference value :  2.43395e-06
 Reference value :  2.43408e-06
 Reference value :  2.43421e-06
 Reference value :  2.43434e-06
 Reference value :  2.43447e-06
 Reference value :  2.43463e-06
 Reference value :  2.43477e-06
 Reference value :  2.43490e-06
 Reference value :  2.43503e-06
 Reference value :  2.43517e-06
 Reference value :  2.43531e-06
 Reference value :  2.43545e-06
 Reference value :  2.43559e-06
 Reference value :  2.43573e-06
 Reference value :  2.43586e-06
 Reference value :  2.43599e-06
 Reference value :  2.43613e-06
 Reference value :  2.43626e-06
 Reference value :  2.43640e-06
 Reference value :  2.43653e-06
 Reference value :  2.43666e-06
 Reference value :  2.43678e-06
 Reference value :  2.43691e-06
 Reference value :  2.43704e-06
 Reference value :  2.43717e-06
 Reference value :  2.43730e-06
 Reference value :  2.43744e-06
 Reference value :  2.43757e-06
 Reference value :  2.43770e-06
 Reference value :  2.43783e-06
 Reference value :  2.43796e-06
 Reference value :  2.43808e-06
 Reference value :  2.43822e-06
 Reference value :  2.43835e-06
 Reference value :  2.43848e-06
 Reference value :  2.43862e-06
 Reference value :  2.43875e-06
 Reference value :  2.43888e-06
 Reference value :  2.43900e-06
 Reference value :  2.43914e-06
 Reference value :  2.43927e-06
 Reference value :  2.43940e-06
 Reference value :  2.43952e-06
 Reference value :  2.43965e-06
 Reference value :  2.43978e-06
 Reference value :  2.43991e-06
 Reference value :  2.44004e-06
 Reference value :  2.44017e-06
 Reference value :  2.44029e-06
 Reference value :  2.44043e-06
 Reference value :  2.44055e-06
 Reference value :  2.44069e-06
 Reference value :  2.44082e-06
 Reference value :  2.44095e-06
 Reference value :  2.44107e-06
 Reference value :  2.44121e-06
 Reference value :  2.44134e-06
 Reference value :  2.44148e-06
 Reference value :  2.44160e-06
 Reference value :  2.44174e-06
 Reference value :  2.44188e-06
 Reference value :  2.44201e-06
 Reference value :  2.44214e-06
 Reference value :  2.44227e-06
 Reference value :  2.44240e-06
 Reference value :  2.44253e-06
 Reference value :  2.44266e-06
 Reference value :  2.44280e-06
 Reference value :  2.44293e-06
 Reference value :  2.44306e-06
 Reference value :  2.44320e-06
 Reference value :  2.44334e-06
 Reference value :  2.44348e-06
 Reference value :  2.44361e-06
 Reference value :  2.44374e-06
 Reference value :  2.44389e-06
 Reference value :  2.44402e-06
 Reference value :  2.44415e-06
 Reference value :  2.44429e-06
 Reference value :  2.44443e-06
 Reference value :  2.44456e-06
 Reference value :  2.44470e-06
 Reference value :  2.44482e-06
 Reference value :  2.44496e-06
 Reference value :  2.44509e-06
 Reference value :  2.44522e-06
 Reference value :  2.44536e-06
 Reference value :  2.44549e-06
 Reference value :  2.44562e-06
 Reference value :  2.44575e-06
 Reference value :  2.44588e-06
 Reference value :  2.44602e-06
 Reference value :  2.44615e-06
 Reference value :  2.44629e-06
 Reference value :  2.44643e-06
 Reference value :  2.44656e-06
 Reference value :  2.44670e-06
 Reference value :  2.44683e-06
 Reference value :  2.44697e-06
 Reference value :  2.44711e-06
 Reference value :  2.44724e-06
 Reference value :  2.44739e-06
 Reference value :  2.44753e-06
 Reference value :  2.44766e-06
 Reference value :  2.44780e-06
 Reference value :  2.44794e-06
 Reference value :  2.44808e-06
 Reference value :  2.44821e-06
 Reference value :  2.44834e-06
 Reference value :  2.44849e-06
 Reference value :  2.44862e-06
 Reference value :  2.44876e-06
 Reference value :  2.44889e-06
 Reference value :  2.44903e-06
 Reference value :  2.44917e-06
 Reference value :  2.44930e-06
 Reference value :  2.44944e-06
 Reference value :  2.44957e-06
 Reference value :  2.44970e-06
 Reference value :  2.44984e-06
 Reference value :  2.44997e-06
 Reference value :  2.45010e-06
 Reference value :  2.45024e-06
 Reference value :  2.45038e-06
 Reference value :  2.45051e-06
 Reference value :  2.45064e-06
 Reference value :  2.45078e-06
 Reference value :  2.45092e-06
 Reference value :  2.45105e-06
 Reference value :  2.45119e-06
 Reference value :  2.45133e-06
 Reference value :  2.45146e-06
 Reference value :  2.45160e-06
 Reference value :  2.45174e-06
 Reference value :  2.45187e-06
 Reference value :  2.45200e-06
 Reference value :  2.45214e-06
 Reference value :  2.45227e-06
 Reference value :  2.45241e-06
 Reference value :  2.45255e-06
 Reference value :  2.45268e-06
 Reference value :  2.45282e-06
 Reference value :  2.45298e-06
 Reference value :  2.45313e-06
 Reference value :  2.45328e-06
 Reference value :  2.45341e-06
 Reference value :  2.45355e-06
 Reference value :  2.45369e-06
 Reference value :  2.45383e-06
 Reference value :  2.45397e-06
 Reference value :  2.45411e-06
 Reference value :  2.45424e-06
 Reference value :  2.45437e-06
 Reference value :  2.45450e-06
 Reference value :  2.45464e-06
 Reference value :  2.45478e-06
 Reference value :  2.45492e-06
 Reference value :  2.45506e-06
 Reference value :  2.45520e-06
 Reference value :  2.45534e-06
 Reference value :  2.45548e-06
 Reference value :  2.45561e-06
 Reference value :  2.45575e-06
 Reference value :  2.45589e-06
 Reference value :  2.45602e-06
 Reference value :  2.45616e-06
 Reference value :  2.45629e-06
 Reference value :  2.45644e-06
 Reference value :  2.45658e-06
 Reference value :  2.45671e-06
 Reference value :  2.45685e-06
 Reference value :  2.45698e-06
 Reference value :  2.45712e-06
 Reference value :  2.45725e-06
 Reference value :  2.45739e-06
 Reference value :  2.45753e-06
 Reference value :  2.45766e-06
 Reference value :  2.45780e-06
 Reference value :  2.45794e-06
 Reference value :  2.45808e-06
 Reference value :  2.45822e-06
 Reference value :  2.45836e-06
 Reference value :  2.45849e-06
 Reference value :  2.45863e-06
 Reference value :  2.45877e-06
 Reference value :  2.45891e-06
 Reference value :  2.45909e-06
 Reference value :  2.45933e-06
 Reference value :  2.45951e-06
 Reference value :  2.45965e-06
 Reference value :  2.45978e-06
 Reference value :  2.45993e-06
 Reference value :  2.46007e-06
 Reference value :  2.46021e-06
 Reference value :  2.46035e-06
 Reference value :  2.46049e-06
 Reference value :  2.46062e-06
 Reference value :  2.46076e-06
 Reference value :  2.46090e-06
 Reference value :  2.46104e-06
 Reference value :  2.46120e-06
 Reference value :  2.46133e-06
 Reference value :  2.46148e-06
 Reference value :  2.46162e-06
 Reference value :  2.46176e-06
 Reference value :  2.46190e-06
 Reference value :  2.46204e-06
 Reference value :  2.46217e-06
 Reference value :  2.46231e-06
 Reference value :  2.46245e-06
 Reference value :  2.46259e-06
 Reference value :  2.46273e-06
 Reference value :  2.46287e-06
 Reference value :  2.46302e-06
 Reference value :  2.46317e-06
 Reference value :  2.46330e-06
 Reference value :  2.46344e-06
 Reference value :  2.46357e-06
 Reference value :  2.46370e-06
 Reference value :  2.46384e-06
 Reference value :  2.46398e-06
 Reference value :  2.46411e-06
 Reference value :  2.46425e-06
 Reference value :  2.46439e-06
 Reference value :  2.46453e-06
 Reference value :  2.46468e-06
 Reference value :  2.46482e-06
 Reference value :  2.46495e-06
 Reference value :  2.46513e-06
 Reference value :  2.46527e-06
 Reference value :  2.46541e-06
 Reference value :  2.46555e-06
 Reference value :  2.46569e-06
 Reference value :  2.46583e-06
 Reference value :  2.46597e-06
 Reference value :  2.46610e-06
 Reference value :  2.46623e-06
 Reference value :  2.46640e-06
 Reference value :  2.46656e-06
 Reference value :  2.46670e-06
 Reference value :  2.46684e-06
 Reference value :  2.46698e-06
 Reference value :  2.46712e-06
 Reference value :  2.46726e-06
 Reference value :  2.46740e-06
 Reference value :  2.46753e-06
 Reference value :  2.46766e-06
 Reference value :  2.46783e-06
 Reference value :  2.46799e-06
 Reference value :  2.46822e-06
 Reference value :  2.46837e-06
 Reference value :  2.46851e-06
 Reference value :  2.46872e-06
 Reference value :  2.46886e-06
 Reference value :  2.46900e-06
 Reference value :  2.46913e-06
 Reference value :  2.46927e-06
 Reference value :  2.46953e-06
 Reference value :  2.46968e-06
 Reference value :  2.46982e-06
 Reference value :  2.46995e-06
 Reference value :  2.47009e-06
 Reference value :  2.47022e-06
 Reference value :  2.47035e-06
 Reference value :  2.47048e-06
 Reference value :  2.47062e-06
 Reference value :  2.47075e-06
 Reference value :  2.47089e-06
 Reference value :  2.47103e-06
 Reference value :  2.47116e-06
 Reference value :  2.47129e-06
 Reference value :  2.47142e-06
 Reference value :  2.47157e-06
 Reference value :  2.47171e-06
 Reference value :  2.47184e-06
 Reference value :  2.47199e-06
 Reference value :  2.47213e-06
 Reference value :  2.47226e-06
 Reference value :  2.47240e-06
 Reference value :  2.47255e-06
 Reference value :  2.47269e-06
 Reference value :  2.47283e-06
 Reference value :  2.47297e-06
 Reference value :  2.47312e-06
 Reference value :  2.47325e-06
 Reference value :  2.47339e-06
 Reference value :  2.47353e-06
 Reference value :  2.47367e-06
 Reference value :  2.47381e-06
 Reference value :  2.47394e-06
 Reference value :  2.47408e-06
 Reference value :  2.47421e-06
 Reference value :  2.47436e-06
 Reference value :  2.47449e-06
 Reference value :  2.47463e-06
 Reference value :  2.47476e-06
 Reference value :  2.47490e-06
 Reference value :  2.47504e-06
 Reference value :  2.47518e-06
 Reference value :  2.47531e-06
 Reference value :  2.47545e-06
 Reference value :  2.47559e-06
 Reference value :  2.47572e-06
 Reference value :  2.47586e-06
 Reference value :  2.47599e-06
 Reference value :  2.47612e-06
 Reference value :  2.47626e-06
 Reference value :  2.47639e-06
 Reference value :  2.47653e-06
 Reference value :  2.47667e-06
 Reference value :  2.47680e-06
 Reference value :  2.47694e-06
 Reference value :  2.47707e-06
 Reference value :  2.47721e-06
 Reference value :  2.47736e-06
 Reference value :  2.47750e-06
 Reference value :  2.47764e-06
 Reference value :  2.47778e-06
 Reference value :  2.47793e-06
 Reference value :  2.47806e-06
 Reference value :  2.47820e-06
 Reference value :  2.47835e-06
 Reference value :  2.47849e-06
 Reference value :  2.47863e-06
 Reference value :  2.47877e-06
 Reference value :  2.47891e-06
 Reference value :  2.47905e-06
 Reference value :  2.47919e-06
 Reference value :  2.47934e-06
 Reference value :  2.47947e-06
 Reference value :  2.47962e-06
 Reference value :  2.47976e-06
 Reference value :  2.47990e-06
 Reference value :  2.48004e-06
 Reference value :  2.48017e-06
 Reference value :  2.48031e-06
 Reference value :  2.48045e-06
 Reference value :  2.48061e-06
 Reference value :  2.48078e-06
 Reference value :  2.48093e-06
 Reference value :  2.48109e-06
 Reference value :  2.48125e-06
 Reference value :  2.48141e-06
 Reference value :  2.48155e-06
 Reference value :  2.48169e-06
 Reference value :  2.48185e-06
 Reference value :  2.48200e-06
 Reference value :  2.48214e-06
 Reference value :  2.48228e-06
 Reference value :  2.48244e-06
 Reference value :  2.48261e-06
 Reference value :  2.48279e-06
 Reference value :  2.48294e-06
 Reference value :  2.48311e-06
 Reference value :  2.48327e-06
 Reference value :  2.48342e-06
 Reference value :  2.48358e-06
 Reference value :  2.48374e-06
 Reference value :  2.48389e-06
 Reference value :  2.48403e-06
 Reference value :  2.48419e-06
 Reference value :  2.48433e-06
 Reference value :  2.48450e-06
 Reference value :  2.48464e-06
 Reference value :  2.48479e-06
 Reference value :  2.48494e-06
 Reference value :  2.48509e-06
 Reference value :  2.48523e-06
 Reference value :  2.48538e-06
 Reference value :  2.48551e-06
 Reference value :  2.48566e-06
 Reference value :  2.48579e-06
 Reference value :  2.48593e-06
 Reference value :  2.48606e-06
 Reference value :  2.48621e-06
 Reference value :  2.48638e-06
 Reference value :  2.48655e-06
 Reference value :  2.48673e-06
 Reference value :  2.48689e-06
 Reference value :  2.48706e-06
 Reference value :  2.48723e-06
 Reference value :  2.48740e-06
 Reference value :  2.48757e-06
 Reference value :  2.48773e-06
 Reference value :  2.48789e-06
 Reference value :  2.48804e-06
 Reference value :  2.48820e-06
 Reference value :  2.48836e-06
 Reference value :  2.48853e-06
 Reference value :  2.48868e-06
 Reference value :  2.48882e-06
 Reference value :  2.48898e-06
 Reference value :  2.48912e-06
 Reference value :  2.48926e-06
 Reference value :  2.48943e-06
 Reference value :  2.48960e-06
 Reference value :  2.48976e-06
 Reference value :  2.48990e-06
 Reference value :  2.49004e-06
 Reference value :  2.49021e-06
 Reference value :  2.49036e-06
 Reference value :  2.49053e-06
 Reference value :  2.49067e-06
 Reference value :  2.49083e-06
 Reference value :  2.49098e-06
 Reference value :  2.49112e-06
 Reference value :  2.49127e-06
 Reference value :  2.49143e-06
 Reference value :  2.49158e-06
 Reference value :  2.49174e-06
 Reference value :  2.49189e-06
 Reference value :  2.49203e-06
 Reference value :  2.49218e-06
 Reference value :  2.49232e-06
 Reference value :  2.49247e-06
 Reference value :  2.49263e-06
 Reference value :  2.49279e-06
 Reference value :  2.49294e-06
 Reference value :  2.49308e-06
 Reference value :  2.49322e-06
 Reference value :  2.49337e-06
 Reference value :  2.49350e-06
 Reference value :  2.49365e-06
 Reference value :  2.49379e-06
 Reference value :  2.49393e-06
 Reference value :  2.49410e-06
 Reference value :  2.49425e-06
 Reference value :  2.49440e-06
 Reference value :  2.49453e-06
 Reference value :  2.49467e-06
 Reference value :  2.49483e-06
 Reference value :  2.49499e-06
 Reference value :  2.49516e-06
 Reference value :  2.49530e-06
 Reference value :  2.49544e-06
 Reference value :  2.49559e-06
 Reference value :  2.49574e-06
 Reference value :  2.49588e-06
 Reference value :  2.49602e-06
 Reference value :  2.49623e-06
 Reference value :  2.49639e-06
 Reference value :  2.49653e-06
 Reference value :  2.49667e-06
 Reference value :  2.49685e-06
 Reference value :  2.49699e-06
 Reference value :  2.49714e-06
 Reference value :  2.49732e-06
 Reference value :  2.49747e-06
 Reference value :  2.49762e-06
 Reference value :  2.49775e-06
 Reference value :  2.49791e-06
 Reference value :  2.49806e-06
 Reference value :  2.49822e-06
 Reference value :  2.49835e-06
 Reference value :  2.49849e-06
 Reference value :  2.49863e-06
 Reference value :  2.49881e-06
 Reference value :  2.49898e-06
 Reference value :  2.49914e-06
 Reference value :  2.49929e-06
 Reference value :  2.49946e-06
 Reference value :  2.49961e-06
 Reference value :  2.49977e-06
 Reference value :  2.49992e-06
 Reference value :  2.50006e-06
 Reference value :  2.50020e-06
 Reference value :  2.50035e-06
 Reference value :  2.50049e-06
 Reference value :  2.50065e-06
 Reference value :  2.50080e-06
 Reference value :  2.50093e-06
 Reference value :  2.50108e-06
 Reference value :  2.50129e-06
 Reference value :  2.50144e-06
 Reference value :  2.50163e-06
 Reference value :  2.50178e-06
 Reference value :  2.50194e-06
 Reference value :  2.50208e-06
 Reference value :  2.50229e-06
 Reference value :  2.50244e-06
 Reference value :  2.50260e-06
 Reference value :  2.50275e-06
 Reference value :  2.50291e-06
 Reference value :  2.50306e-06
 Reference value :  2.50320e-06
 Reference value :  2.50334e-06
 Reference value :  2.50349e-06
 Reference value :  2.50364e-06
 Reference value :  2.50378e-06
 Reference value :  2.50393e-06
 Reference value :  2.50407e-06
 Reference value :  2.50423e-06
 Reference value :  2.50439e-06
 Reference value :  2.50455e-06
 Reference value :  2.50471e-06
 Reference value :  2.50486e-06
 Reference value :  2.50502e-06
 Reference value :  2.50522e-06
 Reference value :  2.50547e-06
 Reference value :  2.50572e-06
 Reference value :  2.50592e-06
 Reference value :  2.50610e-06
 Reference value :  2.50627e-06
 Reference value :  2.50645e-06
 Reference value :  2.50663e-06
 Reference value :  2.50684e-06
 Reference value :  2.50699e-06
 Reference value :  2.50713e-06
 Reference value :  2.50728e-06
 Reference value :  2.50743e-06
 Reference value :  2.50758e-06
 Reference value :  2.50772e-06
 Reference value :  2.50786e-06
 Reference value :  2.50800e-06
 Reference value :  2.50815e-06
 Reference value :  2.50832e-06
 Reference value :  2.50851e-06
 Reference value :  2.50865e-06
 Reference value :  2.50878e-06
 Reference value :  2.50895e-06
 Reference value :  2.50910e-06
 Reference value :  2.50925e-06
 Reference value :  2.50938e-06
 Reference value :  2.50953e-06
 Reference value :  2.50968e-06
 Reference value :  2.50984e-06
 Reference value :  2.50999e-06
 Reference value :  2.51014e-06
 Reference value :  2.51029e-06
 Reference value :  2.51045e-06
 Reference value :  2.51064e-06
 Reference value :  2.51081e-06
 Reference value :  2.51099e-06
 Reference value :  2.51118e-06
 Reference value :  2.51133e-06
 Reference value :  2.51150e-06
 Reference value :  2.51167e-06
 Reference value :  2.51184e-06
 Reference value :  2.51201e-06
 Reference value :  2.51218e-06
 Reference value :  2.51236e-06
 Reference value :  2.51258e-06
 Reference value :  2.51276e-06
 Reference value :  2.51293e-06
 Reference value :  2.51310e-06
 Reference value :  2.51325e-06
 Reference value :  2.51341e-06
 Reference value :  2.51357e-06
 Reference value :  2.51373e-06
 Reference value :  2.51389e-06
 Reference value :  2.51405e-06
 Reference value :  2.51421e-06
 Reference value :  2.51437e-06
 Reference value :  2.51451e-06
 Reference value :  2.51467e-06
 Reference value :  2.51483e-06
 Reference value :  2.51499e-06
 Reference value :  2.51514e-06
 Reference value :  2.51528e-06
 Reference value :  2.51541e-06
 Reference value :  2.51556e-06
 Reference value :  2.51571e-06
 Reference value :  2.51584e-06
 Reference value :  2.51598e-06
 Reference value :  2.51613e-06
 Reference value :  2.51627e-06
 Reference value :  2.51642e-06
 Reference value :  2.51657e-06
 Reference value :  2.51673e-06
 Reference value :  2.51687e-06
 Reference value :  2.51705e-06
 Reference value :  2.51721e-06
 Reference value :  2.51738e-06
 Reference value :  2.51755e-06
 Reference value :  2.51772e-06
 Reference value :  2.51789e-06
 Reference value :  2.51805e-06
 Reference value :  2.51823e-06
 Reference value :  2.51840e-06
 Reference value :  2.51856e-06
 Reference value :  2.51874e-06
 Reference value :  2.51889e-06
 Reference value :  2.51904e-06
 Reference value :  2.51920e-06
 Reference value :  2.51936e-06
 Reference value :  2.51951e-06
 Reference value :  2.51966e-06
 Reference value :  2.51980e-06
 Reference value :  2.51996e-06
 Reference value :  2.52013e-06
 Reference value :  2.52029e-06
 Reference value :  2.52045e-06
 Reference value :  2.52062e-06
 Reference value :  2.52077e-06
 Reference value :  2.52092e-06
 Reference value :  2.52105e-06
 Reference value :  2.52121e-06
 Reference value :  2.52135e-06
 Reference value :  2.52150e-06
 Reference value :  2.52165e-06
 Reference value :  2.52180e-06
 Reference value :  2.52196e-06
 Reference value :  2.52211e-06
 Reference value :  2.52225e-06
 Reference value :  2.52242e-06
 Reference value :  2.52256e-06
 Reference value :  2.52273e-06
 Reference value :  2.52288e-06
 Reference value :  2.52303e-06
 Reference value :  2.52317e-06
 Reference value :  2.52332e-06
 Reference value :  2.52348e-06
 Reference value :  2.52364e-06
 Reference value :  2.52380e-06
 Reference value :  2.52395e-06
 Reference value :  2.52412e-06
 Reference value :  2.52429e-06
 Reference value :  2.52446e-06
 Reference value :  2.52463e-06
 Reference value :  2.52480e-06
 Reference value :  2.52497e-06
 Reference value :  2.52514e-06
 Reference value :  2.52531e-06
 Reference value :  2.52548e-06
 Reference value :  2.52566e-06
 Reference value :  2.52585e-06
 Reference value :  2.52602e-06
 Reference value :  2.52620e-06
 Reference value :  2.52637e-06
 Reference value :  2.52655e-06
 Reference value :  2.52672e-06
 Reference value :  2.52690e-06
 Reference value :  2.52707e-06
 Reference value :  2.52722e-06
 Reference value :  2.52736e-06
 Reference value :  2.52751e-06
 Reference value :  2.52767e-06
 Reference value :  2.52782e-06
 Reference value :  2.52798e-06
 Reference value :  2.52814e-06
 Reference value :  2.52830e-06
 Reference value :  2.52845e-06
 Reference value :  2.52862e-06
 Reference value :  2.52880e-06
 Reference value :  2.52899e-06
 Reference value :  2.52915e-06
 Reference value :  2.52930e-06
 Reference value :  2.52946e-06
 Reference value :  2.52962e-06
 Reference value :  2.52978e-06
 Reference value :  2.52992e-06
 Reference value :  2.53006e-06
 Reference value :  2.53023e-06
 Reference value :  2.53038e-06
 Reference value :  2.53054e-06
 Reference value :  2.53070e-06
 Reference value :  2.53086e-06
 Reference value :  2.53101e-06
 Reference value :  2.53117e-06
 Reference value :  2.53131e-06
 Reference value :  2.53145e-06
 Reference value :  2.53161e-06
 Reference value :  2.53176e-06
 Reference value :  2.53190e-06
 Reference value :  2.53205e-06
 Reference value :  2.53220e-06
 Reference value :  2.53234e-06
 Reference value :  2.53249e-06
 Reference value :  2.53263e-06
 Reference value :  2.53277e-06
 Reference value :  2.53290e-06
 Reference value :  2.53305e-06
 Reference value :  2.53321e-06
 Reference value :  2.53339e-06
 Reference value :  2.53356e-06
 Reference value :  2.53373e-06
 Reference value :  2.53389e-06
 Reference value :  2.53407e-06
 Reference value :  2.53425e-06
 Reference value :  2.53444e-06
 Reference value :  2.53463e-06
 Reference value :  2.53482e-06
 Reference value :  2.53499e-06
 Reference value :  2.53517e-06
 Reference value :  2.53534e-06
 Reference value :  2.53552e-06
 Reference value :  2.53569e-06
 Reference value :  2.53584e-06
 Reference value :  2.53600e-06
 Reference value :  2.53615e-06
 Reference value :  2.53632e-06
 Reference value :  2.53650e-06
 Reference value :  2.53666e-06
 Reference value :  2.53681e-06
 Reference value :  2.53697e-06
 Reference value :  2.53713e-06
 Reference value :  2.53730e-06
 Reference value :  2.53744e-06
 Reference value :  2.53760e-06
 Reference value :  2.53777e-06
 Reference value :  2.53793e-06
 Reference value :  2.53809e-06
 Reference value :  2.53825e-06
 Reference value :  2.53841e-06
 Reference value :  2.53858e-06
 Reference value :  2.53873e-06
 Reference value :  2.53890e-06
 Reference value :  2.53905e-06
 Reference value :  2.53922e-06
 Reference value :  2.53940e-06
 Reference value :  2.53957e-06
 Reference value :  2.53974e-06
 Reference value :  2.53990e-06
 Reference value :  2.54005e-06
 Reference value :  2.54021e-06
 Reference value :  2.54036e-06
 Reference value :  2.54052e-06
 Reference value :  2.54067e-06
 Reference value :  2.54083e-06
 Reference value :  2.54099e-06
 Reference value :  2.54117e-06
 Reference value :  2.54135e-06
 Reference value :  2.54153e-06
 Reference value :  2.54167e-06
 Reference value :  2.54183e-06
 Reference value :  2.54199e-06
 Reference value :  2.54219e-06
 Reference value :  2.54236e-06
 Reference value :  2.54253e-06
 Reference value :  2.54270e-06
 Reference value :  2.54287e-06
 Reference value :  2.54304e-06
 Reference value :  2.54319e-06
 Reference value :  2.54334e-06
 Reference value :  2.54350e-06
 Reference value :  2.54366e-06
 Reference value :  2.54384e-06
 Reference value :  2.54399e-06
 Reference value :  2.54415e-06
 Reference value :  2.54428e-06
 Reference value :  2.54443e-06
 Reference value :  2.54456e-06
 Reference value :  2.54470e-06
 Reference value :  2.54485e-06
 Reference value :  2.54501e-06
 Reference value :  2.54517e-06
 Reference value :  2.54532e-06
 Reference value :  2.54549e-06
 Reference value :  2.54566e-06
 Reference value :  2.54582e-06
 Reference value :  2.54599e-06
 Reference value :  2.54615e-06
 Reference value :  2.54632e-06
 Reference value :  2.54659e-06
 Reference value :  2.54684e-06
 Reference value :  2.54710e-06
 Reference value :  2.54736e-06
 Reference value :  2.54756e-06
 Reference value :  2.54777e-06
 Reference value :  2.54797e-06
 Reference value :  2.54813e-06
 Reference value :  2.54829e-06
 Reference value :  2.54846e-06
 Reference value :  2.54863e-06
 Reference value :  2.54879e-06
 Reference value :  2.54896e-06
 Reference value :  2.54912e-06
 Reference value :  2.54928e-06
 Reference value :  2.54944e-06
 Reference value :  2.54960e-06
 Reference value :  2.54977e-06
 Reference value :  2.54993e-06
 Reference value :  2.55010e-06
 Reference value :  2.55026e-06
 Reference value :  2.55042e-06
 Reference value :  2.55057e-06
 Reference value :  2.55070e-06
 Reference value :  2.55082e-06
 Reference value :  2.55095e-06
 Reference value :  2.55109e-06
 Reference value :  2.55123e-06
 Reference value :  2.55138e-06
 Reference value :  2.55154e-06
 Reference value :  2.55168e-06
 Reference value :  2.55182e-06
 Reference value :  2.55197e-06
 Reference value :  2.55213e-06
 Reference value :  2.55226e-06
 Reference value :  2.55238e-06
 Reference value :  2.55253e-06
 Reference value :  2.55268e-06
 Reference value :  2.55281e-06
 Reference value :  2.55294e-06
 Reference value :  2.55306e-06
 Reference value :  2.55320e-06
 Reference value :  2.55334e-06
 Reference value :  2.55349e-06
 Reference value :  2.55361e-06
 Reference value :  2.55376e-06
 Reference value :  2.55389e-06
 Reference value :  2.55401e-06
 Reference value :  2.55415e-06
 Reference value :  2.55432e-06
 Reference value :  2.55445e-06
 Reference value :  2.55457e-06
 Reference value :  2.55469e-06
 Reference value :  2.55481e-06
 Reference value :  2.55493e-06
 Reference value :  2.55505e-06
 Reference value :  2.55518e-06
 Reference value :  2.55531e-06
 Reference value :  2.55543e-06
 Reference value :  2.55555e-06
 Reference value :  2.55568e-06
 Reference value :  2.55580e-06
 Reference value :  2.55593e-06
 Reference value :  2.55605e-06
 Reference value :  2.55618e-06
 Reference value :  2.55633e-06
 Reference value :  2.55648e-06
 Reference value :  2.55661e-06
 Reference value :  2.55674e-06
 Reference value :  2.55689e-06
 Reference value :  2.55701e-06
 Reference value :  2.55714e-06
 Reference value :  2.55727e-06
 Reference value :  2.55740e-06
 Reference value :  2.55753e-06
 Reference value :  2.55765e-06
 Reference value :  2.55779e-06
 Reference value :  2.55791e-06
 Reference value :  2.55804e-06
 Reference value :  2.55819e-06
 Reference value :  2.55833e-06
 Reference value :  2.55848e-06
 Reference value :  2.55860e-06
 Reference value :  2.55872e-06
 Reference value :  2.55884e-06
 Reference value :  2.55897e-06
 Reference value :  2.55909e-06
 Reference value :  2.55922e-06
 Reference value :  2.55934e-06
 Reference value :  2.55950e-06
 Reference value :  2.55966e-06
 Reference value :  2.55978e-06
 Reference value :  2.55990e-06
 Reference value :  2.56003e-06
 Reference value :  2.56015e-06
 Reference value :  2.56028e-06
 Reference value :  2.56040e-06
 Reference value :  2.56054e-06
 Reference value :  2.56067e-06
 Reference value :  2.56081e-06
 Reference value :  2.56098e-06
 Reference value :  2.56110e-06
 Reference value :  2.56122e-06
 Reference value :  2.56135e-06
 Reference value :  2.56148e-06
 Reference value :  2.56162e-06
 Reference value :  2.56174e-06
 Reference value :  2.56187e-06
 Reference value :  2.56201e-06
 Reference value :  2.56217e-06
 Reference value :  2.56232e-06
 Reference value :  2.56249e-06
 Reference value :  2.56262e-06
 Reference value :  2.56276e-06
 Reference value :  2.56289e-06
 Reference value :  2.56303e-06
 Reference value :  2.56315e-06
 Reference value :  2.56328e-06
 Reference value :  2.56340e-06
 Reference value :  2.56353e-06
 Reference value :  2.56366e-06
 Reference value :  2.56378e-06
 Reference value :  2.56390e-06
 Reference value :  2.56402e-06
 Reference value :  2.56414e-06
 Reference value :  2.56426e-06
 Reference value :  2.56439e-06
 Reference value :  2.56450e-06
 Reference value :  2.56462e-06
 Reference value :  2.56474e-06
 Reference value :  2.56489e-06
 Reference value :  2.56503e-06
 Reference value :  2.56517e-06
 Reference value :  2.56531e-06
 Reference value :  2.56544e-06
 Reference value :  2.56558e-06
 Reference value :  2.56571e-06
 Reference value :  2.56585e-06
 Reference value :  2.56598e-06
 Reference value :  2.56613e-06
 Reference value :  2.56627e-06
 Reference value :  2.56640e-06
 Reference value :  2.56654e-06
 Reference value :  2.56667e-06
 Reference value :  2.56681e-06
 Reference value :  2.56696e-06
 Reference value :  2.56709e-06
 Reference value :  2.56723e-06
 Reference value :  2.56737e-06
 Reference value :  2.56750e-06
 Reference value :  2.56764e-06
 Reference value :  2.56777e-06
 Reference value :  2.56791e-06
 Reference value :  2.56805e-06
 Reference value :  2.56818e-06
 Reference value :  2.56832e-06
 Reference value :  2.56846e-06
 Reference value :  2.56860e-06
 Reference value :  2.56874e-06
 Reference value :  2.56888e-06
 Reference value :  2.56903e-06
 Reference value :  2.56916e-06
 Reference value :  2.56929e-06
 Reference value :  2.56943e-06
 Reference value :  2.56956e-06
 Reference value :  2.56971e-06
 Reference value :  2.56984e-06
 Reference value :  2.56997e-06
 Reference value :  2.57012e-06
 Reference value :  2.57025e-06
 Reference value :  2.57038e-06
 Reference value :  2.57052e-06
 Reference value :  2.57065e-06
 Reference value :  2.57078e-06
 Reference value :  2.57091e-06
 Reference value :  2.57106e-06
 Reference value :  2.57119e-06
 Reference value :  2.57134e-06
 Reference value :  2.57147e-06
 Reference value :  2.57160e-06
 Reference value :  2.57173e-06
 Reference value :  2.57187e-06
 Reference value :  2.57201e-06
 Reference value :  2.57214e-06
 Reference value :  2.57227e-06
 Reference value :  2.57240e-06
 Reference value :  2.57253e-06
 Reference value :  2.57267e-06
 Reference value :  2.57280e-06
 Reference value :  2.57294e-06
 Reference value :  2.57307e-06
 Reference value :  2.57320e-06
 Reference value :  2.57333e-06
 Reference value :  2.57346e-06
 Reference value :  2.57360e-06
 Reference value :  2.57374e-06
 Reference value :  2.57388e-06
 Reference value :  2.57402e-06
 Reference value :  2.57416e-06
 Reference value :  2.57429e-06
 Reference value :  2.57443e-06
 Reference value :  2.57457e-06
 Reference value :  2.57471e-06
 Reference value :  2.57485e-06
 Reference value :  2.57499e-06
 Reference value :  2.57512e-06
 Reference value :  2.57525e-06
 Reference value :  2.57538e-06
 Reference value :  2.57553e-06
 Reference value :  2.57567e-06
 Reference value :  2.57580e-06
 Reference value :  2.57593e-06
 Reference value :  2.57608e-06
 Reference value :  2.57621e-06
 Reference value :  2.57634e-06
 Reference value :  2.57647e-06
 Reference value :  2.57661e-06
 Reference value :  2.57674e-06
 Reference value :  2.57687e-06
 Reference value :  2.57700e-06
 Reference value :  2.57713e-06
 Reference value :  2.57728e-06
 Reference value :  2.57741e-06
 Reference value :  2.57755e-06
 Reference value :  2.57768e-06
 Reference value :  2.57782e-06
 Reference value :  2.57796e-06
 Reference value :  2.57810e-06
 Reference value :  2.57825e-06
 Reference value :  2.57838e-06
 Reference value :  2.57852e-06
 Reference value :  2.57866e-06
 Reference value :  2.57880e-06
 Reference value :  2.57893e-06
 Reference value :  2.57906e-06
 Reference value :  2.57920e-06
 Reference value :  2.57933e-06
 Reference value :  2.57946e-06
 Reference value :  2.57960e-06
 Reference value :  2.57974e-06
 Reference value :  2.57988e-06
 Reference value :  2.58002e-06
 Reference value :  2.58016e-06
 Reference value :  2.58029e-06
 Reference value :  2.58043e-06
 Reference value :  2.58057e-06
 Reference value :  2.58071e-06
 Reference value :  2.58085e-06
 Reference value :  2.58098e-06
 Reference value :  2.58112e-06
 Reference value :  2.58125e-06
 Reference value :  2.58139e-06
 Reference value :  2.58152e-06
 Reference value :  2.58166e-06
 Reference value :  2.58180e-06
 Reference value :  2.58193e-06
 Reference value :  2.58207e-06
 Reference value :  2.58220e-06
 Reference value :  2.58234e-06
 Reference value :  2.58247e-06
 Reference value :  2.58262e-06
 Reference value :  2.58275e-06
 Reference value :  2.58288e-06
 Reference value :  2.58302e-06
 Reference value :  2.58316e-06
 Reference value :  2.58329e-06
 Reference value :  2.58342e-06
 Reference value :  2.58356e-06
 Reference value :  2.58370e-06
 Reference value :  2.58384e-06
 Reference value :  2.58397e-06
 Reference value :  2.58410e-06
 Reference value :  2.58424e-06
 Reference value :  2.58438e-06
 Reference value :  2.58452e-06
 Reference value :  2.58465e-06
 Reference value :  2.58479e-06
 Reference value :  2.58493e-06
 Reference value :  2.58507e-06
 Reference value :  2.58520e-06
 Reference value :  2.58534e-06
 Reference value :  2.58547e-06
 Reference value :  2.58560e-06
 Reference value :  2.58574e-06
 Reference value :  2.58588e-06
 Reference value :  2.58602e-06
 Reference value :  2.58615e-06
 Reference value :  2.58629e-06
 Reference value :  2.58643e-06
 Reference value :  2.58657e-06
 Reference value :  2.58671e-06
 Reference value :  2.58685e-06
 Reference value :  2.58698e-06
 Reference value :  2.58711e-06
 Reference value :  2.58724e-06
 Reference value :  2.58738e-06
 Reference value :  2.58751e-06
 Reference value :  2.58764e-06
 Reference value :  2.58778e-06
 Reference value :  2.58792e-06
 Reference value :  2.58806e-06
 Reference value :  2.58819e-06
 Reference value :  2.58833e-06
 Reference value :  2.58846e-06
 Reference value :  2.58860e-06
 Reference value :  2.58874e-06
 Reference value :  2.58888e-06
 Reference value :  2.58903e-06
 Reference value :  2.58916e-06
 Reference value :  2.58929e-06
 Reference value :  2.58943e-06
 Reference value :  2.58957e-06
 Reference value :  2.58970e-06
 Reference value :  2.58985e-06
 Reference value :  2.58998e-06
 Reference value :  2.59012e-06
 Reference value :  2.59027e-06
 Reference value :  2.59041e-06
 Reference value :  2.59055e-06
 Reference value :  2.59071e-06
 Reference value :  2.59084e-06
 Reference value :  2.59098e-06
 Reference value :  2.59111e-06
 Reference value :  2.59125e-06
 Reference value :  2.59138e-06
 Reference value :  2.59152e-06
 Reference value :  2.59165e-06
 Reference value :  2.59179e-06
 Reference value :  2.59192e-06
 Reference value :  2.59206e-06
 Reference value :  2.59219e-06
 Reference value :  2.59234e-06
 Reference value :  2.59247e-06
 Reference value :  2.59261e-06
 Reference value :  2.59276e-06
 Reference value :  2.59289e-06
 Reference value :  2.59303e-06
 Reference value :  2.59317e-06
 Reference value :  2.59330e-06
 Reference value :  2.59344e-06
 Reference value :  2.59358e-06
 Reference value :  2.59372e-06
 Reference value :  2.59385e-06
 Reference value :  2.59399e-06
 Reference value :  2.59416e-06
 Reference value :  2.59431e-06
 Reference value :  2.59447e-06
 Reference value :  2.59463e-06
 Reference value :  2.59479e-06
 Reference value :  2.59494e-06
 Reference value :  2.59509e-06
 Reference value :  2.59523e-06
 Reference value :  2.59541e-06
 Reference value :  2.59556e-06
 Reference value :  2.59572e-06
 Reference value :  2.59585e-06
 Reference value :  2.59601e-06
 Reference value :  2.59614e-06
 Reference value :  2.59629e-06
 Reference value :  2.59644e-06
 Reference value :  2.59659e-06
 Reference value :  2.59674e-06
 Reference value :  2.59689e-06
 Reference value :  2.59704e-06
 Reference value :  2.59718e-06
 Reference value :  2.59734e-06
 Reference value :  2.59748e-06
 Reference value :  2.59764e-06
 Reference value :  2.59778e-06
 Reference value :  2.59792e-06
 Reference value :  2.59808e-06
 Reference value :  2.59822e-06
 Reference value :  2.59837e-06
 Reference value :  2.59850e-06
 Reference value :  2.59865e-06
 Reference value :  2.59879e-06
 Reference value :  2.59893e-06
 Reference value :  2.59906e-06
 Reference value :  2.59920e-06
 Reference value :  2.59933e-06
 Reference value :  2.59946e-06
 Reference value :  2.59962e-06
 Reference value :  2.59975e-06
 Reference value :  2.59989e-06
 Reference value :  2.60003e-06
 Reference value :  2.60017e-06
 Reference value :  2.60030e-06
 Reference value :  2.60044e-06
 Reference value :  2.60059e-06
 Reference value :  2.60074e-06
 Reference value :  2.60088e-06
 Reference value :  2.60101e-06
 Reference value :  2.60115e-06
 Reference value :  2.60129e-06
 Reference value :  2.60142e-06
 Reference value :  2.60156e-06
 Reference value :  2.60169e-06
 Reference value :  2.60183e-06
 Reference value :  2.60197e-06
 Reference value :  2.60211e-06
 Reference value :  2.60224e-06
 Reference value :  2.60237e-06
 Reference value :  2.60251e-06
 Reference value :  2.60265e-06
 Reference value :  2.60279e-06
 Reference value :  2.60293e-06
 Reference value :  2.60307e-06
 Reference value :  2.60320e-06
 Reference value :  2.60334e-06
 Reference value :  2.60347e-06
 Reference value :  2.60361e-06
 Reference value :  2.60375e-06
 Reference value :  2.60388e-06
 Reference value :  2.60402e-06
 Reference value :  2.60416e-06
 Reference value :  2.60429e-06
 Reference value :  2.60442e-06
 Reference value :  2.60456e-06
 Reference value :  2.60470e-06
 Reference value :  2.60484e-06
 Reference value :  2.60498e-06
 Reference value :  2.60511e-06
 Reference value :  2.60525e-06
 Reference value :  2.60539e-06
 Reference value :  2.60554e-06
 Reference value :  2.60569e-06
 Reference value :  2.60582e-06
 Reference value :  2.60596e-06
 Reference value :  2.60610e-06
 Reference value :  2.60624e-06
 Reference value :  2.60638e-06
 Reference value :  2.60652e-06
 Reference value :  2.60666e-06
 Reference value :  2.60680e-06
 Reference value :  2.60694e-06
 Reference value :  2.60708e-06
 Reference value :  2.60721e-06
 Reference value :  2.60737e-06
 Reference value :  2.60751e-06
 Reference value :  2.60765e-06
 Reference value :  2.60782e-06
 Reference value :  2.60798e-06
 Reference value :  2.60817e-06
 Reference value :  2.60831e-06
 Reference value :  2.60846e-06
 Reference value :  2.60865e-06
 Reference value :  2.60882e-06
 Reference value :  2.60898e-06
 Reference value :  2.60914e-06
 Reference value :  2.60927e-06
 Reference value :  2.60941e-06
 Reference value :  2.60955e-06
 Reference value :  2.60971e-06
 Reference value :  2.60984e-06
 Reference value :  2.60999e-06
 Reference value :  2.61012e-06
 Reference value :  2.61026e-06
 Reference value :  2.61039e-06
 Reference value :  2.61053e-06
 Reference value :  2.61067e-06
 Reference value :  2.61081e-06
 Reference value :  2.61096e-06
 Reference value :  2.61109e-06
 Reference value :  2.61123e-06
 Reference value :  2.61136e-06
 Reference value :  2.61150e-06
 Reference value :  2.61163e-06
 Reference value :  2.61177e-06
 Reference value :  2.61191e-06
 Reference value :  2.61204e-06
 Reference value :  2.61218e-06
 Reference value :  2.61232e-06
 Reference value :  2.61246e-06
 Reference value :  2.61260e-06
 Reference value :  2.61274e-06
 Reference value :  2.61287e-06
 Reference value :  2.61301e-06
 Reference value :  2.61315e-06
 Reference value :  2.61328e-06
 Reference value :  2.61344e-06
 Reference value :  2.61360e-06
 Reference value :  2.61373e-06
 Reference value :  2.61387e-06
 Reference value :  2.61401e-06
 Reference value :  2.61414e-06
 Reference value :  2.61429e-06
 Reference value :  2.61443e-06
 Reference value :  2.61457e-06
 Reference value :  2.61472e-06
 Reference value :  2.61486e-06
 Reference value :  2.61501e-06
 Reference value :  2.61514e-06
 Reference value :  2.61528e-06
 Reference value :  2.61542e-06
 Reference value :  2.61557e-06
 Reference value :  2.61571e-06
 Reference value :  2.61586e-06
 Reference value :  2.61601e-06
 Reference value :  2.61614e-06
 Reference value :  2.61628e-06
 Reference value :  2.61642e-06
 Reference value :  2.61656e-06
 Reference value :  2.61670e-06
 Reference value :  2.61683e-06
 Reference value :  2.61699e-06
 Reference value :  2.61713e-06
 Reference value :  2.61726e-06
 Reference value :  2.61740e-06
 Reference value :  2.61753e-06
 Reference value :  2.61767e-06
 Reference value :  2.61782e-06
 Reference value :  2.61797e-06
 Reference value :  2.61811e-06
 Reference value :  2.61825e-06
 Reference value :  2.61839e-06
 Reference value :  2.61853e-06
 Reference value :  2.61866e-06
 Reference value :  2.61880e-06
 Reference value :  2.61893e-06
 Reference value :  2.61910e-06
 Reference value :  2.61926e-06
 Reference value :  2.61941e-06
 Reference value :  2.61955e-06
 Reference value :  2.61968e-06
 Reference value :  2.61983e-06
 Reference value :  2.61998e-06
 Reference value :  2.62013e-06
 Reference value :  2.62029e-06
 Reference value :  2.62043e-06
 Reference value :  2.62058e-06
 Reference value :  2.62074e-06
 Reference value :  2.62089e-06
 Reference value :  2.62104e-06
 Reference value :  2.62119e-06
 Reference value :  2.62134e-06
 Reference value :  2.62149e-06
 Reference value :  2.62163e-06
 Reference value :  2.62178e-06
 Reference value :  2.62195e-06
 Reference value :  2.62211e-06
 Reference value :  2.62227e-06
 Reference value :  2.62241e-06
 Reference value :  2.62256e-06
 Reference value :  2.62270e-06
 Reference value :  2.62283e-06
 Reference value :  2.62297e-06
 Reference value :  2.62311e-06
 Reference value :  2.62325e-06
 Reference value :  2.62339e-06
 Reference value :  2.62353e-06
 Reference value :  2.62367e-06
 Reference value :  2.62381e-06
 Reference value :  2.62396e-06
 Reference value :  2.62411e-06
 Reference value :  2.62426e-06
 Reference value :  2.62441e-06
 Reference value :  2.62455e-06
 Reference value :  2.62469e-06
 Reference value :  2.62485e-06
 Reference value :  2.62500e-06
 Reference value :  2.62514e-06
 Reference value :  2.62529e-06
 Reference value :  2.62543e-06
 Reference value :  2.62558e-06
 Reference value :  2.62573e-06
 Reference value :  2.62588e-06
 Reference value :  2.62603e-06
 Reference value :  2.62618e-06
 Reference value :  2.62633e-06
 Reference value :  2.62647e-06
 Reference value :  2.62662e-06
 Reference value :  2.62676e-06
 Reference value :  2.62690e-06
 Reference value :  2.62703e-06
 Reference value :  2.62717e-06
 Reference value :  2.62732e-06
 Reference value :  2.62747e-06
 Reference value :  2.62761e-06
 Reference value :  2.62775e-06
 Reference value :  2.62790e-06
 Reference value :  2.62804e-06
 Reference value :  2.62820e-06
 Reference value :  2.62835e-06
 Reference value :  2.62850e-06
 Reference value :  2.62866e-06
 Reference value :  2.62881e-06
 Reference value :  2.62896e-06
 Reference value :  2.62912e-06
 Reference value :  2.62928e-06
 Reference value :  2.62943e-06
 Reference value :  2.62958e-06
 Reference value :  2.62972e-06
 Reference value :  2.62986e-06
 Reference value :  2.63001e-06
 Reference value :  2.63015e-06
 Reference value :  2.63029e-06
 Reference value :  2.63044e-06
 Reference value :  2.63059e-06
 Reference value :  2.63073e-06
 Reference value :  2.63088e-06
 Reference value :  2.63105e-06
 Reference value :  2.63120e-06
 Reference value :  2.63134e-06
 Reference value :  2.63150e-06
 Reference value :  2.63164e-06
 Reference value :  2.63179e-06
 Reference value :  2.63193e-06
 Reference value :  2.63209e-06
 Reference value :  2.63224e-06
 Reference value :  2.63239e-06
 Reference value :  2.63255e-06
 Reference value :  2.63271e-06
 Reference value :  2.63285e-06
 Reference value :  2.63300e-06
 Reference value :  2.63314e-06
 Reference value :  2.63330e-06
 Reference value :  2.63345e-06
 Reference value :  2.63360e-06
 Reference value :  2.63375e-06
 Reference value :  2.63391e-06
 Reference value :  2.63406e-06
 Reference value :  2.63421e-06
 Reference value :  2.63436e-06
 Reference value :  2.63451e-06
 Reference value :  2.63466e-06
 Reference value :  2.63482e-06
 Reference value :  2.63498e-06
 Reference value :  2.63513e-06
 Reference value :  2.63528e-06
 Reference value :  2.63542e-06
 Reference value :  2.63556e-06
 Reference value :  2.63571e-06
 Reference value :  2.63585e-06
 Reference value :  2.63600e-06
 Reference value :  2.63616e-06
 Reference value :  2.63631e-06
 Reference value :  2.63646e-06
 Reference value :  2.63661e-06
 Reference value :  2.63676e-06
 Reference value :  2.63692e-06
 Reference value :  2.63708e-06
 Reference value :  2.63723e-06
 Reference value :  2.63738e-06
 Reference value :  2.63753e-06
 Reference value :  2.63769e-06
 Reference value :  2.63785e-06
 Reference value :  2.63802e-06
 Reference value :  2.63817e-06
 Reference value :  2.63834e-06
 Reference value :  2.63849e-06
 Reference value :  2.63864e-06
 Reference value :  2.63878e-06
 Reference value :  2.63893e-06
 Reference value :  2.63906e-06
 Reference value :  2.63920e-06
 Reference value :  2.63935e-06
 Reference value :  2.63948e-06
 Reference value :  2.63961e-06
 Reference value :  2.63978e-06
 Reference value :  2.63996e-06
 Reference value :  2.64013e-06
 Reference value :  2.64029e-06
 Reference value :  2.64043e-06
 Reference value :  2.64060e-06
 Reference value :  2.64077e-06
 Reference value :  2.64097e-06
 Reference value :  2.64114e-06
 Reference value :  2.64130e-06
 Reference value :  2.64145e-06
 Reference value :  2.64160e-06
 Reference value :  2.64175e-06
 Reference value :  2.64191e-06
 Reference value :  2.64206e-06
 Reference value :  2.64221e-06
 Reference value :  2.64234e-06
 Reference value :  2.64249e-06
 Reference value :  2.64264e-06
 Reference value :  2.64280e-06
 Reference value :  2.64294e-06
 Reference value :  2.64309e-06
 Reference value :  2.64322e-06
 Reference value :  2.64337e-06
 Reference value :  2.64351e-06
 Reference value :  2.64366e-06
 Reference value :  2.64380e-06
 Reference value :  2.64395e-06
 Reference value :  2.64409e-06
 Reference value :  2.64423e-06
 Reference value :  2.64439e-06
 Reference value :  2.64454e-06
 Reference value :  2.64472e-06
 Reference value :  2.64487e-06
 Reference value :  2.64502e-06
 Reference value :  2.64517e-06
 Reference value :  2.64531e-06
 Reference value :  2.64546e-06
 Reference value :  2.64561e-06
 Reference value :  2.64575e-06
 Reference value :  2.64588e-06
 Reference value :  2.64603e-06
 Reference value :  2.64617e-06
 Reference value :  2.64631e-06
 Reference value :  2.64645e-06
 Reference value :  2.64659e-06
 Reference value :  2.64673e-06
 Reference value :  2.64686e-06
 Reference value :  2.64700e-06
 Reference value :  2.64714e-06
 Reference value :  2.64728e-06
 Reference value :  2.64741e-06
 Reference value :  2.64754e-06
 Reference value :  2.64768e-06
 Reference value :  2.64782e-06
 Reference value :  2.64796e-06
 Reference value :  2.64809e-06
 Reference value :  2.64823e-06
 Reference value :  2.64839e-06
 Reference value :  2.64855e-06
 Reference value :  2.64871e-06
 Reference value :  2.64888e-06
 Reference value :  2.64904e-06
 Reference value :  2.64919e-06
 Reference value :  2.64936e-06
 Reference value :  2.64951e-06
 Reference value :  2.64967e-06
 Reference value :  2.64983e-06
 Reference value :  2.64997e-06
 Reference value :  2.65015e-06
 Reference value :  2.65033e-06
 Reference value :  2.65051e-06
 Reference value :  2.65067e-06
 Reference value :  2.65084e-06
 Reference value :  2.65100e-06
 Reference value :  2.65117e-06
 Reference value :  2.65132e-06
 Reference value :  2.65147e-06
 Reference value :  2.65163e-06
 Reference value :  2.65181e-06
 Reference value :  2.65196e-06
 Reference value :  2.65210e-06
 Reference value :  2.65225e-06
 Reference value :  2.65240e-06
 Reference value :  2.65255e-06
 Reference value :  2.65275e-06
 Reference value :  2.65291e-06
 Reference value :  2.65307e-06
 Reference value :  2.65326e-06
 Reference value :  2.65343e-06
 Reference value :  2.65358e-06
 Reference value :  2.65373e-06
 Reference value :  2.65388e-06
 Reference value :  2.65405e-06
 Reference value :  2.65420e-06
 Reference value :  2.65435e-06
 Reference value :  2.65450e-06
 Reference value :  2.65466e-06
 Reference value :  2.65479e-06
 Reference value :  2.65495e-06
 Reference value :  2.65509e-06
 Reference value :  2.65524e-06
 Reference value :  2.65541e-06
 Reference value :  2.65556e-06
 Reference value :  2.65570e-06
 Reference value :  2.65584e-06
 Reference value :  2.65598e-06
 Reference value :  2.65612e-06
 Reference value :  2.65627e-06
 Reference value :  2.65641e-06
 Reference value :  2.65656e-06
 Reference value :  2.65671e-06
 Reference value :  2.65689e-06
 Reference value :  2.65707e-06
 Reference value :  2.65721e-06
 Reference value :  2.65737e-06
 Reference value :  2.65753e-06
 Reference value :  2.65770e-06
 Reference value :  2.65786e-06
 Reference value :  2.65804e-06
 Reference value :  2.65817e-06
 Reference value :  2.65833e-06
 Reference value :  2.65848e-06
 Reference value :  2.65863e-06
 Reference value :  2.65878e-06
 Reference value :  2.65892e-06
 Reference value :  2.65906e-06
 Reference value :  2.65920e-06
 Reference value :  2.65934e-06
 Reference value :  2.65949e-06
 Reference value :  2.65963e-06
 Reference value :  2.65980e-06
 Reference value :  2.65994e-06
 Reference value :  2.66008e-06
 Reference value :  2.66022e-06
 Reference value :  2.66037e-06
 Reference value :  2.66051e-06
 Reference value :  2.66065e-06
 Reference value :  2.66079e-06
 Reference value :  2.66094e-06
 Reference value :  2.66109e-06
 Reference value :  2.66123e-06
 Reference value :  2.66137e-06
 Reference value :  2.66155e-06
 Reference value :  2.66169e-06
 Reference value :  2.66182e-06
 Reference value :  2.66196e-06
 Reference value :  2.66210e-06
 Reference value :  2.66223e-06
 Reference value :  2.66237e-06
 Reference value :  2.66251e-06
 Reference value :  2.66267e-06
 Reference value :  2.66281e-06
 Reference value :  2.66295e-06
 Reference value :  2.66310e-06
 Reference value :  2.66324e-06
 Reference value :  2.66337e-06
 Reference value :  2.66352e-06
 Reference value :  2.66366e-06
 Reference value :  2.66380e-06
 Reference value :  2.66393e-06
 Reference value :  2.66407e-06
 Reference value :  2.66423e-06
 Reference value :  2.66436e-06
 Reference value :  2.66450e-06
 Reference value :  2.66464e-06
 Reference value :  2.66477e-06
 Reference value :  2.66491e-06
 Reference value :  2.66504e-06
 Reference value :  2.66519e-06
 Reference value :  2.66533e-06
 Reference value :  2.66547e-06
 Reference value :  2.66561e-06
 Reference value :  2.66575e-06
 Reference value :  2.66589e-06
 Reference value :  2.66602e-06
 Reference value :  2.66616e-06
 Reference value :  2.66630e-06
 Reference value :  2.66643e-06
 Reference value :  2.66657e-06
 Reference value :  2.66671e-06
 Reference value :  2.66692e-06
 Reference value :  2.66707e-06
 Reference value :  2.66721e-06
 Reference value :  2.66734e-06
 Reference value :  2.66750e-06
 Reference value :  2.66763e-06
 Reference value :  2.66777e-06
 Reference value :  2.66791e-06
 Reference value :  2.66805e-06
 Reference value :  2.66819e-06
 Reference value :  2.66833e-06
 Reference value :  2.66847e-06
 Reference value :  2.66861e-06
 Reference value :  2.66877e-06
 Reference value :  2.66892e-06
 Reference value :  2.66906e-06
 Reference value :  2.66920e-06
 Reference value :  2.66936e-06
 Reference value :  2.66949e-06
 Reference value :  2.66965e-06
 Reference value :  2.66980e-06
 Reference value :  2.66993e-06
 Reference value :  2.67009e-06
 Reference value :  2.67024e-06
 Reference value :  2.67037e-06
 Reference value :  2.67050e-06
 Reference value :  2.67064e-06
 Reference value :  2.67077e-06
 Reference value :  2.67091e-06
 Reference value :  2.67105e-06
 Reference value :  2.67119e-06
 Reference value :  2.67132e-06
 Reference value :  2.67146e-06
 Reference value :  2.67160e-06
 Reference value :  2.67174e-06
 Reference value :  2.67187e-06
 Reference value :  2.67201e-06
 Reference value :  2.67216e-06
 Reference value :  2.67229e-06
 Reference value :  2.67243e-06
 Reference value :  2.67257e-06
 Reference value :  2.67271e-06
 Reference value :  2.67284e-06
 Reference value :  2.67299e-06
 Reference value :  2.67312e-06
 Reference value :  2.67326e-06
 Reference value :  2.67339e-06
 Reference value :  2.67354e-06
 Reference value :  2.67368e-06
 Reference value :  2.67381e-06
 Reference value :  2.67395e-06
 Reference value :  2.67409e-06
 Reference value :  2.67423e-06
 Reference value :  2.67436e-06
 Reference value :  2.67450e-06
 Reference value :  2.67464e-06
 Reference value :  2.67478e-06
 Reference value :  2.67492e-06
 Reference value :  2.67507e-06
 Reference value :  2.67521e-06
 Reference value :  2.67535e-06
 Reference value :  2.67548e-06
 Reference value :  2.67562e-06
 Reference value :  2.67576e-06
 Reference value :  2.67592e-06
 Reference value :  2.67605e-06
 Reference value :  2.67619e-06
 Reference value :  2.67634e-06
 Reference value :  2.67648e-06
 Reference value :  2.67662e-06
 Reference value :  2.67675e-06
 Reference value :  2.67689e-06
 Reference value :  2.67703e-06
 Reference value :  2.67717e-06
 Reference value :  2.67731e-06
 Reference value :  2.67745e-06
 Reference value :  2.67760e-06
 Reference value :  2.67775e-06
 Reference value :  2.67790e-06
 Reference value :  2.67804e-06
 Reference value :  2.67818e-06
 Reference value :  2.67831e-06
 Reference value :  2.67845e-06
 Reference value :  2.67859e-06
 Reference value :  2.67873e-06
 Reference value :  2.67888e-06
 Reference value :  2.67902e-06
 Reference value :  2.67916e-06
 Reference value :  2.67930e-06
 Reference value :  2.67943e-06
 Reference value :  2.67957e-06
 Reference value :  2.67971e-06
 Reference value :  2.67984e-06
 Reference value :  2.67998e-06
 Reference value :  2.68014e-06
 Reference value :  2.68027e-06
 Reference value :  2.68041e-06
 Reference value :  2.68054e-06
 Reference value :  2.68068e-06
 Reference value :  2.68082e-06
 Reference value :  2.68096e-06
 Reference value :  2.68110e-06
 Reference value :  2.68125e-06
 Reference value :  2.68138e-06
 Reference value :  2.68151e-06
 Reference value :  2.68167e-06
 Reference value :  2.68181e-06
 Reference value :  2.68194e-06
 Reference value :  2.68208e-06
 Reference value :  2.68222e-06
 Reference value :  2.68235e-06
 Reference value :  2.68249e-06
 Reference value :  2.68262e-06
 Reference value :  2.68276e-06
 Reference value :  2.68292e-06
 Reference value :  2.68306e-06
 Reference value :  2.68319e-06
 Reference value :  2.68333e-06
 Reference value :  2.68346e-06
 Reference value :  2.68360e-06
 Reference value :  2.68373e-06
 Reference value :  2.68387e-06
 Reference value :  2.68401e-06
 Reference value :  2.68414e-06
 Reference value :  2.68428e-06
 Reference value :  2.68442e-06
 Reference value :  2.68456e-06
 Reference value :  2.68470e-06
 Reference value :  2.68484e-06
 Reference value :  2.68498e-06
 Reference value :  2.68512e-06
 Reference value :  2.68526e-06
 Reference value :  2.68541e-06
 Reference value :  2.68555e-06
 Reference value :  2.68569e-06
 Reference value :  2.68584e-06
 Reference value :  2.68598e-06
 Reference value :  2.68614e-06
 Reference value :  2.68627e-06
 Reference value :  2.68641e-06
 Reference value :  2.68655e-06
 Reference value :  2.68669e-06
 Reference value :  2.68683e-06
 Reference value :  2.68697e-06
 Reference value :  2.68712e-06
 Reference value :  2.68726e-06
 Reference value :  2.68740e-06
 Reference value :  2.68754e-06
 Reference value :  2.68767e-06
 Reference value :  2.68781e-06
 Reference value :  2.68795e-06
 Reference value :  2.68809e-06
 Reference value :  2.68823e-06
 Reference value :  2.68838e-06
 Reference value :  2.68853e-06
 Reference value :  2.68866e-06
 Reference value :  2.68881e-06
 Reference value :  2.68895e-06
 Reference value :  2.68909e-06
 Reference value :  2.68923e-06
 Reference value :  2.68936e-06
 Reference value :  2.68949e-06
 Reference value :  2.68963e-06
 Reference value :  2.68977e-06
 Reference value :  2.68991e-06
 Reference value :  2.69007e-06
 Reference value :  2.69023e-06
 Reference value :  2.69037e-06
 Reference value :  2.69052e-06
 Reference value :  2.69066e-06
 Reference value :  2.69081e-06
 Reference value :  2.69096e-06
 Reference value :  2.69110e-06
 Reference value :  2.69126e-06
 Reference value :  2.69139e-06
 Reference value :  2.69153e-06
 Reference value :  2.69166e-06
 Reference value :  2.69181e-06
 Reference value :  2.69195e-06
 Reference value :  2.69209e-06
 Reference value :  2.69222e-06
 Reference value :  2.69236e-06
 Reference value :  2.69250e-06
 Reference value :  2.69265e-06
 Reference value :  2.69279e-06
 Reference value :  2.69293e-06
 Reference value :  2.69308e-06
 Reference value :  2.69322e-06
 Reference value :  2.69338e-06
 Reference value :  2.69352e-06
 Reference value :  2.69367e-06
 Reference value :  2.69382e-06
 Reference value :  2.69397e-06
 Reference value :  2.69412e-06
 Reference value :  2.69426e-06
 Reference value :  2.69440e-06
 Reference value :  2.69453e-06
 Reference value :  2.69467e-06
 Reference value :  2.69480e-06
 Reference value :  2.69496e-06
 Reference value :  2.69509e-06
 Reference value :  2.69523e-06
 Reference value :  2.69537e-06
 Reference value :  2.69551e-06
 Reference value :  2.69565e-06
 Reference value :  2.69583e-06
 Reference value :  2.69599e-06
 Reference value :  2.69615e-06
 Reference value :  2.69628e-06
 Reference value :  2.69643e-06
 Reference value :  2.69659e-06
 Reference value :  2.69674e-06
 Reference value :  2.69692e-06
 Reference value :  2.69708e-06
 Reference value :  2.69722e-06
 Reference value :  2.69735e-06
 Reference value :  2.69750e-06
 Reference value :  2.69765e-06
 Reference value :  2.69779e-06
 Reference value :  2.69793e-06
 Reference value :  2.69807e-06
 Reference value :  2.69824e-06
 Reference value :  2.69838e-06
 Reference value :  2.69852e-06
 Reference value :  2.69867e-06
 Reference value :  2.69883e-06
 Reference value :  2.69900e-06
 Reference value :  2.69916e-06
 Reference value :  2.69937e-06
 Reference value :  2.69961e-06
 Reference value :  2.69985e-06
 Reference value :  2.70012e-06
 Reference value :  2.70037e-06
 Reference value :  2.70063e-06
 Reference value :  2.70088e-06
 Reference value :  2.70116e-06
 Reference value :  2.70143e-06
 Reference value :  2.70169e-06
 Reference value :  2.70196e-06
 Reference value :  2.70221e-06
 Reference value :  2.70242e-06
 Reference value :  2.70262e-06
 Reference value :  2.70283e-06
 Reference value :  2.70304e-06
 Reference value :  2.70322e-06
 Reference value :  2.70345e-06
 Reference value :  2.70369e-06
 Reference value :  2.70391e-06
 Reference value :  2.70415e-06
 Reference value :  2.70437e-06
 Reference value :  2.70459e-06
 Reference value :  2.70480e-06
 Reference value :  2.70506e-06
 Reference value :  2.70524e-06
 Reference value :  2.70543e-06
 Reference value :  2.70561e-06
 Reference value :  2.70581e-06
 Reference value :  2.70602e-06
 Reference value :  2.70622e-06
 Reference value :  2.70641e-06
 Reference value :  2.70663e-06
 Reference value :  2.70689e-06
 Reference value :  2.70706e-06
 Reference value :  2.70726e-06
 Reference value :  2.70748e-06
 Reference value :  2.70768e-06
 Reference value :  2.70789e-06
 Reference value :  2.70809e-06
 Reference value :  2.70826e-06
 Reference value :  2.70844e-06
 Reference value :  2.70862e-06
 Reference value :  2.70883e-06
 Reference value :  2.70902e-06
 Reference value :  2.70920e-06
 Reference value :  2.70936e-06
 Reference value :  2.70951e-06
 Reference value :  2.70967e-06
 Reference value :  2.70982e-06
 Reference value :  2.70997e-06
 Reference value :  2.71011e-06
 Reference value :  2.71028e-06
 Reference value :  2.71043e-06
 Reference value :  2.71058e-06
 Reference value :  2.71073e-06
 Reference value :  2.71090e-06
 Reference value :  2.71107e-06
 Reference value :  2.71123e-06
 Reference value :  2.71139e-06
 Reference value :  2.71153e-06
 Reference value :  2.71167e-06
 Reference value :  2.71182e-06
 Reference value :  2.71198e-06
 Reference value :  2.71219e-06
 Reference value :  2.71238e-06
 Reference value :  2.71257e-06
 Reference value :  2.71277e-06
 Reference value :  2.71296e-06
 Reference value :  2.71313e-06
 Reference value :  2.71328e-06
 Reference value :  2.71344e-06
 Reference value :  2.71359e-06
 Reference value :  2.71374e-06
 Reference value :  2.71390e-06
 Reference value :  2.71406e-06
 Reference value :  2.71422e-06
 Reference value :  2.71440e-06
 Reference value :  2.71458e-06
 Reference value :  2.71475e-06
 Reference value :  2.71492e-06
 Reference value :  2.71512e-06
 Reference value :  2.71529e-06
 Reference value :  2.71546e-06
 Reference value :  2.71564e-06
 Reference value :  2.71580e-06
 Reference value :  2.71596e-06
 Reference value :  2.71611e-06
 Reference value :  2.71626e-06
 Reference value :  2.71642e-06
 Reference value :  2.71657e-06
 Reference value :  2.71672e-06
 Reference value :  2.71687e-06
 Reference value :  2.71706e-06
 Reference value :  2.71722e-06
 Reference value :  2.71737e-06
 Reference value :  2.71754e-06
 Reference value :  2.71773e-06
 Reference value :  2.71790e-06
 Reference value :  2.71805e-06
 Reference value :  2.71820e-06
 Reference value :  2.71838e-06
 Reference value :  2.71854e-06
 Reference value :  2.71870e-06
 Reference value :  2.71887e-06
 Reference value :  2.71904e-06
 Reference value :  2.71921e-06
 Reference value :  2.71937e-06
 Reference value :  2.71955e-06
 Reference value :  2.71971e-06
 Reference value :  2.71988e-06
 Reference value :  2.72003e-06
 Reference value :  2.72017e-06
 Reference value :  2.72033e-06
 Reference value :  2.72049e-06
 Reference value :  2.72063e-06
 Reference value :  2.72080e-06
 Reference value :  2.72096e-06
 Reference value :  2.72111e-06
 Reference value :  2.72126e-06
 Reference value :  2.72140e-06
 Reference value :  2.72156e-06
 Reference value :  2.72172e-06
 Reference value :  2.72188e-06
 Reference value :  2.72202e-06
 Reference value :  2.72217e-06
 Reference value :  2.72236e-06
 Reference value :  2.72250e-06
 Reference value :  2.72264e-06
 Reference value :  2.72279e-06
 Reference value :  2.72295e-06
 Reference value :  2.72315e-06
 Reference value :  2.72332e-06
 Reference value :  2.72348e-06
 Reference value :  2.72367e-06
 Reference value :  2.72381e-06
 Reference value :  2.72396e-06
 Reference value :  2.72410e-06
 Reference value :  2.72424e-06
 Reference value :  2.72441e-06
 Reference value :  2.72458e-06
 Reference value :  2.72475e-06
 Reference value :  2.72491e-06
 Reference value :  2.72508e-06
 Reference value :  2.72524e-06
 Reference value :  2.72540e-06
 Reference value :  2.72556e-06
 Reference value :  2.72573e-06
 Reference value :  2.72587e-06
 Reference value :  2.72602e-06
 Reference value :  2.72617e-06
 Reference value :  2.72631e-06
 Reference value :  2.72647e-06
 Reference value :  2.72663e-06
 Reference value :  2.72678e-06
 Reference value :  2.72692e-06
 Reference value :  2.72706e-06
 Reference value :  2.72722e-06
 Reference value :  2.72738e-06
 Reference value :  2.72756e-06
 Reference value :  2.72772e-06
 Reference value :  2.72789e-06
 Reference value :  2.72804e-06
 Reference value :  2.72822e-06
 Reference value :  2.72838e-06
 Reference value :  2.72855e-06
 Reference value :  2.72873e-06
 Reference value :  2.72888e-06
 Reference value :  2.72907e-06
 Reference value :  2.72932e-06
 Reference value :  2.72947e-06
 Reference value :  2.72964e-06
 Reference value :  2.72982e-06
 Reference value :  2.72997e-06
 Reference value :  2.73011e-06
 Reference value :  2.73026e-06
 Reference value :  2.73040e-06
 Reference value :  2.73053e-06
 Reference value :  2.73068e-06
 Reference value :  2.73083e-06
 Reference value :  2.73097e-06
 Reference value :  2.73110e-06
 Reference value :  2.73124e-06
 Reference value :  2.73137e-06
 Reference value :  2.73150e-06
 Reference value :  2.73165e-06
 Reference value :  2.73180e-06
 Reference value :  2.73195e-06
 Reference value :  2.73209e-06
 Reference value :  2.73225e-06
 Reference value :  2.73241e-06
 Reference value :  2.73257e-06
 Reference value :  2.73273e-06
 Reference value :  2.73288e-06
 Reference value :  2.73302e-06
 Reference value :  2.73316e-06
 Reference value :  2.73331e-06
 Reference value :  2.73346e-06
 Reference value :  2.73361e-06
 Reference value :  2.73376e-06
 Reference value :  2.73391e-06
 Reference value :  2.73406e-06
 Reference value :  2.73423e-06
 Reference value :  2.73438e-06
 Reference value :  2.73454e-06
 Reference value :  2.73469e-06
 Reference value :  2.73483e-06
 Reference value :  2.73499e-06
 Reference value :  2.73514e-06
 Reference value :  2.73530e-06
 Reference value :  2.73545e-06
 Reference value :  2.73560e-06
 Reference value :  2.73575e-06
 Reference value :  2.73590e-06
 Reference value :  2.73606e-06
 Reference value :  2.73621e-06
 Reference value :  2.73636e-06
 Reference value :  2.73650e-06
 Reference value :  2.73664e-06
 Reference value :  2.73679e-06
 Reference value :  2.73696e-06
 Reference value :  2.73712e-06
 Reference value :  2.73727e-06
 Reference value :  2.73742e-06
 Reference value :  2.73758e-06
 Reference value :  2.73773e-06
 Reference value :  2.73788e-06
 Reference value :  2.73804e-06
 Reference value :  2.73819e-06
 Reference value :  2.73834e-06
 Reference value :  2.73848e-06
 Reference value :  2.73864e-06
 Reference value :  2.73880e-06
 Reference value :  2.73894e-06
 Reference value :  2.73909e-06
 Reference value :  2.73923e-06
 Reference value :  2.73938e-06
 Reference value :  2.73953e-06
 Reference value :  2.73967e-06
 Reference value :  2.73981e-06
 Reference value :  2.73996e-06
 Reference value :  2.74011e-06
 Reference value :  2.74026e-06
 Reference value :  2.74041e-06
 Reference value :  2.74057e-06
 Reference value :  2.74072e-06
 Reference value :  2.74087e-06
 Reference value :  2.74103e-06
 Reference value :  2.74117e-06
 Reference value :  2.74134e-06
 Reference value :  2.74149e-06
 Reference value :  2.74164e-06
 Reference value :  2.74180e-06
 Reference value :  2.74195e-06
 Reference value :  2.74209e-06
 Reference value :  2.74223e-06
 Reference value :  2.74237e-06
 Reference value :  2.74252e-06
 Reference value :  2.74265e-06
 Reference value :  2.74278e-06
 Reference value :  2.74292e-06
 Reference value :  2.74306e-06
 Reference value :  2.74325e-06
 Reference value :  2.74343e-06
 Reference value :  2.74360e-06
 Reference value :  2.74377e-06
 Reference value :  2.74392e-06
 Reference value :  2.74408e-06
 Reference value :  2.74425e-06
 Reference value :  2.74445e-06
 Reference value :  2.74462e-06
 Reference value :  2.74478e-06
 Reference value :  2.74497e-06
 Reference value :  2.74516e-06
 Reference value :  2.74532e-06
 Reference value :  2.74549e-06
 Reference value :  2.74566e-06
 Reference value :  2.74584e-06
 Reference value :  2.74608e-06
 Reference value :  2.74626e-06
 Reference value :  2.74644e-06
 Reference value :  2.74659e-06
 Reference value :  2.74676e-06
 Reference value :  2.74695e-06
 Reference value :  2.74714e-06
 Reference value :  2.74736e-06
 Reference value :  2.74758e-06
 Reference value :  2.74776e-06
 Reference value :  2.74791e-06
 Reference value :  2.74807e-06
 Reference value :  2.74822e-06
 Reference value :  2.74837e-06
 Reference value :  2.74852e-06
 Reference value :  2.74867e-06
 Reference value :  2.74882e-06
 Reference value :  2.74897e-06
 Reference value :  2.74912e-06
 Reference value :  2.74927e-06
 Reference value :  2.74942e-06
 Reference value :  2.74957e-06
 Reference value :  2.74972e-06
 Reference value :  2.74993e-06
 Reference value :  2.75013e-06
 Reference value :  2.75028e-06
 Reference value :  2.75042e-06
 Reference value :  2.75056e-06
 Reference value :  2.75075e-06
 Reference value :  2.75090e-06
 Reference value :  2.75105e-06
 Reference value :  2.75123e-06
 Reference value :  2.75138e-06
 Reference value :  2.75153e-06
 Reference value :  2.75167e-06
 Reference value :  2.75181e-06
 Reference value :  2.75197e-06
 Reference value :  2.75212e-06
 Reference value :  2.75227e-06
 Reference value :  2.75241e-06
 Reference value :  2.75258e-06
 Reference value :  2.75274e-06
 Reference value :  2.75291e-06
 Reference value :  2.75306e-06
 Reference value :  2.75323e-06
 Reference value :  2.75338e-06
 Reference value :  2.75353e-06
 Reference value :  2.75369e-06
 Reference value :  2.75383e-06
 Reference value :  2.75399e-06
 Reference value :  2.75421e-06
 Reference value :  2.75435e-06
 Reference value :  2.75451e-06
 Reference value :  2.75465e-06
 Reference value :  2.75482e-06
 Reference value :  2.75505e-06
 Reference value :  2.75520e-06
 Reference value :  2.75535e-06
 Reference value :  2.75548e-06
 Reference value :  2.75563e-06
 Reference value :  2.75580e-06
 Reference value :  2.75597e-06
 Reference value :  2.75610e-06
 Reference value :  2.75626e-06
 Reference value :  2.75642e-06
 Reference value :  2.75657e-06
 Reference value :  2.75674e-06
 Reference value :  2.75690e-06
 Reference value :  2.75707e-06
 Reference value :  2.75722e-06
 Reference value :  2.75739e-06
 Reference value :  2.75756e-06
 Reference value :  2.75772e-06
 Reference value :  2.75787e-06
 Reference value :  2.75801e-06
 Reference value :  2.75816e-06
 Reference value :  2.75831e-06
 Reference value :  2.75845e-06
 Reference value :  2.75860e-06
 Reference value :  2.75875e-06
 Reference value :  2.75892e-06
 Reference value :  2.75913e-06
 Reference value :  2.75929e-06
 Reference value :  2.75946e-06
 Reference value :  2.75961e-06
 Reference value :  2.75979e-06
 Reference value :  2.75996e-06
 Reference value :  2.76012e-06
 Reference value :  2.76031e-06
 Reference value :  2.76057e-06
 Reference value :  2.76074e-06
 Reference value :  2.76090e-06
 Reference value :  2.76106e-06
 Reference value :  2.76121e-06
 Reference value :  2.76136e-06
 Reference value :  2.76152e-06
 Reference value :  2.76169e-06
 Reference value :  2.76186e-06
 Reference value :  2.76201e-06
 Reference value :  2.76216e-06
 Reference value :  2.76230e-06
 Reference value :  2.76245e-06
 Reference value :  2.76262e-06
 Reference value :  2.76277e-06
 Reference value :  2.76295e-06
 Reference value :  2.76310e-06
 Reference value :  2.76327e-06
 Reference value :  2.76342e-06
 Reference value :  2.76357e-06
 Reference value :  2.76372e-06
 Reference value :  2.76387e-06
 Reference value :  2.76402e-06
 Reference value :  2.76417e-06
 Reference value :  2.76432e-06
 Reference value :  2.76448e-06
 Reference value :  2.76464e-06
 Reference value :  2.76482e-06
 Reference value :  2.76500e-06
 Reference value :  2.76518e-06
 Reference value :  2.76533e-06
 Reference value :  2.76550e-06
 Reference value :  2.76567e-06
 Reference value :  2.76592e-06
 Reference value :  2.76610e-06
 Reference value :  2.76626e-06
 Reference value :  2.76641e-06
 Reference value :  2.76657e-06
 Reference value :  2.76673e-06
 Reference value :  2.76698e-06
 Reference value :  2.76716e-06
 Reference value :  2.76732e-06
 Reference value :  2.76748e-06
 Reference value :  2.76763e-06
 Reference value :  2.76778e-06
 Reference value :  2.76793e-06
 Reference value :  2.76808e-06
 Reference value :  2.76828e-06
 Reference value :  2.76845e-06
 Reference value :  2.76860e-06
 Reference value :  2.76875e-06
 Reference value :  2.76892e-06
 Reference value :  2.76907e-06
 Reference value :  2.76923e-06
 Reference value :  2.76939e-06
 Reference value :  2.76958e-06
 Reference value :  2.76976e-06
 Reference value :  2.76996e-06
 Reference value :  2.77015e-06
 Reference value :  2.77034e-06
 Reference value :  2.77054e-06
 Reference value :  2.77074e-06
 Reference value :  2.77093e-06
 Reference value :  2.77113e-06
 Reference value :  2.77133e-06
 Reference value :  2.77153e-06
 Reference value :  2.77174e-06
 Reference value :  2.77195e-06
 Reference value :  2.77216e-06
 Reference value :  2.77235e-06
 Reference value :  2.77255e-06
 Reference value :  2.77275e-06
 Reference value :  2.77294e-06
 Reference value :  2.77314e-06
 Reference value :  2.77335e-06
 Reference value :  2.77355e-06
 Reference value :  2.77374e-06
 Reference value :  2.77398e-06
 Reference value :  2.77419e-06
 Reference value :  2.77437e-06
 Reference value :  2.77454e-06
 Reference value :  2.77470e-06
 Reference value :  2.77494e-06
 Reference value :  2.77512e-06
 Reference value :  2.77537e-06
 Reference value :  2.77561e-06
 Reference value :  2.77583e-06
 Reference value :  2.77603e-06
 Reference value :  2.77622e-06
 Reference value :  2.77640e-06
 Reference value :  2.77656e-06
 Reference value :  2.77674e-06
 Reference value :  2.77692e-06
 Reference value :  2.77709e-06
 Reference value :  2.77727e-06
 Reference value :  2.77745e-06
 Reference value :  2.77761e-06
 Reference value :  2.77778e-06
 Reference value :  2.77795e-06
 Reference value :  2.77813e-06
 Reference value :  2.77830e-06
 Reference value :  2.77848e-06
 Reference value :  2.77867e-06
 Reference value :  2.77885e-06
 Reference value :  2.77903e-06
 Reference value :  2.77921e-06
 Reference value :  2.77938e-06
 Reference value :  2.77954e-06
 Reference value :  2.77971e-06
 Reference value :  2.77987e-06
 Reference value :  2.78003e-06
 Reference value :  2.78021e-06
 Reference value :  2.78040e-06
 Reference value :  2.78058e-06
 Reference value :  2.78075e-06
 Reference value :  2.78091e-06
 Reference value :  2.78109e-06
 Reference value :  2.78126e-06
 Reference value :  2.78142e-06
 Reference value :  2.78161e-06
 Reference value :  2.78176e-06
 Reference value :  2.78191e-06
 Reference value :  2.78208e-06
 Reference value :  2.78224e-06
 Reference value :  2.78239e-06
 Reference value :  2.78255e-06
 Reference value :  2.78270e-06
 Reference value :  2.78285e-06
 Reference value :  2.78301e-06
 Reference value :  2.78316e-06
 Reference value :  2.78333e-06
 Reference value :  2.78350e-06
 Reference value :  2.78367e-06
 Reference value :  2.78383e-06
 Reference value :  2.78399e-06
 Reference value :  2.78414e-06
 Reference value :  2.78430e-06
 Reference value :  2.78445e-06
 Reference value :  2.78461e-06
 Reference value :  2.78476e-06
 Reference value :  2.78491e-06
 Reference value :  2.78507e-06
 Reference value :  2.78524e-06
 Reference value :  2.78540e-06
 Reference value :  2.78554e-06
 Reference value :  2.78569e-06
 Reference value :  2.78584e-06
 Reference value :  2.78599e-06
 Reference value :  2.78615e-06
 Reference value :  2.78631e-06
 Reference value :  2.78648e-06
 Reference value :  2.78666e-06
 Reference value :  2.78683e-06
 Reference value :  2.78700e-06
 Reference value :  2.78716e-06
 Reference value :  2.78731e-06
 Reference value :  2.78747e-06
 Reference value :  2.78763e-06
 Reference value :  2.78780e-06
 Reference value :  2.78797e-06
 Reference value :  2.78816e-06
 Reference value :  2.78834e-06
 Reference value :  2.78848e-06
 Reference value :  2.78863e-06
 Reference value :  2.78879e-06
 Reference value :  2.78894e-06
 Reference value :  2.78908e-06
 Reference value :  2.78925e-06
 Reference value :  2.78940e-06
 Reference value :  2.78956e-06
 Reference value :  2.78971e-06
 Reference value :  2.78987e-06
 Reference value :  2.79003e-06
 Reference value :  2.79018e-06
 Reference value :  2.79034e-06
 Reference value :  2.79049e-06
 Reference value :  2.79065e-06
 Reference value :  2.79081e-06
 Reference value :  2.79096e-06
 Reference value :  2.79113e-06
 Reference value :  2.79128e-06
 Reference value :  2.79142e-06
 Reference value :  2.79157e-06
 Reference value :  2.79171e-06
 Reference value :  2.79189e-06
 Reference value :  2.79205e-06
 Reference value :  2.79221e-06
 Reference value :  2.79237e-06
 Reference value :  2.79252e-06
 Reference value :  2.79270e-06
 Reference value :  2.79285e-06
 Reference value :  2.79303e-06
 Reference value :  2.79319e-06
 Reference value :  2.79336e-06
 Reference value :  2.79353e-06
 Reference value :  2.79370e-06
 Reference value :  2.79388e-06
 Reference value :  2.79404e-06
 Reference value :  2.79421e-06
 Reference value :  2.79438e-06
 Reference value :  2.79455e-06
 Reference value :  2.79472e-06
 Reference value :  2.79489e-06
 Reference value :  2.79505e-06
 Reference value :  2.79523e-06
 Reference value :  2.79539e-06
 Reference value :  2.79556e-06
 Reference value :  2.79572e-06
 Reference value :  2.79587e-06
 Reference value :  2.79605e-06
 Reference value :  2.79623e-06
 Reference value :  2.79639e-06
 Reference value :  2.79657e-06
 Reference value :  2.79673e-06
 Reference value :  2.79688e-06
 Reference value :  2.79705e-06
 Reference value :  2.79721e-06
 Reference value :  2.79737e-06
 Reference value :  2.79754e-06
 Reference value :  2.79769e-06
 Reference value :  2.79794e-06
 Reference value :  2.79810e-06
 Reference value :  2.79827e-06
 Reference value :  2.79843e-06
 Reference value :  2.79859e-06
 Reference value :  2.79875e-06
 Reference value :  2.79892e-06
 Reference value :  2.79908e-06
 Reference value :  2.79923e-06
 Reference value :  2.79937e-06
 Reference value :  2.79955e-06
 Reference value :  2.79979e-06
 Reference value :  2.79998e-06
 Reference value :  2.80016e-06
 Reference value :  2.80034e-06
 Reference value :  2.80050e-06
 Reference value :  2.80066e-06
 Reference value :  2.80081e-06
 Reference value :  2.80095e-06
 Reference value :  2.80110e-06
 Reference value :  2.80124e-06
 Reference value :  2.80139e-06
 Reference value :  2.80153e-06
 Reference value :  2.80168e-06
 Reference value :  2.80181e-06
 Reference value :  2.80197e-06
 Reference value :  2.80210e-06
 Reference value :  2.80224e-06
 Reference value :  2.80238e-06
 Reference value :  2.80252e-06
 Reference value :  2.80265e-06
 Reference value :  2.80279e-06
 Reference value :  2.80293e-06
 Reference value :  2.80307e-06
 Reference value :  2.80321e-06
 Reference value :  2.80335e-06
 Reference value :  2.80349e-06
 Reference value :  2.80363e-06
 Reference value :  2.80377e-06
 Reference value :  2.80390e-06
 Reference value :  2.80405e-06
 Reference value :  2.80418e-06
 Reference value :  2.80432e-06
 Reference value :  2.80445e-06
 Reference value :  2.80459e-06
 Reference value :  2.80473e-06
 Reference value :  2.80487e-06
 Reference value :  2.80501e-06
 Reference value :  2.80515e-06
 Reference value :  2.80529e-06
 Reference value :  2.80543e-06
 Reference value :  2.80557e-06
 Reference value :  2.80571e-06
 Reference value :  2.80586e-06
 Reference value :  2.80600e-06
 Reference value :  2.80613e-06
 Reference value :  2.80628e-06
 Reference value :  2.80642e-06
 Reference value :  2.80656e-06
 Reference value :  2.80671e-06
 Reference value :  2.80685e-06
 Reference value :  2.80699e-06
 Reference value :  2.80712e-06
 Reference value :  2.80726e-06
 Reference value :  2.80739e-06
 Reference value :  2.80753e-06
 Reference value :  2.80767e-06
 Reference value :  2.80781e-06
 Reference value :  2.80795e-06
 Reference value :  2.80809e-06
 Reference value :  2.80824e-06
 Reference value :  2.80839e-06
 Reference value :  2.80853e-06
 Reference value :  2.80866e-06
 Reference value :  2.80880e-06
 Reference value :  2.80894e-06
 Reference value :  2.80907e-06
 Reference value :  2.80921e-06
 Reference value :  2.80935e-06
 Reference value :  2.80949e-06
 Reference value :  2.80964e-06
 Reference value :  2.80978e-06
 Reference value :  2.80992e-06
 Reference value :  2.81005e-06
 Reference value :  2.81019e-06
 Reference value :  2.81033e-06
 Reference value :  2.81047e-06
 Reference value :  2.81061e-06
 Reference value :  2.81076e-06
 Reference value :  2.81090e-06
 Reference value :  2.81103e-06
 Reference value :  2.81117e-06
 Reference value :  2.81131e-06
 Reference value :  2.81145e-06
 Reference value :  2.81159e-06
 Reference value :  2.81173e-06
 Reference value :  2.81187e-06
 Reference value :  2.81201e-06
 Reference value :  2.81217e-06
 Reference value :  2.81232e-06
 Reference value :  2.81247e-06
 Reference value :  2.81261e-06
 Reference value :  2.81275e-06
 Reference value :  2.81288e-06
 Reference value :  2.81302e-06
 Reference value :  2.81316e-06
 Reference value :  2.81330e-06
 Reference value :  2.81344e-06
 Reference value :  2.81357e-06
 Reference value :  2.81371e-06
 Reference value :  2.81384e-06
 Reference value :  2.81398e-06
 Reference value :  2.81412e-06
 Reference value :  2.81426e-06
 Reference value :  2.81441e-06
 Reference value :  2.81459e-06
 Reference value :  2.81477e-06
 Reference value :  2.81494e-06
 Reference value :  2.81508e-06
 Reference value :  2.81522e-06
 Reference value :  2.81538e-06
 Reference value :  2.81557e-06
 Reference value :  2.81582e-06
 Reference value :  2.81597e-06
 Reference value :  2.81613e-06
 Reference value :  2.81629e-06
 Reference value :  2.81645e-06
 Reference value :  2.81662e-06
 Reference value :  2.81678e-06
 Reference value :  2.81692e-06
 Reference value :  2.81705e-06
 Reference value :  2.81719e-06
 Reference value :  2.81733e-06
 Reference value :  2.81748e-06
 Reference value :  2.81761e-06
 Reference value :  2.81775e-06
 Reference value :  2.81790e-06
 Reference value :  2.81804e-06
 Reference value :  2.81817e-06
 Reference value :  2.81831e-06
 Reference value :  2.81844e-06
 Reference value :  2.81858e-06
 Reference value :  2.81871e-06
 Reference value :  2.81885e-06
 Reference value :  2.81900e-06
 Reference value :  2.81914e-06
 Reference value :  2.81929e-06
 Reference value :  2.81944e-06
 Reference value :  2.81962e-06
 Reference value :  2.81979e-06
 Reference value :  2.81996e-06
 Reference value :  2.82011e-06
 Reference value :  2.82029e-06
 Reference value :  2.82045e-06
 Reference value :  2.82062e-06
 Reference value :  2.82078e-06
 Reference value :  2.82095e-06
 Reference value :  2.82113e-06
 Reference value :  2.82132e-06
 Reference value :  2.82147e-06
 Reference value :  2.82163e-06
 Reference value :  2.82177e-06
 Reference value :  2.82191e-06
 Reference value :  2.82204e-06
 Reference value :  2.82218e-06
 Reference value :  2.82232e-06
 Reference value :  2.82246e-06
 Reference value :  2.82260e-06
 Reference value :  2.82274e-06
 Reference value :  2.82288e-06
 Reference value :  2.82302e-06
 Reference value :  2.82316e-06
 Reference value :  2.82331e-06
 Reference value :  2.82344e-06
 Reference value :  2.82360e-06
 Reference value :  2.82375e-06
 Reference value :  2.82390e-06
 Reference value :  2.82405e-06
 Reference value :  2.82419e-06
 Reference value :  2.82434e-06
 Reference value :  2.82447e-06
 Reference value :  2.82461e-06
 Reference value :  2.82475e-06
 Reference value :  2.82489e-06
 Reference value :  2.82503e-06
 Reference value :  2.82516e-06
 Reference value :  2.82530e-06
 Reference value :  2.82544e-06
 Reference value :  2.82561e-06
 Reference value :  2.82576e-06
 Reference value :  2.82591e-06
 Reference value :  2.82605e-06
 Reference value :  2.82621e-06
 Reference value :  2.82635e-06
 Reference value :  2.82650e-06
 Reference value :  2.82664e-06
 Reference value :  2.82679e-06
 Reference value :  2.82693e-06
 Reference value :  2.82707e-06
 Reference value :  2.82721e-06
 Reference value :  2.82736e-06
 Reference value :  2.82752e-06
 Reference value :  2.82766e-06
 Reference value :  2.82781e-06
 Reference value :  2.82797e-06
 Reference value :  2.82812e-06
 Reference value :  2.82827e-06
 Reference value :  2.82842e-06
 Reference value :  2.82856e-06
 Reference value :  2.82870e-06
 Reference value :  2.82885e-06
 Reference value :  2.82899e-06
 Reference value :  2.82912e-06
 Reference value :  2.82926e-06
 Reference value :  2.82940e-06
 Reference value :  2.82954e-06
 Reference value :  2.82968e-06
 Reference value :  2.82983e-06
 Reference value :  2.82998e-06
 Reference value :  2.83013e-06
 Reference value :  2.83028e-06
 Reference value :  2.83042e-06
 Reference value :  2.83057e-06
 Reference value :  2.83072e-06
 Reference value :  2.83086e-06
 Reference value :  2.83100e-06
 Reference value :  2.83115e-06
 Reference value :  2.83128e-06
 Reference value :  2.83143e-06
 Reference value :  2.83157e-06
 Reference value :  2.83172e-06
 Reference value :  2.83186e-06
 Reference value :  2.83201e-06
 Reference value :  2.83214e-06
 Reference value :  2.83228e-06
 Reference value :  2.83242e-06
 Reference value :  2.83257e-06
 Reference value :  2.83272e-06
 Reference value :  2.83286e-06
 Reference value :  2.83301e-06
 Reference value :  2.83315e-06
 Reference value :  2.83330e-06
 Reference value :  2.83344e-06
 Reference value :  2.83359e-06
 Reference value :  2.83375e-06
 Reference value :  2.83390e-06
 Reference value :  2.83406e-06
 Reference value :  2.83420e-06
 Reference value :  2.83435e-06
 Reference value :  2.83451e-06
 Reference value :  2.83466e-06
 Reference value :  2.83481e-06
 Reference value :  2.83495e-06
 Reference value :  2.83510e-06
 Reference value :  2.83525e-06
 Reference value :  2.83539e-06
 Reference value :  2.83555e-06
 Reference value :  2.83569e-06
 Reference value :  2.83583e-06
 Reference value :  2.83598e-06
 Reference value :  2.83611e-06
 Reference value :  2.83627e-06
 Reference value :  2.83641e-06
 Reference value :  2.83656e-06
 Reference value :  2.83670e-06
 Reference value :  2.83685e-06
 Reference value :  2.83699e-06
 Reference value :  2.83714e-06
 Reference value :  2.83729e-06
 Reference value :  2.83744e-06
 Reference value :  2.83758e-06
 Reference value :  2.83774e-06
 Reference value :  2.83789e-06
 Reference value :  2.83803e-06
 Reference value :  2.83817e-06
 Reference value :  2.83831e-06
 Reference value :  2.83846e-06
 Reference value :  2.83860e-06
 Reference value :  2.83875e-06
 Reference value :  2.83890e-06
 Reference value :  2.83904e-06
 Reference value :  2.83918e-06
 Reference value :  2.83933e-06
 Reference value :  2.83947e-06
 Reference value :  2.83963e-06
 Reference value :  2.83979e-06
 Reference value :  2.83995e-06
 Reference value :  2.84010e-06
 Reference value :  2.84025e-06
 Reference value :  2.84041e-06
 Reference value :  2.84057e-06
 Reference value :  2.84072e-06
 Reference value :  2.84089e-06
 Reference value :  2.84107e-06
 Reference value :  2.84124e-06
 Reference value :  2.84142e-06
 Reference value :  2.84160e-06
 Reference value :  2.84176e-06
 Reference value :  2.84193e-06
 Reference value :  2.84208e-06
 Reference value :  2.84223e-06
 Reference value :  2.84238e-06
 Reference value :  2.84252e-06
 Reference value :  2.84267e-06
 Reference value :  2.84281e-06
 Reference value :  2.84296e-06
 Reference value :  2.84312e-06
 Reference value :  2.84328e-06
 Reference value :  2.84343e-06
 Reference value :  2.84360e-06
 Reference value :  2.84376e-06
 Reference value :  2.84392e-06
 Reference value :  2.84408e-06
 Reference value :  2.84424e-06
 Reference value :  2.84439e-06
 Reference value :  2.84457e-06
 Reference value :  2.84473e-06
 Reference value :  2.84490e-06
 Reference value :  2.84509e-06
 Reference value :  2.84530e-06
 Reference value :  2.84550e-06
 Reference value :  2.84567e-06
 Reference value :  2.84584e-06
 Reference value :  2.84602e-06
 Reference value :  2.84617e-06
 Reference value :  2.84634e-06
 Reference value :  2.84650e-06
 Reference value :  2.84667e-06
 Reference value :  2.84681e-06
 Reference value :  2.84695e-06
 Reference value :  2.84712e-06
 Reference value :  2.84726e-06
 Reference value :  2.84742e-06
 Reference value :  2.84757e-06
 Reference value :  2.84770e-06
 Reference value :  2.84785e-06
 Reference value :  2.84800e-06
 Reference value :  2.84815e-06
 Reference value :  2.84828e-06
 Reference value :  2.84842e-06
 Reference value :  2.84856e-06
 Reference value :  2.84871e-06
 Reference value :  2.84888e-06
 Reference value :  2.84905e-06
 Reference value :  2.84921e-06
 Reference value :  2.84936e-06
 Reference value :  2.84949e-06
 Reference value :  2.84962e-06
 Reference value :  2.84976e-06
 Reference value :  2.84993e-06
 Reference value :  2.85009e-06
 Reference value :  2.85024e-06
 Reference value :  2.85038e-06
 Reference value :  2.85051e-06
 Reference value :  2.85066e-06
 Reference value :  2.85081e-06
 Reference value :  2.85096e-06
 Reference value :  2.85111e-06
 Reference value :  2.85126e-06
 Reference value :  2.85142e-06
 Reference value :  2.85156e-06
 Reference value :  2.85172e-06
 Reference value :  2.85186e-06
 Reference value :  2.85202e-06
 Reference value :  2.85219e-06
 Reference value :  2.85237e-06
 Reference value :  2.85255e-06
 Reference value :  2.85275e-06
 Reference value :  2.85297e-06
 Reference value :  2.85316e-06
 Reference value :  2.85333e-06
 Reference value :  2.85350e-06
 Reference value :  2.85366e-06
 Reference value :  2.85384e-06
 Reference value :  2.85401e-06
 Reference value :  2.85418e-06
 Reference value :  2.85435e-06
 Reference value :  2.85452e-06
 Reference value :  2.85477e-06
 Reference value :  2.85495e-06
 Reference value :  2.85510e-06
 Reference value :  2.85525e-06
 Reference value :  2.85541e-06
 Reference value :  2.85557e-06
 Reference value :  2.85571e-06
 Reference value :  2.85586e-06
 Reference value :  2.85603e-06
 Reference value :  2.85617e-06
 Reference value :  2.85632e-06
 Reference value :  2.85646e-06
 Reference value :  2.85661e-06
 Reference value :  2.85677e-06
 Reference value :  2.85692e-06
 Reference value :  2.85707e-06
 Reference value :  2.85722e-06
 Reference value :  2.85736e-06
 Reference value :  2.85752e-06
 Reference value :  2.85767e-06
 Reference value :  2.85783e-06
 Reference value :  2.85799e-06
 Reference value :  2.85814e-06
 Reference value :  2.85829e-06
 Reference value :  2.85845e-06
 Reference value :  2.85861e-06
 Reference value :  2.85875e-06
 Reference value :  2.85891e-06
 Reference value :  2.85907e-06
 Reference value :  2.85921e-06
 Reference value :  2.85935e-06
 Reference value :  2.85950e-06
 Reference value :  2.85964e-06
 Reference value :  2.85978e-06
 Reference value :  2.85994e-06
 Reference value :  2.86009e-06
 Reference value :  2.86024e-06
 Reference value :  2.86041e-06
 Reference value :  2.86058e-06
 Reference value :  2.86074e-06
 Reference value :  2.86091e-06
 Reference value :  2.86109e-06
 Reference value :  2.86126e-06
 Reference value :  2.86141e-06
 Reference value :  2.86160e-06
 Reference value :  2.86177e-06
 Reference value :  2.86194e-06
 Reference value :  2.86211e-06
 Reference value :  2.86227e-06
 Reference value :  2.86242e-06
 Reference value :  2.86258e-06
 Reference value :  2.86275e-06
 Reference value :  2.86291e-06
 Reference value :  2.86307e-06
 Reference value :  2.86323e-06
 Reference value :  2.86338e-06
 Reference value :  2.86354e-06
 Reference value :  2.86369e-06
 Reference value :  2.86383e-06
 Reference value :  2.86396e-06
 Reference value :  2.86411e-06
 Reference value :  2.86428e-06
 Reference value :  2.86445e-06
 Reference value :  2.86460e-06
 Reference value :  2.86475e-06
 Reference value :  2.86491e-06
 Reference value :  2.86506e-06
 Reference value :  2.86522e-06
 Reference value :  2.86536e-06
 Reference value :  2.86551e-06
 Reference value :  2.86566e-06
 Reference value :  2.86581e-06
 Reference value :  2.86597e-06
 Reference value :  2.86612e-06
 Reference value :  2.86626e-06
 Reference value :  2.86640e-06
 Reference value :  2.86655e-06
 Reference value :  2.86671e-06
 Reference value :  2.86686e-06
 Reference value :  2.86701e-06
 Reference value :  2.86716e-06
 Reference value :  2.86730e-06
 Reference value :  2.86745e-06
 Reference value :  2.86761e-06
 Reference value :  2.86776e-06
 Reference value :  2.86791e-06
 Reference value :  2.86807e-06
 Reference value :  2.86823e-06
 Reference value :  2.86838e-06
 Reference value :  2.86855e-06
 Reference value :  2.86870e-06
 Reference value :  2.86886e-06
 Reference value :  2.86901e-06
 Reference value :  2.86918e-06
 Reference value :  2.86932e-06
 Reference value :  2.86948e-06
 Reference value :  2.86964e-06
 Reference value :  2.86980e-06
 Reference value :  2.86996e-06
 Reference value :  2.87011e-06
 Reference value :  2.87026e-06
 Reference value :  2.87042e-06
 Reference value :  2.87058e-06
 Reference value :  2.87075e-06
 Reference value :  2.87090e-06
 Reference value :  2.87106e-06
 Reference value :  2.87122e-06
 Reference value :  2.87138e-06
 Reference value :  2.87153e-06
 Reference value :  2.87168e-06
 Reference value :  2.87184e-06
 Reference value :  2.87202e-06
 Reference value :  2.87223e-06
 Reference value :  2.87251e-06
 Reference value :  2.87266e-06
 Reference value :  2.87282e-06
 Reference value :  2.87297e-06
 Reference value :  2.87312e-06
 Reference value :  2.87328e-06
 Reference value :  2.87344e-06
 Reference value :  2.87367e-06
 Reference value :  2.87385e-06
 Reference value :  2.87401e-06
 Reference value :  2.87415e-06
 Reference value :  2.87435e-06
 Reference value :  2.87451e-06
 Reference value :  2.87467e-06
 Reference value :  2.87480e-06
 Reference value :  2.87495e-06
 Reference value :  2.87509e-06
 Reference value :  2.87523e-06
 Reference value :  2.87538e-06
 Reference value :  2.87553e-06
 Reference value :  2.87567e-06
 Reference value :  2.87583e-06
 Reference value :  2.87598e-06
 Reference value :  2.87613e-06
 Reference value :  2.87628e-06
 Reference value :  2.87643e-06
 Reference value :  2.87658e-06
 Reference value :  2.87672e-06
 Reference value :  2.87687e-06
 Reference value :  2.87703e-06
 Reference value :  2.87719e-06
 Reference value :  2.87738e-06
 Reference value :  2.87752e-06
 Reference value :  2.87767e-06
 Reference value :  2.87781e-06
 Reference value :  2.87797e-06
 Reference value :  2.87811e-06
 Reference value :  2.87825e-06
 Reference value :  2.87840e-06
 Reference value :  2.87855e-06
 Reference value :  2.87869e-06
 Reference value :  2.87884e-06
 Reference value :  2.87899e-06
 Reference value :  2.87914e-06
 Reference value :  2.87929e-06
 Reference value :  2.87944e-06
 Reference value :  2.87958e-06
 Reference value :  2.87973e-06
 Reference value :  2.87988e-06
 Reference value :  2.88002e-06
 Reference value :  2.88017e-06
 Reference value :  2.88031e-06
 Reference value :  2.88047e-06
 Reference value :  2.88062e-06
 Reference value :  2.88076e-06
 Reference value :  2.88093e-06
 Reference value :  2.88109e-06
 Reference value :  2.88125e-06
 Reference value :  2.88141e-06
 Reference value :  2.88156e-06
 Reference value :  2.88171e-06
 Reference value :  2.88185e-06
 Reference value :  2.88199e-06
 Reference value :  2.88213e-06
 Reference value :  2.88228e-06
 Reference value :  2.88244e-06
 Reference value :  2.88259e-06
 Reference value :  2.88275e-06
 Reference value :  2.88293e-06
 Reference value :  2.88307e-06
 Reference value :  2.88322e-06
 Reference value :  2.88336e-06
 Reference value :  2.88353e-06
 Reference value :  2.88369e-06
 Reference value :  2.88388e-06
 Reference value :  2.88407e-06
 Reference value :  2.88424e-06
 Reference value :  2.88439e-06
 Reference value :  2.88455e-06
 Reference value :  2.88470e-06
 Reference value :  2.88493e-06
 Reference value :  2.88515e-06
 Reference value :  2.88531e-06
 Reference value :  2.88546e-06
 Reference value :  2.88562e-06
 Reference value :  2.88576e-06
 Reference value :  2.88592e-06
 Reference value :  2.88606e-06
 Reference value :  2.88622e-06
 Reference value :  2.88639e-06
 Reference value :  2.88655e-06
 Reference value :  2.88677e-06
 Reference value :  2.88693e-06
 Reference value :  2.88707e-06
 Reference value :  2.88723e-06
 Reference value :  2.88738e-06
 Reference value :  2.88753e-06
 Reference value :  2.88768e-06
 Reference value :  2.88784e-06
 Reference value :  2.88800e-06
 Reference value :  2.88817e-06
 Reference value :  2.88833e-06
 Reference value :  2.88847e-06
 Reference value :  2.88862e-06
 Reference value :  2.88878e-06
 Reference value :  2.88893e-06
 Reference value :  2.88907e-06
 Reference value :  2.88921e-06
 Reference value :  2.88936e-06
 Reference value :  2.88950e-06
 Reference value :  2.88965e-06
 Reference value :  2.88979e-06
 Reference value :  2.88995e-06
 Reference value :  2.89010e-06
 Reference value :  2.89027e-06
 Reference value :  2.89042e-06
 Reference value :  2.89056e-06
 Reference value :  2.89070e-06
 Reference value :  2.89085e-06
 Reference value :  2.89106e-06
 Reference value :  2.89129e-06
 Reference value :  2.89145e-06
 Reference value :  2.89161e-06
 Reference value :  2.89175e-06
 Reference value :  2.89189e-06
 Reference value :  2.89203e-06
 Reference value :  2.89227e-06
 Reference value :  2.89247e-06
 Reference value :  2.89263e-06
 Reference value :  2.89278e-06
 Reference value :  2.89292e-06
 Reference value :  2.89306e-06
 Reference value :  2.89321e-06
 Reference value :  2.89335e-06
 Reference value :  2.89352e-06
 Reference value :  2.89368e-06
 Reference value :  2.89384e-06
 Reference value :  2.89405e-06
 Reference value :  2.89423e-06
 Reference value :  2.89438e-06
 Reference value :  2.89453e-06
 Reference value :  2.89469e-06
 Reference value :  2.89484e-06
 Reference value :  2.89499e-06
 Reference value :  2.89514e-06
 Reference value :  2.89529e-06
 Reference value :  2.89543e-06
 Reference value :  2.89560e-06
 Reference value :  2.89574e-06
 Reference value :  2.89589e-06
 Reference value :  2.89603e-06
 Reference value :  2.89619e-06
 Reference value :  2.89633e-06
 Reference value :  2.89648e-06
 Reference value :  2.89663e-06
 Reference value :  2.89678e-06
 Reference value :  2.89694e-06
 Reference value :  2.89708e-06
 Reference value :  2.89723e-06
 Reference value :  2.89738e-06
 Reference value :  2.89754e-06
 Reference value :  2.89769e-06
 Reference value :  2.89783e-06
 Reference value :  2.89799e-06
 Reference value :  2.89812e-06
 Reference value :  2.89827e-06
 Reference value :  2.89841e-06
 Reference value :  2.89857e-06
 Reference value :  2.89871e-06
 Reference value :  2.89889e-06
 Reference value :  2.89904e-06
 Reference value :  2.89921e-06
 Reference value :  2.89937e-06
 Reference value :  2.89952e-06
 Reference value :  2.89969e-06
 Reference value :  2.89985e-06
 Reference value :  2.90001e-06
 Reference value :  2.90017e-06
 Reference value :  2.90033e-06
 Reference value :  2.90049e-06
 Reference value :  2.90065e-06
 Reference value :  2.90080e-06
 Reference value :  2.90096e-06
 Reference value :  2.90110e-06
 Reference value :  2.90128e-06
 Reference value :  2.90146e-06
 Reference value :  2.90161e-06
 Reference value :  2.90177e-06
 Reference value :  2.90195e-06
 Reference value :  2.90212e-06
 Reference value :  2.90228e-06
 Reference value :  2.90244e-06
 Reference value :  2.90260e-06
 Reference value :  2.90275e-06
 Reference value :  2.90293e-06
 Reference value :  2.90309e-06
 Reference value :  2.90326e-06
 Reference value :  2.90342e-06
 Reference value :  2.90359e-06
 Reference value :  2.90376e-06
 Reference value :  2.90392e-06
 Reference value :  2.90409e-06
 Reference value :  2.90425e-06
 Reference value :  2.90442e-06
 Reference value :  2.90458e-06
 Reference value :  2.90474e-06
 Reference value :  2.90489e-06
 Reference value :  2.90504e-06
 Reference value :  2.90518e-06
 Reference value :  2.90532e-06
 Reference value :  2.90547e-06
 Reference value :  2.90563e-06
 Reference value :  2.90579e-06
 Reference value :  2.90595e-06
 Reference value :  2.90609e-06
 Reference value :  2.90624e-06
 Reference value :  2.90637e-06
 Reference value :  2.90655e-06
 Reference value :  2.90672e-06
 Reference value :  2.90690e-06
 Reference value :  2.90707e-06
 Reference value :  2.90722e-06
 Reference value :  2.90739e-06
 Reference value :  2.90755e-06
 Reference value :  2.90772e-06
 Reference value :  2.90788e-06
 Reference value :  2.90806e-06
 Reference value :  2.90823e-06
 Reference value :  2.90839e-06
 Reference value :  2.90855e-06
 Reference value :  2.90871e-06
 Reference value :  2.90888e-06
 Reference value :  2.90903e-06
 Reference value :  2.90920e-06
 Reference value :  2.90934e-06
 Reference value :  2.90950e-06
 Reference value :  2.90966e-06
 Reference value :  2.90983e-06
 Reference value :  2.90999e-06
 Reference value :  2.91015e-06
 Reference value :  2.91032e-06
 Reference value :  2.91048e-06
 Reference value :  2.91063e-06
 Reference value :  2.91080e-06
 Reference value :  2.91094e-06
 Reference value :  2.91111e-06
 Reference value :  2.91128e-06
 Reference value :  2.91145e-06
 Reference value :  2.91162e-06
 Reference value :  2.91178e-06
 Reference value :  2.91195e-06
 Reference value :  2.91213e-06
 Reference value :  2.91231e-06
 Reference value :  2.91247e-06
 Reference value :  2.91263e-06
 Reference value :  2.91279e-06
 Reference value :  2.91294e-06
 Reference value :  2.91312e-06
 Reference value :  2.91331e-06
 Reference value :  2.91348e-06
 Reference value :  2.91366e-06
 Reference value :  2.91385e-06
 Reference value :  2.91402e-06
 Reference value :  2.91419e-06
 Reference value :  2.91436e-06
 Reference value :  2.91456e-06
 Reference value :  2.91481e-06
 Reference value :  2.91499e-06
 Reference value :  2.91513e-06
 Reference value :  2.91528e-06
 Reference value :  2.91544e-06
 Reference value :  2.91560e-06
 Reference value :  2.91577e-06
 Reference value :  2.91594e-06
 Reference value :  2.91612e-06
 Reference value :  2.91628e-06
 Reference value :  2.91647e-06
 Reference value :  2.91675e-06
 Reference value :  2.91695e-06
 Reference value :  2.91714e-06
 Reference value :  2.91732e-06
 Reference value :  2.91747e-06
 Reference value :  2.91763e-06
 Reference value :  2.91777e-06
 Reference value :  2.91791e-06
 Reference value :  2.91806e-06
 Reference value :  2.91821e-06
 Reference value :  2.91834e-06
 Reference value :  2.91849e-06
 Reference value :  2.91865e-06
 Reference value :  2.91879e-06
 Reference value :  2.91896e-06
 Reference value :  2.91913e-06
 Reference value :  2.91930e-06
 Reference value :  2.91945e-06
 Reference value :  2.91963e-06
 Reference value :  2.91978e-06
 Reference value :  2.91997e-06
 Reference value :  2.92014e-06
 Reference value :  2.92029e-06
 Reference value :  2.92044e-06
 Reference value :  2.92058e-06
 Reference value :  2.92072e-06
 Reference value :  2.92087e-06
 Reference value :  2.92103e-06
 Reference value :  2.92120e-06
 Reference value :  2.92138e-06
 Reference value :  2.92156e-06
 Reference value :  2.92173e-06
 Reference value :  2.92189e-06
 Reference value :  2.92204e-06
 Reference value :  2.92223e-06
 Reference value :  2.92239e-06
 Reference value :  2.92256e-06
 Reference value :  2.92273e-06
 Reference value :  2.92290e-06
 Reference value :  2.92308e-06
 Reference value :  2.92325e-06
 Reference value :  2.92341e-06
 Reference value :  2.92355e-06
 Reference value :  2.92371e-06
 Reference value :  2.92387e-06
 Reference value :  2.92401e-06
 Reference value :  2.92416e-06
 Reference value :  2.92432e-06
 Reference value :  2.92450e-06
 Reference value :  2.92467e-06
 Reference value :  2.92485e-06
 Reference value :  2.92504e-06
 Reference value :  2.92520e-06
 Reference value :  2.92538e-06
 Reference value :  2.92556e-06
 Reference value :  2.92574e-06
 Reference value :  2.92593e-06
 Reference value :  2.92611e-06
 Reference value :  2.92629e-06
 Reference value :  2.92643e-06
 Reference value :  2.92658e-06
 Reference value :  2.92674e-06
 Reference value :  2.92692e-06
 Reference value :  2.92706e-06
 Reference value :  2.92721e-06
 Reference value :  2.92737e-06
 Reference value :  2.92752e-06
 Reference value :  2.92770e-06
 Reference value :  2.92785e-06
 Reference value :  2.92800e-06
 Reference value :  2.92816e-06
 Reference value :  2.92831e-06
 Reference value :  2.92845e-06
 Reference value :  2.92861e-06
 Reference value :  2.92875e-06
 Reference value :  2.92891e-06
 Reference value :  2.92905e-06
 Reference value :  2.92920e-06
 Reference value :  2.92936e-06
 Reference value :  2.92951e-06
 Reference value :  2.92967e-06
 Reference value :  2.92984e-06
 Reference value :  2.93000e-06
 Reference value :  2.93016e-06
 Reference value :  2.93032e-06
 Reference value :  2.93047e-06
 Reference value :  2.93063e-06
 Reference value :  2.93078e-06
 Reference value :  2.93094e-06
 Reference value :  2.93110e-06
 Reference value :  2.93126e-06
 Reference value :  2.93142e-06
 Reference value :  2.93156e-06
 Reference value :  2.93169e-06
 Reference value :  2.93183e-06
 Reference value :  2.93197e-06
 Reference value :  2.93211e-06
 Reference value :  2.93225e-06
 Reference value :  2.93241e-06
 Reference value :  2.93255e-06
 Reference value :  2.93269e-06
 Reference value :  2.93283e-06
 Reference value :  2.93298e-06
 Reference value :  2.93312e-06
 Reference value :  2.93326e-06
 Reference value :  2.93340e-06
 Reference value :  2.93355e-06
 Reference value :  2.93369e-06
 Reference value :  2.93384e-06
 Reference value :  2.93398e-06
 Reference value :  2.93413e-06
 Reference value :  2.93428e-06
 Reference value :  2.93441e-06
 Reference value :  2.93455e-06
 Reference value :  2.93469e-06
 Reference value :  2.93483e-06
 Reference value :  2.93496e-06
 Reference value :  2.93510e-06
 Reference value :  2.93525e-06
 Reference value :  2.93544e-06
 Reference value :  2.93562e-06
 Reference value :  2.93579e-06
 Reference value :  2.93598e-06
 Reference value :  2.93616e-06
 Reference value :  2.93633e-06
 Reference value :  2.93651e-06
 Reference value :  2.93669e-06
 Reference value :  2.93688e-06
 Reference value :  2.93706e-06
 Reference value :  2.93723e-06
 Reference value :  2.93741e-06
 Reference value :  2.93758e-06
 Reference value :  2.93777e-06
 Reference value :  2.93793e-06
 Reference value :  2.93811e-06
 Reference value :  2.93828e-06
 Reference value :  2.93844e-06
 Reference value :  2.93862e-06
 Reference value :  2.93879e-06
 Reference value :  2.93896e-06
 Reference value :  2.93913e-06
 Reference value :  2.93930e-06
 Reference value :  2.93948e-06
 Reference value :  2.93965e-06
 Reference value :  2.93982e-06
 Reference value :  2.93998e-06
 Reference value :  2.94017e-06
 Reference value :  2.94035e-06
 Reference value :  2.94052e-06
 Reference value :  2.94068e-06
 Reference value :  2.94086e-06
 Reference value :  2.94103e-06
 Reference value :  2.94121e-06
 Reference value :  2.94137e-06
 Reference value :  2.94153e-06
 Reference value :  2.94170e-06
 Reference value :  2.94186e-06
 Reference value :  2.94202e-06
 Reference value :  2.94217e-06
 Reference value :  2.94234e-06
 Reference value :  2.94252e-06
 Reference value :  2.94268e-06
 Reference value :  2.94284e-06
 Reference value :  2.94300e-06
 Reference value :  2.94316e-06
 Reference value :  2.94333e-06
 Reference value :  2.94348e-06
 Reference value :  2.94364e-06
 Reference value :  2.94380e-06
 Reference value :  2.94396e-06
 Reference value :  2.94411e-06
 Reference value :  2.94427e-06
 Reference value :  2.94443e-06
 Reference value :  2.94460e-06
 Reference value :  2.94475e-06
 Reference value :  2.94492e-06
 Reference value :  2.94509e-06
 Reference value :  2.94525e-06
 Reference value :  2.94541e-06
 Reference value :  2.94557e-06
 Reference value :  2.94573e-06
 Reference value :  2.94592e-06
 Reference value :  2.94609e-06
 Reference value :  2.94624e-06
 Reference value :  2.94641e-06
 Reference value :  2.94657e-06
 Reference value :  2.94672e-06
 Reference value :  2.94688e-06
 Reference value :  2.94704e-06
 Reference value :  2.94721e-06
 Reference value :  2.94737e-06
 Reference value :  2.94758e-06
 Reference value :  2.94783e-06
 Reference value :  2.94802e-06
 Reference value :  2.94816e-06
 Reference value :  2.94829e-06
 Reference value :  2.94843e-06
 Reference value :  2.94856e-06
 Reference value :  2.94870e-06
 Reference value :  2.94883e-06
 Reference value :  2.94905e-06
 Reference value :  2.94924e-06
 Reference value :  2.94938e-06
 Reference value :  2.94951e-06
 Reference value :  2.94965e-06
 Reference value :  2.94978e-06
 Reference value :  2.94992e-06
 Reference value :  2.95006e-06
 Reference value :  2.95019e-06
 Reference value :  2.95032e-06
 Reference value :  2.95046e-06
 Reference value :  2.95059e-06
 Reference value :  2.95073e-06
 Reference value :  2.95086e-06
 Reference value :  2.95100e-06
 Reference value :  2.95113e-06
 Reference value :  2.95127e-06
 Reference value :  2.95142e-06
 Reference value :  2.95155e-06
 Reference value :  2.95169e-06
 Reference value :  2.95183e-06
 Reference value :  2.95197e-06
 Reference value :  2.95211e-06
 Reference value :  2.95225e-06
 Reference value :  2.95238e-06
 Reference value :  2.95251e-06
 Reference value :  2.95265e-06
 Reference value :  2.95278e-06
 Reference value :  2.95291e-06
 Reference value :  2.95305e-06
 Reference value :  2.95319e-06
 Reference value :  2.95332e-06
 Reference value :  2.95346e-06
 Reference value :  2.95360e-06
 Reference value :  2.95374e-06
 Reference value :  2.95387e-06
 Reference value :  2.95401e-06
 Reference value :  2.95415e-06
 Reference value :  2.95429e-06
 Reference value :  2.95443e-06
 Reference value :  2.95457e-06
 Reference value :  2.95470e-06
 Reference value :  2.95485e-06
 Reference value :  2.95498e-06
 Reference value :  2.95513e-06
 Reference value :  2.95527e-06
 Reference value :  2.95541e-06
 Reference value :  2.95556e-06
 Reference value :  2.95569e-06
 Reference value :  2.95587e-06
 Reference value :  2.95601e-06
 Reference value :  2.95614e-06
 Reference value :  2.95627e-06
 Reference value :  2.95641e-06
 Reference value :  2.95654e-06
 Reference value :  2.95668e-06
 Reference value :  2.95681e-06
 Reference value :  2.95694e-06
 Reference value :  2.95708e-06
 Reference value :  2.95721e-06
 Reference value :  2.95736e-06
 Reference value :  2.95750e-06
 Reference value :  2.95764e-06
 Reference value :  2.95777e-06
 Reference value :  2.95791e-06
 Reference value :  2.95805e-06
 Reference value :  2.95818e-06
 Reference value :  2.95832e-06
 Reference value :  2.95845e-06
 Reference value :  2.95859e-06
 Reference value :  2.95872e-06
 Reference value :  2.95887e-06
 Reference value :  2.95901e-06
 Reference value :  2.95917e-06
 Reference value :  2.95933e-06
 Reference value :  2.95948e-06
 Reference value :  2.95961e-06
 Reference value :  2.95975e-06
 Reference value :  2.95989e-06
 Reference value :  2.96002e-06
 Reference value :  2.96015e-06
 Reference value :  2.96029e-06
 Reference value :  2.96045e-06
 Reference value :  2.96059e-06
 Reference value :  2.96075e-06
 Reference value :  2.96091e-06
 Reference value :  2.96106e-06
 Reference value :  2.96122e-06
 Reference value :  2.96137e-06
 Reference value :  2.96153e-06
 Reference value :  2.96168e-06
 Reference value :  2.96182e-06
 Reference value :  2.96196e-06
 Reference value :  2.96210e-06
 Reference value :  2.96224e-06
 Reference value :  2.96237e-06
 Reference value :  2.96251e-06
 Reference value :  2.96264e-06
 Reference value :  2.96277e-06
 Reference value :  2.96292e-06
 Reference value :  2.96306e-06
 Reference value :  2.96320e-06
 Reference value :  2.96333e-06
 Reference value :  2.96346e-06
 Reference value :  2.96360e-06
 Reference value :  2.96374e-06
 Reference value :  2.96388e-06
 Reference value :  2.96403e-06
 Reference value :  2.96416e-06
 Reference value :  2.96430e-06
 Reference value :  2.96443e-06
 Reference value :  2.96458e-06
 Reference value :  2.96472e-06
 Reference value :  2.96486e-06
 Reference value :  2.96499e-06
 Reference value :  2.96520e-06
 Reference value :  2.96538e-06
 Reference value :  2.96553e-06
 Reference value :  2.96567e-06
 Reference value :  2.96580e-06
 Reference value :  2.96594e-06
 Reference value :  2.96608e-06
 Reference value :  2.96621e-06
 Reference value :  2.96635e-06
 Reference value :  2.96648e-06
 Reference value :  2.96662e-06
 Reference value :  2.96675e-06
 Reference value :  2.96689e-06
 Reference value :  2.96702e-06
 Reference value :  2.96716e-06
 Reference value :  2.96730e-06
 Reference value :  2.96745e-06
 Reference value :  2.96759e-06
 Reference value :  2.96774e-06
 Reference value :  2.96787e-06
 Reference value :  2.96801e-06
 Reference value :  2.96815e-06
 Reference value :  2.96829e-06
 Reference value :  2.96842e-06
 Reference value :  2.96856e-06
 Reference value :  2.96872e-06
 Reference value :  2.96886e-06
 Reference value :  2.96902e-06
 Reference value :  2.96917e-06
 Reference value :  2.96933e-06
 Reference value :  2.96949e-06
 Reference value :  2.96965e-06
 Reference value :  2.96982e-06
 Reference value :  2.96999e-06
 Reference value :  2.97016e-06
 Reference value :  2.97034e-06
 Reference value :  2.97053e-06
 Reference value :  2.97078e-06
 Reference value :  2.97102e-06
 Reference value :  2.97126e-06
 Reference value :  2.97148e-06
 Reference value :  2.97173e-06
 Reference value :  2.97197e-06
 Reference value :  2.97219e-06
 Reference value :  2.97243e-06
 Reference value :  2.97268e-06
 Reference value :  2.97289e-06
 Reference value :  2.97305e-06
 Reference value :  2.97319e-06
 Reference value :  2.97333e-06
 Reference value :  2.97347e-06
 Reference value :  2.97360e-06
 Reference value :  2.97375e-06
 Reference value :  2.97389e-06
 Reference value :  2.97405e-06
 Reference value :  2.97419e-06
 Reference value :  2.97434e-06
 Reference value :  2.97450e-06
 Reference value :  2.97466e-06
 Reference value :  2.97480e-06
 Reference value :  2.97494e-06
 Reference value :  2.97508e-06
 Reference value :  2.97523e-06
 Reference value :  2.97538e-06
 Reference value :  2.97552e-06
 Reference value :  2.97568e-06
 Reference value :  2.97581e-06
 Reference value :  2.97596e-06
 Reference value :  2.97609e-06
 Reference value :  2.97624e-06
 Reference value :  2.97638e-06
 Reference value :  2.97653e-06
 Reference value :  2.97666e-06
 Reference value :  2.97680e-06
 Reference value :  2.97693e-06
 Reference value :  2.97707e-06
 Reference value :  2.97720e-06
 Reference value :  2.97734e-06
 Reference value :  2.97748e-06
 Reference value :  2.97762e-06
 Reference value :  2.97776e-06
 Reference value :  2.97790e-06
 Reference value :  2.97804e-06
 Reference value :  2.97818e-06
 Reference value :  2.97832e-06
 Reference value :  2.97845e-06
 Reference value :  2.97861e-06
 Reference value :  2.97876e-06
 Reference value :  2.97889e-06
 Reference value :  2.97903e-06
 Reference value :  2.97917e-06
 Reference value :  2.97934e-06
 Reference value :  2.97951e-06
 Reference value :  2.97965e-06
 Reference value :  2.97981e-06
 Reference value :  2.97995e-06
 Reference value :  2.98012e-06
 Reference value :  2.98027e-06
 Reference value :  2.98042e-06
 Reference value :  2.98056e-06
 Reference value :  2.98070e-06
 Reference value :  2.98087e-06
 Reference value :  2.98103e-06
 Reference value :  2.98121e-06
 Reference value :  2.98139e-06
 Reference value :  2.98156e-06
 Reference value :  2.98172e-06
 Reference value :  2.98187e-06
 Reference value :  2.98200e-06
 Reference value :  2.98215e-06
 Reference value :  2.98231e-06
 Reference value :  2.98247e-06
 Reference value :  2.98264e-06
 Reference value :  2.98280e-06
 Reference value :  2.98294e-06
 Reference value :  2.98308e-06
 Reference value :  2.98323e-06
 Reference value :  2.98337e-06
 Reference value :  2.98351e-06
 Reference value :  2.98365e-06
 Reference value :  2.98379e-06
 Reference value :  2.98393e-06
 Reference value :  2.98409e-06
 Reference value :  2.98423e-06
 Reference value :  2.98441e-06
 Reference value :  2.98458e-06
 Reference value :  2.98474e-06
 Reference value :  2.98488e-06
 Reference value :  2.98505e-06
 Reference value :  2.98519e-06
 Reference value :  2.98537e-06
 Reference value :  2.98554e-06
 Reference value :  2.98572e-06
 Reference value :  2.98588e-06
 Reference value :  2.98605e-06
 Reference value :  2.98621e-06
 Reference value :  2.98639e-06
 Reference value :  2.98655e-06
 Reference value :  2.98669e-06
 Reference value :  2.98683e-06
 Reference value :  2.98698e-06
 Reference value :  2.98714e-06
 Reference value :  2.98729e-06
 Reference value :  2.98743e-06
 Reference value :  2.98758e-06
 Reference value :  2.98772e-06
 Reference value :  2.98786e-06
 Reference value :  2.98801e-06
 Reference value :  2.98816e-06
 Reference value :  2.98830e-06
 Reference value :  2.98845e-06
 Reference value :  2.98861e-06
 Reference value :  2.98875e-06
 Reference value :  2.98891e-06
 Reference value :  2.98905e-06
 Reference value :  2.98919e-06
 Reference value :  2.98934e-06
 Reference value :  2.98949e-06
 Reference value :  2.98963e-06
 Reference value :  2.98980e-06
 Reference value :  2.98997e-06
 Reference value :  2.99015e-06
 Reference value :  2.99032e-06
 Reference value :  2.99049e-06
 Reference value :  2.99063e-06
 Reference value :  2.99077e-06
 Reference value :  2.99091e-06
 Reference value :  2.99105e-06
 Reference value :  2.99118e-06
 Reference value :  2.99131e-06
 Reference value :  2.99146e-06
 Reference value :  2.99160e-06
 Reference value :  2.99173e-06
 Reference value :  2.99188e-06
 Reference value :  2.99202e-06
 Reference value :  2.99216e-06
 Reference value :  2.99230e-06
 Reference value :  2.99244e-06
 Reference value :  2.99258e-06
 Reference value :  2.99273e-06
 Reference value :  2.99286e-06
 Reference value :  2.99300e-06
 Reference value :  2.99314e-06
 Reference value :  2.99327e-06
 Reference value :  2.99340e-06
 Reference value :  2.99354e-06
 Reference value :  2.99368e-06
 Reference value :  2.99381e-06
 Reference value :  2.99395e-06
 Reference value :  2.99408e-06
 Reference value :  2.99422e-06
 Reference value :  2.99436e-06
 Reference value :  2.99449e-06
 Reference value :  2.99462e-06
 Reference value :  2.99478e-06
 Reference value :  2.99494e-06
 Reference value :  2.99508e-06
 Reference value :  2.99521e-06
 Reference value :  2.99535e-06
 Reference value :  2.99548e-06
 Reference value :  2.99562e-06
 Reference value :  2.99575e-06
 Reference value :  2.99588e-06
 Reference value :  2.99602e-06
 Reference value :  2.99616e-06
 Reference value :  2.99630e-06
 Reference value :  2.99644e-06
 Reference value :  2.99658e-06
 Reference value :  2.99672e-06
 Reference value :  2.99687e-06
 Reference value :  2.99701e-06
 Reference value :  2.99715e-06
 Reference value :  2.99729e-06
 Reference value :  2.99743e-06
 Reference value :  2.99756e-06
 Reference value :  2.99771e-06
 Reference value :  2.99786e-06
 Reference value :  2.99801e-06
 Reference value :  2.99815e-06
 Reference value :  2.99829e-06
 Reference value :  2.99842e-06
 Reference value :  2.99859e-06
 Reference value :  2.99878e-06
 Reference value :  2.99894e-06
 Reference value :  2.99911e-06
 Reference value :  2.99929e-06
 Reference value :  2.99946e-06
 Reference value :  2.99963e-06
 Reference value :  2.99980e-06
 Reference value :  2.99996e-06
No. of Data Rows : 3900047
tk                  =  1.02400e-08
tk                  =  1.69144e-08
tk                  =  2.35896e-08
tk                  =  3.02628e-08
tk                  =  3.69377e-08
tk                  =  4.36116e-08
tk                  =  5.02879e-08
tk                  =  5.69594e-08
tk                  =  6.36327e-08
tk                  =  7.03071e-08
tk                  =  7.69809e-08
tk                  =  8.36539e-08
tk                  =  9.03272e-08
tk                  =  9.70002e-08
tk                  =  1.03674e-07
tk                  =  1.10348e-07
tk                  =  1.17022e-07
tk                  =  1.23696e-07
tk                  =  1.30370e-07
tk                  =  1.37045e-07
tk                  =  1.43722e-07
tk                  =  1.50394e-07
tk                  =  1.57068e-07
tk                  =  1.63741e-07
tk                  =  1.70414e-07
tk                  =  1.77087e-07
tk                  =  1.83761e-07
tk                  =  1.90435e-07
tk                  =  1.97107e-07
tk                  =  2.03783e-07
tk                  =  2.10458e-07
tk                  =  2.17133e-07
tk                  =  2.23808e-07
tk                  =  2.30481e-07
tk                  =  2.37155e-07
tk                  =  2.43829e-07
tk                  =  2.50503e-07
tk                  =  2.57177e-07
tk                  =  2.63850e-07
tk                  =  2.70524e-07
tk                  =  2.77197e-07
tk                  =  2.83870e-07
tk                  =  2.90540e-07
tk                  =  2.97216e-07
tk                  =  3.03890e-07
tk                  =  3.10563e-07
tk                  =  3.17237e-07
tk                  =  3.23912e-07
tk                  =  3.30586e-07
tk                  =  3.37262e-07
tk                  =  3.43933e-07
tk                  =  3.50607e-07
tk                  =  3.57281e-07
tk                  =  3.63955e-07
tk                  =  3.70628e-07
tk                  =  3.77301e-07
tk                  =  3.83974e-07
tk                  =  3.90648e-07
tk                  =  3.97323e-07
tk                  =  4.03997e-07
tk                  =  4.10671e-07
tk                  =  4.17344e-07
tk                  =  4.24019e-07
tk                  =  4.30695e-07
tk                  =  4.37367e-07
tk                  =  4.44040e-07
tk                  =  4.50713e-07
tk                  =  4.57387e-07
tk                  =  4.64061e-07
tk                  =  4.70735e-07
tk                  =  4.77408e-07
tk                  =  4.84081e-07
tk                  =  4.90757e-07
tk                  =  4.97431e-07
tk                  =  5.04105e-07
tk                  =  5.10773e-07
tk                  =  5.17438e-07
tk                  =  5.24103e-07
tk                  =  5.30769e-07
tk                  =  5.37434e-07
tk                  =  5.44098e-07
tk                  =  5.50764e-07
tk                  =  5.57429e-07
tk                  =  5.64094e-07
tk                  =  5.70759e-07
tk                  =  5.77421e-07
tk                  =  5.84088e-07
tk                  =  5.90752e-07
tk                  =  5.97419e-07
tk                  =  6.04083e-07
tk                  =  6.10748e-07
tk                  =  6.17412e-07
tk                  =  6.24079e-07
tk                  =  6.30743e-07
tk                  =  6.37408e-07
tk                  =  6.44073e-07
tk                  =  6.50737e-07
tk                  =  6.57402e-07
tk                  =  6.64067e-07
tk                  =  6.70732e-07
tk                  =  6.77396e-07
tk                  =  6.84062e-07
tk                  =  6.90727e-07
tk                  =  6.97392e-07
tk                  =  7.04058e-07
tk                  =  7.10723e-07
tk                  =  7.17389e-07
tk                  =  7.24053e-07
tk                  =  7.30718e-07
tk                  =  7.37383e-07
tk                  =  7.44049e-07
tk                  =  7.50713e-07
tk                  =  7.57378e-07
tk                  =  7.64043e-07
tk                  =  7.70707e-07
tk                  =  7.77372e-07
tk                  =  7.84038e-07
tk                  =  7.90703e-07
tk                  =  7.97368e-07
tk                  =  8.04033e-07
tk                  =  8.10699e-07
tk                  =  8.17364e-07
tk                  =  8.24028e-07
tk                  =  8.30693e-07
tk                  =  8.37358e-07
tk                  =  8.44023e-07
tk                  =  8.50688e-07
tk                  =  8.57353e-07
tk                  =  8.64016e-07
tk                  =  8.70682e-07
tk                  =  8.77347e-07
tk                  =  8.84013e-07
tk                  =  8.90678e-07
tk                  =  8.97343e-07
tk                  =  9.04009e-07
tk                  =  9.10676e-07
tk                  =  9.17339e-07
tk                  =  9.24005e-07
tk                  =  9.30669e-07
tk                  =  9.37334e-07
tk                  =  9.43998e-07
tk                  =  9.50663e-07
tk                  =  9.57328e-07
tk                  =  9.63992e-07
tk                  =  9.70657e-07
tk                  =  9.77324e-07
tk                  =  9.83988e-07
tk                  =  9.90653e-07
tk                  =  9.97318e-07
tk                  =  1.00398e-06
tk                  =  1.01065e-06
tk                  =  1.01733e-06
tk                  =  1.02400e-06
tk                  =  1.03068e-06
tk                  =  1.03735e-06
tk                  =  1.04402e-06
tk                  =  1.05069e-06
tk                  =  1.05737e-06
tk                  =  1.06404e-06
tk                  =  1.07072e-06
tk                  =  1.07739e-06
tk                  =  1.08407e-06
tk                  =  1.09074e-06
tk                  =  1.09742e-06
tk                  =  1.10409e-06
tk                  =  1.11076e-06
tk                  =  1.11744e-06
tk                  =  1.12411e-06
tk                  =  1.13078e-06
tk                  =  1.13746e-06
tk                  =  1.14413e-06
tk                  =  1.15080e-06
tk                  =  1.15748e-06
tk                  =  1.16415e-06
tk                  =  1.17083e-06
tk                  =  1.17750e-06
tk                  =  1.18418e-06
tk                  =  1.19085e-06
tk                  =  1.19753e-06
tk                  =  1.20420e-06
tk                  =  1.21087e-06
tk                  =  1.21755e-06
tk                  =  1.22422e-06
tk                  =  1.23089e-06
tk                  =  1.23757e-06
tk                  =  1.24424e-06
tk                  =  1.25091e-06
tk                  =  1.25758e-06
tk                  =  1.26426e-06
tk                  =  1.27093e-06
tk                  =  1.27761e-06
tk                  =  1.28428e-06
tk                  =  1.29096e-06
tk                  =  1.29763e-06
tk                  =  1.30430e-06
tk                  =  1.31098e-06
tk                  =  1.31765e-06
tk                  =  1.32432e-06
tk                  =  1.33100e-06
tk                  =  1.33767e-06
tk                  =  1.34435e-06
tk                  =  1.35102e-06
tk                  =  1.35769e-06
tk                  =  1.36437e-06
tk                  =  1.37104e-06
tk                  =  1.37772e-06
tk                  =  1.38439e-06
tk                  =  1.39107e-06
tk                  =  1.39774e-06
tk                  =  1.40441e-06
tk                  =  1.41109e-06
tk                  =  1.41776e-06
tk                  =  1.42443e-06
tk                  =  1.43111e-06
tk                  =  1.43778e-06
tk                  =  1.44445e-06
tk                  =  1.45113e-06
tk                  =  1.45780e-06
tk                  =  1.46448e-06
tk                  =  1.47115e-06
tk                  =  1.47783e-06
tk                  =  1.48450e-06
tk                  =  1.49117e-06
tk                  =  1.49785e-06
tk                  =  1.50452e-06
tk                  =  1.51119e-06
tk                  =  1.51785e-06
tk                  =  1.52452e-06
tk                  =  1.53118e-06
tk                  =  1.53785e-06
tk                  =  1.54451e-06
tk                  =  1.55118e-06
tk                  =  1.55784e-06
tk                  =  1.56451e-06
tk                  =  1.57117e-06
tk                  =  1.57784e-06
tk                  =  1.58450e-06
tk                  =  1.59117e-06
tk                  =  1.59783e-06
tk                  =  1.60450e-06
tk                  =  1.61116e-06
tk                  =  1.61783e-06
tk                  =  1.62449e-06
tk                  =  1.63116e-06
tk                  =  1.63782e-06
tk                  =  1.64449e-06
tk                  =  1.65115e-06
tk                  =  1.65782e-06
tk                  =  1.66448e-06
tk                  =  1.67115e-06
tk                  =  1.67782e-06
tk                  =  1.68448e-06
tk                  =  1.69115e-06
tk                  =  1.69781e-06
tk                  =  1.70447e-06
tk                  =  1.71114e-06
tk                  =  1.71780e-06
tk                  =  1.72447e-06
tk                  =  1.73113e-06
tk                  =  1.73780e-06
tk                  =  1.74446e-06
tk                  =  1.75113e-06
tk                  =  1.75779e-06
tk                  =  1.76446e-06
tk                  =  1.77113e-06
tk                  =  1.77779e-06
tk                  =  1.78445e-06
tk                  =  1.79112e-06
tk                  =  1.79779e-06
tk                  =  1.80445e-06
tk                  =  1.81111e-06
tk                  =  1.81778e-06
tk                  =  1.82444e-06
tk                  =  1.83111e-06
tk                  =  1.83777e-06
tk                  =  1.84444e-06
tk                  =  1.85110e-06
tk                  =  1.85777e-06
tk                  =  1.86444e-06
tk                  =  1.87110e-06
tk                  =  1.87776e-06
tk                  =  1.88443e-06
tk                  =  1.89109e-06
tk                  =  1.89776e-06
tk                  =  1.90442e-06
tk                  =  1.91109e-06
tk                  =  1.91775e-06
tk                  =  1.92442e-06
tk                  =  1.93109e-06
tk                  =  1.93775e-06
tk                  =  1.94442e-06
tk                  =  1.95108e-06
tk                  =  1.95775e-06
tk                  =  1.96441e-06
tk                  =  1.97108e-06
tk                  =  1.97774e-06
tk                  =  1.98441e-06
tk                  =  1.99107e-06
tk                  =  1.99774e-06
tk                  =  2.00440e-06
tk                  =  2.01107e-06
tk                  =  2.01775e-06
tk                  =  2.02442e-06
tk                  =  2.03110e-06
tk                  =  2.03777e-06
tk                  =  2.04445e-06
tk                  =  2.05112e-06
tk                  =  2.05779e-06
tk                  =  2.06447e-06
tk                  =  2.07114e-06
tk                  =  2.07781e-06
tk                  =  2.08449e-06
tk                  =  2.09116e-06
tk                  =  2.09783e-06
tk                  =  2.10451e-06
tk                  =  2.11118e-06
tk                  =  2.11786e-06
tk                  =  2.12453e-06
tk                  =  2.13121e-06
tk                  =  2.13788e-06
tk                  =  2.14455e-06
tk                  =  2.15123e-06
tk                  =  2.15790e-06
tk                  =  2.16458e-06
tk                  =  2.17125e-06
tk                  =  2.17792e-06
tk                  =  2.18460e-06
tk                  =  2.19127e-06
tk                  =  2.19794e-06
tk                  =  2.20462e-06
tk                  =  2.21129e-06
tk                  =  2.21797e-06
tk                  =  2.22464e-06
tk                  =  2.23131e-06
tk                  =  2.23799e-06
tk                  =  2.24466e-06
tk                  =  2.25134e-06
tk                  =  2.25801e-06
tk                  =  2.26468e-06
tk                  =  2.27136e-06
tk                  =  2.27803e-06
tk                  =  2.28470e-06
tk                  =  2.29138e-06
tk                  =  2.29805e-06
tk                  =  2.30472e-06
tk                  =  2.31140e-06
tk                  =  2.31807e-06
tk                  =  2.32475e-06
tk                  =  2.33142e-06
tk                  =  2.33810e-06
tk                  =  2.34477e-06
tk                  =  2.35144e-06
tk                  =  2.35812e-06
tk                  =  2.36479e-06
tk                  =  2.37146e-06
tk                  =  2.37814e-06
tk                  =  2.38481e-06
tk                  =  2.39148e-06
tk                  =  2.39816e-06
tk                  =  2.40483e-06
tk                  =  2.41151e-06
tk                  =  2.41818e-06
tk                  =  2.42486e-06
tk                  =  2.43153e-06
tk                  =  2.43821e-06
tk                  =  2.44488e-06
tk                  =  2.45155e-06
tk                  =  2.45822e-06
tk                  =  2.46490e-06
tk                  =  2.47157e-06
tk                  =  2.47824e-06
tk                  =  2.48492e-06
tk                  =  2.49159e-06
tk                  =  2.49827e-06
tk                  =  2.50494e-06
tk                  =  2.51161e-06
tk                  =  2.51827e-06
tk                  =  2.52494e-06
tk                  =  2.53160e-06
tk                  =  2.53827e-06
tk                  =  2.54493e-06
tk                  =  2.55160e-06
tk                  =  2.55826e-06
tk                  =  2.56493e-06
tk                  =  2.57159e-06
tk2                 =  9.57461e-09
tk2                 =  1.58134e-08
tk2                 =  2.20510e-08
tk2                 =  2.82877e-08
tk2                 =  3.45269e-08
tk2                 =  4.07653e-08
tk2                 =  4.70028e-08
tk2                 =  5.32405e-08
tk2                 =  5.94778e-08
tk2                 =  6.57148e-08
tk2                 =  7.19525e-08
tk2                 =  7.81903e-08
tk2                 =  8.44284e-08
tk2                 =  9.06661e-08
tk2                 =  9.69039e-08
tk2                 =  1.03142e-07
tk2                 =  1.09380e-07
tk2                 =  1.15617e-07
tk2                 =  1.21855e-07
tk2                 =  1.28093e-07
tk2                 =  1.34330e-07
tk2                 =  1.40569e-07
tk2                 =  1.46807e-07
tk2                 =  1.53045e-07
tk2                 =  1.59282e-07
tk2                 =  1.65520e-07
tk2                 =  1.71758e-07
tk2                 =  1.77996e-07
tk2                 =  1.84234e-07
tk2                 =  1.90471e-07
tk2                 =  1.96709e-07
tk2                 =  2.02946e-07
tk2                 =  2.09184e-07
tk2                 =  2.15423e-07
tk2                 =  2.21660e-07
tk2                 =  2.27897e-07
tk2                 =  2.34136e-07
tk2                 =  2.40374e-07
tk2                 =  2.46612e-07
tk2                 =  2.52850e-07
tk2                 =  2.59087e-07
tk2                 =  2.65324e-07
tk2                 =  2.71562e-07
tk2                 =  2.77799e-07
tk2                 =  2.84037e-07
tk2                 =  2.90276e-07
tk2                 =  2.96514e-07
tk2                 =  3.02753e-07
tk2                 =  3.08991e-07
tk2                 =  3.15229e-07
tk2                 =  3.21467e-07
tk2                 =  3.27704e-07
tk2                 =  3.33943e-07
tk2                 =  3.40181e-07
tk2                 =  3.46418e-07
tk2                 =  3.52656e-07
tk2                 =  3.58895e-07
tk2                 =  3.65132e-07
tk2                 =  3.71370e-07
tk2                 =  3.77608e-07
tk2                 =  3.83845e-07
tk2                 =  3.90083e-07
tk2                 =  3.96320e-07
tk2                 =  4.02560e-07
tk2                 =  4.08797e-07
tk2                 =  4.15034e-07
tk2                 =  4.21271e-07
tk2                 =  4.27510e-07
tk2                 =  4.33747e-07
tk2                 =  4.39986e-07
tk2                 =  4.46222e-07
tk2                 =  4.52461e-07
tk2                 =  4.58699e-07
tk2                 =  4.64937e-07
tk2                 =  4.71174e-07
tk2                 =  4.77413e-07
tk2                 =  4.83650e-07
tk2                 =  4.89889e-07
tk2                 =  4.96127e-07
tk2                 =  5.02365e-07
tk2                 =  5.08598e-07
tk2                 =  5.14828e-07
tk2                 =  5.21058e-07
tk2                 =  5.27288e-07
tk2                 =  5.33518e-07
tk2                 =  5.39749e-07
tk2                 =  5.45977e-07
tk2                 =  5.52208e-07
tk2                 =  5.58437e-07
tk2                 =  5.64667e-07
tk2                 =  5.70898e-07
tk2                 =  5.77128e-07
tk2                 =  5.83358e-07
tk2                 =  5.89588e-07
tk2                 =  5.95818e-07
tk2                 =  6.02048e-07
tk2                 =  6.08278e-07
tk2                 =  6.14508e-07
tk2                 =  6.20738e-07
tk2                 =  6.26969e-07
tk2                 =  6.33197e-07
tk2                 =  6.39427e-07
tk2                 =  6.45657e-07
tk2                 =  6.51887e-07
tk2                 =  6.58117e-07
tk2                 =  6.64348e-07
tk2                 =  6.70578e-07
tk2                 =  6.76807e-07
tk2                 =  6.83037e-07
tk2                 =  6.89266e-07
tk2                 =  6.95496e-07
tk2                 =  7.01725e-07
tk2                 =  7.07954e-07
tk2                 =  7.14184e-07
tk2                 =  7.20414e-07
tk2                 =  7.26644e-07
tk2                 =  7.32873e-07
tk2                 =  7.39105e-07
tk2                 =  7.45333e-07
tk2                 =  7.51564e-07
tk2                 =  7.57794e-07
tk2                 =  7.64023e-07
tk2                 =  7.70253e-07
tk2                 =  7.76482e-07
tk2                 =  7.82712e-07
tk2                 =  7.88941e-07
tk2                 =  7.95171e-07
tk2                 =  8.01401e-07
tk2                 =  8.07631e-07
tk2                 =  8.13861e-07
tk2                 =  8.20091e-07
tk2                 =  8.26320e-07
tk2                 =  8.32550e-07
tk2                 =  8.38780e-07
tk2                 =  8.45010e-07
tk2                 =  8.51242e-07
tk2                 =  8.57471e-07
tk2                 =  8.63701e-07
tk2                 =  8.69930e-07
tk2                 =  8.76160e-07
tk2                 =  8.82391e-07
tk2                 =  8.88620e-07
tk2                 =  8.94850e-07
tk2                 =  9.01080e-07
tk2                 =  9.07309e-07
tk2                 =  9.13539e-07
tk2                 =  9.19769e-07
tk2                 =  9.25999e-07
tk2                 =  9.32229e-07
tk2                 =  9.38459e-07
tk2                 =  9.44689e-07
tk2                 =  9.50919e-07
tk2                 =  9.57148e-07
tk2                 =  9.63379e-07
tk2                 =  9.69609e-07
tk2                 =  9.75838e-07
tk2                 =  9.82069e-07
tk2                 =  9.88300e-07
tk2                 =  9.94530e-07
tk2                 =  1.00076e-06
tk2                 =  1.00699e-06
tk2                 =  1.01323e-06
tk2                 =  1.01947e-06
tk2                 =  1.02571e-06
tk2                 =  1.03194e-06
tk2                 =  1.03818e-06
tk2                 =  1.04442e-06
tk2                 =  1.05066e-06
tk2                 =  1.05690e-06
tk2                 =  1.06313e-06
tk2                 =  1.06937e-06
tk2                 =  1.07561e-06
tk2                 =  1.08185e-06
tk2                 =  1.08808e-06
tk2                 =  1.09432e-06
tk2                 =  1.10056e-06
tk2                 =  1.10680e-06
tk2                 =  1.11304e-06
tk2                 =  1.11927e-06
tk2                 =  1.12551e-06
tk2                 =  1.13175e-06
tk2                 =  1.13799e-06
tk2                 =  1.14423e-06
tk2                 =  1.15046e-06
tk2                 =  1.15670e-06
tk2                 =  1.16294e-06
tk2                 =  1.16918e-06
tk2                 =  1.17541e-06
tk2                 =  1.18165e-06
tk2                 =  1.18789e-06
tk2                 =  1.19413e-06
tk2                 =  1.20037e-06
tk2                 =  1.20660e-06
tk2                 =  1.21284e-06
tk2                 =  1.21908e-06
tk2                 =  1.22532e-06
tk2                 =  1.23156e-06
tk2                 =  1.23779e-06
tk2                 =  1.24403e-06
tk2                 =  1.25027e-06
tk2                 =  1.25651e-06
tk2                 =  1.26275e-06
tk2                 =  1.26899e-06
tk2                 =  1.27522e-06
tk2                 =  1.28146e-06
tk2                 =  1.28770e-06
tk2                 =  1.29394e-06
tk2                 =  1.30017e-06
tk2                 =  1.30641e-06
tk2                 =  1.31265e-06
tk2                 =  1.31889e-06
tk2                 =  1.32512e-06
tk2                 =  1.33136e-06
tk2                 =  1.33760e-06
tk2                 =  1.34384e-06
tk2                 =  1.35008e-06
tk2                 =  1.35631e-06
tk2                 =  1.36255e-06
tk2                 =  1.36879e-06
tk2                 =  1.37503e-06
tk2                 =  1.38126e-06
tk2                 =  1.38750e-06
tk2                 =  1.39374e-06
tk2                 =  1.39998e-06
tk2                 =  1.40622e-06
tk2                 =  1.41245e-06
tk2                 =  1.41869e-06
tk2                 =  1.42493e-06
tk2                 =  1.43117e-06
tk2                 =  1.43741e-06
tk2                 =  1.44364e-06
tk2                 =  1.44988e-06
tk2                 =  1.45612e-06
tk2                 =  1.46236e-06
tk2                 =  1.46859e-06
tk2                 =  1.47483e-06
tk2                 =  1.48107e-06
tk2                 =  1.48731e-06
tk2                 =  1.49355e-06
tk2                 =  1.49978e-06
tk2                 =  1.50602e-06
tk2                 =  1.51225e-06
tk2                 =  1.51848e-06
tk2                 =  1.52471e-06
tk2                 =  1.53094e-06
tk2                 =  1.53717e-06
tk2                 =  1.54340e-06
tk2                 =  1.54963e-06
tk2                 =  1.55586e-06
tk2                 =  1.56209e-06
tk2                 =  1.56832e-06
tk2                 =  1.57455e-06
tk2                 =  1.58078e-06
tk2                 =  1.58701e-06
tk2                 =  1.59324e-06
tk2                 =  1.59947e-06
tk2                 =  1.60570e-06
tk2                 =  1.61193e-06
tk2                 =  1.61816e-06
tk2                 =  1.62439e-06
tk2                 =  1.63062e-06
tk2                 =  1.63685e-06
tk2                 =  1.64308e-06
tk2                 =  1.64931e-06
tk2                 =  1.65554e-06
tk2                 =  1.66177e-06
tk2                 =  1.66800e-06
tk2                 =  1.67423e-06
tk2                 =  1.68046e-06
tk2                 =  1.68669e-06
tk2                 =  1.69292e-06
tk2                 =  1.69915e-06
tk2                 =  1.70538e-06
tk2                 =  1.71161e-06
tk2                 =  1.71784e-06
tk2                 =  1.72407e-06
tk2                 =  1.73030e-06
tk2                 =  1.73653e-06
tk2                 =  1.74276e-06
tk2                 =  1.74899e-06
tk2                 =  1.75522e-06
tk2                 =  1.76145e-06
tk2                 =  1.76768e-06
tk2                 =  1.77391e-06
tk2                 =  1.78014e-06
tk2                 =  1.78637e-06
tk2                 =  1.79260e-06
tk2                 =  1.79883e-06
tk2                 =  1.80506e-06
tk2                 =  1.81129e-06
tk2                 =  1.81752e-06
tk2                 =  1.82375e-06
tk2                 =  1.82998e-06
tk2                 =  1.83621e-06
tk2                 =  1.84244e-06
tk2                 =  1.84867e-06
tk2                 =  1.85490e-06
tk2                 =  1.86113e-06
tk2                 =  1.86736e-06
tk2                 =  1.87359e-06
tk2                 =  1.87981e-06
tk2                 =  1.88604e-06
tk2                 =  1.89227e-06
tk2                 =  1.89850e-06
tk2                 =  1.90473e-06
tk2                 =  1.91096e-06
tk2                 =  1.91719e-06
tk2                 =  1.92342e-06
tk2                 =  1.92965e-06
tk2                 =  1.93588e-06
tk2                 =  1.94211e-06
tk2                 =  1.94834e-06
tk2                 =  1.95457e-06
tk2                 =  1.96080e-06
tk2                 =  1.96703e-06
tk2                 =  1.97326e-06
tk2                 =  1.97949e-06
tk2                 =  1.98572e-06
tk2                 =  1.99195e-06
tk2                 =  1.99818e-06
tk2                 =  2.00441e-06
tk2                 =  2.01064e-06
tk2                 =  2.01688e-06
tk2                 =  2.02312e-06
tk2                 =  2.02936e-06
tk2                 =  2.03560e-06
tk2                 =  2.04184e-06
tk2                 =  2.04807e-06
tk2                 =  2.05431e-06
tk2                 =  2.06055e-06
tk2                 =  2.06679e-06
tk2                 =  2.07302e-06
tk2                 =  2.07926e-06
tk2                 =  2.08550e-06
tk2                 =  2.09174e-06
tk2                 =  2.09798e-06
tk2                 =  2.10421e-06
tk2                 =  2.11045e-06
tk2                 =  2.11669e-06
tk2                 =  2.12293e-06
tk2                 =  2.12917e-06
tk2                 =  2.13540e-06
tk2                 =  2.14164e-06
tk2                 =  2.14788e-06
tk2                 =  2.15412e-06
tk2                 =  2.16036e-06
tk2                 =  2.16659e-06
tk2                 =  2.17283e-06
tk2                 =  2.17907e-06
tk2                 =  2.18531e-06
tk2                 =  2.19154e-06
tk2                 =  2.19778e-06
tk2                 =  2.20402e-06
tk2                 =  2.21026e-06
tk2                 =  2.21650e-06
tk2                 =  2.22273e-06
tk2                 =  2.22897e-06
tk2                 =  2.23521e-06
tk2                 =  2.24145e-06
tk2                 =  2.24768e-06
tk2                 =  2.25392e-06
tk2                 =  2.26016e-06
tk2                 =  2.26640e-06
tk2                 =  2.27264e-06
tk2                 =  2.27887e-06
tk2                 =  2.28511e-06
tk2                 =  2.29135e-06
tk2                 =  2.29759e-06
tk2                 =  2.30382e-06
tk2                 =  2.31006e-06
tk2                 =  2.31630e-06
tk2                 =  2.32254e-06
tk2                 =  2.32877e-06
tk2                 =  2.33501e-06
tk2                 =  2.34125e-06
tk2                 =  2.34749e-06
tk2                 =  2.35372e-06
tk2                 =  2.35996e-06
tk2                 =  2.36620e-06
tk2                 =  2.37244e-06
tk2                 =  2.37868e-06
tk2                 =  2.38491e-06
tk2                 =  2.39115e-06
tk2                 =  2.39739e-06
tk2                 =  2.40363e-06
qw0                 =  -1.63884e-02
qw1                 =  -4.87925e-02
m_period = 6.6702230469e-09
m_f_osc = 1.4992002411e+08
m_period_startup16 = 6.6738875000e-09
m_period_r2 = 6.2343625000e-09
m_period_b00 = 6.6739291667e-09
m_period_b01 = 6.6738333333e-09
m_period_b02 = 6.6737916667e-09
m_period_b03 = 6.6658375000e-09
m_period_b04 = 6.6650541667e-09
m_period_b05 = 6.6649458333e-09
m_period_b06 = 6.6719416667e-09
m_period_b07 = 6.6739166667e-09
m_period_b08 = 6.6737500000e-09
m_period_b09 = 6.6681666667e-09
m_period_b10 = 6.6651250000e-09
m_period_b11 = 6.6649166667e-09
m_period_b12 = 6.6698750000e-09
m_period_b13 = 6.6739583333e-09
m_period_b14 = 6.6737083333e-09
m_period_b15 = 6.6702916667e-09
m_sigma_1 = 4.4365036682e-12
m_sigma_2 = 8.7068579623e-12
m_sigma_4 = 1.7172177849e-11
m_sigma_8 = 3.3598638970e-11
m_sigma_16 = 6.4635916058e-11
m_sigma_32 = 1.2240597405e-10
m_sigma_64 = 2.1912087910e-10
m_sigma_r2_1 = 4.0216083018e-12
m_sigma_r2_2 = 7.9411065202e-12
m_sigma_r2_4 = 1.5753668426e-11
m_sigma_r2_8 = 3.1162987071e-11
m_sigma_r2_16 = 6.0860878017e-11
m_sigma_r2_32 = 1.1394367531e-10
m_sigma_r2_64 = 1.9635949496e-10
m_sigma_startup16_1 = 1.0836758433e-12
m_sigma_startup16_2 = 1.4014842472e-12
m_sigma_startup16_4 = 2.0167579975e-12
m_sigma_startup16_8 = 3.2783024062e-12
m_i_ring_a = 1.8976671683e-05
m_p_active_w = 6.2623016557e-05
m_e_per_cycle_j = 4.1770948830e-13
m_c_eff_node_f = 3.4870146778e-15
m_vsup_v = 3.3000000002e+00
Note: Simulation executed from .control section 

Warning: m=xx on .subckt line will override multiplier m hierarchy!

