
Note: Compatibility modes selected: hs a


Circuit: * sampler-bit-bias-static-clk-floor @ tt_27c_3.30v -- generated by sim/harness, do not edit

Doing analysis at TEMP = 27.000000 and TNOM = 27.000000

Using SPARSE 1.3 as Direct Linear Solver

Initial Transient Solution
--------------------------

Node                                   Voltage
----                                   -------
vsup                                       3.3
en                                         3.3
vddr1                                      3.3
vddr2                                      3.3
vdd                                        3.3
xg1.py                                 1.58325
n11                                          0
g10                                1.24708e-07
xg1.nm                            7.45296e-206
xg1.ny                            6.95739e-206
x11.py                                     3.3
n12                                        3.3
g11                                          0
x11.ny                             2.35462e-08
x12.py                                     3.3
n13                                1.24708e-07
g12                                        3.3
x12.ny                             1.06256e-07
x13.py                                     3.3
n14                                        3.3
g13                                1.24708e-07
x13.ny                             2.35463e-08
x14.py                                     3.3
rn1                                1.24708e-07
g14                                        3.3
x14.ny                             1.06256e-07
xg2.py                                 1.59988
n21                                          0
g20                                1.17147e-07
xg2.nm                            1.54244e-206
xg2.ny                            1.43249e-206
x21.py                                     3.3
n22                                        3.3
g21                                          0
x21.ny                             2.18706e-08
x22.py                                     3.3
n23                                1.17147e-07
g22                                        3.3
x22.ny                              9.8695e-08
x23.py                                     3.3
n24                                        3.3
g23                                1.17147e-07
x23.ny                             2.18707e-08
x24.py                                     3.3
rn2                                1.17147e-07
g24                                        3.3
x24.ny                              9.8695e-08
ro1                                        3.3
ro2                                        3.3
xa1.an                             1.84515e-08
xa1.bn                             1.84515e-08
xa1.mid                               0.783853
xo                                 1.79153e-07
xa1.s1                             8.95767e-08
xa1.s2                             3.77439e-08
xsb.clkb                                   3.3
clk                                          0
xsb.m                              2.15825e-07
xsb.mb                                     3.3
rst_n                                      3.3
xsb.mmid                           1.58497e-09
xsb.mc                             3.68602e-08
xsb.s                                      3.3
raw_bit                            1.84515e-08
xsb.qb                                     3.3
xsb.s2mid                          1.58496e-09
xsr1.clkb                          1.84515e-08
clkm                                       3.3
xsr1.m                             1.18322e-07
xsr1.mb                                    3.3
xsr1.mmid                          1.58497e-09
xsr1.mc                            7.75181e-08
xsr1.s                                     3.3
ring_bit1                          1.84515e-08
xsr1.qb                                    3.3
xsr1.s2mid                         1.58496e-09
xsr2.clkb                          1.84515e-08
xsr2.m                             1.18322e-07
xsr2.mb                                    3.3
xsr2.mmid                          1.58497e-09
xsr2.mc                            7.75181e-08
xsr2.s                                     3.3
ring_bit2                          1.84515e-08
xsr2.qb                                    3.3
xsr2.s2mid                         1.58496e-09
x1                                       -1.65
x2                                       -1.65
xc                                       -1.65
vth                                       1.65
tclkv                               1.0007e-06
btclk#branch                                 0
bvth#branch                                  0
bxc#branch                                   0
bx2#branch                                   0
bx1#branch                                   0
vrst#branch                                  0
vclkm#branch                                 0
vclk#branch                                  0
vn24#branch                                  0
vn23#branch                                  0
vn22#branch                                  0
vn21#branch                                  0
vn20#branch                       -2.92076e-24
vn14#branch                                  0
vn13#branch                                  0
vn12#branch                                  0
vn11#branch                                  0
vn10#branch                       -5.01638e-29
vtr#branch                         1.65807e-10
vr2#branch                         9.82234e-06
vr1#branch                          9.2686e-06
ven#branch                                   0
vsup#branch                       -1.90911e-05

 Reference value :  0.00000e+00
 Reference value :  2.95000e-09
 Reference value :  5.70000e-09
 Reference value :  8.40600e-09
 Reference value :  1.12060e-08
 Reference value :  1.40000e-08
 Reference value :  1.69300e-08
 Reference value :  1.97000e-08
 Reference value :  2.25300e-08
 Reference value :  2.55500e-08
 Reference value :  2.83700e-08
 Reference value :  3.11020e-08
 Reference value :  3.38500e-08
 Reference value :  3.67020e-08
 Reference value :  3.95500e-08
 Reference value :  4.23060e-08
 Reference value :  4.51700e-08
 Reference value :  4.79060e-08
 Reference value :  5.06000e-08
 Reference value :  5.34060e-08
 Reference value :  5.61850e-08
 Reference value :  5.89500e-08
 Reference value :  6.16020e-08
 Reference value :  6.45020e-08
 Reference value :  6.72020e-08
 Reference value :  6.98850e-08
 Reference value :  7.28140e-08
 Reference value :  7.56850e-08
 Reference value :  7.84020e-08
 Reference value :  8.12140e-08
 Reference value :  8.39140e-08
 Reference value :  8.66500e-08
 Reference value :  8.94500e-08
 Reference value :  9.22700e-08
 Reference value :  9.50140e-08
 Reference value :  9.77850e-08
 Reference value :  1.00585e-07
 Reference value :  1.03370e-07
 Reference value :  1.06185e-07
 Reference value :  1.09030e-07
 Reference value :  1.11806e-07
 Reference value :  1.14530e-07
 Reference value :  1.17330e-07
 Reference value :  1.20050e-07
 Reference value :  1.22870e-07
 Reference value :  1.25585e-07
 Reference value :  1.28414e-07
 Reference value :  1.31285e-07
 Reference value :  1.34030e-07
 Reference value :  1.36902e-07
 Reference value :  1.39685e-07
 Reference value :  1.42385e-07
 Reference value :  1.45406e-07
 Reference value :  1.48170e-07
 Reference value :  1.50830e-07
 Reference value :  1.53585e-07
 Reference value :  1.56206e-07
 Reference value :  1.59030e-07
 Reference value :  1.61850e-07
 Reference value :  1.64602e-07
 Reference value :  1.67400e-07
 Reference value :  1.70050e-07
 Reference value :  1.72800e-07
 Reference value :  1.75430e-07
 Reference value :  1.78306e-07
 Reference value :  1.81206e-07
 Reference value :  1.83970e-07
 Reference value :  1.86650e-07
 Reference value :  1.89585e-07
 Reference value :  1.92302e-07
 Reference value :  1.95100e-07
 Reference value :  1.97902e-07
 Reference value :  2.00706e-07
 Reference value :  2.03414e-07
 Reference value :  2.06170e-07
 Reference value :  2.08970e-07
 Reference value :  2.11700e-07
 Reference value :  2.14530e-07
 Reference value :  2.17506e-07
 Reference value :  2.20300e-07
 Reference value :  2.23006e-07
 Reference value :  2.25714e-07
 Reference value :  2.28385e-07
 Reference value :  2.31185e-07
 Reference value :  2.33870e-07
 Reference value :  2.36702e-07
 Reference value :  2.39402e-07
 Reference value :  2.42114e-07
 Reference value :  2.44802e-07
 Reference value :  2.47500e-07
 Reference value :  2.50330e-07
 Reference value :  2.53300e-07
 Reference value :  2.56185e-07
 Reference value :  2.58900e-07
 Reference value :  2.61702e-07
 Reference value :  2.64430e-07
 Reference value :  2.67206e-07
 Reference value :  2.69985e-07
 Reference value :  2.72714e-07
 Reference value :  2.75550e-07
 Reference value :  2.78185e-07
 Reference value :  2.80870e-07
 Reference value :  2.83585e-07
 Reference value :  2.86106e-07
 Reference value :  2.88714e-07
 Reference value :  2.91450e-07
 Reference value :  2.94050e-07
 Reference value :  2.96750e-07
 Reference value :  2.99450e-07
 Reference value :  3.02014e-07
 Reference value :  3.04914e-07
 Reference value :  3.07706e-07
 Reference value :  3.10485e-07
 Reference value :  3.13430e-07
 Reference value :  3.16185e-07
 Reference value :  3.19002e-07
 Reference value :  3.21770e-07
 Reference value :  3.24706e-07
 Reference value :  3.27570e-07
 Reference value :  3.30430e-07
 Reference value :  3.33200e-07
 Reference value :  3.36030e-07
 Reference value :  3.38885e-07
 Reference value :  3.41714e-07
 Reference value :  3.44506e-07
 Reference value :  3.47485e-07
 Reference value :  3.50300e-07
 Reference value :  3.53130e-07
 Reference value :  3.56202e-07
 Reference value :  3.59050e-07
 Reference value :  3.62550e-07
 Reference value :  3.66100e-07
 Reference value :  3.68850e-07
 Reference value :  3.71630e-07
 Reference value :  3.74485e-07
 Reference value :  3.77206e-07
 Reference value :  3.79950e-07
 Reference value :  3.82750e-07
 Reference value :  3.85570e-07
 Reference value :  3.88385e-07
 Reference value :  3.91200e-07
 Reference value :  3.94085e-07
 Reference value :  3.97106e-07
 Reference value :  3.99906e-07
 Reference value :  4.02806e-07
 Reference value :  4.05670e-07
 Reference value :  4.09585e-07
 Reference value :  4.13200e-07
 Reference value :  4.16500e-07
 Reference value :  4.19502e-07
 Reference value :  4.22902e-07
 Reference value :  4.26285e-07
 Reference value :  4.29150e-07
 Reference value :  4.32806e-07
 Reference value :  4.36470e-07
 Reference value :  4.39214e-07
 Reference value :  4.42206e-07
 Reference value :  4.45014e-07
 Reference value :  4.47806e-07
 Reference value :  4.50600e-07
 Reference value :  4.53470e-07
 Reference value :  4.56350e-07
 Reference value :  4.59185e-07
 Reference value :  4.62070e-07
 Reference value :  4.64930e-07
 Reference value :  4.67714e-07
 Reference value :  4.70630e-07
 Reference value :  4.73450e-07
 Reference value :  4.76350e-07
 Reference value :  4.79130e-07
 Reference value :  4.81914e-07
 Reference value :  4.85102e-07
 Reference value :  4.87850e-07
 Reference value :  4.90702e-07
 Reference value :  4.93585e-07
 Reference value :  4.96350e-07
 Reference value :  4.99230e-07
 Reference value :  5.02014e-07
 Reference value :  5.04870e-07
 Reference value :  5.07800e-07
 Reference value :  5.10630e-07
 Reference value :  5.13450e-07
 Reference value :  5.16250e-07
 Reference value :  5.19050e-07
 Reference value :  5.21800e-07
 Reference value :  5.24702e-07
 Reference value :  5.27700e-07
 Reference value :  5.30730e-07
 Reference value :  5.33630e-07
 Reference value :  5.36485e-07
 Reference value :  5.39300e-07
 Reference value :  5.42200e-07
 Reference value :  5.45006e-07
 Reference value :  5.47985e-07
 Reference value :  5.50785e-07
 Reference value :  5.53502e-07
 Reference value :  5.56385e-07
 Reference value :  5.59302e-07
 Reference value :  5.62250e-07
 Reference value :  5.65170e-07
 Reference value :  5.68170e-07
 Reference value :  5.71002e-07
 Reference value :  5.73806e-07
 Reference value :  5.76830e-07
 Reference value :  5.79830e-07
 Reference value :  5.82785e-07
 Reference value :  5.85650e-07
 Reference value :  5.88414e-07
 Reference value :  5.91200e-07
 Reference value :  5.94106e-07
 Reference value :  5.96906e-07
 Reference value :  5.99830e-07
 Reference value :  6.02670e-07
 Reference value :  6.05485e-07
 Reference value :  6.08270e-07
 Reference value :  6.11150e-07
 Reference value :  6.14170e-07
 Reference value :  6.16906e-07
 Reference value :  6.19730e-07
 Reference value :  6.22570e-07
 Reference value :  6.25406e-07
 Reference value :  6.28214e-07
 Reference value :  6.30930e-07
 Reference value :  6.33914e-07
 Reference value :  6.36770e-07
 Reference value :  6.39602e-07
 Reference value :  6.42470e-07
 Reference value :  6.45250e-07
 Reference value :  6.48130e-07
 Reference value :  6.51130e-07
 Reference value :  6.54002e-07
 Reference value :  6.56870e-07
 Reference value :  6.59714e-07
 Reference value :  6.62514e-07
 Reference value :  6.65400e-07
 Reference value :  6.68170e-07
 Reference value :  6.70950e-07
 Reference value :  6.73700e-07
 Reference value :  6.76502e-07
 Reference value :  6.79500e-07
 Reference value :  6.82385e-07
 Reference value :  6.85230e-07
 Reference value :  6.88100e-07
 Reference value :  6.91030e-07
 Reference value :  6.93750e-07
 Reference value :  6.96500e-07
 Reference value :  6.99306e-07
 Reference value :  7.02285e-07
 Reference value :  7.05050e-07
 Reference value :  7.07906e-07
 Reference value :  7.10670e-07
 Reference value :  7.13530e-07
 Reference value :  7.16506e-07
 Reference value :  7.19314e-07
 Reference value :  7.22250e-07
 Reference value :  7.24950e-07
 Reference value :  7.27770e-07
 Reference value :  7.30550e-07
 Reference value :  7.33330e-07
 Reference value :  7.36250e-07
 Reference value :  7.39470e-07
 Reference value :  7.42414e-07
 Reference value :  7.45250e-07
 Reference value :  7.48170e-07
 Reference value :  7.50970e-07
 Reference value :  7.53785e-07
 Reference value :  7.56770e-07
 Reference value :  7.59650e-07
 Reference value :  7.62602e-07
 Reference value :  7.65414e-07
 Reference value :  7.68250e-07
 Reference value :  7.71014e-07
 Reference value :  7.73885e-07
 Reference value :  7.76650e-07
 Reference value :  7.79502e-07
 Reference value :  7.82270e-07
 Reference value :  7.85114e-07
 Reference value :  7.88002e-07
 Reference value :  7.90870e-07
 Reference value :  7.93900e-07
 Reference value :  7.97000e-07
 Reference value :  7.99902e-07
 Reference value :  8.02630e-07
 Reference value :  8.06306e-07
 Reference value :  8.09730e-07
 Reference value :  8.13006e-07
 Reference value :  8.16485e-07
 Reference value :  8.19400e-07
 Reference value :  8.22300e-07
 Reference value :  8.25014e-07
 Reference value :  8.27850e-07
 Reference value :  8.30614e-07
 Reference value :  8.33570e-07
 Reference value :  8.36530e-07
 Reference value :  8.39485e-07
 Reference value :  8.42406e-07
 Reference value :  8.45302e-07
 Reference value :  8.48150e-07
 Reference value :  8.51170e-07
 Reference value :  8.53985e-07
 Reference value :  8.57002e-07
 Reference value :  8.59970e-07
 Reference value :  8.62750e-07
 Reference value :  8.65600e-07
 Reference value :  8.68450e-07
 Reference value :  8.71150e-07
 Reference value :  8.73950e-07
 Reference value :  8.76700e-07
 Reference value :  8.79606e-07
 Reference value :  8.83170e-07
 Reference value :  8.87814e-07
 Reference value :  8.91450e-07
 Reference value :  8.94302e-07
 Reference value :  8.97214e-07
 Reference value :  9.00006e-07
 Reference value :  9.02802e-07
 Reference value :  9.05606e-07
 Reference value :  9.08450e-07
 Reference value :  9.11100e-07
 Reference value :  9.13950e-07
 Reference value :  9.16970e-07
 Reference value :  9.19830e-07
 Reference value :  9.22885e-07
 Reference value :  9.25850e-07
 Reference value :  9.28800e-07
 Reference value :  9.31670e-07
 Reference value :  9.34406e-07
 Reference value :  9.37250e-07
 Reference value :  9.40130e-07
 Reference value :  9.42902e-07
 Reference value :  9.45614e-07
 Reference value :  9.48300e-07
 Reference value :  9.51050e-07
 Reference value :  9.53830e-07
 Reference value :  9.56700e-07
 Reference value :  9.59570e-07
 Reference value :  9.62330e-07
 Reference value :  9.65102e-07
 Reference value :  9.67700e-07
 Reference value :  9.70502e-07
 Reference value :  9.73400e-07
 Reference value :  9.76150e-07
 Reference value :  9.78950e-07
 Reference value :  9.81702e-07
 Reference value :  9.84430e-07
 Reference value :  9.87306e-07
 Reference value :  9.90100e-07
 Reference value :  9.92970e-07
 Reference value :  9.95714e-07
 Reference value :  9.98430e-07
 Reference value :  1.00118e-06
 Reference value :  1.00390e-06
 Reference value :  1.00673e-06
 Reference value :  1.00967e-06
 Reference value :  1.01241e-06
 Reference value :  1.01511e-06
 Reference value :  1.01790e-06
 Reference value :  1.02067e-06
 Reference value :  1.02360e-06
 Reference value :  1.02630e-06
 Reference value :  1.02903e-06
 Reference value :  1.03181e-06
 Reference value :  1.03453e-06
 Reference value :  1.03723e-06
 Reference value :  1.04005e-06
 Reference value :  1.04278e-06
 Reference value :  1.04561e-06
 Reference value :  1.04831e-06
 Reference value :  1.05100e-06
 Reference value :  1.05370e-06
 Reference value :  1.05643e-06
 Reference value :  1.05931e-06
 Reference value :  1.06205e-06
 Reference value :  1.06490e-06
 Reference value :  1.06790e-06
 Reference value :  1.07067e-06
 Reference value :  1.07350e-06
 Reference value :  1.07623e-06
 Reference value :  1.07915e-06
 Reference value :  1.08198e-06
 Reference value :  1.08463e-06
 Reference value :  1.08738e-06
 Reference value :  1.09001e-06
 Reference value :  1.09278e-06
 Reference value :  1.09560e-06
 Reference value :  1.09848e-06
 Reference value :  1.10133e-06
 Reference value :  1.10413e-06
 Reference value :  1.10685e-06
 Reference value :  1.10957e-06
 Reference value :  1.11240e-06
 Reference value :  1.11520e-06
 Reference value :  1.11810e-06
 Reference value :  1.12078e-06
 Reference value :  1.12341e-06
 Reference value :  1.12610e-06
 Reference value :  1.12880e-06
 Reference value :  1.13161e-06
 Reference value :  1.13435e-06
 Reference value :  1.13715e-06
 Reference value :  1.13991e-06
 Reference value :  1.14270e-06
 Reference value :  1.14533e-06
 Reference value :  1.14803e-06
 Reference value :  1.15090e-06
 Reference value :  1.15380e-06
 Reference value :  1.15665e-06
 Reference value :  1.15940e-06
 Reference value :  1.16217e-06
 Reference value :  1.16500e-06
 Reference value :  1.16781e-06
 Reference value :  1.17051e-06
 Reference value :  1.17340e-06
 Reference value :  1.17621e-06
 Reference value :  1.17900e-06
 Reference value :  1.18178e-06
 Reference value :  1.18451e-06
 Reference value :  1.18737e-06
 Reference value :  1.19018e-06
 Reference value :  1.19305e-06
 Reference value :  1.19581e-06
 Reference value :  1.19851e-06
 Reference value :  1.20143e-06
 Reference value :  1.20430e-06
 Reference value :  1.20723e-06
 Reference value :  1.21015e-06
 Reference value :  1.21300e-06
 Reference value :  1.21578e-06
 Reference value :  1.21851e-06
 Reference value :  1.22140e-06
 Reference value :  1.22438e-06
 Reference value :  1.22727e-06
 Reference value :  1.23000e-06
 Reference value :  1.23271e-06
 Reference value :  1.23547e-06
 Reference value :  1.23827e-06
 Reference value :  1.24103e-06
 Reference value :  1.24380e-06
 Reference value :  1.24675e-06
 Reference value :  1.24945e-06
 Reference value :  1.25211e-06
 Reference value :  1.25487e-06
 Reference value :  1.25773e-06
 Reference value :  1.26058e-06
 Reference value :  1.26333e-06
 Reference value :  1.26601e-06
 Reference value :  1.26880e-06
 Reference value :  1.27155e-06
 Reference value :  1.27433e-06
 Reference value :  1.27715e-06
 Reference value :  1.28050e-06
 Reference value :  1.28375e-06
 Reference value :  1.28643e-06
 Reference value :  1.28928e-06
 Reference value :  1.29201e-06
 Reference value :  1.29478e-06
 Reference value :  1.29760e-06
 Reference value :  1.30023e-06
 Reference value :  1.30291e-06
 Reference value :  1.30553e-06
 Reference value :  1.30833e-06
 Reference value :  1.31130e-06
 Reference value :  1.31403e-06
 Reference value :  1.31681e-06
 Reference value :  1.31937e-06
 Reference value :  1.32253e-06
 Reference value :  1.32537e-06
 Reference value :  1.32813e-06
 Reference value :  1.33108e-06
 Reference value :  1.33421e-06
 Reference value :  1.33805e-06
 Reference value :  1.34241e-06
 Reference value :  1.34735e-06
 Reference value :  1.35160e-06
 Reference value :  1.35627e-06
 Reference value :  1.36051e-06
 Reference value :  1.36500e-06
 Reference value :  1.36987e-06
 Reference value :  1.37333e-06
 Reference value :  1.37610e-06
 Reference value :  1.37988e-06
 Reference value :  1.38367e-06
 Reference value :  1.38820e-06
 Reference value :  1.39240e-06
 Reference value :  1.39668e-06
 Reference value :  1.40118e-06
 Reference value :  1.40567e-06
 Reference value :  1.41015e-06
 Reference value :  1.41455e-06
 Reference value :  1.41907e-06
 Reference value :  1.42411e-06
 Reference value :  1.42860e-06
 Reference value :  1.43295e-06
 Reference value :  1.43750e-06
 Reference value :  1.44188e-06
 Reference value :  1.44633e-06
 Reference value :  1.45103e-06
 Reference value :  1.45527e-06
 Reference value :  1.46001e-06
 Reference value :  1.46485e-06
 Reference value :  1.46947e-06
 Reference value :  1.47380e-06
 Reference value :  1.47815e-06
 Reference value :  1.48288e-06
 Reference value :  1.48740e-06
 Reference value :  1.49173e-06
 Reference value :  1.49608e-06
 Reference value :  1.49877e-06
 Reference value :  1.50150e-06
 Reference value :  1.50417e-06
 Reference value :  1.50681e-06
 Reference value :  1.50950e-06
 Reference value :  1.51240e-06
 Reference value :  1.51500e-06
 Reference value :  1.51755e-06
 Reference value :  1.52021e-06
 Reference value :  1.52278e-06
 Reference value :  1.52553e-06
 Reference value :  1.52833e-06
 Reference value :  1.53095e-06
 Reference value :  1.53361e-06
 Reference value :  1.53623e-06
 Reference value :  1.53878e-06
 Reference value :  1.54133e-06
 Reference value :  1.54391e-06
 Reference value :  1.54653e-06
 Reference value :  1.54923e-06
 Reference value :  1.55198e-06
 Reference value :  1.55463e-06
 Reference value :  1.55721e-06
 Reference value :  1.55991e-06
 Reference value :  1.56245e-06
 Reference value :  1.56513e-06
 Reference value :  1.56771e-06
 Reference value :  1.57033e-06
 Reference value :  1.57300e-06
 Reference value :  1.57557e-06
 Reference value :  1.57825e-06
 Reference value :  1.58090e-06
 Reference value :  1.58368e-06
 Reference value :  1.58637e-06
 Reference value :  1.58907e-06
 Reference value :  1.59168e-06
 Reference value :  1.59433e-06
 Reference value :  1.59707e-06
 Reference value :  1.59971e-06
 Reference value :  1.60228e-06
 Reference value :  1.60507e-06
 Reference value :  1.60791e-06
 Reference value :  1.61058e-06
 Reference value :  1.61327e-06
 Reference value :  1.61608e-06
 Reference value :  1.61875e-06
 Reference value :  1.62151e-06
 Reference value :  1.62415e-06
 Reference value :  1.62668e-06
 Reference value :  1.62933e-06
 Reference value :  1.63201e-06
 Reference value :  1.63460e-06
 Reference value :  1.63727e-06
 Reference value :  1.64000e-06
 Reference value :  1.64251e-06
 Reference value :  1.64535e-06
 Reference value :  1.64800e-06
 Reference value :  1.65053e-06
 Reference value :  1.65325e-06
 Reference value :  1.65600e-06
 Reference value :  1.65858e-06
 Reference value :  1.66121e-06
 Reference value :  1.66383e-06
 Reference value :  1.66640e-06
 Reference value :  1.66891e-06
 Reference value :  1.67168e-06
 Reference value :  1.67431e-06
 Reference value :  1.67697e-06
 Reference value :  1.67963e-06
 Reference value :  1.68240e-06
 Reference value :  1.68513e-06
 Reference value :  1.68777e-06
 Reference value :  1.69051e-06
 Reference value :  1.69330e-06
 Reference value :  1.69625e-06
 Reference value :  1.69887e-06
 Reference value :  1.70160e-06
 Reference value :  1.70420e-06
 Reference value :  1.70698e-06
 Reference value :  1.70960e-06
 Reference value :  1.71218e-06
 Reference value :  1.71480e-06
 Reference value :  1.71740e-06
 Reference value :  1.72028e-06
 Reference value :  1.72290e-06
 Reference value :  1.72545e-06
 Reference value :  1.72810e-06
 Reference value :  1.73081e-06
 Reference value :  1.73340e-06
 Reference value :  1.73595e-06
 Reference value :  1.73853e-06
 Reference value :  1.74117e-06
 Reference value :  1.74383e-06
 Reference value :  1.74651e-06
 Reference value :  1.74921e-06
 Reference value :  1.75201e-06
 Reference value :  1.75470e-06
 Reference value :  1.75723e-06
 Reference value :  1.75998e-06
 Reference value :  1.76261e-06
 Reference value :  1.76530e-06
 Reference value :  1.76811e-06
 Reference value :  1.77078e-06
 Reference value :  1.77348e-06
 Reference value :  1.77645e-06
 Reference value :  1.77921e-06
 Reference value :  1.78190e-06
 Reference value :  1.78453e-06
 Reference value :  1.78728e-06
 Reference value :  1.79003e-06
 Reference value :  1.79281e-06
 Reference value :  1.79578e-06
 Reference value :  1.79847e-06
 Reference value :  1.80117e-06
 Reference value :  1.80365e-06
 Reference value :  1.80657e-06
 Reference value :  1.80927e-06
 Reference value :  1.81190e-06
 Reference value :  1.81468e-06
 Reference value :  1.81731e-06
 Reference value :  1.81997e-06
 Reference value :  1.82268e-06
 Reference value :  1.82538e-06
 Reference value :  1.82808e-06
 Reference value :  1.83101e-06
 Reference value :  1.83370e-06
 Reference value :  1.83640e-06
 Reference value :  1.83897e-06
 Reference value :  1.84138e-06
 Reference value :  1.84413e-06
 Reference value :  1.84680e-06
 Reference value :  1.84953e-06
 Reference value :  1.85220e-06
 Reference value :  1.85473e-06
 Reference value :  1.85735e-06
 Reference value :  1.86000e-06
 Reference value :  1.86250e-06
 Reference value :  1.86510e-06
 Reference value :  1.86771e-06
 Reference value :  1.87030e-06
 Reference value :  1.87288e-06
 Reference value :  1.87548e-06
 Reference value :  1.87807e-06
 Reference value :  1.88070e-06
 Reference value :  1.88318e-06
 Reference value :  1.88577e-06
 Reference value :  1.88830e-06
 Reference value :  1.89095e-06
 Reference value :  1.89355e-06
 Reference value :  1.89615e-06
 Reference value :  1.89867e-06
 Reference value :  1.90120e-06
 Reference value :  1.90370e-06
 Reference value :  1.90637e-06
 Reference value :  1.90900e-06
 Reference value :  1.91151e-06
 Reference value :  1.91411e-06
 Reference value :  1.91671e-06
 Reference value :  1.91921e-06
 Reference value :  1.92175e-06
 Reference value :  1.92430e-06
 Reference value :  1.92690e-06
 Reference value :  1.92951e-06
 Reference value :  1.93208e-06
 Reference value :  1.93473e-06
 Reference value :  1.93731e-06
 Reference value :  1.93980e-06
 Reference value :  1.94241e-06
 Reference value :  1.94518e-06
 Reference value :  1.94790e-06
 Reference value :  1.95048e-06
 Reference value :  1.95300e-06
 Reference value :  1.95557e-06
 Reference value :  1.95820e-06
 Reference value :  1.96078e-06
 Reference value :  1.96337e-06
 Reference value :  1.96591e-06
 Reference value :  1.96853e-06
 Reference value :  1.97115e-06
 Reference value :  1.97368e-06
 Reference value :  1.97628e-06
 Reference value :  1.97885e-06
 Reference value :  1.98147e-06
 Reference value :  1.98407e-06
 Reference value :  1.98661e-06
 Reference value :  1.98913e-06
 Reference value :  1.99160e-06
 Reference value :  1.99423e-06
 Reference value :  1.99671e-06
 Reference value :  1.99930e-06
 Reference value :  2.00191e-06
 Reference value :  2.00451e-06
 Reference value :  2.00703e-06
 Reference value :  2.00967e-06
 Reference value :  2.01231e-06
 Reference value :  2.01500e-06
 Reference value :  2.01768e-06
 Reference value :  2.02031e-06
 Reference value :  2.02281e-06
 Reference value :  2.02535e-06
 Reference value :  2.02800e-06
 Reference value :  2.03051e-06
 Reference value :  2.03311e-06
 Reference value :  2.03570e-06
 Reference value :  2.03831e-06
 Reference value :  2.04088e-06
 Reference value :  2.04355e-06
 Reference value :  2.04605e-06
 Reference value :  2.04868e-06
 Reference value :  2.05131e-06
 Reference value :  2.05393e-06
 Reference value :  2.05660e-06
 Reference value :  2.05921e-06
 Reference value :  2.06175e-06
 Reference value :  2.06438e-06
 Reference value :  2.06690e-06
 Reference value :  2.06950e-06
 Reference value :  2.07227e-06
 Reference value :  2.07497e-06
 Reference value :  2.07760e-06
 Reference value :  2.08025e-06
 Reference value :  2.08280e-06
 Reference value :  2.08531e-06
 Reference value :  2.08815e-06
 Reference value :  2.09070e-06
 Reference value :  2.09328e-06
 Reference value :  2.09600e-06
 Reference value :  2.09855e-06
 Reference value :  2.10101e-06
 Reference value :  2.10360e-06
 Reference value :  2.10630e-06
 Reference value :  2.10907e-06
 Reference value :  2.11188e-06
 Reference value :  2.11455e-06
 Reference value :  2.11707e-06
 Reference value :  2.11968e-06
 Reference value :  2.12238e-06
 Reference value :  2.12510e-06
 Reference value :  2.12770e-06
 Reference value :  2.13030e-06
 Reference value :  2.13293e-06
 Reference value :  2.13555e-06
 Reference value :  2.13820e-06
 Reference value :  2.14101e-06
 Reference value :  2.14361e-06
 Reference value :  2.14640e-06
 Reference value :  2.14933e-06
 Reference value :  2.15200e-06
 Reference value :  2.15453e-06
 Reference value :  2.15700e-06
 Reference value :  2.15968e-06
 Reference value :  2.16237e-06
 Reference value :  2.16498e-06
 Reference value :  2.16773e-06
 Reference value :  2.17033e-06
 Reference value :  2.17280e-06
 Reference value :  2.17530e-06
 Reference value :  2.17790e-06
 Reference value :  2.18053e-06
 Reference value :  2.18310e-06
 Reference value :  2.18573e-06
 Reference value :  2.18838e-06
 Reference value :  2.19095e-06
 Reference value :  2.19363e-06
 Reference value :  2.19640e-06
 Reference value :  2.19898e-06
 Reference value :  2.20160e-06
 Reference value :  2.20421e-06
 Reference value :  2.20681e-06
 Reference value :  2.20935e-06
 Reference value :  2.21191e-06
 Reference value :  2.21461e-06
 Reference value :  2.21721e-06
 Reference value :  2.21977e-06
 Reference value :  2.22238e-06
 Reference value :  2.22493e-06
 Reference value :  2.22755e-06
 Reference value :  2.23020e-06
 Reference value :  2.23287e-06
 Reference value :  2.23538e-06
 Reference value :  2.23800e-06
 Reference value :  2.24047e-06
 Reference value :  2.24300e-06
 Reference value :  2.24560e-06
 Reference value :  2.24825e-06
 Reference value :  2.25078e-06
 Reference value :  2.25347e-06
 Reference value :  2.25610e-06
 Reference value :  2.25878e-06
 Reference value :  2.26140e-06
 Reference value :  2.26397e-06
 Reference value :  2.26653e-06
 Reference value :  2.26930e-06
 Reference value :  2.27190e-06
 Reference value :  2.27440e-06
 Reference value :  2.27691e-06
 Reference value :  2.27943e-06
 Reference value :  2.28208e-06
 Reference value :  2.28463e-06
 Reference value :  2.28730e-06
 Reference value :  2.28991e-06
 Reference value :  2.29241e-06
 Reference value :  2.29500e-06
 Reference value :  2.29753e-06
 Reference value :  2.30005e-06
 Reference value :  2.30250e-06
 Reference value :  2.30521e-06
 Reference value :  2.30781e-06
 Reference value :  2.31050e-06
 Reference value :  2.31333e-06
 Reference value :  2.31598e-06
 Reference value :  2.31860e-06
 Reference value :  2.32128e-06
 Reference value :  2.32400e-06
 Reference value :  2.32670e-06
 Reference value :  2.32938e-06
 Reference value :  2.33200e-06
 Reference value :  2.33453e-06
 Reference value :  2.33733e-06
 Reference value :  2.34010e-06
 Reference value :  2.34261e-06
 Reference value :  2.34525e-06
 Reference value :  2.34801e-06
 Reference value :  2.35057e-06
 Reference value :  2.35318e-06
 Reference value :  2.35571e-06
 Reference value :  2.35827e-06
 Reference value :  2.36088e-06
 Reference value :  2.36351e-06
 Reference value :  2.36617e-06
 Reference value :  2.36883e-06
 Reference value :  2.37160e-06
 Reference value :  2.37431e-06
 Reference value :  2.37705e-06
 Reference value :  2.37963e-06
 Reference value :  2.38235e-06
 Reference value :  2.38498e-06
 Reference value :  2.38758e-06
 Reference value :  2.39035e-06
 Reference value :  2.39298e-06
 Reference value :  2.39555e-06
 Reference value :  2.39823e-06
 Reference value :  2.40095e-06
 Reference value :  2.40361e-06
 Reference value :  2.40630e-06
 Reference value :  2.40900e-06
 Reference value :  2.41165e-06
 Reference value :  2.41435e-06
 Reference value :  2.41691e-06
 Reference value :  2.41968e-06
 Reference value :  2.42230e-06
 Reference value :  2.42495e-06
 Reference value :  2.42755e-06
 Reference value :  2.43011e-06
 Reference value :  2.43293e-06
 Reference value :  2.43553e-06
 Reference value :  2.43830e-06
 Reference value :  2.44113e-06
 Reference value :  2.44387e-06
 Reference value :  2.44667e-06
 Reference value :  2.44941e-06
 Reference value :  2.45200e-06
 Reference value :  2.45471e-06
 Reference value :  2.45740e-06
 Reference value :  2.46027e-06
 Reference value :  2.46321e-06
 Reference value :  2.46611e-06
 Reference value :  2.46921e-06
 Reference value :  2.47217e-06
 Reference value :  2.47490e-06
 Reference value :  2.47767e-06
 Reference value :  2.48021e-06
 Reference value :  2.48317e-06
 Reference value :  2.48601e-06
 Reference value :  2.48880e-06
 Reference value :  2.49130e-06
 Reference value :  2.49381e-06
 Reference value :  2.49631e-06
 Reference value :  2.49901e-06
 Reference value :  2.50158e-06
 Reference value :  2.50430e-06
 Reference value :  2.50710e-06
 Reference value :  2.51000e-06
 Reference value :  2.51260e-06
 Reference value :  2.51523e-06
 Reference value :  2.51791e-06
 Reference value :  2.52075e-06
 Reference value :  2.52387e-06
 Reference value :  2.52677e-06
 Reference value :  2.52945e-06
 Reference value :  2.53207e-06
 Reference value :  2.53470e-06
 Reference value :  2.53728e-06
 Reference value :  2.53991e-06
 Reference value :  2.54260e-06
 Reference value :  2.54515e-06
 Reference value :  2.54788e-06
 Reference value :  2.55050e-06
 Reference value :  2.55311e-06
 Reference value :  2.55570e-06
 Reference value :  2.55838e-06
 Reference value :  2.56101e-06
 Reference value :  2.56373e-06
 Reference value :  2.56643e-06
 Reference value :  2.56908e-06
 Reference value :  2.57165e-06
 Reference value :  2.57430e-06
 Reference value :  2.57735e-06
 Reference value :  2.58021e-06
 Reference value :  2.58330e-06
 Reference value :  2.58607e-06
 Reference value :  2.58870e-06
 Reference value :  2.59145e-06
 Reference value :  2.59411e-06
 Reference value :  2.59670e-06
 Reference value :  2.59940e-06
 Reference value :  2.60195e-06
 Reference value :  2.60458e-06
 Reference value :  2.60723e-06
 Reference value :  2.60981e-06
 Reference value :  2.61241e-06
 Reference value :  2.61503e-06
 Reference value :  2.61765e-06
 Reference value :  2.62027e-06
 Reference value :  2.62291e-06
 Reference value :  2.62541e-06
 Reference value :  2.62820e-06
 Reference value :  2.63075e-06
 Reference value :  2.63388e-06
 Reference value :  2.63658e-06
 Reference value :  2.63937e-06
 Reference value :  2.64191e-06
 Reference value :  2.64455e-06
 Reference value :  2.64718e-06
 Reference value :  2.64987e-06
 Reference value :  2.65241e-06
 Reference value :  2.65511e-06
 Reference value :  2.65770e-06
 Reference value :  2.66031e-06
 Reference value :  2.66301e-06
 Reference value :  2.66560e-06
 Reference value :  2.66821e-06
 Reference value :  2.67091e-06
 Reference value :  2.67355e-06
 Reference value :  2.67611e-06
 Reference value :  2.67888e-06
 Reference value :  2.68155e-06
 Reference value :  2.68415e-06
 Reference value :  2.68680e-06
 Reference value :  2.68943e-06
 Reference value :  2.69221e-06
 Reference value :  2.69475e-06
 Reference value :  2.69747e-06
 Reference value :  2.70027e-06
 Reference value :  2.70315e-06
 Reference value :  2.70593e-06
 Reference value :  2.70858e-06
 Reference value :  2.71157e-06
 Reference value :  2.71428e-06
 Reference value :  2.71700e-06
 Reference value :  2.71965e-06
 Reference value :  2.72237e-06
 Reference value :  2.72493e-06
 Reference value :  2.72773e-06
 Reference value :  2.73060e-06
 Reference value :  2.73325e-06
 Reference value :  2.73605e-06
 Reference value :  2.73863e-06
 Reference value :  2.74131e-06
 Reference value :  2.74387e-06
 Reference value :  2.74641e-06
 Reference value :  2.74907e-06
 Reference value :  2.75171e-06
 Reference value :  2.75430e-06
 Reference value :  2.75705e-06
 Reference value :  2.75970e-06
 Reference value :  2.76235e-06
 Reference value :  2.76510e-06
 Reference value :  2.76770e-06
 Reference value :  2.77041e-06
 Reference value :  2.77301e-06
 Reference value :  2.77561e-06
 Reference value :  2.77850e-06
 Reference value :  2.78120e-06
 Reference value :  2.78391e-06
 Reference value :  2.78657e-06
 Reference value :  2.78920e-06
 Reference value :  2.79181e-06
 Reference value :  2.79440e-06
 Reference value :  2.79698e-06
 Reference value :  2.79981e-06
 Reference value :  2.80255e-06
 Reference value :  2.80537e-06
 Reference value :  2.80811e-06
 Reference value :  2.81065e-06
 Reference value :  2.81315e-06
 Reference value :  2.81573e-06
 Reference value :  2.81821e-06
 Reference value :  2.82088e-06
 Reference value :  2.82351e-06
 Reference value :  2.82620e-06
 Reference value :  2.82880e-06
 Reference value :  2.83151e-06
 Reference value :  2.83407e-06
 Reference value :  2.83651e-06
 Reference value :  2.83910e-06
 Reference value :  2.84191e-06
 Reference value :  2.84461e-06
 Reference value :  2.84735e-06
 Reference value :  2.84983e-06
 Reference value :  2.85235e-06
 Reference value :  2.85480e-06
 Reference value :  2.85738e-06
 Reference value :  2.85997e-06
 Reference value :  2.86257e-06
 Reference value :  2.86513e-06
 Reference value :  2.86787e-06
 Reference value :  2.87065e-06
 Reference value :  2.87351e-06
 Reference value :  2.87640e-06
 Reference value :  2.87943e-06
 Reference value :  2.88225e-06
 Reference value :  2.88491e-06
 Reference value :  2.88758e-06
 Reference value :  2.89033e-06
 Reference value :  2.89311e-06
 Reference value :  2.89597e-06
 Reference value :  2.89878e-06
 Reference value :  2.90155e-06
 Reference value :  2.90420e-06
 Reference value :  2.90690e-06
 Reference value :  2.90955e-06
 Reference value :  2.91231e-06
 Reference value :  2.91528e-06
 Reference value :  2.91800e-06
 Reference value :  2.92077e-06
 Reference value :  2.92341e-06
 Reference value :  2.92615e-06
 Reference value :  2.92908e-06
 Reference value :  2.93190e-06
 Reference value :  2.93475e-06
 Reference value :  2.93757e-06
 Reference value :  2.94045e-06
 Reference value :  2.94325e-06
 Reference value :  2.94600e-06
 Reference value :  2.94878e-06
 Reference value :  2.95178e-06
 Reference value :  2.95461e-06
 Reference value :  2.95731e-06
 Reference value :  2.96005e-06
 Reference value :  2.96280e-06
 Reference value :  2.96553e-06
 Reference value :  2.96840e-06
 Reference value :  2.97131e-06
 Reference value :  2.97425e-06
 Reference value :  2.97710e-06
 Reference value :  2.97980e-06
 Reference value :  2.98248e-06
 Reference value :  2.98530e-06
 Reference value :  2.98830e-06
 Reference value :  2.99113e-06
 Reference value :  2.99393e-06
 Reference value :  2.99670e-06
 Reference value :  2.99941e-06
 Reference value :  3.00221e-06
 Reference value :  3.00500e-06
 Reference value :  3.00777e-06
 Reference value :  3.01061e-06
 Reference value :  3.01340e-06
 Reference value :  3.01611e-06
 Reference value :  3.01903e-06
 Reference value :  3.02183e-06
 Reference value :  3.02471e-06
 Reference value :  3.02751e-06
 Reference value :  3.03031e-06
 Reference value :  3.03315e-06
 Reference value :  3.03593e-06
 Reference value :  3.03875e-06
 Reference value :  3.04168e-06
 Reference value :  3.04447e-06
 Reference value :  3.04720e-06
 Reference value :  3.05000e-06
 Reference value :  3.05278e-06
 Reference value :  3.05551e-06
 Reference value :  3.05850e-06
 Reference value :  3.06130e-06
 Reference value :  3.06401e-06
 Reference value :  3.06680e-06
 Reference value :  3.06951e-06
 Reference value :  3.07220e-06
 Reference value :  3.07501e-06
 Reference value :  3.07783e-06
 Reference value :  3.08058e-06
 Reference value :  3.08335e-06
 Reference value :  3.08617e-06
 Reference value :  3.08890e-06
 Reference value :  3.09165e-06
 Reference value :  3.09457e-06
 Reference value :  3.09751e-06
 Reference value :  3.10018e-06
 Reference value :  3.10291e-06
 Reference value :  3.10565e-06
 Reference value :  3.10843e-06
 Reference value :  3.11131e-06
 Reference value :  3.11401e-06
 Reference value :  3.11693e-06
 Reference value :  3.11968e-06
 Reference value :  3.12247e-06
 Reference value :  3.12533e-06
 Reference value :  3.12810e-06
 Reference value :  3.13090e-06
 Reference value :  3.13375e-06
 Reference value :  3.13665e-06
 Reference value :  3.13945e-06
 Reference value :  3.14238e-06
 Reference value :  3.14527e-06
 Reference value :  3.14811e-06
 Reference value :  3.15090e-06
 Reference value :  3.15378e-06
 Reference value :  3.15648e-06
 Reference value :  3.15931e-06
 Reference value :  3.16213e-06
 Reference value :  3.16487e-06
 Reference value :  3.16777e-06
 Reference value :  3.17048e-06
 Reference value :  3.17330e-06
 Reference value :  3.17601e-06
 Reference value :  3.17868e-06
 Reference value :  3.18151e-06
 Reference value :  3.18437e-06
 Reference value :  3.18707e-06
 Reference value :  3.18991e-06
 Reference value :  3.19255e-06
 Reference value :  3.19531e-06
 Reference value :  3.19801e-06
 Reference value :  3.20090e-06
 Reference value :  3.20380e-06
 Reference value :  3.20650e-06
 Reference value :  3.20921e-06
 Reference value :  3.21190e-06
 Reference value :  3.21473e-06
 Reference value :  3.21758e-06
 Reference value :  3.22035e-06
 Reference value :  3.22320e-06
 Reference value :  3.22601e-06
 Reference value :  3.22880e-06
 Reference value :  3.23160e-06
 Reference value :  3.23430e-06
 Reference value :  3.23717e-06
 Reference value :  3.24005e-06
 Reference value :  3.24280e-06
 Reference value :  3.24567e-06
 Reference value :  3.24851e-06
 Reference value :  3.25127e-06
 Reference value :  3.25410e-06
 Reference value :  3.25701e-06
 Reference value :  3.26003e-06
 Reference value :  3.26307e-06
 Reference value :  3.26600e-06
 Reference value :  3.26903e-06
 Reference value :  3.27223e-06
 Reference value :  3.27541e-06
 Reference value :  3.27815e-06
 Reference value :  3.28098e-06
 Reference value :  3.28378e-06
 Reference value :  3.28650e-06
 Reference value :  3.28943e-06
 Reference value :  3.29221e-06
 Reference value :  3.29510e-06
 Reference value :  3.29800e-06
 Reference value :  3.30067e-06
 Reference value :  3.30325e-06
 Reference value :  3.30621e-06
 Reference value :  3.30901e-06
 Reference value :  3.31208e-06
 Reference value :  3.31495e-06
 Reference value :  3.31830e-06
 Reference value :  3.32133e-06
 Reference value :  3.32433e-06
 Reference value :  3.32733e-06
 Reference value :  3.33045e-06
 Reference value :  3.33337e-06
 Reference value :  3.33638e-06
 Reference value :  3.33923e-06
 Reference value :  3.34207e-06
 Reference value :  3.34497e-06
 Reference value :  3.34781e-06
 Reference value :  3.35058e-06
 Reference value :  3.35338e-06
 Reference value :  3.35618e-06
 Reference value :  3.35901e-06
 Reference value :  3.36195e-06
 Reference value :  3.36473e-06
 Reference value :  3.36763e-06
 Reference value :  3.37050e-06
 Reference value :  3.37328e-06
 Reference value :  3.37610e-06
 Reference value :  3.37898e-06
 Reference value :  3.38180e-06
 Reference value :  3.38463e-06
 Reference value :  3.38747e-06
 Reference value :  3.39031e-06
 Reference value :  3.39310e-06
 Reference value :  3.39585e-06
 Reference value :  3.39870e-06
 Reference value :  3.40148e-06
 Reference value :  3.40430e-06
 Reference value :  3.40700e-06
 Reference value :  3.40983e-06
 Reference value :  3.41278e-06
 Reference value :  3.41561e-06
 Reference value :  3.41850e-06
 Reference value :  3.42131e-06
 Reference value :  3.42410e-06
 Reference value :  3.42703e-06
 Reference value :  3.42998e-06
 Reference value :  3.43290e-06
 Reference value :  3.43583e-06
 Reference value :  3.43870e-06
 Reference value :  3.44161e-06
 Reference value :  3.44438e-06
 Reference value :  3.44727e-06
 Reference value :  3.45018e-06
 Reference value :  3.45300e-06
 Reference value :  3.45591e-06
 Reference value :  3.45880e-06
 Reference value :  3.46153e-06
 Reference value :  3.46431e-06
 Reference value :  3.46721e-06
 Reference value :  3.47015e-06
 Reference value :  3.47291e-06
 Reference value :  3.47583e-06
 Reference value :  3.47880e-06
 Reference value :  3.48163e-06
 Reference value :  3.48450e-06
 Reference value :  3.48740e-06
 Reference value :  3.49031e-06
 Reference value :  3.49320e-06
 Reference value :  3.49601e-06
 Reference value :  3.49890e-06
 Reference value :  3.50163e-06
 Reference value :  3.50443e-06
 Reference value :  3.50728e-06
 Reference value :  3.51005e-06
 Reference value :  3.51288e-06
 Reference value :  3.51580e-06
 Reference value :  3.51880e-06
 Reference value :  3.52163e-06
 Reference value :  3.52450e-06
 Reference value :  3.52750e-06
 Reference value :  3.53033e-06
 Reference value :  3.53320e-06
 Reference value :  3.53605e-06
 Reference value :  3.53900e-06
 Reference value :  3.54190e-06
 Reference value :  3.54491e-06
 Reference value :  3.54777e-06
 Reference value :  3.55060e-06
 Reference value :  3.55351e-06
 Reference value :  3.55640e-06
 Reference value :  3.55920e-06
 Reference value :  3.56220e-06
 Reference value :  3.56510e-06
 Reference value :  3.56800e-06
 Reference value :  3.57091e-06
 Reference value :  3.57387e-06
 Reference value :  3.57671e-06
 Reference value :  3.57961e-06
 Reference value :  3.58245e-06
 Reference value :  3.58535e-06
 Reference value :  3.58805e-06
 Reference value :  3.59103e-06
 Reference value :  3.59380e-06
 Reference value :  3.59671e-06
 Reference value :  3.59971e-06
 Reference value :  3.60261e-06
 Reference value :  3.60548e-06
 Reference value :  3.60838e-06
 Reference value :  3.61130e-06
 Reference value :  3.61428e-06
 Reference value :  3.61721e-06
 Reference value :  3.61995e-06
 Reference value :  3.62285e-06
 Reference value :  3.62571e-06
 Reference value :  3.62875e-06
 Reference value :  3.63160e-06
 Reference value :  3.63477e-06
 Reference value :  3.63757e-06
 Reference value :  3.64038e-06
 Reference value :  3.64310e-06
 Reference value :  3.64598e-06
 Reference value :  3.64900e-06
 Reference value :  3.65181e-06
 Reference value :  3.65473e-06
 Reference value :  3.65760e-06
 Reference value :  3.66047e-06
 Reference value :  3.66323e-06
 Reference value :  3.66608e-06
 Reference value :  3.66897e-06
 Reference value :  3.67183e-06
 Reference value :  3.67470e-06
 Reference value :  3.67755e-06
 Reference value :  3.68030e-06
 Reference value :  3.68315e-06
 Reference value :  3.68603e-06
 Reference value :  3.68893e-06
 Reference value :  3.69188e-06
 Reference value :  3.69473e-06
 Reference value :  3.69755e-06
 Reference value :  3.70057e-06
 Reference value :  3.70350e-06
 Reference value :  3.70640e-06
 Reference value :  3.70913e-06
 Reference value :  3.71197e-06
 Reference value :  3.71485e-06
 Reference value :  3.71770e-06
 Reference value :  3.72070e-06
 Reference value :  3.72340e-06
 Reference value :  3.72608e-06
 Reference value :  3.72881e-06
 Reference value :  3.73150e-06
 Reference value :  3.73421e-06
 Reference value :  3.73700e-06
 Reference value :  3.73987e-06
 Reference value :  3.74261e-06
 Reference value :  3.74540e-06
 Reference value :  3.74820e-06
 Reference value :  3.75211e-06
 Reference value :  3.75500e-06
 Reference value :  3.75788e-06
 Reference value :  3.76080e-06
 Reference value :  3.76361e-06
 Reference value :  3.76641e-06
 Reference value :  3.76911e-06
 Reference value :  3.77188e-06
 Reference value :  3.77461e-06
 Reference value :  3.77751e-06
 Reference value :  3.78045e-06
 Reference value :  3.78337e-06
 Reference value :  3.78625e-06
 Reference value :  3.78898e-06
 Reference value :  3.79191e-06
 Reference value :  3.79451e-06
 Reference value :  3.79720e-06
 Reference value :  3.79990e-06
 Reference value :  3.80250e-06
 Reference value :  3.80501e-06
 Reference value :  3.80761e-06
 Reference value :  3.81035e-06
 Reference value :  3.81297e-06
 Reference value :  3.81571e-06
 Reference value :  3.81831e-06
 Reference value :  3.82093e-06
 Reference value :  3.82351e-06
 Reference value :  3.82613e-06
 Reference value :  3.82881e-06
 Reference value :  3.83148e-06
 Reference value :  3.83413e-06
 Reference value :  3.83688e-06
 Reference value :  3.83941e-06
 Reference value :  3.84200e-06
 Reference value :  3.84468e-06
 Reference value :  3.84733e-06
 Reference value :  3.84990e-06
 Reference value :  3.85260e-06
 Reference value :  3.85511e-06
 Reference value :  3.85780e-06
 Reference value :  3.86043e-06
 Reference value :  3.86305e-06
 Reference value :  3.86573e-06
 Reference value :  3.86837e-06
 Reference value :  3.87110e-06
 Reference value :  3.87370e-06
 Reference value :  3.87630e-06
 Reference value :  3.87900e-06
 Reference value :  3.88158e-06
 Reference value :  3.88428e-06
 Reference value :  3.88698e-06
 Reference value :  3.88961e-06
 Reference value :  3.89210e-06
 Reference value :  3.89471e-06
 Reference value :  3.89743e-06
 Reference value :  3.90007e-06
 Reference value :  3.90265e-06
 Reference value :  3.90530e-06
 Reference value :  3.90788e-06
 Reference value :  3.91047e-06
 Reference value :  3.91300e-06
 Reference value :  3.91555e-06
 Reference value :  3.91810e-06
 Reference value :  3.92077e-06
 Reference value :  3.92340e-06
 Reference value :  3.92601e-06
 Reference value :  3.92860e-06
 Reference value :  3.93121e-06
 Reference value :  3.93380e-06
 Reference value :  3.93637e-06
 Reference value :  3.93900e-06
 Reference value :  3.94160e-06
 Reference value :  3.94417e-06
 Reference value :  3.94678e-06
 Reference value :  3.94945e-06
 Reference value :  3.95200e-06
 Reference value :  3.95455e-06
 Reference value :  3.95720e-06
 Reference value :  3.95988e-06
 Reference value :  3.96240e-06
 Reference value :  3.96488e-06
 Reference value :  3.96747e-06
 Reference value :  3.97000e-06
 Reference value :  3.97263e-06
 Reference value :  3.97520e-06
 Reference value :  3.97790e-06
 Reference value :  3.98053e-06
 Reference value :  3.98310e-06
 Reference value :  3.98570e-06
 Reference value :  3.98831e-06
 Reference value :  3.99080e-06
 Reference value :  3.99353e-06
 Reference value :  3.99615e-06
 Reference value :  3.99877e-06
 Reference value :  4.00137e-06
 Reference value :  4.00391e-06
 Reference value :  4.00670e-06
 Reference value :  4.00940e-06
 Reference value :  4.01208e-06
 Reference value :  4.01480e-06
 Reference value :  4.01743e-06
 Reference value :  4.02003e-06
 Reference value :  4.02268e-06
 Reference value :  4.02537e-06
 Reference value :  4.02803e-06
 Reference value :  4.03075e-06
 Reference value :  4.03330e-06
 Reference value :  4.03580e-06
 Reference value :  4.03845e-06
 Reference value :  4.04100e-06
 Reference value :  4.04368e-06
 Reference value :  4.04630e-06
 Reference value :  4.04903e-06
 Reference value :  4.05157e-06
 Reference value :  4.05415e-06
 Reference value :  4.05685e-06
 Reference value :  4.05965e-06
 Reference value :  4.06221e-06
 Reference value :  4.06485e-06
 Reference value :  4.06770e-06
 Reference value :  4.07040e-06
 Reference value :  4.07315e-06
 Reference value :  4.07575e-06
 Reference value :  4.07850e-06
 Reference value :  4.08110e-06
 Reference value :  4.08378e-06
 Reference value :  4.08658e-06
 Reference value :  4.08941e-06
 Reference value :  4.09210e-06
 Reference value :  4.09465e-06
 Reference value :  4.09717e-06
 Reference value :  4.09971e-06
 Reference value :  4.10260e-06
 Reference value :  4.10538e-06
 Reference value :  4.10801e-06
 Reference value :  4.11073e-06
 Reference value :  4.11350e-06
 Reference value :  4.11625e-06
 Reference value :  4.11901e-06
 Reference value :  4.12161e-06
 Reference value :  4.12438e-06
 Reference value :  4.12688e-06
 Reference value :  4.12965e-06
 Reference value :  4.13231e-06
 Reference value :  4.13487e-06
 Reference value :  4.13761e-06
 Reference value :  4.14021e-06
 Reference value :  4.14287e-06
 Reference value :  4.14540e-06
 Reference value :  4.14815e-06
 Reference value :  4.15087e-06
 Reference value :  4.15381e-06
 Reference value :  4.15640e-06
 Reference value :  4.15897e-06
 Reference value :  4.16165e-06
 Reference value :  4.16425e-06
 Reference value :  4.16680e-06
 Reference value :  4.16940e-06
 Reference value :  4.17215e-06
 Reference value :  4.17493e-06
 Reference value :  4.17753e-06
 Reference value :  4.18010e-06
 Reference value :  4.18260e-06
 Reference value :  4.18511e-06
 Reference value :  4.18787e-06
 Reference value :  4.19041e-06
 Reference value :  4.19301e-06
 Reference value :  4.19577e-06
 Reference value :  4.19831e-06
 Reference value :  4.20083e-06
 Reference value :  4.20347e-06
 Reference value :  4.20601e-06
 Reference value :  4.20890e-06
 Reference value :  4.21157e-06
 Reference value :  4.21421e-06
 Reference value :  4.21687e-06
 Reference value :  4.21955e-06
 Reference value :  4.22238e-06
 Reference value :  4.22513e-06
 Reference value :  4.22800e-06
 Reference value :  4.23087e-06
 Reference value :  4.23380e-06
 Reference value :  4.23670e-06
 Reference value :  4.23941e-06
 Reference value :  4.24220e-06
 Reference value :  4.24505e-06
 Reference value :  4.24833e-06
 Reference value :  4.25118e-06
 Reference value :  4.25397e-06
 Reference value :  4.25671e-06
 Reference value :  4.25957e-06
 Reference value :  4.26251e-06
 Reference value :  4.26527e-06
 Reference value :  4.26810e-06
 Reference value :  4.27098e-06
 Reference value :  4.27380e-06
 Reference value :  4.27660e-06
 Reference value :  4.27940e-06
 Reference value :  4.28227e-06
 Reference value :  4.28505e-06
 Reference value :  4.28787e-06
 Reference value :  4.29063e-06
 Reference value :  4.29333e-06
 Reference value :  4.29601e-06
 Reference value :  4.29893e-06
 Reference value :  4.30177e-06
 Reference value :  4.30440e-06
 Reference value :  4.30725e-06
 Reference value :  4.31013e-06
 Reference value :  4.31297e-06
 Reference value :  4.31608e-06
 Reference value :  4.31901e-06
 Reference value :  4.32191e-06
 Reference value :  4.32481e-06
 Reference value :  4.32758e-06
 Reference value :  4.33037e-06
 Reference value :  4.33328e-06
 Reference value :  4.33620e-06
 Reference value :  4.33898e-06
 Reference value :  4.34217e-06
 Reference value :  4.34503e-06
 Reference value :  4.34795e-06
 Reference value :  4.35080e-06
 Reference value :  4.35365e-06
 Reference value :  4.35650e-06
 Reference value :  4.35940e-06
 Reference value :  4.36210e-06
 Reference value :  4.36491e-06
 Reference value :  4.36780e-06
 Reference value :  4.37070e-06
 Reference value :  4.37357e-06
 Reference value :  4.37641e-06
 Reference value :  4.37925e-06
 Reference value :  4.38210e-06
 Reference value :  4.38498e-06
 Reference value :  4.38771e-06
 Reference value :  4.39061e-06
 Reference value :  4.39353e-06
 Reference value :  4.39641e-06
 Reference value :  4.39931e-06
 Reference value :  4.40217e-06
 Reference value :  4.40513e-06
 Reference value :  4.40790e-06
 Reference value :  4.41081e-06
 Reference value :  4.41371e-06
 Reference value :  4.41655e-06
 Reference value :  4.41941e-06
 Reference value :  4.42215e-06
 Reference value :  4.42498e-06
 Reference value :  4.42778e-06
 Reference value :  4.43057e-06
 Reference value :  4.43340e-06
 Reference value :  4.43617e-06
 Reference value :  4.43900e-06
 Reference value :  4.44187e-06
 Reference value :  4.44460e-06
 Reference value :  4.44745e-06
 Reference value :  4.45027e-06
 Reference value :  4.45308e-06
 Reference value :  4.45585e-06
 Reference value :  4.45861e-06
 Reference value :  4.46157e-06
 Reference value :  4.46460e-06
 Reference value :  4.46743e-06
 Reference value :  4.47038e-06
 Reference value :  4.47320e-06
 Reference value :  4.47610e-06
 Reference value :  4.47891e-06
 Reference value :  4.48168e-06
 Reference value :  4.48457e-06
 Reference value :  4.48747e-06
 Reference value :  4.49043e-06
 Reference value :  4.49331e-06
 Reference value :  4.49617e-06
 Reference value :  4.49910e-06
 Reference value :  4.50200e-06
 Reference value :  4.50487e-06
 Reference value :  4.50778e-06
 Reference value :  4.51063e-06
 Reference value :  4.51351e-06
 Reference value :  4.51640e-06
 Reference value :  4.51927e-06
 Reference value :  4.52218e-06
 Reference value :  4.52501e-06
 Reference value :  4.52795e-06
 Reference value :  4.53080e-06
 Reference value :  4.53370e-06
 Reference value :  4.53655e-06
 Reference value :  4.53948e-06
 Reference value :  4.54238e-06
 Reference value :  4.54517e-06
 Reference value :  4.54815e-06
 Reference value :  4.55101e-06
 Reference value :  4.55383e-06
 Reference value :  4.55675e-06
 Reference value :  4.55955e-06
 Reference value :  4.56241e-06
 Reference value :  4.56531e-06
 Reference value :  4.56820e-06
 Reference value :  4.57111e-06
 Reference value :  4.57391e-06
 Reference value :  4.57690e-06
 Reference value :  4.57990e-06
 Reference value :  4.58283e-06
 Reference value :  4.58571e-06
 Reference value :  4.58865e-06
 Reference value :  4.59153e-06
 Reference value :  4.59455e-06
 Reference value :  4.59740e-06
 Reference value :  4.60033e-06
 Reference value :  4.60318e-06
 Reference value :  4.60608e-06
 Reference value :  4.60887e-06
 Reference value :  4.61197e-06
 Reference value :  4.61503e-06
 Reference value :  4.61790e-06
 Reference value :  4.62077e-06
 Reference value :  4.62370e-06
 Reference value :  4.62653e-06
 Reference value :  4.62951e-06
 Reference value :  4.63235e-06
 Reference value :  4.63535e-06
 Reference value :  4.63830e-06
 Reference value :  4.64131e-06
 Reference value :  4.64421e-06
 Reference value :  4.64730e-06
 Reference value :  4.65013e-06
 Reference value :  4.65291e-06
 Reference value :  4.65581e-06
 Reference value :  4.65878e-06
 Reference value :  4.66160e-06
 Reference value :  4.66447e-06
 Reference value :  4.66725e-06
 Reference value :  4.67013e-06
 Reference value :  4.67297e-06
 Reference value :  4.67571e-06
 Reference value :  4.67873e-06
 Reference value :  4.68151e-06
 Reference value :  4.68437e-06
 Reference value :  4.68730e-06
 Reference value :  4.69007e-06
 Reference value :  4.69300e-06
 Reference value :  4.69583e-06
 Reference value :  4.69888e-06
 Reference value :  4.70177e-06
 Reference value :  4.70450e-06
 Reference value :  4.70740e-06
 Reference value :  4.71023e-06
 Reference value :  4.71308e-06
 Reference value :  4.71581e-06
 Reference value :  4.71863e-06
 Reference value :  4.72151e-06
 Reference value :  4.72430e-06
 Reference value :  4.72718e-06
 Reference value :  4.73013e-06
 Reference value :  4.73293e-06
 Reference value :  4.73590e-06
 Reference value :  4.73871e-06
 Reference value :  4.74157e-06
 Reference value :  4.74440e-06
 Reference value :  4.74715e-06
 Reference value :  4.75000e-06
 Reference value :  4.75290e-06
 Reference value :  4.75590e-06
 Reference value :  4.75885e-06
 Reference value :  4.76175e-06
 Reference value :  4.76457e-06
 Reference value :  4.76735e-06
 Reference value :  4.77021e-06
 Reference value :  4.77307e-06
 Reference value :  4.77593e-06
 Reference value :  4.77887e-06
 Reference value :  4.78177e-06
 Reference value :  4.78460e-06
 Reference value :  4.78755e-06
 Reference value :  4.79040e-06
 Reference value :  4.79325e-06
 Reference value :  4.79600e-06
 Reference value :  4.79891e-06
 Reference value :  4.80180e-06
 Reference value :  4.80445e-06
 Reference value :  4.80731e-06
 Reference value :  4.81011e-06
 Reference value :  4.81295e-06
 Reference value :  4.81570e-06
 Reference value :  4.81843e-06
 Reference value :  4.82127e-06
 Reference value :  4.82413e-06
 Reference value :  4.82693e-06
 Reference value :  4.82961e-06
 Reference value :  4.83250e-06
 Reference value :  4.83535e-06
 Reference value :  4.83831e-06
 Reference value :  4.84121e-06
 Reference value :  4.84408e-06
 Reference value :  4.84740e-06
 Reference value :  4.85041e-06
 Reference value :  4.85340e-06
 Reference value :  4.85661e-06
 Reference value :  4.85955e-06
 Reference value :  4.86243e-06
 Reference value :  4.86555e-06
 Reference value :  4.86861e-06
 Reference value :  4.87170e-06
 Reference value :  4.87463e-06
 Reference value :  4.87770e-06
 Reference value :  4.88041e-06
 Reference value :  4.88325e-06
 Reference value :  4.88610e-06
 Reference value :  4.88891e-06
 Reference value :  4.89178e-06
 Reference value :  4.89465e-06
 Reference value :  4.89751e-06
 Reference value :  4.90021e-06
 Reference value :  4.90297e-06
 Reference value :  4.90578e-06
 Reference value :  4.90871e-06
 Reference value :  4.91155e-06
 Reference value :  4.91448e-06
 Reference value :  4.91751e-06
 Reference value :  4.92030e-06
 Reference value :  4.92307e-06
 Reference value :  4.92593e-06
 Reference value :  4.92897e-06
 Reference value :  4.93188e-06
 Reference value :  4.93480e-06
 Reference value :  4.93771e-06
 Reference value :  4.94075e-06
 Reference value :  4.94391e-06
 Reference value :  4.94700e-06
 Reference value :  4.95010e-06
 Reference value :  4.95311e-06
 Reference value :  4.95600e-06
 Reference value :  4.95891e-06
 Reference value :  4.96178e-06
 Reference value :  4.96501e-06
 Reference value :  4.96797e-06
 Reference value :  4.97073e-06
 Reference value :  4.97363e-06
 Reference value :  4.97643e-06
 Reference value :  4.97925e-06
 Reference value :  4.98227e-06
 Reference value :  4.98503e-06
 Reference value :  4.98785e-06
 Reference value :  4.99050e-06
 Reference value :  4.99338e-06
 Reference value :  4.99621e-06
 Reference value :  4.99900e-06
 Reference value :  5.00193e-06
 Reference value :  5.00480e-06
 Reference value :  5.00751e-06
 Reference value :  5.01037e-06
 Reference value :  5.01320e-06
 Reference value :  5.01597e-06
 Reference value :  5.01877e-06
 Reference value :  5.02168e-06
 Reference value :  5.02450e-06
 Reference value :  5.02721e-06
 Reference value :  5.02990e-06
 Reference value :  5.03267e-06
 Reference value :  5.03555e-06
 Reference value :  5.03853e-06
 Reference value :  5.04130e-06
 Reference value :  5.04408e-06
 Reference value :  5.04701e-06
 Reference value :  5.04980e-06
 Reference value :  5.05267e-06
 Reference value :  5.05567e-06
 Reference value :  5.05847e-06
 Reference value :  5.06150e-06
 Reference value :  5.06425e-06
 Reference value :  5.06711e-06
 Reference value :  5.06995e-06
 Reference value :  5.07290e-06
 Reference value :  5.07580e-06
 Reference value :  5.07867e-06
 Reference value :  5.08140e-06
 Reference value :  5.08420e-06
 Reference value :  5.08705e-06
 Reference value :  5.08995e-06
 Reference value :  5.09300e-06
 Reference value :  5.09587e-06
 Reference value :  5.09868e-06
 Reference value :  5.10143e-06
 Reference value :  5.10430e-06
 Reference value :  5.10710e-06
 Reference value :  5.11010e-06
 Reference value :  5.11308e-06
 Reference value :  5.11583e-06
 Reference value :  5.11857e-06
 Reference value :  5.12125e-06
 Reference value :  5.12411e-06
 Reference value :  5.12691e-06
 Reference value :  5.12981e-06
 Reference value :  5.13271e-06
 Reference value :  5.13550e-06
 Reference value :  5.13837e-06
 Reference value :  5.14118e-06
 Reference value :  5.14410e-06
 Reference value :  5.14720e-06
 Reference value :  5.15003e-06
 Reference value :  5.15281e-06
 Reference value :  5.15561e-06
 Reference value :  5.15830e-06
 Reference value :  5.16118e-06
 Reference value :  5.16410e-06
 Reference value :  5.16700e-06
 Reference value :  5.16978e-06
 Reference value :  5.17260e-06
 Reference value :  5.17528e-06
 Reference value :  5.17805e-06
 Reference value :  5.18100e-06
 Reference value :  5.18395e-06
 Reference value :  5.18693e-06
 Reference value :  5.18985e-06
 Reference value :  5.19285e-06
 Reference value :  5.19567e-06
 Reference value :  5.19860e-06
 Reference value :  5.20161e-06
 Reference value :  5.20451e-06
 Reference value :  5.20718e-06
 Reference value :  5.21011e-06
 Reference value :  5.21298e-06
 Reference value :  5.21591e-06
 Reference value :  5.21881e-06
 Reference value :  5.22168e-06
 Reference value :  5.22441e-06
 Reference value :  5.22720e-06
 Reference value :  5.22991e-06
 Reference value :  5.23280e-06
 Reference value :  5.23568e-06
 Reference value :  5.23847e-06
 Reference value :  5.24125e-06
 Reference value :  5.24391e-06
 Reference value :  5.24671e-06
 Reference value :  5.24955e-06
 Reference value :  5.25248e-06
 Reference value :  5.25537e-06
 Reference value :  5.25821e-06
 Reference value :  5.26095e-06
 Reference value :  5.26378e-06
 Reference value :  5.26660e-06
 Reference value :  5.26940e-06
 Reference value :  5.27225e-06
 Reference value :  5.27525e-06
 Reference value :  5.27797e-06
 Reference value :  5.28077e-06
 Reference value :  5.28351e-06
 Reference value :  5.28638e-06
 Reference value :  5.28925e-06
 Reference value :  5.29227e-06
 Reference value :  5.29501e-06
 Reference value :  5.29780e-06
 Reference value :  5.30070e-06
 Reference value :  5.30350e-06
 Reference value :  5.30625e-06
 Reference value :  5.30911e-06
 Reference value :  5.31191e-06
 Reference value :  5.31475e-06
 Reference value :  5.31760e-06
 Reference value :  5.32040e-06
 Reference value :  5.32327e-06
 Reference value :  5.32621e-06
 Reference value :  5.32908e-06
 Reference value :  5.33210e-06
 Reference value :  5.33491e-06
 Reference value :  5.33775e-06
 Reference value :  5.34067e-06
 Reference value :  5.34351e-06
 Reference value :  5.34631e-06
 Reference value :  5.34917e-06
 Reference value :  5.35205e-06
 Reference value :  5.35508e-06
 Reference value :  5.35787e-06
 Reference value :  5.36090e-06
 Reference value :  5.36388e-06
 Reference value :  5.36680e-06
 Reference value :  5.36970e-06
 Reference value :  5.37253e-06
 Reference value :  5.37553e-06
 Reference value :  5.37835e-06
 Reference value :  5.38123e-06
 Reference value :  5.38430e-06
 Reference value :  5.38715e-06
 Reference value :  5.39000e-06
 Reference value :  5.39278e-06
 Reference value :  5.39565e-06
 Reference value :  5.39863e-06
 Reference value :  5.40153e-06
 Reference value :  5.40455e-06
 Reference value :  5.40740e-06
 Reference value :  5.41015e-06
 Reference value :  5.41313e-06
 Reference value :  5.41600e-06
 Reference value :  5.41893e-06
 Reference value :  5.42180e-06
 Reference value :  5.42467e-06
 Reference value :  5.42761e-06
 Reference value :  5.43041e-06
 Reference value :  5.43338e-06
 Reference value :  5.43623e-06
 Reference value :  5.43901e-06
 Reference value :  5.44180e-06
 Reference value :  5.44460e-06
 Reference value :  5.44745e-06
 Reference value :  5.45020e-06
 Reference value :  5.45317e-06
 Reference value :  5.45601e-06
 Reference value :  5.45881e-06
 Reference value :  5.46167e-06
 Reference value :  5.46450e-06
 Reference value :  5.46730e-06
 Reference value :  5.47011e-06
 Reference value :  5.47298e-06
 Reference value :  5.47590e-06
 Reference value :  5.47867e-06
 Reference value :  5.48147e-06
 Reference value :  5.48440e-06
 Reference value :  5.48710e-06
 Reference value :  5.48981e-06
 Reference value :  5.49255e-06
 Reference value :  5.49537e-06
 Reference value :  5.49805e-06
 Reference value :  5.50087e-06
 Reference value :  5.50370e-06
 Reference value :  5.50677e-06
 Reference value :  5.50961e-06
 Reference value :  5.51265e-06
 Reference value :  5.51563e-06
 Reference value :  5.51848e-06
 Reference value :  5.52121e-06
 Reference value :  5.52405e-06
 Reference value :  5.52691e-06
 Reference value :  5.52980e-06
 Reference value :  5.53271e-06
 Reference value :  5.53555e-06
 Reference value :  5.53840e-06
 Reference value :  5.54140e-06
 Reference value :  5.54431e-06
 Reference value :  5.54720e-06
 Reference value :  5.55017e-06
 Reference value :  5.55300e-06
 Reference value :  5.55605e-06
 Reference value :  5.55890e-06
 Reference value :  5.56180e-06
 Reference value :  5.56465e-06
 Reference value :  5.56748e-06
 Reference value :  5.57057e-06
 Reference value :  5.57527e-06
 Reference value :  5.57811e-06
 Reference value :  5.58085e-06
 Reference value :  5.58361e-06
 Reference value :  5.58638e-06
 Reference value :  5.58930e-06
 Reference value :  5.59217e-06
 Reference value :  5.59495e-06
 Reference value :  5.59775e-06
 Reference value :  5.60061e-06
 Reference value :  5.60420e-06
 Reference value :  5.60703e-06
 Reference value :  5.60987e-06
 Reference value :  5.61290e-06
 Reference value :  5.61578e-06
 Reference value :  5.61850e-06
 Reference value :  5.62141e-06
 Reference value :  5.62430e-06
 Reference value :  5.62721e-06
 Reference value :  5.63020e-06
 Reference value :  5.63311e-06
 Reference value :  5.63597e-06
 Reference value :  5.63880e-06
 Reference value :  5.64175e-06
 Reference value :  5.64458e-06
 Reference value :  5.64751e-06
 Reference value :  5.65061e-06
 Reference value :  5.65350e-06
 Reference value :  5.65647e-06
 Reference value :  5.65935e-06
 Reference value :  5.66231e-06
 Reference value :  5.66530e-06
 Reference value :  5.66818e-06
 Reference value :  5.67107e-06
 Reference value :  5.67387e-06
 Reference value :  5.67673e-06
 Reference value :  5.67970e-06
 Reference value :  5.68255e-06
 Reference value :  5.68565e-06
 Reference value :  5.68861e-06
 Reference value :  5.69141e-06
 Reference value :  5.69423e-06
 Reference value :  5.69707e-06
 Reference value :  5.70000e-06
 Reference value :  5.70291e-06
 Reference value :  5.70578e-06
 Reference value :  5.70867e-06
 Reference value :  5.71158e-06
 Reference value :  5.71458e-06
 Reference value :  5.71738e-06
 Reference value :  5.72031e-06
 Reference value :  5.72330e-06
 Reference value :  5.72613e-06
 Reference value :  5.72913e-06
 Reference value :  5.73198e-06
 Reference value :  5.73481e-06
 Reference value :  5.73775e-06
 Reference value :  5.74048e-06
 Reference value :  5.74341e-06
 Reference value :  5.74631e-06
 Reference value :  5.74931e-06
 Reference value :  5.75223e-06
 Reference value :  5.75511e-06
 Reference value :  5.75803e-06
 Reference value :  5.76087e-06
 Reference value :  5.76373e-06
 Reference value :  5.76681e-06
 Reference value :  5.76980e-06
 Reference value :  5.77267e-06
 Reference value :  5.77541e-06
 Reference value :  5.77828e-06
 Reference value :  5.78143e-06
 Reference value :  5.78427e-06
 Reference value :  5.78718e-06
 Reference value :  5.79000e-06
 Reference value :  5.79301e-06
 Reference value :  5.79583e-06
 Reference value :  5.79878e-06
 Reference value :  5.80161e-06
 Reference value :  5.80441e-06
 Reference value :  5.80713e-06
 Reference value :  5.80987e-06
 Reference value :  5.81267e-06
 Reference value :  5.81543e-06
 Reference value :  5.81821e-06
 Reference value :  5.82100e-06
 Reference value :  5.82371e-06
 Reference value :  5.82647e-06
 Reference value :  5.82953e-06
 Reference value :  5.83230e-06
 Reference value :  5.83521e-06
 Reference value :  5.83791e-06
 Reference value :  5.84098e-06
 Reference value :  5.84380e-06
 Reference value :  5.84670e-06
 Reference value :  5.84958e-06
 Reference value :  5.85250e-06
 Reference value :  5.85537e-06
 Reference value :  5.85828e-06
 Reference value :  5.86098e-06
 Reference value :  5.86391e-06
 Reference value :  5.86688e-06
 Reference value :  5.86971e-06
 Reference value :  5.87258e-06
 Reference value :  5.87547e-06
 Reference value :  5.87831e-06
 Reference value :  5.88120e-06
 Reference value :  5.88405e-06
 Reference value :  5.88697e-06
 Reference value :  5.88978e-06
 Reference value :  5.89270e-06
 Reference value :  5.89560e-06
 Reference value :  5.89850e-06
 Reference value :  5.90167e-06
 Reference value :  5.90470e-06
 Reference value :  5.90755e-06
 Reference value :  5.91033e-06
 Reference value :  5.91325e-06
 Reference value :  5.91615e-06
 Reference value :  5.91907e-06
 Reference value :  5.92210e-06
 Reference value :  5.92481e-06
 Reference value :  5.92767e-06
 Reference value :  5.93037e-06
 Reference value :  5.93321e-06
 Reference value :  5.93615e-06
 Reference value :  5.93911e-06
 Reference value :  5.94187e-06
 Reference value :  5.94470e-06
 Reference value :  5.94743e-06
 Reference value :  5.95018e-06
 Reference value :  5.95298e-06
 Reference value :  5.95581e-06
 Reference value :  5.95867e-06
 Reference value :  5.96160e-06
 Reference value :  5.96431e-06
 Reference value :  5.96711e-06
 Reference value :  5.96998e-06
 Reference value :  5.97293e-06
 Reference value :  5.97561e-06
 Reference value :  5.97838e-06
 Reference value :  5.98121e-06
 Reference value :  5.98391e-06
 Reference value :  5.98668e-06
 Reference value :  5.98950e-06
 Reference value :  5.99235e-06
 Reference value :  5.99515e-06
 Reference value :  5.99798e-06
 Reference value :  6.00087e-06
 Reference value :  6.00363e-06
 Reference value :  6.00641e-06
 Reference value :  6.00947e-06
 Reference value :  6.01220e-06
 Reference value :  6.01507e-06
 Reference value :  6.01790e-06
 Reference value :  6.02077e-06
 Reference value :  6.02357e-06
 Reference value :  6.02648e-06
 Reference value :  6.02940e-06
 Reference value :  6.03227e-06
 Reference value :  6.03505e-06
 Reference value :  6.03780e-06
 Reference value :  6.04061e-06
 Reference value :  6.04340e-06
 Reference value :  6.04630e-06
 Reference value :  6.04917e-06
 Reference value :  6.05193e-06
 Reference value :  6.05471e-06
 Reference value :  6.05761e-06
 Reference value :  6.06053e-06
 Reference value :  6.06343e-06
 Reference value :  6.06623e-06
 Reference value :  6.06905e-06
 Reference value :  6.07203e-06
 Reference value :  6.07490e-06
 Reference value :  6.07767e-06
 Reference value :  6.08061e-06
 Reference value :  6.08350e-06
 Reference value :  6.08628e-06
 Reference value :  6.08915e-06
 Reference value :  6.09191e-06
 Reference value :  6.09483e-06
 Reference value :  6.09771e-06
 Reference value :  6.10057e-06
 Reference value :  6.10337e-06
 Reference value :  6.10620e-06
 Reference value :  6.10900e-06
 Reference value :  6.11185e-06
 Reference value :  6.11463e-06
 Reference value :  6.11765e-06
 Reference value :  6.12050e-06
 Reference value :  6.12321e-06
 Reference value :  6.12601e-06
 Reference value :  6.12883e-06
 Reference value :  6.13157e-06
 Reference value :  6.13450e-06
 Reference value :  6.13735e-06
 Reference value :  6.14020e-06
 Reference value :  6.14300e-06
 Reference value :  6.14590e-06
 Reference value :  6.14860e-06
 Reference value :  6.15147e-06
 Reference value :  6.15438e-06
 Reference value :  6.15721e-06
 Reference value :  6.16010e-06
 Reference value :  6.16278e-06
 Reference value :  6.16553e-06
 Reference value :  6.16850e-06
 Reference value :  6.17128e-06
 Reference value :  6.17405e-06
 Reference value :  6.17697e-06
 Reference value :  6.17977e-06
 Reference value :  6.18261e-06
 Reference value :  6.18531e-06
 Reference value :  6.18833e-06
 Reference value :  6.19110e-06
 Reference value :  6.19381e-06
 Reference value :  6.19655e-06
 Reference value :  6.19920e-06
 Reference value :  6.20203e-06
 Reference value :  6.20481e-06
 Reference value :  6.20761e-06
 Reference value :  6.21051e-06
 Reference value :  6.21327e-06
 Reference value :  6.21597e-06
 Reference value :  6.21871e-06
 Reference value :  6.22168e-06
 Reference value :  6.22460e-06
 Reference value :  6.22738e-06
 Reference value :  6.23013e-06
 Reference value :  6.23297e-06
 Reference value :  6.23577e-06
 Reference value :  6.23847e-06
 Reference value :  6.24121e-06
 Reference value :  6.24408e-06
 Reference value :  6.24695e-06
 Reference value :  6.24985e-06
 Reference value :  6.25263e-06
 Reference value :  6.25540e-06
 Reference value :  6.25817e-06
 Reference value :  6.26121e-06
 Reference value :  6.26395e-06
 Reference value :  6.26668e-06
 Reference value :  6.26955e-06
 Reference value :  6.27225e-06
 Reference value :  6.27510e-06
 Reference value :  6.27800e-06
 Reference value :  6.28077e-06
 Reference value :  6.28361e-06
 Reference value :  6.28641e-06
 Reference value :  6.28927e-06
 Reference value :  6.29218e-06
 Reference value :  6.29515e-06
 Reference value :  6.29793e-06
 Reference value :  6.30080e-06
 Reference value :  6.30353e-06
 Reference value :  6.30620e-06
 Reference value :  6.30925e-06
 Reference value :  6.31233e-06
 Reference value :  6.31521e-06
 Reference value :  6.31823e-06
 Reference value :  6.32101e-06
 Reference value :  6.32391e-06
 Reference value :  6.32681e-06
 Reference value :  6.32973e-06
 Reference value :  6.33271e-06
 Reference value :  6.33550e-06
 Reference value :  6.33828e-06
 Reference value :  6.34107e-06
 Reference value :  6.34410e-06
 Reference value :  6.34731e-06
 Reference value :  6.35035e-06
 Reference value :  6.35325e-06
 Reference value :  6.35620e-06
 Reference value :  6.35940e-06
 Reference value :  6.36240e-06
 Reference value :  6.36530e-06
 Reference value :  6.36833e-06
 Reference value :  6.37118e-06
 Reference value :  6.37420e-06
 Reference value :  6.37730e-06
 Reference value :  6.38035e-06
 Reference value :  6.38340e-06
 Reference value :  6.38630e-06
 Reference value :  6.38951e-06
 Reference value :  6.39250e-06
 Reference value :  6.39561e-06
 Reference value :  6.39918e-06
 Reference value :  6.40253e-06
 Reference value :  6.40570e-06
 Reference value :  6.40915e-06
 Reference value :  6.41275e-06
 Reference value :  6.41661e-06
 Reference value :  6.42028e-06
 Reference value :  6.42321e-06
 Reference value :  6.42620e-06
 Reference value :  6.42897e-06
 Reference value :  6.43183e-06
 Reference value :  6.43487e-06
 Reference value :  6.43788e-06
 Reference value :  6.44087e-06
 Reference value :  6.44387e-06
 Reference value :  6.44678e-06
 Reference value :  6.44965e-06
 Reference value :  6.45255e-06
 Reference value :  6.45557e-06
 Reference value :  6.45838e-06
 Reference value :  6.46130e-06
 Reference value :  6.46411e-06
 Reference value :  6.46700e-06
 Reference value :  6.47011e-06
 Reference value :  6.47331e-06
 Reference value :  6.47641e-06
 Reference value :  6.47947e-06
 Reference value :  6.48248e-06
 Reference value :  6.48573e-06
 Reference value :  6.48907e-06
 Reference value :  6.49220e-06
 Reference value :  6.49528e-06
 Reference value :  6.49831e-06
 Reference value :  6.50111e-06
 Reference value :  6.50400e-06
 Reference value :  6.50707e-06
 Reference value :  6.50993e-06
 Reference value :  6.51287e-06
 Reference value :  6.51581e-06
 Reference value :  6.51870e-06
 Reference value :  6.52155e-06
 Reference value :  6.52437e-06
 Reference value :  6.52735e-06
 Reference value :  6.53021e-06
 Reference value :  6.53345e-06
 Reference value :  6.53645e-06
 Reference value :  6.53948e-06
 Reference value :  6.54263e-06
 Reference value :  6.54551e-06
 Reference value :  6.54855e-06
 Reference value :  6.55160e-06
 Reference value :  6.55451e-06
 Reference value :  6.55750e-06
 Reference value :  6.56021e-06
 Reference value :  6.56307e-06
 Reference value :  6.56590e-06
 Reference value :  6.56877e-06
 Reference value :  6.57157e-06
 Reference value :  6.57441e-06
 Reference value :  6.57741e-06
 Reference value :  6.58020e-06
 Reference value :  6.58325e-06
 Reference value :  6.58628e-06
 Reference value :  6.58911e-06
 Reference value :  6.59195e-06
 Reference value :  6.59483e-06
 Reference value :  6.59781e-06
 Reference value :  6.60063e-06
 Reference value :  6.60371e-06
 Reference value :  6.60678e-06
 Reference value :  6.60960e-06
 Reference value :  6.61245e-06
 Reference value :  6.61527e-06
 Reference value :  6.61825e-06
 Reference value :  6.62117e-06
 Reference value :  6.62405e-06
 Reference value :  6.62687e-06
 Reference value :  6.62978e-06
 Reference value :  6.63273e-06
 Reference value :  6.63557e-06
 Reference value :  6.63831e-06
 Reference value :  6.64117e-06
 Reference value :  6.64388e-06
 Reference value :  6.64673e-06
 Reference value :  6.64971e-06
 Reference value :  6.65245e-06
 Reference value :  6.65535e-06
 Reference value :  6.65825e-06
 Reference value :  6.66118e-06
 Reference value :  6.66401e-06
 Reference value :  6.66688e-06
 Reference value :  6.66970e-06
 Reference value :  6.67260e-06
 Reference value :  6.67540e-06
 Reference value :  6.67830e-06
 Reference value :  6.68137e-06
 Reference value :  6.68431e-06
 Reference value :  6.68730e-06
 Reference value :  6.69023e-06
 Reference value :  6.69308e-06
 Reference value :  6.69577e-06
 Reference value :  6.69865e-06
 Reference value :  6.70150e-06
 Reference value :  6.70445e-06
 Reference value :  6.70725e-06
 Reference value :  6.71017e-06
 Reference value :  6.71313e-06
 Reference value :  6.71601e-06
 Reference value :  6.71900e-06
 Reference value :  6.72203e-06
 Reference value :  6.72497e-06
 Reference value :  6.72808e-06
 Reference value :  6.73100e-06
 Reference value :  6.73397e-06
 Reference value :  6.73683e-06
 Reference value :  6.73975e-06
 Reference value :  6.74260e-06
 Reference value :  6.74543e-06
 Reference value :  6.74830e-06
 Reference value :  6.75113e-06
 Reference value :  6.75391e-06
 Reference value :  6.75691e-06
 Reference value :  6.75970e-06
 Reference value :  6.76268e-06
 Reference value :  6.76567e-06
 Reference value :  6.76848e-06
 Reference value :  6.77145e-06
 Reference value :  6.77425e-06
 Reference value :  6.77715e-06
 Reference value :  6.78005e-06
 Reference value :  6.78288e-06
 Reference value :  6.78565e-06
 Reference value :  6.78851e-06
 Reference value :  6.79130e-06
 Reference value :  6.79411e-06
 Reference value :  6.79710e-06
 Reference value :  6.80040e-06
 Reference value :  6.80328e-06
 Reference value :  6.80595e-06
 Reference value :  6.80871e-06
 Reference value :  6.81148e-06
 Reference value :  6.81425e-06
 Reference value :  6.81703e-06
 Reference value :  6.81990e-06
 Reference value :  6.82270e-06
 Reference value :  6.82547e-06
 Reference value :  6.82821e-06
 Reference value :  6.83091e-06
 Reference value :  6.83365e-06
 Reference value :  6.83655e-06
 Reference value :  6.83940e-06
 Reference value :  6.84223e-06
 Reference value :  6.84500e-06
 Reference value :  6.84780e-06
 Reference value :  6.85065e-06
 Reference value :  6.85361e-06
 Reference value :  6.85651e-06
 Reference value :  6.85921e-06
 Reference value :  6.86193e-06
 Reference value :  6.86471e-06
 Reference value :  6.86760e-06
 Reference value :  6.87045e-06
 Reference value :  6.87333e-06
 Reference value :  6.87601e-06
 Reference value :  6.87875e-06
 Reference value :  6.88151e-06
 Reference value :  6.88431e-06
 Reference value :  6.88721e-06
 Reference value :  6.89013e-06
 Reference value :  6.89300e-06
 Reference value :  6.89571e-06
 Reference value :  6.89847e-06
 Reference value :  6.90123e-06
 Reference value :  6.90400e-06
 Reference value :  6.90681e-06
 Reference value :  6.90963e-06
 Reference value :  6.91255e-06
 Reference value :  6.91550e-06
 Reference value :  6.91831e-06
 Reference value :  6.92110e-06
 Reference value :  6.92417e-06
 Reference value :  6.92705e-06
 Reference value :  6.92985e-06
 Reference value :  6.93268e-06
 Reference value :  6.93561e-06
 Reference value :  6.93840e-06
 Reference value :  6.94131e-06
 Reference value :  6.94418e-06
 Reference value :  6.94701e-06
 Reference value :  6.94980e-06
 Reference value :  6.95271e-06
 Reference value :  6.95547e-06
 Reference value :  6.95833e-06
 Reference value :  6.96117e-06
 Reference value :  6.96400e-06
 Reference value :  6.96687e-06
 Reference value :  6.96975e-06
 Reference value :  6.97251e-06
 Reference value :  6.97535e-06
 Reference value :  6.97831e-06
 Reference value :  6.98140e-06
 Reference value :  6.98418e-06
 Reference value :  6.98698e-06
 Reference value :  6.98995e-06
 Reference value :  6.99281e-06
 Reference value :  6.99561e-06
 Reference value :  6.99847e-06
 Reference value :  7.00140e-06
 Reference value :  7.00418e-06
 Reference value :  7.00705e-06
 Reference value :  7.00990e-06
 Reference value :  7.01277e-06
 Reference value :  7.01570e-06
 Reference value :  7.01868e-06
 Reference value :  7.02158e-06
 Reference value :  7.02445e-06
 Reference value :  7.02731e-06
 Reference value :  7.03007e-06
 Reference value :  7.03300e-06
 Reference value :  7.03583e-06
 Reference value :  7.03860e-06
 Reference value :  7.04135e-06
 Reference value :  7.04417e-06
 Reference value :  7.04698e-06
 Reference value :  7.04980e-06
 Reference value :  7.05288e-06
 Reference value :  7.05578e-06
 Reference value :  7.05850e-06
 Reference value :  7.06120e-06
 Reference value :  7.06410e-06
 Reference value :  7.06711e-06
 Reference value :  7.07007e-06
 Reference value :  7.07291e-06
 Reference value :  7.07570e-06
 Reference value :  7.07847e-06
 Reference value :  7.08128e-06
 Reference value :  7.08397e-06
 Reference value :  7.08690e-06
 Reference value :  7.08975e-06
 Reference value :  7.09261e-06
 Reference value :  7.09538e-06
 Reference value :  7.09808e-06
 Reference value :  7.10105e-06
 Reference value :  7.10400e-06
 Reference value :  7.10838e-06
 Reference value :  7.11127e-06
 Reference value :  7.11405e-06
 Reference value :  7.11681e-06
 Reference value :  7.11955e-06
 Reference value :  7.12245e-06
 Reference value :  7.12535e-06
 Reference value :  7.12790e-06
 Reference value :  7.13078e-06
 Reference value :  7.13347e-06
 Reference value :  7.13598e-06
 Reference value :  7.13857e-06
 Reference value :  7.14128e-06
 Reference value :  7.14397e-06
 Reference value :  7.14645e-06
 Reference value :  7.14905e-06
 Reference value :  7.15175e-06
 Reference value :  7.15441e-06
 Reference value :  7.15747e-06
 Reference value :  7.16011e-06
 Reference value :  7.16273e-06
 Reference value :  7.16533e-06
 Reference value :  7.16805e-06
 Reference value :  7.17070e-06
 Reference value :  7.17348e-06
 Reference value :  7.17607e-06
 Reference value :  7.17873e-06
 Reference value :  7.18151e-06
 Reference value :  7.18443e-06
 Reference value :  7.18718e-06
 Reference value :  7.18980e-06
 Reference value :  7.19250e-06
 Reference value :  7.19533e-06
 Reference value :  7.19810e-06
 Reference value :  7.20071e-06
 Reference value :  7.20325e-06
 Reference value :  7.20601e-06
 Reference value :  7.20877e-06
 Reference value :  7.21170e-06
 Reference value :  7.21447e-06
 Reference value :  7.21697e-06
 Reference value :  7.21963e-06
 Reference value :  7.22221e-06
 Reference value :  7.22500e-06
 Reference value :  7.22763e-06
 Reference value :  7.23013e-06
 Reference value :  7.23285e-06
 Reference value :  7.23543e-06
 Reference value :  7.23828e-06
 Reference value :  7.24088e-06
 Reference value :  7.24341e-06
 Reference value :  7.24628e-06
 Reference value :  7.24885e-06
 Reference value :  7.25158e-06
 Reference value :  7.25430e-06
 Reference value :  7.25695e-06
 Reference value :  7.25957e-06
 Reference value :  7.26223e-06
 Reference value :  7.26480e-06
 Reference value :  7.26747e-06
 Reference value :  7.27001e-06
 Reference value :  7.27251e-06
 Reference value :  7.27510e-06
 Reference value :  7.27765e-06
 Reference value :  7.28038e-06
 Reference value :  7.28295e-06
 Reference value :  7.28567e-06
 Reference value :  7.28833e-06
 Reference value :  7.29083e-06
 Reference value :  7.29341e-06
 Reference value :  7.29601e-06
 Reference value :  7.29861e-06
 Reference value :  7.30121e-06
 Reference value :  7.30395e-06
 Reference value :  7.30640e-06
 Reference value :  7.30897e-06
 Reference value :  7.31163e-06
 Reference value :  7.31421e-06
 Reference value :  7.31688e-06
 Reference value :  7.31940e-06
 Reference value :  7.32197e-06
 Reference value :  7.32463e-06
 Reference value :  7.32730e-06
 Reference value :  7.32997e-06
 Reference value :  7.33278e-06
 Reference value :  7.33550e-06
 Reference value :  7.33831e-06
 Reference value :  7.34100e-06
 Reference value :  7.34361e-06
 Reference value :  7.34631e-06
 Reference value :  7.34908e-06
 Reference value :  7.35190e-06
 Reference value :  7.35467e-06
 Reference value :  7.35735e-06
 Reference value :  7.36018e-06
 Reference value :  7.36277e-06
 Reference value :  7.36550e-06
 Reference value :  7.36818e-06
 Reference value :  7.37090e-06
 Reference value :  7.37361e-06
 Reference value :  7.37633e-06
 Reference value :  7.37890e-06
 Reference value :  7.38158e-06
 Reference value :  7.38411e-06
 Reference value :  7.38677e-06
 Reference value :  7.38937e-06
 Reference value :  7.39188e-06
 Reference value :  7.39447e-06
 Reference value :  7.39720e-06
 Reference value :  7.39981e-06
 Reference value :  7.40248e-06
 Reference value :  7.40517e-06
 Reference value :  7.40777e-06
 Reference value :  7.41043e-06
 Reference value :  7.41310e-06
 Reference value :  7.41575e-06
 Reference value :  7.41850e-06
 Reference value :  7.42118e-06
 Reference value :  7.42387e-06
 Reference value :  7.42660e-06
 Reference value :  7.42928e-06
 Reference value :  7.43195e-06
 Reference value :  7.43457e-06
 Reference value :  7.43720e-06
 Reference value :  7.43990e-06
 Reference value :  7.44255e-06
 Reference value :  7.44515e-06
 Reference value :  7.44791e-06
 Reference value :  7.45058e-06
 Reference value :  7.45311e-06
 Reference value :  7.45577e-06
 Reference value :  7.45831e-06
 Reference value :  7.46097e-06
 Reference value :  7.46367e-06
 Reference value :  7.46635e-06
 Reference value :  7.46897e-06
 Reference value :  7.47150e-06
 Reference value :  7.47408e-06
 Reference value :  7.47673e-06
 Reference value :  7.47928e-06
 Reference value :  7.48197e-06
 Reference value :  7.48470e-06
 Reference value :  7.48733e-06
 Reference value :  7.49000e-06
 Reference value :  7.49265e-06
 Reference value :  7.49517e-06
 Reference value :  7.49783e-06
 Reference value :  7.50041e-06
 Reference value :  7.50317e-06
 Reference value :  7.50585e-06
 Reference value :  7.50847e-06
 Reference value :  7.51128e-06
 Reference value :  7.51391e-06
 Reference value :  7.51655e-06
 Reference value :  7.51941e-06
 Reference value :  7.52208e-06
 Reference value :  7.52485e-06
 Reference value :  7.52763e-06
 Reference value :  7.53020e-06
 Reference value :  7.53277e-06
 Reference value :  7.53530e-06
 Reference value :  7.53817e-06
 Reference value :  7.54081e-06
 Reference value :  7.54347e-06
 Reference value :  7.54615e-06
 Reference value :  7.54887e-06
 Reference value :  7.55161e-06
 Reference value :  7.55425e-06
 Reference value :  7.55691e-06
 Reference value :  7.55950e-06
 Reference value :  7.56220e-06
 Reference value :  7.56485e-06
 Reference value :  7.56748e-06
 Reference value :  7.57031e-06
 Reference value :  7.57287e-06
 Reference value :  7.57567e-06
 Reference value :  7.57840e-06
 Reference value :  7.58100e-06
 Reference value :  7.58375e-06
 Reference value :  7.58635e-06
 Reference value :  7.58895e-06
 Reference value :  7.59161e-06
 Reference value :  7.59425e-06
 Reference value :  7.59691e-06
 Reference value :  7.59957e-06
 Reference value :  7.60213e-06
 Reference value :  7.60490e-06
 Reference value :  7.60751e-06
 Reference value :  7.61048e-06
 Reference value :  7.61333e-06
 Reference value :  7.61600e-06
 Reference value :  7.61871e-06
 Reference value :  7.62137e-06
 Reference value :  7.62397e-06
 Reference value :  7.62675e-06
 Reference value :  7.62941e-06
 Reference value :  7.63207e-06
 Reference value :  7.63471e-06
 Reference value :  7.63738e-06
 Reference value :  7.63998e-06
 Reference value :  7.64258e-06
 Reference value :  7.64520e-06
 Reference value :  7.64790e-06
 Reference value :  7.65060e-06
 Reference value :  7.65328e-06
 Reference value :  7.65588e-06
 Reference value :  7.65858e-06
 Reference value :  7.66118e-06
 Reference value :  7.66393e-06
 Reference value :  7.66670e-06
 Reference value :  7.66930e-06
 Reference value :  7.67200e-06
 Reference value :  7.67463e-06
 Reference value :  7.67741e-06
 Reference value :  7.68011e-06
 Reference value :  7.68270e-06
 Reference value :  7.68543e-06
 Reference value :  7.68805e-06
 Reference value :  7.69071e-06
 Reference value :  7.69350e-06
 Reference value :  7.69613e-06
 Reference value :  7.69885e-06
 Reference value :  7.70143e-06
 Reference value :  7.70401e-06
 Reference value :  7.70678e-06
 Reference value :  7.70941e-06
 Reference value :  7.71207e-06
 Reference value :  7.71477e-06
 Reference value :  7.71750e-06
 Reference value :  7.72018e-06
 Reference value :  7.72283e-06
 Reference value :  7.72583e-06
 Reference value :  7.72857e-06
 Reference value :  7.73123e-06
 Reference value :  7.73413e-06
 Reference value :  7.73681e-06
 Reference value :  7.73951e-06
 Reference value :  7.74237e-06
 Reference value :  7.74500e-06
 Reference value :  7.74775e-06
 Reference value :  7.75057e-06
 Reference value :  7.75323e-06
 Reference value :  7.75580e-06
 Reference value :  7.75868e-06
 Reference value :  7.76155e-06
 Reference value :  7.76448e-06
 Reference value :  7.76741e-06
 Reference value :  7.77031e-06
 Reference value :  7.77297e-06
 Reference value :  7.77550e-06
 Reference value :  7.77827e-06
 Reference value :  7.78081e-06
 Reference value :  7.78377e-06
 Reference value :  7.78671e-06
 Reference value :  7.78943e-06
 Reference value :  7.79211e-06
 Reference value :  7.79483e-06
 Reference value :  7.79747e-06
 Reference value :  7.80048e-06
 Reference value :  7.80351e-06
 Reference value :  7.80620e-06
 Reference value :  7.80890e-06
 Reference value :  7.81151e-06
 Reference value :  7.81437e-06
 Reference value :  7.81707e-06
 Reference value :  7.81967e-06
 Reference value :  7.82240e-06
 Reference value :  7.82488e-06
 Reference value :  7.82745e-06
 Reference value :  7.83013e-06
 Reference value :  7.83280e-06
 Reference value :  7.83531e-06
 Reference value :  7.83778e-06
 Reference value :  7.84050e-06
 Reference value :  7.84313e-06
 Reference value :  7.84575e-06
 Reference value :  7.84828e-06
 Reference value :  7.85090e-06
 Reference value :  7.85355e-06
 Reference value :  7.85617e-06
 Reference value :  7.85873e-06
 Reference value :  7.86148e-06
 Reference value :  7.86403e-06
 Reference value :  7.86685e-06
 Reference value :  7.86950e-06
 Reference value :  7.87211e-06
 Reference value :  7.87468e-06
 Reference value :  7.87737e-06
 Reference value :  7.88010e-06
 Reference value :  7.88281e-06
 Reference value :  7.88537e-06
 Reference value :  7.88781e-06
 Reference value :  7.89033e-06
 Reference value :  7.89301e-06
 Reference value :  7.89560e-06
 Reference value :  7.89810e-06
 Reference value :  7.90080e-06
 Reference value :  7.90338e-06
 Reference value :  7.90591e-06
 Reference value :  7.90851e-06
 Reference value :  7.91100e-06
 Reference value :  7.91430e-06
 Reference value :  7.91700e-06
 Reference value :  7.91955e-06
 Reference value :  7.92205e-06
 Reference value :  7.92460e-06
 Reference value :  7.92715e-06
 Reference value :  7.92990e-06
 Reference value :  7.93263e-06
 Reference value :  7.93518e-06
 Reference value :  7.93777e-06
 Reference value :  7.94041e-06
 Reference value :  7.94313e-06
 Reference value :  7.94578e-06
 Reference value :  7.94830e-06
 Reference value :  7.95117e-06
 Reference value :  7.95367e-06
 Reference value :  7.95627e-06
 Reference value :  7.95883e-06
 Reference value :  7.96145e-06
 Reference value :  7.96410e-06
 Reference value :  7.96671e-06
 Reference value :  7.96930e-06
 Reference value :  7.97195e-06
 Reference value :  7.97455e-06
 Reference value :  7.97701e-06
 Reference value :  7.97965e-06
 Reference value :  7.98215e-06
 Reference value :  7.98467e-06
 Reference value :  7.98738e-06
 Reference value :  7.98993e-06
 Reference value :  7.99243e-06
 Reference value :  7.99498e-06
 Reference value :  7.99755e-06
 Reference value :  8.00028e-06
 Reference value :  8.00283e-06
 Reference value :  8.00548e-06
 Reference value :  8.00811e-06
 Reference value :  8.01060e-06
 Reference value :  8.01310e-06
 Reference value :  8.01563e-06
 Reference value :  8.01823e-06
 Reference value :  8.02077e-06
 Reference value :  8.02345e-06
 Reference value :  8.02601e-06
 Reference value :  8.02861e-06
 Reference value :  8.03130e-06
 Reference value :  8.03385e-06
 Reference value :  8.03650e-06
 Reference value :  8.03910e-06
 Reference value :  8.04175e-06
 Reference value :  8.04440e-06
 Reference value :  8.04701e-06
 Reference value :  8.04967e-06
 Reference value :  8.05223e-06
 Reference value :  8.05470e-06
 Reference value :  8.05747e-06
 Reference value :  8.06015e-06
 Reference value :  8.06277e-06
 Reference value :  8.06527e-06
 Reference value :  8.06781e-06
 Reference value :  8.07050e-06
 Reference value :  8.07311e-06
 Reference value :  8.07577e-06
 Reference value :  8.07841e-06
 Reference value :  8.08095e-06
 Reference value :  8.08363e-06
 Reference value :  8.08623e-06
 Reference value :  8.08885e-06
 Reference value :  8.09141e-06
 Reference value :  8.09411e-06
 Reference value :  8.09697e-06
 Reference value :  8.09951e-06
 Reference value :  8.10201e-06
 Reference value :  8.10465e-06
 Reference value :  8.10725e-06
 Reference value :  8.10987e-06
 Reference value :  8.11255e-06
 Reference value :  8.11513e-06
 Reference value :  8.11771e-06
 Reference value :  8.12038e-06
 Reference value :  8.12297e-06
 Reference value :  8.12551e-06
 Reference value :  8.12817e-06
 Reference value :  8.13085e-06
 Reference value :  8.13350e-06
 Reference value :  8.13613e-06
 Reference value :  8.13857e-06
 Reference value :  8.14110e-06
 Reference value :  8.14367e-06
 Reference value :  8.14630e-06
 Reference value :  8.14895e-06
 Reference value :  8.15168e-06
 Reference value :  8.15427e-06
 Reference value :  8.15673e-06
 Reference value :  8.15918e-06
 Reference value :  8.16171e-06
 Reference value :  8.16420e-06
 Reference value :  8.16677e-06
 Reference value :  8.16947e-06
 Reference value :  8.17201e-06
 Reference value :  8.17458e-06
 Reference value :  8.17710e-06
 Reference value :  8.17960e-06
 Reference value :  8.18218e-06
 Reference value :  8.18468e-06
 Reference value :  8.18735e-06
 Reference value :  8.19000e-06
 Reference value :  8.19263e-06
 Reference value :  8.19530e-06
 Reference value :  8.19781e-06
 Reference value :  8.20053e-06
 Reference value :  8.20330e-06
 Reference value :  8.20590e-06
 Reference value :  8.20853e-06
 Reference value :  8.21117e-06
 Reference value :  8.21381e-06
 Reference value :  8.21640e-06
 Reference value :  8.21903e-06
 Reference value :  8.22170e-06
 Reference value :  8.22430e-06
 Reference value :  8.22681e-06
 Reference value :  8.22951e-06
 Reference value :  8.23213e-06
 Reference value :  8.23463e-06
 Reference value :  8.23731e-06
 Reference value :  8.24017e-06
 Reference value :  8.24283e-06
 Reference value :  8.24553e-06
 Reference value :  8.24830e-06
 Reference value :  8.25080e-06
 Reference value :  8.25358e-06
 Reference value :  8.25611e-06
 Reference value :  8.25900e-06
 Reference value :  8.26180e-06
 Reference value :  8.26465e-06
 Reference value :  8.26745e-06
 Reference value :  8.27010e-06
 Reference value :  8.27268e-06
 Reference value :  8.27545e-06
 Reference value :  8.27813e-06
 Reference value :  8.28071e-06
 Reference value :  8.28351e-06
 Reference value :  8.28621e-06
 Reference value :  8.28891e-06
 Reference value :  8.29165e-06
 Reference value :  8.29425e-06
 Reference value :  8.29687e-06
 Reference value :  8.29948e-06
 Reference value :  8.30201e-06
 Reference value :  8.30463e-06
 Reference value :  8.30710e-06
 Reference value :  8.30988e-06
 Reference value :  8.31257e-06
 Reference value :  8.31525e-06
 Reference value :  8.31788e-06
 Reference value :  8.32050e-06
 Reference value :  8.32330e-06
 Reference value :  8.32628e-06
 Reference value :  8.32900e-06
 Reference value :  8.33190e-06
 Reference value :  8.33450e-06
 Reference value :  8.33717e-06
 Reference value :  8.34003e-06
 Reference value :  8.34275e-06
 Reference value :  8.34550e-06
 Reference value :  8.34811e-06
 Reference value :  8.35091e-06
 Reference value :  8.35361e-06
 Reference value :  8.35618e-06
 Reference value :  8.35883e-06
 Reference value :  8.36157e-06
 Reference value :  8.36407e-06
 Reference value :  8.36685e-06
 Reference value :  8.36950e-06
 Reference value :  8.37220e-06
 Reference value :  8.37490e-06
 Reference value :  8.37765e-06
 Reference value :  8.38035e-06
 Reference value :  8.38310e-06
 Reference value :  8.38575e-06
 Reference value :  8.38841e-06
 Reference value :  8.39100e-06
 Reference value :  8.39358e-06
 Reference value :  8.39621e-06
 Reference value :  8.39887e-06
 Reference value :  8.40157e-06
 Reference value :  8.40433e-06
 Reference value :  8.40701e-06
 Reference value :  8.40971e-06
 Reference value :  8.41231e-06
 Reference value :  8.41485e-06
 Reference value :  8.41770e-06
 Reference value :  8.42040e-06
 Reference value :  8.42305e-06
 Reference value :  8.42603e-06
 Reference value :  8.42865e-06
 Reference value :  8.43137e-06
 Reference value :  8.43403e-06
 Reference value :  8.43661e-06
 Reference value :  8.43940e-06
 Reference value :  8.44208e-06
 Reference value :  8.44467e-06
 Reference value :  8.44740e-06
 Reference value :  8.45010e-06
 Reference value :  8.45278e-06
 Reference value :  8.45555e-06
 Reference value :  8.45827e-06
 Reference value :  8.46107e-06
 Reference value :  8.46371e-06
 Reference value :  8.46641e-06
 Reference value :  8.46913e-06
 Reference value :  8.47181e-06
 Reference value :  8.47445e-06
 Reference value :  8.47710e-06
 Reference value :  8.47988e-06
 Reference value :  8.48258e-06
 Reference value :  8.48537e-06
 Reference value :  8.48797e-06
 Reference value :  8.49070e-06
 Reference value :  8.49341e-06
 Reference value :  8.49600e-06
 Reference value :  8.49867e-06
 Reference value :  8.50133e-06
 Reference value :  8.50411e-06
 Reference value :  8.50680e-06
 Reference value :  8.50941e-06
 Reference value :  8.51210e-06
 Reference value :  8.51471e-06
 Reference value :  8.51751e-06
 Reference value :  8.52011e-06
 Reference value :  8.52270e-06
 Reference value :  8.52535e-06
 Reference value :  8.52790e-06
 Reference value :  8.53057e-06
 Reference value :  8.53318e-06
 Reference value :  8.53583e-06
 Reference value :  8.53850e-06
 Reference value :  8.54121e-06
 Reference value :  8.54378e-06
 Reference value :  8.54643e-06
 Reference value :  8.54920e-06
 Reference value :  8.55187e-06
 Reference value :  8.55448e-06
 Reference value :  8.55717e-06
 Reference value :  8.55977e-06
 Reference value :  8.56250e-06
 Reference value :  8.56525e-06
 Reference value :  8.56787e-06
 Reference value :  8.57051e-06
 Reference value :  8.57310e-06
 Reference value :  8.57568e-06
 Reference value :  8.57833e-06
 Reference value :  8.58107e-06
 Reference value :  8.58368e-06
 Reference value :  8.58635e-06
 Reference value :  8.58891e-06
 Reference value :  8.59167e-06
 Reference value :  8.59437e-06
 Reference value :  8.59701e-06
 Reference value :  8.59978e-06
 Reference value :  8.60235e-06
 Reference value :  8.60503e-06
 Reference value :  8.60761e-06
 Reference value :  8.61020e-06
 Reference value :  8.61288e-06
 Reference value :  8.61558e-06
 Reference value :  8.61830e-06
 Reference value :  8.62121e-06
 Reference value :  8.62381e-06
 Reference value :  8.62648e-06
 Reference value :  8.62915e-06
 Reference value :  8.63171e-06
 Reference value :  8.63440e-06
 Reference value :  8.63710e-06
 Reference value :  8.63981e-06
 Reference value :  8.64250e-06
 Reference value :  8.64510e-06
 Reference value :  8.64787e-06
 Reference value :  8.65053e-06
 Reference value :  8.65321e-06
 Reference value :  8.65581e-06
 Reference value :  8.65857e-06
 Reference value :  8.66118e-06
 Reference value :  8.66385e-06
 Reference value :  8.66655e-06
 Reference value :  8.66918e-06
 Reference value :  8.67191e-06
 Reference value :  8.67460e-06
 Reference value :  8.67727e-06
 Reference value :  8.67993e-06
 Reference value :  8.68263e-06
 Reference value :  8.68521e-06
 Reference value :  8.68791e-06
 Reference value :  8.69081e-06
 Reference value :  8.69353e-06
 Reference value :  8.69623e-06
 Reference value :  8.69890e-06
 Reference value :  8.70150e-06
 Reference value :  8.70408e-06
 Reference value :  8.70683e-06
 Reference value :  8.70950e-06
 Reference value :  8.71223e-06
 Reference value :  8.71481e-06
 Reference value :  8.71761e-06
 Reference value :  8.72030e-06
 Reference value :  8.72298e-06
 Reference value :  8.72567e-06
 Reference value :  8.72841e-06
 Reference value :  8.73098e-06
 Reference value :  8.73367e-06
 Reference value :  8.73648e-06
 Reference value :  8.73915e-06
 Reference value :  8.74188e-06
 Reference value :  8.74463e-06
 Reference value :  8.74737e-06
 Reference value :  8.75008e-06
 Reference value :  8.75267e-06
 Reference value :  8.75530e-06
 Reference value :  8.75781e-06
 Reference value :  8.76048e-06
 Reference value :  8.76317e-06
 Reference value :  8.76583e-06
 Reference value :  8.76861e-06
 Reference value :  8.77131e-06
 Reference value :  8.77391e-06
 Reference value :  8.77677e-06
 Reference value :  8.77960e-06
 Reference value :  8.78220e-06
 Reference value :  8.78483e-06
 Reference value :  8.78761e-06
 Reference value :  8.79040e-06
 Reference value :  8.79325e-06
 Reference value :  8.79607e-06
 Reference value :  8.79877e-06
 Reference value :  8.80141e-06
 Reference value :  8.80411e-06
 Reference value :  8.80690e-06
 Reference value :  8.80961e-06
 Reference value :  8.81251e-06
 Reference value :  8.81527e-06
 Reference value :  8.81783e-06
 Reference value :  8.82050e-06
 Reference value :  8.82325e-06
 Reference value :  8.82605e-06
 Reference value :  8.82880e-06
 Reference value :  8.83147e-06
 Reference value :  8.83438e-06
 Reference value :  8.83711e-06
 Reference value :  8.83971e-06
 Reference value :  8.84223e-06
 Reference value :  8.84485e-06
 Reference value :  8.84743e-06
 Reference value :  8.85017e-06
 Reference value :  8.85293e-06
 Reference value :  8.85555e-06
 Reference value :  8.85820e-06
 Reference value :  8.86081e-06
 Reference value :  8.86333e-06
 Reference value :  8.86593e-06
 Reference value :  8.86850e-06
 Reference value :  8.87121e-06
 Reference value :  8.87381e-06
 Reference value :  8.87645e-06
 Reference value :  8.87893e-06
 Reference value :  8.88160e-06
 Reference value :  8.88428e-06
 Reference value :  8.88691e-06
 Reference value :  8.88970e-06
 Reference value :  8.89225e-06
 Reference value :  8.89481e-06
 Reference value :  8.89738e-06
 Reference value :  8.90000e-06
 Reference value :  8.90287e-06
 Reference value :  8.90580e-06
 Reference value :  8.90848e-06
 Reference value :  8.91118e-06
 Reference value :  8.91368e-06
 Reference value :  8.91630e-06
 Reference value :  8.91890e-06
 Reference value :  8.92178e-06
 Reference value :  8.92445e-06
 Reference value :  8.92708e-06
 Reference value :  8.92971e-06
 Reference value :  8.93231e-06
 Reference value :  8.93508e-06
 Reference value :  8.93763e-06
 Reference value :  8.94048e-06
 Reference value :  8.94320e-06
 Reference value :  8.94583e-06
 Reference value :  8.94840e-06
 Reference value :  8.95101e-06
 Reference value :  8.95358e-06
 Reference value :  8.95628e-06
 Reference value :  8.95918e-06
 Reference value :  8.96181e-06
 Reference value :  8.96453e-06
 Reference value :  8.96710e-06
 Reference value :  8.96978e-06
 Reference value :  8.97238e-06
 Reference value :  8.97505e-06
 Reference value :  8.97765e-06
 Reference value :  8.98037e-06
 Reference value :  8.98293e-06
 Reference value :  8.98557e-06
 Reference value :  8.98827e-06
 Reference value :  8.99088e-06
 Reference value :  8.99368e-06
 Reference value :  8.99635e-06
 Reference value :  8.99890e-06
 Reference value :  9.00140e-06
 Reference value :  9.00407e-06
 Reference value :  9.00671e-06
 Reference value :  9.00941e-06
 Reference value :  9.01207e-06
 Reference value :  9.01480e-06
 Reference value :  9.01745e-06
 Reference value :  9.02010e-06
 Reference value :  9.02275e-06
 Reference value :  9.02525e-06
 Reference value :  9.02787e-06
 Reference value :  9.03067e-06
 Reference value :  9.03321e-06
 Reference value :  9.03587e-06
 Reference value :  9.03838e-06
 Reference value :  9.04101e-06
 Reference value :  9.04350e-06
 Reference value :  9.04608e-06
 Reference value :  9.04875e-06
 Reference value :  9.05130e-06
 Reference value :  9.05398e-06
 Reference value :  9.05648e-06
 Reference value :  9.05921e-06
 Reference value :  9.06185e-06
 Reference value :  9.06450e-06
 Reference value :  9.06737e-06
 Reference value :  9.06991e-06
 Reference value :  9.07253e-06
 Reference value :  9.07510e-06
 Reference value :  9.07768e-06
 Reference value :  9.08043e-06
 Reference value :  9.08305e-06
 Reference value :  9.08563e-06
 Reference value :  9.08820e-06
 Reference value :  9.09065e-06
 Reference value :  9.09320e-06
 Reference value :  9.09591e-06
 Reference value :  9.09860e-06
 Reference value :  9.10127e-06
 Reference value :  9.10407e-06
 Reference value :  9.10660e-06
 Reference value :  9.10930e-06
 Reference value :  9.11193e-06
 Reference value :  9.11458e-06
 Reference value :  9.11721e-06
 Reference value :  9.11988e-06
 Reference value :  9.12250e-06
 Reference value :  9.12525e-06
 Reference value :  9.12780e-06
 Reference value :  9.13031e-06
 Reference value :  9.13297e-06
 Reference value :  9.13561e-06
 Reference value :  9.13840e-06
 Reference value :  9.14115e-06
 Reference value :  9.14373e-06
 Reference value :  9.14641e-06
 Reference value :  9.14900e-06
 Reference value :  9.15167e-06
 Reference value :  9.15427e-06
 Reference value :  9.15691e-06
 Reference value :  9.15958e-06
 Reference value :  9.16220e-06
 Reference value :  9.16487e-06
 Reference value :  9.16750e-06
 Reference value :  9.17000e-06
 Reference value :  9.17277e-06
 Reference value :  9.17538e-06
 Reference value :  9.17807e-06
 Reference value :  9.18061e-06
 Reference value :  9.18311e-06
 Reference value :  9.18567e-06
 Reference value :  9.18840e-06
 Reference value :  9.19091e-06
 Reference value :  9.19370e-06
 Reference value :  9.19637e-06
 Reference value :  9.19895e-06
 Reference value :  9.20157e-06
 Reference value :  9.20415e-06
 Reference value :  9.20667e-06
 Reference value :  9.20940e-06
 Reference value :  9.21207e-06
 Reference value :  9.21461e-06
 Reference value :  9.21721e-06
 Reference value :  9.21980e-06
 Reference value :  9.22238e-06
 Reference value :  9.22501e-06
 Reference value :  9.22777e-06
 Reference value :  9.23040e-06
 Reference value :  9.23291e-06
 Reference value :  9.23555e-06
 Reference value :  9.23807e-06
 Reference value :  9.24055e-06
 Reference value :  9.24327e-06
 Reference value :  9.24605e-06
 Reference value :  9.24865e-06
 Reference value :  9.25120e-06
 Reference value :  9.25375e-06
 Reference value :  9.25637e-06
 Reference value :  9.25898e-06
 Reference value :  9.26148e-06
 Reference value :  9.26421e-06
 Reference value :  9.26681e-06
 Reference value :  9.26945e-06
 Reference value :  9.27201e-06
 Reference value :  9.27460e-06
 Reference value :  9.27711e-06
 Reference value :  9.27971e-06
 Reference value :  9.28243e-06
 Reference value :  9.28501e-06
 Reference value :  9.28758e-06
 Reference value :  9.29018e-06
 Reference value :  9.29271e-06
 Reference value :  9.29543e-06
 Reference value :  9.29835e-06
 Reference value :  9.30103e-06
 Reference value :  9.30365e-06
 Reference value :  9.30638e-06
 Reference value :  9.30891e-06
 Reference value :  9.31165e-06
 Reference value :  9.31440e-06
 Reference value :  9.31737e-06
 Reference value :  9.32005e-06
 Reference value :  9.32285e-06
 Reference value :  9.32553e-06
 Reference value :  9.32821e-06
 Reference value :  9.33091e-06
 Reference value :  9.33377e-06
 Reference value :  9.33645e-06
 Reference value :  9.33951e-06
 Reference value :  9.34243e-06
 Reference value :  9.34508e-06
 Reference value :  9.34790e-06
 Reference value :  9.35053e-06
 Reference value :  9.35328e-06
 Reference value :  9.35591e-06
 Reference value :  9.35853e-06
 Reference value :  9.36121e-06
 Reference value :  9.36393e-06
 Reference value :  9.36670e-06
 Reference value :  9.36945e-06
 Reference value :  9.37231e-06
 Reference value :  9.37508e-06
 Reference value :  9.37771e-06
 Reference value :  9.38055e-06
 Reference value :  9.38323e-06
 Reference value :  9.38605e-06
 Reference value :  9.38891e-06
 Reference value :  9.39165e-06
 Reference value :  9.39430e-06
 Reference value :  9.39710e-06
 Reference value :  9.39977e-06
 Reference value :  9.40243e-06
 Reference value :  9.40505e-06
 Reference value :  9.40755e-06
 Reference value :  9.41010e-06
 Reference value :  9.41270e-06
 Reference value :  9.41543e-06
 Reference value :  9.41808e-06
 Reference value :  9.42065e-06
 Reference value :  9.42333e-06
 Reference value :  9.42620e-06
 Reference value :  9.42890e-06
 Reference value :  9.43160e-06
 Reference value :  9.43427e-06
 Reference value :  9.43671e-06
 Reference value :  9.43950e-06
 Reference value :  9.44211e-06
 Reference value :  9.44485e-06
 Reference value :  9.44768e-06
 Reference value :  9.45027e-06
 Reference value :  9.45285e-06
 Reference value :  9.45550e-06
 Reference value :  9.45818e-06
 Reference value :  9.46097e-06
 Reference value :  9.46355e-06
 Reference value :  9.46625e-06
 Reference value :  9.46883e-06
 Reference value :  9.47155e-06
 Reference value :  9.47450e-06
 Reference value :  9.47740e-06
 Reference value :  9.48030e-06
 Reference value :  9.48328e-06
 Reference value :  9.48620e-06
 Reference value :  9.48918e-06
 Reference value :  9.49200e-06
 Reference value :  9.49490e-06
 Reference value :  9.49785e-06
 Reference value :  9.50071e-06
 Reference value :  9.50368e-06
 Reference value :  9.50640e-06
 Reference value :  9.50920e-06
 Reference value :  9.51201e-06
 Reference value :  9.51491e-06
 Reference value :  9.51775e-06
 Reference value :  9.52063e-06
 Reference value :  9.52341e-06
 Reference value :  9.52628e-06
 Reference value :  9.52920e-06
 Reference value :  9.53221e-06
 Reference value :  9.53513e-06
 Reference value :  9.53790e-06
 Reference value :  9.54091e-06
 Reference value :  9.54378e-06
 Reference value :  9.54667e-06
 Reference value :  9.54958e-06
 Reference value :  9.55237e-06
 Reference value :  9.55521e-06
 Reference value :  9.55801e-06
 Reference value :  9.56097e-06
 Reference value :  9.56397e-06
 Reference value :  9.56683e-06
 Reference value :  9.56983e-06
 Reference value :  9.57268e-06
 Reference value :  9.57560e-06
 Reference value :  9.57857e-06
 Reference value :  9.58265e-06
 Reference value :  9.58713e-06
 Reference value :  9.59171e-06
 Reference value :  9.59563e-06
 Reference value :  9.59861e-06
 Reference value :  9.60147e-06
 Reference value :  9.60431e-06
 Reference value :  9.60723e-06
 Reference value :  9.61010e-06
 Reference value :  9.61291e-06
 Reference value :  9.61571e-06
 Reference value :  9.61858e-06
 Reference value :  9.62137e-06
 Reference value :  9.62418e-06
 Reference value :  9.62720e-06
 Reference value :  9.63005e-06
 Reference value :  9.63300e-06
 Reference value :  9.63577e-06
 Reference value :  9.63851e-06
 Reference value :  9.64137e-06
 Reference value :  9.64418e-06
 Reference value :  9.64705e-06
 Reference value :  9.64991e-06
 Reference value :  9.65271e-06
 Reference value :  9.65555e-06
 Reference value :  9.65835e-06
 Reference value :  9.66115e-06
 Reference value :  9.66407e-06
 Reference value :  9.66695e-06
 Reference value :  9.67007e-06
 Reference value :  9.67285e-06
 Reference value :  9.67570e-06
 Reference value :  9.67870e-06
 Reference value :  9.68150e-06
 Reference value :  9.68438e-06
 Reference value :  9.68720e-06
 Reference value :  9.69017e-06
 Reference value :  9.69308e-06
 Reference value :  9.69595e-06
 Reference value :  9.69883e-06
 Reference value :  9.70171e-06
 Reference value :  9.70450e-06
 Reference value :  9.70737e-06
 Reference value :  9.71017e-06
 Reference value :  9.71321e-06
 Reference value :  9.71610e-06
 Reference value :  9.71907e-06
 Reference value :  9.72180e-06
 Reference value :  9.72468e-06
 Reference value :  9.72771e-06
 Reference value :  9.73047e-06
 Reference value :  9.73331e-06
 Reference value :  9.73615e-06
 Reference value :  9.73903e-06
 Reference value :  9.74190e-06
 Reference value :  9.74468e-06
 Reference value :  9.74763e-06
 Reference value :  9.75053e-06
 Reference value :  9.75331e-06
 Reference value :  9.75630e-06
 Reference value :  9.75910e-06
 Reference value :  9.76190e-06
 Reference value :  9.76475e-06
 Reference value :  9.76763e-06
 Reference value :  9.77047e-06
 Reference value :  9.77328e-06
 Reference value :  9.77620e-06
 Reference value :  9.77910e-06
 Reference value :  9.78197e-06
 Reference value :  9.78475e-06
 Reference value :  9.78761e-06
 Reference value :  9.79038e-06
 Reference value :  9.79330e-06
 Reference value :  9.79608e-06
 Reference value :  9.79891e-06
 Reference value :  9.80181e-06
 Reference value :  9.80465e-06
 Reference value :  9.80743e-06
 Reference value :  9.81023e-06
 Reference value :  9.81297e-06
 Reference value :  9.81565e-06
 Reference value :  9.81850e-06
 Reference value :  9.82148e-06
 Reference value :  9.82438e-06
 Reference value :  9.82720e-06
 Reference value :  9.83000e-06
 Reference value :  9.83277e-06
 Reference value :  9.83570e-06
 Reference value :  9.83853e-06
 Reference value :  9.84130e-06
 Reference value :  9.84417e-06
 Reference value :  9.84700e-06
 Reference value :  9.84978e-06
 Reference value :  9.85250e-06
 Reference value :  9.85541e-06
 Reference value :  9.85835e-06
 Reference value :  9.86118e-06
 Reference value :  9.86400e-06
 Reference value :  9.86670e-06
 Reference value :  9.86945e-06
 Reference value :  9.87228e-06
 Reference value :  9.87511e-06
 Reference value :  9.87793e-06
 Reference value :  9.88080e-06
 Reference value :  9.88360e-06
 Reference value :  9.88650e-06
 Reference value :  9.88918e-06
 Reference value :  9.89201e-06
 Reference value :  9.89488e-06
 Reference value :  9.89763e-06
 Reference value :  9.90043e-06
 Reference value :  9.90328e-06
 Reference value :  9.90611e-06
 Reference value :  9.90885e-06
 Reference value :  9.91165e-06
 Reference value :  9.91453e-06
 Reference value :  9.91735e-06
 Reference value :  9.92020e-06
 Reference value :  9.92298e-06
 Reference value :  9.92575e-06
 Reference value :  9.92867e-06
 Reference value :  9.93157e-06
 Reference value :  9.93448e-06
 Reference value :  9.93723e-06
 Reference value :  9.94013e-06
 Reference value :  9.94295e-06
 Reference value :  9.94571e-06
 Reference value :  9.94847e-06
 Reference value :  9.95133e-06
 Reference value :  9.95421e-06
 Reference value :  9.95700e-06
 Reference value :  9.95990e-06
 Reference value :  9.96273e-06
 Reference value :  9.96570e-06
 Reference value :  9.96851e-06
 Reference value :  9.97123e-06
 Reference value :  9.97401e-06
 Reference value :  9.97670e-06
 Reference value :  9.97960e-06
 Reference value :  9.98237e-06
 Reference value :  9.98540e-06
 Reference value :  9.98811e-06
 Reference value :  9.99080e-06
 Reference value :  9.99365e-06
 Reference value :  9.99641e-06
 Reference value :  9.99923e-06
 Reference value :  1.00021e-05
 Reference value :  1.00050e-05
 Reference value :  1.00079e-05
 Reference value :  1.00107e-05
 Reference value :  1.00134e-05
 Reference value :  1.00162e-05
 Reference value :  1.00190e-05
 Reference value :  1.00220e-05
 Reference value :  1.00247e-05
 Reference value :  1.00276e-05
 Reference value :  1.00304e-05
 Reference value :  1.00332e-05
 Reference value :  1.00361e-05
 Reference value :  1.00389e-05
 Reference value :  1.00418e-05
 Reference value :  1.00446e-05
 Reference value :  1.00474e-05
 Reference value :  1.00502e-05
 Reference value :  1.00531e-05
 Reference value :  1.00561e-05
 Reference value :  1.00589e-05
 Reference value :  1.00618e-05
 Reference value :  1.00646e-05
 Reference value :  1.00674e-05
 Reference value :  1.00703e-05
 Reference value :  1.00732e-05
 Reference value :  1.00761e-05
 Reference value :  1.00790e-05
 Reference value :  1.00817e-05
 Reference value :  1.00844e-05
 Reference value :  1.00872e-05
 Reference value :  1.00902e-05
 Reference value :  1.00932e-05
 Reference value :  1.00960e-05
 Reference value :  1.00988e-05
 Reference value :  1.01015e-05
 Reference value :  1.01044e-05
 Reference value :  1.01074e-05
 Reference value :  1.01105e-05
 Reference value :  1.01136e-05
 Reference value :  1.01167e-05
 Reference value :  1.01194e-05
 Reference value :  1.01226e-05
 Reference value :  1.01254e-05
 Reference value :  1.01285e-05
 Reference value :  1.01315e-05
 Reference value :  1.01345e-05
 Reference value :  1.01375e-05
 Reference value :  1.01404e-05
 Reference value :  1.01435e-05
 Reference value :  1.01464e-05
 Reference value :  1.01492e-05
 Reference value :  1.01520e-05
 Reference value :  1.01548e-05
 Reference value :  1.01576e-05
 Reference value :  1.01604e-05
 Reference value :  1.01632e-05
 Reference value :  1.01660e-05
 Reference value :  1.01690e-05
 Reference value :  1.01718e-05
 Reference value :  1.01745e-05
 Reference value :  1.01774e-05
 Reference value :  1.01805e-05
 Reference value :  1.01836e-05
 Reference value :  1.01864e-05
 Reference value :  1.01893e-05
 Reference value :  1.01921e-05
 Reference value :  1.01950e-05
 Reference value :  1.01981e-05
 Reference value :  1.02009e-05
 Reference value :  1.02040e-05
 Reference value :  1.02070e-05
 Reference value :  1.02100e-05
 Reference value :  1.02131e-05
 Reference value :  1.02161e-05
 Reference value :  1.02192e-05
 Reference value :  1.02223e-05
 Reference value :  1.02253e-05
 Reference value :  1.02282e-05
 Reference value :  1.02312e-05
 Reference value :  1.02343e-05
 Reference value :  1.02376e-05
 Reference value :  1.02405e-05
 Reference value :  1.02432e-05
 Reference value :  1.02461e-05
 Reference value :  1.02490e-05
 Reference value :  1.02520e-05
 Reference value :  1.02548e-05
 Reference value :  1.02578e-05
 Reference value :  1.02606e-05
 Reference value :  1.02634e-05
 Reference value :  1.02662e-05
 Reference value :  1.02690e-05
 Reference value :  1.02719e-05
 Reference value :  1.02747e-05
 Reference value :  1.02776e-05
 Reference value :  1.02803e-05
 Reference value :  1.02831e-05
 Reference value :  1.02859e-05
 Reference value :  1.02889e-05
 Reference value :  1.02918e-05
 Reference value :  1.02945e-05
 Reference value :  1.02973e-05
 Reference value :  1.03000e-05
 Reference value :  1.03028e-05
 Reference value :  1.03056e-05
 Reference value :  1.03083e-05
 Reference value :  1.03111e-05
 Reference value :  1.03139e-05
 Reference value :  1.03168e-05
 Reference value :  1.03198e-05
 Reference value :  1.03225e-05
 Reference value :  1.03255e-05
 Reference value :  1.03283e-05
 Reference value :  1.03311e-05
 Reference value :  1.03340e-05
 Reference value :  1.03368e-05
 Reference value :  1.03397e-05
 Reference value :  1.03426e-05
 Reference value :  1.03454e-05
 Reference value :  1.03482e-05
 Reference value :  1.03512e-05
 Reference value :  1.03542e-05
 Reference value :  1.03572e-05
 Reference value :  1.03601e-05
 Reference value :  1.03630e-05
 Reference value :  1.03660e-05
 Reference value :  1.03690e-05
 Reference value :  1.03718e-05
 Reference value :  1.03748e-05
 Reference value :  1.03776e-05
 Reference value :  1.03804e-05
 Reference value :  1.03833e-05
 Reference value :  1.03861e-05
 Reference value :  1.03890e-05
 Reference value :  1.03919e-05
 Reference value :  1.03949e-05
 Reference value :  1.03978e-05
 Reference value :  1.04006e-05
 Reference value :  1.04036e-05
 Reference value :  1.04063e-05
 Reference value :  1.04093e-05
 Reference value :  1.04123e-05
 Reference value :  1.04151e-05
 Reference value :  1.04180e-05
 Reference value :  1.04208e-05
 Reference value :  1.04237e-05
 Reference value :  1.04266e-05
 Reference value :  1.04294e-05
 Reference value :  1.04323e-05
 Reference value :  1.04352e-05
 Reference value :  1.04380e-05
 Reference value :  1.04408e-05
 Reference value :  1.04436e-05
 Reference value :  1.04464e-05
 Reference value :  1.04492e-05
 Reference value :  1.04521e-05
 Reference value :  1.04549e-05
 Reference value :  1.04576e-05
 Reference value :  1.04606e-05
 Reference value :  1.04634e-05
 Reference value :  1.04662e-05
 Reference value :  1.04690e-05
 Reference value :  1.04718e-05
 Reference value :  1.04747e-05
 Reference value :  1.04776e-05
 Reference value :  1.04804e-05
 Reference value :  1.04833e-05
 Reference value :  1.04862e-05
 Reference value :  1.04891e-05
 Reference value :  1.04920e-05
 Reference value :  1.04950e-05
 Reference value :  1.04979e-05
 Reference value :  1.05008e-05
 Reference value :  1.05037e-05
 Reference value :  1.05066e-05
 Reference value :  1.05094e-05
 Reference value :  1.05123e-05
 Reference value :  1.05154e-05
 Reference value :  1.05182e-05
 Reference value :  1.05210e-05
 Reference value :  1.05240e-05
 Reference value :  1.05269e-05
 Reference value :  1.05298e-05
 Reference value :  1.05326e-05
 Reference value :  1.05356e-05
 Reference value :  1.05386e-05
 Reference value :  1.05415e-05
 Reference value :  1.05444e-05
 Reference value :  1.05472e-05
 Reference value :  1.05501e-05
 Reference value :  1.05530e-05
 Reference value :  1.05558e-05
 Reference value :  1.05587e-05
 Reference value :  1.05616e-05
 Reference value :  1.05645e-05
 Reference value :  1.05675e-05
 Reference value :  1.05705e-05
 Reference value :  1.05733e-05
 Reference value :  1.05764e-05
 Reference value :  1.05793e-05
 Reference value :  1.05824e-05
 Reference value :  1.05854e-05
 Reference value :  1.05882e-05
 Reference value :  1.05911e-05
 Reference value :  1.05941e-05
 Reference value :  1.05969e-05
 Reference value :  1.05998e-05
 Reference value :  1.06027e-05
 Reference value :  1.06056e-05
 Reference value :  1.06084e-05
 Reference value :  1.06115e-05
 Reference value :  1.06143e-05
 Reference value :  1.06171e-05
 Reference value :  1.06200e-05
 Reference value :  1.06228e-05
 Reference value :  1.06258e-05
 Reference value :  1.06288e-05
 Reference value :  1.06316e-05
 Reference value :  1.06345e-05
 Reference value :  1.06374e-05
 Reference value :  1.06402e-05
 Reference value :  1.06431e-05
 Reference value :  1.06461e-05
 Reference value :  1.06491e-05
 Reference value :  1.06520e-05
 Reference value :  1.06549e-05
 Reference value :  1.06578e-05
 Reference value :  1.06606e-05
 Reference value :  1.06636e-05
 Reference value :  1.06665e-05
 Reference value :  1.06693e-05
 Reference value :  1.06721e-05
 Reference value :  1.06749e-05
 Reference value :  1.06779e-05
 Reference value :  1.06806e-05
 Reference value :  1.06834e-05
 Reference value :  1.06863e-05
 Reference value :  1.06892e-05
 Reference value :  1.06921e-05
 Reference value :  1.06949e-05
 Reference value :  1.06978e-05
 Reference value :  1.07007e-05
 Reference value :  1.07036e-05
 Reference value :  1.07064e-05
 Reference value :  1.07091e-05
 Reference value :  1.07122e-05
 Reference value :  1.07150e-05
 Reference value :  1.07180e-05
 Reference value :  1.07208e-05
 Reference value :  1.07236e-05
 Reference value :  1.07265e-05
 Reference value :  1.07294e-05
 Reference value :  1.07322e-05
 Reference value :  1.07350e-05
 Reference value :  1.07379e-05
 Reference value :  1.07406e-05
 Reference value :  1.07435e-05
 Reference value :  1.07464e-05
 Reference value :  1.07503e-05
 Reference value :  1.07531e-05
 Reference value :  1.07558e-05
 Reference value :  1.07586e-05
 Reference value :  1.07613e-05
 Reference value :  1.07638e-05
 Reference value :  1.07665e-05
 Reference value :  1.07692e-05
 Reference value :  1.07718e-05
 Reference value :  1.07745e-05
 Reference value :  1.07771e-05
 Reference value :  1.07798e-05
 Reference value :  1.07827e-05
 Reference value :  1.07856e-05
 Reference value :  1.07885e-05
 Reference value :  1.07913e-05
 Reference value :  1.07941e-05
 Reference value :  1.07969e-05
 Reference value :  1.07996e-05
 Reference value :  1.08022e-05
 Reference value :  1.08050e-05
 Reference value :  1.08079e-05
 Reference value :  1.08107e-05
 Reference value :  1.08136e-05
 Reference value :  1.08164e-05
 Reference value :  1.08193e-05
 Reference value :  1.08221e-05
 Reference value :  1.08249e-05
 Reference value :  1.08276e-05
 Reference value :  1.08301e-05
 Reference value :  1.08327e-05
 Reference value :  1.08353e-05
 Reference value :  1.08379e-05
 Reference value :  1.08406e-05
 Reference value :  1.08433e-05
 Reference value :  1.08459e-05
 Reference value :  1.08485e-05
 Reference value :  1.08511e-05
 Reference value :  1.08536e-05
 Reference value :  1.08561e-05
 Reference value :  1.08588e-05
 Reference value :  1.08613e-05
 Reference value :  1.08640e-05
 Reference value :  1.08666e-05
 Reference value :  1.08694e-05
 Reference value :  1.08720e-05
 Reference value :  1.08746e-05
 Reference value :  1.08772e-05
 Reference value :  1.08798e-05
 Reference value :  1.08824e-05
 Reference value :  1.08850e-05
 Reference value :  1.08876e-05
 Reference value :  1.08902e-05
 Reference value :  1.08928e-05
 Reference value :  1.08954e-05
 Reference value :  1.08980e-05
 Reference value :  1.09009e-05
 Reference value :  1.09037e-05
 Reference value :  1.09061e-05
 Reference value :  1.09087e-05
 Reference value :  1.09113e-05
 Reference value :  1.09138e-05
 Reference value :  1.09165e-05
 Reference value :  1.09191e-05
 Reference value :  1.09218e-05
 Reference value :  1.09244e-05
 Reference value :  1.09269e-05
 Reference value :  1.09294e-05
 Reference value :  1.09320e-05
 Reference value :  1.09347e-05
 Reference value :  1.09373e-05
 Reference value :  1.09400e-05
 Reference value :  1.09425e-05
 Reference value :  1.09451e-05
 Reference value :  1.09477e-05
 Reference value :  1.09504e-05
 Reference value :  1.09530e-05
 Reference value :  1.09556e-05
 Reference value :  1.09583e-05
 Reference value :  1.09609e-05
 Reference value :  1.09635e-05
 Reference value :  1.09661e-05
 Reference value :  1.09686e-05
 Reference value :  1.09713e-05
 Reference value :  1.09739e-05
 Reference value :  1.09765e-05
 Reference value :  1.09790e-05
 Reference value :  1.09817e-05
 Reference value :  1.09843e-05
 Reference value :  1.09870e-05
 Reference value :  1.09897e-05
 Reference value :  1.09923e-05
 Reference value :  1.09949e-05
 Reference value :  1.09975e-05
 Reference value :  1.10000e-05
 Reference value :  1.10026e-05
 Reference value :  1.10052e-05
 Reference value :  1.10080e-05
 Reference value :  1.10107e-05
 Reference value :  1.10134e-05
 Reference value :  1.10160e-05
 Reference value :  1.10187e-05
 Reference value :  1.10214e-05
 Reference value :  1.10242e-05
 Reference value :  1.10269e-05
 Reference value :  1.10295e-05
 Reference value :  1.10322e-05
 Reference value :  1.10347e-05
 Reference value :  1.10375e-05
 Reference value :  1.10400e-05
 Reference value :  1.10426e-05
 Reference value :  1.10453e-05
 Reference value :  1.10479e-05
 Reference value :  1.10504e-05
 Reference value :  1.10529e-05
 Reference value :  1.10554e-05
 Reference value :  1.10579e-05
 Reference value :  1.10605e-05
 Reference value :  1.10631e-05
 Reference value :  1.10657e-05
 Reference value :  1.10683e-05
 Reference value :  1.10708e-05
 Reference value :  1.10735e-05
 Reference value :  1.10761e-05
 Reference value :  1.10788e-05
 Reference value :  1.10814e-05
 Reference value :  1.10840e-05
 Reference value :  1.10865e-05
 Reference value :  1.10892e-05
 Reference value :  1.10919e-05
 Reference value :  1.10946e-05
 Reference value :  1.10973e-05
 Reference value :  1.11000e-05
 Reference value :  1.11026e-05
 Reference value :  1.11053e-05
 Reference value :  1.11079e-05
 Reference value :  1.11106e-05
 Reference value :  1.11131e-05
 Reference value :  1.11160e-05
 Reference value :  1.11186e-05
 Reference value :  1.11213e-05
 Reference value :  1.11241e-05
 Reference value :  1.11269e-05
 Reference value :  1.11296e-05
 Reference value :  1.11325e-05
 Reference value :  1.11352e-05
 Reference value :  1.11378e-05
 Reference value :  1.11404e-05
 Reference value :  1.11431e-05
 Reference value :  1.11458e-05
 Reference value :  1.11483e-05
 Reference value :  1.11510e-05
 Reference value :  1.11537e-05
 Reference value :  1.11564e-05
 Reference value :  1.11589e-05
 Reference value :  1.11616e-05
 Reference value :  1.11643e-05
 Reference value :  1.11672e-05
 Reference value :  1.11700e-05
 Reference value :  1.11728e-05
 Reference value :  1.11755e-05
 Reference value :  1.11780e-05
 Reference value :  1.11807e-05
 Reference value :  1.11835e-05
 Reference value :  1.11864e-05
 Reference value :  1.11892e-05
 Reference value :  1.11919e-05
 Reference value :  1.11944e-05
 Reference value :  1.11970e-05
 Reference value :  1.11996e-05
 Reference value :  1.12022e-05
 Reference value :  1.12053e-05
 Reference value :  1.12080e-05
 Reference value :  1.12105e-05
 Reference value :  1.12131e-05
 Reference value :  1.12158e-05
 Reference value :  1.12184e-05
 Reference value :  1.12211e-05
 Reference value :  1.12238e-05
 Reference value :  1.12265e-05
 Reference value :  1.12291e-05
 Reference value :  1.12317e-05
 Reference value :  1.12343e-05
 Reference value :  1.12369e-05
 Reference value :  1.12398e-05
 Reference value :  1.12425e-05
 Reference value :  1.12451e-05
 Reference value :  1.12478e-05
 Reference value :  1.12503e-05
 Reference value :  1.12529e-05
 Reference value :  1.12554e-05
 Reference value :  1.12579e-05
 Reference value :  1.12606e-05
 Reference value :  1.12631e-05
 Reference value :  1.12657e-05
 Reference value :  1.12682e-05
 Reference value :  1.12708e-05
 Reference value :  1.12733e-05
 Reference value :  1.12761e-05
 Reference value :  1.12788e-05
 Reference value :  1.12815e-05
 Reference value :  1.12840e-05
 Reference value :  1.12867e-05
 Reference value :  1.12892e-05
 Reference value :  1.12919e-05
 Reference value :  1.12945e-05
 Reference value :  1.12972e-05
 Reference value :  1.12998e-05
 Reference value :  1.13024e-05
 Reference value :  1.13050e-05
 Reference value :  1.13076e-05
 Reference value :  1.13100e-05
 Reference value :  1.13126e-05
 Reference value :  1.13153e-05
 Reference value :  1.13180e-05
 Reference value :  1.13205e-05
 Reference value :  1.13232e-05
 Reference value :  1.13260e-05
 Reference value :  1.13287e-05
 Reference value :  1.13318e-05
 Reference value :  1.13348e-05
 Reference value :  1.13377e-05
 Reference value :  1.13405e-05
 Reference value :  1.13434e-05
 Reference value :  1.13464e-05
 Reference value :  1.13493e-05
 Reference value :  1.13523e-05
 Reference value :  1.13552e-05
 Reference value :  1.13581e-05
 Reference value :  1.13610e-05
 Reference value :  1.13638e-05
 Reference value :  1.13667e-05
 Reference value :  1.13697e-05
 Reference value :  1.13724e-05
 Reference value :  1.13753e-05
 Reference value :  1.13782e-05
 Reference value :  1.13810e-05
 Reference value :  1.13839e-05
 Reference value :  1.13867e-05
 Reference value :  1.13895e-05
 Reference value :  1.13925e-05
 Reference value :  1.13954e-05
 Reference value :  1.13982e-05
 Reference value :  1.14011e-05
 Reference value :  1.14041e-05
 Reference value :  1.14068e-05
 Reference value :  1.14097e-05
 Reference value :  1.14126e-05
 Reference value :  1.14154e-05
 Reference value :  1.14183e-05
 Reference value :  1.14211e-05
 Reference value :  1.14240e-05
 Reference value :  1.14269e-05
 Reference value :  1.14298e-05
 Reference value :  1.14327e-05
 Reference value :  1.14355e-05
 Reference value :  1.14384e-05
 Reference value :  1.14414e-05
 Reference value :  1.14443e-05
 Reference value :  1.14472e-05
 Reference value :  1.14501e-05
 Reference value :  1.14529e-05
 Reference value :  1.14558e-05
 Reference value :  1.14587e-05
 Reference value :  1.14616e-05
 Reference value :  1.14644e-05
 Reference value :  1.14672e-05
 Reference value :  1.14701e-05
 Reference value :  1.14729e-05
 Reference value :  1.14758e-05
 Reference value :  1.14787e-05
 Reference value :  1.14816e-05
 Reference value :  1.14844e-05
 Reference value :  1.14873e-05
 Reference value :  1.14902e-05
 Reference value :  1.14930e-05
 Reference value :  1.14959e-05
 Reference value :  1.14989e-05
 Reference value :  1.15017e-05
 Reference value :  1.15046e-05
 Reference value :  1.15074e-05
 Reference value :  1.15102e-05
 Reference value :  1.15132e-05
 Reference value :  1.15160e-05
 Reference value :  1.15189e-05
 Reference value :  1.15217e-05
 Reference value :  1.15245e-05
 Reference value :  1.15274e-05
 Reference value :  1.15303e-05
 Reference value :  1.15333e-05
 Reference value :  1.15364e-05
 Reference value :  1.15393e-05
 Reference value :  1.15422e-05
 Reference value :  1.15451e-05
 Reference value :  1.15481e-05
 Reference value :  1.15511e-05
 Reference value :  1.15541e-05
 Reference value :  1.15570e-05
 Reference value :  1.15597e-05
 Reference value :  1.15626e-05
 Reference value :  1.15654e-05
 Reference value :  1.15682e-05
 Reference value :  1.15711e-05
 Reference value :  1.15739e-05
 Reference value :  1.15768e-05
 Reference value :  1.15795e-05
 Reference value :  1.15824e-05
 Reference value :  1.15854e-05
 Reference value :  1.15882e-05
 Reference value :  1.15912e-05
 Reference value :  1.15940e-05
 Reference value :  1.15968e-05
 Reference value :  1.15997e-05
 Reference value :  1.16025e-05
 Reference value :  1.16053e-05
 Reference value :  1.16081e-05
 Reference value :  1.16110e-05
 Reference value :  1.16139e-05
 Reference value :  1.16167e-05
 Reference value :  1.16196e-05
 Reference value :  1.16224e-05
 Reference value :  1.16251e-05
 Reference value :  1.16281e-05
 Reference value :  1.16309e-05
 Reference value :  1.16337e-05
 Reference value :  1.16366e-05
 Reference value :  1.16394e-05
 Reference value :  1.16422e-05
 Reference value :  1.16450e-05
 Reference value :  1.16479e-05
 Reference value :  1.16508e-05
 Reference value :  1.16536e-05
 Reference value :  1.16565e-05
 Reference value :  1.16593e-05
 Reference value :  1.16622e-05
 Reference value :  1.16651e-05
 Reference value :  1.16680e-05
 Reference value :  1.16710e-05
 Reference value :  1.16739e-05
 Reference value :  1.16769e-05
 Reference value :  1.16798e-05
 Reference value :  1.16825e-05
 Reference value :  1.16854e-05
 Reference value :  1.16882e-05
 Reference value :  1.16913e-05
 Reference value :  1.16940e-05
 Reference value :  1.16969e-05
 Reference value :  1.17000e-05
 Reference value :  1.17029e-05
 Reference value :  1.17057e-05
 Reference value :  1.17086e-05
 Reference value :  1.17115e-05
 Reference value :  1.17145e-05
 Reference value :  1.17175e-05
 Reference value :  1.17204e-05
 Reference value :  1.17233e-05
 Reference value :  1.17262e-05
 Reference value :  1.17291e-05
 Reference value :  1.17322e-05
 Reference value :  1.17351e-05
 Reference value :  1.17380e-05
 Reference value :  1.17411e-05
 Reference value :  1.17440e-05
 Reference value :  1.17469e-05
 Reference value :  1.17499e-05
 Reference value :  1.17527e-05
 Reference value :  1.17557e-05
 Reference value :  1.17586e-05
 Reference value :  1.17614e-05
 Reference value :  1.17644e-05
 Reference value :  1.17672e-05
 Reference value :  1.17701e-05
 Reference value :  1.17728e-05
 Reference value :  1.17757e-05
 Reference value :  1.17787e-05
 Reference value :  1.17816e-05
 Reference value :  1.17845e-05
 Reference value :  1.17875e-05
 Reference value :  1.17904e-05
 Reference value :  1.17933e-05
 Reference value :  1.17962e-05
 Reference value :  1.17992e-05
 Reference value :  1.18021e-05
 Reference value :  1.18051e-05
 Reference value :  1.18081e-05
 Reference value :  1.18108e-05
 Reference value :  1.18136e-05
 Reference value :  1.18164e-05
 Reference value :  1.18194e-05
 Reference value :  1.18222e-05
 Reference value :  1.18250e-05
 Reference value :  1.18278e-05
 Reference value :  1.18306e-05
 Reference value :  1.18335e-05
 Reference value :  1.18363e-05
 Reference value :  1.18392e-05
 Reference value :  1.18419e-05
 Reference value :  1.18447e-05
 Reference value :  1.18474e-05
 Reference value :  1.18503e-05
 Reference value :  1.18532e-05
 Reference value :  1.18560e-05
 Reference value :  1.18587e-05
 Reference value :  1.18616e-05
 Reference value :  1.18644e-05
 Reference value :  1.18671e-05
 Reference value :  1.18700e-05
 Reference value :  1.18729e-05
 Reference value :  1.18758e-05
 Reference value :  1.18787e-05
 Reference value :  1.18815e-05
 Reference value :  1.18844e-05
 Reference value :  1.18872e-05
 Reference value :  1.18899e-05
 Reference value :  1.18927e-05
 Reference value :  1.18956e-05
 Reference value :  1.18985e-05
 Reference value :  1.19012e-05
 Reference value :  1.19041e-05
 Reference value :  1.19070e-05
 Reference value :  1.19098e-05
 Reference value :  1.19125e-05
 Reference value :  1.19153e-05
 Reference value :  1.19181e-05
 Reference value :  1.19209e-05
 Reference value :  1.19238e-05
 Reference value :  1.19266e-05
 Reference value :  1.19295e-05
 Reference value :  1.19324e-05
 Reference value :  1.19353e-05
 Reference value :  1.19382e-05
 Reference value :  1.19410e-05
 Reference value :  1.19440e-05
 Reference value :  1.19468e-05
 Reference value :  1.19496e-05
 Reference value :  1.19524e-05
 Reference value :  1.19551e-05
 Reference value :  1.19580e-05
 Reference value :  1.19609e-05
 Reference value :  1.19639e-05
 Reference value :  1.19668e-05
 Reference value :  1.19697e-05
 Reference value :  1.19726e-05
 Reference value :  1.19754e-05
 Reference value :  1.19782e-05
 Reference value :  1.19813e-05
 Reference value :  1.19841e-05
 Reference value :  1.19869e-05
 Reference value :  1.19897e-05
 Reference value :  1.19925e-05
 Reference value :  1.19954e-05
 Reference value :  1.19982e-05
 Reference value :  1.20012e-05
 Reference value :  1.20042e-05
 Reference value :  1.20071e-05
 Reference value :  1.20102e-05
 Reference value :  1.20131e-05
 Reference value :  1.20161e-05
 Reference value :  1.20192e-05
 Reference value :  1.20221e-05
 Reference value :  1.20253e-05
 Reference value :  1.20285e-05
 Reference value :  1.20317e-05
 Reference value :  1.20347e-05
 Reference value :  1.20376e-05
 Reference value :  1.20404e-05
 Reference value :  1.20431e-05
 Reference value :  1.20459e-05
 Reference value :  1.20487e-05
 Reference value :  1.20517e-05
 Reference value :  1.20545e-05
 Reference value :  1.20572e-05
 Reference value :  1.20601e-05
 Reference value :  1.20629e-05
 Reference value :  1.20656e-05
 Reference value :  1.20686e-05
 Reference value :  1.20716e-05
 Reference value :  1.20745e-05
 Reference value :  1.20773e-05
 Reference value :  1.20801e-05
 Reference value :  1.20828e-05
 Reference value :  1.20856e-05
 Reference value :  1.20884e-05
 Reference value :  1.20912e-05
 Reference value :  1.20940e-05
 Reference value :  1.20968e-05
 Reference value :  1.20996e-05
 Reference value :  1.21026e-05
 Reference value :  1.21054e-05
 Reference value :  1.21085e-05
 Reference value :  1.21113e-05
 Reference value :  1.21143e-05
 Reference value :  1.21172e-05
 Reference value :  1.21201e-05
 Reference value :  1.21231e-05
 Reference value :  1.21262e-05
 Reference value :  1.21292e-05
 Reference value :  1.21321e-05
 Reference value :  1.21349e-05
 Reference value :  1.21377e-05
 Reference value :  1.21407e-05
 Reference value :  1.21436e-05
 Reference value :  1.21464e-05
 Reference value :  1.21491e-05
 Reference value :  1.21519e-05
 Reference value :  1.21545e-05
 Reference value :  1.21574e-05
 Reference value :  1.21602e-05
 Reference value :  1.21630e-05
 Reference value :  1.21657e-05
 Reference value :  1.21684e-05
 Reference value :  1.21712e-05
 Reference value :  1.21740e-05
 Reference value :  1.21769e-05
 Reference value :  1.21799e-05
 Reference value :  1.21828e-05
 Reference value :  1.21857e-05
 Reference value :  1.21885e-05
 Reference value :  1.21912e-05
 Reference value :  1.21941e-05
 Reference value :  1.21970e-05
 Reference value :  1.21998e-05
 Reference value :  1.22026e-05
 Reference value :  1.22054e-05
 Reference value :  1.22081e-05
 Reference value :  1.22110e-05
 Reference value :  1.22137e-05
 Reference value :  1.22165e-05
 Reference value :  1.22193e-05
 Reference value :  1.22220e-05
 Reference value :  1.22247e-05
 Reference value :  1.22275e-05
 Reference value :  1.22303e-05
 Reference value :  1.22332e-05
 Reference value :  1.22361e-05
 Reference value :  1.22387e-05
 Reference value :  1.22415e-05
 Reference value :  1.22442e-05
 Reference value :  1.22470e-05
 Reference value :  1.22499e-05
 Reference value :  1.22527e-05
 Reference value :  1.22555e-05
 Reference value :  1.22582e-05
 Reference value :  1.22610e-05
 Reference value :  1.22639e-05
 Reference value :  1.22668e-05
 Reference value :  1.22696e-05
 Reference value :  1.22724e-05
 Reference value :  1.22750e-05
 Reference value :  1.22777e-05
 Reference value :  1.22804e-05
 Reference value :  1.22833e-05
 Reference value :  1.22860e-05
 Reference value :  1.22890e-05
 Reference value :  1.22917e-05
 Reference value :  1.22945e-05
 Reference value :  1.22973e-05
 Reference value :  1.23002e-05
 Reference value :  1.23033e-05
 Reference value :  1.23062e-05
 Reference value :  1.23089e-05
 Reference value :  1.23118e-05
 Reference value :  1.23146e-05
 Reference value :  1.23175e-05
 Reference value :  1.23204e-05
 Reference value :  1.23232e-05
 Reference value :  1.23261e-05
 Reference value :  1.23289e-05
 Reference value :  1.23318e-05
 Reference value :  1.23346e-05
 Reference value :  1.23375e-05
 Reference value :  1.23404e-05
 Reference value :  1.23432e-05
 Reference value :  1.23460e-05
 Reference value :  1.23489e-05
 Reference value :  1.23517e-05
 Reference value :  1.23545e-05
 Reference value :  1.23574e-05
 Reference value :  1.23604e-05
 Reference value :  1.23633e-05
 Reference value :  1.23663e-05
 Reference value :  1.23691e-05
 Reference value :  1.23721e-05
 Reference value :  1.23750e-05
 Reference value :  1.23778e-05
 Reference value :  1.23806e-05
 Reference value :  1.23836e-05
 Reference value :  1.23865e-05
 Reference value :  1.23894e-05
 Reference value :  1.23924e-05
 Reference value :  1.23952e-05
 Reference value :  1.23981e-05
 Reference value :  1.24010e-05
 Reference value :  1.24038e-05
 Reference value :  1.24066e-05
 Reference value :  1.24094e-05
 Reference value :  1.24123e-05
 Reference value :  1.24152e-05
 Reference value :  1.24181e-05
 Reference value :  1.24209e-05
 Reference value :  1.24239e-05
 Reference value :  1.24267e-05
 Reference value :  1.24295e-05
 Reference value :  1.24325e-05
 Reference value :  1.24354e-05
 Reference value :  1.24382e-05
 Reference value :  1.24411e-05
 Reference value :  1.24440e-05
 Reference value :  1.24469e-05
 Reference value :  1.24497e-05
 Reference value :  1.24525e-05
 Reference value :  1.24554e-05
 Reference value :  1.24582e-05
 Reference value :  1.24610e-05
 Reference value :  1.24639e-05
 Reference value :  1.24667e-05
 Reference value :  1.24697e-05
 Reference value :  1.24725e-05
 Reference value :  1.24754e-05
 Reference value :  1.24782e-05
 Reference value :  1.24810e-05
 Reference value :  1.24840e-05
 Reference value :  1.24868e-05
 Reference value :  1.24897e-05
 Reference value :  1.24925e-05
 Reference value :  1.24953e-05
 Reference value :  1.24982e-05
 Reference value :  1.25010e-05
 Reference value :  1.25039e-05
 Reference value :  1.25069e-05
 Reference value :  1.25096e-05
 Reference value :  1.25125e-05
 Reference value :  1.25154e-05
 Reference value :  1.25184e-05
 Reference value :  1.25213e-05
 Reference value :  1.25240e-05
 Reference value :  1.25269e-05
 Reference value :  1.25298e-05
 Reference value :  1.25327e-05
 Reference value :  1.25358e-05
 Reference value :  1.25387e-05
 Reference value :  1.25415e-05
 Reference value :  1.25443e-05
 Reference value :  1.25472e-05
 Reference value :  1.25501e-05
 Reference value :  1.25530e-05
 Reference value :  1.25560e-05
 Reference value :  1.25589e-05
 Reference value :  1.25617e-05
 Reference value :  1.25646e-05
 Reference value :  1.25674e-05
 Reference value :  1.25703e-05
 Reference value :  1.25731e-05
 Reference value :  1.25759e-05
 Reference value :  1.25789e-05
 Reference value :  1.25817e-05
 Reference value :  1.25845e-05
 Reference value :  1.25873e-05
 Reference value :  1.25901e-05
 Reference value :  1.25930e-05
 Reference value :  1.25959e-05
 Reference value :  1.25988e-05
 Reference value :  1.26015e-05
 Reference value :  1.26043e-05
 Reference value :  1.26074e-05
 Reference value :  1.26102e-05
 Reference value :  1.26129e-05
 Reference value :  1.26158e-05
 Reference value :  1.26188e-05
 Reference value :  1.26216e-05
 Reference value :  1.26245e-05
 Reference value :  1.26273e-05
 Reference value :  1.26301e-05
 Reference value :  1.26329e-05
 Reference value :  1.26357e-05
 Reference value :  1.26386e-05
 Reference value :  1.26414e-05
 Reference value :  1.26442e-05
 Reference value :  1.26470e-05
 Reference value :  1.26498e-05
 Reference value :  1.26527e-05
 Reference value :  1.26555e-05
 Reference value :  1.26583e-05
 Reference value :  1.26612e-05
 Reference value :  1.26641e-05
 Reference value :  1.26669e-05
 Reference value :  1.26698e-05
 Reference value :  1.26726e-05
 Reference value :  1.26754e-05
 Reference value :  1.26779e-05
 Reference value :  1.26806e-05
 Reference value :  1.26832e-05
 Reference value :  1.26859e-05
 Reference value :  1.26886e-05
 Reference value :  1.26913e-05
 Reference value :  1.26942e-05
 Reference value :  1.26969e-05
 Reference value :  1.26998e-05
 Reference value :  1.27025e-05
 Reference value :  1.27052e-05
 Reference value :  1.27081e-05
 Reference value :  1.27109e-05
 Reference value :  1.27139e-05
 Reference value :  1.27168e-05
 Reference value :  1.27197e-05
 Reference value :  1.27227e-05
 Reference value :  1.27255e-05
 Reference value :  1.27282e-05
 Reference value :  1.27322e-05
 Reference value :  1.27364e-05
 Reference value :  1.27392e-05
 Reference value :  1.27423e-05
 Reference value :  1.27451e-05
 Reference value :  1.27479e-05
 Reference value :  1.27507e-05
 Reference value :  1.27536e-05
 Reference value :  1.27564e-05
 Reference value :  1.27592e-05
 Reference value :  1.27621e-05
 Reference value :  1.27651e-05
 Reference value :  1.27681e-05
 Reference value :  1.27710e-05
 Reference value :  1.27738e-05
 Reference value :  1.27766e-05
 Reference value :  1.27794e-05
 Reference value :  1.27823e-05
 Reference value :  1.27852e-05
 Reference value :  1.27882e-05
 Reference value :  1.27910e-05
 Reference value :  1.27938e-05
 Reference value :  1.27967e-05
 Reference value :  1.27995e-05
 Reference value :  1.28024e-05
 Reference value :  1.28051e-05
 Reference value :  1.28079e-05
 Reference value :  1.28107e-05
 Reference value :  1.28135e-05
 Reference value :  1.28164e-05
 Reference value :  1.28192e-05
 Reference value :  1.28221e-05
 Reference value :  1.28249e-05
 Reference value :  1.28278e-05
 Reference value :  1.28305e-05
 Reference value :  1.28332e-05
 Reference value :  1.28360e-05
 Reference value :  1.28388e-05
 Reference value :  1.28418e-05
 Reference value :  1.28446e-05
 Reference value :  1.28474e-05
 Reference value :  1.28502e-05
 Reference value :  1.28532e-05
 Reference value :  1.28561e-05
 Reference value :  1.28589e-05
 Reference value :  1.28618e-05
 Reference value :  1.28646e-05
 Reference value :  1.28675e-05
 Reference value :  1.28703e-05
 Reference value :  1.28732e-05
 Reference value :  1.28760e-05
 Reference value :  1.28790e-05
 Reference value :  1.28817e-05
 Reference value :  1.28845e-05
 Reference value :  1.28872e-05
 Reference value :  1.28899e-05
 Reference value :  1.28928e-05
 Reference value :  1.28956e-05
 Reference value :  1.28985e-05
 Reference value :  1.29013e-05
 Reference value :  1.29045e-05
 Reference value :  1.29073e-05
 Reference value :  1.29100e-05
 Reference value :  1.29128e-05
 Reference value :  1.29158e-05
 Reference value :  1.29186e-05
 Reference value :  1.29214e-05
 Reference value :  1.29241e-05
 Reference value :  1.29268e-05
 Reference value :  1.29297e-05
 Reference value :  1.29325e-05
 Reference value :  1.29354e-05
 Reference value :  1.29383e-05
 Reference value :  1.29412e-05
 Reference value :  1.29440e-05
 Reference value :  1.29468e-05
 Reference value :  1.29497e-05
 Reference value :  1.29526e-05
 Reference value :  1.29555e-05
 Reference value :  1.29583e-05
 Reference value :  1.29612e-05
 Reference value :  1.29641e-05
 Reference value :  1.29671e-05
 Reference value :  1.29699e-05
 Reference value :  1.29727e-05
 Reference value :  1.29755e-05
 Reference value :  1.29783e-05
 Reference value :  1.29811e-05
 Reference value :  1.29838e-05
 Reference value :  1.29869e-05
 Reference value :  1.29897e-05
 Reference value :  1.29925e-05
 Reference value :  1.29953e-05
 Reference value :  1.29982e-05
No. of Data Rows : 1040256
t1a                 =  5.68871e-07
t1b                 =  1.13962e-05
t2a                 =  5.27141e-07
t2b                 =  1.05597e-05
vxhi                =  3.39973e+00 at=  3.30215e-06
vxlo                =  -4.42832e-02 at=  4.74881e-06
bk                  =  -7.56224e-04
bk                  =  -7.58690e-04
bk                  =  3.29874e+00
bk                  =  3.29907e+00
bk                  =  3.29921e+00
bk                  =  3.29875e+00
bk                  =  -7.57674e-04
bk                  =  -7.57933e-04
bk                  =  3.29917e+00
bk                  =  3.29922e+00
bk                  =  3.29874e+00
bk                  =  -7.57667e-04
m_period_r1 = 2.8492919211e-09
m_period_r2 = 2.6401550789e-09
m_f_r1 = 3.5096438965e+08
m_f_r2 = 3.7876562933e+08
m_ring1_periods_per_sample = 3.5121006471e+02
m_ring2_periods_per_sample = 3.7903076526e+02
m_tclk_s = 1.0007000000e-06
m_n_samples = 1.2000000000e+01
m_ones_frac = 5.8333333333e-01
m_bit_mean = 1.6666666667e-01
m_ones_frac_first6 = 6.6666666667e-01
m_ones_frac_last6 = 5.0000000000e-01
m_worst_rail_dev_v = 1.2549999476e-03
m_xo_swing_v = 3.4440101500e+00
m_r_1 = 2.7272727273e-01
m_r_2 = -4.000000000e-01
m_r_3 = -5.555555556e-01
m_r_4 = -2.500000000e-01
m_bit_code_00 = 1.8520000000e+03
Note: Simulation executed from .control section 

Warning: m=xx on .subckt line will override multiplier m hierarchy!

