
Note: Compatibility modes selected: hs a


Circuit: * ro-array-coupling-xor-driven @ tt_27c_3.30v -- generated by sim/harness, do not edit

Doing analysis at TEMP = 27.000000 and TNOM = 27.000000

Using SPARSE 1.3 as Direct Linear Solver

Initial Transient Solution
--------------------------

Node                                   Voltage
----                                   -------
vsup                                       3.3
en                                         3.3
vddr1                                      3.3
vddr2                                      3.3
vdd                                        3.3
xg1.py                                 1.58325
n11                                          0
g10                                1.24708e-07
xg1.nm                            6.74827e-254
xg1.ny                            6.29956e-254
x11.py                                     3.3
n12                                        3.3
g11                                          0
x11.ny                             2.35462e-08
x12.py                                     3.3
n13                                1.24708e-07
g12                                        3.3
x12.ny                             1.06256e-07
x13.py                                     3.3
n14                                        3.3
g13                                1.24708e-07
x13.ny                             2.35463e-08
x14.py                                     3.3
ro1                                1.24708e-07
g14                                        3.3
x14.ny                             1.06256e-07
xg2.py                                 1.59988
n21                                          0
g20                                1.17147e-07
xg2.nm                            1.04704e-254
xg2.ny                            9.72406e-255
x21.py                                     3.3
n22                                        3.3
g21                                          0
x21.ny                             2.18706e-08
x22.py                                     3.3
n23                                1.17147e-07
g22                                        3.3
x22.ny                              9.8695e-08
x23.py                                     3.3
n24                                        3.3
g23                                1.17147e-07
x23.ny                             2.18707e-08
x24.py                                     3.3
ro2                                1.17147e-07
g24                                        3.3
x24.ny                              9.8695e-08
xa1.an                                     3.3
xa1.bn                                     3.3
xa1.mid                                    3.3
t1                                 4.53008e-08
xa1.s1                             9.54399e-09
xa1.s2                             2.26504e-08
q1                                 -9.2686e-16
qt                                -1.48543e-21
x1                                       -1.65
x2                                       -1.65
bx2#branch                                   0
bx1#branch                                   0
vtr#branch                         1.48543e-11
vr1#branch                          9.2686e-06
vn24#branch                                  0
vn23#branch                                  0
vn22#branch                                  0
vn21#branch                                  0
vn20#branch                        2.24732e-28
vn14#branch                                  0
vn13#branch                                  0
vn12#branch                                  0
vn11#branch                                  0
vn10#branch                        9.91051e-29
vr2#branch                         9.82234e-06
ven#branch                                   0
vsup#branch                       -1.90909e-05

 Reference value :  0.00000e+00
 Reference value :  4.52500e-10
 Reference value :  9.02500e-10
 Reference value :  1.35000e-09
 Reference value :  1.80000e-09
 Reference value :  2.24000e-09
 Reference value :  2.69550e-09
 Reference value :  3.13650e-09
 Reference value :  3.58000e-09
 Reference value :  4.04030e-09
 Reference value :  4.49850e-09
 Reference value :  4.96070e-09
 Reference value :  5.41925e-09
 Reference value :  5.86750e-09
 Reference value :  6.29925e-09
 Reference value :  6.74350e-09
 Reference value :  7.19350e-09
 Reference value :  7.64650e-09
 Reference value :  8.10850e-09
 Reference value :  8.58070e-09
 Reference value :  9.03070e-09
 Reference value :  9.45925e-09
 Reference value :  9.89350e-09
 Reference value :  1.03515e-08
 Reference value :  1.07865e-08
 Reference value :  1.12465e-08
 Reference value :  1.16901e-08
 Reference value :  1.21401e-08
 Reference value :  1.25735e-08
 Reference value :  1.30085e-08
 Reference value :  1.34601e-08
 Reference value :  1.39115e-08
 Reference value :  1.43685e-08
 Reference value :  1.48285e-08
 Reference value :  1.52885e-08
 Reference value :  1.57235e-08
 Reference value :  1.61992e-08
 Reference value :  1.66800e-08
 Reference value :  1.71700e-08
 Reference value :  1.77365e-08
 Reference value :  1.81892e-08
 Reference value :  1.86345e-08
 Reference value :  1.91045e-08
 Reference value :  1.95655e-08
 Reference value :  2.00207e-08
 Reference value :  2.05165e-08
 Reference value :  2.09892e-08
 Reference value :  2.14485e-08
 Reference value :  2.19145e-08
 Reference value :  2.23785e-08
 Reference value :  2.28292e-08
 Reference value :  2.33001e-08
 Reference value :  2.37603e-08
 Reference value :  2.42155e-08
 Reference value :  2.46835e-08
 Reference value :  2.51615e-08
 Reference value :  2.56255e-08
 Reference value :  2.60855e-08
 Reference value :  2.65435e-08
 Reference value :  2.70065e-08
 Reference value :  2.74745e-08
 Reference value :  2.79615e-08
 Reference value :  2.84225e-08
 Reference value :  2.89100e-08
 Reference value :  2.93635e-08
 Reference value :  2.98325e-08
 Reference value :  3.02985e-08
 Reference value :  3.07592e-08
 Reference value :  3.12407e-08
 Reference value :  3.17192e-08
 Reference value :  3.21845e-08
 Reference value :  3.26501e-08
 Reference value :  3.31165e-08
 Reference value :  3.35792e-08
 Reference value :  3.40355e-08
 Reference value :  3.45101e-08
 Reference value :  3.49801e-08
 Reference value :  3.54345e-08
 Reference value :  3.58915e-08
 Reference value :  3.63765e-08
 Reference value :  3.68315e-08
 Reference value :  3.73015e-08
 Reference value :  3.77685e-08
 Reference value :  3.82435e-08
 Reference value :  3.87055e-08
 Reference value :  3.91645e-08
 Reference value :  3.96545e-08
 Reference value :  4.01275e-08
 Reference value :  4.05900e-08
 Reference value :  4.10585e-08
 Reference value :  4.15303e-08
 Reference value :  4.19915e-08
 Reference value :  4.24475e-08
 Reference value :  4.29075e-08
 Reference value :  4.33745e-08
 Reference value :  4.38415e-08
 Reference value :  4.43203e-08
 Reference value :  4.47945e-08
 Reference value :  4.52575e-08
 Reference value :  4.57145e-08
 Reference value :  4.61985e-08
 Reference value :  4.66515e-08
 Reference value :  4.71215e-08
 Reference value :  4.76015e-08
 Reference value :  4.80865e-08
 Reference value :  4.85525e-08
 Reference value :  4.90103e-08
 Reference value :  4.94915e-08
 Reference value :  4.99903e-08
 Reference value :  5.05101e-08
 Reference value :  5.10000e-08
 Reference value :  5.14800e-08
 Reference value :  5.19475e-08
 Reference value :  5.24092e-08
 Reference value :  5.28875e-08
 Reference value :  5.33655e-08
 Reference value :  5.38335e-08
 Reference value :  5.43100e-08
 Reference value :  5.48203e-08
 Reference value :  5.53425e-08
 Reference value :  5.58501e-08
 Reference value :  5.63545e-08
 Reference value :  5.68315e-08
 Reference value :  5.73000e-08
 Reference value :  5.77801e-08
 Reference value :  5.82415e-08
 Reference value :  5.87155e-08
 Reference value :  5.91815e-08
 Reference value :  5.96485e-08
 Reference value :  6.01225e-08
 Reference value :  6.05945e-08
 Reference value :  6.10707e-08
 Reference value :  6.15307e-08
 Reference value :  6.20075e-08
 Reference value :  6.24785e-08
 Reference value :  6.29465e-08
 Reference value :  6.34107e-08
 Reference value :  6.38803e-08
 Reference value :  6.43545e-08
 Reference value :  6.48265e-08
 Reference value :  6.53075e-08
 Reference value :  6.57892e-08
 Reference value :  6.62665e-08
 Reference value :  6.67207e-08
 Reference value :  6.71945e-08
 Reference value :  6.76592e-08
 Reference value :  6.81307e-08
 Reference value :  6.85903e-08
 Reference value :  6.90485e-08
 Reference value :  6.95185e-08
 Reference value :  6.99801e-08
 Reference value :  7.04592e-08
 Reference value :  7.09135e-08
 Reference value :  7.14007e-08
 Reference value :  7.18701e-08
 Reference value :  7.23445e-08
 Reference value :  7.28125e-08
 Reference value :  7.32855e-08
 Reference value :  7.37592e-08
 Reference value :  7.42315e-08
 Reference value :  7.47003e-08
 Reference value :  7.51725e-08
 Reference value :  7.56415e-08
 Reference value :  7.61107e-08
 Reference value :  7.65735e-08
 Reference value :  7.70465e-08
 Reference value :  7.75445e-08
 Reference value :  7.80285e-08
 Reference value :  7.85001e-08
 Reference value :  7.89735e-08
 Reference value :  7.94445e-08
 Reference value :  7.99115e-08
 Reference value :  8.03875e-08
 Reference value :  8.08492e-08
 Reference value :  8.13245e-08
 Reference value :  8.17765e-08
 Reference value :  8.22500e-08
 Reference value :  8.28607e-08
 Reference value :  8.33125e-08
 Reference value :  8.37803e-08
 Reference value :  8.42501e-08
 Reference value :  8.47207e-08
 Reference value :  8.52107e-08
 Reference value :  8.56975e-08
 Reference value :  8.61565e-08
 Reference value :  8.66135e-08
 Reference value :  8.70875e-08
 Reference value :  8.75501e-08
 Reference value :  8.80275e-08
 Reference value :  8.84985e-08
 Reference value :  8.90001e-08
 Reference value :  8.94700e-08
 Reference value :  8.99307e-08
 Reference value :  9.04301e-08
 Reference value :  9.08975e-08
 Reference value :  9.13775e-08
 Reference value :  9.18845e-08
 Reference value :  9.23507e-08
 Reference value :  9.28315e-08
 Reference value :  9.33085e-08
 Reference value :  9.37803e-08
 Reference value :  9.42700e-08
 Reference value :  9.47355e-08
 Reference value :  9.52085e-08
 Reference value :  9.56907e-08
 Reference value :  9.61565e-08
 Reference value :  9.66345e-08
 Reference value :  9.71175e-08
 Reference value :  9.75807e-08
 Reference value :  9.80655e-08
 Reference value :  9.85535e-08
 Reference value :  9.90245e-08
 Reference value :  9.94985e-08
 Reference value :  9.99700e-08
 Reference value :  1.00440e-07
 Reference value :  1.00912e-07
 Reference value :  1.01382e-07
 Reference value :  1.01846e-07
 Reference value :  1.02316e-07
 Reference value :  1.02770e-07
 Reference value :  1.03240e-07
 Reference value :  1.03704e-07
 Reference value :  1.04187e-07
 Reference value :  1.04659e-07
 Reference value :  1.05115e-07
 Reference value :  1.05589e-07
 Reference value :  1.06055e-07
 Reference value :  1.06521e-07
 Reference value :  1.06990e-07
 Reference value :  1.07446e-07
 Reference value :  1.07916e-07
 Reference value :  1.08374e-07
 Reference value :  1.08858e-07
 Reference value :  1.09318e-07
 Reference value :  1.09796e-07
 Reference value :  1.10255e-07
 Reference value :  1.10725e-07
 Reference value :  1.11199e-07
 Reference value :  1.11661e-07
 Reference value :  1.12127e-07
 Reference value :  1.12593e-07
 Reference value :  1.13079e-07
 Reference value :  1.13540e-07
 Reference value :  1.14011e-07
 Reference value :  1.14502e-07
 Reference value :  1.14966e-07
 Reference value :  1.15436e-07
 Reference value :  1.15911e-07
 Reference value :  1.16380e-07
 Reference value :  1.16862e-07
 Reference value :  1.17331e-07
 Reference value :  1.17791e-07
 Reference value :  1.18247e-07
 Reference value :  1.18711e-07
 Reference value :  1.19172e-07
 Reference value :  1.19640e-07
 Reference value :  1.20109e-07
 Reference value :  1.20580e-07
 Reference value :  1.21055e-07
 Reference value :  1.21520e-07
 Reference value :  1.21989e-07
 Reference value :  1.22477e-07
 Reference value :  1.22939e-07
 Reference value :  1.23416e-07
 Reference value :  1.23889e-07
 Reference value :  1.24343e-07
 Reference value :  1.24818e-07
 Reference value :  1.25281e-07
 Reference value :  1.25754e-07
 Reference value :  1.26233e-07
 Reference value :  1.26693e-07
 Reference value :  1.27190e-07
 Reference value :  1.27667e-07
 Reference value :  1.28150e-07
 Reference value :  1.28629e-07
 Reference value :  1.29108e-07
 Reference value :  1.29574e-07
 Reference value :  1.30051e-07
 Reference value :  1.30522e-07
 Reference value :  1.30988e-07
 Reference value :  1.31451e-07
 Reference value :  1.31939e-07
 Reference value :  1.32581e-07
 Reference value :  1.33060e-07
 Reference value :  1.33522e-07
 Reference value :  1.33990e-07
 Reference value :  1.34470e-07
 Reference value :  1.34960e-07
 Reference value :  1.35437e-07
 Reference value :  1.35891e-07
 Reference value :  1.36369e-07
 Reference value :  1.36830e-07
 Reference value :  1.37301e-07
 Reference value :  1.37784e-07
 Reference value :  1.38253e-07
 Reference value :  1.38711e-07
 Reference value :  1.39191e-07
 Reference value :  1.39660e-07
 Reference value :  1.40111e-07
 Reference value :  1.40585e-07
 Reference value :  1.41081e-07
 Reference value :  1.41550e-07
 Reference value :  1.42010e-07
 Reference value :  1.42490e-07
 Reference value :  1.42956e-07
 Reference value :  1.43443e-07
 Reference value :  1.43930e-07
 Reference value :  1.44424e-07
 Reference value :  1.44886e-07
 Reference value :  1.45386e-07
 Reference value :  1.45884e-07
 Reference value :  1.46368e-07
 Reference value :  1.46890e-07
 Reference value :  1.47384e-07
 Reference value :  1.47889e-07
 Reference value :  1.48390e-07
 Reference value :  1.48891e-07
 Reference value :  1.49358e-07
 Reference value :  1.49826e-07
 Reference value :  1.50294e-07
 Reference value :  1.50765e-07
 Reference value :  1.51230e-07
 Reference value :  1.51703e-07
 Reference value :  1.52187e-07
 Reference value :  1.52670e-07
 Reference value :  1.53210e-07
 Reference value :  1.53691e-07
 Reference value :  1.54163e-07
 Reference value :  1.54669e-07
 Reference value :  1.55171e-07
 Reference value :  1.55702e-07
 Reference value :  1.56211e-07
 Reference value :  1.56700e-07
 Reference value :  1.57241e-07
 Reference value :  1.57716e-07
 Reference value :  1.58208e-07
 Reference value :  1.58682e-07
 Reference value :  1.59151e-07
 Reference value :  1.59629e-07
 Reference value :  1.60092e-07
 Reference value :  1.60584e-07
 Reference value :  1.61040e-07
 Reference value :  1.61511e-07
 Reference value :  1.61980e-07
 Reference value :  1.62441e-07
 Reference value :  1.62911e-07
 Reference value :  1.63384e-07
 Reference value :  1.63846e-07
 Reference value :  1.64320e-07
 Reference value :  1.64783e-07
 Reference value :  1.65264e-07
 Reference value :  1.65748e-07
 Reference value :  1.66231e-07
 Reference value :  1.66714e-07
 Reference value :  1.67185e-07
 Reference value :  1.67659e-07
 Reference value :  1.68124e-07
 Reference value :  1.68601e-07
 Reference value :  1.69077e-07
 Reference value :  1.69560e-07
 Reference value :  1.70047e-07
 Reference value :  1.70520e-07
 Reference value :  1.70980e-07
 Reference value :  1.71453e-07
 Reference value :  1.71923e-07
 Reference value :  1.72401e-07
 Reference value :  1.72881e-07
 Reference value :  1.73360e-07
 Reference value :  1.73831e-07
 Reference value :  1.74300e-07
 Reference value :  1.74780e-07
 Reference value :  1.75255e-07
 Reference value :  1.75730e-07
 Reference value :  1.76214e-07
 Reference value :  1.76684e-07
 Reference value :  1.77145e-07
 Reference value :  1.77612e-07
 Reference value :  1.78080e-07
 Reference value :  1.78540e-07
 Reference value :  1.79012e-07
 Reference value :  1.79484e-07
 Reference value :  1.79970e-07
 Reference value :  1.80432e-07
 Reference value :  1.80911e-07
 Reference value :  1.81381e-07
 Reference value :  1.81849e-07
 Reference value :  1.82300e-07
 Reference value :  1.82767e-07
 Reference value :  1.83252e-07
 Reference value :  1.83717e-07
 Reference value :  1.84345e-07
 Reference value :  1.84856e-07
 Reference value :  1.85345e-07
 Reference value :  1.85820e-07
 Reference value :  1.86292e-07
 Reference value :  1.86762e-07
 Reference value :  1.87241e-07
 Reference value :  1.87721e-07
 Reference value :  1.88180e-07
 Reference value :  1.88642e-07
 Reference value :  1.89126e-07
 Reference value :  1.89590e-07
 Reference value :  1.90054e-07
 Reference value :  1.90533e-07
 Reference value :  1.91002e-07
 Reference value :  1.91460e-07
 Reference value :  1.91955e-07
 Reference value :  1.92432e-07
 Reference value :  1.92900e-07
 Reference value :  1.93365e-07
 Reference value :  1.93822e-07
 Reference value :  1.94289e-07
 Reference value :  1.94750e-07
 Reference value :  1.95218e-07
 Reference value :  1.95681e-07
 Reference value :  1.96157e-07
 Reference value :  1.96620e-07
 Reference value :  1.97087e-07
 Reference value :  1.97552e-07
 Reference value :  1.98010e-07
 Reference value :  1.98498e-07
 Reference value :  1.98960e-07
 Reference value :  1.99423e-07
 Reference value :  1.99890e-07
 Reference value :  2.00367e-07
 Reference value :  2.00843e-07
 Reference value :  2.01311e-07
 Reference value :  2.01777e-07
 Reference value :  2.02270e-07
 Reference value :  2.02730e-07
 Reference value :  2.03187e-07
 Reference value :  2.03650e-07
 Reference value :  2.04130e-07
 Reference value :  2.04581e-07
 Reference value :  2.05052e-07
 Reference value :  2.05660e-07
 Reference value :  2.06360e-07
 Reference value :  2.06978e-07
 Reference value :  2.07438e-07
 Reference value :  2.07899e-07
 Reference value :  2.08353e-07
 Reference value :  2.08817e-07
 Reference value :  2.09274e-07
 Reference value :  2.09741e-07
 Reference value :  2.10210e-07
 Reference value :  2.10684e-07
 Reference value :  2.11131e-07
 Reference value :  2.11584e-07
 Reference value :  2.12041e-07
 Reference value :  2.12496e-07
 Reference value :  2.12967e-07
 Reference value :  2.13428e-07
 Reference value :  2.13896e-07
 Reference value :  2.14350e-07
 Reference value :  2.14805e-07
 Reference value :  2.15289e-07
 Reference value :  2.15820e-07
 Reference value :  2.16440e-07
 Reference value :  2.16950e-07
 Reference value :  2.17470e-07
 Reference value :  2.17974e-07
 Reference value :  2.18488e-07
 Reference value :  2.19023e-07
 Reference value :  2.19527e-07
 Reference value :  2.19999e-07
 Reference value :  2.20447e-07
 Reference value :  2.20880e-07
 Reference value :  2.21333e-07
 Reference value :  2.21785e-07
 Reference value :  2.22244e-07
 Reference value :  2.22720e-07
 Reference value :  2.23178e-07
 Reference value :  2.23639e-07
 Reference value :  2.24100e-07
 Reference value :  2.24570e-07
 Reference value :  2.25028e-07
 Reference value :  2.25483e-07
 Reference value :  2.25930e-07
 Reference value :  2.26388e-07
 Reference value :  2.26831e-07
 Reference value :  2.27277e-07
 Reference value :  2.27731e-07
 Reference value :  2.28176e-07
 Reference value :  2.28621e-07
 Reference value :  2.29086e-07
 Reference value :  2.29736e-07
 Reference value :  2.30187e-07
 Reference value :  2.30648e-07
 Reference value :  2.31120e-07
 Reference value :  2.31575e-07
 Reference value :  2.32019e-07
 Reference value :  2.32464e-07
 Reference value :  2.32930e-07
 Reference value :  2.33381e-07
 Reference value :  2.33827e-07
 Reference value :  2.34293e-07
 Reference value :  2.34740e-07
 Reference value :  2.35170e-07
 Reference value :  2.35620e-07
 Reference value :  2.36088e-07
 Reference value :  2.36533e-07
 Reference value :  2.36980e-07
 Reference value :  2.37423e-07
 Reference value :  2.37896e-07
 Reference value :  2.38355e-07
 Reference value :  2.38810e-07
 Reference value :  2.39276e-07
 Reference value :  2.39739e-07
 Reference value :  2.40190e-07
 Reference value :  2.40642e-07
 Reference value :  2.41095e-07
 Reference value :  2.41546e-07
 Reference value :  2.42001e-07
 Reference value :  2.42448e-07
 Reference value :  2.42891e-07
 Reference value :  2.43330e-07
 Reference value :  2.43787e-07
 Reference value :  2.44240e-07
 Reference value :  2.44678e-07
 Reference value :  2.45140e-07
 Reference value :  2.45585e-07
 Reference value :  2.46040e-07
 Reference value :  2.46500e-07
 Reference value :  2.46954e-07
 Reference value :  2.47412e-07
 Reference value :  2.47897e-07
 Reference value :  2.48345e-07
 Reference value :  2.48803e-07
 Reference value :  2.49286e-07
 Reference value :  2.49749e-07
 Reference value :  2.50210e-07
 Reference value :  2.50653e-07
 Reference value :  2.51095e-07
 Reference value :  2.51564e-07
 Reference value :  2.52012e-07
 Reference value :  2.52488e-07
 Reference value :  2.52941e-07
 Reference value :  2.53412e-07
 Reference value :  2.53866e-07
 Reference value :  2.54317e-07
 Reference value :  2.54778e-07
 Reference value :  2.55238e-07
 Reference value :  2.55690e-07
 Reference value :  2.56141e-07
 Reference value :  2.56610e-07
 Reference value :  2.57060e-07
 Reference value :  2.57530e-07
 Reference value :  2.57990e-07
 Reference value :  2.58454e-07
 Reference value :  2.58894e-07
 Reference value :  2.59343e-07
 Reference value :  2.59806e-07
 Reference value :  2.60270e-07
 Reference value :  2.60719e-07
 Reference value :  2.61171e-07
 Reference value :  2.61632e-07
 Reference value :  2.62105e-07
 Reference value :  2.62545e-07
 Reference value :  2.63010e-07
 Reference value :  2.63468e-07
 Reference value :  2.63940e-07
 Reference value :  2.64400e-07
 Reference value :  2.64865e-07
 Reference value :  2.65326e-07
 Reference value :  2.65786e-07
 Reference value :  2.66238e-07
 Reference value :  2.66685e-07
 Reference value :  2.67137e-07
 Reference value :  2.67585e-07
 Reference value :  2.68051e-07
 Reference value :  2.68501e-07
 Reference value :  2.68962e-07
 Reference value :  2.69424e-07
 Reference value :  2.69872e-07
 Reference value :  2.70314e-07
 Reference value :  2.70769e-07
 Reference value :  2.71260e-07
 Reference value :  2.71712e-07
 Reference value :  2.72170e-07
 Reference value :  2.72611e-07
 Reference value :  2.73070e-07
 Reference value :  2.73710e-07
 Reference value :  2.74230e-07
 Reference value :  2.74680e-07
 Reference value :  2.75134e-07
 Reference value :  2.75591e-07
 Reference value :  2.76046e-07
 Reference value :  2.76490e-07
 Reference value :  2.76936e-07
 Reference value :  2.77414e-07
 Reference value :  2.77876e-07
 Reference value :  2.78330e-07
 Reference value :  2.78794e-07
 Reference value :  2.79267e-07
 Reference value :  2.79730e-07
 Reference value :  2.80200e-07
 Reference value :  2.80650e-07
 Reference value :  2.81106e-07
 Reference value :  2.81589e-07
 Reference value :  2.82061e-07
 Reference value :  2.82529e-07
 Reference value :  2.82975e-07
 Reference value :  2.83440e-07
 Reference value :  2.83914e-07
 Reference value :  2.84362e-07
 Reference value :  2.84816e-07
 Reference value :  2.85285e-07
 Reference value :  2.85740e-07
 Reference value :  2.86191e-07
 Reference value :  2.86643e-07
 Reference value :  2.87101e-07
 Reference value :  2.87560e-07
 Reference value :  2.88013e-07
 Reference value :  2.88472e-07
 Reference value :  2.88923e-07
 Reference value :  2.89363e-07
 Reference value :  2.89829e-07
 Reference value :  2.90299e-07
 Reference value :  2.90758e-07
 Reference value :  2.91223e-07
 Reference value :  2.91682e-07
 Reference value :  2.92143e-07
 Reference value :  2.92600e-07
 Reference value :  2.93050e-07
 Reference value :  2.93510e-07
 Reference value :  2.93969e-07
 Reference value :  2.94420e-07
 Reference value :  2.94870e-07
 Reference value :  2.95319e-07
 Reference value :  2.95784e-07
 Reference value :  2.96244e-07
 Reference value :  2.96702e-07
 Reference value :  2.97190e-07
 Reference value :  2.97630e-07
 Reference value :  2.98111e-07
 Reference value :  2.98580e-07
 Reference value :  2.99034e-07
 Reference value :  2.99492e-07
 Reference value :  2.99962e-07
 Reference value :  3.00420e-07
 Reference value :  3.00881e-07
 Reference value :  3.01361e-07
 Reference value :  3.01832e-07
 Reference value :  3.02273e-07
 Reference value :  3.02750e-07
 Reference value :  3.03227e-07
 Reference value :  3.03700e-07
 Reference value :  3.04157e-07
 Reference value :  3.04615e-07
 Reference value :  3.05090e-07
 Reference value :  3.05567e-07
 Reference value :  3.06017e-07
 Reference value :  3.06485e-07
 Reference value :  3.06945e-07
 Reference value :  3.07431e-07
 Reference value :  3.07903e-07
 Reference value :  3.08381e-07
 Reference value :  3.08832e-07
 Reference value :  3.09299e-07
 Reference value :  3.09749e-07
 Reference value :  3.10222e-07
 Reference value :  3.10696e-07
 Reference value :  3.11135e-07
 Reference value :  3.11600e-07
 Reference value :  3.12066e-07
 Reference value :  3.12511e-07
 Reference value :  3.12980e-07
 Reference value :  3.13438e-07
 Reference value :  3.13912e-07
 Reference value :  3.14360e-07
 Reference value :  3.14808e-07
 Reference value :  3.15297e-07
 Reference value :  3.15754e-07
 Reference value :  3.16216e-07
 Reference value :  3.16676e-07
 Reference value :  3.17120e-07
 Reference value :  3.17570e-07
 Reference value :  3.18008e-07
 Reference value :  3.18466e-07
 Reference value :  3.18925e-07
 Reference value :  3.19377e-07
 Reference value :  3.19828e-07
 Reference value :  3.20286e-07
 Reference value :  3.20730e-07
 Reference value :  3.21186e-07
 Reference value :  3.21642e-07
 Reference value :  3.22080e-07
 Reference value :  3.22542e-07
 Reference value :  3.22992e-07
 Reference value :  3.23589e-07
 Reference value :  3.24090e-07
 Reference value :  3.24541e-07
 Reference value :  3.25003e-07
 Reference value :  3.25456e-07
 Reference value :  3.25913e-07
 Reference value :  3.26372e-07
 Reference value :  3.26840e-07
 Reference value :  3.27290e-07
 Reference value :  3.27735e-07
 Reference value :  3.28184e-07
 Reference value :  3.28641e-07
 Reference value :  3.29107e-07
 Reference value :  3.29541e-07
 Reference value :  3.30021e-07
 Reference value :  3.30456e-07
 Reference value :  3.30900e-07
 Reference value :  3.31350e-07
 Reference value :  3.31800e-07
 Reference value :  3.32243e-07
 Reference value :  3.32690e-07
 Reference value :  3.33149e-07
 Reference value :  3.33609e-07
 Reference value :  3.34080e-07
 Reference value :  3.34532e-07
 Reference value :  3.34996e-07
 Reference value :  3.35441e-07
 Reference value :  3.35886e-07
 Reference value :  3.36344e-07
 Reference value :  3.36811e-07
 Reference value :  3.37266e-07
 Reference value :  3.37720e-07
 Reference value :  3.38177e-07
 Reference value :  3.38642e-07
 Reference value :  3.39084e-07
 Reference value :  3.39544e-07
 Reference value :  3.39999e-07
 Reference value :  3.40466e-07
 Reference value :  3.40926e-07
 Reference value :  3.41374e-07
 Reference value :  3.41819e-07
 Reference value :  3.42271e-07
 Reference value :  3.42744e-07
 Reference value :  3.43220e-07
 Reference value :  3.43660e-07
 Reference value :  3.44103e-07
 Reference value :  3.44550e-07
 Reference value :  3.44991e-07
 Reference value :  3.45448e-07
 Reference value :  3.45883e-07
 Reference value :  3.46341e-07
 Reference value :  3.46805e-07
 Reference value :  3.47261e-07
 Reference value :  3.47719e-07
 Reference value :  3.48170e-07
 Reference value :  3.48636e-07
 Reference value :  3.49093e-07
 Reference value :  3.49541e-07
 Reference value :  3.50011e-07
 Reference value :  3.50461e-07
 Reference value :  3.50911e-07
 Reference value :  3.51348e-07
 Reference value :  3.51804e-07
 Reference value :  3.52257e-07
 Reference value :  3.52725e-07
 Reference value :  3.53185e-07
 Reference value :  3.53641e-07
 Reference value :  3.54111e-07
 Reference value :  3.54565e-07
 Reference value :  3.55020e-07
 Reference value :  3.55498e-07
 Reference value :  3.55954e-07
 Reference value :  3.56411e-07
 Reference value :  3.56864e-07
 Reference value :  3.57346e-07
 Reference value :  3.57817e-07
 Reference value :  3.58280e-07
 Reference value :  3.58730e-07
 Reference value :  3.59180e-07
 Reference value :  3.59623e-07
 Reference value :  3.60090e-07
 Reference value :  3.60550e-07
 Reference value :  3.61011e-07
 Reference value :  3.61481e-07
 Reference value :  3.61929e-07
 Reference value :  3.62408e-07
 Reference value :  3.62850e-07
 Reference value :  3.63290e-07
 Reference value :  3.63765e-07
 Reference value :  3.64222e-07
 Reference value :  3.64701e-07
 Reference value :  3.65166e-07
 Reference value :  3.65620e-07
 Reference value :  3.66070e-07
 Reference value :  3.66538e-07
 Reference value :  3.66996e-07
 Reference value :  3.67466e-07
 Reference value :  3.67918e-07
 Reference value :  3.68368e-07
 Reference value :  3.68827e-07
 Reference value :  3.69278e-07
 Reference value :  3.69725e-07
 Reference value :  3.70180e-07
 Reference value :  3.70645e-07
 Reference value :  3.71108e-07
 Reference value :  3.71572e-07
 Reference value :  3.72014e-07
 Reference value :  3.72461e-07
 Reference value :  3.72911e-07
 Reference value :  3.73376e-07
 Reference value :  3.73832e-07
 Reference value :  3.74285e-07
 Reference value :  3.74730e-07
 Reference value :  3.75182e-07
 Reference value :  3.75640e-07
 Reference value :  3.76090e-07
 Reference value :  3.76542e-07
 Reference value :  3.77008e-07
 Reference value :  3.77458e-07
 Reference value :  3.77920e-07
 Reference value :  3.78387e-07
 Reference value :  3.78840e-07
 Reference value :  3.79288e-07
 Reference value :  3.79732e-07
 Reference value :  3.80203e-07
 Reference value :  3.80665e-07
 Reference value :  3.81122e-07
 Reference value :  3.81574e-07
 Reference value :  3.82026e-07
 Reference value :  3.82479e-07
 Reference value :  3.82931e-07
 Reference value :  3.83392e-07
 Reference value :  3.83851e-07
 Reference value :  3.84312e-07
 Reference value :  3.84770e-07
 Reference value :  3.85218e-07
 Reference value :  3.85694e-07
 Reference value :  3.86150e-07
 Reference value :  3.86610e-07
 Reference value :  3.87051e-07
 Reference value :  3.87490e-07
 Reference value :  3.87940e-07
 Reference value :  3.88508e-07
 Reference value :  3.89028e-07
 Reference value :  3.89473e-07
 Reference value :  3.89920e-07
 Reference value :  3.90390e-07
 Reference value :  3.90821e-07
 Reference value :  3.91273e-07
 Reference value :  3.91730e-07
 Reference value :  3.92190e-07
 Reference value :  3.92637e-07
 Reference value :  3.93082e-07
 Reference value :  3.93544e-07
 Reference value :  3.94000e-07
 Reference value :  3.94442e-07
 Reference value :  3.94900e-07
 Reference value :  3.95361e-07
 Reference value :  3.95815e-07
 Reference value :  3.96290e-07
 Reference value :  3.96741e-07
 Reference value :  3.97200e-07
 Reference value :  3.97660e-07
 Reference value :  3.98129e-07
 Reference value :  3.98583e-07
 Reference value :  3.99032e-07
 Reference value :  3.99498e-07
 Reference value :  3.99951e-07
 Reference value :  4.00428e-07
 Reference value :  4.00904e-07
 Reference value :  4.01373e-07
 Reference value :  4.01817e-07
 Reference value :  4.02278e-07
 Reference value :  4.02751e-07
 Reference value :  4.03232e-07
 Reference value :  4.03719e-07
 Reference value :  4.04180e-07
 Reference value :  4.04648e-07
 Reference value :  4.05120e-07
 Reference value :  4.05596e-07
 Reference value :  4.06090e-07
 Reference value :  4.06569e-07
 Reference value :  4.07035e-07
 Reference value :  4.07492e-07
 Reference value :  4.07974e-07
 Reference value :  4.08438e-07
 Reference value :  4.08910e-07
 Reference value :  4.09393e-07
 Reference value :  4.09867e-07
 Reference value :  4.10340e-07
 Reference value :  4.10807e-07
 Reference value :  4.11287e-07
 Reference value :  4.11757e-07
 Reference value :  4.12249e-07
 Reference value :  4.12712e-07
 Reference value :  4.13193e-07
 Reference value :  4.13651e-07
 Reference value :  4.14120e-07
 Reference value :  4.14591e-07
 Reference value :  4.15080e-07
 Reference value :  4.15540e-07
 Reference value :  4.16009e-07
 Reference value :  4.16478e-07
 Reference value :  4.16962e-07
 Reference value :  4.17428e-07
 Reference value :  4.17928e-07
 Reference value :  4.18407e-07
 Reference value :  4.18863e-07
 Reference value :  4.19321e-07
 Reference value :  4.19800e-07
 Reference value :  4.20268e-07
 Reference value :  4.20756e-07
 Reference value :  4.21231e-07
 Reference value :  4.21692e-07
 Reference value :  4.22175e-07
 Reference value :  4.22638e-07
 Reference value :  4.23121e-07
 Reference value :  4.23614e-07
 Reference value :  4.24090e-07
 Reference value :  4.24560e-07
 Reference value :  4.25028e-07
 Reference value :  4.25501e-07
 Reference value :  4.25997e-07
 Reference value :  4.26462e-07
 Reference value :  4.26930e-07
 Reference value :  4.27410e-07
 Reference value :  4.27886e-07
 Reference value :  4.28353e-07
 Reference value :  4.28820e-07
 Reference value :  4.29294e-07
 Reference value :  4.29770e-07
 Reference value :  4.30266e-07
 Reference value :  4.30736e-07
 Reference value :  4.31212e-07
 Reference value :  4.31682e-07
 Reference value :  4.32153e-07
 Reference value :  4.32631e-07
 Reference value :  4.33110e-07
 Reference value :  4.33591e-07
 Reference value :  4.34058e-07
 Reference value :  4.34530e-07
 Reference value :  4.35017e-07
 Reference value :  4.35481e-07
 Reference value :  4.35950e-07
 Reference value :  4.36414e-07
 Reference value :  4.36922e-07
 Reference value :  4.37385e-07
 Reference value :  4.37870e-07
 Reference value :  4.38330e-07
 Reference value :  4.38811e-07
 Reference value :  4.39291e-07
 Reference value :  4.39773e-07
 Reference value :  4.40245e-07
 Reference value :  4.40728e-07
 Reference value :  4.41216e-07
 Reference value :  4.41692e-07
 Reference value :  4.42196e-07
 Reference value :  4.42663e-07
 Reference value :  4.43141e-07
 Reference value :  4.43632e-07
 Reference value :  4.44121e-07
 Reference value :  4.44600e-07
 Reference value :  4.45073e-07
 Reference value :  4.45550e-07
 Reference value :  4.46046e-07
 Reference value :  4.46520e-07
 Reference value :  4.47003e-07
 Reference value :  4.47472e-07
 Reference value :  4.47960e-07
 Reference value :  4.48429e-07
 Reference value :  4.48890e-07
 Reference value :  4.49356e-07
 Reference value :  4.49834e-07
 Reference value :  4.50312e-07
 Reference value :  4.50778e-07
 Reference value :  4.51275e-07
 Reference value :  4.51750e-07
 Reference value :  4.52235e-07
 Reference value :  4.52715e-07
 Reference value :  4.53187e-07
 Reference value :  4.53661e-07
 Reference value :  4.54143e-07
 Reference value :  4.54612e-07
 Reference value :  4.55100e-07
 Reference value :  4.55555e-07
 Reference value :  4.56043e-07
 Reference value :  4.56534e-07
 Reference value :  4.57014e-07
 Reference value :  4.57508e-07
 Reference value :  4.57979e-07
 Reference value :  4.58477e-07
 Reference value :  4.59016e-07
 Reference value :  4.59531e-07
 Reference value :  4.60046e-07
 Reference value :  4.60544e-07
 Reference value :  4.61051e-07
 Reference value :  4.61524e-07
 Reference value :  4.61990e-07
 Reference value :  4.62459e-07
 Reference value :  4.62928e-07
 Reference value :  4.63423e-07
 Reference value :  4.63940e-07
 Reference value :  4.64448e-07
 Reference value :  4.64920e-07
 Reference value :  4.65406e-07
 Reference value :  4.65913e-07
 Reference value :  4.66430e-07
 Reference value :  4.66930e-07
 Reference value :  4.67424e-07
 Reference value :  4.67951e-07
 Reference value :  4.68455e-07
 Reference value :  4.68934e-07
 Reference value :  4.69412e-07
 Reference value :  4.69890e-07
 Reference value :  4.70374e-07
 Reference value :  4.70852e-07
 Reference value :  4.71321e-07
 Reference value :  4.71784e-07
 Reference value :  4.72256e-07
 Reference value :  4.72745e-07
 Reference value :  4.73210e-07
 Reference value :  4.73676e-07
 Reference value :  4.74140e-07
 Reference value :  4.74611e-07
 Reference value :  4.75100e-07
 Reference value :  4.75559e-07
 Reference value :  4.76033e-07
 Reference value :  4.76518e-07
 Reference value :  4.76985e-07
 Reference value :  4.77459e-07
 Reference value :  4.77936e-07
 Reference value :  4.78403e-07
 Reference value :  4.78880e-07
 Reference value :  4.79356e-07
 Reference value :  4.79830e-07
 Reference value :  4.80296e-07
 Reference value :  4.80750e-07
 Reference value :  4.81240e-07
 Reference value :  4.81710e-07
 Reference value :  4.82171e-07
 Reference value :  4.82640e-07
 Reference value :  4.83119e-07
 Reference value :  4.83593e-07
 Reference value :  4.84090e-07
 Reference value :  4.84565e-07
 Reference value :  4.85032e-07
 Reference value :  4.85513e-07
 Reference value :  4.86006e-07
 Reference value :  4.86470e-07
 Reference value :  4.86933e-07
 Reference value :  4.87423e-07
 Reference value :  4.87884e-07
 Reference value :  4.88348e-07
 Reference value :  4.88817e-07
 Reference value :  4.89290e-07
 Reference value :  4.89751e-07
 Reference value :  4.90262e-07
 Reference value :  4.90740e-07
 Reference value :  4.91200e-07
 Reference value :  4.91658e-07
 Reference value :  4.92122e-07
 Reference value :  4.92603e-07
 Reference value :  4.93077e-07
 Reference value :  4.93550e-07
 Reference value :  4.94024e-07
 Reference value :  4.94492e-07
 Reference value :  4.94968e-07
 Reference value :  4.95460e-07
 Reference value :  4.95920e-07
 Reference value :  4.96393e-07
 Reference value :  4.96875e-07
 Reference value :  4.97344e-07
 Reference value :  4.97835e-07
 Reference value :  4.98291e-07
 Reference value :  4.98756e-07
 Reference value :  4.99217e-07
 Reference value :  4.99675e-07
 Reference value :  5.00142e-07
 Reference value :  5.00614e-07
 Reference value :  5.01060e-07
 Reference value :  5.01510e-07
 Reference value :  5.01981e-07
 Reference value :  5.02459e-07
 Reference value :  5.02920e-07
 Reference value :  5.03410e-07
 Reference value :  5.03884e-07
 Reference value :  5.04363e-07
 Reference value :  5.04828e-07
 Reference value :  5.05281e-07
 Reference value :  5.05740e-07
 Reference value :  5.06191e-07
 Reference value :  5.06660e-07
 Reference value :  5.07108e-07
 Reference value :  5.07551e-07
 Reference value :  5.08010e-07
 Reference value :  5.08470e-07
 Reference value :  5.08930e-07
 Reference value :  5.09405e-07
 Reference value :  5.09853e-07
 Reference value :  5.10315e-07
 Reference value :  5.10795e-07
 Reference value :  5.11261e-07
 Reference value :  5.11726e-07
 Reference value :  5.12188e-07
 Reference value :  5.12671e-07
 Reference value :  5.13125e-07
 Reference value :  5.13591e-07
 Reference value :  5.14040e-07
 Reference value :  5.14500e-07
 Reference value :  5.14952e-07
 Reference value :  5.15406e-07
 Reference value :  5.15856e-07
 Reference value :  5.16312e-07
 Reference value :  5.16773e-07
 Reference value :  5.17232e-07
 Reference value :  5.17678e-07
 Reference value :  5.18150e-07
 Reference value :  5.18603e-07
 Reference value :  5.19060e-07
 Reference value :  5.19507e-07
 Reference value :  5.19958e-07
 Reference value :  5.20420e-07
 Reference value :  5.20876e-07
 Reference value :  5.21331e-07
 Reference value :  5.21794e-07
 Reference value :  5.22259e-07
 Reference value :  5.22726e-07
 Reference value :  5.23184e-07
 Reference value :  5.23638e-07
 Reference value :  5.24095e-07
 Reference value :  5.24550e-07
 Reference value :  5.25004e-07
 Reference value :  5.25460e-07
 Reference value :  5.25924e-07
 Reference value :  5.26377e-07
 Reference value :  5.26836e-07
 Reference value :  5.27274e-07
 Reference value :  5.27724e-07
 Reference value :  5.28178e-07
 Reference value :  5.28630e-07
 Reference value :  5.29087e-07
 Reference value :  5.29541e-07
 Reference value :  5.29989e-07
 Reference value :  5.30435e-07
 Reference value :  5.30870e-07
 Reference value :  5.31331e-07
 Reference value :  5.31785e-07
 Reference value :  5.32250e-07
 Reference value :  5.32738e-07
 Reference value :  5.33213e-07
 Reference value :  5.33659e-07
 Reference value :  5.34106e-07
 Reference value :  5.34562e-07
 Reference value :  5.35004e-07
 Reference value :  5.35451e-07
 Reference value :  5.35894e-07
 Reference value :  5.36354e-07
 Reference value :  5.36811e-07
 Reference value :  5.37251e-07
 Reference value :  5.37706e-07
 Reference value :  5.38141e-07
 Reference value :  5.38601e-07
 Reference value :  5.39051e-07
 Reference value :  5.39519e-07
 Reference value :  5.39980e-07
 Reference value :  5.40432e-07
 Reference value :  5.40921e-07
 Reference value :  5.41406e-07
 Reference value :  5.41858e-07
 Reference value :  5.42330e-07
 Reference value :  5.42840e-07
 Reference value :  5.43322e-07
 Reference value :  5.43816e-07
 Reference value :  5.44285e-07
 Reference value :  5.44740e-07
 Reference value :  5.45216e-07
 Reference value :  5.45690e-07
 Reference value :  5.46181e-07
 Reference value :  5.46667e-07
 Reference value :  5.47131e-07
 Reference value :  5.47622e-07
 Reference value :  5.48091e-07
 Reference value :  5.48565e-07
 Reference value :  5.49025e-07
 Reference value :  5.49490e-07
 Reference value :  5.49946e-07
 Reference value :  5.50413e-07
 Reference value :  5.50881e-07
 Reference value :  5.51339e-07
 Reference value :  5.51801e-07
 Reference value :  5.52260e-07
 Reference value :  5.52784e-07
 Reference value :  5.53245e-07
 Reference value :  5.53720e-07
 Reference value :  5.54195e-07
 Reference value :  5.54673e-07
 Reference value :  5.55133e-07
 Reference value :  5.55610e-07
 Reference value :  5.56081e-07
 Reference value :  5.56557e-07
 Reference value :  5.57025e-07
 Reference value :  5.57490e-07
 Reference value :  5.57964e-07
 Reference value :  5.58428e-07
 Reference value :  5.58900e-07
 Reference value :  5.59363e-07
 Reference value :  5.59840e-07
 Reference value :  5.60307e-07
 Reference value :  5.60770e-07
 Reference value :  5.61234e-07
 Reference value :  5.61690e-07
 Reference value :  5.62156e-07
 Reference value :  5.62631e-07
 Reference value :  5.63092e-07
 Reference value :  5.63561e-07
 Reference value :  5.64032e-07
 Reference value :  5.64515e-07
 Reference value :  5.64981e-07
 Reference value :  5.65451e-07
 Reference value :  5.65917e-07
 Reference value :  5.66372e-07
 Reference value :  5.66840e-07
 Reference value :  5.67320e-07
 Reference value :  5.67786e-07
 Reference value :  5.68250e-07
 Reference value :  5.68720e-07
 Reference value :  5.69185e-07
 Reference value :  5.69660e-07
 Reference value :  5.70122e-07
 Reference value :  5.70576e-07
 Reference value :  5.71030e-07
 Reference value :  5.71493e-07
 Reference value :  5.71959e-07
 Reference value :  5.72424e-07
 Reference value :  5.72908e-07
 Reference value :  5.73391e-07
 Reference value :  5.73860e-07
 Reference value :  5.74335e-07
 Reference value :  5.74826e-07
 Reference value :  5.75308e-07
 Reference value :  5.75780e-07
 Reference value :  5.76261e-07
 Reference value :  5.76740e-07
 Reference value :  5.77210e-07
 Reference value :  5.77671e-07
 Reference value :  5.78147e-07
 Reference value :  5.78630e-07
 Reference value :  5.79100e-07
 Reference value :  5.79563e-07
 Reference value :  5.80020e-07
 Reference value :  5.80489e-07
 Reference value :  5.80956e-07
 Reference value :  5.81421e-07
 Reference value :  5.81911e-07
 Reference value :  5.82406e-07
 Reference value :  5.82919e-07
 Reference value :  5.83418e-07
 Reference value :  5.83881e-07
 Reference value :  5.84345e-07
 Reference value :  5.84809e-07
 Reference value :  5.85280e-07
 Reference value :  5.85759e-07
 Reference value :  5.86234e-07
 Reference value :  5.86700e-07
 Reference value :  5.87199e-07
 Reference value :  5.87691e-07
 Reference value :  5.88203e-07
 Reference value :  5.88711e-07
 Reference value :  5.89208e-07
 Reference value :  5.89697e-07
 Reference value :  5.90177e-07
 Reference value :  5.90651e-07
 Reference value :  5.91116e-07
 Reference value :  5.91585e-07
 Reference value :  5.92048e-07
 Reference value :  5.92521e-07
 Reference value :  5.92991e-07
 Reference value :  5.93449e-07
 Reference value :  5.93920e-07
 Reference value :  5.94400e-07
 Reference value :  5.94854e-07
 Reference value :  5.95348e-07
 Reference value :  5.95824e-07
 Reference value :  5.96284e-07
 Reference value :  5.96760e-07
 Reference value :  5.97230e-07
 Reference value :  5.97697e-07
 Reference value :  5.98170e-07
 Reference value :  5.98640e-07
 Reference value :  5.99106e-07
 Reference value :  5.99580e-07
 Reference value :  6.00069e-07
 Reference value :  6.00536e-07
 Reference value :  6.01004e-07
 Reference value :  6.01467e-07
 Reference value :  6.01936e-07
 Reference value :  6.02407e-07
 Reference value :  6.02891e-07
 Reference value :  6.03358e-07
 Reference value :  6.03833e-07
 Reference value :  6.04305e-07
 Reference value :  6.04767e-07
 Reference value :  6.05241e-07
 Reference value :  6.05710e-07
 Reference value :  6.06180e-07
 Reference value :  6.06645e-07
 Reference value :  6.07124e-07
 Reference value :  6.07591e-07
 Reference value :  6.08060e-07
 Reference value :  6.08520e-07
 Reference value :  6.08980e-07
 Reference value :  6.09447e-07
 Reference value :  6.09918e-07
 Reference value :  6.10381e-07
 Reference value :  6.10850e-07
 Reference value :  6.11320e-07
 Reference value :  6.11789e-07
 Reference value :  6.12258e-07
 Reference value :  6.12734e-07
 Reference value :  6.13200e-07
 Reference value :  6.13660e-07
 Reference value :  6.14132e-07
 Reference value :  6.14604e-07
 Reference value :  6.15071e-07
 Reference value :  6.15551e-07
 Reference value :  6.16030e-07
 Reference value :  6.16516e-07
 Reference value :  6.16989e-07
 Reference value :  6.17461e-07
 Reference value :  6.17931e-07
 Reference value :  6.18394e-07
 Reference value :  6.18855e-07
 Reference value :  6.19317e-07
 Reference value :  6.19781e-07
 Reference value :  6.20236e-07
 Reference value :  6.20694e-07
 Reference value :  6.21180e-07
 Reference value :  6.21641e-07
 Reference value :  6.22124e-07
 Reference value :  6.22597e-07
 Reference value :  6.23064e-07
 Reference value :  6.23504e-07
 Reference value :  6.23940e-07
 Reference value :  6.24391e-07
 Reference value :  6.24849e-07
 Reference value :  6.25318e-07
 Reference value :  6.25783e-07
 Reference value :  6.26243e-07
 Reference value :  6.26700e-07
 Reference value :  6.27154e-07
 Reference value :  6.27618e-07
 Reference value :  6.28080e-07
 Reference value :  6.28552e-07
 Reference value :  6.29020e-07
 Reference value :  6.29500e-07
 Reference value :  6.29960e-07
 Reference value :  6.30423e-07
 Reference value :  6.30912e-07
 Reference value :  6.31371e-07
 Reference value :  6.31854e-07
 Reference value :  6.32335e-07
 Reference value :  6.32809e-07
 Reference value :  6.33279e-07
 Reference value :  6.33745e-07
 Reference value :  6.34217e-07
 Reference value :  6.34670e-07
 Reference value :  6.35145e-07
 Reference value :  6.35613e-07
 Reference value :  6.36068e-07
 Reference value :  6.36539e-07
 Reference value :  6.37000e-07
 Reference value :  6.37465e-07
 Reference value :  6.37927e-07
 Reference value :  6.38396e-07
 Reference value :  6.38860e-07
 Reference value :  6.39312e-07
 Reference value :  6.39790e-07
 Reference value :  6.40251e-07
 Reference value :  6.40718e-07
 Reference value :  6.41200e-07
 Reference value :  6.41664e-07
 Reference value :  6.42124e-07
 Reference value :  6.42591e-07
 Reference value :  6.43054e-07
 Reference value :  6.43531e-07
 Reference value :  6.44004e-07
 Reference value :  6.44461e-07
 Reference value :  6.44924e-07
 Reference value :  6.45387e-07
 Reference value :  6.45850e-07
 Reference value :  6.46315e-07
 Reference value :  6.46774e-07
 Reference value :  6.47250e-07
 Reference value :  6.47719e-07
 Reference value :  6.48195e-07
 Reference value :  6.48671e-07
 Reference value :  6.49152e-07
 Reference value :  6.49621e-07
 Reference value :  6.50084e-07
 Reference value :  6.50555e-07
 Reference value :  6.51020e-07
 Reference value :  6.51496e-07
 Reference value :  6.51959e-07
 Reference value :  6.52423e-07
 Reference value :  6.52891e-07
 Reference value :  6.53364e-07
 Reference value :  6.53834e-07
 Reference value :  6.54321e-07
 Reference value :  6.54796e-07
 Reference value :  6.55260e-07
 Reference value :  6.55721e-07
 Reference value :  6.56184e-07
 Reference value :  6.56652e-07
 Reference value :  6.57118e-07
 Reference value :  6.57573e-07
 Reference value :  6.58055e-07
 Reference value :  6.58541e-07
 Reference value :  6.59008e-07
 Reference value :  6.59466e-07
 Reference value :  6.59932e-07
 Reference value :  6.60395e-07
 Reference value :  6.60860e-07
 Reference value :  6.61330e-07
 Reference value :  6.61800e-07
 Reference value :  6.62263e-07
 Reference value :  6.62731e-07
 Reference value :  6.63200e-07
 Reference value :  6.63661e-07
 Reference value :  6.64139e-07
 Reference value :  6.64601e-07
 Reference value :  6.65166e-07
 Reference value :  6.65716e-07
 Reference value :  6.66191e-07
 Reference value :  6.66660e-07
 Reference value :  6.67133e-07
 Reference value :  6.67590e-07
 Reference value :  6.68060e-07
 Reference value :  6.68534e-07
 Reference value :  6.69011e-07
 Reference value :  6.69490e-07
 Reference value :  6.69955e-07
 Reference value :  6.70417e-07
 Reference value :  6.70887e-07
 Reference value :  6.71359e-07
 Reference value :  6.71829e-07
 Reference value :  6.72307e-07
 Reference value :  6.72770e-07
 Reference value :  6.73238e-07
 Reference value :  6.73700e-07
 Reference value :  6.74184e-07
 Reference value :  6.74671e-07
 Reference value :  6.75171e-07
 Reference value :  6.75662e-07
 Reference value :  6.76160e-07
 Reference value :  6.76658e-07
 Reference value :  6.77150e-07
 Reference value :  6.77624e-07
 Reference value :  6.78087e-07
 Reference value :  6.78566e-07
 Reference value :  6.79029e-07
 Reference value :  6.79499e-07
 Reference value :  6.79970e-07
 Reference value :  6.80442e-07
 Reference value :  6.80908e-07
 Reference value :  6.81381e-07
 Reference value :  6.81870e-07
 Reference value :  6.82341e-07
 Reference value :  6.82801e-07
 Reference value :  6.83276e-07
 Reference value :  6.83770e-07
 Reference value :  6.84290e-07
 Reference value :  6.84789e-07
 Reference value :  6.85321e-07
 Reference value :  6.85838e-07
 Reference value :  6.86332e-07
 Reference value :  6.86842e-07
 Reference value :  6.87333e-07
 Reference value :  6.87801e-07
 Reference value :  6.88300e-07
 Reference value :  6.88778e-07
 Reference value :  6.89265e-07
 Reference value :  6.89748e-07
 Reference value :  6.90233e-07
 Reference value :  6.90704e-07
 Reference value :  6.91177e-07
 Reference value :  6.91641e-07
 Reference value :  6.92112e-07
 Reference value :  6.92589e-07
 Reference value :  6.93053e-07
 Reference value :  6.93519e-07
 Reference value :  6.94032e-07
 Reference value :  6.94513e-07
 Reference value :  6.94979e-07
 Reference value :  6.95462e-07
 Reference value :  6.95930e-07
 Reference value :  6.96400e-07
 Reference value :  6.96871e-07
 Reference value :  6.97348e-07
 Reference value :  6.97808e-07
 Reference value :  6.98271e-07
 Reference value :  6.98741e-07
 Reference value :  6.99214e-07
 Reference value :  6.99676e-07
 Reference value :  7.00140e-07
 Reference value :  7.00600e-07
 Reference value :  7.01064e-07
 Reference value :  7.01528e-07
 Reference value :  7.01985e-07
 Reference value :  7.02466e-07
 Reference value :  7.02964e-07
 Reference value :  7.03430e-07
 Reference value :  7.03902e-07
 Reference value :  7.04371e-07
 Reference value :  7.04837e-07
 Reference value :  7.05308e-07
 Reference value :  7.05781e-07
 Reference value :  7.06265e-07
 Reference value :  7.06729e-07
 Reference value :  7.07230e-07
 Reference value :  7.07683e-07
 Reference value :  7.08150e-07
 Reference value :  7.08621e-07
 Reference value :  7.09098e-07
 Reference value :  7.09559e-07
 Reference value :  7.10031e-07
 Reference value :  7.10510e-07
 Reference value :  7.10981e-07
 Reference value :  7.11442e-07
 Reference value :  7.11918e-07
 Reference value :  7.12393e-07
 Reference value :  7.12882e-07
 Reference value :  7.13520e-07
 Reference value :  7.13988e-07
 Reference value :  7.14474e-07
 Reference value :  7.14956e-07
 Reference value :  7.15434e-07
 Reference value :  7.15912e-07
 Reference value :  7.16373e-07
 Reference value :  7.16845e-07
 Reference value :  7.17314e-07
 Reference value :  7.17799e-07
 Reference value :  7.18273e-07
 Reference value :  7.18744e-07
 Reference value :  7.19235e-07
 Reference value :  7.19700e-07
 Reference value :  7.20176e-07
 Reference value :  7.20634e-07
 Reference value :  7.21100e-07
 Reference value :  7.21570e-07
 Reference value :  7.22055e-07
 Reference value :  7.22520e-07
 Reference value :  7.22981e-07
 Reference value :  7.23450e-07
 Reference value :  7.23916e-07
 Reference value :  7.24382e-07
 Reference value :  7.24846e-07
 Reference value :  7.25313e-07
 Reference value :  7.25781e-07
 Reference value :  7.26330e-07
 Reference value :  7.27107e-07
 Reference value :  7.27891e-07
 Reference value :  7.28686e-07
 Reference value :  7.29323e-07
 Reference value :  7.29821e-07
 Reference value :  7.30392e-07
 Reference value :  7.30933e-07
 Reference value :  7.31415e-07
 Reference value :  7.31890e-07
 Reference value :  7.32372e-07
 Reference value :  7.32955e-07
 Reference value :  7.33741e-07
 Reference value :  7.34472e-07
 Reference value :  7.35210e-07
 Reference value :  7.35669e-07
 Reference value :  7.36160e-07
 Reference value :  7.36636e-07
 Reference value :  7.37104e-07
 Reference value :  7.37552e-07
 Reference value :  7.38011e-07
 Reference value :  7.38493e-07
 Reference value :  7.38957e-07
 Reference value :  7.39427e-07
 Reference value :  7.39888e-07
 Reference value :  7.40346e-07
 Reference value :  7.40802e-07
 Reference value :  7.41260e-07
 Reference value :  7.41712e-07
 Reference value :  7.42170e-07
 Reference value :  7.42616e-07
 Reference value :  7.43071e-07
 Reference value :  7.43538e-07
 Reference value :  7.43991e-07
 Reference value :  7.44442e-07
 Reference value :  7.44890e-07
 Reference value :  7.45340e-07
 Reference value :  7.45806e-07
 Reference value :  7.46260e-07
 Reference value :  7.46708e-07
 Reference value :  7.47160e-07
 Reference value :  7.47604e-07
 Reference value :  7.48059e-07
 Reference value :  7.48503e-07
 Reference value :  7.48972e-07
 Reference value :  7.49431e-07
 Reference value :  7.49874e-07
 Reference value :  7.50334e-07
 Reference value :  7.50787e-07
 Reference value :  7.51238e-07
 Reference value :  7.51681e-07
 Reference value :  7.52145e-07
 Reference value :  7.52591e-07
 Reference value :  7.53034e-07
 Reference value :  7.53480e-07
 Reference value :  7.53931e-07
 Reference value :  7.54381e-07
 Reference value :  7.54830e-07
 Reference value :  7.55295e-07
 Reference value :  7.55767e-07
 Reference value :  7.56227e-07
 Reference value :  7.56700e-07
 Reference value :  7.57321e-07
 Reference value :  7.57771e-07
 Reference value :  7.58230e-07
 Reference value :  7.58699e-07
 Reference value :  7.59164e-07
 Reference value :  7.59638e-07
 Reference value :  7.60107e-07
 Reference value :  7.60579e-07
 Reference value :  7.61047e-07
 Reference value :  7.61520e-07
 Reference value :  7.62010e-07
 Reference value :  7.62480e-07
 Reference value :  7.62950e-07
 Reference value :  7.63408e-07
 Reference value :  7.63871e-07
 Reference value :  7.64327e-07
 Reference value :  7.64787e-07
 Reference value :  7.65250e-07
 Reference value :  7.65695e-07
 Reference value :  7.66158e-07
 Reference value :  7.66620e-07
 Reference value :  7.67071e-07
 Reference value :  7.67551e-07
 Reference value :  7.68030e-07
 Reference value :  7.68480e-07
 Reference value :  7.68931e-07
 Reference value :  7.69398e-07
 Reference value :  7.69851e-07
 Reference value :  7.70318e-07
 Reference value :  7.70781e-07
 Reference value :  7.71239e-07
 Reference value :  7.71717e-07
 Reference value :  7.72182e-07
 Reference value :  7.72650e-07
 Reference value :  7.73120e-07
 Reference value :  7.73590e-07
 Reference value :  7.74058e-07
 Reference value :  7.74530e-07
 Reference value :  7.74996e-07
 Reference value :  7.75470e-07
 Reference value :  7.75940e-07
 Reference value :  7.76410e-07
 Reference value :  7.76876e-07
 Reference value :  7.77360e-07
 Reference value :  7.77831e-07
 Reference value :  7.78350e-07
 Reference value :  7.78820e-07
 Reference value :  7.79299e-07
 Reference value :  7.79777e-07
 Reference value :  7.80242e-07
 Reference value :  7.80712e-07
 Reference value :  7.81183e-07
 Reference value :  7.81657e-07
 Reference value :  7.82121e-07
 Reference value :  7.82606e-07
 Reference value :  7.83073e-07
 Reference value :  7.83550e-07
 Reference value :  7.84026e-07
 Reference value :  7.84500e-07
 Reference value :  7.84975e-07
 Reference value :  7.85449e-07
 Reference value :  7.85916e-07
 Reference value :  7.86401e-07
 Reference value :  7.86863e-07
 Reference value :  7.87346e-07
 Reference value :  7.87820e-07
 Reference value :  7.88300e-07
 Reference value :  7.88781e-07
 Reference value :  7.89247e-07
 Reference value :  7.89728e-07
 Reference value :  7.90201e-07
 Reference value :  7.90672e-07
 Reference value :  7.91144e-07
 Reference value :  7.91615e-07
 Reference value :  7.92078e-07
 Reference value :  7.92542e-07
 Reference value :  7.93003e-07
 Reference value :  7.93464e-07
 Reference value :  7.93970e-07
 Reference value :  7.94443e-07
 Reference value :  7.94920e-07
 Reference value :  7.95382e-07
 Reference value :  7.95883e-07
 Reference value :  7.96350e-07
 Reference value :  7.96819e-07
 Reference value :  7.97306e-07
 Reference value :  7.97780e-07
 Reference value :  7.98231e-07
 Reference value :  7.98692e-07
 Reference value :  7.99176e-07
 Reference value :  7.99635e-07
 Reference value :  8.00100e-07
 Reference value :  8.00581e-07
 Reference value :  8.01045e-07
 Reference value :  8.01519e-07
 Reference value :  8.01998e-07
 Reference value :  8.02480e-07
 Reference value :  8.02971e-07
 Reference value :  8.03451e-07
 Reference value :  8.04001e-07
 Reference value :  8.04479e-07
 Reference value :  8.04949e-07
 Reference value :  8.05425e-07
 Reference value :  8.05900e-07
 Reference value :  8.06362e-07
 Reference value :  8.06838e-07
 Reference value :  8.07310e-07
 Reference value :  8.07820e-07
 Reference value :  8.08304e-07
 Reference value :  8.08780e-07
 Reference value :  8.09248e-07
 Reference value :  8.09720e-07
 Reference value :  8.10205e-07
 Reference value :  8.10672e-07
 Reference value :  8.11140e-07
 Reference value :  8.11607e-07
 Reference value :  8.12079e-07
 Reference value :  8.12540e-07
 Reference value :  8.13010e-07
 Reference value :  8.13475e-07
 Reference value :  8.13962e-07
 Reference value :  8.14484e-07
 Reference value :  8.15000e-07
 Reference value :  8.15490e-07
 Reference value :  8.16001e-07
 Reference value :  8.16480e-07
 Reference value :  8.16950e-07
 Reference value :  8.17607e-07
 Reference value :  8.18081e-07
 Reference value :  8.18580e-07
 Reference value :  8.19060e-07
 Reference value :  8.19552e-07
 Reference value :  8.20020e-07
 Reference value :  8.20510e-07
 Reference value :  8.21027e-07
 Reference value :  8.21529e-07
 Reference value :  8.22047e-07
 Reference value :  8.22550e-07
 Reference value :  8.23045e-07
 Reference value :  8.23520e-07
 Reference value :  8.23990e-07
 Reference value :  8.24461e-07
 Reference value :  8.24924e-07
 Reference value :  8.25418e-07
 Reference value :  8.25885e-07
 Reference value :  8.26342e-07
 Reference value :  8.26826e-07
 Reference value :  8.27319e-07
 Reference value :  8.27779e-07
 Reference value :  8.28257e-07
 Reference value :  8.28720e-07
 Reference value :  8.29180e-07
 Reference value :  8.29664e-07
 Reference value :  8.30127e-07
 Reference value :  8.30595e-07
 Reference value :  8.31077e-07
 Reference value :  8.31540e-07
 Reference value :  8.32004e-07
 Reference value :  8.32464e-07
 Reference value :  8.32945e-07
 Reference value :  8.33432e-07
 Reference value :  8.33919e-07
 Reference value :  8.34409e-07
 Reference value :  8.34883e-07
 Reference value :  8.35360e-07
 Reference value :  8.35821e-07
 Reference value :  8.36294e-07
 Reference value :  8.36767e-07
 Reference value :  8.37239e-07
 Reference value :  8.37711e-07
 Reference value :  8.38191e-07
 Reference value :  8.38671e-07
 Reference value :  8.39130e-07
 Reference value :  8.39602e-07
 Reference value :  8.40095e-07
 Reference value :  8.40555e-07
 Reference value :  8.41029e-07
 Reference value :  8.41500e-07
 Reference value :  8.41960e-07
 Reference value :  8.42445e-07
 Reference value :  8.42920e-07
 Reference value :  8.43395e-07
 Reference value :  8.43870e-07
 Reference value :  8.44342e-07
 Reference value :  8.44810e-07
 Reference value :  8.45291e-07
 Reference value :  8.45756e-07
 Reference value :  8.46210e-07
 Reference value :  8.46691e-07
 Reference value :  8.47154e-07
 Reference value :  8.47630e-07
 Reference value :  8.48128e-07
 Reference value :  8.48616e-07
 Reference value :  8.49075e-07
 Reference value :  8.49550e-07
 Reference value :  8.50040e-07
 Reference value :  8.50525e-07
 Reference value :  8.51069e-07
 Reference value :  8.51558e-07
 Reference value :  8.52067e-07
 Reference value :  8.52530e-07
 Reference value :  8.53003e-07
 Reference value :  8.53468e-07
 Reference value :  8.53940e-07
 Reference value :  8.54421e-07
 Reference value :  8.54881e-07
 Reference value :  8.55364e-07
 Reference value :  8.55843e-07
 Reference value :  8.56310e-07
 Reference value :  8.56785e-07
 Reference value :  8.57251e-07
 Reference value :  8.57724e-07
 Reference value :  8.58176e-07
 Reference value :  8.58641e-07
 Reference value :  8.59112e-07
 Reference value :  8.59570e-07
 Reference value :  8.60091e-07
 Reference value :  8.60585e-07
 Reference value :  8.61051e-07
 Reference value :  8.61522e-07
 Reference value :  8.61980e-07
 Reference value :  8.62450e-07
 Reference value :  8.62915e-07
 Reference value :  8.63390e-07
 Reference value :  8.63863e-07
 Reference value :  8.64330e-07
 Reference value :  8.64790e-07
 Reference value :  8.65265e-07
 Reference value :  8.65737e-07
 Reference value :  8.66210e-07
 Reference value :  8.66689e-07
 Reference value :  8.67179e-07
 Reference value :  8.67649e-07
 Reference value :  8.68125e-07
 Reference value :  8.68607e-07
 Reference value :  8.69083e-07
 Reference value :  8.69541e-07
 Reference value :  8.70000e-07
 Reference value :  8.70473e-07
 Reference value :  8.70950e-07
 Reference value :  8.71402e-07
 Reference value :  8.71880e-07
 Reference value :  8.72350e-07
 Reference value :  8.72821e-07
 Reference value :  8.73294e-07
 Reference value :  8.73788e-07
 Reference value :  8.74261e-07
 Reference value :  8.74735e-07
 Reference value :  8.75211e-07
 Reference value :  8.75683e-07
 Reference value :  8.76153e-07
 Reference value :  8.76640e-07
 Reference value :  8.77130e-07
 Reference value :  8.77598e-07
 Reference value :  8.78061e-07
 Reference value :  8.78549e-07
 Reference value :  8.79011e-07
 Reference value :  8.79491e-07
 Reference value :  8.79953e-07
 Reference value :  8.80439e-07
 Reference value :  8.80907e-07
 Reference value :  8.81375e-07
 Reference value :  8.81840e-07
 Reference value :  8.82310e-07
 Reference value :  8.82780e-07
 Reference value :  8.83250e-07
 Reference value :  8.83721e-07
 Reference value :  8.84198e-07
 Reference value :  8.84662e-07
 Reference value :  8.85134e-07
 Reference value :  8.85612e-07
 Reference value :  8.86076e-07
 Reference value :  8.86558e-07
 Reference value :  8.87024e-07
 Reference value :  8.87500e-07
 Reference value :  8.87961e-07
 Reference value :  8.88427e-07
 Reference value :  8.88895e-07
 Reference value :  8.89380e-07
 Reference value :  8.89867e-07
 Reference value :  8.90340e-07
 Reference value :  8.90824e-07
 Reference value :  8.91284e-07
 Reference value :  8.91751e-07
 Reference value :  8.92232e-07
 Reference value :  8.92705e-07
 Reference value :  8.93174e-07
 Reference value :  8.93653e-07
 Reference value :  8.94130e-07
 Reference value :  8.94601e-07
 Reference value :  8.95066e-07
 Reference value :  8.95530e-07
 Reference value :  8.96020e-07
 Reference value :  8.96490e-07
 Reference value :  8.96951e-07
 Reference value :  8.97432e-07
 Reference value :  8.97901e-07
 Reference value :  8.98370e-07
 Reference value :  8.98841e-07
 Reference value :  8.99321e-07
 Reference value :  8.99800e-07
 Reference value :  9.00271e-07
 Reference value :  9.00760e-07
 Reference value :  9.01240e-07
 Reference value :  9.01704e-07
 Reference value :  9.02170e-07
 Reference value :  9.02631e-07
 Reference value :  9.03100e-07
 Reference value :  9.03561e-07
 Reference value :  9.04020e-07
 Reference value :  9.04497e-07
 Reference value :  9.04965e-07
 Reference value :  9.05436e-07
 Reference value :  9.05920e-07
 Reference value :  9.06403e-07
 Reference value :  9.06878e-07
 Reference value :  9.07343e-07
 Reference value :  9.07813e-07
 Reference value :  9.08292e-07
 Reference value :  9.08770e-07
 Reference value :  9.09246e-07
 Reference value :  9.09712e-07
 Reference value :  9.10180e-07
 Reference value :  9.10650e-07
 Reference value :  9.11116e-07
 Reference value :  9.11602e-07
 Reference value :  9.12067e-07
 Reference value :  9.12540e-07
 Reference value :  9.13010e-07
 Reference value :  9.13490e-07
 Reference value :  9.13979e-07
 Reference value :  9.14456e-07
 Reference value :  9.14963e-07
 Reference value :  9.15430e-07
 Reference value :  9.15909e-07
 Reference value :  9.16370e-07
 Reference value :  9.16840e-07
 Reference value :  9.17308e-07
 Reference value :  9.17764e-07
 Reference value :  9.18238e-07
 Reference value :  9.18714e-07
 Reference value :  9.19179e-07
 Reference value :  9.19670e-07
 Reference value :  9.20138e-07
 Reference value :  9.20599e-07
 Reference value :  9.21080e-07
 Reference value :  9.21548e-07
 Reference value :  9.22032e-07
 Reference value :  9.22501e-07
 Reference value :  9.22989e-07
 Reference value :  9.23505e-07
 Reference value :  9.24152e-07
 Reference value :  9.24968e-07
 Reference value :  9.25441e-07
 Reference value :  9.25910e-07
 Reference value :  9.26400e-07
 Reference value :  9.27072e-07
 Reference value :  9.27592e-07
 Reference value :  9.28105e-07
 Reference value :  9.28612e-07
 Reference value :  9.29114e-07
 Reference value :  9.29617e-07
 Reference value :  9.30105e-07
 Reference value :  9.30576e-07
 Reference value :  9.31035e-07
 Reference value :  9.31501e-07
 Reference value :  9.31981e-07
 Reference value :  9.32452e-07
 Reference value :  9.32930e-07
 Reference value :  9.33407e-07
 Reference value :  9.33885e-07
 Reference value :  9.34351e-07
 Reference value :  9.34825e-07
 Reference value :  9.35300e-07
 Reference value :  9.35782e-07
 Reference value :  9.36298e-07
 Reference value :  9.36790e-07
 Reference value :  9.37351e-07
 Reference value :  9.37860e-07
 Reference value :  9.38350e-07
 Reference value :  9.38824e-07
 Reference value :  9.39322e-07
 Reference value :  9.39815e-07
 Reference value :  9.40276e-07
 Reference value :  9.40743e-07
 Reference value :  9.41244e-07
 Reference value :  9.41719e-07
 Reference value :  9.42197e-07
 Reference value :  9.42679e-07
 Reference value :  9.43150e-07
 Reference value :  9.43624e-07
 Reference value :  9.44097e-07
 Reference value :  9.44581e-07
 Reference value :  9.45047e-07
 Reference value :  9.45526e-07
 Reference value :  9.45998e-07
 Reference value :  9.46475e-07
 Reference value :  9.46945e-07
 Reference value :  9.47405e-07
 Reference value :  9.47879e-07
 Reference value :  9.48350e-07
 Reference value :  9.48805e-07
 Reference value :  9.49268e-07
 Reference value :  9.49745e-07
 Reference value :  9.50206e-07
 Reference value :  9.50670e-07
 Reference value :  9.51150e-07
 Reference value :  9.51638e-07
 Reference value :  9.52098e-07
 Reference value :  9.52559e-07
 Reference value :  9.53074e-07
 Reference value :  9.53560e-07
 Reference value :  9.54040e-07
 Reference value :  9.54523e-07
 Reference value :  9.55017e-07
 Reference value :  9.55499e-07
 Reference value :  9.55974e-07
 Reference value :  9.56442e-07
 Reference value :  9.56920e-07
 Reference value :  9.57386e-07
 Reference value :  9.57860e-07
 Reference value :  9.58338e-07
 Reference value :  9.58810e-07
 Reference value :  9.59340e-07
 Reference value :  9.59926e-07
 Reference value :  9.60393e-07
 Reference value :  9.60852e-07
 Reference value :  9.61330e-07
 Reference value :  9.61798e-07
 Reference value :  9.62269e-07
 Reference value :  9.62752e-07
 Reference value :  9.63221e-07
 Reference value :  9.63688e-07
 Reference value :  9.64152e-07
 Reference value :  9.64616e-07
 Reference value :  9.65071e-07
 Reference value :  9.65542e-07
 Reference value :  9.66004e-07
 Reference value :  9.66479e-07
 Reference value :  9.66946e-07
 Reference value :  9.67411e-07
 Reference value :  9.67877e-07
 Reference value :  9.68341e-07
 Reference value :  9.68812e-07
 Reference value :  9.69279e-07
 Reference value :  9.69755e-07
 Reference value :  9.70220e-07
 Reference value :  9.70700e-07
 Reference value :  9.71174e-07
 Reference value :  9.71653e-07
 Reference value :  9.72130e-07
 Reference value :  9.72609e-07
 Reference value :  9.73099e-07
 Reference value :  9.73548e-07
 Reference value :  9.74027e-07
 Reference value :  9.74490e-07
 Reference value :  9.74953e-07
 Reference value :  9.75430e-07
 Reference value :  9.75917e-07
 Reference value :  9.76393e-07
 Reference value :  9.76863e-07
 Reference value :  9.77336e-07
 Reference value :  9.77811e-07
 Reference value :  9.78286e-07
 Reference value :  9.78760e-07
 Reference value :  9.79244e-07
 Reference value :  9.79709e-07
 Reference value :  9.80180e-07
 Reference value :  9.80636e-07
 Reference value :  9.81108e-07
 Reference value :  9.81561e-07
 Reference value :  9.82042e-07
 Reference value :  9.82655e-07
 Reference value :  9.83214e-07
 Reference value :  9.83672e-07
 Reference value :  9.84130e-07
 Reference value :  9.84580e-07
 Reference value :  9.85058e-07
 Reference value :  9.85521e-07
 Reference value :  9.85982e-07
 Reference value :  9.86448e-07
 Reference value :  9.86900e-07
 Reference value :  9.87563e-07
 Reference value :  9.88010e-07
 Reference value :  9.88457e-07
 Reference value :  9.88910e-07
 Reference value :  9.89393e-07
 Reference value :  9.89840e-07
 Reference value :  9.90303e-07
 Reference value :  9.90765e-07
 Reference value :  9.91220e-07
 Reference value :  9.91674e-07
 Reference value :  9.92119e-07
 Reference value :  9.92580e-07
 Reference value :  9.93040e-07
 Reference value :  9.93491e-07
 Reference value :  9.93951e-07
 Reference value :  9.94421e-07
 Reference value :  9.94880e-07
 Reference value :  9.95341e-07
 Reference value :  9.95794e-07
 Reference value :  9.96259e-07
 Reference value :  9.96703e-07
 Reference value :  9.97154e-07
 Reference value :  9.97600e-07
 Reference value :  9.98062e-07
 Reference value :  9.98506e-07
 Reference value :  9.98956e-07
 Reference value :  9.99424e-07
 Reference value :  9.99871e-07
 Reference value :  1.00032e-06
 Reference value :  1.00076e-06
 Reference value :  1.00122e-06
 Reference value :  1.00168e-06
 Reference value :  1.00214e-06
 Reference value :  1.00260e-06
 Reference value :  1.00304e-06
 Reference value :  1.00349e-06
 Reference value :  1.00395e-06
 Reference value :  1.00440e-06
 Reference value :  1.00485e-06
 Reference value :  1.00531e-06
 Reference value :  1.00578e-06
 Reference value :  1.00622e-06
 Reference value :  1.00670e-06
 Reference value :  1.00715e-06
 Reference value :  1.00760e-06
 Reference value :  1.00804e-06
 Reference value :  1.00849e-06
 Reference value :  1.00894e-06
 Reference value :  1.00939e-06
 Reference value :  1.00984e-06
 Reference value :  1.01030e-06
 Reference value :  1.01075e-06
 Reference value :  1.01119e-06
 Reference value :  1.01165e-06
 Reference value :  1.01209e-06
 Reference value :  1.01254e-06
 Reference value :  1.01298e-06
 Reference value :  1.01342e-06
 Reference value :  1.01388e-06
 Reference value :  1.01435e-06
 Reference value :  1.01479e-06
 Reference value :  1.01525e-06
 Reference value :  1.01570e-06
 Reference value :  1.01614e-06
 Reference value :  1.01661e-06
 Reference value :  1.01706e-06
 Reference value :  1.01750e-06
 Reference value :  1.01795e-06
 Reference value :  1.01841e-06
 Reference value :  1.01886e-06
 Reference value :  1.01931e-06
 Reference value :  1.01979e-06
 Reference value :  1.02023e-06
 Reference value :  1.02067e-06
 Reference value :  1.02113e-06
 Reference value :  1.02160e-06
 Reference value :  1.02204e-06
 Reference value :  1.02249e-06
 Reference value :  1.02294e-06
 Reference value :  1.02339e-06
 Reference value :  1.02385e-06
 Reference value :  1.02429e-06
 Reference value :  1.02474e-06
 Reference value :  1.02519e-06
 Reference value :  1.02565e-06
 Reference value :  1.02611e-06
 Reference value :  1.02656e-06
 Reference value :  1.02700e-06
 Reference value :  1.02746e-06
 Reference value :  1.02793e-06
 Reference value :  1.02838e-06
 Reference value :  1.02883e-06
 Reference value :  1.02930e-06
 Reference value :  1.02975e-06
 Reference value :  1.03021e-06
 Reference value :  1.03065e-06
 Reference value :  1.03109e-06
 Reference value :  1.03155e-06
 Reference value :  1.03199e-06
 Reference value :  1.03244e-06
 Reference value :  1.03290e-06
 Reference value :  1.03334e-06
 Reference value :  1.03379e-06
 Reference value :  1.03423e-06
 Reference value :  1.03470e-06
 Reference value :  1.03516e-06
 Reference value :  1.03562e-06
 Reference value :  1.03607e-06
 Reference value :  1.03653e-06
 Reference value :  1.03698e-06
 Reference value :  1.03743e-06
 Reference value :  1.03788e-06
 Reference value :  1.03834e-06
 Reference value :  1.03878e-06
 Reference value :  1.03923e-06
 Reference value :  1.03969e-06
 Reference value :  1.04016e-06
 Reference value :  1.04062e-06
 Reference value :  1.04108e-06
 Reference value :  1.04153e-06
 Reference value :  1.04199e-06
 Reference value :  1.04245e-06
 Reference value :  1.04290e-06
 Reference value :  1.04336e-06
 Reference value :  1.04383e-06
 Reference value :  1.04428e-06
 Reference value :  1.04473e-06
 Reference value :  1.04519e-06
 Reference value :  1.04563e-06
 Reference value :  1.04609e-06
 Reference value :  1.04653e-06
 Reference value :  1.04698e-06
 Reference value :  1.04743e-06
 Reference value :  1.04789e-06
 Reference value :  1.04834e-06
 Reference value :  1.04878e-06
 Reference value :  1.04925e-06
 Reference value :  1.04971e-06
 Reference value :  1.05017e-06
 Reference value :  1.05064e-06
 Reference value :  1.05110e-06
 Reference value :  1.05159e-06
 Reference value :  1.05202e-06
 Reference value :  1.05247e-06
 Reference value :  1.05293e-06
 Reference value :  1.05339e-06
 Reference value :  1.05386e-06
 Reference value :  1.05431e-06
 Reference value :  1.05476e-06
 Reference value :  1.05522e-06
 Reference value :  1.05568e-06
 Reference value :  1.05613e-06
 Reference value :  1.05659e-06
 Reference value :  1.05705e-06
 Reference value :  1.05749e-06
 Reference value :  1.05800e-06
 Reference value :  1.05849e-06
 Reference value :  1.05898e-06
 Reference value :  1.05945e-06
 Reference value :  1.05989e-06
 Reference value :  1.06034e-06
 Reference value :  1.06080e-06
 Reference value :  1.06124e-06
 Reference value :  1.06169e-06
 Reference value :  1.06215e-06
 Reference value :  1.06262e-06
 Reference value :  1.06306e-06
 Reference value :  1.06351e-06
 Reference value :  1.06397e-06
 Reference value :  1.06441e-06
 Reference value :  1.06488e-06
 Reference value :  1.06532e-06
 Reference value :  1.06576e-06
 Reference value :  1.06622e-06
 Reference value :  1.06665e-06
 Reference value :  1.06709e-06
 Reference value :  1.06754e-06
 Reference value :  1.06800e-06
 Reference value :  1.06846e-06
 Reference value :  1.06892e-06
 Reference value :  1.06937e-06
 Reference value :  1.06982e-06
 Reference value :  1.07028e-06
 Reference value :  1.07073e-06
 Reference value :  1.07119e-06
 Reference value :  1.07166e-06
 Reference value :  1.07211e-06
 Reference value :  1.07257e-06
 Reference value :  1.07302e-06
 Reference value :  1.07348e-06
 Reference value :  1.07392e-06
 Reference value :  1.07438e-06
 Reference value :  1.07483e-06
 Reference value :  1.07530e-06
 Reference value :  1.07577e-06
 Reference value :  1.07622e-06
 Reference value :  1.07667e-06
 Reference value :  1.07711e-06
 Reference value :  1.07759e-06
 Reference value :  1.07819e-06
 Reference value :  1.07865e-06
 Reference value :  1.07909e-06
 Reference value :  1.07954e-06
 Reference value :  1.08001e-06
 Reference value :  1.08045e-06
 Reference value :  1.08092e-06
 Reference value :  1.08137e-06
 Reference value :  1.08183e-06
 Reference value :  1.08228e-06
 Reference value :  1.08274e-06
 Reference value :  1.08319e-06
 Reference value :  1.08364e-06
 Reference value :  1.08409e-06
 Reference value :  1.08454e-06
 Reference value :  1.08500e-06
 Reference value :  1.08544e-06
 Reference value :  1.08589e-06
 Reference value :  1.08633e-06
 Reference value :  1.08678e-06
 Reference value :  1.08724e-06
 Reference value :  1.08774e-06
 Reference value :  1.08819e-06
 Reference value :  1.08864e-06
 Reference value :  1.08909e-06
 Reference value :  1.08954e-06
 Reference value :  1.08999e-06
 Reference value :  1.09044e-06
 Reference value :  1.09090e-06
 Reference value :  1.09136e-06
 Reference value :  1.09182e-06
 Reference value :  1.09228e-06
 Reference value :  1.09272e-06
 Reference value :  1.09318e-06
 Reference value :  1.09364e-06
 Reference value :  1.09408e-06
 Reference value :  1.09455e-06
 Reference value :  1.09502e-06
 Reference value :  1.09546e-06
 Reference value :  1.09590e-06
 Reference value :  1.09635e-06
 Reference value :  1.09680e-06
 Reference value :  1.09725e-06
 Reference value :  1.09770e-06
 Reference value :  1.09815e-06
 Reference value :  1.09861e-06
 Reference value :  1.09904e-06
 Reference value :  1.09950e-06
 Reference value :  1.09995e-06
 Reference value :  1.10041e-06
 Reference value :  1.10085e-06
 Reference value :  1.10131e-06
 Reference value :  1.10176e-06
 Reference value :  1.10221e-06
 Reference value :  1.10267e-06
 Reference value :  1.10312e-06
 Reference value :  1.10355e-06
 Reference value :  1.10401e-06
 Reference value :  1.10445e-06
 Reference value :  1.10489e-06
 Reference value :  1.10534e-06
 Reference value :  1.10580e-06
 Reference value :  1.10625e-06
 Reference value :  1.10671e-06
 Reference value :  1.10716e-06
 Reference value :  1.10761e-06
 Reference value :  1.10805e-06
 Reference value :  1.10850e-06
 Reference value :  1.10897e-06
 Reference value :  1.10941e-06
 Reference value :  1.10986e-06
 Reference value :  1.11030e-06
 Reference value :  1.11075e-06
 Reference value :  1.11122e-06
 Reference value :  1.11167e-06
 Reference value :  1.11211e-06
 Reference value :  1.11255e-06
 Reference value :  1.11301e-06
 Reference value :  1.11348e-06
 Reference value :  1.11392e-06
 Reference value :  1.11437e-06
 Reference value :  1.11483e-06
 Reference value :  1.11528e-06
 Reference value :  1.11575e-06
 Reference value :  1.11621e-06
 Reference value :  1.11665e-06
 Reference value :  1.11709e-06
 Reference value :  1.11755e-06
 Reference value :  1.11799e-06
 Reference value :  1.11843e-06
 Reference value :  1.11888e-06
 Reference value :  1.11935e-06
 Reference value :  1.11980e-06
 Reference value :  1.12026e-06
 Reference value :  1.12074e-06
 Reference value :  1.12118e-06
 Reference value :  1.12164e-06
 Reference value :  1.12210e-06
 Reference value :  1.12254e-06
 Reference value :  1.12298e-06
 Reference value :  1.12343e-06
 Reference value :  1.12390e-06
 Reference value :  1.12435e-06
 Reference value :  1.12481e-06
 Reference value :  1.12527e-06
 Reference value :  1.12572e-06
 Reference value :  1.12617e-06
 Reference value :  1.12663e-06
 Reference value :  1.12709e-06
 Reference value :  1.12755e-06
 Reference value :  1.12802e-06
 Reference value :  1.12847e-06
 Reference value :  1.12892e-06
 Reference value :  1.12938e-06
 Reference value :  1.12984e-06
 Reference value :  1.13029e-06
 Reference value :  1.13075e-06
 Reference value :  1.13121e-06
 Reference value :  1.13168e-06
 Reference value :  1.13213e-06
 Reference value :  1.13258e-06
 Reference value :  1.13304e-06
 Reference value :  1.13348e-06
 Reference value :  1.13394e-06
 Reference value :  1.13441e-06
 Reference value :  1.13493e-06
 Reference value :  1.13550e-06
 Reference value :  1.13595e-06
 Reference value :  1.13640e-06
 Reference value :  1.13686e-06
 Reference value :  1.13732e-06
 Reference value :  1.13777e-06
 Reference value :  1.13842e-06
 Reference value :  1.13888e-06
 Reference value :  1.13933e-06
 Reference value :  1.13977e-06
 Reference value :  1.14025e-06
 Reference value :  1.14070e-06
 Reference value :  1.14116e-06
 Reference value :  1.14163e-06
 Reference value :  1.14208e-06
 Reference value :  1.14255e-06
 Reference value :  1.14298e-06
 Reference value :  1.14343e-06
 Reference value :  1.14389e-06
 Reference value :  1.14436e-06
 Reference value :  1.14482e-06
 Reference value :  1.14527e-06
 Reference value :  1.14573e-06
 Reference value :  1.14619e-06
 Reference value :  1.14664e-06
 Reference value :  1.14710e-06
 Reference value :  1.14756e-06
 Reference value :  1.14800e-06
 Reference value :  1.14846e-06
 Reference value :  1.14892e-06
 Reference value :  1.14937e-06
 Reference value :  1.14984e-06
 Reference value :  1.15030e-06
 Reference value :  1.15076e-06
 Reference value :  1.15122e-06
 Reference value :  1.15169e-06
 Reference value :  1.15214e-06
 Reference value :  1.15259e-06
 Reference value :  1.15304e-06
 Reference value :  1.15350e-06
 Reference value :  1.15396e-06
 Reference value :  1.15443e-06
 Reference value :  1.15487e-06
 Reference value :  1.15533e-06
 Reference value :  1.15577e-06
 Reference value :  1.15624e-06
 Reference value :  1.15668e-06
 Reference value :  1.15712e-06
 Reference value :  1.15757e-06
 Reference value :  1.15804e-06
 Reference value :  1.15849e-06
 Reference value :  1.15894e-06
 Reference value :  1.15940e-06
 Reference value :  1.15986e-06
 Reference value :  1.16032e-06
 Reference value :  1.16076e-06
 Reference value :  1.16122e-06
 Reference value :  1.16168e-06
 Reference value :  1.16211e-06
 Reference value :  1.16259e-06
 Reference value :  1.16306e-06
 Reference value :  1.16352e-06
 Reference value :  1.16397e-06
 Reference value :  1.16445e-06
 Reference value :  1.16490e-06
 Reference value :  1.16536e-06
 Reference value :  1.16584e-06
 Reference value :  1.16630e-06
 Reference value :  1.16675e-06
 Reference value :  1.16721e-06
 Reference value :  1.16767e-06
 Reference value :  1.16812e-06
 Reference value :  1.16857e-06
 Reference value :  1.16901e-06
 Reference value :  1.16947e-06
 Reference value :  1.16992e-06
 Reference value :  1.17039e-06
 Reference value :  1.17085e-06
 Reference value :  1.17130e-06
 Reference value :  1.17176e-06
 Reference value :  1.17222e-06
 Reference value :  1.17266e-06
 Reference value :  1.17312e-06
 Reference value :  1.17359e-06
 Reference value :  1.17405e-06
 Reference value :  1.17450e-06
 Reference value :  1.17496e-06
 Reference value :  1.17543e-06
 Reference value :  1.17587e-06
 Reference value :  1.17633e-06
 Reference value :  1.17679e-06
 Reference value :  1.17725e-06
 Reference value :  1.17770e-06
 Reference value :  1.17816e-06
 Reference value :  1.17860e-06
 Reference value :  1.17905e-06
 Reference value :  1.17949e-06
 Reference value :  1.17994e-06
 Reference value :  1.18039e-06
 Reference value :  1.18083e-06
 Reference value :  1.18127e-06
 Reference value :  1.18171e-06
 Reference value :  1.18217e-06
 Reference value :  1.18263e-06
 Reference value :  1.18308e-06
 Reference value :  1.18353e-06
 Reference value :  1.18399e-06
 Reference value :  1.18445e-06
 Reference value :  1.18491e-06
 Reference value :  1.18535e-06
 Reference value :  1.18580e-06
 Reference value :  1.18625e-06
 Reference value :  1.18670e-06
 Reference value :  1.18716e-06
 Reference value :  1.18778e-06
 Reference value :  1.18824e-06
 Reference value :  1.18868e-06
 Reference value :  1.18913e-06
 Reference value :  1.18959e-06
 Reference value :  1.19003e-06
 Reference value :  1.19050e-06
 Reference value :  1.19095e-06
 Reference value :  1.19139e-06
 Reference value :  1.19184e-06
 Reference value :  1.19230e-06
 Reference value :  1.19276e-06
 Reference value :  1.19321e-06
 Reference value :  1.19368e-06
 Reference value :  1.19413e-06
 Reference value :  1.19459e-06
 Reference value :  1.19507e-06
 Reference value :  1.19553e-06
 Reference value :  1.19597e-06
 Reference value :  1.19643e-06
 Reference value :  1.19688e-06
 Reference value :  1.19734e-06
 Reference value :  1.19779e-06
 Reference value :  1.19825e-06
 Reference value :  1.19869e-06
 Reference value :  1.19915e-06
 Reference value :  1.19960e-06
 Reference value :  1.20004e-06
 Reference value :  1.20050e-06
 Reference value :  1.20096e-06
 Reference value :  1.20140e-06
 Reference value :  1.20186e-06
 Reference value :  1.20232e-06
 Reference value :  1.20279e-06
 Reference value :  1.20324e-06
 Reference value :  1.20370e-06
 Reference value :  1.20417e-06
 Reference value :  1.20463e-06
 Reference value :  1.20509e-06
 Reference value :  1.20555e-06
 Reference value :  1.20599e-06
 Reference value :  1.20644e-06
 Reference value :  1.20693e-06
 Reference value :  1.20740e-06
 Reference value :  1.20785e-06
 Reference value :  1.20830e-06
 Reference value :  1.20876e-06
 Reference value :  1.20922e-06
 Reference value :  1.20970e-06
 Reference value :  1.21015e-06
 Reference value :  1.21064e-06
 Reference value :  1.21115e-06
 Reference value :  1.21160e-06
 Reference value :  1.21206e-06
 Reference value :  1.21251e-06
 Reference value :  1.21297e-06
 Reference value :  1.21343e-06
 Reference value :  1.21387e-06
 Reference value :  1.21431e-06
 Reference value :  1.21475e-06
 Reference value :  1.21520e-06
 Reference value :  1.21565e-06
 Reference value :  1.21610e-06
 Reference value :  1.21654e-06
 Reference value :  1.21699e-06
 Reference value :  1.21744e-06
 Reference value :  1.21792e-06
 Reference value :  1.21839e-06
 Reference value :  1.21885e-06
 Reference value :  1.21931e-06
 Reference value :  1.21978e-06
 Reference value :  1.22022e-06
 Reference value :  1.22069e-06
 Reference value :  1.22113e-06
 Reference value :  1.22159e-06
 Reference value :  1.22203e-06
 Reference value :  1.22247e-06
 Reference value :  1.22290e-06
 Reference value :  1.22335e-06
 Reference value :  1.22379e-06
 Reference value :  1.22425e-06
 Reference value :  1.22470e-06
 Reference value :  1.22517e-06
 Reference value :  1.22561e-06
 Reference value :  1.22606e-06
 Reference value :  1.22651e-06
 Reference value :  1.22696e-06
 Reference value :  1.22740e-06
 Reference value :  1.22786e-06
 Reference value :  1.22836e-06
 Reference value :  1.22880e-06
 Reference value :  1.22925e-06
 Reference value :  1.22971e-06
 Reference value :  1.23017e-06
 Reference value :  1.23067e-06
 Reference value :  1.23118e-06
 Reference value :  1.23176e-06
 Reference value :  1.23220e-06
 Reference value :  1.23274e-06
 Reference value :  1.23321e-06
 Reference value :  1.23368e-06
 Reference value :  1.23413e-06
 Reference value :  1.23459e-06
 Reference value :  1.23508e-06
 Reference value :  1.23553e-06
 Reference value :  1.23598e-06
 Reference value :  1.23643e-06
 Reference value :  1.23688e-06
 Reference value :  1.23733e-06
 Reference value :  1.23778e-06
 Reference value :  1.23823e-06
 Reference value :  1.23869e-06
 Reference value :  1.23917e-06
 Reference value :  1.23964e-06
 Reference value :  1.24009e-06
 Reference value :  1.24055e-06
 Reference value :  1.24101e-06
 Reference value :  1.24147e-06
 Reference value :  1.24192e-06
 Reference value :  1.24238e-06
 Reference value :  1.24282e-06
 Reference value :  1.24327e-06
 Reference value :  1.24373e-06
 Reference value :  1.24419e-06
 Reference value :  1.24463e-06
 Reference value :  1.24508e-06
 Reference value :  1.24553e-06
 Reference value :  1.24597e-06
 Reference value :  1.24643e-06
 Reference value :  1.24687e-06
 Reference value :  1.24731e-06
 Reference value :  1.24784e-06
 Reference value :  1.24838e-06
 Reference value :  1.24882e-06
 Reference value :  1.24928e-06
 Reference value :  1.24974e-06
 Reference value :  1.25020e-06
 Reference value :  1.25063e-06
 Reference value :  1.25109e-06
 Reference value :  1.25158e-06
 Reference value :  1.25203e-06
 Reference value :  1.25248e-06
 Reference value :  1.25294e-06
 Reference value :  1.25340e-06
 Reference value :  1.25384e-06
 Reference value :  1.25429e-06
 Reference value :  1.25474e-06
 Reference value :  1.25519e-06
 Reference value :  1.25565e-06
 Reference value :  1.25611e-06
 Reference value :  1.25656e-06
 Reference value :  1.25701e-06
 Reference value :  1.25746e-06
 Reference value :  1.25790e-06
 Reference value :  1.25835e-06
 Reference value :  1.25881e-06
 Reference value :  1.25926e-06
 Reference value :  1.25973e-06
 Reference value :  1.26020e-06
 Reference value :  1.26067e-06
 Reference value :  1.26113e-06
 Reference value :  1.26158e-06
 Reference value :  1.26203e-06
 Reference value :  1.26251e-06
 Reference value :  1.26295e-06
 Reference value :  1.26341e-06
 Reference value :  1.26386e-06
 Reference value :  1.26431e-06
 Reference value :  1.26474e-06
 Reference value :  1.26521e-06
 Reference value :  1.26567e-06
 Reference value :  1.26610e-06
 Reference value :  1.26657e-06
 Reference value :  1.26702e-06
 Reference value :  1.26747e-06
 Reference value :  1.26793e-06
 Reference value :  1.26837e-06
 Reference value :  1.26882e-06
 Reference value :  1.26927e-06
 Reference value :  1.26974e-06
 Reference value :  1.27018e-06
 Reference value :  1.27062e-06
 Reference value :  1.27108e-06
 Reference value :  1.27153e-06
 Reference value :  1.27198e-06
 Reference value :  1.27243e-06
 Reference value :  1.27293e-06
 Reference value :  1.27338e-06
 Reference value :  1.27384e-06
 Reference value :  1.27430e-06
 Reference value :  1.27484e-06
 Reference value :  1.27530e-06
 Reference value :  1.27586e-06
 Reference value :  1.27638e-06
 Reference value :  1.27701e-06
 Reference value :  1.27756e-06
 Reference value :  1.27805e-06
 Reference value :  1.27849e-06
 Reference value :  1.27896e-06
 Reference value :  1.27940e-06
 Reference value :  1.27984e-06
 Reference value :  1.28029e-06
 Reference value :  1.28075e-06
 Reference value :  1.28118e-06
 Reference value :  1.28164e-06
 Reference value :  1.28209e-06
 Reference value :  1.28252e-06
 Reference value :  1.28298e-06
 Reference value :  1.28345e-06
 Reference value :  1.28391e-06
 Reference value :  1.28438e-06
 Reference value :  1.28482e-06
 Reference value :  1.28527e-06
 Reference value :  1.28572e-06
 Reference value :  1.28619e-06
 Reference value :  1.28663e-06
 Reference value :  1.28710e-06
 Reference value :  1.28756e-06
 Reference value :  1.28802e-06
 Reference value :  1.28846e-06
 Reference value :  1.28891e-06
 Reference value :  1.28935e-06
 Reference value :  1.28979e-06
 Reference value :  1.29024e-06
 Reference value :  1.29069e-06
 Reference value :  1.29112e-06
 Reference value :  1.29157e-06
 Reference value :  1.29202e-06
 Reference value :  1.29247e-06
 Reference value :  1.29292e-06
 Reference value :  1.29337e-06
 Reference value :  1.29381e-06
 Reference value :  1.29429e-06
 Reference value :  1.29473e-06
 Reference value :  1.29519e-06
 Reference value :  1.29565e-06
 Reference value :  1.29611e-06
 Reference value :  1.29656e-06
 Reference value :  1.29701e-06
 Reference value :  1.29745e-06
 Reference value :  1.29790e-06
 Reference value :  1.29837e-06
 Reference value :  1.29882e-06
 Reference value :  1.29928e-06
 Reference value :  1.29975e-06
 Reference value :  1.30021e-06
 Reference value :  1.30066e-06
 Reference value :  1.30112e-06
 Reference value :  1.30158e-06
 Reference value :  1.30203e-06
 Reference value :  1.30247e-06
 Reference value :  1.30294e-06
 Reference value :  1.30340e-06
 Reference value :  1.30388e-06
 Reference value :  1.30434e-06
 Reference value :  1.30480e-06
 Reference value :  1.30525e-06
 Reference value :  1.30571e-06
 Reference value :  1.30619e-06
 Reference value :  1.30665e-06
 Reference value :  1.30711e-06
 Reference value :  1.30756e-06
 Reference value :  1.30804e-06
 Reference value :  1.30851e-06
 Reference value :  1.30895e-06
 Reference value :  1.30941e-06
 Reference value :  1.30987e-06
 Reference value :  1.31032e-06
 Reference value :  1.31078e-06
 Reference value :  1.31123e-06
 Reference value :  1.31170e-06
 Reference value :  1.31214e-06
 Reference value :  1.31259e-06
 Reference value :  1.31305e-06
 Reference value :  1.31352e-06
 Reference value :  1.31399e-06
 Reference value :  1.31446e-06
 Reference value :  1.31494e-06
 Reference value :  1.31540e-06
 Reference value :  1.31585e-06
 Reference value :  1.31630e-06
 Reference value :  1.31675e-06
 Reference value :  1.31747e-06
 Reference value :  1.31796e-06
 Reference value :  1.31842e-06
 Reference value :  1.31887e-06
 Reference value :  1.31932e-06
 Reference value :  1.31977e-06
 Reference value :  1.32022e-06
 Reference value :  1.32067e-06
 Reference value :  1.32113e-06
 Reference value :  1.32160e-06
 Reference value :  1.32210e-06
 Reference value :  1.32256e-06
 Reference value :  1.32302e-06
 Reference value :  1.32349e-06
 Reference value :  1.32394e-06
 Reference value :  1.32440e-06
 Reference value :  1.32484e-06
 Reference value :  1.32529e-06
 Reference value :  1.32575e-06
 Reference value :  1.32620e-06
 Reference value :  1.32667e-06
 Reference value :  1.32714e-06
 Reference value :  1.32760e-06
 Reference value :  1.32806e-06
 Reference value :  1.32851e-06
 Reference value :  1.32897e-06
 Reference value :  1.32942e-06
 Reference value :  1.32989e-06
 Reference value :  1.33035e-06
 Reference value :  1.33080e-06
 Reference value :  1.33127e-06
 Reference value :  1.33173e-06
 Reference value :  1.33219e-06
 Reference value :  1.33267e-06
 Reference value :  1.33314e-06
 Reference value :  1.33359e-06
 Reference value :  1.33404e-06
 Reference value :  1.33449e-06
 Reference value :  1.33497e-06
 Reference value :  1.33544e-06
 Reference value :  1.33589e-06
 Reference value :  1.33634e-06
 Reference value :  1.33679e-06
 Reference value :  1.33725e-06
 Reference value :  1.33770e-06
 Reference value :  1.33815e-06
 Reference value :  1.33861e-06
 Reference value :  1.33906e-06
 Reference value :  1.33952e-06
 Reference value :  1.33997e-06
 Reference value :  1.34043e-06
 Reference value :  1.34089e-06
 Reference value :  1.34134e-06
 Reference value :  1.34181e-06
 Reference value :  1.34228e-06
 Reference value :  1.34276e-06
 Reference value :  1.34323e-06
 Reference value :  1.34372e-06
 Reference value :  1.34422e-06
 Reference value :  1.34467e-06
 Reference value :  1.34512e-06
 Reference value :  1.34556e-06
 Reference value :  1.34604e-06
 Reference value :  1.34651e-06
 Reference value :  1.34696e-06
 Reference value :  1.34742e-06
 Reference value :  1.34788e-06
 Reference value :  1.34835e-06
 Reference value :  1.34882e-06
 Reference value :  1.34927e-06
 Reference value :  1.34975e-06
 Reference value :  1.35019e-06
 Reference value :  1.35064e-06
 Reference value :  1.35108e-06
 Reference value :  1.35154e-06
 Reference value :  1.35199e-06
 Reference value :  1.35247e-06
 Reference value :  1.35291e-06
 Reference value :  1.35339e-06
 Reference value :  1.35385e-06
 Reference value :  1.35432e-06
 Reference value :  1.35476e-06
 Reference value :  1.35522e-06
 Reference value :  1.35569e-06
 Reference value :  1.35614e-06
 Reference value :  1.35659e-06
 Reference value :  1.35704e-06
 Reference value :  1.35750e-06
 Reference value :  1.35796e-06
 Reference value :  1.35841e-06
 Reference value :  1.35887e-06
 Reference value :  1.35933e-06
 Reference value :  1.35978e-06
 Reference value :  1.36023e-06
 Reference value :  1.36069e-06
 Reference value :  1.36114e-06
 Reference value :  1.36159e-06
 Reference value :  1.36204e-06
 Reference value :  1.36249e-06
 Reference value :  1.36295e-06
 Reference value :  1.36340e-06
 Reference value :  1.36385e-06
 Reference value :  1.36429e-06
 Reference value :  1.36474e-06
 Reference value :  1.36520e-06
 Reference value :  1.36564e-06
 Reference value :  1.36609e-06
 Reference value :  1.36678e-06
 Reference value :  1.36722e-06
 Reference value :  1.36767e-06
 Reference value :  1.36811e-06
 Reference value :  1.36856e-06
 Reference value :  1.36901e-06
 Reference value :  1.36946e-06
 Reference value :  1.36991e-06
 Reference value :  1.37037e-06
 Reference value :  1.37082e-06
 Reference value :  1.37127e-06
 Reference value :  1.37174e-06
 Reference value :  1.37219e-06
 Reference value :  1.37264e-06
 Reference value :  1.37310e-06
 Reference value :  1.37357e-06
 Reference value :  1.37405e-06
 Reference value :  1.37449e-06
 Reference value :  1.37495e-06
 Reference value :  1.37540e-06
 Reference value :  1.37584e-06
 Reference value :  1.37629e-06
 Reference value :  1.37675e-06
 Reference value :  1.37720e-06
 Reference value :  1.37764e-06
 Reference value :  1.37810e-06
 Reference value :  1.37857e-06
 Reference value :  1.37903e-06
 Reference value :  1.37952e-06
 Reference value :  1.37998e-06
 Reference value :  1.38043e-06
 Reference value :  1.38089e-06
 Reference value :  1.38135e-06
 Reference value :  1.38179e-06
 Reference value :  1.38224e-06
 Reference value :  1.38271e-06
 Reference value :  1.38316e-06
 Reference value :  1.38363e-06
 Reference value :  1.38408e-06
 Reference value :  1.38453e-06
 Reference value :  1.38500e-06
 Reference value :  1.38545e-06
 Reference value :  1.38591e-06
 Reference value :  1.38637e-06
 Reference value :  1.38682e-06
 Reference value :  1.38729e-06
 Reference value :  1.38774e-06
 Reference value :  1.38819e-06
 Reference value :  1.38863e-06
 Reference value :  1.38909e-06
 Reference value :  1.38957e-06
 Reference value :  1.39003e-06
 Reference value :  1.39052e-06
 Reference value :  1.39099e-06
 Reference value :  1.39145e-06
 Reference value :  1.39191e-06
 Reference value :  1.39237e-06
 Reference value :  1.39284e-06
 Reference value :  1.39329e-06
 Reference value :  1.39375e-06
 Reference value :  1.39421e-06
 Reference value :  1.39468e-06
 Reference value :  1.39515e-06
 Reference value :  1.39562e-06
 Reference value :  1.39607e-06
 Reference value :  1.39653e-06
 Reference value :  1.39700e-06
 Reference value :  1.39745e-06
 Reference value :  1.39790e-06
 Reference value :  1.39837e-06
 Reference value :  1.39882e-06
 Reference value :  1.39926e-06
 Reference value :  1.39973e-06
 Reference value :  1.40019e-06
 Reference value :  1.40065e-06
 Reference value :  1.40111e-06
 Reference value :  1.40158e-06
 Reference value :  1.40204e-06
 Reference value :  1.40252e-06
 Reference value :  1.40300e-06
 Reference value :  1.40344e-06
 Reference value :  1.40390e-06
 Reference value :  1.40434e-06
 Reference value :  1.40479e-06
 Reference value :  1.40525e-06
 Reference value :  1.40572e-06
 Reference value :  1.40617e-06
 Reference value :  1.40662e-06
 Reference value :  1.40707e-06
 Reference value :  1.40753e-06
 Reference value :  1.40798e-06
 Reference value :  1.40845e-06
 Reference value :  1.40891e-06
 Reference value :  1.40937e-06
 Reference value :  1.40984e-06
 Reference value :  1.41030e-06
 Reference value :  1.41076e-06
 Reference value :  1.41123e-06
 Reference value :  1.41169e-06
 Reference value :  1.41216e-06
 Reference value :  1.41262e-06
 Reference value :  1.41307e-06
 Reference value :  1.41354e-06
 Reference value :  1.41398e-06
 Reference value :  1.41444e-06
 Reference value :  1.41489e-06
 Reference value :  1.41535e-06
 Reference value :  1.41582e-06
 Reference value :  1.41627e-06
 Reference value :  1.41672e-06
 Reference value :  1.41719e-06
 Reference value :  1.41764e-06
 Reference value :  1.41836e-06
 Reference value :  1.41882e-06
 Reference value :  1.41929e-06
 Reference value :  1.41975e-06
 Reference value :  1.42020e-06
 Reference value :  1.42067e-06
 Reference value :  1.42116e-06
 Reference value :  1.42162e-06
 Reference value :  1.42208e-06
 Reference value :  1.42255e-06
 Reference value :  1.42304e-06
 Reference value :  1.42351e-06
 Reference value :  1.42398e-06
 Reference value :  1.42442e-06
 Reference value :  1.42487e-06
 Reference value :  1.42534e-06
 Reference value :  1.42579e-06
 Reference value :  1.42624e-06
 Reference value :  1.42670e-06
 Reference value :  1.42717e-06
 Reference value :  1.42762e-06
 Reference value :  1.42807e-06
 Reference value :  1.42852e-06
 Reference value :  1.42899e-06
 Reference value :  1.42945e-06
 Reference value :  1.42991e-06
 Reference value :  1.43039e-06
 Reference value :  1.43084e-06
 Reference value :  1.43130e-06
 Reference value :  1.43175e-06
 Reference value :  1.43219e-06
 Reference value :  1.43266e-06
 Reference value :  1.43311e-06
 Reference value :  1.43357e-06
 Reference value :  1.43404e-06
 Reference value :  1.43452e-06
 Reference value :  1.43498e-06
 Reference value :  1.43548e-06
 Reference value :  1.43596e-06
 Reference value :  1.43643e-06
 Reference value :  1.43691e-06
 Reference value :  1.43737e-06
 Reference value :  1.43785e-06
 Reference value :  1.43832e-06
 Reference value :  1.43879e-06
 Reference value :  1.43924e-06
 Reference value :  1.43969e-06
 Reference value :  1.44016e-06
 Reference value :  1.44062e-06
 Reference value :  1.44108e-06
 Reference value :  1.44153e-06
 Reference value :  1.44199e-06
 Reference value :  1.44247e-06
 Reference value :  1.44293e-06
 Reference value :  1.44339e-06
 Reference value :  1.44386e-06
 Reference value :  1.44433e-06
 Reference value :  1.44478e-06
 Reference value :  1.44525e-06
 Reference value :  1.44574e-06
 Reference value :  1.44620e-06
 Reference value :  1.44666e-06
 Reference value :  1.44712e-06
 Reference value :  1.44756e-06
 Reference value :  1.44803e-06
 Reference value :  1.44849e-06
 Reference value :  1.44895e-06
 Reference value :  1.44940e-06
 Reference value :  1.44987e-06
 Reference value :  1.45035e-06
 Reference value :  1.45081e-06
 Reference value :  1.45127e-06
 Reference value :  1.45175e-06
 Reference value :  1.45223e-06
 Reference value :  1.45270e-06
 Reference value :  1.45316e-06
 Reference value :  1.45361e-06
 Reference value :  1.45406e-06
 Reference value :  1.45452e-06
 Reference value :  1.45497e-06
 Reference value :  1.45544e-06
 Reference value :  1.45588e-06
 Reference value :  1.45634e-06
 Reference value :  1.45681e-06
 Reference value :  1.45728e-06
 Reference value :  1.45773e-06
 Reference value :  1.45821e-06
 Reference value :  1.45867e-06
 Reference value :  1.45913e-06
 Reference value :  1.45958e-06
 Reference value :  1.46005e-06
 Reference value :  1.46052e-06
 Reference value :  1.46101e-06
 Reference value :  1.46150e-06
 Reference value :  1.46197e-06
 Reference value :  1.46244e-06
 Reference value :  1.46291e-06
 Reference value :  1.46340e-06
 Reference value :  1.46388e-06
 Reference value :  1.46435e-06
 Reference value :  1.46482e-06
 Reference value :  1.46529e-06
 Reference value :  1.46574e-06
 Reference value :  1.46622e-06
 Reference value :  1.46670e-06
 Reference value :  1.46717e-06
 Reference value :  1.46764e-06
 Reference value :  1.46813e-06
 Reference value :  1.46859e-06
 Reference value :  1.46907e-06
 Reference value :  1.46955e-06
 Reference value :  1.47002e-06
 Reference value :  1.47049e-06
 Reference value :  1.47095e-06
 Reference value :  1.47143e-06
 Reference value :  1.47189e-06
 Reference value :  1.47237e-06
 Reference value :  1.47284e-06
 Reference value :  1.47332e-06
 Reference value :  1.47378e-06
 Reference value :  1.47425e-06
 Reference value :  1.47474e-06
 Reference value :  1.47522e-06
 Reference value :  1.47570e-06
 Reference value :  1.47617e-06
 Reference value :  1.47663e-06
 Reference value :  1.47734e-06
 Reference value :  1.47796e-06
 Reference value :  1.47843e-06
 Reference value :  1.47889e-06
 Reference value :  1.47952e-06
 Reference value :  1.47999e-06
 Reference value :  1.48044e-06
 Reference value :  1.48092e-06
 Reference value :  1.48138e-06
 Reference value :  1.48184e-06
 Reference value :  1.48233e-06
 Reference value :  1.48280e-06
 Reference value :  1.48327e-06
 Reference value :  1.48373e-06
 Reference value :  1.48422e-06
 Reference value :  1.48469e-06
 Reference value :  1.48517e-06
 Reference value :  1.48563e-06
 Reference value :  1.48611e-06
 Reference value :  1.48660e-06
 Reference value :  1.48707e-06
 Reference value :  1.48753e-06
 Reference value :  1.48801e-06
 Reference value :  1.48848e-06
 Reference value :  1.48894e-06
 Reference value :  1.48941e-06
 Reference value :  1.48988e-06
 Reference value :  1.49034e-06
 Reference value :  1.49081e-06
 Reference value :  1.49129e-06
 Reference value :  1.49176e-06
 Reference value :  1.49223e-06
 Reference value :  1.49270e-06
 Reference value :  1.49318e-06
 Reference value :  1.49365e-06
 Reference value :  1.49412e-06
 Reference value :  1.49461e-06
 Reference value :  1.49508e-06
 Reference value :  1.49555e-06
 Reference value :  1.49602e-06
 Reference value :  1.49650e-06
 Reference value :  1.49698e-06
 Reference value :  1.49744e-06
 Reference value :  1.49790e-06
 Reference value :  1.49838e-06
 Reference value :  1.49885e-06
 Reference value :  1.49933e-06
 Reference value :  1.49979e-06
 Reference value :  1.50025e-06
 Reference value :  1.50073e-06
 Reference value :  1.50120e-06
 Reference value :  1.50168e-06
 Reference value :  1.50215e-06
 Reference value :  1.50260e-06
 Reference value :  1.50307e-06
 Reference value :  1.50355e-06
 Reference value :  1.50403e-06
 Reference value :  1.50450e-06
 Reference value :  1.50498e-06
 Reference value :  1.50545e-06
 Reference value :  1.50590e-06
 Reference value :  1.50641e-06
 Reference value :  1.50688e-06
 Reference value :  1.50735e-06
 Reference value :  1.50786e-06
 Reference value :  1.50837e-06
 Reference value :  1.50888e-06
 Reference value :  1.50939e-06
 Reference value :  1.50986e-06
 Reference value :  1.51033e-06
 Reference value :  1.51080e-06
 Reference value :  1.51129e-06
 Reference value :  1.51176e-06
 Reference value :  1.51223e-06
 Reference value :  1.51272e-06
 Reference value :  1.51321e-06
 Reference value :  1.51372e-06
 Reference value :  1.51423e-06
 Reference value :  1.51475e-06
 Reference value :  1.51526e-06
 Reference value :  1.51579e-06
 Reference value :  1.51629e-06
 Reference value :  1.51676e-06
 Reference value :  1.51724e-06
 Reference value :  1.51769e-06
 Reference value :  1.51816e-06
 Reference value :  1.51864e-06
 Reference value :  1.51912e-06
 Reference value :  1.51959e-06
 Reference value :  1.52005e-06
 Reference value :  1.52053e-06
 Reference value :  1.52098e-06
 Reference value :  1.52145e-06
 Reference value :  1.52191e-06
 Reference value :  1.52239e-06
 Reference value :  1.52285e-06
 Reference value :  1.52333e-06
 Reference value :  1.52381e-06
 Reference value :  1.52426e-06
 Reference value :  1.52474e-06
 Reference value :  1.52520e-06
 Reference value :  1.52566e-06
 Reference value :  1.52613e-06
 Reference value :  1.52678e-06
 Reference value :  1.52725e-06
 Reference value :  1.52773e-06
 Reference value :  1.52824e-06
 Reference value :  1.52869e-06
 Reference value :  1.52916e-06
 Reference value :  1.52966e-06
 Reference value :  1.53013e-06
 Reference value :  1.53060e-06
 Reference value :  1.53106e-06
 Reference value :  1.53152e-06
 Reference value :  1.53200e-06
 Reference value :  1.53247e-06
 Reference value :  1.53295e-06
 Reference value :  1.53342e-06
 Reference value :  1.53391e-06
 Reference value :  1.53439e-06
 Reference value :  1.53485e-06
 Reference value :  1.53531e-06
 Reference value :  1.53578e-06
 Reference value :  1.53623e-06
 Reference value :  1.53671e-06
 Reference value :  1.53719e-06
 Reference value :  1.53767e-06
 Reference value :  1.53813e-06
 Reference value :  1.53861e-06
 Reference value :  1.53907e-06
 Reference value :  1.53954e-06
 Reference value :  1.54000e-06
 Reference value :  1.54047e-06
 Reference value :  1.54095e-06
 Reference value :  1.54143e-06
 Reference value :  1.54191e-06
 Reference value :  1.54237e-06
 Reference value :  1.54284e-06
 Reference value :  1.54332e-06
 Reference value :  1.54381e-06
 Reference value :  1.54428e-06
 Reference value :  1.54476e-06
 Reference value :  1.54523e-06
 Reference value :  1.54570e-06
 Reference value :  1.54618e-06
 Reference value :  1.54665e-06
 Reference value :  1.54712e-06
 Reference value :  1.54759e-06
 Reference value :  1.54805e-06
 Reference value :  1.54852e-06
 Reference value :  1.54900e-06
 Reference value :  1.54947e-06
 Reference value :  1.54993e-06
 Reference value :  1.55040e-06
 Reference value :  1.55087e-06
 Reference value :  1.55134e-06
 Reference value :  1.55180e-06
 Reference value :  1.55224e-06
 Reference value :  1.55272e-06
 Reference value :  1.55318e-06
 Reference value :  1.55366e-06
 Reference value :  1.55413e-06
 Reference value :  1.55461e-06
 Reference value :  1.55508e-06
 Reference value :  1.55554e-06
 Reference value :  1.55601e-06
 Reference value :  1.55647e-06
 Reference value :  1.55694e-06
 Reference value :  1.55744e-06
 Reference value :  1.55790e-06
 Reference value :  1.55835e-06
 Reference value :  1.55881e-06
 Reference value :  1.55927e-06
 Reference value :  1.55974e-06
 Reference value :  1.56020e-06
 Reference value :  1.56066e-06
 Reference value :  1.56113e-06
 Reference value :  1.56157e-06
 Reference value :  1.56203e-06
 Reference value :  1.56249e-06
 Reference value :  1.56294e-06
 Reference value :  1.56340e-06
 Reference value :  1.56386e-06
 Reference value :  1.56433e-06
 Reference value :  1.56479e-06
 Reference value :  1.56525e-06
 Reference value :  1.56572e-06
 Reference value :  1.56618e-06
 Reference value :  1.56666e-06
 Reference value :  1.56713e-06
 Reference value :  1.56759e-06
 Reference value :  1.56804e-06
 Reference value :  1.56849e-06
 Reference value :  1.56893e-06
 Reference value :  1.56940e-06
 Reference value :  1.56986e-06
 Reference value :  1.57035e-06
 Reference value :  1.57083e-06
 Reference value :  1.57128e-06
 Reference value :  1.57174e-06
 Reference value :  1.57219e-06
 Reference value :  1.57264e-06
 Reference value :  1.57310e-06
 Reference value :  1.57355e-06
 Reference value :  1.57400e-06
 Reference value :  1.57445e-06
 Reference value :  1.57491e-06
 Reference value :  1.57536e-06
 Reference value :  1.57583e-06
 Reference value :  1.57629e-06
 Reference value :  1.57675e-06
 Reference value :  1.57722e-06
 Reference value :  1.57767e-06
 Reference value :  1.57811e-06
 Reference value :  1.57857e-06
 Reference value :  1.57903e-06
 Reference value :  1.57949e-06
 Reference value :  1.57995e-06
 Reference value :  1.58043e-06
 Reference value :  1.58090e-06
 Reference value :  1.58142e-06
 Reference value :  1.58199e-06
 Reference value :  1.58254e-06
 Reference value :  1.58310e-06
 Reference value :  1.58363e-06
 Reference value :  1.58413e-06
 Reference value :  1.58465e-06
 Reference value :  1.58519e-06
 Reference value :  1.58567e-06
 Reference value :  1.58618e-06
 Reference value :  1.58666e-06
 Reference value :  1.58724e-06
 Reference value :  1.58773e-06
 Reference value :  1.58823e-06
 Reference value :  1.58874e-06
 Reference value :  1.58927e-06
 Reference value :  1.58986e-06
 Reference value :  1.59045e-06
 Reference value :  1.59103e-06
 Reference value :  1.59163e-06
 Reference value :  1.59226e-06
 Reference value :  1.59277e-06
 Reference value :  1.59342e-06
 Reference value :  1.59399e-06
 Reference value :  1.59448e-06
 Reference value :  1.59500e-06
 Reference value :  1.59550e-06
 Reference value :  1.59605e-06
 Reference value :  1.59656e-06
 Reference value :  1.59709e-06
 Reference value :  1.59761e-06
 Reference value :  1.59815e-06
 Reference value :  1.59867e-06
 Reference value :  1.59921e-06
 Reference value :  1.59981e-06
 Reference value :  1.60039e-06
 Reference value :  1.60099e-06
 Reference value :  1.60155e-06
 Reference value :  1.60211e-06
 Reference value :  1.60268e-06
 Reference value :  1.60322e-06
 Reference value :  1.60374e-06
 Reference value :  1.60426e-06
 Reference value :  1.60480e-06
 Reference value :  1.60534e-06
 Reference value :  1.60587e-06
 Reference value :  1.60642e-06
 Reference value :  1.60700e-06
 Reference value :  1.60753e-06
 Reference value :  1.60805e-06
 Reference value :  1.60860e-06
 Reference value :  1.60912e-06
 Reference value :  1.60965e-06
 Reference value :  1.61018e-06
 Reference value :  1.61071e-06
 Reference value :  1.61123e-06
 Reference value :  1.61176e-06
 Reference value :  1.61228e-06
 Reference value :  1.61284e-06
 Reference value :  1.61340e-06
 Reference value :  1.61392e-06
 Reference value :  1.61447e-06
 Reference value :  1.61502e-06
 Reference value :  1.61554e-06
 Reference value :  1.61606e-06
 Reference value :  1.61658e-06
 Reference value :  1.61710e-06
 Reference value :  1.61758e-06
 Reference value :  1.61805e-06
 Reference value :  1.61855e-06
 Reference value :  1.61909e-06
 Reference value :  1.61961e-06
 Reference value :  1.62016e-06
 Reference value :  1.62067e-06
 Reference value :  1.62119e-06
 Reference value :  1.62173e-06
 Reference value :  1.62225e-06
 Reference value :  1.62277e-06
 Reference value :  1.62327e-06
 Reference value :  1.62377e-06
 Reference value :  1.62427e-06
 Reference value :  1.62477e-06
 Reference value :  1.62527e-06
 Reference value :  1.62578e-06
 Reference value :  1.62629e-06
 Reference value :  1.62677e-06
 Reference value :  1.62725e-06
 Reference value :  1.62778e-06
 Reference value :  1.62834e-06
 Reference value :  1.62885e-06
 Reference value :  1.62935e-06
 Reference value :  1.62983e-06
 Reference value :  1.63032e-06
 Reference value :  1.63080e-06
 Reference value :  1.63129e-06
 Reference value :  1.63178e-06
 Reference value :  1.63233e-06
 Reference value :  1.63283e-06
 Reference value :  1.63333e-06
 Reference value :  1.63383e-06
 Reference value :  1.63432e-06
 Reference value :  1.63483e-06
 Reference value :  1.63534e-06
 Reference value :  1.63584e-06
 Reference value :  1.63634e-06
 Reference value :  1.63685e-06
 Reference value :  1.63737e-06
 Reference value :  1.63789e-06
 Reference value :  1.63839e-06
 Reference value :  1.63890e-06
 Reference value :  1.63940e-06
 Reference value :  1.63990e-06
 Reference value :  1.64042e-06
 Reference value :  1.64096e-06
 Reference value :  1.64151e-06
 Reference value :  1.64198e-06
 Reference value :  1.64244e-06
 Reference value :  1.64291e-06
 Reference value :  1.64338e-06
 Reference value :  1.64386e-06
 Reference value :  1.64432e-06
 Reference value :  1.64478e-06
 Reference value :  1.64526e-06
 Reference value :  1.64573e-06
 Reference value :  1.64622e-06
 Reference value :  1.64672e-06
 Reference value :  1.64719e-06
 Reference value :  1.64765e-06
 Reference value :  1.64813e-06
 Reference value :  1.64863e-06
 Reference value :  1.64914e-06
 Reference value :  1.64964e-06
 Reference value :  1.65012e-06
 Reference value :  1.65063e-06
 Reference value :  1.65113e-06
 Reference value :  1.65163e-06
 Reference value :  1.65216e-06
 Reference value :  1.65264e-06
 Reference value :  1.65310e-06
 Reference value :  1.65359e-06
 Reference value :  1.65407e-06
 Reference value :  1.65454e-06
 Reference value :  1.65503e-06
 Reference value :  1.65550e-06
 Reference value :  1.65599e-06
 Reference value :  1.65651e-06
 Reference value :  1.65701e-06
 Reference value :  1.65753e-06
 Reference value :  1.65802e-06
 Reference value :  1.65849e-06
 Reference value :  1.65897e-06
 Reference value :  1.65945e-06
 Reference value :  1.65991e-06
 Reference value :  1.66039e-06
 Reference value :  1.66087e-06
 Reference value :  1.66133e-06
 Reference value :  1.66178e-06
 Reference value :  1.66234e-06
 Reference value :  1.66287e-06
 Reference value :  1.66334e-06
 Reference value :  1.66381e-06
 Reference value :  1.66429e-06
 Reference value :  1.66477e-06
 Reference value :  1.66524e-06
 Reference value :  1.66577e-06
 Reference value :  1.66626e-06
 Reference value :  1.66674e-06
 Reference value :  1.66721e-06
 Reference value :  1.66768e-06
 Reference value :  1.66815e-06
 Reference value :  1.66863e-06
 Reference value :  1.66938e-06
 Reference value :  1.66988e-06
 Reference value :  1.67035e-06
 Reference value :  1.67082e-06
 Reference value :  1.67130e-06
 Reference value :  1.67178e-06
 Reference value :  1.67225e-06
 Reference value :  1.67272e-06
 Reference value :  1.67326e-06
 Reference value :  1.67374e-06
 Reference value :  1.67421e-06
 Reference value :  1.67467e-06
 Reference value :  1.67514e-06
 Reference value :  1.67562e-06
 Reference value :  1.67609e-06
 Reference value :  1.67661e-06
 Reference value :  1.67707e-06
 Reference value :  1.67754e-06
 Reference value :  1.67802e-06
 Reference value :  1.67849e-06
 Reference value :  1.67896e-06
 Reference value :  1.67944e-06
 Reference value :  1.67994e-06
 Reference value :  1.68047e-06
 Reference value :  1.68116e-06
 Reference value :  1.68163e-06
 Reference value :  1.68212e-06
 Reference value :  1.68260e-06
 Reference value :  1.68309e-06
 Reference value :  1.68355e-06
 Reference value :  1.68404e-06
 Reference value :  1.68454e-06
 Reference value :  1.68505e-06
 Reference value :  1.68556e-06
 Reference value :  1.68609e-06
 Reference value :  1.68660e-06
 Reference value :  1.68708e-06
 Reference value :  1.68757e-06
 Reference value :  1.68807e-06
 Reference value :  1.68858e-06
 Reference value :  1.68907e-06
 Reference value :  1.68957e-06
 Reference value :  1.69007e-06
 Reference value :  1.69055e-06
 Reference value :  1.69104e-06
 Reference value :  1.69156e-06
 Reference value :  1.69205e-06
 Reference value :  1.69254e-06
 Reference value :  1.69307e-06
 Reference value :  1.69357e-06
 Reference value :  1.69406e-06
 Reference value :  1.69455e-06
 Reference value :  1.69503e-06
 Reference value :  1.69550e-06
 Reference value :  1.69596e-06
 Reference value :  1.69644e-06
 Reference value :  1.69690e-06
 Reference value :  1.69740e-06
 Reference value :  1.69786e-06
 Reference value :  1.69832e-06
 Reference value :  1.69877e-06
 Reference value :  1.69923e-06
 Reference value :  1.69970e-06
 Reference value :  1.70017e-06
 Reference value :  1.70062e-06
 Reference value :  1.70111e-06
 Reference value :  1.70157e-06
 Reference value :  1.70204e-06
 Reference value :  1.70252e-06
 Reference value :  1.70312e-06
 Reference value :  1.70362e-06
 Reference value :  1.70419e-06
 Reference value :  1.70467e-06
 Reference value :  1.70513e-06
 Reference value :  1.70560e-06
 Reference value :  1.70606e-06
 Reference value :  1.70653e-06
 Reference value :  1.70700e-06
 Reference value :  1.70747e-06
 Reference value :  1.70793e-06
 Reference value :  1.70838e-06
 Reference value :  1.70885e-06
 Reference value :  1.70931e-06
 Reference value :  1.70977e-06
 Reference value :  1.71024e-06
 Reference value :  1.71073e-06
 Reference value :  1.71119e-06
 Reference value :  1.71166e-06
 Reference value :  1.71212e-06
 Reference value :  1.71261e-06
 Reference value :  1.71308e-06
 Reference value :  1.71354e-06
 Reference value :  1.71400e-06
 Reference value :  1.71447e-06
 Reference value :  1.71493e-06
 Reference value :  1.71538e-06
 Reference value :  1.71584e-06
 Reference value :  1.71631e-06
 Reference value :  1.71678e-06
 Reference value :  1.71725e-06
 Reference value :  1.71771e-06
 Reference value :  1.71818e-06
 Reference value :  1.71864e-06
 Reference value :  1.71911e-06
 Reference value :  1.71957e-06
 Reference value :  1.72003e-06
 Reference value :  1.72050e-06
 Reference value :  1.72095e-06
 Reference value :  1.72142e-06
 Reference value :  1.72190e-06
 Reference value :  1.72237e-06
 Reference value :  1.72282e-06
 Reference value :  1.72330e-06
 Reference value :  1.72388e-06
 Reference value :  1.72438e-06
 Reference value :  1.72496e-06
 Reference value :  1.72542e-06
 Reference value :  1.72589e-06
 Reference value :  1.72637e-06
 Reference value :  1.72693e-06
 Reference value :  1.72742e-06
 Reference value :  1.72796e-06
 Reference value :  1.72846e-06
 Reference value :  1.72893e-06
 Reference value :  1.72939e-06
 Reference value :  1.72986e-06
 Reference value :  1.73043e-06
 Reference value :  1.73099e-06
 Reference value :  1.73149e-06
 Reference value :  1.73195e-06
 Reference value :  1.73243e-06
 Reference value :  1.73291e-06
 Reference value :  1.73348e-06
 Reference value :  1.73404e-06
 Reference value :  1.73461e-06
 Reference value :  1.73506e-06
 Reference value :  1.73554e-06
 Reference value :  1.73600e-06
 Reference value :  1.73656e-06
 Reference value :  1.73715e-06
 Reference value :  1.73761e-06
 Reference value :  1.73811e-06
 Reference value :  1.73858e-06
 Reference value :  1.73905e-06
 Reference value :  1.73969e-06
 Reference value :  1.74029e-06
 Reference value :  1.74092e-06
 Reference value :  1.74141e-06
 Reference value :  1.74199e-06
 Reference value :  1.74248e-06
 Reference value :  1.74295e-06
 Reference value :  1.74342e-06
 Reference value :  1.74389e-06
 Reference value :  1.74448e-06
 Reference value :  1.74507e-06
 Reference value :  1.74561e-06
 Reference value :  1.74614e-06
 Reference value :  1.74669e-06
 Reference value :  1.74720e-06
 Reference value :  1.74771e-06
 Reference value :  1.74824e-06
 Reference value :  1.74881e-06
 Reference value :  1.74935e-06
 Reference value :  1.74984e-06
 Reference value :  1.75037e-06
 Reference value :  1.75090e-06
 Reference value :  1.75146e-06
 Reference value :  1.75204e-06
 Reference value :  1.75257e-06
 Reference value :  1.75310e-06
 Reference value :  1.75368e-06
 Reference value :  1.75421e-06
 Reference value :  1.75470e-06
 Reference value :  1.75527e-06
 Reference value :  1.75584e-06
 Reference value :  1.75643e-06
 Reference value :  1.75695e-06
 Reference value :  1.75748e-06
 Reference value :  1.75796e-06
 Reference value :  1.75843e-06
 Reference value :  1.75892e-06
 Reference value :  1.75941e-06
 Reference value :  1.75988e-06
 Reference value :  1.76036e-06
 Reference value :  1.76083e-06
 Reference value :  1.76132e-06
 Reference value :  1.76181e-06
 Reference value :  1.76230e-06
 Reference value :  1.76285e-06
 Reference value :  1.76341e-06
 Reference value :  1.76397e-06
 Reference value :  1.76453e-06
 Reference value :  1.76508e-06
 Reference value :  1.76563e-06
 Reference value :  1.76616e-06
 Reference value :  1.76667e-06
 Reference value :  1.76716e-06
 Reference value :  1.76765e-06
 Reference value :  1.76813e-06
 Reference value :  1.76866e-06
 Reference value :  1.76919e-06
 Reference value :  1.76971e-06
 Reference value :  1.77020e-06
 Reference value :  1.77073e-06
 Reference value :  1.77125e-06
 Reference value :  1.77173e-06
 Reference value :  1.77227e-06
 Reference value :  1.77280e-06
 Reference value :  1.77334e-06
 Reference value :  1.77400e-06
 Reference value :  1.77487e-06
 Reference value :  1.77549e-06
 Reference value :  1.77596e-06
 Reference value :  1.77644e-06
 Reference value :  1.77694e-06
 Reference value :  1.77744e-06
 Reference value :  1.77796e-06
 Reference value :  1.77844e-06
 Reference value :  1.77895e-06
 Reference value :  1.77950e-06
 Reference value :  1.78003e-06
 Reference value :  1.78058e-06
 Reference value :  1.78115e-06
 Reference value :  1.78171e-06
 Reference value :  1.78228e-06
 Reference value :  1.78282e-06
 Reference value :  1.78334e-06
 Reference value :  1.78388e-06
 Reference value :  1.78438e-06
 Reference value :  1.78486e-06
 Reference value :  1.78534e-06
 Reference value :  1.78588e-06
 Reference value :  1.78638e-06
 Reference value :  1.78691e-06
 Reference value :  1.78746e-06
 Reference value :  1.78799e-06
 Reference value :  1.78854e-06
 Reference value :  1.78908e-06
 Reference value :  1.78960e-06
 Reference value :  1.79014e-06
 Reference value :  1.79070e-06
 Reference value :  1.79126e-06
 Reference value :  1.79185e-06
 Reference value :  1.79242e-06
 Reference value :  1.79298e-06
 Reference value :  1.79353e-06
 Reference value :  1.79402e-06
 Reference value :  1.79456e-06
 Reference value :  1.79508e-06
 Reference value :  1.79561e-06
 Reference value :  1.79614e-06
 Reference value :  1.79671e-06
 Reference value :  1.79732e-06
 Reference value :  1.79784e-06
 Reference value :  1.79843e-06
 Reference value :  1.79896e-06
 Reference value :  1.79948e-06
 Reference value :  1.80000e-06
 Reference value :  1.80052e-06
 Reference value :  1.80104e-06
 Reference value :  1.80154e-06
 Reference value :  1.80210e-06
 Reference value :  1.80269e-06
 Reference value :  1.80322e-06
 Reference value :  1.80391e-06
 Reference value :  1.80454e-06
 Reference value :  1.80516e-06
 Reference value :  1.80580e-06
 Reference value :  1.80634e-06
 Reference value :  1.80684e-06
 Reference value :  1.80739e-06
 Reference value :  1.80794e-06
 Reference value :  1.80845e-06
 Reference value :  1.80900e-06
 Reference value :  1.80955e-06
 Reference value :  1.81008e-06
 Reference value :  1.81059e-06
 Reference value :  1.81111e-06
 Reference value :  1.81167e-06
 Reference value :  1.81220e-06
 Reference value :  1.81281e-06
 Reference value :  1.81332e-06
 Reference value :  1.81387e-06
 Reference value :  1.81439e-06
 Reference value :  1.81488e-06
 Reference value :  1.81538e-06
 Reference value :  1.81588e-06
 Reference value :  1.81638e-06
 Reference value :  1.81684e-06
 Reference value :  1.81731e-06
 Reference value :  1.81780e-06
 Reference value :  1.81829e-06
 Reference value :  1.81877e-06
 Reference value :  1.81928e-06
 Reference value :  1.81978e-06
 Reference value :  1.82029e-06
 Reference value :  1.82081e-06
 Reference value :  1.82130e-06
 Reference value :  1.82178e-06
 Reference value :  1.82231e-06
 Reference value :  1.82283e-06
 Reference value :  1.82332e-06
 Reference value :  1.82385e-06
 Reference value :  1.82446e-06
 Reference value :  1.82497e-06
 Reference value :  1.82549e-06
 Reference value :  1.82599e-06
 Reference value :  1.82656e-06
 Reference value :  1.82706e-06
 Reference value :  1.82755e-06
 Reference value :  1.82817e-06
 Reference value :  1.82873e-06
 Reference value :  1.82923e-06
 Reference value :  1.82976e-06
 Reference value :  1.83031e-06
 Reference value :  1.83083e-06
 Reference value :  1.83137e-06
 Reference value :  1.83184e-06
 Reference value :  1.83237e-06
 Reference value :  1.83288e-06
 Reference value :  1.83341e-06
 Reference value :  1.83391e-06
 Reference value :  1.83443e-06
 Reference value :  1.83494e-06
 Reference value :  1.83545e-06
 Reference value :  1.83597e-06
 Reference value :  1.83652e-06
 Reference value :  1.83705e-06
 Reference value :  1.83756e-06
 Reference value :  1.83806e-06
 Reference value :  1.83859e-06
 Reference value :  1.83909e-06
 Reference value :  1.83959e-06
 Reference value :  1.84010e-06
 Reference value :  1.84064e-06
 Reference value :  1.84115e-06
 Reference value :  1.84170e-06
 Reference value :  1.84220e-06
 Reference value :  1.84272e-06
 Reference value :  1.84325e-06
 Reference value :  1.84376e-06
 Reference value :  1.84427e-06
 Reference value :  1.84483e-06
 Reference value :  1.84541e-06
 Reference value :  1.84593e-06
 Reference value :  1.84645e-06
 Reference value :  1.84701e-06
 Reference value :  1.84749e-06
 Reference value :  1.84797e-06
 Reference value :  1.84850e-06
 Reference value :  1.84897e-06
 Reference value :  1.84943e-06
 Reference value :  1.84993e-06
 Reference value :  1.85039e-06
 Reference value :  1.85085e-06
 Reference value :  1.85135e-06
 Reference value :  1.85186e-06
 Reference value :  1.85236e-06
 Reference value :  1.85287e-06
 Reference value :  1.85333e-06
 Reference value :  1.85381e-06
 Reference value :  1.85431e-06
 Reference value :  1.85483e-06
 Reference value :  1.85534e-06
 Reference value :  1.85588e-06
 Reference value :  1.85643e-06
 Reference value :  1.85697e-06
 Reference value :  1.85754e-06
 Reference value :  1.85804e-06
 Reference value :  1.85854e-06
 Reference value :  1.85903e-06
 Reference value :  1.85951e-06
 Reference value :  1.86005e-06
 Reference value :  1.86055e-06
 Reference value :  1.86106e-06
 Reference value :  1.86158e-06
 Reference value :  1.86206e-06
 Reference value :  1.86259e-06
 Reference value :  1.86311e-06
 Reference value :  1.86368e-06
 Reference value :  1.86427e-06
 Reference value :  1.86479e-06
 Reference value :  1.86528e-06
 Reference value :  1.86575e-06
 Reference value :  1.86628e-06
 Reference value :  1.86682e-06
 Reference value :  1.86737e-06
 Reference value :  1.86793e-06
 Reference value :  1.86852e-06
 Reference value :  1.86902e-06
 Reference value :  1.86955e-06
 Reference value :  1.87006e-06
 Reference value :  1.87057e-06
 Reference value :  1.87106e-06
 Reference value :  1.87159e-06
 Reference value :  1.87205e-06
 Reference value :  1.87253e-06
 Reference value :  1.87302e-06
 Reference value :  1.87355e-06
 Reference value :  1.87402e-06
 Reference value :  1.87453e-06
 Reference value :  1.87508e-06
 Reference value :  1.87554e-06
 Reference value :  1.87610e-06
 Reference value :  1.87664e-06
 Reference value :  1.87719e-06
 Reference value :  1.87769e-06
 Reference value :  1.87822e-06
 Reference value :  1.87876e-06
 Reference value :  1.87933e-06
 Reference value :  1.87984e-06
 Reference value :  1.88040e-06
 Reference value :  1.88093e-06
 Reference value :  1.88149e-06
 Reference value :  1.88200e-06
 Reference value :  1.88256e-06
 Reference value :  1.88307e-06
 Reference value :  1.88361e-06
 Reference value :  1.88409e-06
 Reference value :  1.88457e-06
 Reference value :  1.88511e-06
 Reference value :  1.88563e-06
 Reference value :  1.88614e-06
 Reference value :  1.88666e-06
 Reference value :  1.88718e-06
 Reference value :  1.88771e-06
 Reference value :  1.88826e-06
 Reference value :  1.88879e-06
 Reference value :  1.88932e-06
 Reference value :  1.88987e-06
 Reference value :  1.89048e-06
 Reference value :  1.89103e-06
 Reference value :  1.89153e-06
 Reference value :  1.89205e-06
 Reference value :  1.89259e-06
 Reference value :  1.89310e-06
 Reference value :  1.89363e-06
 Reference value :  1.89421e-06
 Reference value :  1.89472e-06
 Reference value :  1.89526e-06
 Reference value :  1.89582e-06
 Reference value :  1.89666e-06
 Reference value :  1.89745e-06
 Reference value :  1.89801e-06
 Reference value :  1.89854e-06
 Reference value :  1.89904e-06
 Reference value :  1.89957e-06
 Reference value :  1.90007e-06
 Reference value :  1.90059e-06
 Reference value :  1.90113e-06
 Reference value :  1.90168e-06
 Reference value :  1.90220e-06
 Reference value :  1.90278e-06
 Reference value :  1.90335e-06
 Reference value :  1.90388e-06
 Reference value :  1.90441e-06
 Reference value :  1.90496e-06
 Reference value :  1.90546e-06
 Reference value :  1.90595e-06
 Reference value :  1.90641e-06
 Reference value :  1.90689e-06
 Reference value :  1.90735e-06
 Reference value :  1.90783e-06
 Reference value :  1.90831e-06
 Reference value :  1.90879e-06
 Reference value :  1.90932e-06
 Reference value :  1.90984e-06
 Reference value :  1.91039e-06
 Reference value :  1.91091e-06
 Reference value :  1.91138e-06
 Reference value :  1.91187e-06
 Reference value :  1.91234e-06
 Reference value :  1.91279e-06
 Reference value :  1.91328e-06
 Reference value :  1.91374e-06
 Reference value :  1.91420e-06
 Reference value :  1.91467e-06
 Reference value :  1.91515e-06
 Reference value :  1.91561e-06
 Reference value :  1.91609e-06
 Reference value :  1.91656e-06
 Reference value :  1.91702e-06
 Reference value :  1.91750e-06
 Reference value :  1.91797e-06
 Reference value :  1.91845e-06
 Reference value :  1.91892e-06
 Reference value :  1.91941e-06
 Reference value :  1.91987e-06
 Reference value :  1.92033e-06
 Reference value :  1.92082e-06
 Reference value :  1.92128e-06
 Reference value :  1.92174e-06
 Reference value :  1.92221e-06
 Reference value :  1.92268e-06
 Reference value :  1.92315e-06
 Reference value :  1.92361e-06
 Reference value :  1.92408e-06
 Reference value :  1.92454e-06
 Reference value :  1.92501e-06
 Reference value :  1.92546e-06
 Reference value :  1.92594e-06
 Reference value :  1.92641e-06
 Reference value :  1.92689e-06
 Reference value :  1.92736e-06
 Reference value :  1.92782e-06
 Reference value :  1.92828e-06
 Reference value :  1.92872e-06
 Reference value :  1.92919e-06
 Reference value :  1.92965e-06
 Reference value :  1.93011e-06
 Reference value :  1.93059e-06
 Reference value :  1.93105e-06
 Reference value :  1.93152e-06
 Reference value :  1.93197e-06
 Reference value :  1.93243e-06
 Reference value :  1.93292e-06
 Reference value :  1.93342e-06
 Reference value :  1.93390e-06
 Reference value :  1.93438e-06
 Reference value :  1.93492e-06
 Reference value :  1.93550e-06
 Reference value :  1.93601e-06
 Reference value :  1.93653e-06
 Reference value :  1.93704e-06
 Reference value :  1.93756e-06
 Reference value :  1.93803e-06
 Reference value :  1.93851e-06
 Reference value :  1.93904e-06
 Reference value :  1.93957e-06
 Reference value :  1.94003e-06
 Reference value :  1.94055e-06
 Reference value :  1.94100e-06
 Reference value :  1.94147e-06
 Reference value :  1.94194e-06
 Reference value :  1.94242e-06
 Reference value :  1.94288e-06
 Reference value :  1.94336e-06
 Reference value :  1.94384e-06
 Reference value :  1.94430e-06
 Reference value :  1.94477e-06
 Reference value :  1.94522e-06
 Reference value :  1.94567e-06
 Reference value :  1.94620e-06
 Reference value :  1.94673e-06
 Reference value :  1.94725e-06
 Reference value :  1.94776e-06
 Reference value :  1.94829e-06
 Reference value :  1.94877e-06
 Reference value :  1.94927e-06
 Reference value :  1.94975e-06
 Reference value :  1.95021e-06
 Reference value :  1.95068e-06
 Reference value :  1.95122e-06
 Reference value :  1.95172e-06
 Reference value :  1.95221e-06
 Reference value :  1.95267e-06
 Reference value :  1.95314e-06
 Reference value :  1.95361e-06
 Reference value :  1.95407e-06
 Reference value :  1.95461e-06
 Reference value :  1.95509e-06
 Reference value :  1.95561e-06
 Reference value :  1.95608e-06
 Reference value :  1.95654e-06
 Reference value :  1.95703e-06
 Reference value :  1.95752e-06
 Reference value :  1.95800e-06
 Reference value :  1.95845e-06
 Reference value :  1.95892e-06
 Reference value :  1.95944e-06
 Reference value :  1.95994e-06
 Reference value :  1.96044e-06
 Reference value :  1.96095e-06
 Reference value :  1.96145e-06
 Reference value :  1.96194e-06
 Reference value :  1.96243e-06
 Reference value :  1.96297e-06
 Reference value :  1.96350e-06
 Reference value :  1.96404e-06
 Reference value :  1.96455e-06
 Reference value :  1.96507e-06
 Reference value :  1.96557e-06
 Reference value :  1.96608e-06
 Reference value :  1.96660e-06
 Reference value :  1.96713e-06
 Reference value :  1.96763e-06
 Reference value :  1.96815e-06
 Reference value :  1.96869e-06
 Reference value :  1.96919e-06
 Reference value :  1.96970e-06
 Reference value :  1.97023e-06
 Reference value :  1.97076e-06
 Reference value :  1.97130e-06
 Reference value :  1.97190e-06
 Reference value :  1.97246e-06
 Reference value :  1.97299e-06
 Reference value :  1.97355e-06
 Reference value :  1.97410e-06
 Reference value :  1.97469e-06
 Reference value :  1.97525e-06
 Reference value :  1.97585e-06
 Reference value :  1.97634e-06
 Reference value :  1.97683e-06
 Reference value :  1.97732e-06
 Reference value :  1.97786e-06
 Reference value :  1.97838e-06
 Reference value :  1.97892e-06
 Reference value :  1.97944e-06
 Reference value :  1.97995e-06
 Reference value :  1.98044e-06
 Reference value :  1.98094e-06
 Reference value :  1.98146e-06
 Reference value :  1.98195e-06
 Reference value :  1.98244e-06
 Reference value :  1.98296e-06
 Reference value :  1.98347e-06
 Reference value :  1.98397e-06
 Reference value :  1.98445e-06
 Reference value :  1.98497e-06
 Reference value :  1.98546e-06
 Reference value :  1.98596e-06
 Reference value :  1.98647e-06
 Reference value :  1.98696e-06
 Reference value :  1.98743e-06
 Reference value :  1.98798e-06
 Reference value :  1.98851e-06
 Reference value :  1.98901e-06
 Reference value :  1.98956e-06
 Reference value :  1.99006e-06
 Reference value :  1.99052e-06
 Reference value :  1.99103e-06
 Reference value :  1.99156e-06
 Reference value :  1.99208e-06
 Reference value :  1.99258e-06
 Reference value :  1.99311e-06
 Reference value :  1.99363e-06
 Reference value :  1.99417e-06
 Reference value :  1.99465e-06
 Reference value :  1.99520e-06
 Reference value :  1.99579e-06
 Reference value :  1.99640e-06
 Reference value :  1.99703e-06
 Reference value :  1.99765e-06
 Reference value :  1.99827e-06
 Reference value :  1.99893e-06
 Reference value :  1.99956e-06
 Reference value :  2.00021e-06
 Reference value :  2.00085e-06
 Reference value :  2.00150e-06
 Reference value :  2.00214e-06
 Reference value :  2.00276e-06
 Reference value :  2.00331e-06
 Reference value :  2.00394e-06
 Reference value :  2.00451e-06
 Reference value :  2.00508e-06
 Reference value :  2.00561e-06
 Reference value :  2.00610e-06
 Reference value :  2.00658e-06
 Reference value :  2.00711e-06
 Reference value :  2.00765e-06
 Reference value :  2.00817e-06
 Reference value :  2.00868e-06
 Reference value :  2.00919e-06
 Reference value :  2.00969e-06
 Reference value :  2.01018e-06
 Reference value :  2.01069e-06
 Reference value :  2.01118e-06
 Reference value :  2.01168e-06
 Reference value :  2.01219e-06
 Reference value :  2.01270e-06
 Reference value :  2.01322e-06
 Reference value :  2.01370e-06
 Reference value :  2.01418e-06
 Reference value :  2.01469e-06
 Reference value :  2.01524e-06
 Reference value :  2.01583e-06
 Reference value :  2.01645e-06
 Reference value :  2.01707e-06
 Reference value :  2.01763e-06
 Reference value :  2.01810e-06
 Reference value :  2.01860e-06
 Reference value :  2.01910e-06
 Reference value :  2.01959e-06
 Reference value :  2.02012e-06
 Reference value :  2.02063e-06
 Reference value :  2.02118e-06
 Reference value :  2.02173e-06
 Reference value :  2.02230e-06
 Reference value :  2.02292e-06
 Reference value :  2.02348e-06
 Reference value :  2.02400e-06
 Reference value :  2.02450e-06
 Reference value :  2.02500e-06
 Reference value :  2.02555e-06
 Reference value :  2.02603e-06
 Reference value :  2.02656e-06
 Reference value :  2.02707e-06
 Reference value :  2.02760e-06
 Reference value :  2.02815e-06
 Reference value :  2.02873e-06
 Reference value :  2.02928e-06
 Reference value :  2.02987e-06
 Reference value :  2.03050e-06
 Reference value :  2.03108e-06
 Reference value :  2.03162e-06
 Reference value :  2.03214e-06
 Reference value :  2.03268e-06
 Reference value :  2.03322e-06
 Reference value :  2.03377e-06
 Reference value :  2.03434e-06
 Reference value :  2.03493e-06
 Reference value :  2.03550e-06
 Reference value :  2.03603e-06
 Reference value :  2.03662e-06
 Reference value :  2.03721e-06
 Reference value :  2.03780e-06
 Reference value :  2.03838e-06
 Reference value :  2.03900e-06
 Reference value :  2.03980e-06
 Reference value :  2.04073e-06
 Reference value :  2.04131e-06
 Reference value :  2.04190e-06
 Reference value :  2.04249e-06
 Reference value :  2.04308e-06
 Reference value :  2.04368e-06
 Reference value :  2.04426e-06
 Reference value :  2.04485e-06
 Reference value :  2.04541e-06
 Reference value :  2.04595e-06
 Reference value :  2.04646e-06
 Reference value :  2.04698e-06
 Reference value :  2.04750e-06
 Reference value :  2.04804e-06
 Reference value :  2.04859e-06
 Reference value :  2.04912e-06
 Reference value :  2.04969e-06
 Reference value :  2.05028e-06
 Reference value :  2.05088e-06
 Reference value :  2.05149e-06
 Reference value :  2.05200e-06
 Reference value :  2.05255e-06
 Reference value :  2.05310e-06
 Reference value :  2.05364e-06
 Reference value :  2.05415e-06
 Reference value :  2.05467e-06
 Reference value :  2.05522e-06
 Reference value :  2.05573e-06
 Reference value :  2.05625e-06
 Reference value :  2.05676e-06
 Reference value :  2.05731e-06
 Reference value :  2.05782e-06
 Reference value :  2.05838e-06
 Reference value :  2.05890e-06
 Reference value :  2.05941e-06
 Reference value :  2.05996e-06
 Reference value :  2.06046e-06
 Reference value :  2.06096e-06
 Reference value :  2.06148e-06
 Reference value :  2.06198e-06
 Reference value :  2.06250e-06
 Reference value :  2.06302e-06
 Reference value :  2.06355e-06
 Reference value :  2.06406e-06
 Reference value :  2.06461e-06
 Reference value :  2.06515e-06
 Reference value :  2.06566e-06
 Reference value :  2.06617e-06
 Reference value :  2.06669e-06
 Reference value :  2.06723e-06
 Reference value :  2.06773e-06
 Reference value :  2.06827e-06
 Reference value :  2.06881e-06
 Reference value :  2.06933e-06
 Reference value :  2.06995e-06
 Reference value :  2.07047e-06
 Reference value :  2.07103e-06
 Reference value :  2.07152e-06
 Reference value :  2.07203e-06
 Reference value :  2.07258e-06
 Reference value :  2.07317e-06
 Reference value :  2.07371e-06
 Reference value :  2.07425e-06
 Reference value :  2.07482e-06
 Reference value :  2.07537e-06
 Reference value :  2.07595e-06
 Reference value :  2.07656e-06
 Reference value :  2.07713e-06
 Reference value :  2.07774e-06
 Reference value :  2.07832e-06
 Reference value :  2.07890e-06
 Reference value :  2.07947e-06
 Reference value :  2.08004e-06
 Reference value :  2.08065e-06
 Reference value :  2.08120e-06
 Reference value :  2.08184e-06
 Reference value :  2.08244e-06
 Reference value :  2.08301e-06
 Reference value :  2.08359e-06
 Reference value :  2.08418e-06
 Reference value :  2.08480e-06
 Reference value :  2.08565e-06
 Reference value :  2.08650e-06
 Reference value :  2.08711e-06
 Reference value :  2.08771e-06
 Reference value :  2.08826e-06
 Reference value :  2.08883e-06
 Reference value :  2.08941e-06
 Reference value :  2.08995e-06
 Reference value :  2.09053e-06
 Reference value :  2.09110e-06
 Reference value :  2.09163e-06
 Reference value :  2.09217e-06
 Reference value :  2.09279e-06
 Reference value :  2.09337e-06
 Reference value :  2.09401e-06
 Reference value :  2.09469e-06
 Reference value :  2.09531e-06
 Reference value :  2.09594e-06
 Reference value :  2.09653e-06
 Reference value :  2.09711e-06
 Reference value :  2.09765e-06
 Reference value :  2.09820e-06
 Reference value :  2.09885e-06
 Reference value :  2.09947e-06
 Reference value :  2.10010e-06
 Reference value :  2.10066e-06
 Reference value :  2.10125e-06
 Reference value :  2.10185e-06
 Reference value :  2.10245e-06
 Reference value :  2.10309e-06
 Reference value :  2.10376e-06
 Reference value :  2.10441e-06
 Reference value :  2.10510e-06
 Reference value :  2.10567e-06
 Reference value :  2.10635e-06
 Reference value :  2.10695e-06
 Reference value :  2.10750e-06
 Reference value :  2.10802e-06
 Reference value :  2.10856e-06
 Reference value :  2.10914e-06
 Reference value :  2.10970e-06
 Reference value :  2.11026e-06
 Reference value :  2.11080e-06
 Reference value :  2.11132e-06
 Reference value :  2.11191e-06
 Reference value :  2.11282e-06
 Reference value :  2.11337e-06
 Reference value :  2.11387e-06
 Reference value :  2.11442e-06
 Reference value :  2.11500e-06
 Reference value :  2.11556e-06
 Reference value :  2.11609e-06
 Reference value :  2.11665e-06
 Reference value :  2.11721e-06
 Reference value :  2.11775e-06
 Reference value :  2.11828e-06
 Reference value :  2.11884e-06
 Reference value :  2.11936e-06
 Reference value :  2.11989e-06
 Reference value :  2.12043e-06
 Reference value :  2.12095e-06
 Reference value :  2.12150e-06
 Reference value :  2.12203e-06
 Reference value :  2.12266e-06
 Reference value :  2.12325e-06
 Reference value :  2.12382e-06
 Reference value :  2.12440e-06
 Reference value :  2.12500e-06
 Reference value :  2.12550e-06
 Reference value :  2.12616e-06
 Reference value :  2.12671e-06
 Reference value :  2.12734e-06
 Reference value :  2.12804e-06
 Reference value :  2.12862e-06
 Reference value :  2.12915e-06
 Reference value :  2.12973e-06
 Reference value :  2.13029e-06
 Reference value :  2.13085e-06
 Reference value :  2.13137e-06
 Reference value :  2.13192e-06
 Reference value :  2.13248e-06
 Reference value :  2.13299e-06
 Reference value :  2.13351e-06
 Reference value :  2.13404e-06
 Reference value :  2.13454e-06
 Reference value :  2.13505e-06
 Reference value :  2.13562e-06
 Reference value :  2.13618e-06
 Reference value :  2.13678e-06
 Reference value :  2.13731e-06
 Reference value :  2.13785e-06
 Reference value :  2.13841e-06
 Reference value :  2.13892e-06
 Reference value :  2.13952e-06
 Reference value :  2.14002e-06
 Reference value :  2.14053e-06
 Reference value :  2.14106e-06
 Reference value :  2.14156e-06
 Reference value :  2.14207e-06
 Reference value :  2.14259e-06
 Reference value :  2.14315e-06
 Reference value :  2.14368e-06
 Reference value :  2.14421e-06
 Reference value :  2.14473e-06
 Reference value :  2.14527e-06
 Reference value :  2.14575e-06
 Reference value :  2.14631e-06
 Reference value :  2.14684e-06
 Reference value :  2.14735e-06
 Reference value :  2.14786e-06
 Reference value :  2.14841e-06
 Reference value :  2.14893e-06
 Reference value :  2.14944e-06
 Reference value :  2.14997e-06
 Reference value :  2.15050e-06
 Reference value :  2.15105e-06
 Reference value :  2.15158e-06
 Reference value :  2.15214e-06
 Reference value :  2.15266e-06
 Reference value :  2.15321e-06
 Reference value :  2.15381e-06
 Reference value :  2.15436e-06
 Reference value :  2.15495e-06
 Reference value :  2.15555e-06
 Reference value :  2.15610e-06
 Reference value :  2.15667e-06
 Reference value :  2.15724e-06
 Reference value :  2.15780e-06
 Reference value :  2.15835e-06
 Reference value :  2.15888e-06
 Reference value :  2.15943e-06
 Reference value :  2.15997e-06
 Reference value :  2.16051e-06
 Reference value :  2.16103e-06
 Reference value :  2.16162e-06
 Reference value :  2.16219e-06
 Reference value :  2.16275e-06
 Reference value :  2.16331e-06
 Reference value :  2.16384e-06
 Reference value :  2.16439e-06
 Reference value :  2.16494e-06
 Reference value :  2.16550e-06
 Reference value :  2.16604e-06
 Reference value :  2.16657e-06
 Reference value :  2.16714e-06
 Reference value :  2.16770e-06
 Reference value :  2.16824e-06
 Reference value :  2.16884e-06
 Reference value :  2.16939e-06
 Reference value :  2.16990e-06
 Reference value :  2.17043e-06
 Reference value :  2.17099e-06
 Reference value :  2.17158e-06
 Reference value :  2.17213e-06
 Reference value :  2.17265e-06
 Reference value :  2.17324e-06
 Reference value :  2.17381e-06
 Reference value :  2.17441e-06
 Reference value :  2.17496e-06
 Reference value :  2.17554e-06
 Reference value :  2.17608e-06
 Reference value :  2.17662e-06
 Reference value :  2.17719e-06
 Reference value :  2.17770e-06
 Reference value :  2.17825e-06
 Reference value :  2.17881e-06
 Reference value :  2.17943e-06
 Reference value :  2.17995e-06
 Reference value :  2.18054e-06
 Reference value :  2.18110e-06
 Reference value :  2.18163e-06
 Reference value :  2.18217e-06
 Reference value :  2.18270e-06
 Reference value :  2.18325e-06
 Reference value :  2.18379e-06
 Reference value :  2.18438e-06
 Reference value :  2.18495e-06
 Reference value :  2.18551e-06
 Reference value :  2.18608e-06
 Reference value :  2.18663e-06
 Reference value :  2.18720e-06
 Reference value :  2.18782e-06
 Reference value :  2.18843e-06
 Reference value :  2.18911e-06
 Reference value :  2.18965e-06
 Reference value :  2.19018e-06
 Reference value :  2.19072e-06
 Reference value :  2.19124e-06
 Reference value :  2.19176e-06
 Reference value :  2.19232e-06
 Reference value :  2.19294e-06
 Reference value :  2.19347e-06
 Reference value :  2.19402e-06
 Reference value :  2.19456e-06
 Reference value :  2.19510e-06
 Reference value :  2.19570e-06
 Reference value :  2.19626e-06
 Reference value :  2.19683e-06
 Reference value :  2.19736e-06
 Reference value :  2.19793e-06
 Reference value :  2.19848e-06
 Reference value :  2.19903e-06
 Reference value :  2.19956e-06
 Reference value :  2.20013e-06
 Reference value :  2.20071e-06
 Reference value :  2.20128e-06
 Reference value :  2.20183e-06
 Reference value :  2.20237e-06
 Reference value :  2.20292e-06
 Reference value :  2.20345e-06
 Reference value :  2.20397e-06
 Reference value :  2.20449e-06
 Reference value :  2.20503e-06
 Reference value :  2.20559e-06
 Reference value :  2.20612e-06
 Reference value :  2.20667e-06
 Reference value :  2.20716e-06
 Reference value :  2.20771e-06
 Reference value :  2.20824e-06
 Reference value :  2.20880e-06
 Reference value :  2.20938e-06
 Reference value :  2.20990e-06
 Reference value :  2.21044e-06
 Reference value :  2.21096e-06
 Reference value :  2.21159e-06
 Reference value :  2.21219e-06
 Reference value :  2.21274e-06
 Reference value :  2.21327e-06
 Reference value :  2.21381e-06
 Reference value :  2.21432e-06
 Reference value :  2.21488e-06
 Reference value :  2.21540e-06
 Reference value :  2.21592e-06
 Reference value :  2.21647e-06
 Reference value :  2.21697e-06
 Reference value :  2.21746e-06
 Reference value :  2.21799e-06
 Reference value :  2.21855e-06
 Reference value :  2.21907e-06
 Reference value :  2.21962e-06
 Reference value :  2.22013e-06
 Reference value :  2.22063e-06
 Reference value :  2.22115e-06
 Reference value :  2.22165e-06
 Reference value :  2.22223e-06
 Reference value :  2.22274e-06
 Reference value :  2.22325e-06
 Reference value :  2.22387e-06
 Reference value :  2.22436e-06
 Reference value :  2.22496e-06
 Reference value :  2.22549e-06
 Reference value :  2.22599e-06
 Reference value :  2.22647e-06
 Reference value :  2.22696e-06
 Reference value :  2.22751e-06
 Reference value :  2.22803e-06
 Reference value :  2.22853e-06
 Reference value :  2.22908e-06
 Reference value :  2.22965e-06
 Reference value :  2.23023e-06
 Reference value :  2.23076e-06
 Reference value :  2.23129e-06
 Reference value :  2.23182e-06
 Reference value :  2.23239e-06
 Reference value :  2.23295e-06
 Reference value :  2.23346e-06
 Reference value :  2.23398e-06
 Reference value :  2.23459e-06
 Reference value :  2.23521e-06
 Reference value :  2.23578e-06
 Reference value :  2.23641e-06
 Reference value :  2.23702e-06
 Reference value :  2.23764e-06
 Reference value :  2.23833e-06
 Reference value :  2.23906e-06
 Reference value :  2.23972e-06
 Reference value :  2.24036e-06
 Reference value :  2.24105e-06
 Reference value :  2.24176e-06
 Reference value :  2.24242e-06
 Reference value :  2.24310e-06
 Reference value :  2.24371e-06
 Reference value :  2.24439e-06
 Reference value :  2.24506e-06
 Reference value :  2.24572e-06
 Reference value :  2.24639e-06
 Reference value :  2.24713e-06
 Reference value :  2.24781e-06
 Reference value :  2.24851e-06
 Reference value :  2.24918e-06
 Reference value :  2.24987e-06
 Reference value :  2.25055e-06
 Reference value :  2.25126e-06
 Reference value :  2.25191e-06
 Reference value :  2.25258e-06
 Reference value :  2.25332e-06
 Reference value :  2.25405e-06
 Reference value :  2.25474e-06
 Reference value :  2.25537e-06
 Reference value :  2.25598e-06
 Reference value :  2.25660e-06
 Reference value :  2.25726e-06
 Reference value :  2.25795e-06
 Reference value :  2.25858e-06
 Reference value :  2.25920e-06
 Reference value :  2.25993e-06
 Reference value :  2.26067e-06
 Reference value :  2.26138e-06
 Reference value :  2.26203e-06
 Reference value :  2.26277e-06
 Reference value :  2.26344e-06
 Reference value :  2.26412e-06
 Reference value :  2.26479e-06
 Reference value :  2.26546e-06
 Reference value :  2.26608e-06
 Reference value :  2.26678e-06
 Reference value :  2.26746e-06
 Reference value :  2.26812e-06
 Reference value :  2.26883e-06
 Reference value :  2.26963e-06
 Reference value :  2.27029e-06
 Reference value :  2.27103e-06
 Reference value :  2.27175e-06
 Reference value :  2.27247e-06
 Reference value :  2.27325e-06
 Reference value :  2.27399e-06
 Reference value :  2.27474e-06
 Reference value :  2.27543e-06
 Reference value :  2.27620e-06
 Reference value :  2.27694e-06
 Reference value :  2.27767e-06
 Reference value :  2.27829e-06
 Reference value :  2.27894e-06
 Reference value :  2.27959e-06
 Reference value :  2.28036e-06
 Reference value :  2.28105e-06
 Reference value :  2.28163e-06
 Reference value :  2.28228e-06
 Reference value :  2.28294e-06
 Reference value :  2.28362e-06
 Reference value :  2.28424e-06
 Reference value :  2.28480e-06
 Reference value :  2.28537e-06
 Reference value :  2.28597e-06
 Reference value :  2.28653e-06
 Reference value :  2.28709e-06
 Reference value :  2.28766e-06
 Reference value :  2.28825e-06
 Reference value :  2.28881e-06
 Reference value :  2.28940e-06
 Reference value :  2.29011e-06
 Reference value :  2.29075e-06
 Reference value :  2.29135e-06
 Reference value :  2.29190e-06
 Reference value :  2.29286e-06
 Reference value :  2.29356e-06
 Reference value :  2.29407e-06
 Reference value :  2.29453e-06
 Reference value :  2.29503e-06
 Reference value :  2.29552e-06
 Reference value :  2.29600e-06
 Reference value :  2.29665e-06
 Reference value :  2.29732e-06
 Reference value :  2.29784e-06
 Reference value :  2.29839e-06
 Reference value :  2.29885e-06
 Reference value :  2.29931e-06
 Reference value :  2.29994e-06
 Reference value :  2.30052e-06
 Reference value :  2.30109e-06
 Reference value :  2.30157e-06
 Reference value :  2.30208e-06
 Reference value :  2.30260e-06
 Reference value :  2.30328e-06
 Reference value :  2.30386e-06
 Reference value :  2.30450e-06
 Reference value :  2.30505e-06
 Reference value :  2.30558e-06
 Reference value :  2.30627e-06
 Reference value :  2.30690e-06
 Reference value :  2.30753e-06
 Reference value :  2.30801e-06
 Reference value :  2.30847e-06
 Reference value :  2.30895e-06
 Reference value :  2.30954e-06
 Reference value :  2.31015e-06
 Reference value :  2.31063e-06
 Reference value :  2.31127e-06
 Reference value :  2.31176e-06
 Reference value :  2.31224e-06
 Reference value :  2.31274e-06
 Reference value :  2.31338e-06
 Reference value :  2.31401e-06
 Reference value :  2.31458e-06
 Reference value :  2.31506e-06
 Reference value :  2.31553e-06
 Reference value :  2.31602e-06
 Reference value :  2.31652e-06
 Reference value :  2.31712e-06
 Reference value :  2.31774e-06
 Reference value :  2.31833e-06
 Reference value :  2.31881e-06
 Reference value :  2.31929e-06
 Reference value :  2.31978e-06
 Reference value :  2.32028e-06
 Reference value :  2.32083e-06
 Reference value :  2.32131e-06
 Reference value :  2.32181e-06
 Reference value :  2.32235e-06
 Reference value :  2.32288e-06
 Reference value :  2.32342e-06
 Reference value :  2.32402e-06
 Reference value :  2.32457e-06
 Reference value :  2.32514e-06
 Reference value :  2.32572e-06
 Reference value :  2.32630e-06
 Reference value :  2.32687e-06
 Reference value :  2.32743e-06
 Reference value :  2.32798e-06
 Reference value :  2.32848e-06
 Reference value :  2.32903e-06
 Reference value :  2.32958e-06
 Reference value :  2.33011e-06
 Reference value :  2.33060e-06
 Reference value :  2.33115e-06
 Reference value :  2.33165e-06
 Reference value :  2.33213e-06
 Reference value :  2.33261e-06
 Reference value :  2.33310e-06
 Reference value :  2.33358e-06
 Reference value :  2.33413e-06
 Reference value :  2.33462e-06
 Reference value :  2.33517e-06
 Reference value :  2.33569e-06
 Reference value :  2.33620e-06
 Reference value :  2.33678e-06
 Reference value :  2.33743e-06
 Reference value :  2.33795e-06
 Reference value :  2.33850e-06
 Reference value :  2.33904e-06
 Reference value :  2.33958e-06
 Reference value :  2.34009e-06
 Reference value :  2.34058e-06
 Reference value :  2.34112e-06
 Reference value :  2.34164e-06
 Reference value :  2.34216e-06
 Reference value :  2.34262e-06
 Reference value :  2.34317e-06
 Reference value :  2.34365e-06
 Reference value :  2.34415e-06
 Reference value :  2.34464e-06
 Reference value :  2.34515e-06
 Reference value :  2.34566e-06
 Reference value :  2.34620e-06
 Reference value :  2.34671e-06
 Reference value :  2.34724e-06
 Reference value :  2.34772e-06
 Reference value :  2.34820e-06
 Reference value :  2.34872e-06
 Reference value :  2.34923e-06
 Reference value :  2.34973e-06
 Reference value :  2.35022e-06
 Reference value :  2.35073e-06
 Reference value :  2.35119e-06
 Reference value :  2.35167e-06
 Reference value :  2.35214e-06
 Reference value :  2.35263e-06
 Reference value :  2.35311e-06
 Reference value :  2.35364e-06
 Reference value :  2.35410e-06
 Reference value :  2.35457e-06
 Reference value :  2.35506e-06
 Reference value :  2.35556e-06
 Reference value :  2.35603e-06
 Reference value :  2.35651e-06
 Reference value :  2.35704e-06
 Reference value :  2.35757e-06
 Reference value :  2.35807e-06
 Reference value :  2.35861e-06
 Reference value :  2.35906e-06
 Reference value :  2.35958e-06
 Reference value :  2.36007e-06
 Reference value :  2.36052e-06
 Reference value :  2.36105e-06
 Reference value :  2.36152e-06
 Reference value :  2.36206e-06
 Reference value :  2.36253e-06
 Reference value :  2.36310e-06
 Reference value :  2.36362e-06
 Reference value :  2.36413e-06
 Reference value :  2.36469e-06
 Reference value :  2.36518e-06
 Reference value :  2.36569e-06
 Reference value :  2.36618e-06
 Reference value :  2.36671e-06
 Reference value :  2.36728e-06
 Reference value :  2.36784e-06
 Reference value :  2.36837e-06
 Reference value :  2.36895e-06
 Reference value :  2.36947e-06
 Reference value :  2.36997e-06
 Reference value :  2.37044e-06
 Reference value :  2.37093e-06
 Reference value :  2.37141e-06
 Reference value :  2.37190e-06
 Reference value :  2.37243e-06
 Reference value :  2.37291e-06
 Reference value :  2.37343e-06
 Reference value :  2.37393e-06
 Reference value :  2.37446e-06
 Reference value :  2.37496e-06
 Reference value :  2.37546e-06
 Reference value :  2.37596e-06
 Reference value :  2.37651e-06
 Reference value :  2.37707e-06
 Reference value :  2.37759e-06
 Reference value :  2.37809e-06
 Reference value :  2.37864e-06
 Reference value :  2.37919e-06
 Reference value :  2.37972e-06
 Reference value :  2.38024e-06
 Reference value :  2.38074e-06
 Reference value :  2.38130e-06
 Reference value :  2.38187e-06
 Reference value :  2.38243e-06
 Reference value :  2.38302e-06
 Reference value :  2.38364e-06
 Reference value :  2.38429e-06
 Reference value :  2.38489e-06
 Reference value :  2.38546e-06
 Reference value :  2.38604e-06
 Reference value :  2.38663e-06
 Reference value :  2.38726e-06
 Reference value :  2.38787e-06
 Reference value :  2.38847e-06
 Reference value :  2.38908e-06
 Reference value :  2.38980e-06
 Reference value :  2.39037e-06
 Reference value :  2.39090e-06
 Reference value :  2.39144e-06
 Reference value :  2.39199e-06
 Reference value :  2.39253e-06
 Reference value :  2.39313e-06
 Reference value :  2.39373e-06
 Reference value :  2.39428e-06
 Reference value :  2.39483e-06
 Reference value :  2.39539e-06
 Reference value :  2.39605e-06
 Reference value :  2.39663e-06
 Reference value :  2.39718e-06
 Reference value :  2.39777e-06
 Reference value :  2.39834e-06
 Reference value :  2.39894e-06
 Reference value :  2.39954e-06
 Reference value :  2.40018e-06
 Reference value :  2.40076e-06
 Reference value :  2.40134e-06
 Reference value :  2.40192e-06
 Reference value :  2.40248e-06
 Reference value :  2.40304e-06
 Reference value :  2.40359e-06
 Reference value :  2.40415e-06
 Reference value :  2.40473e-06
 Reference value :  2.40528e-06
 Reference value :  2.40580e-06
 Reference value :  2.40634e-06
 Reference value :  2.40691e-06
 Reference value :  2.40745e-06
 Reference value :  2.40801e-06
 Reference value :  2.40858e-06
 Reference value :  2.40930e-06
 Reference value :  2.41006e-06
 Reference value :  2.41060e-06
 Reference value :  2.41113e-06
 Reference value :  2.41169e-06
 Reference value :  2.41225e-06
 Reference value :  2.41280e-06
 Reference value :  2.41335e-06
 Reference value :  2.41394e-06
 Reference value :  2.41453e-06
 Reference value :  2.41512e-06
 Reference value :  2.41569e-06
 Reference value :  2.41624e-06
 Reference value :  2.41672e-06
 Reference value :  2.41726e-06
 Reference value :  2.41785e-06
 Reference value :  2.41852e-06
 Reference value :  2.41915e-06
 Reference value :  2.41980e-06
 Reference value :  2.42050e-06
 Reference value :  2.42118e-06
 Reference value :  2.42181e-06
 Reference value :  2.42245e-06
 Reference value :  2.42338e-06
 Reference value :  2.42413e-06
 Reference value :  2.42475e-06
 Reference value :  2.42529e-06
 Reference value :  2.42584e-06
 Reference value :  2.42643e-06
 Reference value :  2.42691e-06
 Reference value :  2.42749e-06
 Reference value :  2.42812e-06
 Reference value :  2.42884e-06
 Reference value :  2.42957e-06
 Reference value :  2.43015e-06
 Reference value :  2.43077e-06
 Reference value :  2.43137e-06
 Reference value :  2.43195e-06
 Reference value :  2.43245e-06
 Reference value :  2.43294e-06
 Reference value :  2.43345e-06
 Reference value :  2.43395e-06
 Reference value :  2.43446e-06
 Reference value :  2.43495e-06
 Reference value :  2.43544e-06
 Reference value :  2.43605e-06
 Reference value :  2.43677e-06
 Reference value :  2.43747e-06
 Reference value :  2.43814e-06
 Reference value :  2.43885e-06
 Reference value :  2.43940e-06
 Reference value :  2.43994e-06
 Reference value :  2.44047e-06
 Reference value :  2.44097e-06
 Reference value :  2.44146e-06
 Reference value :  2.44196e-06
 Reference value :  2.44247e-06
 Reference value :  2.44304e-06
 Reference value :  2.44356e-06
 Reference value :  2.44411e-06
 Reference value :  2.44458e-06
 Reference value :  2.44504e-06
 Reference value :  2.44556e-06
 Reference value :  2.44604e-06
 Reference value :  2.44653e-06
 Reference value :  2.44702e-06
 Reference value :  2.44752e-06
 Reference value :  2.44801e-06
 Reference value :  2.44851e-06
 Reference value :  2.44901e-06
 Reference value :  2.44951e-06
 Reference value :  2.45006e-06
 Reference value :  2.45056e-06
 Reference value :  2.45111e-06
 Reference value :  2.45160e-06
 Reference value :  2.45207e-06
 Reference value :  2.45255e-06
 Reference value :  2.45309e-06
 Reference value :  2.45368e-06
 Reference value :  2.45420e-06
 Reference value :  2.45469e-06
 Reference value :  2.45519e-06
 Reference value :  2.45570e-06
 Reference value :  2.45628e-06
 Reference value :  2.45685e-06
 Reference value :  2.45739e-06
 Reference value :  2.45799e-06
 Reference value :  2.45854e-06
 Reference value :  2.45918e-06
 Reference value :  2.45978e-06
 Reference value :  2.46030e-06
 Reference value :  2.46077e-06
 Reference value :  2.46126e-06
 Reference value :  2.46179e-06
 Reference value :  2.46230e-06
 Reference value :  2.46277e-06
 Reference value :  2.46329e-06
 Reference value :  2.46381e-06
 Reference value :  2.46433e-06
 Reference value :  2.46485e-06
 Reference value :  2.46544e-06
 Reference value :  2.46597e-06
 Reference value :  2.46649e-06
 Reference value :  2.46704e-06
 Reference value :  2.46760e-06
 Reference value :  2.46825e-06
 Reference value :  2.46881e-06
 Reference value :  2.46940e-06
 Reference value :  2.46993e-06
 Reference value :  2.47052e-06
 Reference value :  2.47113e-06
 Reference value :  2.47165e-06
 Reference value :  2.47218e-06
 Reference value :  2.47268e-06
 Reference value :  2.47320e-06
 Reference value :  2.47375e-06
 Reference value :  2.47430e-06
 Reference value :  2.47482e-06
 Reference value :  2.47530e-06
 Reference value :  2.47589e-06
 Reference value :  2.47639e-06
 Reference value :  2.47695e-06
 Reference value :  2.47747e-06
 Reference value :  2.47797e-06
 Reference value :  2.47850e-06
 Reference value :  2.47904e-06
 Reference value :  2.47963e-06
 Reference value :  2.48020e-06
 Reference value :  2.48073e-06
 Reference value :  2.48123e-06
 Reference value :  2.48175e-06
 Reference value :  2.48231e-06
 Reference value :  2.48282e-06
 Reference value :  2.48331e-06
 Reference value :  2.48382e-06
 Reference value :  2.48434e-06
 Reference value :  2.48484e-06
 Reference value :  2.48534e-06
 Reference value :  2.48585e-06
 Reference value :  2.48633e-06
 Reference value :  2.48688e-06
 Reference value :  2.48741e-06
 Reference value :  2.48796e-06
 Reference value :  2.48843e-06
 Reference value :  2.48891e-06
 Reference value :  2.48941e-06
 Reference value :  2.48988e-06
 Reference value :  2.49035e-06
 Reference value :  2.49084e-06
 Reference value :  2.49141e-06
 Reference value :  2.49194e-06
 Reference value :  2.49246e-06
 Reference value :  2.49296e-06
 Reference value :  2.49353e-06
 Reference value :  2.49409e-06
 Reference value :  2.49460e-06
 Reference value :  2.49516e-06
 Reference value :  2.49573e-06
 Reference value :  2.49626e-06
 Reference value :  2.49680e-06
 Reference value :  2.49735e-06
 Reference value :  2.49789e-06
 Reference value :  2.49846e-06
 Reference value :  2.49898e-06
 Reference value :  2.49952e-06
 Reference value :  2.50006e-06
 Reference value :  2.50056e-06
 Reference value :  2.50115e-06
 Reference value :  2.50171e-06
 Reference value :  2.50225e-06
 Reference value :  2.50275e-06
 Reference value :  2.50323e-06
 Reference value :  2.50376e-06
 Reference value :  2.50425e-06
 Reference value :  2.50478e-06
 Reference value :  2.50527e-06
 Reference value :  2.50584e-06
 Reference value :  2.50635e-06
 Reference value :  2.50685e-06
 Reference value :  2.50739e-06
 Reference value :  2.50786e-06
 Reference value :  2.50835e-06
 Reference value :  2.50883e-06
 Reference value :  2.50930e-06
 Reference value :  2.50977e-06
 Reference value :  2.51026e-06
 Reference value :  2.51086e-06
 Reference value :  2.51142e-06
 Reference value :  2.51200e-06
 Reference value :  2.51252e-06
 Reference value :  2.51307e-06
 Reference value :  2.51359e-06
 Reference value :  2.51422e-06
 Reference value :  2.51474e-06
 Reference value :  2.51528e-06
 Reference value :  2.51583e-06
 Reference value :  2.51637e-06
 Reference value :  2.51697e-06
 Reference value :  2.51753e-06
 Reference value :  2.51816e-06
 Reference value :  2.51878e-06
 Reference value :  2.51946e-06
 Reference value :  2.52007e-06
 Reference value :  2.52071e-06
 Reference value :  2.52132e-06
 Reference value :  2.52199e-06
 Reference value :  2.52264e-06
 Reference value :  2.52329e-06
 Reference value :  2.52399e-06
 Reference value :  2.52472e-06
 Reference value :  2.52542e-06
 Reference value :  2.52609e-06
 Reference value :  2.52681e-06
 Reference value :  2.52748e-06
 Reference value :  2.52816e-06
 Reference value :  2.52878e-06
 Reference value :  2.52945e-06
 Reference value :  2.53013e-06
 Reference value :  2.53078e-06
 Reference value :  2.53145e-06
 Reference value :  2.53208e-06
 Reference value :  2.53268e-06
 Reference value :  2.53328e-06
 Reference value :  2.53391e-06
 Reference value :  2.53455e-06
 Reference value :  2.53514e-06
 Reference value :  2.53574e-06
 Reference value :  2.53644e-06
 Reference value :  2.53707e-06
 Reference value :  2.53773e-06
 Reference value :  2.53842e-06
 Reference value :  2.53907e-06
 Reference value :  2.53972e-06
 Reference value :  2.54040e-06
 Reference value :  2.54103e-06
 Reference value :  2.54165e-06
 Reference value :  2.54231e-06
 Reference value :  2.54299e-06
 Reference value :  2.54365e-06
 Reference value :  2.54432e-06
 Reference value :  2.54505e-06
 Reference value :  2.54572e-06
 Reference value :  2.54637e-06
 Reference value :  2.54699e-06
 Reference value :  2.54769e-06
 Reference value :  2.54839e-06
 Reference value :  2.54913e-06
 Reference value :  2.54981e-06
 Reference value :  2.55046e-06
 Reference value :  2.55113e-06
 Reference value :  2.55178e-06
 Reference value :  2.55245e-06
 Reference value :  2.55310e-06
 Reference value :  2.55376e-06
 Reference value :  2.55438e-06
 Reference value :  2.55500e-06
 Reference value :  2.55564e-06
 Reference value :  2.55634e-06
 Reference value :  2.55697e-06
 Reference value :  2.55765e-06
 Reference value :  2.55833e-06
 Reference value :  2.55903e-06
 Reference value :  2.55967e-06
 Reference value :  2.56031e-06
 Reference value :  2.56092e-06
 Reference value :  2.56153e-06
 Reference value :  2.56212e-06
 Reference value :  2.56284e-06
 Reference value :  2.56352e-06
 Reference value :  2.56420e-06
 Reference value :  2.56487e-06
 Reference value :  2.56548e-06
 Reference value :  2.56607e-06
 Reference value :  2.56667e-06
 Reference value :  2.56736e-06
 Reference value :  2.56803e-06
 Reference value :  2.56867e-06
 Reference value :  2.56926e-06
 Reference value :  2.56988e-06
 Reference value :  2.57050e-06
 Reference value :  2.57109e-06
 Reference value :  2.57165e-06
 Reference value :  2.57222e-06
 Reference value :  2.57278e-06
 Reference value :  2.57329e-06
 Reference value :  2.57389e-06
 Reference value :  2.57446e-06
 Reference value :  2.57500e-06
 Reference value :  2.57552e-06
 Reference value :  2.57600e-06
 Reference value :  2.57650e-06
 Reference value :  2.57704e-06
 Reference value :  2.57754e-06
 Reference value :  2.57804e-06
 Reference value :  2.57854e-06
 Reference value :  2.57906e-06
 Reference value :  2.57957e-06
 Reference value :  2.58010e-06
 Reference value :  2.58063e-06
 Reference value :  2.58120e-06
 Reference value :  2.58173e-06
 Reference value :  2.58225e-06
 Reference value :  2.58274e-06
 Reference value :  2.58328e-06
 Reference value :  2.58378e-06
 Reference value :  2.58426e-06
 Reference value :  2.58480e-06
 Reference value :  2.58537e-06
 Reference value :  2.58590e-06
 Reference value :  2.58642e-06
 Reference value :  2.58710e-06
 Reference value :  2.58767e-06
 Reference value :  2.58823e-06
 Reference value :  2.58884e-06
 Reference value :  2.58931e-06
 Reference value :  2.58988e-06
 Reference value :  2.59041e-06
 Reference value :  2.59092e-06
 Reference value :  2.59142e-06
 Reference value :  2.59192e-06
 Reference value :  2.59243e-06
 Reference value :  2.59297e-06
 Reference value :  2.59348e-06
 Reference value :  2.59403e-06
 Reference value :  2.59454e-06
 Reference value :  2.59504e-06
 Reference value :  2.59562e-06
 Reference value :  2.59614e-06
 Reference value :  2.59662e-06
 Reference value :  2.59720e-06
 Reference value :  2.59772e-06
 Reference value :  2.59824e-06
 Reference value :  2.59873e-06
 Reference value :  2.59922e-06
 Reference value :  2.59977e-06
 Reference value :  2.60029e-06
 Reference value :  2.60081e-06
 Reference value :  2.60132e-06
 Reference value :  2.60182e-06
 Reference value :  2.60233e-06
 Reference value :  2.60285e-06
 Reference value :  2.60335e-06
 Reference value :  2.60390e-06
 Reference value :  2.60439e-06
 Reference value :  2.60490e-06
 Reference value :  2.60541e-06
 Reference value :  2.60591e-06
 Reference value :  2.60642e-06
 Reference value :  2.60690e-06
 Reference value :  2.60740e-06
 Reference value :  2.60787e-06
 Reference value :  2.60838e-06
 Reference value :  2.60886e-06
 Reference value :  2.60932e-06
 Reference value :  2.60981e-06
 Reference value :  2.61027e-06
 Reference value :  2.61074e-06
 Reference value :  2.61128e-06
 Reference value :  2.61175e-06
 Reference value :  2.61224e-06
 Reference value :  2.61276e-06
 Reference value :  2.61327e-06
 Reference value :  2.61386e-06
 Reference value :  2.61439e-06
 Reference value :  2.61500e-06
 Reference value :  2.61563e-06
 Reference value :  2.61613e-06
 Reference value :  2.61661e-06
 Reference value :  2.61710e-06
 Reference value :  2.61761e-06
 Reference value :  2.61818e-06
 Reference value :  2.61878e-06
 Reference value :  2.61924e-06
 Reference value :  2.61985e-06
 Reference value :  2.62034e-06
 Reference value :  2.62082e-06
 Reference value :  2.62133e-06
 Reference value :  2.62180e-06
 Reference value :  2.62242e-06
 Reference value :  2.62302e-06
 Reference value :  2.62351e-06
 Reference value :  2.62410e-06
 Reference value :  2.62462e-06
 Reference value :  2.62511e-06
 Reference value :  2.62562e-06
 Reference value :  2.62612e-06
 Reference value :  2.62671e-06
 Reference value :  2.62730e-06
 Reference value :  2.62786e-06
 Reference value :  2.62834e-06
 Reference value :  2.62881e-06
 Reference value :  2.62927e-06
 Reference value :  2.62976e-06
 Reference value :  2.63031e-06
 Reference value :  2.63090e-06
 Reference value :  2.63144e-06
 Reference value :  2.63192e-06
 Reference value :  2.63241e-06
 Reference value :  2.63288e-06
 Reference value :  2.63336e-06
 Reference value :  2.63398e-06
 Reference value :  2.63458e-06
 Reference value :  2.63505e-06
 Reference value :  2.63564e-06
 Reference value :  2.63612e-06
 Reference value :  2.63657e-06
 Reference value :  2.63704e-06
 Reference value :  2.63751e-06
 Reference value :  2.63797e-06
 Reference value :  2.63858e-06
 Reference value :  2.63913e-06
 Reference value :  2.63965e-06
 Reference value :  2.64021e-06
 Reference value :  2.64070e-06
 Reference value :  2.64117e-06
 Reference value :  2.64166e-06
 Reference value :  2.64212e-06
 Reference value :  2.64258e-06
 Reference value :  2.64305e-06
 Reference value :  2.64354e-06
 Reference value :  2.64403e-06
 Reference value :  2.64449e-06
 Reference value :  2.64497e-06
 Reference value :  2.64545e-06
 Reference value :  2.64599e-06
 Reference value :  2.64646e-06
 Reference value :  2.64695e-06
 Reference value :  2.64742e-06
 Reference value :  2.64790e-06
 Reference value :  2.64837e-06
 Reference value :  2.64885e-06
 Reference value :  2.64931e-06
 Reference value :  2.64979e-06
 Reference value :  2.65030e-06
 Reference value :  2.65080e-06
 Reference value :  2.65132e-06
 Reference value :  2.65182e-06
 Reference value :  2.65228e-06
 Reference value :  2.65277e-06
 Reference value :  2.65326e-06
 Reference value :  2.65375e-06
 Reference value :  2.65423e-06
 Reference value :  2.65471e-06
 Reference value :  2.65520e-06
 Reference value :  2.65568e-06
 Reference value :  2.65616e-06
 Reference value :  2.65663e-06
 Reference value :  2.65711e-06
 Reference value :  2.65764e-06
 Reference value :  2.65815e-06
 Reference value :  2.65864e-06
 Reference value :  2.65912e-06
 Reference value :  2.65959e-06
 Reference value :  2.66007e-06
 Reference value :  2.66057e-06
 Reference value :  2.66105e-06
 Reference value :  2.66152e-06
 Reference value :  2.66200e-06
 Reference value :  2.66248e-06
 Reference value :  2.66296e-06
 Reference value :  2.66342e-06
 Reference value :  2.66392e-06
 Reference value :  2.66438e-06
 Reference value :  2.66487e-06
 Reference value :  2.66537e-06
 Reference value :  2.66585e-06
 Reference value :  2.66633e-06
 Reference value :  2.66682e-06
 Reference value :  2.66729e-06
 Reference value :  2.66777e-06
 Reference value :  2.66827e-06
 Reference value :  2.66877e-06
 Reference value :  2.66923e-06
 Reference value :  2.66970e-06
 Reference value :  2.67018e-06
 Reference value :  2.67065e-06
 Reference value :  2.67112e-06
 Reference value :  2.67160e-06
 Reference value :  2.67210e-06
 Reference value :  2.67256e-06
 Reference value :  2.67305e-06
 Reference value :  2.67356e-06
 Reference value :  2.67407e-06
 Reference value :  2.67455e-06
 Reference value :  2.67505e-06
 Reference value :  2.67554e-06
 Reference value :  2.67603e-06
 Reference value :  2.67649e-06
 Reference value :  2.67698e-06
 Reference value :  2.67749e-06
 Reference value :  2.67798e-06
 Reference value :  2.67846e-06
 Reference value :  2.67898e-06
 Reference value :  2.67957e-06
 Reference value :  2.68009e-06
 Reference value :  2.68057e-06
 Reference value :  2.68108e-06
 Reference value :  2.68157e-06
 Reference value :  2.68207e-06
 Reference value :  2.68259e-06
 Reference value :  2.68308e-06
 Reference value :  2.68356e-06
 Reference value :  2.68406e-06
 Reference value :  2.68452e-06
 Reference value :  2.68502e-06
 Reference value :  2.68550e-06
 Reference value :  2.68598e-06
 Reference value :  2.68645e-06
 Reference value :  2.68691e-06
 Reference value :  2.68741e-06
 Reference value :  2.68791e-06
 Reference value :  2.68839e-06
 Reference value :  2.68887e-06
 Reference value :  2.68933e-06
 Reference value :  2.68979e-06
 Reference value :  2.69025e-06
 Reference value :  2.69072e-06
 Reference value :  2.69118e-06
 Reference value :  2.69165e-06
 Reference value :  2.69210e-06
 Reference value :  2.69258e-06
 Reference value :  2.69310e-06
 Reference value :  2.69358e-06
 Reference value :  2.69405e-06
 Reference value :  2.69452e-06
 Reference value :  2.69501e-06
 Reference value :  2.69547e-06
 Reference value :  2.69596e-06
 Reference value :  2.69648e-06
 Reference value :  2.69699e-06
 Reference value :  2.69749e-06
 Reference value :  2.69800e-06
 Reference value :  2.69850e-06
 Reference value :  2.69900e-06
 Reference value :  2.69948e-06
 Reference value :  2.69994e-06
 Reference value :  2.70039e-06
 Reference value :  2.70084e-06
 Reference value :  2.70132e-06
 Reference value :  2.70179e-06
 Reference value :  2.70224e-06
 Reference value :  2.70270e-06
 Reference value :  2.70319e-06
 Reference value :  2.70367e-06
 Reference value :  2.70415e-06
 Reference value :  2.70461e-06
 Reference value :  2.70511e-06
 Reference value :  2.70559e-06
 Reference value :  2.70607e-06
 Reference value :  2.70657e-06
 Reference value :  2.70705e-06
 Reference value :  2.70750e-06
 Reference value :  2.70796e-06
 Reference value :  2.70841e-06
 Reference value :  2.70889e-06
 Reference value :  2.70940e-06
 Reference value :  2.70987e-06
 Reference value :  2.71035e-06
 Reference value :  2.71082e-06
 Reference value :  2.71129e-06
 Reference value :  2.71175e-06
 Reference value :  2.71223e-06
 Reference value :  2.71271e-06
 Reference value :  2.71320e-06
 Reference value :  2.71369e-06
 Reference value :  2.71419e-06
 Reference value :  2.71465e-06
 Reference value :  2.71516e-06
 Reference value :  2.71566e-06
 Reference value :  2.71616e-06
 Reference value :  2.71662e-06
 Reference value :  2.71711e-06
 Reference value :  2.71758e-06
 Reference value :  2.71802e-06
 Reference value :  2.71849e-06
 Reference value :  2.71896e-06
 Reference value :  2.71945e-06
 Reference value :  2.71996e-06
 Reference value :  2.72044e-06
 Reference value :  2.72092e-06
 Reference value :  2.72138e-06
 Reference value :  2.72190e-06
 Reference value :  2.72239e-06
 Reference value :  2.72288e-06
 Reference value :  2.72336e-06
 Reference value :  2.72386e-06
 Reference value :  2.72438e-06
 Reference value :  2.72490e-06
 Reference value :  2.72539e-06
 Reference value :  2.72586e-06
 Reference value :  2.72636e-06
 Reference value :  2.72684e-06
 Reference value :  2.72732e-06
 Reference value :  2.72780e-06
 Reference value :  2.72829e-06
 Reference value :  2.72874e-06
 Reference value :  2.72923e-06
 Reference value :  2.72970e-06
 Reference value :  2.73016e-06
 Reference value :  2.73062e-06
 Reference value :  2.73109e-06
 Reference value :  2.73159e-06
 Reference value :  2.73209e-06
 Reference value :  2.73256e-06
 Reference value :  2.73303e-06
 Reference value :  2.73348e-06
 Reference value :  2.73395e-06
 Reference value :  2.73443e-06
 Reference value :  2.73493e-06
 Reference value :  2.73542e-06
 Reference value :  2.73592e-06
 Reference value :  2.73643e-06
 Reference value :  2.73702e-06
 Reference value :  2.73762e-06
 Reference value :  2.73822e-06
 Reference value :  2.73884e-06
 Reference value :  2.73941e-06
 Reference value :  2.74003e-06
 Reference value :  2.74056e-06
 Reference value :  2.74107e-06
 Reference value :  2.74157e-06
 Reference value :  2.74204e-06
 Reference value :  2.74252e-06
 Reference value :  2.74303e-06
 Reference value :  2.74352e-06
 Reference value :  2.74400e-06
 Reference value :  2.74449e-06
 Reference value :  2.74498e-06
 Reference value :  2.74549e-06
 Reference value :  2.74597e-06
 Reference value :  2.74646e-06
 Reference value :  2.74696e-06
 Reference value :  2.74747e-06
 Reference value :  2.74795e-06
 Reference value :  2.74842e-06
 Reference value :  2.74891e-06
 Reference value :  2.74937e-06
 Reference value :  2.74983e-06
 Reference value :  2.75031e-06
 Reference value :  2.75081e-06
 Reference value :  2.75131e-06
 Reference value :  2.75184e-06
 Reference value :  2.75232e-06
 Reference value :  2.75280e-06
 Reference value :  2.75327e-06
 Reference value :  2.75374e-06
 Reference value :  2.75424e-06
 Reference value :  2.75476e-06
 Reference value :  2.75523e-06
 Reference value :  2.75573e-06
 Reference value :  2.75621e-06
 Reference value :  2.75665e-06
 Reference value :  2.75713e-06
 Reference value :  2.75761e-06
 Reference value :  2.75810e-06
 Reference value :  2.75859e-06
 Reference value :  2.75913e-06
 Reference value :  2.75962e-06
 Reference value :  2.76012e-06
 Reference value :  2.76062e-06
 Reference value :  2.76110e-06
 Reference value :  2.76157e-06
 Reference value :  2.76204e-06
 Reference value :  2.76253e-06
 Reference value :  2.76300e-06
 Reference value :  2.76354e-06
 Reference value :  2.76403e-06
 Reference value :  2.76452e-06
 Reference value :  2.76503e-06
 Reference value :  2.76551e-06
 Reference value :  2.76597e-06
 Reference value :  2.76644e-06
 Reference value :  2.76693e-06
 Reference value :  2.76743e-06
 Reference value :  2.76791e-06
 Reference value :  2.76842e-06
 Reference value :  2.76895e-06
 Reference value :  2.76944e-06
 Reference value :  2.76993e-06
 Reference value :  2.77047e-06
 Reference value :  2.77094e-06
 Reference value :  2.77142e-06
 Reference value :  2.77195e-06
 Reference value :  2.77242e-06
 Reference value :  2.77291e-06
 Reference value :  2.77339e-06
 Reference value :  2.77388e-06
 Reference value :  2.77439e-06
 Reference value :  2.77494e-06
 Reference value :  2.77541e-06
 Reference value :  2.77594e-06
 Reference value :  2.77645e-06
 Reference value :  2.77700e-06
 Reference value :  2.77753e-06
 Reference value :  2.77801e-06
 Reference value :  2.77856e-06
 Reference value :  2.77905e-06
 Reference value :  2.77952e-06
 Reference value :  2.78014e-06
 Reference value :  2.78069e-06
 Reference value :  2.78117e-06
 Reference value :  2.78173e-06
 Reference value :  2.78222e-06
 Reference value :  2.78270e-06
 Reference value :  2.78326e-06
 Reference value :  2.78382e-06
 Reference value :  2.78431e-06
 Reference value :  2.78484e-06
 Reference value :  2.78534e-06
 Reference value :  2.78587e-06
 Reference value :  2.78640e-06
 Reference value :  2.78692e-06
 Reference value :  2.78741e-06
 Reference value :  2.78789e-06
 Reference value :  2.78841e-06
 Reference value :  2.78890e-06
 Reference value :  2.78940e-06
 Reference value :  2.78994e-06
 Reference value :  2.79051e-06
 Reference value :  2.79110e-06
 Reference value :  2.79166e-06
 Reference value :  2.79216e-06
 Reference value :  2.79267e-06
 Reference value :  2.79320e-06
 Reference value :  2.79384e-06
 Reference value :  2.79433e-06
 Reference value :  2.79486e-06
 Reference value :  2.79536e-06
 Reference value :  2.79582e-06
 Reference value :  2.79634e-06
 Reference value :  2.79693e-06
 Reference value :  2.79750e-06
 Reference value :  2.79797e-06
 Reference value :  2.79845e-06
 Reference value :  2.79899e-06
 Reference value :  2.79950e-06
 Reference value :  2.80009e-06
 Reference value :  2.80060e-06
 Reference value :  2.80110e-06
 Reference value :  2.80169e-06
 Reference value :  2.80236e-06
 Reference value :  2.80289e-06
 Reference value :  2.80349e-06
 Reference value :  2.80403e-06
 Reference value :  2.80456e-06
 Reference value :  2.80511e-06
 Reference value :  2.80561e-06
 Reference value :  2.80610e-06
 Reference value :  2.80661e-06
 Reference value :  2.80721e-06
 Reference value :  2.80774e-06
 Reference value :  2.80827e-06
 Reference value :  2.80875e-06
 Reference value :  2.80931e-06
 Reference value :  2.80984e-06
 Reference value :  2.81038e-06
 Reference value :  2.81087e-06
 Reference value :  2.81145e-06
 Reference value :  2.81197e-06
 Reference value :  2.81258e-06
 Reference value :  2.81309e-06
 Reference value :  2.81355e-06
 Reference value :  2.81412e-06
 Reference value :  2.81465e-06
 Reference value :  2.81521e-06
 Reference value :  2.81570e-06
 Reference value :  2.81616e-06
 Reference value :  2.81674e-06
 Reference value :  2.81722e-06
 Reference value :  2.81779e-06
 Reference value :  2.81827e-06
 Reference value :  2.81887e-06
 Reference value :  2.81938e-06
 Reference value :  2.81988e-06
 Reference value :  2.82037e-06
 Reference value :  2.82087e-06
 Reference value :  2.82143e-06
 Reference value :  2.82195e-06
 Reference value :  2.82245e-06
 Reference value :  2.82292e-06
 Reference value :  2.82341e-06
 Reference value :  2.82396e-06
 Reference value :  2.82445e-06
 Reference value :  2.82502e-06
 Reference value :  2.82554e-06
 Reference value :  2.82600e-06
 Reference value :  2.82655e-06
 Reference value :  2.82713e-06
 Reference value :  2.82767e-06
 Reference value :  2.82820e-06
 Reference value :  2.82867e-06
 Reference value :  2.82915e-06
 Reference value :  2.82963e-06
 Reference value :  2.83021e-06
 Reference value :  2.83073e-06
 Reference value :  2.83122e-06
 Reference value :  2.83171e-06
 Reference value :  2.83220e-06
 Reference value :  2.83266e-06
 Reference value :  2.83317e-06
 Reference value :  2.83371e-06
 Reference value :  2.83424e-06
 Reference value :  2.83469e-06
 Reference value :  2.83522e-06
 Reference value :  2.83569e-06
 Reference value :  2.83621e-06
 Reference value :  2.83676e-06
 Reference value :  2.83733e-06
 Reference value :  2.83781e-06
 Reference value :  2.83832e-06
 Reference value :  2.83881e-06
 Reference value :  2.83928e-06
 Reference value :  2.83983e-06
 Reference value :  2.84031e-06
 Reference value :  2.84077e-06
 Reference value :  2.84129e-06
 Reference value :  2.84178e-06
 Reference value :  2.84227e-06
 Reference value :  2.84280e-06
 Reference value :  2.84332e-06
 Reference value :  2.84378e-06
 Reference value :  2.84428e-06
 Reference value :  2.84477e-06
 Reference value :  2.84531e-06
 Reference value :  2.84579e-06
 Reference value :  2.84629e-06
 Reference value :  2.84676e-06
 Reference value :  2.84725e-06
 Reference value :  2.84777e-06
 Reference value :  2.84833e-06
 Reference value :  2.84885e-06
 Reference value :  2.84943e-06
 Reference value :  2.85006e-06
 Reference value :  2.85060e-06
 Reference value :  2.85127e-06
 Reference value :  2.85194e-06
 Reference value :  2.85255e-06
 Reference value :  2.85305e-06
 Reference value :  2.85357e-06
 Reference value :  2.85405e-06
 Reference value :  2.85456e-06
 Reference value :  2.85504e-06
 Reference value :  2.85551e-06
 Reference value :  2.85601e-06
 Reference value :  2.85650e-06
 Reference value :  2.85697e-06
 Reference value :  2.85750e-06
 Reference value :  2.85796e-06
 Reference value :  2.85845e-06
 Reference value :  2.85893e-06
 Reference value :  2.85944e-06
 Reference value :  2.85991e-06
 Reference value :  2.86047e-06
 Reference value :  2.86096e-06
 Reference value :  2.86147e-06
 Reference value :  2.86198e-06
 Reference value :  2.86254e-06
 Reference value :  2.86304e-06
 Reference value :  2.86355e-06
 Reference value :  2.86404e-06
 Reference value :  2.86455e-06
 Reference value :  2.86506e-06
 Reference value :  2.86565e-06
 Reference value :  2.86615e-06
 Reference value :  2.86666e-06
 Reference value :  2.86714e-06
 Reference value :  2.86769e-06
 Reference value :  2.86826e-06
 Reference value :  2.86873e-06
 Reference value :  2.86926e-06
 Reference value :  2.86980e-06
 Reference value :  2.87034e-06
 Reference value :  2.87084e-06
 Reference value :  2.87140e-06
 Reference value :  2.87186e-06
 Reference value :  2.87238e-06
 Reference value :  2.87291e-06
 Reference value :  2.87346e-06
 Reference value :  2.87392e-06
 Reference value :  2.87447e-06
 Reference value :  2.87499e-06
 Reference value :  2.87552e-06
 Reference value :  2.87607e-06
 Reference value :  2.87656e-06
 Reference value :  2.87705e-06
 Reference value :  2.87779e-06
 Reference value :  2.87827e-06
 Reference value :  2.87877e-06
 Reference value :  2.87926e-06
 Reference value :  2.87986e-06
 Reference value :  2.88066e-06
 Reference value :  2.88119e-06
 Reference value :  2.88168e-06
 Reference value :  2.88222e-06
 Reference value :  2.88283e-06
 Reference value :  2.88346e-06
 Reference value :  2.88395e-06
 Reference value :  2.88441e-06
 Reference value :  2.88495e-06
 Reference value :  2.88543e-06
 Reference value :  2.88598e-06
 Reference value :  2.88644e-06
 Reference value :  2.88692e-06
 Reference value :  2.88743e-06
 Reference value :  2.88798e-06
 Reference value :  2.88845e-06
 Reference value :  2.88898e-06
 Reference value :  2.88951e-06
 Reference value :  2.88998e-06
 Reference value :  2.89047e-06
 Reference value :  2.89096e-06
 Reference value :  2.89148e-06
 Reference value :  2.89198e-06
 Reference value :  2.89257e-06
 Reference value :  2.89308e-06
 Reference value :  2.89361e-06
 Reference value :  2.89411e-06
 Reference value :  2.89460e-06
 Reference value :  2.89516e-06
 Reference value :  2.89567e-06
 Reference value :  2.89622e-06
 Reference value :  2.89668e-06
 Reference value :  2.89717e-06
 Reference value :  2.89772e-06
 Reference value :  2.89843e-06
 Reference value :  2.89914e-06
 Reference value :  2.89993e-06
No. of Data Rows : 3770009
t2a                 =  5.16907e-09
t2b                 =  8.00152e-07
tk                  =  5.50432e-09
tk                  =  8.83041e-09
tk                  =  1.21452e-08
tk                  =  1.54399e-08
tk                  =  1.87168e-08
tk                  =  2.19739e-08
tk                  =  2.52590e-08
tk                  =  2.85572e-08
tk                  =  3.18561e-08
tk                  =  3.51712e-08
tk                  =  3.84859e-08
tk                  =  4.17934e-08
tk                  =  4.51013e-08
tk                  =  4.84170e-08
tk                  =  5.17446e-08
tk                  =  5.50580e-08
tk                  =  5.83791e-08
tk                  =  6.17009e-08
tk                  =  6.50104e-08
tk                  =  6.82969e-08
tk                  =  7.15678e-08
tk                  =  7.48263e-08
tk                  =  7.81303e-08
tk                  =  8.14219e-08
tk                  =  8.47257e-08
tk                  =  8.80449e-08
tk                  =  9.13556e-08
tk                  =  9.46601e-08
tk                  =  9.79701e-08
tk                  =  1.01292e-07
tk                  =  1.04618e-07
tk                  =  1.07930e-07
tk                  =  1.11255e-07
tk                  =  1.14570e-07
tk                  =  1.17872e-07
tk                  =  1.21150e-07
tk                  =  1.24411e-07
tk                  =  1.27687e-07
tk                  =  1.30989e-07
tk                  =  1.34282e-07
tk                  =  1.37594e-07
tk                  =  1.40910e-07
tk                  =  1.44218e-07
tk                  =  1.47523e-07
tk                  =  1.50836e-07
tk                  =  1.54162e-07
tk                  =  1.57481e-07
tk                  =  1.60797e-07
tk                  =  1.64122e-07
tk                  =  1.67435e-07
tk                  =  1.70728e-07
tk                  =  1.74001e-07
tk                  =  1.77257e-07
tk                  =  1.80550e-07
tk                  =  1.83846e-07
tk                  =  1.87145e-07
tk                  =  1.90463e-07
tk                  =  1.93776e-07
tk                  =  1.97082e-07
tk                  =  2.00389e-07
tk                  =  2.03708e-07
tk                  =  2.07037e-07
tk                  =  2.10350e-07
tk                  =  2.13673e-07
tk                  =  2.16992e-07
tk                  =  2.20299e-07
tk                  =  2.23584e-07
tk                  =  2.26851e-07
tk                  =  2.30115e-07
tk                  =  2.33419e-07
tk                  =  2.36710e-07
tk                  =  2.40015e-07
tk                  =  2.43336e-07
tk                  =  2.46645e-07
tk                  =  2.49950e-07
tk                  =  2.53262e-07
tk                  =  2.56584e-07
tk                  =  2.59908e-07
tk                  =  2.63220e-07
tk                  =  2.66546e-07
tk                  =  2.69862e-07
tk                  =  2.73159e-07
tk                  =  2.76437e-07
tk                  =  2.79695e-07
tk                  =  2.82976e-07
tk                  =  2.86277e-07
tk                  =  2.89572e-07
tk                  =  2.92884e-07
tk                  =  2.96200e-07
tk                  =  2.99507e-07
tk                  =  3.02814e-07
tk                  =  3.06130e-07
tk                  =  3.09457e-07
tk                  =  3.12773e-07
tk                  =  3.16091e-07
tk                  =  3.19414e-07
tk                  =  3.22725e-07
tk                  =  3.26015e-07
tk                  =  3.29288e-07
tk                  =  3.32546e-07
tk                  =  3.35846e-07
tk                  =  3.39137e-07
tk                  =  3.42439e-07
tk                  =  3.45757e-07
tk                  =  3.49071e-07
tk                  =  3.52375e-07
tk                  =  3.55685e-07
tk                  =  3.59004e-07
tk                  =  3.62334e-07
tk                  =  3.65644e-07
tk                  =  3.68970e-07
tk                  =  3.72287e-07
tk                  =  3.75592e-07
tk                  =  3.78872e-07
tk                  =  3.82136e-07
tk                  =  3.85406e-07
tk                  =  3.88709e-07
tk                  =  3.92002e-07
tk                  =  3.95310e-07
tk                  =  3.98629e-07
tk                  =  4.01937e-07
tk                  =  4.05243e-07
tk                  =  4.08556e-07
tk                  =  4.11880e-07
tk                  =  4.15201e-07
tk                  =  4.18515e-07
tk                  =  4.21840e-07
tk                  =  4.25154e-07
tk                  =  4.28449e-07
tk                  =  4.31725e-07
tk                  =  4.34981e-07
tk                  =  4.38269e-07
tk                  =  4.41568e-07
tk                  =  4.44866e-07
tk                  =  4.48181e-07
tk                  =  4.51495e-07
tk                  =  4.54801e-07
tk                  =  4.58108e-07
tk                  =  4.61426e-07
tk                  =  4.64755e-07
tk                  =  4.68068e-07
tk                  =  4.71391e-07
tk                  =  4.74711e-07
tk                  =  4.78020e-07
tk                  =  4.81305e-07
tk                  =  4.84575e-07
tk                  =  4.87836e-07
tk                  =  4.91141e-07
tk                  =  4.94432e-07
tk                  =  4.97737e-07
tk                  =  5.01057e-07
tk                  =  5.04367e-07
tk                  =  5.07672e-07
tk                  =  5.10983e-07
tk                  =  5.14306e-07
tk                  =  5.17631e-07
tk                  =  5.20943e-07
tk                  =  5.24270e-07
tk                  =  5.27586e-07
tk                  =  5.30885e-07
tk                  =  5.34164e-07
tk                  =  5.37422e-07
tk                  =  5.40700e-07
tk                  =  5.44003e-07
tk                  =  5.47298e-07
tk                  =  5.50610e-07
tk                  =  5.53926e-07
tk                  =  5.57233e-07
tk                  =  5.60538e-07
tk                  =  5.63852e-07
tk                  =  5.67179e-07
tk                  =  5.70496e-07
tk                  =  5.73813e-07
tk                  =  5.77137e-07
tk                  =  5.80449e-07
tk                  =  5.83740e-07
tk                  =  5.87013e-07
tk                  =  5.90270e-07
tk                  =  5.93567e-07
tk                  =  5.96860e-07
tk                  =  6.00162e-07
tk                  =  6.03479e-07
tk                  =  6.06792e-07
tk                  =  6.10096e-07
tk                  =  6.13405e-07
tk                  =  6.16723e-07
tk                  =  6.20054e-07
tk                  =  6.23365e-07
tk                  =  6.26690e-07
tk                  =  6.30008e-07
tk                  =  6.33315e-07
tk                  =  6.36597e-07
tk                  =  6.39862e-07
tk                  =  6.43128e-07
tk                  =  6.46432e-07
tk                  =  6.49724e-07
tk                  =  6.53030e-07
tk                  =  6.56351e-07
tk                  =  6.59660e-07
tk                  =  6.62966e-07
tk                  =  6.66278e-07
tk                  =  6.69600e-07
tk                  =  6.72925e-07
tk                  =  6.76238e-07
tk                  =  6.79565e-07
tk                  =  6.82880e-07
tk                  =  6.86176e-07
tk                  =  6.89453e-07
tk                  =  6.92710e-07
tk                  =  6.95993e-07
tk                  =  6.99293e-07
tk                  =  7.02588e-07
tk                  =  7.05902e-07
tk                  =  7.09218e-07
tk                  =  7.12524e-07
tk                  =  7.15831e-07
tk                  =  7.19147e-07
tk                  =  7.22474e-07
tk                  =  7.25789e-07
tk                  =  7.29110e-07
tk                  =  7.32431e-07
tk                  =  7.35742e-07
tk                  =  7.39030e-07
tk                  =  7.42302e-07
tk                  =  7.45560e-07
tk                  =  7.48863e-07
tk                  =  7.52154e-07
tk                  =  7.55457e-07
tk                  =  7.58777e-07
tk                  =  7.62088e-07
tk                  =  7.65393e-07
tk                  =  7.68703e-07
tk                  =  7.72023e-07
tk                  =  7.75352e-07
tk                  =  7.78662e-07
tk                  =  7.81987e-07
tk                  =  7.85305e-07
tk                  =  7.88607e-07
tk                  =  7.91888e-07
tk                  =  7.95151e-07
tk                  =  7.98424e-07
tk                  =  8.01726e-07
tk                  =  8.05019e-07
tk                  =  8.08328e-07
tk                  =  8.11648e-07
tk                  =  8.14957e-07
tk                  =  8.18261e-07
tk                  =  8.21575e-07
tk                  =  8.24900e-07
tk                  =  8.28221e-07
tk                  =  8.31537e-07
tk                  =  8.34861e-07
tk                  =  8.38174e-07
tk                  =  8.41468e-07
tk                  =  8.44743e-07
tk                  =  8.48000e-07
tk                  =  8.51290e-07
tk                  =  8.54586e-07
tk                  =  8.57885e-07
tk                  =  8.61201e-07
tk                  =  8.64515e-07
tk                  =  8.67821e-07
tk                  =  8.71129e-07
tk                  =  8.74446e-07
tk                  =  8.77775e-07
tk                  =  8.81087e-07
tk                  =  8.84410e-07
tk                  =  8.87729e-07
tk                  =  8.91037e-07
tk                  =  8.94322e-07
tk                  =  8.97591e-07
tk                  =  9.00852e-07
tk                  =  9.04157e-07
tk                  =  9.07449e-07
tk                  =  9.10753e-07
tk                  =  9.14073e-07
tk                  =  9.17383e-07
tk                  =  9.20687e-07
tk                  =  9.23999e-07
tk                  =  9.27321e-07
tk                  =  9.30647e-07
tk                  =  9.33958e-07
tk                  =  9.37285e-07
tk                  =  9.40601e-07
tk                  =  9.43899e-07
tk                  =  9.47178e-07
tk                  =  9.50436e-07
tk                  =  9.53715e-07
tk                  =  9.57017e-07
tk                  =  9.60312e-07
tk                  =  9.63625e-07
tk                  =  9.66941e-07
tk                  =  9.70248e-07
tk                  =  9.73553e-07
tk                  =  9.76869e-07
tk                  =  9.80196e-07
tk                  =  9.83512e-07
tk                  =  9.86830e-07
tk                  =  9.90154e-07
tk                  =  9.93465e-07
tk                  =  9.96756e-07
tk                  =  1.00003e-06
tk                  =  1.00329e-06
tk                  =  1.00659e-06
tk                  =  1.00988e-06
tk                  =  1.01318e-06
tk                  =  1.01650e-06
tk                  =  1.01981e-06
tk                  =  1.02311e-06
tk                  =  1.02642e-06
tk                  =  1.02974e-06
tk                  =  1.03307e-06
tk                  =  1.03638e-06
tk                  =  1.03971e-06
tk                  =  1.04302e-06
tk                  =  1.04633e-06
tk                  =  1.04961e-06
tk                  =  1.05288e-06
tk                  =  1.05614e-06
tk                  =  1.05945e-06
tk                  =  1.06274e-06
tk                  =  1.06605e-06
tk                  =  1.06937e-06
tk                  =  1.07268e-06
tk                  =  1.07598e-06
tk                  =  1.07929e-06
tk                  =  1.08262e-06
tk                  =  1.08594e-06
tk                  =  1.08925e-06
tk                  =  1.09258e-06
tk                  =  1.09589e-06
tk                  =  1.09919e-06
tk                  =  1.10247e-06
tk                  =  1.10572e-06
tk                  =  1.10901e-06
tk                  =  1.11231e-06
tk                  =  1.11560e-06
tk                  =  1.11892e-06
tk                  =  1.12223e-06
tk                  =  1.12554e-06
tk                  =  1.12885e-06
tk                  =  1.13216e-06
tk                  =  1.13549e-06
tk                  =  1.13880e-06
tk                  =  1.14213e-06
tk                  =  1.14545e-06
tk                  =  1.14876e-06
tk                  =  1.15205e-06
tk                  =  1.15532e-06
tk                  =  1.15857e-06
tk                  =  1.16188e-06
tk                  =  1.16517e-06
tk                  =  1.16847e-06
tk                  =  1.17179e-06
tk                  =  1.17510e-06
tk                  =  1.17841e-06
tk                  =  1.18172e-06
tk                  =  1.18504e-06
tk                  =  1.18837e-06
tk                  =  1.19168e-06
tk                  =  1.19500e-06
tk                  =  1.19832e-06
tk                  =  1.20162e-06
tk                  =  1.20490e-06
tk                  =  1.20816e-06
tk                  =  1.21144e-06
tk                  =  1.21474e-06
tk                  =  1.21803e-06
tk                  =  1.22134e-06
tk                  =  1.22466e-06
tk                  =  1.22797e-06
tk                  =  1.23128e-06
tk                  =  1.23459e-06
tk                  =  1.23792e-06
tk                  =  1.24123e-06
tk                  =  1.24455e-06
tk                  =  1.24788e-06
tk                  =  1.25119e-06
tk                  =  1.25448e-06
tk                  =  1.25776e-06
tk                  =  1.26101e-06
tk                  =  1.26430e-06
tk                  =  1.26760e-06
tk                  =  1.27090e-06
tk                  =  1.27421e-06
tk                  =  1.27753e-06
tk                  =  1.28083e-06
tk                  =  1.28414e-06
tk                  =  1.28746e-06
tk                  =  1.29079e-06
tk                  =  1.29410e-06
tk                  =  1.29743e-06
tk                  =  1.30074e-06
tk                  =  1.30405e-06
tk                  =  1.30734e-06
tk                  =  1.31061e-06
tk                  =  1.31387e-06
tk                  =  1.31717e-06
tk                  =  1.32046e-06
tk                  =  1.32377e-06
tk                  =  1.32709e-06
tk                  =  1.33040e-06
tk                  =  1.33370e-06
tk                  =  1.33701e-06
tk                  =  1.34034e-06
tk                  =  1.34366e-06
tk                  =  1.34698e-06
tk                  =  1.35030e-06
tk                  =  1.35362e-06
tk                  =  1.35692e-06
tk                  =  1.36019e-06
tk                  =  1.36345e-06
tk                  =  1.36673e-06
tk                  =  1.37003e-06
tk                  =  1.37333e-06
tk                  =  1.37664e-06
tk                  =  1.37996e-06
tk                  =  1.38326e-06
tk                  =  1.38657e-06
tk                  =  1.38988e-06
tk                  =  1.39321e-06
tk                  =  1.39653e-06
tk                  =  1.39985e-06
tk                  =  1.40317e-06
tk                  =  1.40648e-06
tk                  =  1.40977e-06
tk                  =  1.41304e-06
tk                  =  1.41630e-06
tk                  =  1.41960e-06
tk                  =  1.42289e-06
tk                  =  1.42619e-06
tk                  =  1.42951e-06
tk                  =  1.43282e-06
tk                  =  1.43613e-06
tk                  =  1.43944e-06
tk                  =  1.44275e-06
tk                  =  1.44608e-06
tk                  =  1.44939e-06
tk                  =  1.45272e-06
tk                  =  1.45604e-06
tk                  =  1.45934e-06
tk                  =  1.46263e-06
tk                  =  1.46589e-06
tk                  =  1.46916e-06
tk                  =  1.47246e-06
tk                  =  1.47575e-06
tk                  =  1.47906e-06
tk                  =  1.48238e-06
tk                  =  1.48569e-06
tk                  =  1.48899e-06
tk                  =  1.49230e-06
tk                  =  1.49563e-06
tk                  =  1.49895e-06
tk                  =  1.50226e-06
tk                  =  1.50559e-06
tk                  =  1.50890e-06
tk                  =  1.51220e-06
tk                  =  1.51548e-06
tk                  =  1.51874e-06
tk                  =  1.52202e-06
tk                  =  1.52532e-06
tk                  =  1.52861e-06
tk                  =  1.53193e-06
tk                  =  1.53524e-06
tk                  =  1.53855e-06
tk                  =  1.54186e-06
tk                  =  1.54517e-06
tk                  =  1.54850e-06
tk                  =  1.55182e-06
tk                  =  1.55514e-06
tk                  =  1.55846e-06
tk                  =  1.56177e-06
tk                  =  1.56506e-06
tk                  =  1.56833e-06
tk                  =  1.57159e-06
tk                  =  1.57489e-06
tk                  =  1.57818e-06
tk                  =  1.58148e-06
tk                  =  1.58480e-06
tk                  =  1.58812e-06
tk                  =  1.59142e-06
tk                  =  1.59473e-06
tk                  =  1.59805e-06
tk                  =  1.60138e-06
tk                  =  1.60469e-06
tk                  =  1.60802e-06
tk                  =  1.61133e-06
tk                  =  1.61464e-06
tk                  =  1.61792e-06
tk                  =  1.62118e-06
tk                  =  1.62445e-06
tk                  =  1.62775e-06
tk                  =  1.63104e-06
tk                  =  1.63435e-06
tk                  =  1.63767e-06
tk                  =  1.64098e-06
tk                  =  1.64429e-06
tk                  =  1.64760e-06
tk                  =  1.65092e-06
tk                  =  1.65424e-06
tk                  =  1.65756e-06
tk                  =  1.66089e-06
tk                  =  1.66420e-06
tk                  =  1.66749e-06
tk                  =  1.67077e-06
tk                  =  1.67403e-06
tk                  =  1.67731e-06
tk                  =  1.68061e-06
tk                  =  1.68391e-06
tk                  =  1.68722e-06
tk                  =  1.69054e-06
tk                  =  1.69384e-06
tk                  =  1.69715e-06
tk                  =  1.70047e-06
tk                  =  1.70380e-06
tk                  =  1.70711e-06
tk                  =  1.71043e-06
tk                  =  1.71375e-06
tk                  =  1.71706e-06
tk                  =  1.72035e-06
tk                  =  1.72362e-06
tk                  =  1.72688e-06
tk                  =  1.73018e-06
tk                  =  1.73347e-06
tk                  =  1.73678e-06
tk                  =  1.74010e-06
tk                  =  1.74341e-06
tk                  =  1.74671e-06
tk                  =  1.75002e-06
tk                  =  1.75335e-06
tk                  =  1.75667e-06
tk                  =  1.75998e-06
tk                  =  1.76331e-06
tk                  =  1.76663e-06
tk                  =  1.76993e-06
tk                  =  1.77321e-06
tk                  =  1.77647e-06
tk                  =  1.77974e-06
tk                  =  1.78304e-06
tk                  =  1.78634e-06
tk                  =  1.78965e-06
tk                  =  1.79297e-06
tk                  =  1.79627e-06
tk                  =  1.79958e-06
tk                  =  1.80290e-06
tk                  =  1.80622e-06
tk                  =  1.80954e-06
tk                  =  1.81286e-06
tk                  =  1.81618e-06
tk                  =  1.81949e-06
tk                  =  1.82279e-06
tk                  =  1.82606e-06
tk                  =  1.82932e-06
tk                  =  1.83261e-06
tk                  =  1.83591e-06
tk                  =  1.83921e-06
tk                  =  1.84252e-06
tk                  =  1.84584e-06
tk                  =  1.84914e-06
tk                  =  1.85245e-06
tk                  =  1.85577e-06
tk                  =  1.85910e-06
tk                  =  1.86241e-06
tk                  =  1.86574e-06
tk                  =  1.86905e-06
tk                  =  1.87236e-06
tk                  =  1.87564e-06
tk                  =  1.87891e-06
tk                  =  1.88218e-06
tk                  =  1.88548e-06
tk                  =  1.88877e-06
tk                  =  1.89208e-06
tk                  =  1.89540e-06
tk                  =  1.89871e-06
tk                  =  1.90201e-06
tk                  =  1.90532e-06
tk                  =  1.90865e-06
tk                  =  1.91197e-06
tk                  =  1.91528e-06
tk                  =  1.91861e-06
tk                  =  1.92193e-06
tk                  =  1.92522e-06
tk                  =  1.92850e-06
tk                  =  1.93176e-06
tk                  =  1.93504e-06
tk                  =  1.93834e-06
tk                  =  1.94164e-06
tk                  =  1.94495e-06
tk                  =  1.94827e-06
tk                  =  1.95157e-06
tk                  =  1.95488e-06
tk                  =  1.95819e-06
tk                  =  1.96152e-06
tk                  =  1.96484e-06
tk                  =  1.96816e-06
tk                  =  1.97148e-06
tk                  =  1.97479e-06
tk                  =  1.97808e-06
tk                  =  1.98135e-06
tk                  =  1.98461e-06
tk                  =  1.98791e-06
tk                  =  1.99120e-06
tk                  =  1.99451e-06
tk                  =  1.99783e-06
tk                  =  2.00114e-06
tk                  =  2.00444e-06
tk                  =  2.00775e-06
tk                  =  2.01107e-06
tk                  =  2.01440e-06
tk                  =  2.01771e-06
tk                  =  2.02104e-06
tk                  =  2.02435e-06
tk                  =  2.02766e-06
tk                  =  2.03094e-06
tk                  =  2.03420e-06
tk                  =  2.03747e-06
tk                  =  2.04077e-06
tk                  =  2.04407e-06
tk                  =  2.04738e-06
tk                  =  2.05070e-06
tk                  =  2.05400e-06
tk                  =  2.05731e-06
tk                  =  2.06062e-06
tk                  =  2.06395e-06
tk                  =  2.06727e-06
tk                  =  2.07058e-06
tk                  =  2.07391e-06
tk                  =  2.07722e-06
tk                  =  2.08051e-06
tk                  =  2.08379e-06
tk                  =  2.08704e-06
tk                  =  2.09033e-06
tk                  =  2.09363e-06
tk                  =  2.09693e-06
tk                  =  2.10024e-06
tk                  =  2.10356e-06
tk                  =  2.10686e-06
tk                  =  2.11017e-06
tk                  =  2.11349e-06
tk                  =  2.11682e-06
tk                  =  2.12013e-06
tk                  =  2.12346e-06
tk                  =  2.12678e-06
tk                  =  2.13008e-06
tk                  =  2.13337e-06
tk                  =  2.13664e-06
tk                  =  2.13990e-06
tk                  =  2.14320e-06
tk                  =  2.14650e-06
tk                  =  2.14980e-06
tk                  =  2.15312e-06
tk                  =  2.15643e-06
tk                  =  2.15974e-06
tk                  =  2.16305e-06
tk                  =  2.16637e-06
tk                  =  2.16970e-06
tk                  =  2.17301e-06
tk                  =  2.17633e-06
tk                  =  2.17965e-06
tk                  =  2.18295e-06
tk                  =  2.18623e-06
tk                  =  2.18949e-06
tk                  =  2.19277e-06
tk                  =  2.19607e-06
tk                  =  2.19936e-06
tk                  =  2.20267e-06
tk                  =  2.20599e-06
tk                  =  2.20930e-06
tk                  =  2.21260e-06
tk                  =  2.21592e-06
tk                  =  2.21924e-06
tk                  =  2.22256e-06
tk                  =  2.22588e-06
tk                  =  2.22920e-06
tk                  =  2.23251e-06
tk                  =  2.23580e-06
tk                  =  2.23908e-06
tk                  =  2.24233e-06
tk                  =  2.24563e-06
tk                  =  2.24893e-06
tk                  =  2.25223e-06
tk                  =  2.25555e-06
tk                  =  2.25886e-06
tk                  =  2.26216e-06
tk                  =  2.26547e-06
tk                  =  2.26879e-06
tk                  =  2.27212e-06
tk                  =  2.27543e-06
tk                  =  2.27876e-06
tk                  =  2.28207e-06
tk                  =  2.28538e-06
tk                  =  2.28866e-06
tk                  =  2.29193e-06
tk                  =  2.29519e-06
tk                  =  2.29850e-06
tk                  =  2.30179e-06
tk                  =  2.30510e-06
tk                  =  2.30842e-06
tk                  =  2.31173e-06
tk                  =  2.31503e-06
tk                  =  2.31834e-06
tk                  =  2.32167e-06
tk                  =  2.32499e-06
tk                  =  2.32830e-06
tk                  =  2.33163e-06
tk                  =  2.33495e-06
tk                  =  2.33824e-06
tk                  =  2.34152e-06
tk                  =  2.34477e-06
tk                  =  2.34806e-06
tk                  =  2.35136e-06
tk                  =  2.35465e-06
tk                  =  2.35797e-06
tk                  =  2.36128e-06
tk                  =  2.36459e-06
tk                  =  2.36790e-06
tk                  =  2.37121e-06
tk                  =  2.37454e-06
tk                  =  2.37786e-06
tk                  =  2.38118e-06
tk                  =  2.38450e-06
tk                  =  2.38781e-06
tk                  =  2.39109e-06
tk                  =  2.39436e-06
tk                  =  2.39763e-06
tk                  =  2.40093e-06
tk                  =  2.40422e-06
tk                  =  2.40752e-06
tk                  =  2.41084e-06
tk                  =  2.41415e-06
tk                  =  2.41746e-06
tk                  =  2.42077e-06
tk                  =  2.42409e-06
tk                  =  2.42742e-06
tk                  =  2.43073e-06
tk                  =  2.43406e-06
tk                  =  2.43737e-06
tk                  =  2.44067e-06
tk                  =  2.44395e-06
tk                  =  2.44721e-06
tk                  =  2.45049e-06
tk                  =  2.45379e-06
tk                  =  2.45708e-06
tk                  =  2.46039e-06
tk                  =  2.46371e-06
tk                  =  2.46702e-06
tk                  =  2.47033e-06
tk                  =  2.47364e-06
tk                  =  2.47697e-06
tk                  =  2.48029e-06
tk                  =  2.48360e-06
tk                  =  2.48693e-06
tk                  =  2.49024e-06
tk                  =  2.49353e-06
tk                  =  2.49680e-06
tk                  =  2.50006e-06
tk                  =  2.50336e-06
tk                  =  2.50665e-06
tk                  =  2.50995e-06
tk                  =  2.51327e-06
tk                  =  2.51658e-06
tk                  =  2.51989e-06
tk                  =  2.52320e-06
tk                  =  2.52651e-06
tk                  =  2.52985e-06
tk                  =  2.53316e-06
tk                  =  2.53648e-06
tk                  =  2.53980e-06
tk                  =  2.54311e-06
qw0                 =  -1.54993e-02
qw1                 =  -4.63166e-02
qt0                 =  -3.11306e-02
qt1                 =  -9.30942e-02
m_period = 3.3043255859e-09
m_f_osc = 3.0263361584e+08
m_period_r2 = 3.1054036367e-09
m_period_startup16 = 3.3046738750e-09
m_period_b00 = 3.3045412917e-09
m_period_b01 = 3.3042333333e-09
m_period_b02 = 3.3037479167e-09
m_period_b03 = 3.3032687500e-09
m_period_b04 = 3.3033687500e-09
m_period_b05 = 3.3040187500e-09
m_period_b06 = 3.3038979167e-09
m_period_b07 = 3.3043958333e-09
m_period_b08 = 3.3043125000e-09
m_period_b09 = 3.3041250000e-09
m_period_b10 = 3.3042291667e-09
m_period_b11 = 3.3046875000e-09
m_period_b12 = 3.3045416667e-09
m_period_b13 = 3.3044375000e-09
m_period_b14 = 3.3045416667e-09
m_period_b15 = 3.3043333333e-09
m_sigma_1 = 1.8292188982e-11
m_sigma_2 = 3.3421494569e-11
m_sigma_4 = 5.6046654542e-11
m_sigma_8 = 7.1286344143e-11
m_sigma_16 = 8.2816128755e-12
m_sigma_32 = 1.6005436557e-11
m_sigma_64 = 3.1101095363e-11
m_sigma_128 = 5.9970294974e-11
m_sigma_startup16_1 = 1.8931962198e-11
m_sigma_startup16_2 = 3.6074069068e-11
m_sigma_startup16_4 = 6.6225563475e-11
m_sigma_startup16_8 = 1.0495071816e-10
m_i_ring_a = 1.8215570535e-05
m_i_tree_a = 3.6625547703e-05
m_p_active_w = 6.0111382768e-05
m_e_per_cycle_j = 1.9862758009e-13
m_c_eff_node_f = 3.6478894411e-15
m_vsup_v = 3.3000000002e+00
Note: Simulation executed from .control section 

Warning: m=xx on .subckt line will override multiplier m hierarchy!

