
Note: Compatibility modes selected: hs a


Circuit: * ro-array-coupling-xor-static-buffered @ tt_27c_3.30v -- generated by sim/harness, do not edit

Doing analysis at TEMP = 27.000000 and TNOM = 27.000000

Using SPARSE 1.3 as Direct Linear Solver

Initial Transient Solution
--------------------------

Node                                   Voltage
----                                   -------
vsup                                       3.3
en                                         3.3
vddr1                                      3.3
vddb1                                      3.3
vdd                                        3.3
xg1.py                                 1.58325
n11                                          0
g10                                1.24708e-07
xg1.nm                            6.26383e-290
xg1.ny                            5.84734e-290
x11.py                                     3.3
n12                                        3.3
g11                                          0
x11.ny                             2.35462e-08
x12.py                                     3.3
n13                                1.24708e-07
g12                                        3.3
x12.ny                             1.06256e-07
x13.py                                     3.3
n14                                        3.3
g13                                1.24708e-07
x13.ny                             2.35463e-08
x14.py                                     3.3
ro1                                1.24708e-07
g14                                        3.3
x14.ny                             1.06256e-07
rb1                                        3.3
xa1.an                             1.84515e-08
xa1.bn                                     3.3
xa1.mid                                    3.3
t1                                         3.3
xa1.s1                                 2.76248
xa1.s2                             1.58496e-09
q1                                 -9.2686e-16
qb1                               -4.05958e-22
qt                                -2.03132e-21
x1                                       -1.65
bx1#branch                                   0
vtr#branch                         2.03132e-11
vb1#branch                         4.05958e-12
vr1#branch                          9.2686e-06
vn14#branch                                  0
vn13#branch                                  0
vn12#branch                                  0
vn11#branch                                  0
vn10#branch                       -2.11862e-28
ven#branch                                   0
vsup#branch                       -9.26862e-06

 Reference value :  0.00000e+00
 Reference value :  7.79250e-10
 Reference value :  1.55070e-09
 Reference value :  2.33750e-09
 Reference value :  3.10550e-09
 Reference value :  3.88010e-09
 Reference value :  4.64350e-09
 Reference value :  5.47925e-09
 Reference value :  6.30070e-09
 Reference value :  7.07000e-09
 Reference value :  7.96070e-09
 Reference value :  8.78030e-09
 Reference value :  9.55250e-09
 Reference value :  1.03700e-08
 Reference value :  1.11203e-08
 Reference value :  1.19075e-08
 Reference value :  1.27345e-08
 Reference value :  1.34845e-08
 Reference value :  1.42535e-08
 Reference value :  1.50407e-08
 Reference value :  1.57945e-08
 Reference value :  1.66200e-08
 Reference value :  1.73800e-08
 Reference value :  1.81692e-08
 Reference value :  1.89901e-08
 Reference value :  1.98135e-08
 Reference value :  2.05935e-08
 Reference value :  2.13955e-08
 Reference value :  2.22001e-08
 Reference value :  2.29645e-08
 Reference value :  2.37515e-08
 Reference value :  2.45103e-08
 Reference value :  2.53075e-08
 Reference value :  2.61245e-08
 Reference value :  2.68801e-08
 Reference value :  2.77035e-08
 Reference value :  2.84655e-08
 Reference value :  2.92203e-08
 Reference value :  2.99892e-08
 Reference value :  3.07285e-08
 Reference value :  3.14975e-08
 Reference value :  3.22675e-08
 Reference value :  3.30245e-08
 Reference value :  3.38035e-08
 Reference value :  3.45785e-08
 Reference value :  3.53775e-08
 Reference value :  3.61401e-08
 Reference value :  3.69200e-08
 Reference value :  3.77801e-08
 Reference value :  3.85415e-08
 Reference value :  3.93407e-08
 Reference value :  4.01555e-08
 Reference value :  4.09585e-08
 Reference value :  4.17545e-08
 Reference value :  4.25175e-08
 Reference value :  4.32945e-08
 Reference value :  4.40665e-08
 Reference value :  4.48185e-08
 Reference value :  4.56192e-08
 Reference value :  4.64007e-08
 Reference value :  4.71792e-08
 Reference value :  4.80207e-08
 Reference value :  4.87901e-08
 Reference value :  4.95415e-08
 Reference value :  5.03207e-08
 Reference value :  5.10825e-08
 Reference value :  5.18215e-08
 Reference value :  5.26525e-08
 Reference value :  5.34107e-08
 Reference value :  5.42485e-08
 Reference value :  5.50155e-08
 Reference value :  5.57692e-08
 Reference value :  5.66065e-08
 Reference value :  5.74003e-08
 Reference value :  5.81503e-08
 Reference value :  5.89403e-08
 Reference value :  5.96845e-08
 Reference value :  6.04903e-08
 Reference value :  6.12735e-08
 Reference value :  6.20945e-08
 Reference value :  6.28585e-08
 Reference value :  6.36835e-08
 Reference value :  6.44675e-08
 Reference value :  6.52535e-08
 Reference value :  6.60725e-08
 Reference value :  6.68525e-08
 Reference value :  6.76645e-08
 Reference value :  6.85300e-08
 Reference value :  6.93225e-08
 Reference value :  7.01100e-08
 Reference value :  7.08865e-08
 Reference value :  7.16700e-08
 Reference value :  7.24765e-08
 Reference value :  7.33065e-08
 Reference value :  7.40885e-08
 Reference value :  7.49292e-08
 Reference value :  7.57225e-08
 Reference value :  7.64925e-08
 Reference value :  7.72825e-08
 Reference value :  7.80565e-08
 Reference value :  7.88335e-08
 Reference value :  7.96007e-08
 Reference value :  8.03592e-08
 Reference value :  8.11255e-08
 Reference value :  8.19135e-08
 Reference value :  8.26500e-08
 Reference value :  8.34185e-08
 Reference value :  8.42075e-08
 Reference value :  8.49575e-08
 Reference value :  8.57265e-08
 Reference value :  8.64807e-08
 Reference value :  8.72365e-08
 Reference value :  8.80301e-08
 Reference value :  8.87892e-08
 Reference value :  8.95803e-08
 Reference value :  9.04101e-08
 Reference value :  9.11792e-08
 Reference value :  9.19807e-08
 Reference value :  9.27555e-08
 Reference value :  9.35035e-08
 Reference value :  9.43400e-08
 Reference value :  9.51307e-08
 Reference value :  9.58907e-08
 Reference value :  9.66692e-08
 Reference value :  9.74985e-08
 Reference value :  9.82835e-08
 Reference value :  9.90645e-08
 Reference value :  9.98445e-08
 Reference value :  1.00619e-07
 Reference value :  1.01388e-07
 Reference value :  1.02175e-07
 Reference value :  1.02935e-07
 Reference value :  1.03750e-07
 Reference value :  1.04522e-07
 Reference value :  1.05301e-07
 Reference value :  1.06071e-07
 Reference value :  1.06849e-07
 Reference value :  1.07641e-07
 Reference value :  1.08415e-07
 Reference value :  1.09230e-07
 Reference value :  1.10011e-07
 Reference value :  1.10772e-07
 Reference value :  1.11604e-07
 Reference value :  1.12370e-07
 Reference value :  1.13182e-07
 Reference value :  1.13955e-07
 Reference value :  1.14711e-07
 Reference value :  1.15464e-07
 Reference value :  1.16266e-07
 Reference value :  1.17069e-07
 Reference value :  1.17830e-07
 Reference value :  1.18615e-07
 Reference value :  1.19370e-07
 Reference value :  1.20120e-07
 Reference value :  1.20884e-07
 Reference value :  1.21676e-07
 Reference value :  1.22432e-07
 Reference value :  1.23260e-07
 Reference value :  1.24090e-07
 Reference value :  1.24869e-07
 Reference value :  1.25794e-07
 Reference value :  1.26649e-07
 Reference value :  1.27434e-07
 Reference value :  1.28232e-07
 Reference value :  1.29019e-07
 Reference value :  1.29970e-07
 Reference value :  1.30790e-07
 Reference value :  1.31575e-07
 Reference value :  1.32332e-07
 Reference value :  1.33140e-07
 Reference value :  1.33917e-07
 Reference value :  1.34724e-07
 Reference value :  1.35510e-07
 Reference value :  1.36294e-07
 Reference value :  1.37130e-07
 Reference value :  1.38000e-07
 Reference value :  1.38881e-07
 Reference value :  1.39990e-07
 Reference value :  1.40765e-07
 Reference value :  1.41623e-07
 Reference value :  1.42398e-07
 Reference value :  1.43176e-07
 Reference value :  1.43963e-07
 Reference value :  1.44705e-07
 Reference value :  1.45481e-07
 Reference value :  1.46256e-07
 Reference value :  1.47030e-07
 Reference value :  1.47842e-07
 Reference value :  1.48605e-07
 Reference value :  1.49390e-07
 Reference value :  1.50136e-07
 Reference value :  1.50888e-07
 Reference value :  1.51657e-07
 Reference value :  1.52478e-07
 Reference value :  1.53244e-07
 Reference value :  1.54006e-07
 Reference value :  1.54772e-07
 Reference value :  1.55541e-07
 Reference value :  1.56348e-07
 Reference value :  1.57111e-07
 Reference value :  1.57931e-07
 Reference value :  1.58730e-07
 Reference value :  1.59550e-07
 Reference value :  1.60400e-07
 Reference value :  1.61209e-07
 Reference value :  1.61987e-07
 Reference value :  1.62751e-07
 Reference value :  1.63546e-07
 Reference value :  1.64323e-07
 Reference value :  1.65146e-07
 Reference value :  1.65910e-07
 Reference value :  1.66684e-07
 Reference value :  1.67451e-07
 Reference value :  1.68223e-07
 Reference value :  1.68991e-07
 Reference value :  1.69798e-07
 Reference value :  1.70551e-07
 Reference value :  1.71342e-07
 Reference value :  1.72108e-07
 Reference value :  1.72860e-07
 Reference value :  1.73620e-07
 Reference value :  1.74400e-07
 Reference value :  1.75161e-07
 Reference value :  1.75932e-07
 Reference value :  1.76718e-07
 Reference value :  1.77522e-07
 Reference value :  1.78316e-07
 Reference value :  1.79090e-07
 Reference value :  1.79887e-07
 Reference value :  1.80720e-07
 Reference value :  1.82150e-07
 Reference value :  1.83554e-07
 Reference value :  1.85097e-07
 Reference value :  1.86490e-07
 Reference value :  1.87549e-07
 Reference value :  1.88369e-07
 Reference value :  1.89140e-07
 Reference value :  1.89907e-07
 Reference value :  1.90676e-07
 Reference value :  1.91473e-07
 Reference value :  1.92260e-07
 Reference value :  1.93055e-07
 Reference value :  1.93806e-07
 Reference value :  1.94571e-07
 Reference value :  1.95338e-07
 Reference value :  1.96107e-07
 Reference value :  1.96876e-07
 Reference value :  1.97676e-07
 Reference value :  1.98460e-07
 Reference value :  1.99273e-07
 Reference value :  2.00038e-07
 Reference value :  2.00828e-07
 Reference value :  2.01582e-07
 Reference value :  2.02376e-07
 Reference value :  2.03157e-07
 Reference value :  2.03935e-07
 Reference value :  2.04710e-07
 Reference value :  2.05457e-07
 Reference value :  2.06208e-07
 Reference value :  2.07020e-07
 Reference value :  2.07784e-07
 Reference value :  2.08627e-07
 Reference value :  2.09445e-07
 Reference value :  2.10211e-07
 Reference value :  2.10960e-07
 Reference value :  2.11755e-07
 Reference value :  2.12584e-07
 Reference value :  2.13358e-07
 Reference value :  2.14120e-07
 Reference value :  2.14892e-07
 Reference value :  2.15681e-07
 Reference value :  2.16429e-07
 Reference value :  2.17200e-07
 Reference value :  2.17993e-07
 Reference value :  2.18749e-07
 Reference value :  2.19530e-07
 Reference value :  2.20310e-07
 Reference value :  2.21134e-07
 Reference value :  2.21930e-07
 Reference value :  2.22725e-07
 Reference value :  2.23503e-07
 Reference value :  2.24256e-07
 Reference value :  2.25032e-07
 Reference value :  2.25858e-07
 Reference value :  2.26751e-07
 Reference value :  2.27566e-07
 Reference value :  2.28338e-07
 Reference value :  2.29097e-07
 Reference value :  2.29870e-07
 Reference value :  2.30619e-07
 Reference value :  2.31374e-07
 Reference value :  2.32169e-07
 Reference value :  2.32922e-07
 Reference value :  2.33668e-07
 Reference value :  2.34493e-07
 Reference value :  2.35288e-07
 Reference value :  2.36059e-07
 Reference value :  2.36894e-07
 Reference value :  2.37664e-07
 Reference value :  2.38435e-07
 Reference value :  2.39245e-07
 Reference value :  2.39999e-07
 Reference value :  2.40771e-07
 Reference value :  2.41557e-07
 Reference value :  2.42347e-07
 Reference value :  2.43096e-07
 Reference value :  2.43871e-07
 Reference value :  2.44663e-07
 Reference value :  2.45470e-07
 Reference value :  2.46231e-07
 Reference value :  2.47040e-07
 Reference value :  2.47837e-07
 Reference value :  2.48633e-07
 Reference value :  2.49396e-07
 Reference value :  2.50148e-07
 Reference value :  2.50907e-07
 Reference value :  2.51690e-07
 Reference value :  2.52481e-07
 Reference value :  2.53295e-07
 Reference value :  2.54054e-07
 Reference value :  2.54836e-07
 Reference value :  2.55609e-07
 Reference value :  2.56387e-07
 Reference value :  2.57170e-07
 Reference value :  2.57921e-07
 Reference value :  2.58691e-07
 Reference value :  2.59446e-07
 Reference value :  2.60190e-07
 Reference value :  2.60943e-07
 Reference value :  2.61725e-07
 Reference value :  2.62488e-07
 Reference value :  2.63243e-07
 Reference value :  2.64021e-07
 Reference value :  2.64790e-07
 Reference value :  2.65546e-07
 Reference value :  2.66328e-07
 Reference value :  2.67112e-07
 Reference value :  2.67900e-07
 Reference value :  2.68718e-07
 Reference value :  2.69474e-07
 Reference value :  2.70256e-07
 Reference value :  2.71013e-07
 Reference value :  2.71780e-07
 Reference value :  2.72550e-07
 Reference value :  2.73301e-07
 Reference value :  2.74057e-07
 Reference value :  2.74813e-07
 Reference value :  2.75591e-07
 Reference value :  2.76340e-07
 Reference value :  2.77121e-07
 Reference value :  2.77880e-07
 Reference value :  2.78637e-07
 Reference value :  2.79421e-07
 Reference value :  2.80172e-07
 Reference value :  2.80980e-07
 Reference value :  2.81770e-07
 Reference value :  2.82543e-07
 Reference value :  2.83319e-07
 Reference value :  2.84094e-07
 Reference value :  2.84920e-07
 Reference value :  2.85687e-07
 Reference value :  2.86491e-07
 Reference value :  2.87265e-07
 Reference value :  2.88048e-07
 Reference value :  2.88878e-07
 Reference value :  2.89644e-07
 Reference value :  2.90390e-07
 Reference value :  2.91186e-07
 Reference value :  2.91945e-07
 Reference value :  2.92710e-07
 Reference value :  2.93504e-07
 Reference value :  2.94263e-07
 Reference value :  2.95080e-07
 Reference value :  2.95860e-07
 Reference value :  2.96640e-07
 Reference value :  2.97441e-07
 Reference value :  2.98268e-07
 Reference value :  2.99040e-07
 Reference value :  2.99820e-07
 Reference value :  3.00614e-07
 Reference value :  3.01401e-07
 Reference value :  3.02179e-07
 Reference value :  3.02950e-07
 Reference value :  3.03742e-07
 Reference value :  3.04564e-07
 Reference value :  3.05380e-07
 Reference value :  3.06174e-07
 Reference value :  3.06955e-07
 Reference value :  3.07688e-07
 Reference value :  3.08450e-07
 Reference value :  3.09230e-07
 Reference value :  3.10061e-07
 Reference value :  3.10855e-07
 Reference value :  3.11603e-07
 Reference value :  3.12429e-07
 Reference value :  3.13200e-07
 Reference value :  3.13990e-07
 Reference value :  3.14810e-07
 Reference value :  3.15561e-07
 Reference value :  3.16359e-07
 Reference value :  3.17146e-07
 Reference value :  3.17898e-07
 Reference value :  3.18692e-07
 Reference value :  3.19473e-07
 Reference value :  3.20229e-07
 Reference value :  3.21061e-07
 Reference value :  3.21839e-07
 Reference value :  3.22601e-07
 Reference value :  3.23406e-07
 Reference value :  3.24172e-07
 Reference value :  3.24947e-07
 Reference value :  3.25872e-07
 Reference value :  3.26694e-07
 Reference value :  3.27451e-07
 Reference value :  3.28215e-07
 Reference value :  3.28994e-07
 Reference value :  3.29764e-07
 Reference value :  3.30571e-07
 Reference value :  3.31382e-07
 Reference value :  3.32144e-07
 Reference value :  3.32921e-07
 Reference value :  3.33690e-07
 Reference value :  3.34528e-07
 Reference value :  3.35336e-07
 Reference value :  3.36087e-07
 Reference value :  3.36851e-07
 Reference value :  3.37624e-07
 Reference value :  3.38391e-07
 Reference value :  3.39270e-07
 Reference value :  3.40035e-07
 Reference value :  3.40833e-07
 Reference value :  3.41606e-07
 Reference value :  3.42384e-07
 Reference value :  3.43137e-07
 Reference value :  3.43914e-07
 Reference value :  3.44671e-07
 Reference value :  3.45458e-07
 Reference value :  3.46281e-07
 Reference value :  3.47042e-07
 Reference value :  3.47820e-07
 Reference value :  3.48601e-07
 Reference value :  3.49360e-07
 Reference value :  3.50142e-07
 Reference value :  3.50933e-07
 Reference value :  3.51699e-07
 Reference value :  3.52535e-07
 Reference value :  3.53296e-07
 Reference value :  3.54093e-07
 Reference value :  3.54865e-07
 Reference value :  3.55632e-07
 Reference value :  3.56373e-07
 Reference value :  3.57210e-07
 Reference value :  3.58045e-07
 Reference value :  3.58822e-07
 Reference value :  3.59568e-07
 Reference value :  3.60332e-07
 Reference value :  3.61144e-07
 Reference value :  3.61927e-07
 Reference value :  3.62749e-07
 Reference value :  3.63520e-07
 Reference value :  3.64281e-07
 Reference value :  3.65107e-07
 Reference value :  3.65855e-07
 Reference value :  3.66653e-07
 Reference value :  3.67421e-07
 Reference value :  3.68172e-07
 Reference value :  3.68955e-07
 Reference value :  3.69715e-07
 Reference value :  3.70477e-07
 Reference value :  3.71321e-07
 Reference value :  3.72160e-07
 Reference value :  3.72970e-07
 Reference value :  3.73800e-07
 Reference value :  3.74550e-07
 Reference value :  3.75371e-07
 Reference value :  3.76152e-07
 Reference value :  3.76924e-07
 Reference value :  3.77711e-07
 Reference value :  3.78478e-07
 Reference value :  3.79284e-07
 Reference value :  3.80050e-07
 Reference value :  3.80852e-07
 Reference value :  3.81688e-07
 Reference value :  3.82479e-07
 Reference value :  3.83263e-07
 Reference value :  3.84068e-07
 Reference value :  3.84837e-07
 Reference value :  3.85637e-07
 Reference value :  3.86420e-07
 Reference value :  3.87224e-07
 Reference value :  3.87997e-07
 Reference value :  3.88824e-07
 Reference value :  3.89649e-07
 Reference value :  3.90393e-07
 Reference value :  3.91181e-07
 Reference value :  3.91990e-07
 Reference value :  3.92860e-07
 Reference value :  3.93710e-07
 Reference value :  3.94490e-07
 Reference value :  3.95235e-07
 Reference value :  3.96004e-07
 Reference value :  3.96787e-07
 Reference value :  3.97547e-07
 Reference value :  3.98347e-07
 Reference value :  3.99098e-07
 Reference value :  3.99831e-07
 Reference value :  4.00647e-07
 Reference value :  4.01430e-07
 Reference value :  4.02256e-07
 Reference value :  4.03021e-07
 Reference value :  4.03785e-07
 Reference value :  4.04550e-07
 Reference value :  4.05306e-07
 Reference value :  4.06110e-07
 Reference value :  4.06952e-07
 Reference value :  4.07732e-07
 Reference value :  4.08533e-07
 Reference value :  4.09310e-07
 Reference value :  4.10088e-07
 Reference value :  4.10869e-07
 Reference value :  4.11641e-07
 Reference value :  4.12418e-07
 Reference value :  4.13170e-07
 Reference value :  4.13957e-07
 Reference value :  4.14750e-07
 Reference value :  4.15508e-07
 Reference value :  4.16251e-07
 Reference value :  4.17037e-07
 Reference value :  4.17799e-07
 Reference value :  4.18568e-07
 Reference value :  4.19314e-07
 Reference value :  4.20111e-07
 Reference value :  4.20877e-07
 Reference value :  4.21645e-07
 Reference value :  4.22401e-07
 Reference value :  4.23182e-07
 Reference value :  4.23961e-07
 Reference value :  4.24743e-07
 Reference value :  4.25506e-07
 Reference value :  4.26309e-07
 Reference value :  4.27071e-07
 Reference value :  4.27833e-07
 Reference value :  4.28620e-07
 Reference value :  4.29378e-07
 Reference value :  4.30159e-07
 Reference value :  4.30950e-07
 Reference value :  4.31725e-07
 Reference value :  4.32492e-07
 Reference value :  4.33251e-07
 Reference value :  4.34006e-07
 Reference value :  4.34800e-07
 Reference value :  4.35549e-07
 Reference value :  4.36329e-07
 Reference value :  4.37120e-07
 Reference value :  4.37909e-07
 Reference value :  4.38666e-07
 Reference value :  4.39416e-07
 Reference value :  4.40161e-07
 Reference value :  4.40912e-07
 Reference value :  4.41730e-07
 Reference value :  4.42547e-07
 Reference value :  4.43297e-07
 Reference value :  4.44100e-07
 Reference value :  4.44909e-07
 Reference value :  4.45708e-07
 Reference value :  4.46503e-07
 Reference value :  4.47260e-07
 Reference value :  4.48030e-07
 Reference value :  4.48793e-07
 Reference value :  4.49570e-07
 Reference value :  4.50331e-07
 Reference value :  4.51101e-07
 Reference value :  4.51869e-07
 Reference value :  4.52644e-07
 Reference value :  4.53465e-07
 Reference value :  4.54257e-07
 Reference value :  4.55000e-07
 Reference value :  4.55782e-07
 Reference value :  4.56600e-07
 Reference value :  4.57342e-07
 Reference value :  4.58104e-07
 Reference value :  4.58853e-07
 Reference value :  4.59638e-07
 Reference value :  4.60419e-07
 Reference value :  4.61181e-07
 Reference value :  4.61990e-07
 Reference value :  4.62751e-07
 Reference value :  4.63530e-07
 Reference value :  4.64331e-07
 Reference value :  4.65130e-07
 Reference value :  4.65881e-07
 Reference value :  4.66630e-07
 Reference value :  4.67416e-07
 Reference value :  4.68172e-07
 Reference value :  4.68935e-07
 Reference value :  4.69686e-07
 Reference value :  4.70480e-07
 Reference value :  4.71243e-07
 Reference value :  4.72060e-07
 Reference value :  4.72871e-07
 Reference value :  4.73680e-07
 Reference value :  4.74434e-07
 Reference value :  4.75217e-07
 Reference value :  4.75980e-07
 Reference value :  4.76738e-07
 Reference value :  4.77504e-07
 Reference value :  4.78250e-07
 Reference value :  4.79019e-07
 Reference value :  4.79816e-07
 Reference value :  4.80603e-07
 Reference value :  4.81381e-07
 Reference value :  4.82130e-07
 Reference value :  4.82875e-07
 Reference value :  4.83629e-07
 Reference value :  4.84384e-07
 Reference value :  4.85181e-07
 Reference value :  4.86011e-07
 Reference value :  4.86793e-07
 Reference value :  4.87581e-07
 Reference value :  4.88400e-07
 Reference value :  4.89248e-07
 Reference value :  4.90023e-07
 Reference value :  4.90820e-07
 Reference value :  4.91576e-07
 Reference value :  4.92330e-07
 Reference value :  4.93096e-07
 Reference value :  4.93876e-07
 Reference value :  4.94646e-07
 Reference value :  4.95410e-07
 Reference value :  4.96210e-07
 Reference value :  4.96994e-07
 Reference value :  4.97809e-07
 Reference value :  4.98569e-07
 Reference value :  4.99319e-07
 Reference value :  5.00087e-07
 Reference value :  5.00830e-07
 Reference value :  5.01601e-07
 Reference value :  5.02375e-07
 Reference value :  5.03149e-07
 Reference value :  5.03910e-07
 Reference value :  5.04700e-07
 Reference value :  5.05513e-07
 Reference value :  5.06288e-07
 Reference value :  5.07093e-07
 Reference value :  5.07834e-07
 Reference value :  5.08651e-07
 Reference value :  5.09434e-07
 Reference value :  5.10202e-07
 Reference value :  5.10959e-07
 Reference value :  5.11736e-07
 Reference value :  5.12518e-07
 Reference value :  5.13267e-07
 Reference value :  5.14068e-07
 Reference value :  5.14827e-07
 Reference value :  5.15581e-07
 Reference value :  5.16366e-07
 Reference value :  5.17112e-07
 Reference value :  5.17890e-07
 Reference value :  5.18661e-07
 Reference value :  5.19434e-07
 Reference value :  5.20240e-07
 Reference value :  5.21061e-07
 Reference value :  5.21847e-07
 Reference value :  5.22632e-07
 Reference value :  5.23398e-07
 Reference value :  5.24161e-07
 Reference value :  5.24958e-07
 Reference value :  5.25720e-07
 Reference value :  5.26500e-07
 Reference value :  5.27270e-07
 Reference value :  5.28017e-07
 Reference value :  5.28863e-07
 Reference value :  5.29693e-07
 Reference value :  5.30449e-07
 Reference value :  5.31219e-07
 Reference value :  5.31960e-07
 Reference value :  5.32743e-07
 Reference value :  5.33507e-07
 Reference value :  5.34241e-07
 Reference value :  5.35019e-07
 Reference value :  5.35785e-07
 Reference value :  5.36567e-07
 Reference value :  5.37340e-07
 Reference value :  5.38129e-07
 Reference value :  5.38934e-07
 Reference value :  5.39710e-07
 Reference value :  5.40472e-07
 Reference value :  5.41221e-07
 Reference value :  5.42037e-07
 Reference value :  5.42810e-07
 Reference value :  5.43641e-07
 Reference value :  5.44451e-07
 Reference value :  5.45210e-07
 Reference value :  5.46018e-07
 Reference value :  5.46788e-07
 Reference value :  5.47570e-07
 Reference value :  5.48351e-07
 Reference value :  5.49111e-07
 Reference value :  5.49917e-07
 Reference value :  5.50658e-07
 Reference value :  5.51454e-07
 Reference value :  5.52282e-07
 Reference value :  5.53090e-07
 Reference value :  5.53880e-07
 Reference value :  5.54673e-07
 Reference value :  5.55439e-07
 Reference value :  5.56223e-07
 Reference value :  5.56976e-07
 Reference value :  5.57796e-07
 Reference value :  5.58611e-07
 Reference value :  5.59362e-07
 Reference value :  5.60144e-07
 Reference value :  5.60911e-07
 Reference value :  5.61685e-07
 Reference value :  5.62521e-07
 Reference value :  5.63386e-07
 Reference value :  5.64153e-07
 Reference value :  5.64930e-07
 Reference value :  5.65700e-07
 Reference value :  5.66488e-07
 Reference value :  5.67254e-07
 Reference value :  5.68037e-07
 Reference value :  5.68821e-07
 Reference value :  5.69624e-07
 Reference value :  5.70412e-07
 Reference value :  5.71169e-07
 Reference value :  5.71933e-07
 Reference value :  5.72721e-07
 Reference value :  5.73502e-07
 Reference value :  5.74266e-07
 Reference value :  5.75066e-07
 Reference value :  5.75823e-07
 Reference value :  5.76577e-07
 Reference value :  5.77320e-07
 Reference value :  5.78120e-07
 Reference value :  5.78888e-07
 Reference value :  5.79658e-07
 Reference value :  5.80453e-07
 Reference value :  5.81207e-07
 Reference value :  5.81980e-07
 Reference value :  5.82743e-07
 Reference value :  5.83530e-07
 Reference value :  5.84262e-07
 Reference value :  5.85110e-07
 Reference value :  5.85862e-07
 Reference value :  5.86668e-07
 Reference value :  5.87423e-07
 Reference value :  5.88236e-07
 Reference value :  5.88980e-07
 Reference value :  5.89740e-07
 Reference value :  5.90514e-07
 Reference value :  5.91322e-07
 Reference value :  5.92184e-07
 Reference value :  5.92970e-07
 Reference value :  5.93851e-07
 Reference value :  5.94690e-07
 Reference value :  5.95466e-07
 Reference value :  5.96271e-07
 Reference value :  5.97006e-07
 Reference value :  5.97831e-07
 Reference value :  5.98631e-07
 Reference value :  5.99486e-07
 Reference value :  6.00246e-07
 Reference value :  6.01038e-07
 Reference value :  6.01802e-07
 Reference value :  6.02570e-07
 Reference value :  6.03371e-07
 Reference value :  6.04150e-07
 Reference value :  6.04929e-07
 Reference value :  6.05675e-07
 Reference value :  6.06460e-07
 Reference value :  6.07263e-07
 Reference value :  6.07992e-07
 Reference value :  6.08810e-07
 Reference value :  6.09566e-07
 Reference value :  6.10321e-07
 Reference value :  6.11160e-07
 Reference value :  6.11918e-07
 Reference value :  6.12679e-07
 Reference value :  6.13423e-07
 Reference value :  6.14188e-07
 Reference value :  6.14940e-07
 Reference value :  6.15701e-07
 Reference value :  6.16439e-07
 Reference value :  6.17242e-07
 Reference value :  6.18020e-07
 Reference value :  6.18773e-07
 Reference value :  6.19575e-07
 Reference value :  6.20334e-07
 Reference value :  6.21084e-07
 Reference value :  6.21850e-07
 Reference value :  6.22594e-07
 Reference value :  6.23389e-07
 Reference value :  6.24193e-07
 Reference value :  6.24960e-07
 Reference value :  6.25746e-07
 Reference value :  6.26481e-07
 Reference value :  6.27230e-07
 Reference value :  6.28000e-07
 Reference value :  6.28728e-07
 Reference value :  6.29526e-07
 Reference value :  6.30279e-07
 Reference value :  6.31057e-07
 Reference value :  6.31787e-07
 Reference value :  6.32555e-07
 Reference value :  6.33305e-07
 Reference value :  6.34062e-07
 Reference value :  6.34852e-07
 Reference value :  6.35608e-07
 Reference value :  6.36390e-07
 Reference value :  6.37163e-07
 Reference value :  6.37921e-07
 Reference value :  6.38691e-07
 Reference value :  6.39430e-07
 Reference value :  6.40187e-07
 Reference value :  6.40967e-07
 Reference value :  6.41741e-07
 Reference value :  6.42534e-07
 Reference value :  6.43275e-07
 Reference value :  6.44052e-07
 Reference value :  6.44800e-07
 Reference value :  6.45545e-07
 Reference value :  6.46337e-07
 Reference value :  6.47076e-07
 Reference value :  6.47842e-07
 Reference value :  6.48601e-07
 Reference value :  6.49374e-07
 Reference value :  6.50165e-07
 Reference value :  6.50928e-07
 Reference value :  6.51712e-07
 Reference value :  6.52459e-07
 Reference value :  6.53231e-07
 Reference value :  6.54012e-07
 Reference value :  6.54765e-07
 Reference value :  6.55614e-07
 Reference value :  6.56501e-07
 Reference value :  6.57315e-07
 Reference value :  6.58145e-07
 Reference value :  6.58898e-07
 Reference value :  6.59898e-07
 Reference value :  6.60697e-07
 Reference value :  6.61433e-07
 Reference value :  6.62218e-07
 Reference value :  6.63019e-07
 Reference value :  6.63760e-07
 Reference value :  6.64521e-07
 Reference value :  6.65306e-07
 Reference value :  6.66097e-07
 Reference value :  6.66880e-07
 Reference value :  6.67655e-07
 Reference value :  6.68418e-07
 Reference value :  6.69265e-07
 Reference value :  6.70064e-07
 Reference value :  6.70825e-07
 Reference value :  6.71860e-07
 Reference value :  6.72728e-07
 Reference value :  6.73499e-07
 Reference value :  6.74290e-07
 Reference value :  6.75058e-07
 Reference value :  6.75839e-07
 Reference value :  6.76610e-07
 Reference value :  6.77450e-07
 Reference value :  6.78234e-07
 Reference value :  6.79060e-07
 Reference value :  6.79852e-07
 Reference value :  6.80635e-07
 Reference value :  6.81400e-07
 Reference value :  6.82195e-07
 Reference value :  6.82971e-07
 Reference value :  6.83715e-07
 Reference value :  6.84502e-07
 Reference value :  6.85250e-07
 Reference value :  6.86173e-07
 Reference value :  6.86916e-07
 Reference value :  6.87660e-07
 Reference value :  6.88444e-07
 Reference value :  6.89190e-07
 Reference value :  6.89980e-07
 Reference value :  6.90751e-07
 Reference value :  6.91482e-07
 Reference value :  6.92240e-07
 Reference value :  6.92991e-07
 Reference value :  6.93763e-07
 Reference value :  6.94513e-07
 Reference value :  6.95308e-07
 Reference value :  6.96050e-07
 Reference value :  6.96846e-07
 Reference value :  6.97601e-07
 Reference value :  6.98392e-07
 Reference value :  6.99170e-07
 Reference value :  6.99947e-07
 Reference value :  7.00700e-07
 Reference value :  7.01469e-07
 Reference value :  7.02301e-07
 Reference value :  7.03100e-07
 Reference value :  7.03887e-07
 Reference value :  7.04695e-07
 Reference value :  7.05483e-07
 Reference value :  7.06240e-07
 Reference value :  7.07110e-07
 Reference value :  7.08010e-07
 Reference value :  7.08753e-07
 Reference value :  7.09504e-07
 Reference value :  7.10277e-07
 Reference value :  7.11140e-07
 Reference value :  7.11939e-07
 Reference value :  7.12675e-07
 Reference value :  7.13437e-07
 Reference value :  7.14215e-07
 Reference value :  7.14964e-07
 Reference value :  7.15734e-07
 Reference value :  7.16521e-07
 Reference value :  7.17291e-07
 Reference value :  7.18040e-07
 Reference value :  7.18854e-07
 Reference value :  7.19605e-07
 Reference value :  7.20378e-07
 Reference value :  7.21127e-07
 Reference value :  7.21904e-07
 Reference value :  7.22683e-07
 Reference value :  7.23494e-07
 Reference value :  7.24260e-07
 Reference value :  7.25025e-07
 Reference value :  7.25865e-07
 Reference value :  7.26671e-07
 Reference value :  7.27438e-07
 Reference value :  7.28232e-07
 Reference value :  7.28992e-07
 Reference value :  7.29733e-07
 Reference value :  7.30522e-07
 Reference value :  7.31337e-07
 Reference value :  7.32101e-07
 Reference value :  7.32851e-07
 Reference value :  7.33660e-07
 Reference value :  7.34428e-07
 Reference value :  7.35183e-07
 Reference value :  7.35921e-07
 Reference value :  7.36701e-07
 Reference value :  7.37497e-07
 Reference value :  7.38290e-07
 Reference value :  7.39221e-07
 Reference value :  7.40041e-07
 Reference value :  7.40846e-07
 Reference value :  7.41671e-07
 Reference value :  7.42440e-07
 Reference value :  7.43230e-07
 Reference value :  7.44028e-07
 Reference value :  7.44780e-07
 Reference value :  7.45560e-07
 Reference value :  7.46327e-07
 Reference value :  7.47089e-07
 Reference value :  7.47853e-07
 Reference value :  7.48623e-07
 Reference value :  7.49389e-07
 Reference value :  7.50160e-07
 Reference value :  7.50931e-07
 Reference value :  7.51709e-07
 Reference value :  7.52564e-07
 Reference value :  7.53343e-07
 Reference value :  7.54119e-07
 Reference value :  7.54904e-07
 Reference value :  7.55649e-07
 Reference value :  7.56466e-07
 Reference value :  7.57261e-07
 Reference value :  7.58001e-07
 Reference value :  7.58800e-07
 Reference value :  7.59545e-07
 Reference value :  7.60336e-07
 Reference value :  7.61122e-07
 Reference value :  7.61867e-07
 Reference value :  7.62677e-07
 Reference value :  7.63503e-07
 Reference value :  7.64335e-07
 Reference value :  7.65083e-07
 Reference value :  7.65898e-07
 Reference value :  7.66728e-07
 Reference value :  7.67517e-07
 Reference value :  7.68280e-07
 Reference value :  7.69050e-07
 Reference value :  7.70400e-07
 Reference value :  7.71769e-07
 Reference value :  7.73196e-07
 Reference value :  7.74561e-07
 Reference value :  7.75591e-07
 Reference value :  7.76350e-07
 Reference value :  7.77130e-07
 Reference value :  7.77910e-07
 Reference value :  7.78642e-07
 Reference value :  7.79430e-07
 Reference value :  7.80230e-07
 Reference value :  7.80990e-07
 Reference value :  7.81776e-07
 Reference value :  7.82561e-07
 Reference value :  7.83295e-07
 Reference value :  7.84054e-07
 Reference value :  7.84802e-07
 Reference value :  7.85571e-07
 Reference value :  7.86307e-07
 Reference value :  7.87060e-07
 Reference value :  7.87830e-07
 Reference value :  7.88630e-07
 Reference value :  7.89474e-07
 Reference value :  7.90257e-07
 Reference value :  7.91131e-07
 Reference value :  7.91949e-07
 Reference value :  7.92734e-07
 Reference value :  7.93505e-07
 Reference value :  7.94332e-07
 Reference value :  7.95106e-07
 Reference value :  7.95882e-07
 Reference value :  7.96637e-07
 Reference value :  7.97382e-07
 Reference value :  7.98185e-07
 Reference value :  7.98931e-07
 Reference value :  7.99730e-07
 Reference value :  8.00566e-07
 Reference value :  8.01752e-07
 Reference value :  8.03036e-07
 Reference value :  8.04215e-07
 Reference value :  8.05010e-07
 Reference value :  8.05770e-07
 Reference value :  8.06530e-07
 Reference value :  8.07296e-07
 Reference value :  8.08091e-07
 Reference value :  8.08836e-07
 Reference value :  8.09673e-07
 Reference value :  8.10423e-07
 Reference value :  8.11226e-07
 Reference value :  8.11982e-07
 Reference value :  8.12717e-07
 Reference value :  8.13490e-07
 Reference value :  8.14283e-07
 Reference value :  8.15026e-07
 Reference value :  8.15785e-07
 Reference value :  8.16540e-07
 Reference value :  8.17353e-07
 Reference value :  8.18129e-07
 Reference value :  8.18912e-07
 Reference value :  8.19782e-07
 Reference value :  8.20558e-07
 Reference value :  8.21327e-07
 Reference value :  8.22100e-07
 Reference value :  8.22870e-07
 Reference value :  8.23668e-07
 Reference value :  8.24433e-07
 Reference value :  8.25266e-07
 Reference value :  8.26038e-07
 Reference value :  8.26875e-07
 Reference value :  8.27648e-07
 Reference value :  8.28450e-07
 Reference value :  8.29209e-07
 Reference value :  8.29949e-07
 Reference value :  8.30760e-07
 Reference value :  8.31521e-07
 Reference value :  8.32280e-07
 Reference value :  8.33073e-07
 Reference value :  8.33840e-07
 Reference value :  8.34697e-07
 Reference value :  8.35448e-07
 Reference value :  8.36240e-07
 Reference value :  8.36998e-07
 Reference value :  8.37817e-07
 Reference value :  8.38641e-07
 Reference value :  8.39380e-07
 Reference value :  8.40190e-07
 Reference value :  8.40965e-07
 Reference value :  8.41700e-07
 Reference value :  8.42493e-07
 Reference value :  8.43284e-07
 Reference value :  8.44104e-07
 Reference value :  8.44858e-07
 Reference value :  8.45651e-07
 Reference value :  8.46420e-07
 Reference value :  8.47174e-07
 Reference value :  8.47980e-07
 Reference value :  8.48753e-07
 Reference value :  8.49508e-07
 Reference value :  8.50312e-07
 Reference value :  8.51100e-07
 Reference value :  8.51891e-07
 Reference value :  8.52701e-07
 Reference value :  8.53480e-07
 Reference value :  8.54282e-07
 Reference value :  8.55071e-07
 Reference value :  8.55813e-07
 Reference value :  8.56583e-07
 Reference value :  8.57350e-07
 Reference value :  8.58119e-07
 Reference value :  8.58981e-07
 Reference value :  8.59778e-07
 Reference value :  8.60574e-07
 Reference value :  8.61329e-07
 Reference value :  8.62124e-07
 Reference value :  8.62906e-07
 Reference value :  8.63646e-07
 Reference value :  8.64430e-07
 Reference value :  8.65173e-07
 Reference value :  8.65968e-07
 Reference value :  8.66746e-07
 Reference value :  8.67475e-07
 Reference value :  8.68271e-07
 Reference value :  8.69023e-07
 Reference value :  8.69850e-07
 Reference value :  8.70646e-07
 Reference value :  8.71410e-07
 Reference value :  8.72212e-07
 Reference value :  8.72950e-07
 Reference value :  8.73720e-07
 Reference value :  8.74501e-07
 Reference value :  8.75270e-07
 Reference value :  8.76070e-07
 Reference value :  8.76823e-07
 Reference value :  8.77613e-07
 Reference value :  8.78360e-07
 Reference value :  8.79103e-07
 Reference value :  8.79925e-07
 Reference value :  8.80666e-07
 Reference value :  8.81444e-07
 Reference value :  8.82207e-07
 Reference value :  8.82936e-07
 Reference value :  8.83735e-07
 Reference value :  8.84493e-07
 Reference value :  8.85284e-07
 Reference value :  8.86093e-07
 Reference value :  8.86841e-07
 Reference value :  8.87595e-07
 Reference value :  8.88436e-07
 Reference value :  8.89181e-07
 Reference value :  8.90020e-07
 Reference value :  8.90769e-07
 Reference value :  8.91538e-07
 Reference value :  8.92308e-07
 Reference value :  8.93075e-07
 Reference value :  8.93864e-07
 Reference value :  8.94667e-07
 Reference value :  8.95455e-07
 Reference value :  8.96252e-07
 Reference value :  8.97003e-07
 Reference value :  8.97820e-07
 Reference value :  8.98610e-07
 Reference value :  8.99378e-07
 Reference value :  9.00210e-07
 Reference value :  9.01051e-07
 Reference value :  9.01860e-07
 Reference value :  9.02664e-07
 Reference value :  9.03458e-07
 Reference value :  9.04230e-07
 Reference value :  9.05030e-07
 Reference value :  9.05810e-07
 Reference value :  9.06557e-07
 Reference value :  9.07377e-07
 Reference value :  9.08157e-07
 Reference value :  9.08969e-07
 Reference value :  9.09750e-07
 Reference value :  9.10507e-07
 Reference value :  9.11270e-07
 Reference value :  9.12057e-07
 Reference value :  9.12790e-07
 Reference value :  9.13592e-07
 Reference value :  9.14377e-07
 Reference value :  9.15167e-07
 Reference value :  9.15951e-07
 Reference value :  9.16801e-07
 Reference value :  9.17588e-07
 Reference value :  9.18370e-07
 Reference value :  9.19112e-07
 Reference value :  9.19933e-07
 Reference value :  9.20690e-07
 Reference value :  9.21452e-07
 Reference value :  9.22205e-07
 Reference value :  9.22956e-07
 Reference value :  9.23755e-07
 Reference value :  9.24570e-07
 Reference value :  9.25367e-07
 Reference value :  9.26130e-07
 Reference value :  9.26910e-07
 Reference value :  9.27660e-07
 Reference value :  9.28421e-07
 Reference value :  9.29270e-07
 Reference value :  9.30072e-07
 Reference value :  9.30889e-07
 Reference value :  9.31653e-07
 Reference value :  9.32437e-07
 Reference value :  9.33235e-07
 Reference value :  9.34030e-07
 Reference value :  9.34870e-07
 Reference value :  9.35648e-07
 Reference value :  9.36421e-07
 Reference value :  9.37196e-07
 Reference value :  9.37980e-07
 Reference value :  9.38718e-07
 Reference value :  9.39469e-07
 Reference value :  9.40297e-07
 Reference value :  9.41075e-07
 Reference value :  9.41870e-07
 Reference value :  9.42622e-07
 Reference value :  9.43394e-07
 Reference value :  9.44144e-07
 Reference value :  9.44892e-07
 Reference value :  9.45708e-07
 Reference value :  9.46504e-07
 Reference value :  9.47370e-07
 Reference value :  9.48150e-07
 Reference value :  9.48901e-07
 Reference value :  9.49658e-07
 Reference value :  9.50442e-07
 Reference value :  9.51245e-07
 Reference value :  9.52013e-07
 Reference value :  9.52790e-07
 Reference value :  9.53550e-07
 Reference value :  9.54356e-07
 Reference value :  9.55146e-07
 Reference value :  9.55930e-07
 Reference value :  9.56687e-07
 Reference value :  9.57470e-07
 Reference value :  9.58253e-07
 Reference value :  9.59025e-07
 Reference value :  9.59832e-07
 Reference value :  9.60630e-07
 Reference value :  9.61430e-07
 Reference value :  9.62180e-07
 Reference value :  9.62943e-07
 Reference value :  9.63737e-07
 Reference value :  9.64488e-07
 Reference value :  9.65281e-07
 Reference value :  9.66048e-07
 Reference value :  9.66820e-07
 Reference value :  9.67607e-07
 Reference value :  9.68377e-07
 Reference value :  9.69186e-07
 Reference value :  9.69980e-07
 Reference value :  9.70728e-07
 Reference value :  9.71522e-07
 Reference value :  9.72279e-07
 Reference value :  9.73131e-07
 Reference value :  9.73960e-07
 Reference value :  9.74715e-07
 Reference value :  9.75465e-07
 Reference value :  9.76229e-07
 Reference value :  9.77002e-07
 Reference value :  9.77769e-07
 Reference value :  9.78560e-07
 Reference value :  9.79330e-07
 Reference value :  9.80096e-07
 Reference value :  9.80860e-07
 Reference value :  9.81635e-07
 Reference value :  9.82410e-07
 Reference value :  9.83156e-07
 Reference value :  9.83931e-07
 Reference value :  9.84710e-07
 Reference value :  9.85470e-07
 Reference value :  9.86269e-07
 Reference value :  9.87060e-07
 Reference value :  9.87810e-07
 Reference value :  9.88654e-07
 Reference value :  9.89457e-07
 Reference value :  9.90250e-07
 Reference value :  9.91077e-07
 Reference value :  9.91869e-07
 Reference value :  9.92705e-07
 Reference value :  9.93491e-07
 Reference value :  9.94338e-07
 Reference value :  9.95200e-07
 Reference value :  9.95995e-07
 Reference value :  9.96771e-07
 Reference value :  9.97541e-07
 Reference value :  9.98308e-07
 Reference value :  9.99080e-07
 Reference value :  9.99851e-07
 Reference value :  1.00060e-06
 Reference value :  1.00140e-06
 Reference value :  1.00225e-06
 Reference value :  1.00305e-06
 Reference value :  1.00383e-06
 Reference value :  1.00459e-06
 Reference value :  1.00534e-06
 Reference value :  1.00609e-06
 Reference value :  1.00685e-06
 Reference value :  1.00764e-06
 Reference value :  1.00844e-06
 Reference value :  1.00920e-06
 Reference value :  1.00995e-06
 Reference value :  1.01072e-06
 Reference value :  1.01150e-06
 Reference value :  1.01226e-06
 Reference value :  1.01306e-06
 Reference value :  1.01387e-06
 Reference value :  1.01465e-06
 Reference value :  1.01540e-06
 Reference value :  1.01619e-06
 Reference value :  1.01696e-06
 Reference value :  1.01774e-06
 Reference value :  1.01853e-06
 Reference value :  1.01929e-06
 Reference value :  1.02004e-06
 Reference value :  1.02084e-06
 Reference value :  1.02161e-06
 Reference value :  1.02239e-06
 Reference value :  1.02315e-06
 Reference value :  1.02396e-06
 Reference value :  1.02478e-06
 Reference value :  1.02552e-06
 Reference value :  1.02628e-06
 Reference value :  1.02707e-06
 Reference value :  1.02785e-06
 Reference value :  1.02861e-06
 Reference value :  1.02938e-06
 Reference value :  1.03014e-06
 Reference value :  1.03096e-06
 Reference value :  1.03179e-06
 Reference value :  1.03258e-06
 Reference value :  1.03332e-06
 Reference value :  1.03415e-06
 Reference value :  1.03494e-06
 Reference value :  1.03570e-06
 Reference value :  1.03647e-06
 Reference value :  1.03730e-06
 Reference value :  1.03807e-06
 Reference value :  1.03885e-06
 Reference value :  1.03962e-06
 Reference value :  1.04040e-06
 Reference value :  1.04123e-06
 Reference value :  1.04202e-06
 Reference value :  1.04280e-06
 Reference value :  1.04356e-06
 Reference value :  1.04433e-06
 Reference value :  1.04512e-06
 Reference value :  1.04587e-06
 Reference value :  1.04662e-06
 Reference value :  1.04741e-06
 Reference value :  1.04819e-06
 Reference value :  1.04894e-06
 Reference value :  1.04976e-06
 Reference value :  1.05057e-06
 Reference value :  1.05134e-06
 Reference value :  1.05212e-06
 Reference value :  1.05292e-06
 Reference value :  1.05377e-06
 Reference value :  1.05452e-06
 Reference value :  1.05532e-06
 Reference value :  1.05608e-06
 Reference value :  1.05683e-06
 Reference value :  1.05764e-06
 Reference value :  1.05843e-06
 Reference value :  1.05926e-06
 Reference value :  1.06006e-06
 Reference value :  1.06080e-06
 Reference value :  1.06156e-06
 Reference value :  1.06240e-06
 Reference value :  1.06317e-06
 Reference value :  1.06396e-06
 Reference value :  1.06480e-06
 Reference value :  1.06561e-06
 Reference value :  1.06638e-06
 Reference value :  1.06712e-06
 Reference value :  1.06789e-06
 Reference value :  1.06871e-06
 Reference value :  1.06948e-06
 Reference value :  1.07027e-06
 Reference value :  1.07107e-06
 Reference value :  1.07192e-06
 Reference value :  1.07272e-06
 Reference value :  1.07350e-06
 Reference value :  1.07437e-06
 Reference value :  1.07519e-06
 Reference value :  1.07594e-06
 Reference value :  1.07677e-06
 Reference value :  1.07754e-06
 Reference value :  1.07832e-06
 Reference value :  1.07910e-06
 Reference value :  1.07987e-06
 Reference value :  1.08063e-06
 Reference value :  1.08141e-06
 Reference value :  1.08219e-06
 Reference value :  1.08295e-06
 Reference value :  1.08370e-06
 Reference value :  1.08450e-06
 Reference value :  1.08527e-06
 Reference value :  1.08599e-06
 Reference value :  1.08676e-06
 Reference value :  1.08754e-06
 Reference value :  1.08833e-06
 Reference value :  1.08916e-06
 Reference value :  1.08993e-06
 Reference value :  1.09070e-06
 Reference value :  1.09150e-06
 Reference value :  1.09231e-06
 Reference value :  1.09310e-06
 Reference value :  1.09387e-06
 Reference value :  1.09468e-06
 Reference value :  1.09548e-06
 Reference value :  1.09628e-06
 Reference value :  1.09707e-06
 Reference value :  1.09783e-06
 Reference value :  1.09862e-06
 Reference value :  1.09938e-06
 Reference value :  1.10019e-06
 Reference value :  1.10098e-06
 Reference value :  1.10177e-06
 Reference value :  1.10255e-06
 Reference value :  1.10333e-06
 Reference value :  1.10408e-06
 Reference value :  1.10488e-06
 Reference value :  1.10565e-06
 Reference value :  1.10641e-06
 Reference value :  1.10717e-06
 Reference value :  1.10793e-06
 Reference value :  1.10869e-06
 Reference value :  1.10947e-06
 Reference value :  1.11026e-06
 Reference value :  1.11110e-06
 Reference value :  1.11187e-06
 Reference value :  1.11265e-06
 Reference value :  1.11347e-06
 Reference value :  1.11427e-06
 Reference value :  1.11507e-06
 Reference value :  1.11588e-06
 Reference value :  1.11664e-06
 Reference value :  1.11744e-06
 Reference value :  1.11825e-06
 Reference value :  1.11904e-06
 Reference value :  1.11980e-06
 Reference value :  1.12059e-06
 Reference value :  1.12133e-06
 Reference value :  1.12217e-06
 Reference value :  1.12294e-06
 Reference value :  1.12369e-06
 Reference value :  1.12459e-06
 Reference value :  1.12537e-06
 Reference value :  1.12611e-06
 Reference value :  1.12691e-06
 Reference value :  1.12768e-06
 Reference value :  1.12842e-06
 Reference value :  1.12919e-06
 Reference value :  1.12998e-06
 Reference value :  1.13076e-06
 Reference value :  1.13155e-06
 Reference value :  1.13238e-06
 Reference value :  1.13317e-06
 Reference value :  1.13395e-06
 Reference value :  1.13476e-06
 Reference value :  1.13552e-06
 Reference value :  1.13628e-06
 Reference value :  1.13706e-06
 Reference value :  1.13783e-06
 Reference value :  1.13863e-06
 Reference value :  1.13940e-06
 Reference value :  1.14019e-06
 Reference value :  1.14103e-06
 Reference value :  1.14179e-06
 Reference value :  1.14257e-06
 Reference value :  1.14334e-06
 Reference value :  1.14409e-06
 Reference value :  1.14493e-06
 Reference value :  1.14568e-06
 Reference value :  1.14644e-06
 Reference value :  1.14722e-06
 Reference value :  1.14800e-06
 Reference value :  1.14879e-06
 Reference value :  1.14959e-06
 Reference value :  1.15037e-06
 Reference value :  1.15116e-06
 Reference value :  1.15192e-06
 Reference value :  1.15269e-06
 Reference value :  1.15346e-06
 Reference value :  1.15421e-06
 Reference value :  1.15498e-06
 Reference value :  1.15573e-06
 Reference value :  1.15650e-06
 Reference value :  1.15728e-06
 Reference value :  1.15804e-06
 Reference value :  1.15878e-06
 Reference value :  1.15957e-06
 Reference value :  1.16034e-06
 Reference value :  1.16111e-06
 Reference value :  1.16189e-06
 Reference value :  1.16266e-06
 Reference value :  1.16342e-06
 Reference value :  1.16421e-06
 Reference value :  1.16500e-06
 Reference value :  1.16581e-06
 Reference value :  1.16664e-06
 Reference value :  1.16739e-06
 Reference value :  1.16814e-06
 Reference value :  1.16891e-06
 Reference value :  1.16965e-06
 Reference value :  1.17043e-06
 Reference value :  1.17118e-06
 Reference value :  1.17197e-06
 Reference value :  1.17276e-06
 Reference value :  1.17355e-06
 Reference value :  1.17432e-06
 Reference value :  1.17510e-06
 Reference value :  1.17588e-06
 Reference value :  1.17663e-06
 Reference value :  1.17738e-06
 Reference value :  1.17816e-06
 Reference value :  1.17890e-06
 Reference value :  1.17970e-06
 Reference value :  1.18050e-06
 Reference value :  1.18127e-06
 Reference value :  1.18207e-06
 Reference value :  1.18284e-06
 Reference value :  1.18362e-06
 Reference value :  1.18442e-06
 Reference value :  1.18521e-06
 Reference value :  1.18600e-06
 Reference value :  1.18679e-06
 Reference value :  1.18755e-06
 Reference value :  1.18831e-06
 Reference value :  1.18909e-06
 Reference value :  1.18984e-06
 Reference value :  1.19061e-06
 Reference value :  1.19138e-06
 Reference value :  1.19215e-06
 Reference value :  1.19291e-06
 Reference value :  1.19371e-06
 Reference value :  1.19449e-06
 Reference value :  1.19528e-06
 Reference value :  1.19607e-06
 Reference value :  1.19683e-06
 Reference value :  1.19759e-06
 Reference value :  1.19834e-06
 Reference value :  1.19911e-06
 Reference value :  1.19987e-06
 Reference value :  1.20065e-06
 Reference value :  1.20144e-06
 Reference value :  1.20224e-06
 Reference value :  1.20301e-06
 Reference value :  1.20380e-06
 Reference value :  1.20459e-06
 Reference value :  1.20545e-06
 Reference value :  1.20624e-06
 Reference value :  1.20702e-06
 Reference value :  1.20777e-06
 Reference value :  1.20855e-06
 Reference value :  1.20932e-06
 Reference value :  1.21008e-06
 Reference value :  1.21085e-06
 Reference value :  1.21163e-06
 Reference value :  1.21240e-06
 Reference value :  1.21315e-06
 Reference value :  1.21391e-06
 Reference value :  1.21467e-06
 Reference value :  1.21542e-06
 Reference value :  1.21618e-06
 Reference value :  1.21696e-06
 Reference value :  1.21771e-06
 Reference value :  1.21852e-06
 Reference value :  1.21931e-06
 Reference value :  1.22007e-06
 Reference value :  1.22086e-06
 Reference value :  1.22162e-06
 Reference value :  1.22240e-06
 Reference value :  1.22319e-06
 Reference value :  1.22396e-06
 Reference value :  1.22474e-06
 Reference value :  1.22554e-06
 Reference value :  1.22634e-06
 Reference value :  1.22711e-06
 Reference value :  1.22792e-06
 Reference value :  1.22871e-06
 Reference value :  1.22948e-06
 Reference value :  1.23024e-06
 Reference value :  1.23102e-06
 Reference value :  1.23180e-06
 Reference value :  1.23256e-06
 Reference value :  1.23334e-06
 Reference value :  1.23411e-06
 Reference value :  1.23489e-06
 Reference value :  1.23566e-06
 Reference value :  1.23642e-06
 Reference value :  1.23719e-06
 Reference value :  1.23796e-06
 Reference value :  1.23875e-06
 Reference value :  1.23952e-06
 Reference value :  1.24027e-06
 Reference value :  1.24104e-06
 Reference value :  1.24179e-06
 Reference value :  1.24256e-06
 Reference value :  1.24336e-06
 Reference value :  1.24418e-06
 Reference value :  1.24496e-06
 Reference value :  1.24572e-06
 Reference value :  1.24652e-06
 Reference value :  1.24729e-06
 Reference value :  1.24808e-06
 Reference value :  1.24888e-06
 Reference value :  1.24966e-06
 Reference value :  1.25043e-06
 Reference value :  1.25119e-06
 Reference value :  1.25195e-06
 Reference value :  1.25272e-06
 Reference value :  1.25349e-06
 Reference value :  1.25426e-06
 Reference value :  1.25507e-06
 Reference value :  1.25583e-06
 Reference value :  1.25659e-06
 Reference value :  1.25738e-06
 Reference value :  1.25818e-06
 Reference value :  1.25896e-06
 Reference value :  1.25976e-06
 Reference value :  1.26051e-06
 Reference value :  1.26130e-06
 Reference value :  1.26210e-06
 Reference value :  1.26289e-06
 Reference value :  1.26366e-06
 Reference value :  1.26443e-06
 Reference value :  1.26523e-06
 Reference value :  1.26604e-06
 Reference value :  1.26680e-06
 Reference value :  1.26757e-06
 Reference value :  1.26835e-06
 Reference value :  1.26911e-06
 Reference value :  1.26987e-06
 Reference value :  1.27064e-06
 Reference value :  1.27146e-06
 Reference value :  1.27227e-06
 Reference value :  1.27307e-06
 Reference value :  1.27383e-06
 Reference value :  1.27460e-06
 Reference value :  1.27540e-06
 Reference value :  1.27618e-06
 Reference value :  1.27701e-06
 Reference value :  1.27779e-06
 Reference value :  1.27855e-06
 Reference value :  1.27937e-06
 Reference value :  1.28017e-06
 Reference value :  1.28094e-06
 Reference value :  1.28169e-06
 Reference value :  1.28247e-06
 Reference value :  1.28321e-06
 Reference value :  1.28397e-06
 Reference value :  1.28475e-06
 Reference value :  1.28551e-06
 Reference value :  1.28629e-06
 Reference value :  1.28705e-06
 Reference value :  1.28781e-06
 Reference value :  1.28861e-06
 Reference value :  1.28939e-06
 Reference value :  1.29017e-06
 Reference value :  1.29095e-06
 Reference value :  1.29172e-06
 Reference value :  1.29251e-06
 Reference value :  1.29328e-06
 Reference value :  1.29406e-06
 Reference value :  1.29483e-06
 Reference value :  1.29562e-06
 Reference value :  1.29639e-06
 Reference value :  1.29714e-06
 Reference value :  1.29792e-06
 Reference value :  1.29868e-06
 Reference value :  1.29945e-06
 Reference value :  1.30022e-06
 Reference value :  1.30102e-06
 Reference value :  1.30180e-06
 Reference value :  1.30260e-06
 Reference value :  1.30336e-06
 Reference value :  1.30415e-06
 Reference value :  1.30493e-06
 Reference value :  1.30573e-06
 Reference value :  1.30648e-06
 Reference value :  1.30731e-06
 Reference value :  1.30808e-06
 Reference value :  1.30935e-06
 Reference value :  1.31022e-06
 Reference value :  1.31119e-06
 Reference value :  1.31210e-06
 Reference value :  1.31310e-06
 Reference value :  1.31397e-06
 Reference value :  1.31487e-06
 Reference value :  1.31575e-06
 Reference value :  1.31669e-06
 Reference value :  1.31755e-06
 Reference value :  1.31838e-06
 Reference value :  1.31917e-06
 Reference value :  1.31995e-06
 Reference value :  1.32072e-06
 Reference value :  1.32151e-06
 Reference value :  1.32228e-06
 Reference value :  1.32308e-06
 Reference value :  1.32389e-06
 Reference value :  1.32470e-06
 Reference value :  1.32552e-06
 Reference value :  1.32640e-06
 Reference value :  1.32732e-06
 Reference value :  1.32819e-06
 Reference value :  1.32907e-06
 Reference value :  1.33002e-06
 Reference value :  1.33087e-06
 Reference value :  1.33181e-06
 Reference value :  1.33277e-06
 Reference value :  1.33370e-06
 Reference value :  1.33463e-06
 Reference value :  1.33549e-06
 Reference value :  1.33626e-06
 Reference value :  1.33706e-06
 Reference value :  1.33782e-06
 Reference value :  1.33860e-06
 Reference value :  1.33939e-06
 Reference value :  1.34015e-06
 Reference value :  1.34100e-06
 Reference value :  1.34177e-06
 Reference value :  1.34254e-06
 Reference value :  1.34347e-06
 Reference value :  1.34447e-06
 Reference value :  1.34554e-06
 Reference value :  1.34660e-06
 Reference value :  1.34763e-06
 Reference value :  1.34860e-06
 Reference value :  1.34958e-06
 Reference value :  1.35037e-06
 Reference value :  1.35121e-06
 Reference value :  1.35199e-06
 Reference value :  1.35279e-06
 Reference value :  1.35360e-06
 Reference value :  1.35440e-06
 Reference value :  1.35519e-06
 Reference value :  1.35601e-06
 Reference value :  1.35698e-06
 Reference value :  1.35785e-06
 Reference value :  1.35908e-06
 Reference value :  1.36002e-06
 Reference value :  1.36077e-06
 Reference value :  1.36156e-06
 Reference value :  1.36235e-06
 Reference value :  1.36323e-06
 Reference value :  1.36405e-06
 Reference value :  1.36480e-06
 Reference value :  1.36558e-06
 Reference value :  1.36638e-06
 Reference value :  1.36716e-06
 Reference value :  1.36796e-06
 Reference value :  1.36874e-06
 Reference value :  1.36948e-06
 Reference value :  1.37029e-06
 Reference value :  1.37106e-06
 Reference value :  1.37183e-06
 Reference value :  1.37264e-06
 Reference value :  1.37342e-06
 Reference value :  1.37419e-06
 Reference value :  1.37498e-06
 Reference value :  1.37572e-06
 Reference value :  1.37651e-06
 Reference value :  1.37730e-06
 Reference value :  1.37805e-06
 Reference value :  1.37880e-06
 Reference value :  1.37957e-06
 Reference value :  1.38035e-06
 Reference value :  1.38111e-06
 Reference value :  1.38188e-06
 Reference value :  1.38269e-06
 Reference value :  1.38347e-06
 Reference value :  1.38432e-06
 Reference value :  1.38510e-06
 Reference value :  1.38588e-06
 Reference value :  1.38668e-06
 Reference value :  1.38748e-06
 Reference value :  1.38825e-06
 Reference value :  1.38906e-06
 Reference value :  1.38987e-06
 Reference value :  1.39063e-06
 Reference value :  1.39145e-06
 Reference value :  1.39223e-06
 Reference value :  1.39298e-06
 Reference value :  1.39376e-06
 Reference value :  1.39453e-06
 Reference value :  1.39531e-06
 Reference value :  1.39612e-06
 Reference value :  1.39689e-06
 Reference value :  1.39764e-06
 Reference value :  1.39845e-06
 Reference value :  1.39923e-06
 Reference value :  1.39999e-06
 Reference value :  1.40080e-06
 Reference value :  1.40159e-06
 Reference value :  1.40237e-06
 Reference value :  1.40313e-06
 Reference value :  1.40391e-06
 Reference value :  1.40471e-06
 Reference value :  1.40545e-06
 Reference value :  1.40620e-06
 Reference value :  1.40700e-06
 Reference value :  1.40777e-06
 Reference value :  1.40854e-06
 Reference value :  1.40929e-06
 Reference value :  1.41005e-06
 Reference value :  1.41082e-06
 Reference value :  1.41159e-06
 Reference value :  1.41234e-06
 Reference value :  1.41313e-06
 Reference value :  1.41390e-06
 Reference value :  1.41465e-06
 Reference value :  1.41542e-06
 Reference value :  1.41618e-06
 Reference value :  1.41694e-06
 Reference value :  1.41775e-06
 Reference value :  1.41854e-06
 Reference value :  1.41929e-06
 Reference value :  1.42013e-06
 Reference value :  1.42089e-06
 Reference value :  1.42165e-06
 Reference value :  1.42244e-06
 Reference value :  1.42320e-06
 Reference value :  1.42396e-06
 Reference value :  1.42476e-06
 Reference value :  1.42555e-06
 Reference value :  1.42633e-06
 Reference value :  1.42710e-06
 Reference value :  1.42786e-06
 Reference value :  1.42866e-06
 Reference value :  1.42943e-06
 Reference value :  1.43019e-06
 Reference value :  1.43097e-06
 Reference value :  1.43173e-06
 Reference value :  1.43249e-06
 Reference value :  1.43325e-06
 Reference value :  1.43405e-06
 Reference value :  1.43480e-06
 Reference value :  1.43560e-06
 Reference value :  1.43639e-06
 Reference value :  1.43714e-06
 Reference value :  1.43792e-06
 Reference value :  1.43866e-06
 Reference value :  1.43941e-06
 Reference value :  1.44019e-06
 Reference value :  1.44100e-06
 Reference value :  1.44176e-06
 Reference value :  1.44256e-06
 Reference value :  1.44339e-06
 Reference value :  1.44416e-06
 Reference value :  1.44493e-06
 Reference value :  1.44568e-06
 Reference value :  1.44643e-06
 Reference value :  1.44724e-06
 Reference value :  1.44799e-06
 Reference value :  1.44876e-06
 Reference value :  1.44955e-06
 Reference value :  1.45032e-06
 Reference value :  1.45108e-06
 Reference value :  1.45191e-06
 Reference value :  1.45268e-06
 Reference value :  1.45344e-06
 Reference value :  1.45420e-06
 Reference value :  1.45494e-06
 Reference value :  1.45570e-06
 Reference value :  1.45646e-06
 Reference value :  1.45722e-06
 Reference value :  1.45805e-06
 Reference value :  1.45881e-06
 Reference value :  1.45961e-06
 Reference value :  1.46040e-06
 Reference value :  1.46117e-06
 Reference value :  1.46192e-06
 Reference value :  1.46272e-06
 Reference value :  1.46353e-06
 Reference value :  1.46436e-06
 Reference value :  1.46514e-06
 Reference value :  1.46593e-06
 Reference value :  1.46677e-06
 Reference value :  1.46764e-06
 Reference value :  1.46842e-06
 Reference value :  1.46920e-06
 Reference value :  1.46997e-06
 Reference value :  1.47074e-06
 Reference value :  1.47151e-06
 Reference value :  1.47228e-06
 Reference value :  1.47305e-06
 Reference value :  1.47383e-06
 Reference value :  1.47458e-06
 Reference value :  1.47534e-06
 Reference value :  1.47617e-06
 Reference value :  1.47693e-06
 Reference value :  1.47768e-06
 Reference value :  1.47845e-06
 Reference value :  1.47919e-06
 Reference value :  1.47994e-06
 Reference value :  1.48071e-06
 Reference value :  1.48146e-06
 Reference value :  1.48222e-06
 Reference value :  1.48299e-06
 Reference value :  1.48374e-06
 Reference value :  1.48455e-06
 Reference value :  1.48532e-06
 Reference value :  1.48608e-06
 Reference value :  1.48690e-06
 Reference value :  1.48769e-06
 Reference value :  1.48844e-06
 Reference value :  1.48921e-06
 Reference value :  1.49004e-06
 Reference value :  1.49080e-06
 Reference value :  1.49157e-06
 Reference value :  1.49235e-06
 Reference value :  1.49310e-06
 Reference value :  1.49385e-06
 Reference value :  1.49461e-06
 Reference value :  1.49534e-06
 Reference value :  1.49611e-06
 Reference value :  1.49687e-06
 Reference value :  1.49763e-06
 Reference value :  1.49839e-06
 Reference value :  1.49917e-06
 Reference value :  1.49993e-06
 Reference value :  1.50071e-06
 Reference value :  1.50152e-06
 Reference value :  1.50234e-06
 Reference value :  1.50314e-06
 Reference value :  1.50389e-06
 Reference value :  1.50465e-06
 Reference value :  1.50566e-06
 Reference value :  1.50662e-06
 Reference value :  1.50740e-06
 Reference value :  1.50821e-06
 Reference value :  1.50900e-06
 Reference value :  1.50976e-06
 Reference value :  1.51053e-06
 Reference value :  1.51131e-06
 Reference value :  1.51212e-06
 Reference value :  1.51290e-06
 Reference value :  1.51370e-06
 Reference value :  1.51445e-06
 Reference value :  1.51521e-06
 Reference value :  1.51600e-06
 Reference value :  1.51675e-06
 Reference value :  1.51750e-06
 Reference value :  1.51831e-06
 Reference value :  1.51908e-06
 Reference value :  1.51984e-06
 Reference value :  1.52059e-06
 Reference value :  1.52137e-06
 Reference value :  1.52212e-06
 Reference value :  1.52290e-06
 Reference value :  1.52367e-06
 Reference value :  1.52443e-06
 Reference value :  1.52521e-06
 Reference value :  1.52602e-06
 Reference value :  1.52678e-06
 Reference value :  1.52754e-06
 Reference value :  1.52835e-06
 Reference value :  1.52911e-06
 Reference value :  1.52987e-06
 Reference value :  1.53065e-06
 Reference value :  1.53143e-06
 Reference value :  1.53220e-06
 Reference value :  1.53301e-06
 Reference value :  1.53376e-06
 Reference value :  1.53450e-06
 Reference value :  1.53530e-06
 Reference value :  1.53607e-06
 Reference value :  1.53681e-06
 Reference value :  1.53762e-06
 Reference value :  1.53837e-06
 Reference value :  1.53911e-06
 Reference value :  1.53990e-06
 Reference value :  1.54069e-06
 Reference value :  1.54145e-06
 Reference value :  1.54222e-06
 Reference value :  1.54298e-06
 Reference value :  1.54377e-06
 Reference value :  1.54455e-06
 Reference value :  1.54537e-06
 Reference value :  1.54622e-06
 Reference value :  1.54705e-06
 Reference value :  1.54785e-06
 Reference value :  1.54862e-06
 Reference value :  1.54942e-06
 Reference value :  1.55018e-06
 Reference value :  1.55095e-06
 Reference value :  1.55173e-06
 Reference value :  1.55249e-06
 Reference value :  1.55329e-06
 Reference value :  1.55409e-06
 Reference value :  1.55491e-06
 Reference value :  1.55573e-06
 Reference value :  1.55650e-06
 Reference value :  1.55730e-06
 Reference value :  1.55812e-06
 Reference value :  1.55895e-06
 Reference value :  1.55971e-06
 Reference value :  1.56048e-06
 Reference value :  1.56128e-06
 Reference value :  1.56211e-06
 Reference value :  1.56291e-06
 Reference value :  1.56367e-06
 Reference value :  1.56449e-06
 Reference value :  1.56526e-06
 Reference value :  1.56607e-06
 Reference value :  1.56687e-06
 Reference value :  1.56769e-06
 Reference value :  1.56853e-06
 Reference value :  1.56929e-06
 Reference value :  1.57010e-06
 Reference value :  1.57089e-06
 Reference value :  1.57165e-06
 Reference value :  1.57239e-06
 Reference value :  1.57319e-06
 Reference value :  1.57397e-06
 Reference value :  1.57471e-06
 Reference value :  1.57553e-06
 Reference value :  1.57632e-06
 Reference value :  1.57712e-06
 Reference value :  1.57790e-06
 Reference value :  1.57866e-06
 Reference value :  1.57943e-06
 Reference value :  1.58023e-06
 Reference value :  1.58100e-06
 Reference value :  1.58179e-06
 Reference value :  1.58255e-06
 Reference value :  1.58333e-06
 Reference value :  1.58408e-06
 Reference value :  1.58486e-06
 Reference value :  1.58570e-06
 Reference value :  1.58647e-06
 Reference value :  1.58725e-06
 Reference value :  1.58804e-06
 Reference value :  1.58881e-06
 Reference value :  1.58959e-06
 Reference value :  1.59039e-06
 Reference value :  1.59117e-06
 Reference value :  1.59194e-06
 Reference value :  1.59273e-06
 Reference value :  1.59349e-06
 Reference value :  1.59426e-06
 Reference value :  1.59504e-06
 Reference value :  1.59579e-06
 Reference value :  1.59658e-06
 Reference value :  1.59736e-06
 Reference value :  1.59820e-06
 Reference value :  1.59899e-06
 Reference value :  1.59978e-06
 Reference value :  1.60057e-06
 Reference value :  1.60133e-06
 Reference value :  1.60214e-06
 Reference value :  1.60300e-06
 Reference value :  1.60380e-06
 Reference value :  1.60460e-06
 Reference value :  1.60537e-06
 Reference value :  1.60614e-06
 Reference value :  1.60692e-06
 Reference value :  1.60769e-06
 Reference value :  1.60844e-06
 Reference value :  1.60923e-06
 Reference value :  1.61002e-06
 Reference value :  1.61078e-06
 Reference value :  1.61157e-06
 Reference value :  1.61233e-06
 Reference value :  1.61315e-06
 Reference value :  1.61396e-06
 Reference value :  1.61476e-06
 Reference value :  1.61555e-06
 Reference value :  1.61634e-06
 Reference value :  1.61710e-06
 Reference value :  1.61787e-06
 Reference value :  1.61861e-06
 Reference value :  1.61940e-06
 Reference value :  1.62018e-06
 Reference value :  1.62093e-06
 Reference value :  1.62172e-06
 Reference value :  1.62250e-06
 Reference value :  1.62330e-06
 Reference value :  1.62410e-06
 Reference value :  1.62491e-06
 Reference value :  1.62571e-06
 Reference value :  1.62654e-06
 Reference value :  1.62731e-06
 Reference value :  1.62808e-06
 Reference value :  1.62887e-06
 Reference value :  1.62963e-06
 Reference value :  1.63040e-06
 Reference value :  1.63117e-06
 Reference value :  1.63194e-06
 Reference value :  1.63272e-06
 Reference value :  1.63353e-06
 Reference value :  1.63429e-06
 Reference value :  1.63511e-06
 Reference value :  1.63590e-06
 Reference value :  1.63668e-06
 Reference value :  1.63743e-06
 Reference value :  1.63819e-06
 Reference value :  1.63898e-06
 Reference value :  1.63974e-06
 Reference value :  1.64049e-06
 Reference value :  1.64131e-06
 Reference value :  1.64211e-06
 Reference value :  1.64291e-06
 Reference value :  1.64370e-06
 Reference value :  1.64447e-06
 Reference value :  1.64525e-06
 Reference value :  1.64601e-06
 Reference value :  1.64679e-06
 Reference value :  1.64757e-06
 Reference value :  1.64839e-06
 Reference value :  1.64926e-06
 Reference value :  1.65005e-06
 Reference value :  1.65084e-06
 Reference value :  1.65166e-06
 Reference value :  1.65241e-06
 Reference value :  1.65318e-06
 Reference value :  1.65393e-06
 Reference value :  1.65470e-06
 Reference value :  1.65547e-06
 Reference value :  1.65625e-06
 Reference value :  1.65703e-06
 Reference value :  1.65780e-06
 Reference value :  1.65856e-06
 Reference value :  1.65932e-06
 Reference value :  1.66007e-06
 Reference value :  1.66087e-06
 Reference value :  1.66164e-06
 Reference value :  1.66242e-06
 Reference value :  1.66318e-06
 Reference value :  1.66396e-06
 Reference value :  1.66475e-06
 Reference value :  1.66553e-06
 Reference value :  1.66634e-06
 Reference value :  1.66711e-06
 Reference value :  1.66790e-06
 Reference value :  1.66868e-06
 Reference value :  1.66945e-06
 Reference value :  1.67022e-06
 Reference value :  1.67102e-06
 Reference value :  1.67182e-06
 Reference value :  1.67262e-06
 Reference value :  1.67337e-06
 Reference value :  1.67422e-06
 Reference value :  1.67497e-06
 Reference value :  1.67575e-06
 Reference value :  1.67653e-06
 Reference value :  1.67731e-06
 Reference value :  1.67810e-06
 Reference value :  1.67888e-06
 Reference value :  1.67966e-06
 Reference value :  1.68043e-06
 Reference value :  1.68126e-06
 Reference value :  1.68206e-06
 Reference value :  1.68281e-06
 Reference value :  1.68359e-06
 Reference value :  1.68439e-06
 Reference value :  1.68520e-06
 Reference value :  1.68595e-06
 Reference value :  1.68673e-06
 Reference value :  1.68748e-06
 Reference value :  1.68823e-06
 Reference value :  1.68900e-06
 Reference value :  1.68976e-06
 Reference value :  1.69054e-06
 Reference value :  1.69131e-06
 Reference value :  1.69207e-06
 Reference value :  1.69283e-06
 Reference value :  1.69361e-06
 Reference value :  1.69438e-06
 Reference value :  1.69518e-06
 Reference value :  1.69608e-06
 Reference value :  1.69684e-06
 Reference value :  1.69765e-06
 Reference value :  1.69842e-06
 Reference value :  1.69919e-06
 Reference value :  1.69995e-06
 Reference value :  1.70071e-06
 Reference value :  1.70148e-06
 Reference value :  1.70224e-06
 Reference value :  1.70301e-06
 Reference value :  1.70379e-06
 Reference value :  1.70456e-06
 Reference value :  1.70533e-06
 Reference value :  1.70609e-06
 Reference value :  1.70685e-06
 Reference value :  1.70765e-06
 Reference value :  1.70840e-06
 Reference value :  1.70919e-06
 Reference value :  1.70994e-06
 Reference value :  1.71070e-06
 Reference value :  1.71147e-06
 Reference value :  1.71226e-06
 Reference value :  1.71303e-06
 Reference value :  1.71379e-06
 Reference value :  1.71455e-06
 Reference value :  1.71538e-06
 Reference value :  1.71615e-06
 Reference value :  1.71688e-06
 Reference value :  1.71768e-06
 Reference value :  1.71845e-06
 Reference value :  1.71921e-06
 Reference value :  1.71997e-06
 Reference value :  1.72074e-06
 Reference value :  1.72156e-06
 Reference value :  1.72242e-06
 Reference value :  1.72317e-06
 Reference value :  1.72395e-06
 Reference value :  1.72476e-06
 Reference value :  1.72552e-06
 Reference value :  1.72631e-06
 Reference value :  1.72711e-06
 Reference value :  1.72792e-06
 Reference value :  1.72870e-06
 Reference value :  1.72951e-06
 Reference value :  1.73029e-06
 Reference value :  1.73104e-06
 Reference value :  1.73190e-06
 Reference value :  1.73269e-06
 Reference value :  1.73349e-06
 Reference value :  1.73427e-06
 Reference value :  1.73510e-06
 Reference value :  1.73588e-06
 Reference value :  1.73665e-06
 Reference value :  1.73741e-06
 Reference value :  1.73819e-06
 Reference value :  1.73899e-06
 Reference value :  1.73981e-06
 Reference value :  1.74062e-06
 Reference value :  1.74140e-06
 Reference value :  1.74215e-06
 Reference value :  1.74293e-06
 Reference value :  1.74368e-06
 Reference value :  1.74444e-06
 Reference value :  1.74521e-06
 Reference value :  1.74602e-06
 Reference value :  1.74679e-06
 Reference value :  1.74755e-06
 Reference value :  1.74839e-06
 Reference value :  1.74914e-06
 Reference value :  1.74990e-06
 Reference value :  1.75069e-06
 Reference value :  1.75147e-06
 Reference value :  1.75224e-06
 Reference value :  1.75305e-06
 Reference value :  1.75380e-06
 Reference value :  1.75458e-06
 Reference value :  1.75539e-06
 Reference value :  1.75616e-06
 Reference value :  1.75692e-06
 Reference value :  1.75770e-06
 Reference value :  1.75844e-06
 Reference value :  1.75924e-06
 Reference value :  1.76004e-06
 Reference value :  1.76079e-06
 Reference value :  1.76155e-06
 Reference value :  1.76234e-06
 Reference value :  1.76311e-06
 Reference value :  1.76390e-06
 Reference value :  1.76471e-06
 Reference value :  1.76547e-06
 Reference value :  1.76628e-06
 Reference value :  1.76702e-06
 Reference value :  1.76779e-06
 Reference value :  1.76857e-06
 Reference value :  1.76934e-06
 Reference value :  1.77017e-06
 Reference value :  1.77097e-06
 Reference value :  1.77172e-06
 Reference value :  1.77250e-06
 Reference value :  1.77329e-06
 Reference value :  1.77405e-06
 Reference value :  1.77484e-06
 Reference value :  1.77564e-06
 Reference value :  1.77641e-06
 Reference value :  1.77721e-06
 Reference value :  1.77796e-06
 Reference value :  1.77878e-06
 Reference value :  1.77963e-06
 Reference value :  1.78039e-06
 Reference value :  1.78116e-06
 Reference value :  1.78199e-06
 Reference value :  1.78277e-06
 Reference value :  1.78354e-06
 Reference value :  1.78435e-06
 Reference value :  1.78511e-06
 Reference value :  1.78588e-06
 Reference value :  1.78665e-06
 Reference value :  1.78742e-06
 Reference value :  1.78825e-06
 Reference value :  1.78900e-06
 Reference value :  1.78976e-06
 Reference value :  1.79057e-06
 Reference value :  1.79147e-06
 Reference value :  1.79231e-06
 Reference value :  1.79316e-06
 Reference value :  1.79400e-06
 Reference value :  1.79492e-06
 Reference value :  1.79569e-06
 Reference value :  1.79659e-06
 Reference value :  1.79752e-06
 Reference value :  1.79833e-06
 Reference value :  1.79924e-06
 Reference value :  1.80004e-06
 Reference value :  1.80085e-06
 Reference value :  1.80172e-06
 Reference value :  1.80251e-06
 Reference value :  1.80329e-06
 Reference value :  1.80406e-06
 Reference value :  1.80490e-06
 Reference value :  1.80580e-06
 Reference value :  1.80667e-06
 Reference value :  1.80756e-06
 Reference value :  1.80844e-06
 Reference value :  1.80930e-06
 Reference value :  1.81018e-06
 Reference value :  1.81104e-06
 Reference value :  1.81181e-06
 Reference value :  1.81257e-06
 Reference value :  1.81338e-06
 Reference value :  1.81421e-06
 Reference value :  1.81510e-06
 Reference value :  1.81599e-06
 Reference value :  1.81690e-06
 Reference value :  1.81771e-06
 Reference value :  1.81851e-06
 Reference value :  1.81931e-06
 Reference value :  1.82007e-06
 Reference value :  1.82098e-06
 Reference value :  1.82186e-06
 Reference value :  1.82273e-06
 Reference value :  1.82365e-06
 Reference value :  1.82446e-06
 Reference value :  1.82532e-06
 Reference value :  1.82613e-06
 Reference value :  1.82689e-06
 Reference value :  1.82767e-06
 Reference value :  1.82845e-06
 Reference value :  1.82921e-06
 Reference value :  1.82999e-06
 Reference value :  1.83075e-06
 Reference value :  1.83150e-06
 Reference value :  1.83228e-06
 Reference value :  1.83307e-06
 Reference value :  1.83383e-06
 Reference value :  1.83463e-06
 Reference value :  1.83546e-06
 Reference value :  1.83624e-06
 Reference value :  1.83700e-06
 Reference value :  1.83778e-06
 Reference value :  1.83853e-06
 Reference value :  1.83929e-06
 Reference value :  1.84007e-06
 Reference value :  1.84083e-06
 Reference value :  1.84158e-06
 Reference value :  1.84236e-06
 Reference value :  1.84313e-06
 Reference value :  1.84390e-06
 Reference value :  1.84467e-06
 Reference value :  1.84551e-06
 Reference value :  1.84632e-06
 Reference value :  1.84710e-06
 Reference value :  1.84787e-06
 Reference value :  1.84867e-06
 Reference value :  1.84947e-06
 Reference value :  1.85023e-06
 Reference value :  1.85102e-06
 Reference value :  1.85177e-06
 Reference value :  1.85253e-06
 Reference value :  1.85330e-06
 Reference value :  1.85406e-06
 Reference value :  1.85483e-06
 Reference value :  1.85562e-06
 Reference value :  1.85639e-06
 Reference value :  1.85716e-06
 Reference value :  1.85795e-06
 Reference value :  1.85877e-06
 Reference value :  1.85956e-06
 Reference value :  1.86042e-06
 Reference value :  1.86116e-06
 Reference value :  1.86201e-06
 Reference value :  1.86282e-06
 Reference value :  1.86357e-06
 Reference value :  1.86437e-06
 Reference value :  1.86518e-06
 Reference value :  1.86601e-06
 Reference value :  1.86685e-06
 Reference value :  1.86775e-06
 Reference value :  1.86852e-06
 Reference value :  1.86931e-06
 Reference value :  1.87008e-06
 Reference value :  1.87083e-06
 Reference value :  1.87163e-06
 Reference value :  1.87237e-06
 Reference value :  1.87317e-06
 Reference value :  1.87396e-06
 Reference value :  1.87471e-06
 Reference value :  1.87548e-06
 Reference value :  1.87635e-06
 Reference value :  1.87711e-06
 Reference value :  1.87790e-06
 Reference value :  1.87869e-06
 Reference value :  1.87951e-06
 Reference value :  1.88032e-06
 Reference value :  1.88110e-06
 Reference value :  1.88186e-06
 Reference value :  1.88264e-06
 Reference value :  1.88342e-06
 Reference value :  1.88418e-06
 Reference value :  1.88500e-06
 Reference value :  1.88575e-06
 Reference value :  1.88652e-06
 Reference value :  1.88728e-06
 Reference value :  1.88807e-06
 Reference value :  1.88886e-06
 Reference value :  1.88968e-06
 Reference value :  1.89051e-06
 Reference value :  1.89130e-06
 Reference value :  1.89210e-06
 Reference value :  1.89294e-06
 Reference value :  1.89371e-06
 Reference value :  1.89449e-06
 Reference value :  1.89535e-06
 Reference value :  1.89625e-06
 Reference value :  1.89704e-06
 Reference value :  1.89788e-06
 Reference value :  1.89872e-06
 Reference value :  1.89962e-06
 Reference value :  1.90048e-06
 Reference value :  1.90136e-06
 Reference value :  1.90218e-06
 Reference value :  1.90302e-06
 Reference value :  1.90389e-06
 Reference value :  1.90480e-06
 Reference value :  1.90566e-06
 Reference value :  1.90660e-06
 Reference value :  1.90749e-06
 Reference value :  1.90838e-06
 Reference value :  1.90921e-06
 Reference value :  1.91016e-06
 Reference value :  1.91105e-06
 Reference value :  1.91189e-06
 Reference value :  1.91270e-06
 Reference value :  1.91362e-06
 Reference value :  1.91447e-06
 Reference value :  1.91523e-06
 Reference value :  1.91615e-06
 Reference value :  1.91699e-06
 Reference value :  1.91780e-06
 Reference value :  1.91860e-06
 Reference value :  1.91944e-06
 Reference value :  1.92028e-06
 Reference value :  1.92103e-06
 Reference value :  1.92191e-06
 Reference value :  1.92273e-06
 Reference value :  1.92349e-06
 Reference value :  1.92429e-06
 Reference value :  1.92505e-06
 Reference value :  1.92584e-06
 Reference value :  1.92666e-06
 Reference value :  1.92743e-06
 Reference value :  1.92821e-06
 Reference value :  1.92906e-06
 Reference value :  1.92998e-06
 Reference value :  1.93084e-06
 Reference value :  1.93162e-06
 Reference value :  1.93236e-06
 Reference value :  1.93312e-06
 Reference value :  1.93392e-06
 Reference value :  1.93473e-06
 Reference value :  1.93551e-06
 Reference value :  1.93633e-06
 Reference value :  1.93709e-06
 Reference value :  1.93814e-06
 Reference value :  1.93897e-06
 Reference value :  1.93987e-06
 Reference value :  1.94067e-06
 Reference value :  1.94145e-06
 Reference value :  1.94225e-06
 Reference value :  1.94303e-06
 Reference value :  1.94379e-06
 Reference value :  1.94457e-06
 Reference value :  1.94538e-06
 Reference value :  1.94615e-06
 Reference value :  1.94694e-06
 Reference value :  1.94771e-06
 Reference value :  1.94849e-06
 Reference value :  1.94929e-06
 Reference value :  1.95011e-06
 Reference value :  1.95091e-06
 Reference value :  1.95170e-06
 Reference value :  1.95250e-06
 Reference value :  1.95329e-06
 Reference value :  1.95404e-06
 Reference value :  1.95479e-06
 Reference value :  1.95556e-06
 Reference value :  1.95637e-06
 Reference value :  1.95713e-06
 Reference value :  1.95789e-06
 Reference value :  1.95866e-06
 Reference value :  1.95943e-06
 Reference value :  1.96020e-06
 Reference value :  1.96097e-06
 Reference value :  1.96173e-06
 Reference value :  1.96248e-06
 Reference value :  1.96326e-06
 Reference value :  1.96404e-06
 Reference value :  1.96480e-06
 Reference value :  1.96557e-06
 Reference value :  1.96634e-06
 Reference value :  1.96714e-06
 Reference value :  1.96790e-06
 Reference value :  1.96867e-06
 Reference value :  1.96945e-06
 Reference value :  1.97020e-06
 Reference value :  1.97101e-06
 Reference value :  1.97177e-06
 Reference value :  1.97252e-06
 Reference value :  1.97329e-06
 Reference value :  1.97404e-06
 Reference value :  1.97480e-06
 Reference value :  1.97557e-06
 Reference value :  1.97633e-06
 Reference value :  1.97717e-06
 Reference value :  1.97793e-06
 Reference value :  1.97868e-06
 Reference value :  1.97944e-06
 Reference value :  1.98024e-06
 Reference value :  1.98105e-06
 Reference value :  1.98182e-06
 Reference value :  1.98263e-06
 Reference value :  1.98339e-06
 Reference value :  1.98417e-06
 Reference value :  1.98493e-06
 Reference value :  1.98569e-06
 Reference value :  1.98647e-06
 Reference value :  1.98725e-06
 Reference value :  1.98802e-06
 Reference value :  1.98878e-06
 Reference value :  1.98952e-06
 Reference value :  1.99032e-06
 Reference value :  1.99112e-06
 Reference value :  1.99188e-06
 Reference value :  1.99266e-06
 Reference value :  1.99343e-06
 Reference value :  1.99416e-06
 Reference value :  1.99494e-06
 Reference value :  1.99572e-06
 Reference value :  1.99646e-06
 Reference value :  1.99723e-06
 Reference value :  1.99799e-06
 Reference value :  1.99879e-06
 Reference value :  1.99957e-06
 Reference value :  2.00036e-06
 Reference value :  2.00112e-06
 Reference value :  2.00188e-06
 Reference value :  2.00271e-06
 Reference value :  2.00348e-06
 Reference value :  2.00424e-06
 Reference value :  2.00504e-06
 Reference value :  2.00581e-06
 Reference value :  2.00657e-06
 Reference value :  2.00735e-06
 Reference value :  2.00814e-06
 Reference value :  2.00892e-06
 Reference value :  2.00968e-06
 Reference value :  2.01046e-06
 Reference value :  2.01123e-06
 Reference value :  2.01198e-06
 Reference value :  2.01278e-06
 Reference value :  2.01357e-06
 Reference value :  2.01432e-06
 Reference value :  2.01508e-06
 Reference value :  2.01583e-06
 Reference value :  2.01663e-06
 Reference value :  2.01744e-06
 Reference value :  2.01828e-06
 Reference value :  2.01906e-06
 Reference value :  2.01988e-06
 Reference value :  2.02075e-06
 Reference value :  2.02153e-06
 Reference value :  2.02236e-06
 Reference value :  2.02311e-06
 Reference value :  2.02387e-06
 Reference value :  2.02466e-06
 Reference value :  2.02541e-06
 Reference value :  2.02616e-06
 Reference value :  2.02693e-06
 Reference value :  2.02771e-06
 Reference value :  2.02846e-06
 Reference value :  2.02930e-06
 Reference value :  2.03008e-06
 Reference value :  2.03084e-06
 Reference value :  2.03162e-06
 Reference value :  2.03237e-06
 Reference value :  2.03315e-06
 Reference value :  2.03390e-06
 Reference value :  2.03465e-06
 Reference value :  2.03550e-06
 Reference value :  2.03627e-06
 Reference value :  2.03706e-06
 Reference value :  2.03786e-06
 Reference value :  2.03865e-06
 Reference value :  2.03951e-06
 Reference value :  2.04025e-06
 Reference value :  2.04101e-06
 Reference value :  2.04177e-06
 Reference value :  2.04260e-06
 Reference value :  2.04336e-06
 Reference value :  2.04417e-06
 Reference value :  2.04498e-06
 Reference value :  2.04572e-06
 Reference value :  2.04649e-06
 Reference value :  2.04725e-06
 Reference value :  2.04801e-06
 Reference value :  2.04878e-06
 Reference value :  2.04954e-06
 Reference value :  2.05036e-06
 Reference value :  2.05113e-06
 Reference value :  2.05193e-06
 Reference value :  2.05272e-06
 Reference value :  2.05349e-06
 Reference value :  2.05426e-06
 Reference value :  2.05501e-06
 Reference value :  2.05578e-06
 Reference value :  2.05656e-06
 Reference value :  2.05734e-06
 Reference value :  2.05813e-06
 Reference value :  2.05890e-06
 Reference value :  2.05966e-06
 Reference value :  2.06046e-06
 Reference value :  2.06122e-06
 Reference value :  2.06199e-06
 Reference value :  2.06279e-06
 Reference value :  2.06354e-06
 Reference value :  2.06433e-06
 Reference value :  2.06519e-06
 Reference value :  2.06594e-06
 Reference value :  2.06671e-06
 Reference value :  2.06749e-06
 Reference value :  2.06826e-06
 Reference value :  2.06900e-06
 Reference value :  2.06983e-06
 Reference value :  2.07059e-06
 Reference value :  2.07135e-06
 Reference value :  2.07216e-06
 Reference value :  2.07292e-06
 Reference value :  2.07367e-06
 Reference value :  2.07458e-06
 Reference value :  2.07535e-06
 Reference value :  2.07612e-06
 Reference value :  2.07692e-06
 Reference value :  2.07768e-06
 Reference value :  2.07845e-06
 Reference value :  2.07924e-06
 Reference value :  2.08001e-06
 Reference value :  2.08077e-06
 Reference value :  2.08155e-06
 Reference value :  2.08232e-06
 Reference value :  2.08307e-06
 Reference value :  2.08392e-06
 Reference value :  2.08470e-06
 Reference value :  2.08545e-06
 Reference value :  2.08630e-06
 Reference value :  2.08706e-06
 Reference value :  2.08782e-06
 Reference value :  2.08865e-06
 Reference value :  2.08941e-06
 Reference value :  2.09017e-06
 Reference value :  2.09098e-06
 Reference value :  2.09175e-06
 Reference value :  2.09255e-06
 Reference value :  2.09339e-06
 Reference value :  2.09426e-06
 Reference value :  2.09502e-06
 Reference value :  2.09579e-06
 Reference value :  2.09662e-06
 Reference value :  2.09740e-06
 Reference value :  2.09816e-06
 Reference value :  2.09896e-06
 Reference value :  2.09973e-06
 Reference value :  2.10048e-06
 Reference value :  2.10129e-06
 Reference value :  2.10208e-06
 Reference value :  2.10283e-06
 Reference value :  2.10361e-06
 Reference value :  2.10439e-06
 Reference value :  2.10514e-06
 Reference value :  2.10591e-06
 Reference value :  2.10680e-06
 Reference value :  2.10767e-06
 Reference value :  2.10846e-06
 Reference value :  2.10923e-06
 Reference value :  2.11005e-06
 Reference value :  2.11083e-06
 Reference value :  2.11165e-06
 Reference value :  2.11243e-06
 Reference value :  2.11319e-06
 Reference value :  2.11402e-06
 Reference value :  2.11480e-06
 Reference value :  2.11554e-06
 Reference value :  2.11632e-06
 Reference value :  2.11707e-06
 Reference value :  2.11789e-06
 Reference value :  2.11865e-06
 Reference value :  2.11944e-06
 Reference value :  2.12022e-06
 Reference value :  2.12101e-06
 Reference value :  2.12181e-06
 Reference value :  2.12259e-06
 Reference value :  2.12338e-06
 Reference value :  2.12417e-06
 Reference value :  2.12491e-06
 Reference value :  2.12570e-06
 Reference value :  2.12649e-06
 Reference value :  2.12729e-06
 Reference value :  2.12807e-06
 Reference value :  2.12882e-06
 Reference value :  2.12960e-06
 Reference value :  2.13042e-06
 Reference value :  2.13126e-06
 Reference value :  2.13209e-06
 Reference value :  2.13290e-06
 Reference value :  2.13365e-06
 Reference value :  2.13447e-06
 Reference value :  2.13523e-06
 Reference value :  2.13600e-06
 Reference value :  2.13679e-06
 Reference value :  2.13754e-06
 Reference value :  2.13829e-06
 Reference value :  2.13908e-06
 Reference value :  2.13985e-06
 Reference value :  2.14061e-06
 Reference value :  2.14139e-06
 Reference value :  2.14215e-06
 Reference value :  2.14292e-06
 Reference value :  2.14373e-06
 Reference value :  2.14455e-06
 Reference value :  2.14530e-06
 Reference value :  2.14612e-06
 Reference value :  2.14687e-06
 Reference value :  2.14764e-06
 Reference value :  2.14840e-06
 Reference value :  2.14917e-06
 Reference value :  2.14994e-06
 Reference value :  2.15073e-06
 Reference value :  2.15150e-06
 Reference value :  2.15226e-06
 Reference value :  2.15311e-06
 Reference value :  2.15387e-06
 Reference value :  2.15462e-06
 Reference value :  2.15540e-06
 Reference value :  2.15617e-06
 Reference value :  2.15694e-06
 Reference value :  2.15773e-06
 Reference value :  2.15849e-06
 Reference value :  2.15924e-06
 Reference value :  2.16003e-06
 Reference value :  2.16083e-06
 Reference value :  2.16158e-06
 Reference value :  2.16237e-06
 Reference value :  2.16314e-06
 Reference value :  2.16391e-06
 Reference value :  2.16468e-06
 Reference value :  2.16544e-06
 Reference value :  2.16627e-06
 Reference value :  2.16706e-06
 Reference value :  2.16785e-06
 Reference value :  2.16862e-06
 Reference value :  2.16940e-06
 Reference value :  2.17022e-06
 Reference value :  2.17097e-06
 Reference value :  2.17179e-06
 Reference value :  2.17254e-06
 Reference value :  2.17329e-06
 Reference value :  2.17407e-06
 Reference value :  2.17484e-06
 Reference value :  2.17562e-06
 Reference value :  2.17644e-06
 Reference value :  2.17721e-06
 Reference value :  2.17803e-06
 Reference value :  2.17884e-06
 Reference value :  2.17960e-06
 Reference value :  2.18040e-06
 Reference value :  2.18115e-06
 Reference value :  2.18193e-06
 Reference value :  2.18270e-06
 Reference value :  2.18347e-06
 Reference value :  2.18424e-06
 Reference value :  2.18505e-06
 Reference value :  2.18581e-06
 Reference value :  2.18658e-06
 Reference value :  2.18735e-06
 Reference value :  2.18813e-06
 Reference value :  2.18890e-06
 Reference value :  2.18969e-06
 Reference value :  2.19049e-06
 Reference value :  2.19127e-06
 Reference value :  2.19203e-06
 Reference value :  2.19289e-06
 Reference value :  2.19367e-06
 Reference value :  2.19443e-06
 Reference value :  2.19520e-06
 Reference value :  2.19595e-06
 Reference value :  2.19671e-06
 Reference value :  2.19757e-06
 Reference value :  2.19834e-06
 Reference value :  2.19914e-06
 Reference value :  2.19993e-06
 Reference value :  2.20071e-06
 Reference value :  2.20151e-06
 Reference value :  2.20227e-06
 Reference value :  2.20307e-06
 Reference value :  2.20384e-06
 Reference value :  2.20459e-06
 Reference value :  2.20537e-06
 Reference value :  2.20619e-06
 Reference value :  2.20699e-06
 Reference value :  2.20774e-06
 Reference value :  2.20853e-06
 Reference value :  2.20938e-06
 Reference value :  2.21015e-06
 Reference value :  2.21093e-06
 Reference value :  2.21175e-06
 Reference value :  2.21251e-06
 Reference value :  2.21327e-06
 Reference value :  2.21402e-06
 Reference value :  2.21480e-06
 Reference value :  2.21557e-06
 Reference value :  2.21634e-06
 Reference value :  2.21713e-06
 Reference value :  2.21791e-06
 Reference value :  2.21870e-06
 Reference value :  2.21946e-06
 Reference value :  2.22023e-06
 Reference value :  2.22099e-06
 Reference value :  2.22180e-06
 Reference value :  2.22258e-06
 Reference value :  2.22333e-06
 Reference value :  2.22417e-06
 Reference value :  2.22492e-06
 Reference value :  2.22570e-06
 Reference value :  2.22646e-06
 Reference value :  2.22723e-06
 Reference value :  2.22804e-06
 Reference value :  2.22884e-06
 Reference value :  2.22960e-06
 Reference value :  2.23038e-06
 Reference value :  2.23115e-06
 Reference value :  2.23204e-06
 Reference value :  2.23351e-06
 Reference value :  2.23494e-06
 Reference value :  2.23628e-06
 Reference value :  2.23752e-06
 Reference value :  2.23828e-06
 Reference value :  2.23905e-06
 Reference value :  2.23986e-06
 Reference value :  2.24063e-06
 Reference value :  2.24139e-06
 Reference value :  2.24216e-06
 Reference value :  2.24298e-06
 Reference value :  2.24374e-06
 Reference value :  2.24451e-06
 Reference value :  2.24534e-06
 Reference value :  2.24613e-06
 Reference value :  2.24697e-06
 Reference value :  2.24775e-06
 Reference value :  2.24852e-06
 Reference value :  2.24927e-06
 Reference value :  2.25003e-06
 Reference value :  2.25081e-06
 Reference value :  2.25155e-06
 Reference value :  2.25231e-06
 Reference value :  2.25309e-06
 Reference value :  2.25384e-06
 Reference value :  2.25463e-06
 Reference value :  2.25541e-06
 Reference value :  2.25617e-06
 Reference value :  2.25694e-06
 Reference value :  2.25773e-06
 Reference value :  2.25848e-06
 Reference value :  2.25927e-06
 Reference value :  2.26010e-06
 Reference value :  2.26089e-06
 Reference value :  2.26171e-06
 Reference value :  2.26249e-06
 Reference value :  2.26327e-06
 Reference value :  2.26405e-06
 Reference value :  2.26480e-06
 Reference value :  2.26558e-06
 Reference value :  2.26637e-06
 Reference value :  2.26712e-06
 Reference value :  2.26791e-06
 Reference value :  2.26868e-06
 Reference value :  2.26947e-06
 Reference value :  2.27025e-06
 Reference value :  2.27101e-06
 Reference value :  2.27179e-06
 Reference value :  2.27255e-06
 Reference value :  2.27341e-06
 Reference value :  2.27421e-06
 Reference value :  2.27497e-06
 Reference value :  2.27577e-06
 Reference value :  2.27658e-06
 Reference value :  2.27741e-06
 Reference value :  2.27821e-06
 Reference value :  2.27898e-06
 Reference value :  2.27975e-06
 Reference value :  2.28050e-06
 Reference value :  2.28126e-06
 Reference value :  2.28204e-06
 Reference value :  2.28279e-06
 Reference value :  2.28355e-06
 Reference value :  2.28435e-06
 Reference value :  2.28513e-06
 Reference value :  2.28588e-06
 Reference value :  2.28666e-06
 Reference value :  2.28747e-06
 Reference value :  2.28825e-06
 Reference value :  2.28904e-06
 Reference value :  2.28986e-06
 Reference value :  2.29061e-06
 Reference value :  2.29141e-06
 Reference value :  2.29221e-06
 Reference value :  2.29297e-06
 Reference value :  2.29374e-06
 Reference value :  2.29449e-06
 Reference value :  2.29525e-06
 Reference value :  2.29602e-06
 Reference value :  2.29680e-06
 Reference value :  2.29756e-06
 Reference value :  2.29837e-06
 Reference value :  2.29915e-06
 Reference value :  2.29993e-06
 Reference value :  2.30070e-06
 Reference value :  2.30152e-06
 Reference value :  2.30229e-06
 Reference value :  2.30306e-06
 Reference value :  2.30381e-06
 Reference value :  2.30457e-06
 Reference value :  2.30537e-06
 Reference value :  2.30612e-06
 Reference value :  2.30691e-06
 Reference value :  2.30769e-06
 Reference value :  2.30848e-06
 Reference value :  2.30923e-06
 Reference value :  2.30999e-06
 Reference value :  2.31077e-06
 Reference value :  2.31152e-06
 Reference value :  2.31229e-06
 Reference value :  2.31310e-06
 Reference value :  2.31387e-06
 Reference value :  2.31473e-06
 Reference value :  2.31549e-06
 Reference value :  2.31624e-06
 Reference value :  2.31703e-06
 Reference value :  2.31779e-06
 Reference value :  2.31853e-06
 Reference value :  2.31929e-06
 Reference value :  2.32006e-06
 Reference value :  2.32081e-06
 Reference value :  2.32159e-06
 Reference value :  2.32236e-06
 Reference value :  2.32310e-06
 Reference value :  2.32387e-06
 Reference value :  2.32468e-06
 Reference value :  2.32551e-06
 Reference value :  2.32631e-06
 Reference value :  2.32714e-06
 Reference value :  2.32794e-06
 Reference value :  2.32871e-06
 Reference value :  2.32949e-06
 Reference value :  2.33027e-06
 Reference value :  2.33104e-06
 Reference value :  2.33184e-06
 Reference value :  2.33267e-06
 Reference value :  2.33359e-06
 Reference value :  2.33440e-06
 Reference value :  2.33516e-06
 Reference value :  2.33594e-06
 Reference value :  2.33679e-06
 Reference value :  2.33755e-06
 Reference value :  2.33831e-06
 Reference value :  2.33910e-06
 Reference value :  2.33988e-06
 Reference value :  2.34064e-06
 Reference value :  2.34142e-06
 Reference value :  2.34223e-06
 Reference value :  2.34303e-06
 Reference value :  2.34381e-06
 Reference value :  2.34458e-06
 Reference value :  2.34536e-06
 Reference value :  2.34616e-06
 Reference value :  2.34694e-06
 Reference value :  2.34776e-06
 Reference value :  2.34852e-06
 Reference value :  2.34928e-06
 Reference value :  2.35005e-06
 Reference value :  2.35080e-06
 Reference value :  2.35155e-06
 Reference value :  2.35234e-06
 Reference value :  2.35310e-06
 Reference value :  2.35384e-06
 Reference value :  2.35461e-06
 Reference value :  2.35542e-06
 Reference value :  2.35625e-06
 Reference value :  2.35705e-06
 Reference value :  2.35780e-06
 Reference value :  2.35860e-06
 Reference value :  2.35937e-06
 Reference value :  2.36017e-06
 Reference value :  2.36096e-06
 Reference value :  2.36183e-06
 Reference value :  2.36259e-06
 Reference value :  2.36337e-06
 Reference value :  2.36416e-06
 Reference value :  2.36493e-06
 Reference value :  2.36572e-06
 Reference value :  2.36650e-06
 Reference value :  2.36725e-06
 Reference value :  2.36803e-06
 Reference value :  2.36880e-06
 Reference value :  2.36955e-06
 Reference value :  2.37033e-06
 Reference value :  2.37112e-06
 Reference value :  2.37190e-06
 Reference value :  2.37275e-06
 Reference value :  2.37353e-06
 Reference value :  2.37433e-06
 Reference value :  2.37512e-06
 Reference value :  2.37589e-06
 Reference value :  2.37666e-06
 Reference value :  2.37745e-06
 Reference value :  2.37819e-06
 Reference value :  2.37900e-06
 Reference value :  2.37980e-06
 Reference value :  2.38055e-06
 Reference value :  2.38134e-06
 Reference value :  2.38209e-06
 Reference value :  2.38284e-06
 Reference value :  2.38364e-06
 Reference value :  2.38439e-06
 Reference value :  2.38515e-06
 Reference value :  2.38592e-06
 Reference value :  2.38666e-06
 Reference value :  2.38743e-06
 Reference value :  2.38820e-06
 Reference value :  2.38895e-06
 Reference value :  2.38978e-06
 Reference value :  2.39052e-06
 Reference value :  2.39126e-06
 Reference value :  2.39205e-06
 Reference value :  2.39283e-06
 Reference value :  2.39363e-06
 Reference value :  2.39440e-06
 Reference value :  2.39517e-06
 Reference value :  2.39594e-06
 Reference value :  2.39667e-06
 Reference value :  2.39744e-06
 Reference value :  2.39822e-06
 Reference value :  2.39903e-06
 Reference value :  2.39980e-06
 Reference value :  2.40060e-06
 Reference value :  2.40136e-06
 Reference value :  2.40213e-06
 Reference value :  2.40289e-06
 Reference value :  2.40365e-06
 Reference value :  2.40441e-06
 Reference value :  2.40516e-06
 Reference value :  2.40592e-06
 Reference value :  2.40673e-06
 Reference value :  2.40748e-06
 Reference value :  2.40827e-06
 Reference value :  2.40908e-06
 Reference value :  2.40989e-06
 Reference value :  2.41075e-06
 Reference value :  2.41154e-06
 Reference value :  2.41239e-06
 Reference value :  2.41321e-06
 Reference value :  2.41396e-06
 Reference value :  2.41473e-06
 Reference value :  2.41552e-06
 Reference value :  2.41627e-06
 Reference value :  2.41701e-06
 Reference value :  2.41778e-06
 Reference value :  2.41853e-06
 Reference value :  2.41931e-06
 Reference value :  2.42010e-06
 Reference value :  2.42094e-06
 Reference value :  2.42173e-06
 Reference value :  2.42253e-06
 Reference value :  2.42331e-06
 Reference value :  2.42414e-06
 Reference value :  2.42495e-06
 Reference value :  2.42572e-06
 Reference value :  2.42651e-06
 Reference value :  2.42729e-06
 Reference value :  2.42807e-06
 Reference value :  2.42888e-06
 Reference value :  2.42965e-06
 Reference value :  2.43044e-06
 Reference value :  2.43123e-06
 Reference value :  2.43196e-06
 Reference value :  2.43274e-06
 Reference value :  2.43351e-06
 Reference value :  2.43425e-06
 Reference value :  2.43503e-06
 Reference value :  2.43577e-06
 Reference value :  2.43657e-06
 Reference value :  2.43737e-06
 Reference value :  2.43815e-06
 Reference value :  2.43897e-06
 Reference value :  2.43972e-06
 Reference value :  2.44047e-06
 Reference value :  2.44128e-06
 Reference value :  2.44203e-06
 Reference value :  2.44278e-06
 Reference value :  2.44355e-06
 Reference value :  2.44431e-06
 Reference value :  2.44510e-06
 Reference value :  2.44596e-06
 Reference value :  2.44672e-06
 Reference value :  2.44749e-06
 Reference value :  2.44828e-06
 Reference value :  2.44904e-06
 Reference value :  2.44986e-06
 Reference value :  2.45063e-06
 Reference value :  2.45139e-06
 Reference value :  2.45217e-06
 Reference value :  2.45294e-06
 Reference value :  2.45370e-06
 Reference value :  2.45446e-06
 Reference value :  2.45529e-06
 Reference value :  2.45604e-06
 Reference value :  2.45685e-06
 Reference value :  2.45767e-06
 Reference value :  2.45843e-06
 Reference value :  2.45923e-06
 Reference value :  2.46000e-06
 Reference value :  2.46074e-06
 Reference value :  2.46153e-06
 Reference value :  2.46232e-06
 Reference value :  2.46308e-06
 Reference value :  2.46395e-06
 Reference value :  2.46474e-06
 Reference value :  2.46556e-06
 Reference value :  2.46633e-06
 Reference value :  2.46710e-06
 Reference value :  2.46787e-06
 Reference value :  2.46863e-06
 Reference value :  2.46939e-06
 Reference value :  2.47020e-06
 Reference value :  2.47094e-06
 Reference value :  2.47182e-06
 Reference value :  2.47258e-06
 Reference value :  2.47333e-06
 Reference value :  2.47416e-06
 Reference value :  2.47491e-06
 Reference value :  2.47568e-06
 Reference value :  2.47644e-06
 Reference value :  2.47719e-06
 Reference value :  2.47795e-06
 Reference value :  2.47871e-06
 Reference value :  2.47946e-06
 Reference value :  2.48026e-06
 Reference value :  2.48101e-06
 Reference value :  2.48180e-06
 Reference value :  2.48256e-06
 Reference value :  2.48336e-06
 Reference value :  2.48422e-06
 Reference value :  2.48496e-06
 Reference value :  2.48580e-06
 Reference value :  2.48657e-06
 Reference value :  2.48745e-06
 Reference value :  2.48821e-06
 Reference value :  2.48901e-06
 Reference value :  2.48981e-06
 Reference value :  2.49063e-06
 Reference value :  2.49146e-06
 Reference value :  2.49222e-06
 Reference value :  2.49302e-06
 Reference value :  2.49376e-06
 Reference value :  2.49452e-06
 Reference value :  2.49535e-06
 Reference value :  2.49613e-06
 Reference value :  2.49691e-06
 Reference value :  2.49775e-06
 Reference value :  2.49853e-06
 Reference value :  2.49938e-06
 Reference value :  2.50016e-06
 Reference value :  2.50095e-06
 Reference value :  2.50172e-06
 Reference value :  2.50248e-06
 Reference value :  2.50340e-06
 Reference value :  2.50417e-06
 Reference value :  2.50495e-06
 Reference value :  2.50573e-06
 Reference value :  2.50647e-06
 Reference value :  2.50725e-06
 Reference value :  2.50801e-06
 Reference value :  2.50875e-06
 Reference value :  2.50953e-06
 Reference value :  2.51029e-06
 Reference value :  2.51106e-06
 Reference value :  2.51180e-06
 Reference value :  2.51258e-06
 Reference value :  2.51335e-06
 Reference value :  2.51410e-06
 Reference value :  2.51487e-06
 Reference value :  2.51563e-06
 Reference value :  2.51638e-06
 Reference value :  2.51716e-06
 Reference value :  2.51799e-06
 Reference value :  2.51880e-06
 Reference value :  2.51960e-06
 Reference value :  2.52039e-06
 Reference value :  2.52120e-06
 Reference value :  2.52197e-06
 Reference value :  2.52277e-06
 Reference value :  2.52358e-06
 Reference value :  2.52433e-06
 Reference value :  2.52511e-06
 Reference value :  2.52589e-06
 Reference value :  2.52664e-06
 Reference value :  2.52739e-06
 Reference value :  2.52813e-06
 Reference value :  2.52889e-06
 Reference value :  2.52967e-06
 Reference value :  2.53046e-06
 Reference value :  2.53132e-06
 Reference value :  2.53219e-06
 Reference value :  2.53294e-06
 Reference value :  2.53375e-06
 Reference value :  2.53454e-06
 Reference value :  2.53534e-06
 Reference value :  2.53608e-06
 Reference value :  2.53683e-06
 Reference value :  2.53765e-06
 Reference value :  2.53844e-06
 Reference value :  2.53925e-06
 Reference value :  2.54012e-06
 Reference value :  2.54088e-06
 Reference value :  2.54168e-06
 Reference value :  2.54246e-06
 Reference value :  2.54326e-06
 Reference value :  2.54404e-06
 Reference value :  2.54479e-06
 Reference value :  2.54556e-06
 Reference value :  2.54640e-06
 Reference value :  2.54719e-06
 Reference value :  2.54799e-06
 Reference value :  2.54883e-06
 Reference value :  2.54966e-06
 Reference value :  2.55044e-06
 Reference value :  2.55122e-06
 Reference value :  2.55202e-06
 Reference value :  2.55281e-06
 Reference value :  2.55363e-06
 Reference value :  2.55439e-06
 Reference value :  2.55515e-06
 Reference value :  2.55591e-06
 Reference value :  2.55666e-06
 Reference value :  2.55745e-06
 Reference value :  2.55821e-06
 Reference value :  2.55898e-06
 Reference value :  2.55983e-06
 Reference value :  2.56068e-06
 Reference value :  2.56149e-06
 Reference value :  2.56226e-06
 Reference value :  2.56306e-06
 Reference value :  2.56391e-06
 Reference value :  2.56473e-06
 Reference value :  2.56549e-06
 Reference value :  2.56625e-06
 Reference value :  2.56708e-06
 Reference value :  2.56786e-06
 Reference value :  2.56866e-06
 Reference value :  2.56942e-06
 Reference value :  2.57018e-06
 Reference value :  2.57096e-06
 Reference value :  2.57178e-06
 Reference value :  2.57261e-06
 Reference value :  2.57337e-06
 Reference value :  2.57414e-06
 Reference value :  2.57492e-06
 Reference value :  2.57571e-06
 Reference value :  2.57646e-06
 Reference value :  2.57726e-06
 Reference value :  2.57804e-06
 Reference value :  2.57881e-06
 Reference value :  2.57957e-06
 Reference value :  2.58032e-06
 Reference value :  2.58114e-06
 Reference value :  2.58189e-06
 Reference value :  2.58265e-06
 Reference value :  2.58347e-06
 Reference value :  2.58427e-06
 Reference value :  2.58509e-06
 Reference value :  2.58593e-06
 Reference value :  2.58669e-06
 Reference value :  2.58744e-06
 Reference value :  2.58824e-06
 Reference value :  2.58903e-06
 Reference value :  2.58982e-06
 Reference value :  2.59059e-06
 Reference value :  2.59134e-06
 Reference value :  2.59209e-06
 Reference value :  2.59286e-06
 Reference value :  2.59364e-06
 Reference value :  2.59445e-06
 Reference value :  2.59524e-06
 Reference value :  2.59606e-06
 Reference value :  2.59687e-06
 Reference value :  2.59764e-06
 Reference value :  2.59841e-06
 Reference value :  2.59917e-06
 Reference value :  2.59994e-06
 Reference value :  2.60071e-06
 Reference value :  2.60148e-06
 Reference value :  2.60224e-06
 Reference value :  2.60301e-06
 Reference value :  2.60383e-06
 Reference value :  2.60463e-06
 Reference value :  2.60538e-06
 Reference value :  2.60616e-06
 Reference value :  2.60692e-06
 Reference value :  2.60776e-06
 Reference value :  2.60855e-06
 Reference value :  2.60931e-06
 Reference value :  2.61007e-06
 Reference value :  2.61083e-06
 Reference value :  2.61160e-06
 Reference value :  2.61236e-06
 Reference value :  2.61312e-06
 Reference value :  2.61389e-06
 Reference value :  2.61464e-06
 Reference value :  2.61541e-06
 Reference value :  2.61616e-06
 Reference value :  2.61694e-06
 Reference value :  2.61773e-06
 Reference value :  2.61849e-06
 Reference value :  2.61930e-06
 Reference value :  2.62006e-06
 Reference value :  2.62085e-06
 Reference value :  2.62164e-06
 Reference value :  2.62244e-06
 Reference value :  2.62324e-06
 Reference value :  2.62399e-06
 Reference value :  2.62480e-06
 Reference value :  2.62557e-06
 Reference value :  2.62632e-06
 Reference value :  2.62718e-06
 Reference value :  2.62793e-06
 Reference value :  2.62872e-06
 Reference value :  2.62949e-06
 Reference value :  2.63024e-06
 Reference value :  2.63101e-06
 Reference value :  2.63177e-06
 Reference value :  2.63253e-06
 Reference value :  2.63333e-06
 Reference value :  2.63406e-06
 Reference value :  2.63483e-06
 Reference value :  2.63564e-06
 Reference value :  2.63639e-06
 Reference value :  2.63714e-06
 Reference value :  2.63794e-06
 Reference value :  2.63870e-06
 Reference value :  2.63945e-06
 Reference value :  2.64021e-06
 Reference value :  2.64097e-06
 Reference value :  2.64174e-06
 Reference value :  2.64251e-06
 Reference value :  2.64326e-06
 Reference value :  2.64407e-06
 Reference value :  2.64481e-06
 Reference value :  2.64557e-06
 Reference value :  2.64634e-06
 Reference value :  2.64709e-06
 Reference value :  2.64793e-06
 Reference value :  2.64869e-06
 Reference value :  2.64947e-06
 Reference value :  2.65025e-06
 Reference value :  2.65100e-06
 Reference value :  2.65180e-06
 Reference value :  2.65255e-06
 Reference value :  2.65336e-06
 Reference value :  2.65415e-06
 Reference value :  2.65489e-06
 Reference value :  2.65568e-06
 Reference value :  2.65646e-06
 Reference value :  2.65725e-06
 Reference value :  2.65804e-06
 Reference value :  2.65882e-06
 Reference value :  2.65959e-06
 Reference value :  2.66038e-06
 Reference value :  2.66115e-06
 Reference value :  2.66190e-06
 Reference value :  2.66271e-06
 Reference value :  2.66348e-06
 Reference value :  2.66425e-06
 Reference value :  2.66504e-06
 Reference value :  2.66591e-06
 Reference value :  2.66672e-06
 Reference value :  2.66754e-06
 Reference value :  2.66830e-06
 Reference value :  2.66907e-06
 Reference value :  2.66983e-06
 Reference value :  2.67062e-06
 Reference value :  2.67139e-06
 Reference value :  2.67216e-06
 Reference value :  2.67293e-06
 Reference value :  2.67369e-06
 Reference value :  2.67447e-06
 Reference value :  2.67524e-06
 Reference value :  2.67599e-06
 Reference value :  2.67676e-06
 Reference value :  2.67752e-06
 Reference value :  2.67836e-06
 Reference value :  2.67916e-06
 Reference value :  2.67992e-06
 Reference value :  2.68071e-06
 Reference value :  2.68150e-06
 Reference value :  2.68224e-06
 Reference value :  2.68302e-06
 Reference value :  2.68381e-06
 Reference value :  2.68462e-06
 Reference value :  2.68539e-06
 Reference value :  2.68623e-06
 Reference value :  2.68706e-06
 Reference value :  2.68782e-06
 Reference value :  2.68865e-06
 Reference value :  2.68942e-06
 Reference value :  2.69020e-06
 Reference value :  2.69098e-06
 Reference value :  2.69175e-06
 Reference value :  2.69251e-06
 Reference value :  2.69333e-06
 Reference value :  2.69412e-06
 Reference value :  2.69497e-06
 Reference value :  2.69574e-06
 Reference value :  2.69654e-06
 Reference value :  2.69733e-06
 Reference value :  2.69809e-06
 Reference value :  2.69886e-06
 Reference value :  2.69961e-06
 Reference value :  2.70038e-06
 Reference value :  2.70115e-06
 Reference value :  2.70194e-06
 Reference value :  2.70273e-06
 Reference value :  2.70347e-06
 Reference value :  2.70426e-06
 Reference value :  2.70505e-06
 Reference value :  2.70584e-06
 Reference value :  2.70665e-06
 Reference value :  2.70745e-06
 Reference value :  2.70826e-06
 Reference value :  2.70902e-06
 Reference value :  2.70982e-06
 Reference value :  2.71059e-06
 Reference value :  2.71141e-06
 Reference value :  2.71218e-06
 Reference value :  2.71293e-06
 Reference value :  2.71370e-06
 Reference value :  2.71447e-06
 Reference value :  2.71521e-06
 Reference value :  2.71599e-06
 Reference value :  2.71677e-06
 Reference value :  2.71754e-06
 Reference value :  2.71828e-06
 Reference value :  2.71905e-06
 Reference value :  2.71983e-06
 Reference value :  2.72058e-06
 Reference value :  2.72136e-06
 Reference value :  2.72212e-06
 Reference value :  2.72288e-06
 Reference value :  2.72368e-06
 Reference value :  2.72442e-06
 Reference value :  2.72517e-06
 Reference value :  2.72600e-06
 Reference value :  2.72677e-06
 Reference value :  2.72753e-06
 Reference value :  2.72829e-06
 Reference value :  2.72908e-06
 Reference value :  2.72987e-06
 Reference value :  2.73062e-06
 Reference value :  2.73138e-06
 Reference value :  2.73219e-06
 Reference value :  2.73294e-06
 Reference value :  2.73371e-06
 Reference value :  2.73446e-06
 Reference value :  2.73521e-06
 Reference value :  2.73598e-06
 Reference value :  2.73681e-06
 Reference value :  2.73756e-06
 Reference value :  2.73831e-06
 Reference value :  2.73906e-06
 Reference value :  2.73984e-06
 Reference value :  2.74060e-06
 Reference value :  2.74134e-06
 Reference value :  2.74213e-06
 Reference value :  2.74293e-06
 Reference value :  2.74371e-06
 Reference value :  2.74451e-06
 Reference value :  2.74528e-06
 Reference value :  2.74611e-06
 Reference value :  2.74695e-06
 Reference value :  2.74779e-06
 Reference value :  2.74858e-06
 Reference value :  2.74935e-06
 Reference value :  2.75018e-06
 Reference value :  2.75101e-06
 Reference value :  2.75182e-06
 Reference value :  2.75264e-06
 Reference value :  2.75352e-06
 Reference value :  2.75427e-06
 Reference value :  2.75508e-06
 Reference value :  2.75591e-06
 Reference value :  2.75670e-06
 Reference value :  2.75749e-06
 Reference value :  2.75830e-06
 Reference value :  2.75907e-06
 Reference value :  2.75989e-06
 Reference value :  2.76068e-06
 Reference value :  2.76149e-06
 Reference value :  2.76228e-06
 Reference value :  2.76310e-06
 Reference value :  2.76390e-06
 Reference value :  2.76466e-06
 Reference value :  2.76541e-06
 Reference value :  2.76626e-06
 Reference value :  2.76702e-06
 Reference value :  2.76779e-06
 Reference value :  2.76858e-06
 Reference value :  2.76937e-06
 Reference value :  2.77016e-06
 Reference value :  2.77096e-06
 Reference value :  2.77174e-06
 Reference value :  2.77250e-06
 Reference value :  2.77324e-06
 Reference value :  2.77405e-06
 Reference value :  2.77486e-06
 Reference value :  2.77562e-06
 Reference value :  2.77640e-06
 Reference value :  2.77716e-06
 Reference value :  2.77793e-06
 Reference value :  2.77871e-06
 Reference value :  2.77948e-06
 Reference value :  2.78026e-06
 Reference value :  2.78107e-06
 Reference value :  2.78197e-06
 Reference value :  2.78276e-06
 Reference value :  2.78352e-06
 Reference value :  2.78431e-06
 Reference value :  2.78506e-06
 Reference value :  2.78583e-06
 Reference value :  2.78663e-06
 Reference value :  2.78739e-06
 Reference value :  2.78820e-06
 Reference value :  2.78899e-06
 Reference value :  2.78979e-06
 Reference value :  2.79060e-06
 Reference value :  2.79136e-06
 Reference value :  2.79213e-06
 Reference value :  2.79292e-06
 Reference value :  2.79367e-06
 Reference value :  2.79442e-06
 Reference value :  2.79525e-06
 Reference value :  2.79601e-06
 Reference value :  2.79679e-06
 Reference value :  2.79755e-06
 Reference value :  2.79833e-06
 Reference value :  2.79912e-06
 Reference value :  2.79989e-06
 Reference value :  2.80069e-06
 Reference value :  2.80145e-06
 Reference value :  2.80222e-06
 Reference value :  2.80305e-06
 Reference value :  2.80384e-06
 Reference value :  2.80466e-06
 Reference value :  2.80572e-06
 Reference value :  2.80654e-06
 Reference value :  2.80730e-06
 Reference value :  2.80807e-06
 Reference value :  2.80889e-06
 Reference value :  2.80969e-06
 Reference value :  2.81046e-06
 Reference value :  2.81123e-06
 Reference value :  2.81206e-06
 Reference value :  2.81291e-06
 Reference value :  2.81377e-06
 Reference value :  2.81464e-06
 Reference value :  2.81555e-06
 Reference value :  2.81646e-06
 Reference value :  2.81738e-06
 Reference value :  2.81831e-06
 Reference value :  2.81924e-06
 Reference value :  2.82009e-06
 Reference value :  2.82094e-06
 Reference value :  2.82200e-06
 Reference value :  2.82282e-06
 Reference value :  2.82365e-06
 Reference value :  2.82458e-06
 Reference value :  2.82548e-06
 Reference value :  2.82636e-06
 Reference value :  2.82730e-06
 Reference value :  2.82815e-06
 Reference value :  2.82909e-06
 Reference value :  2.82991e-06
 Reference value :  2.83068e-06
 Reference value :  2.83165e-06
 Reference value :  2.83262e-06
 Reference value :  2.83343e-06
 Reference value :  2.83423e-06
 Reference value :  2.83508e-06
 Reference value :  2.83607e-06
 Reference value :  2.83689e-06
 Reference value :  2.83780e-06
 Reference value :  2.83869e-06
 Reference value :  2.83959e-06
 Reference value :  2.84036e-06
 Reference value :  2.84121e-06
 Reference value :  2.84215e-06
 Reference value :  2.84298e-06
 Reference value :  2.84381e-06
 Reference value :  2.84493e-06
 Reference value :  2.84594e-06
 Reference value :  2.84675e-06
 Reference value :  2.84758e-06
 Reference value :  2.84855e-06
 Reference value :  2.84948e-06
 Reference value :  2.85024e-06
 Reference value :  2.85102e-06
 Reference value :  2.85189e-06
 Reference value :  2.85272e-06
 Reference value :  2.85350e-06
 Reference value :  2.85439e-06
 Reference value :  2.85522e-06
 Reference value :  2.85604e-06
 Reference value :  2.85694e-06
 Reference value :  2.85785e-06
 Reference value :  2.85879e-06
 Reference value :  2.85974e-06
 Reference value :  2.86062e-06
 Reference value :  2.86152e-06
 Reference value :  2.86239e-06
 Reference value :  2.86321e-06
 Reference value :  2.86401e-06
 Reference value :  2.86482e-06
 Reference value :  2.86579e-06
 Reference value :  2.86681e-06
 Reference value :  2.86768e-06
 Reference value :  2.86850e-06
 Reference value :  2.86937e-06
 Reference value :  2.87019e-06
 Reference value :  2.87106e-06
 Reference value :  2.87186e-06
 Reference value :  2.87263e-06
 Reference value :  2.87342e-06
 Reference value :  2.87419e-06
 Reference value :  2.87502e-06
 Reference value :  2.87582e-06
 Reference value :  2.87662e-06
 Reference value :  2.87742e-06
 Reference value :  2.87834e-06
 Reference value :  2.87917e-06
 Reference value :  2.88000e-06
 Reference value :  2.88080e-06
 Reference value :  2.88168e-06
 Reference value :  2.88253e-06
 Reference value :  2.88357e-06
 Reference value :  2.88437e-06
 Reference value :  2.88520e-06
 Reference value :  2.88604e-06
 Reference value :  2.88691e-06
 Reference value :  2.88769e-06
 Reference value :  2.88851e-06
 Reference value :  2.88933e-06
 Reference value :  2.89017e-06
 Reference value :  2.89099e-06
 Reference value :  2.89177e-06
 Reference value :  2.89258e-06
 Reference value :  2.89337e-06
 Reference value :  2.89418e-06
 Reference value :  2.89497e-06
 Reference value :  2.89580e-06
 Reference value :  2.89664e-06
 Reference value :  2.89748e-06
 Reference value :  2.89824e-06
 Reference value :  2.89905e-06
 Reference value :  2.89995e-06
No. of Data Rows : 3770009
tk                  =  4.70782e-09
tk                  =  7.56169e-09
tk                  =  1.04154e-08
tk                  =  1.32680e-08
tk                  =  1.61216e-08
tk                  =  1.89758e-08
tk                  =  2.18298e-08
tk                  =  2.46835e-08
tk                  =  2.75375e-08
tk                  =  3.03922e-08
tk                  =  3.32448e-08
tk                  =  3.60984e-08
tk                  =  3.89519e-08
tk                  =  4.18044e-08
tk                  =  4.46581e-08
tk                  =  4.75118e-08
tk                  =  5.03642e-08
tk                  =  5.32185e-08
tk                  =  5.60721e-08
tk                  =  5.89265e-08
tk                  =  6.17803e-08
tk                  =  6.46341e-08
tk                  =  6.74869e-08
tk                  =  7.03413e-08
tk                  =  7.31951e-08
tk                  =  7.60485e-08
tk                  =  7.89022e-08
tk                  =  8.17563e-08
tk                  =  8.46105e-08
tk                  =  8.74650e-08
tk                  =  9.03172e-08
tk                  =  9.31705e-08
tk                  =  9.60231e-08
tk                  =  9.88764e-08
tk                  =  1.01730e-07
tk                  =  1.04584e-07
tk                  =  1.07438e-07
tk                  =  1.10291e-07
tk                  =  1.13145e-07
tk                  =  1.15999e-07
tk                  =  1.18854e-07
tk                  =  1.21707e-07
tk                  =  1.24561e-07
tk                  =  1.27414e-07
tk                  =  1.30267e-07
tk                  =  1.33122e-07
tk                  =  1.35976e-07
tk                  =  1.38829e-07
tk                  =  1.41684e-07
tk                  =  1.44538e-07
tk                  =  1.47390e-07
tk                  =  1.50244e-07
tk                  =  1.53098e-07
tk                  =  1.55952e-07
tk                  =  1.58805e-07
tk                  =  1.61659e-07
tk                  =  1.64513e-07
tk                  =  1.67366e-07
tk                  =  1.70220e-07
tk                  =  1.73073e-07
tk                  =  1.75926e-07
tk                  =  1.78780e-07
tk                  =  1.81633e-07
tk                  =  1.84488e-07
tk                  =  1.87341e-07
tk                  =  1.90194e-07
tk                  =  1.93048e-07
tk                  =  1.95902e-07
tk                  =  1.98754e-07
tk                  =  2.01608e-07
tk                  =  2.04462e-07
tk                  =  2.07316e-07
tk                  =  2.10169e-07
tk                  =  2.13023e-07
tk                  =  2.15876e-07
tk                  =  2.18730e-07
tk                  =  2.21583e-07
tk                  =  2.24436e-07
tk                  =  2.27290e-07
tk                  =  2.30143e-07
tk                  =  2.32997e-07
tk                  =  2.35850e-07
tk                  =  2.38704e-07
tk                  =  2.41557e-07
tk                  =  2.44410e-07
tk                  =  2.47264e-07
tk                  =  2.50117e-07
tk                  =  2.52971e-07
tk                  =  2.55825e-07
tk                  =  2.58679e-07
tk                  =  2.61532e-07
tk                  =  2.64386e-07
tk                  =  2.67239e-07
tk                  =  2.70093e-07
tk                  =  2.72947e-07
tk                  =  2.75801e-07
tk                  =  2.78654e-07
tk                  =  2.81508e-07
tk                  =  2.84362e-07
tk                  =  2.87216e-07
tk                  =  2.90070e-07
tk                  =  2.92924e-07
tk                  =  2.95778e-07
tk                  =  2.98631e-07
tk                  =  3.01486e-07
tk                  =  3.04339e-07
tk                  =  3.07192e-07
tk                  =  3.10045e-07
tk                  =  3.12899e-07
tk                  =  3.15753e-07
tk                  =  3.18607e-07
tk                  =  3.21461e-07
tk                  =  3.24314e-07
tk                  =  3.27167e-07
tk                  =  3.30021e-07
tk                  =  3.32874e-07
tk                  =  3.35729e-07
tk                  =  3.38581e-07
tk                  =  3.41436e-07
tk                  =  3.44289e-07
tk                  =  3.47143e-07
tk                  =  3.49997e-07
tk                  =  3.52849e-07
tk                  =  3.55704e-07
tk                  =  3.58558e-07
tk                  =  3.61412e-07
tk                  =  3.64265e-07
tk                  =  3.67119e-07
tk                  =  3.69973e-07
tk                  =  3.72826e-07
tk                  =  3.75680e-07
tk                  =  3.78534e-07
tk                  =  3.81387e-07
tk                  =  3.84241e-07
tk                  =  3.87094e-07
tk                  =  3.89947e-07
tk                  =  3.92802e-07
tk                  =  3.95656e-07
tk                  =  3.98508e-07
tk                  =  4.01362e-07
tk                  =  4.04214e-07
tk                  =  4.07068e-07
tk                  =  4.09921e-07
tk                  =  4.12775e-07
tk                  =  4.15629e-07
tk                  =  4.18483e-07
tk                  =  4.21337e-07
tk                  =  4.24192e-07
tk                  =  4.27045e-07
tk                  =  4.29899e-07
tk                  =  4.32753e-07
tk                  =  4.35608e-07
tk                  =  4.38462e-07
tk                  =  4.41315e-07
tk                  =  4.44169e-07
tk                  =  4.47024e-07
tk                  =  4.49878e-07
tk                  =  4.52731e-07
tk                  =  4.55585e-07
tk                  =  4.58438e-07
tk                  =  4.61291e-07
tk                  =  4.64145e-07
tk                  =  4.66998e-07
tk                  =  4.69852e-07
tk                  =  4.72705e-07
tk                  =  4.75560e-07
tk                  =  4.78414e-07
tk                  =  4.81267e-07
tk                  =  4.84121e-07
tk                  =  4.86975e-07
tk                  =  4.89829e-07
tk                  =  4.92682e-07
tk                  =  4.95535e-07
tk                  =  4.98389e-07
tk                  =  5.01242e-07
tk                  =  5.04096e-07
tk                  =  5.06950e-07
tk                  =  5.09804e-07
tk                  =  5.12657e-07
tk                  =  5.15510e-07
tk                  =  5.18365e-07
tk                  =  5.21217e-07
tk                  =  5.24071e-07
tk                  =  5.26924e-07
tk                  =  5.29779e-07
tk                  =  5.32632e-07
tk                  =  5.35485e-07
tk                  =  5.38339e-07
tk                  =  5.41192e-07
tk                  =  5.44045e-07
tk                  =  5.46899e-07
tk                  =  5.49753e-07
tk                  =  5.52608e-07
tk                  =  5.55462e-07
tk                  =  5.58315e-07
tk                  =  5.61169e-07
tk                  =  5.64023e-07
tk                  =  5.66877e-07
tk                  =  5.69730e-07
tk                  =  5.72584e-07
tk                  =  5.75438e-07
tk                  =  5.78291e-07
tk                  =  5.81145e-07
tk                  =  5.83999e-07
tk                  =  5.86851e-07
tk                  =  5.89705e-07
tk                  =  5.92558e-07
tk                  =  5.95412e-07
tk                  =  5.98267e-07
tk                  =  6.01120e-07
tk                  =  6.03974e-07
tk                  =  6.06828e-07
tk                  =  6.09682e-07
tk                  =  6.12535e-07
tk                  =  6.15388e-07
tk                  =  6.18242e-07
tk                  =  6.21096e-07
tk                  =  6.23950e-07
tk                  =  6.26803e-07
tk                  =  6.29657e-07
tk                  =  6.32510e-07
tk                  =  6.35364e-07
tk                  =  6.38218e-07
tk                  =  6.41071e-07
tk                  =  6.43924e-07
tk                  =  6.46778e-07
tk                  =  6.49631e-07
tk                  =  6.52485e-07
tk                  =  6.55338e-07
tk                  =  6.58191e-07
tk                  =  6.61045e-07
tk                  =  6.63899e-07
tk                  =  6.66752e-07
tk                  =  6.69606e-07
tk                  =  6.72460e-07
tk                  =  6.75313e-07
tk                  =  6.78166e-07
tk                  =  6.81020e-07
tk                  =  6.83874e-07
tk                  =  6.86727e-07
tk                  =  6.89582e-07
tk                  =  6.92435e-07
tk                  =  6.95289e-07
tk                  =  6.98143e-07
tk                  =  7.00996e-07
tk                  =  7.03850e-07
tk                  =  7.06704e-07
tk                  =  7.09557e-07
tk                  =  7.12410e-07
tk                  =  7.15264e-07
tk                  =  7.18117e-07
tk                  =  7.20971e-07
tk                  =  7.23824e-07
tk                  =  7.26678e-07
tk                  =  7.29531e-07
tk                  =  7.32384e-07
tk                  =  7.35239e-07
tk                  =  7.38092e-07
tk                  =  7.40945e-07
tk                  =  7.43798e-07
tk                  =  7.46651e-07
tk                  =  7.49505e-07
tk                  =  7.52358e-07
tk                  =  7.55212e-07
tk                  =  7.58066e-07
tk                  =  7.60919e-07
tk                  =  7.63773e-07
tk                  =  7.66627e-07
tk                  =  7.69481e-07
tk                  =  7.72334e-07
tk                  =  7.75188e-07
tk                  =  7.78042e-07
tk                  =  7.80895e-07
tk                  =  7.83749e-07
tk                  =  7.86603e-07
tk                  =  7.89456e-07
tk                  =  7.92310e-07
tk                  =  7.95164e-07
tk                  =  7.98016e-07
tk                  =  8.00871e-07
tk                  =  8.03723e-07
tk                  =  8.06577e-07
tk                  =  8.09431e-07
tk                  =  8.12285e-07
tk                  =  8.15138e-07
tk                  =  8.17992e-07
tk                  =  8.20845e-07
tk                  =  8.23698e-07
tk                  =  8.26552e-07
tk                  =  8.29407e-07
tk                  =  8.32260e-07
tk                  =  8.35114e-07
tk                  =  8.37966e-07
tk                  =  8.40820e-07
tk                  =  8.43672e-07
tk                  =  8.46526e-07
tk                  =  8.49381e-07
tk                  =  8.52233e-07
tk                  =  8.55087e-07
tk                  =  8.57941e-07
tk                  =  8.60794e-07
tk                  =  8.63646e-07
tk                  =  8.66501e-07
tk                  =  8.69354e-07
tk                  =  8.72207e-07
tk                  =  8.75061e-07
tk                  =  8.77915e-07
tk                  =  8.80768e-07
tk                  =  8.83623e-07
tk                  =  8.86476e-07
tk                  =  8.89329e-07
tk                  =  8.92182e-07
tk                  =  8.95035e-07
tk                  =  8.97889e-07
tk                  =  9.00743e-07
tk                  =  9.03596e-07
tk                  =  9.06449e-07
tk                  =  9.09303e-07
tk                  =  9.12156e-07
tk                  =  9.15010e-07
tk                  =  9.17864e-07
tk                  =  9.20719e-07
tk                  =  9.23573e-07
tk                  =  9.26426e-07
tk                  =  9.29281e-07
tk                  =  9.32134e-07
tk                  =  9.34989e-07
tk                  =  9.37843e-07
tk                  =  9.40696e-07
tk                  =  9.43550e-07
tk                  =  9.46404e-07
tk                  =  9.49257e-07
tk                  =  9.52112e-07
tk                  =  9.54965e-07
tk                  =  9.57819e-07
tk                  =  9.60673e-07
tk                  =  9.63526e-07
tk                  =  9.66380e-07
tk                  =  9.69234e-07
tk                  =  9.72087e-07
tk                  =  9.74942e-07
tk                  =  9.77795e-07
tk                  =  9.80649e-07
tk                  =  9.83502e-07
tk                  =  9.86356e-07
tk                  =  9.89209e-07
tk                  =  9.92063e-07
tk                  =  9.94916e-07
tk                  =  9.97769e-07
tk                  =  1.00062e-06
tk                  =  1.00348e-06
tk                  =  1.00633e-06
tk                  =  1.00918e-06
tk                  =  1.01204e-06
tk                  =  1.01489e-06
tk                  =  1.01774e-06
tk                  =  1.02060e-06
tk                  =  1.02345e-06
tk                  =  1.02631e-06
tk                  =  1.02916e-06
tk                  =  1.03201e-06
tk                  =  1.03487e-06
tk                  =  1.03772e-06
tk                  =  1.04057e-06
tk                  =  1.04343e-06
tk                  =  1.04628e-06
tk                  =  1.04913e-06
tk                  =  1.05199e-06
tk                  =  1.05484e-06
tk                  =  1.05770e-06
tk                  =  1.06055e-06
tk                  =  1.06340e-06
tk                  =  1.06626e-06
tk                  =  1.06911e-06
tk                  =  1.07197e-06
tk                  =  1.07482e-06
tk                  =  1.07767e-06
tk                  =  1.08053e-06
tk                  =  1.08338e-06
tk                  =  1.08623e-06
tk                  =  1.08909e-06
tk                  =  1.09194e-06
tk                  =  1.09480e-06
tk                  =  1.09765e-06
tk                  =  1.10050e-06
tk                  =  1.10336e-06
tk                  =  1.10621e-06
tk                  =  1.10906e-06
tk                  =  1.11192e-06
tk                  =  1.11477e-06
tk                  =  1.11763e-06
tk                  =  1.12048e-06
tk                  =  1.12333e-06
tk                  =  1.12619e-06
tk                  =  1.12904e-06
tk                  =  1.13189e-06
tk                  =  1.13475e-06
tk                  =  1.13760e-06
tk                  =  1.14045e-06
tk                  =  1.14331e-06
tk                  =  1.14616e-06
tk                  =  1.14901e-06
tk                  =  1.15187e-06
tk                  =  1.15472e-06
tk                  =  1.15757e-06
tk                  =  1.16043e-06
tk                  =  1.16328e-06
tk                  =  1.16613e-06
tk                  =  1.16899e-06
tk                  =  1.17184e-06
tk                  =  1.17469e-06
tk                  =  1.17755e-06
tk                  =  1.18040e-06
tk                  =  1.18326e-06
tk                  =  1.18611e-06
tk                  =  1.18896e-06
tk                  =  1.19182e-06
tk                  =  1.19467e-06
tk                  =  1.19752e-06
tk                  =  1.20037e-06
tk                  =  1.20323e-06
tk                  =  1.20608e-06
tk                  =  1.20893e-06
tk                  =  1.21179e-06
tk                  =  1.21464e-06
tk                  =  1.21750e-06
tk                  =  1.22035e-06
tk                  =  1.22320e-06
tk                  =  1.22606e-06
tk                  =  1.22891e-06
tk                  =  1.23176e-06
tk                  =  1.23462e-06
tk                  =  1.23747e-06
tk                  =  1.24032e-06
tk                  =  1.24318e-06
tk                  =  1.24603e-06
tk                  =  1.24888e-06
tk                  =  1.25174e-06
tk                  =  1.25459e-06
tk                  =  1.25745e-06
tk                  =  1.26030e-06
tk                  =  1.26315e-06
tk                  =  1.26601e-06
tk                  =  1.26886e-06
tk                  =  1.27171e-06
tk                  =  1.27457e-06
tk                  =  1.27742e-06
tk                  =  1.28027e-06
tk                  =  1.28313e-06
tk                  =  1.28598e-06
tk                  =  1.28884e-06
tk                  =  1.29169e-06
tk                  =  1.29454e-06
tk                  =  1.29740e-06
tk                  =  1.30025e-06
tk                  =  1.30310e-06
tk                  =  1.30596e-06
tk                  =  1.30881e-06
tk                  =  1.31167e-06
tk                  =  1.31452e-06
tk                  =  1.31737e-06
tk                  =  1.32023e-06
tk                  =  1.32308e-06
tk                  =  1.32593e-06
tk                  =  1.32879e-06
tk                  =  1.33164e-06
tk                  =  1.33449e-06
tk                  =  1.33735e-06
tk                  =  1.34020e-06
tk                  =  1.34305e-06
tk                  =  1.34591e-06
tk                  =  1.34876e-06
tk                  =  1.35161e-06
tk                  =  1.35447e-06
tk                  =  1.35732e-06
tk                  =  1.36017e-06
tk                  =  1.36303e-06
tk                  =  1.36588e-06
tk                  =  1.36873e-06
tk                  =  1.37159e-06
tk                  =  1.37444e-06
tk                  =  1.37730e-06
tk                  =  1.38015e-06
tk                  =  1.38300e-06
tk                  =  1.38586e-06
tk                  =  1.38871e-06
tk                  =  1.39156e-06
tk                  =  1.39442e-06
tk                  =  1.39727e-06
tk                  =  1.40012e-06
tk                  =  1.40298e-06
tk                  =  1.40583e-06
tk                  =  1.40868e-06
tk                  =  1.41154e-06
tk                  =  1.41439e-06
tk                  =  1.41724e-06
tk                  =  1.42010e-06
tk                  =  1.42295e-06
tk                  =  1.42581e-06
tk                  =  1.42866e-06
tk                  =  1.43151e-06
tk                  =  1.43437e-06
tk                  =  1.43722e-06
tk                  =  1.44007e-06
tk                  =  1.44293e-06
tk                  =  1.44578e-06
tk                  =  1.44863e-06
tk                  =  1.45149e-06
tk                  =  1.45434e-06
tk                  =  1.45719e-06
tk                  =  1.46005e-06
tk                  =  1.46290e-06
tk                  =  1.46575e-06
tk                  =  1.46861e-06
tk                  =  1.47146e-06
tk                  =  1.47431e-06
tk                  =  1.47717e-06
tk                  =  1.48002e-06
tk                  =  1.48288e-06
tk                  =  1.48573e-06
tk                  =  1.48858e-06
tk                  =  1.49144e-06
tk                  =  1.49429e-06
tk                  =  1.49714e-06
tk                  =  1.50000e-06
tk                  =  1.50285e-06
tk                  =  1.50571e-06
tk                  =  1.50856e-06
tk                  =  1.51141e-06
tk                  =  1.51427e-06
tk                  =  1.51712e-06
tk                  =  1.51997e-06
tk                  =  1.52283e-06
tk                  =  1.52568e-06
tk                  =  1.52853e-06
tk                  =  1.53139e-06
tk                  =  1.53424e-06
tk                  =  1.53710e-06
tk                  =  1.53995e-06
tk                  =  1.54280e-06
tk                  =  1.54565e-06
tk                  =  1.54851e-06
tk                  =  1.55136e-06
tk                  =  1.55421e-06
tk                  =  1.55707e-06
tk                  =  1.55992e-06
tk                  =  1.56277e-06
tk                  =  1.56563e-06
tk                  =  1.56848e-06
tk                  =  1.57134e-06
tk                  =  1.57419e-06
tk                  =  1.57704e-06
tk                  =  1.57990e-06
tk                  =  1.58275e-06
tk                  =  1.58560e-06
tk                  =  1.58846e-06
tk                  =  1.59131e-06
tk                  =  1.59417e-06
tk                  =  1.59702e-06
tk                  =  1.59987e-06
tk                  =  1.60273e-06
tk                  =  1.60558e-06
tk                  =  1.60843e-06
tk                  =  1.61129e-06
tk                  =  1.61414e-06
tk                  =  1.61699e-06
tk                  =  1.61985e-06
tk                  =  1.62270e-06
tk                  =  1.62556e-06
tk                  =  1.62841e-06
tk                  =  1.63126e-06
tk                  =  1.63412e-06
tk                  =  1.63697e-06
tk                  =  1.63982e-06
tk                  =  1.64268e-06
tk                  =  1.64553e-06
tk                  =  1.64838e-06
tk                  =  1.65124e-06
tk                  =  1.65409e-06
tk                  =  1.65694e-06
tk                  =  1.65980e-06
tk                  =  1.66265e-06
tk                  =  1.66551e-06
tk                  =  1.66836e-06
tk                  =  1.67121e-06
tk                  =  1.67407e-06
tk                  =  1.67692e-06
tk                  =  1.67977e-06
tk                  =  1.68263e-06
tk                  =  1.68548e-06
tk                  =  1.68833e-06
tk                  =  1.69119e-06
tk                  =  1.69404e-06
tk                  =  1.69689e-06
tk                  =  1.69975e-06
tk                  =  1.70260e-06
tk                  =  1.70546e-06
tk                  =  1.70831e-06
tk                  =  1.71116e-06
tk                  =  1.71402e-06
tk                  =  1.71687e-06
tk                  =  1.71972e-06
tk                  =  1.72258e-06
tk                  =  1.72543e-06
tk                  =  1.72828e-06
tk                  =  1.73114e-06
tk                  =  1.73399e-06
tk                  =  1.73684e-06
tk                  =  1.73970e-06
tk                  =  1.74255e-06
tk                  =  1.74541e-06
tk                  =  1.74826e-06
tk                  =  1.75111e-06
tk                  =  1.75397e-06
tk                  =  1.75682e-06
tk                  =  1.75968e-06
tk                  =  1.76253e-06
tk                  =  1.76538e-06
tk                  =  1.76824e-06
tk                  =  1.77109e-06
tk                  =  1.77394e-06
tk                  =  1.77680e-06
tk                  =  1.77965e-06
tk                  =  1.78251e-06
tk                  =  1.78536e-06
tk                  =  1.78821e-06
tk                  =  1.79107e-06
tk                  =  1.79392e-06
tk                  =  1.79677e-06
tk                  =  1.79963e-06
tk                  =  1.80248e-06
tk                  =  1.80534e-06
tk                  =  1.80819e-06
tk                  =  1.81104e-06
tk                  =  1.81390e-06
tk                  =  1.81675e-06
tk                  =  1.81960e-06
tk                  =  1.82246e-06
tk                  =  1.82531e-06
tk                  =  1.82816e-06
tk                  =  1.83102e-06
tk                  =  1.83387e-06
tk                  =  1.83673e-06
tk                  =  1.83958e-06
tk                  =  1.84243e-06
tk                  =  1.84529e-06
tk                  =  1.84814e-06
tk                  =  1.85099e-06
tk                  =  1.85385e-06
tk                  =  1.85670e-06
tk                  =  1.85955e-06
tk                  =  1.86241e-06
tk                  =  1.86526e-06
tk                  =  1.86811e-06
tk                  =  1.87097e-06
tk                  =  1.87382e-06
tk                  =  1.87667e-06
tk                  =  1.87953e-06
tk                  =  1.88238e-06
tk                  =  1.88523e-06
tk                  =  1.88809e-06
tk                  =  1.89094e-06
tk                  =  1.89380e-06
tk                  =  1.89665e-06
tk                  =  1.89950e-06
tk                  =  1.90235e-06
tk                  =  1.90521e-06
tk                  =  1.90806e-06
tk                  =  1.91092e-06
tk                  =  1.91377e-06
tk                  =  1.91662e-06
tk                  =  1.91948e-06
tk                  =  1.92233e-06
tk                  =  1.92518e-06
tk                  =  1.92804e-06
tk                  =  1.93089e-06
tk                  =  1.93375e-06
tk                  =  1.93660e-06
tk                  =  1.93945e-06
tk                  =  1.94231e-06
tk                  =  1.94516e-06
tk                  =  1.94802e-06
tk                  =  1.95087e-06
tk                  =  1.95372e-06
tk                  =  1.95658e-06
tk                  =  1.95943e-06
tk                  =  1.96228e-06
tk                  =  1.96514e-06
tk                  =  1.96799e-06
tk                  =  1.97084e-06
tk                  =  1.97370e-06
tk                  =  1.97655e-06
tk                  =  1.97941e-06
tk                  =  1.98226e-06
tk                  =  1.98511e-06
tk                  =  1.98797e-06
tk                  =  1.99082e-06
tk                  =  1.99367e-06
tk                  =  1.99653e-06
tk                  =  1.99938e-06
tk                  =  2.00223e-06
tk                  =  2.00509e-06
tk                  =  2.00794e-06
tk                  =  2.01079e-06
tk                  =  2.01365e-06
tk                  =  2.01650e-06
tk                  =  2.01935e-06
tk                  =  2.02221e-06
tk                  =  2.02506e-06
tk                  =  2.02791e-06
tk                  =  2.03077e-06
tk                  =  2.03362e-06
tk                  =  2.03648e-06
tk                  =  2.03933e-06
tk                  =  2.04218e-06
tk                  =  2.04504e-06
tk                  =  2.04789e-06
tk                  =  2.05074e-06
tk                  =  2.05360e-06
tk                  =  2.05645e-06
tk                  =  2.05931e-06
tk                  =  2.06216e-06
tk                  =  2.06501e-06
tk                  =  2.06787e-06
tk                  =  2.07072e-06
tk                  =  2.07357e-06
tk                  =  2.07643e-06
tk                  =  2.07928e-06
tk                  =  2.08214e-06
tk                  =  2.08499e-06
tk                  =  2.08784e-06
tk                  =  2.09070e-06
tk                  =  2.09355e-06
tk                  =  2.09640e-06
tk                  =  2.09926e-06
tk                  =  2.10211e-06
tk                  =  2.10496e-06
tk                  =  2.10782e-06
tk                  =  2.11067e-06
tk                  =  2.11352e-06
tk                  =  2.11638e-06
tk                  =  2.11923e-06
tk                  =  2.12209e-06
tk                  =  2.12494e-06
tk                  =  2.12779e-06
tk                  =  2.13065e-06
tk                  =  2.13350e-06
tk                  =  2.13635e-06
tk                  =  2.13921e-06
tk                  =  2.14206e-06
tk                  =  2.14491e-06
tk                  =  2.14777e-06
tk                  =  2.15062e-06
tk                  =  2.15348e-06
tk                  =  2.15633e-06
tk                  =  2.15918e-06
tk                  =  2.16204e-06
tk                  =  2.16489e-06
tk                  =  2.16774e-06
tk                  =  2.17060e-06
tk                  =  2.17345e-06
tk                  =  2.17630e-06
tk                  =  2.17916e-06
tk                  =  2.18201e-06
tk                  =  2.18486e-06
tk                  =  2.18772e-06
tk                  =  2.19057e-06
tk                  =  2.19342e-06
tk                  =  2.19628e-06
qw0                 =  -1.38768e-02
qw1                 =  -4.14688e-02
qb10                =  -6.78791e-03
qb11                =  -2.02995e-02
qt0                 =  -6.42580e-03
qt1                 =  -1.92242e-02
m_period = 2.8535921875e-09
m_f_osc = 3.5043549824e+08
m_period_startup16 = 2.8535255000e-09
m_period_b00 = 2.8536745417e-09
m_period_b01 = 2.8535458333e-09
m_period_b02 = 2.8536312500e-09
m_period_b03 = 2.8537250000e-09
m_period_b04 = 2.8536333333e-09
m_period_b05 = 2.8535479167e-09
m_period_b06 = 2.8536166667e-09
m_period_b07 = 2.8536916667e-09
m_period_b08 = 2.8535208333e-09
m_period_b09 = 2.8535416667e-09
m_period_b10 = 2.8535625000e-09
m_period_b11 = 2.8535625000e-09
m_period_b12 = 2.8536250000e-09
m_period_b13 = 2.8536041667e-09
m_period_b14 = 2.8536458333e-09
m_period_b15 = 2.8535833333e-09
m_sigma_1 = 6.7561488989e-13
m_sigma_2 = 7.6398227166e-13
m_sigma_4 = 9.5930358572e-13
m_sigma_8 = 1.2546857640e-12
m_sigma_16 = 1.8810230062e-12
m_sigma_32 = 2.5591156217e-12
m_sigma_64 = 3.4473596993e-12
m_sigma_128 = 5.0848557085e-12
m_sigma_startup16_1 = 6.4553791523e-13
m_sigma_startup16_2 = 8.8672027049e-13
m_sigma_startup16_4 = 1.4355873988e-12
m_sigma_startup16_8 = 2.1237151933e-12
m_i_ring_a = 1.8885153800e-05
m_i_buf1_a = 9.2479373586e-06
m_i_tree_a = 8.7597553851e-06
m_p_active_w = 6.2321007543e-05
m_p_buf1_w = 3.0518193285e-05
m_e_per_cycle_j = 1.7783874024e-13
m_c_eff_node_f = 3.2660925661e-15
m_vsup_v = 3.3000000002e+00
Note: Simulation executed from .control section 

Warning: m=xx on .subckt line will override multiplier m hierarchy!

