
Note: Compatibility modes selected: hs a


Circuit: * ro-array-coupling-xor-static-buffered @ tt_27c_3.30v -- generated by sim/harness, do not edit

Doing analysis at TEMP = 27.000000 and TNOM = 27.000000

Using SPARSE 1.3 as Direct Linear Solver

Initial Transient Solution
--------------------------

Node                                   Voltage
----                                   -------
vsup                                       3.3
en                                         3.3
vddr1                                      3.3
vddb1                                      3.3
vdd                                        3.3
xg1.py                                 1.58325
n11                                          0
g10                                1.24708e-07
xg1.nm                            6.26383e-290
xg1.ny                            5.84734e-290
x11.py                                     3.3
n12                                        3.3
g11                                          0
x11.ny                             2.35462e-08
x12.py                                     3.3
n13                                1.24708e-07
g12                                        3.3
x12.ny                             1.06256e-07
x13.py                                     3.3
n14                                        3.3
g13                                1.24708e-07
x13.ny                             2.35463e-08
x14.py                                     3.3
ro1                                1.24708e-07
g14                                        3.3
x14.ny                             1.06256e-07
rb1                                        3.3
xa1.an                             1.84515e-08
xa1.bn                                     3.3
xa1.mid                                    3.3
t1                                         3.3
xa1.s1                                 2.76248
xa1.s2                             1.58496e-09
q1                                 -9.2686e-16
qb1                               -4.05958e-22
qt                                -2.03132e-21
x1                                       -1.65
bx1#branch                                   0
vtr#branch                         2.03132e-11
vb1#branch                         4.05958e-12
vr1#branch                          9.2686e-06
vn14#branch                                  0
vn13#branch                                  0
vn12#branch                                  0
vn11#branch                                  0
vn10#branch                       -2.11862e-28
ven#branch                                   0
vsup#branch                       -9.26862e-06

 Reference value :  0.00000e+00
 Reference value :  7.63500e-10
 Reference value :  1.52925e-09
 Reference value :  2.30550e-09
 Reference value :  3.07750e-09
 Reference value :  3.85850e-09
 Reference value :  4.62850e-09
 Reference value :  5.49450e-09
 Reference value :  6.32010e-09
 Reference value :  7.11925e-09
 Reference value :  8.03750e-09
 Reference value :  8.82350e-09
 Reference value :  9.57350e-09
 Reference value :  1.03807e-08
 Reference value :  1.11392e-08
 Reference value :  1.19755e-08
 Reference value :  1.27965e-08
 Reference value :  1.35465e-08
 Reference value :  1.43215e-08
 Reference value :  1.51035e-08
 Reference value :  1.58701e-08
 Reference value :  1.66715e-08
 Reference value :  1.74415e-08
 Reference value :  1.82292e-08
 Reference value :  1.90815e-08
 Reference value :  1.99015e-08
 Reference value :  2.06975e-08
 Reference value :  2.14903e-08
 Reference value :  2.22685e-08
 Reference value :  2.30325e-08
 Reference value :  2.38203e-08
 Reference value :  2.46007e-08
 Reference value :  2.53925e-08
 Reference value :  2.62135e-08
 Reference value :  2.70200e-08
 Reference value :  2.78045e-08
 Reference value :  2.85925e-08
 Reference value :  2.93475e-08
 Reference value :  3.01203e-08
 Reference value :  3.08692e-08
 Reference value :  3.16415e-08
 Reference value :  3.24075e-08
 Reference value :  3.31655e-08
 Reference value :  3.39665e-08
 Reference value :  3.47565e-08
 Reference value :  3.55375e-08
 Reference value :  3.63055e-08
 Reference value :  3.71025e-08
 Reference value :  3.79165e-08
 Reference value :  3.86835e-08
 Reference value :  3.95207e-08
 Reference value :  4.02901e-08
 Reference value :  4.11215e-08
 Reference value :  4.19475e-08
 Reference value :  4.27085e-08
 Reference value :  4.34875e-08
 Reference value :  4.42715e-08
 Reference value :  4.50265e-08
 Reference value :  4.58392e-08
 Reference value :  4.66203e-08
 Reference value :  4.74275e-08
 Reference value :  4.82255e-08
 Reference value :  4.89875e-08
 Reference value :  4.97425e-08
 Reference value :  5.05375e-08
 Reference value :  5.12907e-08
 Reference value :  5.20615e-08
 Reference value :  5.28903e-08
 Reference value :  5.36635e-08
 Reference value :  5.44535e-08
 Reference value :  5.52200e-08
 Reference value :  5.59925e-08
 Reference value :  5.67845e-08
 Reference value :  5.75607e-08
 Reference value :  5.83365e-08
 Reference value :  5.91085e-08
 Reference value :  5.98715e-08
 Reference value :  6.06501e-08
 Reference value :  6.14625e-08
 Reference value :  6.22401e-08
 Reference value :  6.29955e-08
 Reference value :  6.38401e-08
 Reference value :  6.45855e-08
 Reference value :  6.53803e-08
 Reference value :  6.61775e-08
 Reference value :  6.69807e-08
 Reference value :  6.77892e-08
 Reference value :  6.85865e-08
 Reference value :  6.93855e-08
 Reference value :  7.01500e-08
 Reference value :  7.09335e-08
 Reference value :  7.17335e-08
 Reference value :  7.25503e-08
 Reference value :  7.33175e-08
 Reference value :  7.41465e-08
 Reference value :  7.49715e-08
 Reference value :  7.57601e-08
 Reference value :  7.65307e-08
 Reference value :  7.72935e-08
 Reference value :  7.80685e-08
 Reference value :  7.88385e-08
 Reference value :  7.95885e-08
 Reference value :  8.03865e-08
 Reference value :  8.11725e-08
 Reference value :  8.19107e-08
 Reference value :  8.27100e-08
 Reference value :  8.34665e-08
 Reference value :  8.42365e-08
 Reference value :  8.50015e-08
 Reference value :  8.57615e-08
 Reference value :  8.65315e-08
 Reference value :  8.73207e-08
 Reference value :  8.80692e-08
 Reference value :  8.88965e-08
 Reference value :  8.96907e-08
 Reference value :  9.04725e-08
 Reference value :  9.13085e-08
 Reference value :  9.20692e-08
 Reference value :  9.28703e-08
 Reference value :  9.37025e-08
 Reference value :  9.44665e-08
 Reference value :  9.52225e-08
 Reference value :  9.60285e-08
 Reference value :  9.68335e-08
 Reference value :  9.75901e-08
 Reference value :  9.83801e-08
 Reference value :  9.91607e-08
 Reference value :  9.99703e-08
 Reference value :  1.00737e-07
 Reference value :  1.01544e-07
 Reference value :  1.02316e-07
 Reference value :  1.03082e-07
 Reference value :  1.03850e-07
 Reference value :  1.04633e-07
 Reference value :  1.05417e-07
 Reference value :  1.06181e-07
 Reference value :  1.06990e-07
 Reference value :  1.07789e-07
 Reference value :  1.08601e-07
 Reference value :  1.09400e-07
 Reference value :  1.10150e-07
 Reference value :  1.10968e-07
 Reference value :  1.11740e-07
 Reference value :  1.12525e-07
 Reference value :  1.13301e-07
 Reference value :  1.14061e-07
 Reference value :  1.14815e-07
 Reference value :  1.15619e-07
 Reference value :  1.16414e-07
 Reference value :  1.17163e-07
 Reference value :  1.17945e-07
 Reference value :  1.18707e-07
 Reference value :  1.19470e-07
 Reference value :  1.20231e-07
 Reference value :  1.21023e-07
 Reference value :  1.21778e-07
 Reference value :  1.22591e-07
 Reference value :  1.23430e-07
 Reference value :  1.24197e-07
 Reference value :  1.25108e-07
 Reference value :  1.25911e-07
 Reference value :  1.26693e-07
 Reference value :  1.27490e-07
 Reference value :  1.28300e-07
 Reference value :  1.29282e-07
 Reference value :  1.30283e-07
 Reference value :  1.31095e-07
 Reference value :  1.31862e-07
 Reference value :  1.32666e-07
 Reference value :  1.33427e-07
 Reference value :  1.34194e-07
 Reference value :  1.34990e-07
 Reference value :  1.35771e-07
 Reference value :  1.36610e-07
 Reference value :  1.37423e-07
 Reference value :  1.38204e-07
 Reference value :  1.39092e-07
 Reference value :  1.39861e-07
 Reference value :  1.40701e-07
 Reference value :  1.41460e-07
 Reference value :  1.42239e-07
 Reference value :  1.43019e-07
 Reference value :  1.43781e-07
 Reference value :  1.44561e-07
 Reference value :  1.45310e-07
 Reference value :  1.46080e-07
 Reference value :  1.46909e-07
 Reference value :  1.47684e-07
 Reference value :  1.48471e-07
 Reference value :  1.49226e-07
 Reference value :  1.49978e-07
 Reference value :  1.50752e-07
 Reference value :  1.51555e-07
 Reference value :  1.52344e-07
 Reference value :  1.53113e-07
 Reference value :  1.53898e-07
 Reference value :  1.54671e-07
 Reference value :  1.55451e-07
 Reference value :  1.56220e-07
 Reference value :  1.57061e-07
 Reference value :  1.57832e-07
 Reference value :  1.58651e-07
 Reference value :  1.59503e-07
 Reference value :  1.60367e-07
 Reference value :  1.61142e-07
 Reference value :  1.61900e-07
 Reference value :  1.62684e-07
 Reference value :  1.63470e-07
 Reference value :  1.64312e-07
 Reference value :  1.65076e-07
 Reference value :  1.65850e-07
 Reference value :  1.66606e-07
 Reference value :  1.67411e-07
 Reference value :  1.68170e-07
 Reference value :  1.68975e-07
 Reference value :  1.69743e-07
 Reference value :  1.70511e-07
 Reference value :  1.71294e-07
 Reference value :  1.72090e-07
 Reference value :  1.72850e-07
 Reference value :  1.73622e-07
 Reference value :  1.74391e-07
 Reference value :  1.75148e-07
 Reference value :  1.75931e-07
 Reference value :  1.76752e-07
 Reference value :  1.77541e-07
 Reference value :  1.78331e-07
 Reference value :  1.79110e-07
 Reference value :  1.80091e-07
 Reference value :  1.81500e-07
 Reference value :  1.82897e-07
 Reference value :  1.84350e-07
 Reference value :  1.85770e-07
 Reference value :  1.86711e-07
 Reference value :  1.87521e-07
 Reference value :  1.88320e-07
 Reference value :  1.89114e-07
 Reference value :  1.89894e-07
 Reference value :  1.90709e-07
 Reference value :  1.91487e-07
 Reference value :  1.92280e-07
 Reference value :  1.93037e-07
 Reference value :  1.93797e-07
 Reference value :  1.94549e-07
 Reference value :  1.95341e-07
 Reference value :  1.96119e-07
 Reference value :  1.96918e-07
 Reference value :  1.97695e-07
 Reference value :  1.98508e-07
 Reference value :  1.99267e-07
 Reference value :  2.00033e-07
 Reference value :  2.00780e-07
 Reference value :  2.01591e-07
 Reference value :  2.02389e-07
 Reference value :  2.03154e-07
 Reference value :  2.03937e-07
 Reference value :  2.04708e-07
 Reference value :  2.05470e-07
 Reference value :  2.06260e-07
 Reference value :  2.07069e-07
 Reference value :  2.07860e-07
 Reference value :  2.08695e-07
 Reference value :  2.09512e-07
 Reference value :  2.10276e-07
 Reference value :  2.11065e-07
 Reference value :  2.11894e-07
 Reference value :  2.12678e-07
 Reference value :  2.13430e-07
 Reference value :  2.14204e-07
 Reference value :  2.14986e-07
 Reference value :  2.15735e-07
 Reference value :  2.16508e-07
 Reference value :  2.17325e-07
 Reference value :  2.18080e-07
 Reference value :  2.18866e-07
 Reference value :  2.19640e-07
 Reference value :  2.20490e-07
 Reference value :  2.21303e-07
 Reference value :  2.22100e-07
 Reference value :  2.22873e-07
 Reference value :  2.23640e-07
 Reference value :  2.24410e-07
 Reference value :  2.25206e-07
 Reference value :  2.26091e-07
 Reference value :  2.26925e-07
 Reference value :  2.27690e-07
 Reference value :  2.28446e-07
 Reference value :  2.29213e-07
 Reference value :  2.29962e-07
 Reference value :  2.30750e-07
 Reference value :  2.31517e-07
 Reference value :  2.32270e-07
 Reference value :  2.33100e-07
 Reference value :  2.33882e-07
 Reference value :  2.34663e-07
 Reference value :  2.35473e-07
 Reference value :  2.36257e-07
 Reference value :  2.37020e-07
 Reference value :  2.37810e-07
 Reference value :  2.38560e-07
 Reference value :  2.39313e-07
 Reference value :  2.40118e-07
 Reference value :  2.40899e-07
 Reference value :  2.41670e-07
 Reference value :  2.42448e-07
 Reference value :  2.43211e-07
 Reference value :  2.44011e-07
 Reference value :  2.44777e-07
 Reference value :  2.45579e-07
 Reference value :  2.46375e-07
 Reference value :  2.47161e-07
 Reference value :  2.47915e-07
 Reference value :  2.48666e-07
 Reference value :  2.49426e-07
 Reference value :  2.50216e-07
 Reference value :  2.50980e-07
 Reference value :  2.51781e-07
 Reference value :  2.52593e-07
 Reference value :  2.53364e-07
 Reference value :  2.54168e-07
 Reference value :  2.54947e-07
 Reference value :  2.55741e-07
 Reference value :  2.56502e-07
 Reference value :  2.57297e-07
 Reference value :  2.58068e-07
 Reference value :  2.58820e-07
 Reference value :  2.59587e-07
 Reference value :  2.60361e-07
 Reference value :  2.61143e-07
 Reference value :  2.61904e-07
 Reference value :  2.62686e-07
 Reference value :  2.63450e-07
 Reference value :  2.64231e-07
 Reference value :  2.64985e-07
 Reference value :  2.65767e-07
 Reference value :  2.66541e-07
 Reference value :  2.67320e-07
 Reference value :  2.68188e-07
 Reference value :  2.68938e-07
 Reference value :  2.69710e-07
 Reference value :  2.70473e-07
 Reference value :  2.71238e-07
 Reference value :  2.71990e-07
 Reference value :  2.72741e-07
 Reference value :  2.73494e-07
 Reference value :  2.74257e-07
 Reference value :  2.75021e-07
 Reference value :  2.75785e-07
 Reference value :  2.76573e-07
 Reference value :  2.77332e-07
 Reference value :  2.78100e-07
 Reference value :  2.78870e-07
 Reference value :  2.79620e-07
 Reference value :  2.80460e-07
 Reference value :  2.81247e-07
 Reference value :  2.82039e-07
 Reference value :  2.82833e-07
 Reference value :  2.83631e-07
 Reference value :  2.84382e-07
 Reference value :  2.85199e-07
 Reference value :  2.86001e-07
 Reference value :  2.86783e-07
 Reference value :  2.87601e-07
 Reference value :  2.88416e-07
 Reference value :  2.89177e-07
 Reference value :  2.89951e-07
 Reference value :  2.90740e-07
 Reference value :  2.91484e-07
 Reference value :  2.92258e-07
 Reference value :  2.93054e-07
 Reference value :  2.93800e-07
 Reference value :  2.94679e-07
 Reference value :  2.95435e-07
 Reference value :  2.96241e-07
 Reference value :  2.97039e-07
 Reference value :  2.97815e-07
 Reference value :  2.98598e-07
 Reference value :  2.99410e-07
 Reference value :  3.00176e-07
 Reference value :  3.00954e-07
 Reference value :  3.01757e-07
 Reference value :  3.02541e-07
 Reference value :  3.03351e-07
 Reference value :  3.04147e-07
 Reference value :  3.04971e-07
 Reference value :  3.05730e-07
 Reference value :  3.06487e-07
 Reference value :  3.07256e-07
 Reference value :  3.08022e-07
 Reference value :  3.08824e-07
 Reference value :  3.09688e-07
 Reference value :  3.10437e-07
 Reference value :  3.11220e-07
 Reference value :  3.12029e-07
 Reference value :  3.12800e-07
 Reference value :  3.13629e-07
 Reference value :  3.14387e-07
 Reference value :  3.15210e-07
 Reference value :  3.16001e-07
 Reference value :  3.16769e-07
 Reference value :  3.17551e-07
 Reference value :  3.18343e-07
 Reference value :  3.19098e-07
 Reference value :  3.19900e-07
 Reference value :  3.20674e-07
 Reference value :  3.21451e-07
 Reference value :  3.22261e-07
 Reference value :  3.23040e-07
 Reference value :  3.23810e-07
 Reference value :  3.24673e-07
 Reference value :  3.25553e-07
 Reference value :  3.26331e-07
 Reference value :  3.27102e-07
 Reference value :  3.27856e-07
 Reference value :  3.28655e-07
 Reference value :  3.29432e-07
 Reference value :  3.30223e-07
 Reference value :  3.31008e-07
 Reference value :  3.31787e-07
 Reference value :  3.32531e-07
 Reference value :  3.33291e-07
 Reference value :  3.34153e-07
 Reference value :  3.34917e-07
 Reference value :  3.35692e-07
 Reference value :  3.36472e-07
 Reference value :  3.37228e-07
 Reference value :  3.38046e-07
 Reference value :  3.38861e-07
 Reference value :  3.39641e-07
 Reference value :  3.40445e-07
 Reference value :  3.41236e-07
 Reference value :  3.41985e-07
 Reference value :  3.42763e-07
 Reference value :  3.43530e-07
 Reference value :  3.44314e-07
 Reference value :  3.45139e-07
 Reference value :  3.45925e-07
 Reference value :  3.46690e-07
 Reference value :  3.47461e-07
 Reference value :  3.48211e-07
 Reference value :  3.48994e-07
 Reference value :  3.49751e-07
 Reference value :  3.50541e-07
 Reference value :  3.51341e-07
 Reference value :  3.52176e-07
 Reference value :  3.52970e-07
 Reference value :  3.53732e-07
 Reference value :  3.54491e-07
 Reference value :  3.55302e-07
 Reference value :  3.56096e-07
 Reference value :  3.56959e-07
 Reference value :  3.57750e-07
 Reference value :  3.58495e-07
 Reference value :  3.59291e-07
 Reference value :  3.60087e-07
 Reference value :  3.60942e-07
 Reference value :  3.61754e-07
 Reference value :  3.62521e-07
 Reference value :  3.63326e-07
 Reference value :  3.64079e-07
 Reference value :  3.64830e-07
 Reference value :  3.65601e-07
 Reference value :  3.66356e-07
 Reference value :  3.67142e-07
 Reference value :  3.67919e-07
 Reference value :  3.68674e-07
 Reference value :  3.69481e-07
 Reference value :  3.70333e-07
 Reference value :  3.71170e-07
 Reference value :  3.72020e-07
 Reference value :  3.72841e-07
 Reference value :  3.73607e-07
 Reference value :  3.74378e-07
 Reference value :  3.75160e-07
 Reference value :  3.75944e-07
 Reference value :  3.76740e-07
 Reference value :  3.77552e-07
 Reference value :  3.78318e-07
 Reference value :  3.79127e-07
 Reference value :  3.79948e-07
 Reference value :  3.80726e-07
 Reference value :  3.81503e-07
 Reference value :  3.82301e-07
 Reference value :  3.83080e-07
 Reference value :  3.83860e-07
 Reference value :  3.84674e-07
 Reference value :  3.85469e-07
 Reference value :  3.86263e-07
 Reference value :  3.87061e-07
 Reference value :  3.87927e-07
 Reference value :  3.88681e-07
 Reference value :  3.89438e-07
 Reference value :  3.90273e-07
 Reference value :  3.91104e-07
 Reference value :  3.91910e-07
 Reference value :  3.92764e-07
 Reference value :  3.93525e-07
 Reference value :  3.94310e-07
 Reference value :  3.95098e-07
 Reference value :  3.95861e-07
 Reference value :  3.96660e-07
 Reference value :  3.97475e-07
 Reference value :  3.98236e-07
 Reference value :  3.99001e-07
 Reference value :  3.99800e-07
 Reference value :  4.00620e-07
 Reference value :  4.01396e-07
 Reference value :  4.02158e-07
 Reference value :  4.02935e-07
 Reference value :  4.03716e-07
 Reference value :  4.04476e-07
 Reference value :  4.05337e-07
 Reference value :  4.06125e-07
 Reference value :  4.06923e-07
 Reference value :  4.07716e-07
 Reference value :  4.08539e-07
 Reference value :  4.09326e-07
 Reference value :  4.10087e-07
 Reference value :  4.10851e-07
 Reference value :  4.11640e-07
 Reference value :  4.12414e-07
 Reference value :  4.13218e-07
 Reference value :  4.13989e-07
 Reference value :  4.14733e-07
 Reference value :  4.15501e-07
 Reference value :  4.16288e-07
 Reference value :  4.17031e-07
 Reference value :  4.17792e-07
 Reference value :  4.18611e-07
 Reference value :  4.19382e-07
 Reference value :  4.20133e-07
 Reference value :  4.20900e-07
 Reference value :  4.21707e-07
 Reference value :  4.22456e-07
 Reference value :  4.23243e-07
 Reference value :  4.24016e-07
 Reference value :  4.24760e-07
 Reference value :  4.25560e-07
 Reference value :  4.26310e-07
 Reference value :  4.27077e-07
 Reference value :  4.27860e-07
 Reference value :  4.28621e-07
 Reference value :  4.29417e-07
 Reference value :  4.30189e-07
 Reference value :  4.30964e-07
 Reference value :  4.31757e-07
 Reference value :  4.32531e-07
 Reference value :  4.33274e-07
 Reference value :  4.34078e-07
 Reference value :  4.34824e-07
 Reference value :  4.35593e-07
 Reference value :  4.36387e-07
 Reference value :  4.37140e-07
 Reference value :  4.37924e-07
 Reference value :  4.38679e-07
 Reference value :  4.39420e-07
 Reference value :  4.40184e-07
 Reference value :  4.41003e-07
 Reference value :  4.41824e-07
 Reference value :  4.42610e-07
 Reference value :  4.43382e-07
 Reference value :  4.44181e-07
 Reference value :  4.45001e-07
 Reference value :  4.45766e-07
 Reference value :  4.46570e-07
 Reference value :  4.47330e-07
 Reference value :  4.48091e-07
 Reference value :  4.48864e-07
 Reference value :  4.49622e-07
 Reference value :  4.50370e-07
 Reference value :  4.51130e-07
 Reference value :  4.51907e-07
 Reference value :  4.52727e-07
 Reference value :  4.53501e-07
 Reference value :  4.54252e-07
 Reference value :  4.55028e-07
 Reference value :  4.55798e-07
 Reference value :  4.56570e-07
 Reference value :  4.57330e-07
 Reference value :  4.58081e-07
 Reference value :  4.58864e-07
 Reference value :  4.59656e-07
 Reference value :  4.60451e-07
 Reference value :  4.61236e-07
 Reference value :  4.61990e-07
 Reference value :  4.62756e-07
 Reference value :  4.63514e-07
 Reference value :  4.64300e-07
 Reference value :  4.65060e-07
 Reference value :  4.65830e-07
 Reference value :  4.66600e-07
 Reference value :  4.67371e-07
 Reference value :  4.68147e-07
 Reference value :  4.68909e-07
 Reference value :  4.69690e-07
 Reference value :  4.70511e-07
 Reference value :  4.71300e-07
 Reference value :  4.72099e-07
 Reference value :  4.72873e-07
 Reference value :  4.73638e-07
 Reference value :  4.74419e-07
 Reference value :  4.75178e-07
 Reference value :  4.75957e-07
 Reference value :  4.76728e-07
 Reference value :  4.77491e-07
 Reference value :  4.78270e-07
 Reference value :  4.79070e-07
 Reference value :  4.79851e-07
 Reference value :  4.80614e-07
 Reference value :  4.81398e-07
 Reference value :  4.82171e-07
 Reference value :  4.82905e-07
 Reference value :  4.83697e-07
 Reference value :  4.84510e-07
 Reference value :  4.85284e-07
 Reference value :  4.86116e-07
 Reference value :  4.86920e-07
 Reference value :  4.87741e-07
 Reference value :  4.88570e-07
 Reference value :  4.89380e-07
 Reference value :  4.90140e-07
 Reference value :  4.90886e-07
 Reference value :  4.91671e-07
 Reference value :  4.92420e-07
 Reference value :  4.93185e-07
 Reference value :  4.94023e-07
 Reference value :  4.94801e-07
 Reference value :  4.95588e-07
 Reference value :  4.96355e-07
 Reference value :  4.97110e-07
 Reference value :  4.97873e-07
 Reference value :  4.98635e-07
 Reference value :  4.99384e-07
 Reference value :  5.00143e-07
 Reference value :  5.00906e-07
 Reference value :  5.01659e-07
 Reference value :  5.02450e-07
 Reference value :  5.03257e-07
 Reference value :  5.04050e-07
 Reference value :  5.04838e-07
 Reference value :  5.05600e-07
 Reference value :  5.06433e-07
 Reference value :  5.07217e-07
 Reference value :  5.07990e-07
 Reference value :  5.08763e-07
 Reference value :  5.09501e-07
 Reference value :  5.10281e-07
 Reference value :  5.11039e-07
 Reference value :  5.11838e-07
 Reference value :  5.12601e-07
 Reference value :  5.13369e-07
 Reference value :  5.14135e-07
 Reference value :  5.14906e-07
 Reference value :  5.15691e-07
 Reference value :  5.16490e-07
 Reference value :  5.17272e-07
 Reference value :  5.18057e-07
 Reference value :  5.18842e-07
 Reference value :  5.19623e-07
 Reference value :  5.20390e-07
 Reference value :  5.21142e-07
 Reference value :  5.21922e-07
 Reference value :  5.22714e-07
 Reference value :  5.23478e-07
 Reference value :  5.24266e-07
 Reference value :  5.25033e-07
 Reference value :  5.25799e-07
 Reference value :  5.26622e-07
 Reference value :  5.27400e-07
 Reference value :  5.28151e-07
 Reference value :  5.28941e-07
 Reference value :  5.29702e-07
 Reference value :  5.30484e-07
 Reference value :  5.31235e-07
 Reference value :  5.31991e-07
 Reference value :  5.32760e-07
 Reference value :  5.33546e-07
 Reference value :  5.34332e-07
 Reference value :  5.35112e-07
 Reference value :  5.35890e-07
 Reference value :  5.36723e-07
 Reference value :  5.37493e-07
 Reference value :  5.38252e-07
 Reference value :  5.39009e-07
 Reference value :  5.39810e-07
 Reference value :  5.40571e-07
 Reference value :  5.41387e-07
 Reference value :  5.42157e-07
 Reference value :  5.42950e-07
 Reference value :  5.43739e-07
 Reference value :  5.44497e-07
 Reference value :  5.45270e-07
 Reference value :  5.46060e-07
 Reference value :  5.46832e-07
 Reference value :  5.47630e-07
 Reference value :  5.48373e-07
 Reference value :  5.49241e-07
 Reference value :  5.50030e-07
 Reference value :  5.50849e-07
 Reference value :  5.51638e-07
 Reference value :  5.52434e-07
 Reference value :  5.53194e-07
 Reference value :  5.53963e-07
 Reference value :  5.54738e-07
 Reference value :  5.55536e-07
 Reference value :  5.56373e-07
 Reference value :  5.57150e-07
 Reference value :  5.57947e-07
 Reference value :  5.58725e-07
 Reference value :  5.59523e-07
 Reference value :  5.60340e-07
 Reference value :  5.61121e-07
 Reference value :  5.61890e-07
 Reference value :  5.62643e-07
 Reference value :  5.63440e-07
 Reference value :  5.64199e-07
 Reference value :  5.64980e-07
 Reference value :  5.65751e-07
 Reference value :  5.66521e-07
 Reference value :  5.67317e-07
 Reference value :  5.68083e-07
 Reference value :  5.68881e-07
 Reference value :  5.69654e-07
 Reference value :  5.70430e-07
 Reference value :  5.71206e-07
 Reference value :  5.71970e-07
 Reference value :  5.72730e-07
 Reference value :  5.73501e-07
 Reference value :  5.74260e-07
 Reference value :  5.75039e-07
 Reference value :  5.75776e-07
 Reference value :  5.76534e-07
 Reference value :  5.77330e-07
 Reference value :  5.78074e-07
 Reference value :  5.78876e-07
 Reference value :  5.79642e-07
 Reference value :  5.80413e-07
 Reference value :  5.81192e-07
 Reference value :  5.82078e-07
 Reference value :  5.82901e-07
 Reference value :  5.83655e-07
 Reference value :  5.84421e-07
 Reference value :  5.85230e-07
 Reference value :  5.86040e-07
 Reference value :  5.86801e-07
 Reference value :  5.87605e-07
 Reference value :  5.88390e-07
 Reference value :  5.89188e-07
 Reference value :  5.89985e-07
 Reference value :  5.90785e-07
 Reference value :  5.91722e-07
 Reference value :  5.92495e-07
 Reference value :  5.93270e-07
 Reference value :  5.94023e-07
 Reference value :  5.94823e-07
 Reference value :  5.95630e-07
 Reference value :  5.96430e-07
 Reference value :  5.97204e-07
 Reference value :  5.97981e-07
 Reference value :  5.98752e-07
 Reference value :  5.99520e-07
 Reference value :  6.00300e-07
 Reference value :  6.01111e-07
 Reference value :  6.01910e-07
 Reference value :  6.02681e-07
 Reference value :  6.03474e-07
 Reference value :  6.04280e-07
 Reference value :  6.05086e-07
 Reference value :  6.05830e-07
 Reference value :  6.06624e-07
 Reference value :  6.07403e-07
 Reference value :  6.08152e-07
 Reference value :  6.08974e-07
 Reference value :  6.09732e-07
 Reference value :  6.10549e-07
 Reference value :  6.11279e-07
 Reference value :  6.12036e-07
 Reference value :  6.12786e-07
 Reference value :  6.13565e-07
 Reference value :  6.14315e-07
 Reference value :  6.15085e-07
 Reference value :  6.15866e-07
 Reference value :  6.16618e-07
 Reference value :  6.17449e-07
 Reference value :  6.18207e-07
 Reference value :  6.18975e-07
 Reference value :  6.19770e-07
 Reference value :  6.20521e-07
 Reference value :  6.21326e-07
 Reference value :  6.22151e-07
 Reference value :  6.22956e-07
 Reference value :  6.23753e-07
 Reference value :  6.24483e-07
 Reference value :  6.25236e-07
 Reference value :  6.26016e-07
 Reference value :  6.26768e-07
 Reference value :  6.27528e-07
 Reference value :  6.28317e-07
 Reference value :  6.29052e-07
 Reference value :  6.29828e-07
 Reference value :  6.30591e-07
 Reference value :  6.31376e-07
 Reference value :  6.32106e-07
 Reference value :  6.32861e-07
 Reference value :  6.33630e-07
 Reference value :  6.34400e-07
 Reference value :  6.35197e-07
 Reference value :  6.35982e-07
 Reference value :  6.36758e-07
 Reference value :  6.37551e-07
 Reference value :  6.38290e-07
 Reference value :  6.39052e-07
 Reference value :  6.39850e-07
 Reference value :  6.40628e-07
 Reference value :  6.41414e-07
 Reference value :  6.42158e-07
 Reference value :  6.42921e-07
 Reference value :  6.43673e-07
 Reference value :  6.44417e-07
 Reference value :  6.45210e-07
 Reference value :  6.45983e-07
 Reference value :  6.46781e-07
 Reference value :  6.47531e-07
 Reference value :  6.48294e-07
 Reference value :  6.49077e-07
 Reference value :  6.49830e-07
 Reference value :  6.50622e-07
 Reference value :  6.51392e-07
 Reference value :  6.52140e-07
 Reference value :  6.52940e-07
 Reference value :  6.53683e-07
 Reference value :  6.54504e-07
 Reference value :  6.55361e-07
 Reference value :  6.56142e-07
 Reference value :  6.56930e-07
 Reference value :  6.57720e-07
 Reference value :  6.58656e-07
 Reference value :  6.59592e-07
 Reference value :  6.60390e-07
 Reference value :  6.61144e-07
 Reference value :  6.61916e-07
 Reference value :  6.62676e-07
 Reference value :  6.63457e-07
 Reference value :  6.64273e-07
 Reference value :  6.65041e-07
 Reference value :  6.65787e-07
 Reference value :  6.66550e-07
 Reference value :  6.67329e-07
 Reference value :  6.68096e-07
 Reference value :  6.68907e-07
 Reference value :  6.69679e-07
 Reference value :  6.70523e-07
 Reference value :  6.71730e-07
 Reference value :  6.72536e-07
 Reference value :  6.73348e-07
 Reference value :  6.74103e-07
 Reference value :  6.74893e-07
 Reference value :  6.75709e-07
 Reference value :  6.76536e-07
 Reference value :  6.77359e-07
 Reference value :  6.78151e-07
 Reference value :  6.78941e-07
 Reference value :  6.79706e-07
 Reference value :  6.80470e-07
 Reference value :  6.81232e-07
 Reference value :  6.82037e-07
 Reference value :  6.82778e-07
 Reference value :  6.83557e-07
 Reference value :  6.84306e-07
 Reference value :  6.85294e-07
 Reference value :  6.86066e-07
 Reference value :  6.86840e-07
 Reference value :  6.87636e-07
 Reference value :  6.88380e-07
 Reference value :  6.89188e-07
 Reference value :  6.90001e-07
 Reference value :  6.90750e-07
 Reference value :  6.91502e-07
 Reference value :  6.92271e-07
 Reference value :  6.93045e-07
 Reference value :  6.93795e-07
 Reference value :  6.94570e-07
 Reference value :  6.95348e-07
 Reference value :  6.96127e-07
 Reference value :  6.96898e-07
 Reference value :  6.97636e-07
 Reference value :  6.98446e-07
 Reference value :  6.99199e-07
 Reference value :  6.99994e-07
 Reference value :  7.00721e-07
 Reference value :  7.01492e-07
 Reference value :  7.02278e-07
 Reference value :  7.03092e-07
 Reference value :  7.03896e-07
 Reference value :  7.04665e-07
 Reference value :  7.05440e-07
 Reference value :  7.06240e-07
 Reference value :  7.07020e-07
 Reference value :  7.07968e-07
 Reference value :  7.08745e-07
 Reference value :  7.09500e-07
 Reference value :  7.10291e-07
 Reference value :  7.11074e-07
 Reference value :  7.11900e-07
 Reference value :  7.12650e-07
 Reference value :  7.13397e-07
 Reference value :  7.14154e-07
 Reference value :  7.14908e-07
 Reference value :  7.15661e-07
 Reference value :  7.16448e-07
 Reference value :  7.17240e-07
 Reference value :  7.17995e-07
 Reference value :  7.18734e-07
 Reference value :  7.19503e-07
 Reference value :  7.20290e-07
 Reference value :  7.21064e-07
 Reference value :  7.21830e-07
 Reference value :  7.22640e-07
 Reference value :  7.23430e-07
 Reference value :  7.24180e-07
 Reference value :  7.24945e-07
 Reference value :  7.25759e-07
 Reference value :  7.26631e-07
 Reference value :  7.27388e-07
 Reference value :  7.28155e-07
 Reference value :  7.28924e-07
 Reference value :  7.29670e-07
 Reference value :  7.30457e-07
 Reference value :  7.31238e-07
 Reference value :  7.32010e-07
 Reference value :  7.32773e-07
 Reference value :  7.33585e-07
 Reference value :  7.34359e-07
 Reference value :  7.35114e-07
 Reference value :  7.35871e-07
 Reference value :  7.36606e-07
 Reference value :  7.37385e-07
 Reference value :  7.38158e-07
 Reference value :  7.38951e-07
 Reference value :  7.39847e-07
 Reference value :  7.40693e-07
 Reference value :  7.41475e-07
 Reference value :  7.42255e-07
 Reference value :  7.43067e-07
 Reference value :  7.43858e-07
 Reference value :  7.44679e-07
 Reference value :  7.45460e-07
 Reference value :  7.46260e-07
 Reference value :  7.47041e-07
 Reference value :  7.47816e-07
 Reference value :  7.48608e-07
 Reference value :  7.49380e-07
 Reference value :  7.50147e-07
 Reference value :  7.50927e-07
 Reference value :  7.51730e-07
 Reference value :  7.52537e-07
 Reference value :  7.53360e-07
 Reference value :  7.54154e-07
 Reference value :  7.54920e-07
 Reference value :  7.55725e-07
 Reference value :  7.56471e-07
 Reference value :  7.57330e-07
 Reference value :  7.58088e-07
 Reference value :  7.58841e-07
 Reference value :  7.59650e-07
 Reference value :  7.60393e-07
 Reference value :  7.61194e-07
 Reference value :  7.61960e-07
 Reference value :  7.62740e-07
 Reference value :  7.63551e-07
 Reference value :  7.64409e-07
 Reference value :  7.65230e-07
 Reference value :  7.66007e-07
 Reference value :  7.66808e-07
 Reference value :  7.67580e-07
 Reference value :  7.68370e-07
 Reference value :  7.69188e-07
 Reference value :  7.69959e-07
 Reference value :  7.71221e-07
 Reference value :  7.72648e-07
 Reference value :  7.73992e-07
 Reference value :  7.75426e-07
 Reference value :  7.76686e-07
 Reference value :  7.77462e-07
 Reference value :  7.78263e-07
 Reference value :  7.79039e-07
 Reference value :  7.79792e-07
 Reference value :  7.80577e-07
 Reference value :  7.81366e-07
 Reference value :  7.82210e-07
 Reference value :  7.82990e-07
 Reference value :  7.83761e-07
 Reference value :  7.84535e-07
 Reference value :  7.85322e-07
 Reference value :  7.86093e-07
 Reference value :  7.86823e-07
 Reference value :  7.87602e-07
 Reference value :  7.88351e-07
 Reference value :  7.89103e-07
 Reference value :  7.89908e-07
 Reference value :  7.90700e-07
 Reference value :  7.91515e-07
 Reference value :  7.92275e-07
 Reference value :  7.93063e-07
 Reference value :  7.93905e-07
 Reference value :  7.94674e-07
 Reference value :  7.95507e-07
 Reference value :  7.96321e-07
 Reference value :  7.97085e-07
 Reference value :  7.97866e-07
 Reference value :  7.98648e-07
 Reference value :  7.99416e-07
 Reference value :  8.00220e-07
 Reference value :  8.00968e-07
 Reference value :  8.01769e-07
 Reference value :  8.02540e-07
 Reference value :  8.03772e-07
 Reference value :  8.05077e-07
 Reference value :  8.06206e-07
 Reference value :  8.06961e-07
 Reference value :  8.07728e-07
 Reference value :  8.08495e-07
 Reference value :  8.09263e-07
 Reference value :  8.10077e-07
 Reference value :  8.10823e-07
 Reference value :  8.11651e-07
 Reference value :  8.12441e-07
 Reference value :  8.13233e-07
 Reference value :  8.13990e-07
 Reference value :  8.14755e-07
 Reference value :  8.15543e-07
 Reference value :  8.16351e-07
 Reference value :  8.17097e-07
 Reference value :  8.17866e-07
 Reference value :  8.18601e-07
 Reference value :  8.19410e-07
 Reference value :  8.20235e-07
 Reference value :  8.20991e-07
 Reference value :  8.21832e-07
 Reference value :  8.22620e-07
 Reference value :  8.23390e-07
 Reference value :  8.24170e-07
 Reference value :  8.24924e-07
 Reference value :  8.25698e-07
 Reference value :  8.26480e-07
 Reference value :  8.27261e-07
 Reference value :  8.28084e-07
 Reference value :  8.28870e-07
 Reference value :  8.29635e-07
 Reference value :  8.30416e-07
 Reference value :  8.31166e-07
 Reference value :  8.31947e-07
 Reference value :  8.32741e-07
 Reference value :  8.33510e-07
 Reference value :  8.34300e-07
 Reference value :  8.35049e-07
 Reference value :  8.35890e-07
 Reference value :  8.36694e-07
 Reference value :  8.37490e-07
 Reference value :  8.38250e-07
 Reference value :  8.39050e-07
 Reference value :  8.39866e-07
 Reference value :  8.40605e-07
 Reference value :  8.41389e-07
 Reference value :  8.42185e-07
 Reference value :  8.42941e-07
 Reference value :  8.43713e-07
 Reference value :  8.44518e-07
 Reference value :  8.45294e-07
 Reference value :  8.46080e-07
 Reference value :  8.46829e-07
 Reference value :  8.47641e-07
 Reference value :  8.48415e-07
 Reference value :  8.49166e-07
 Reference value :  8.49936e-07
 Reference value :  8.50713e-07
 Reference value :  8.51504e-07
 Reference value :  8.52250e-07
 Reference value :  8.53034e-07
 Reference value :  8.53847e-07
 Reference value :  8.54602e-07
 Reference value :  8.55366e-07
 Reference value :  8.56174e-07
 Reference value :  8.56920e-07
 Reference value :  8.57717e-07
 Reference value :  8.58483e-07
 Reference value :  8.59243e-07
 Reference value :  8.60065e-07
 Reference value :  8.60814e-07
 Reference value :  8.61633e-07
 Reference value :  8.62393e-07
 Reference value :  8.63170e-07
 Reference value :  8.63959e-07
 Reference value :  8.64742e-07
 Reference value :  8.65540e-07
 Reference value :  8.66285e-07
 Reference value :  8.67071e-07
 Reference value :  8.67878e-07
 Reference value :  8.68617e-07
 Reference value :  8.69421e-07
 Reference value :  8.70170e-07
 Reference value :  8.70968e-07
 Reference value :  8.71751e-07
 Reference value :  8.72535e-07
 Reference value :  8.73355e-07
 Reference value :  8.74110e-07
 Reference value :  8.74860e-07
 Reference value :  8.75719e-07
 Reference value :  8.76500e-07
 Reference value :  8.77307e-07
 Reference value :  8.78048e-07
 Reference value :  8.78826e-07
 Reference value :  8.79580e-07
 Reference value :  8.80328e-07
 Reference value :  8.81130e-07
 Reference value :  8.81869e-07
 Reference value :  8.82645e-07
 Reference value :  8.83420e-07
 Reference value :  8.84180e-07
 Reference value :  8.84991e-07
 Reference value :  8.85734e-07
 Reference value :  8.86521e-07
 Reference value :  8.87317e-07
 Reference value :  8.88068e-07
 Reference value :  8.88846e-07
 Reference value :  8.89679e-07
 Reference value :  8.90460e-07
 Reference value :  8.91260e-07
 Reference value :  8.92006e-07
 Reference value :  8.92803e-07
 Reference value :  8.93581e-07
 Reference value :  8.94357e-07
 Reference value :  8.95201e-07
 Reference value :  8.95961e-07
 Reference value :  8.96771e-07
 Reference value :  8.97562e-07
 Reference value :  8.98321e-07
 Reference value :  8.99130e-07
 Reference value :  8.99911e-07
 Reference value :  9.00695e-07
 Reference value :  9.01483e-07
 Reference value :  9.02275e-07
 Reference value :  9.03057e-07
 Reference value :  9.03834e-07
 Reference value :  9.04619e-07
 Reference value :  9.05396e-07
 Reference value :  9.06168e-07
 Reference value :  9.06956e-07
 Reference value :  9.07747e-07
 Reference value :  9.08540e-07
 Reference value :  9.09331e-07
 Reference value :  9.10151e-07
 Reference value :  9.10910e-07
 Reference value :  9.11663e-07
 Reference value :  9.12430e-07
 Reference value :  9.13185e-07
 Reference value :  9.13958e-07
 Reference value :  9.14720e-07
 Reference value :  9.15518e-07
 Reference value :  9.16302e-07
 Reference value :  9.17150e-07
 Reference value :  9.17945e-07
 Reference value :  9.18716e-07
 Reference value :  9.19484e-07
 Reference value :  9.20268e-07
 Reference value :  9.21019e-07
 Reference value :  9.21806e-07
 Reference value :  9.22560e-07
 Reference value :  9.23305e-07
 Reference value :  9.24151e-07
 Reference value :  9.24926e-07
 Reference value :  9.25743e-07
 Reference value :  9.26596e-07
 Reference value :  9.27390e-07
 Reference value :  9.28145e-07
 Reference value :  9.28918e-07
 Reference value :  9.29720e-07
 Reference value :  9.30513e-07
 Reference value :  9.31381e-07
 Reference value :  9.32169e-07
 Reference value :  9.32961e-07
 Reference value :  9.33760e-07
 Reference value :  9.34526e-07
 Reference value :  9.35347e-07
 Reference value :  9.36156e-07
 Reference value :  9.36976e-07
 Reference value :  9.37739e-07
 Reference value :  9.38494e-07
 Reference value :  9.39270e-07
 Reference value :  9.40011e-07
 Reference value :  9.40821e-07
 Reference value :  9.41661e-07
 Reference value :  9.42443e-07
 Reference value :  9.43220e-07
 Reference value :  9.43954e-07
 Reference value :  9.44731e-07
 Reference value :  9.45500e-07
 Reference value :  9.46245e-07
 Reference value :  9.47192e-07
 Reference value :  9.48181e-07
 Reference value :  9.48979e-07
 Reference value :  9.49704e-07
 Reference value :  9.50460e-07
 Reference value :  9.51225e-07
 Reference value :  9.52036e-07
 Reference value :  9.52807e-07
 Reference value :  9.53595e-07
 Reference value :  9.54370e-07
 Reference value :  9.55193e-07
 Reference value :  9.56008e-07
 Reference value :  9.56825e-07
 Reference value :  9.57592e-07
 Reference value :  9.58337e-07
 Reference value :  9.59199e-07
 Reference value :  9.59960e-07
 Reference value :  9.60757e-07
 Reference value :  9.61591e-07
 Reference value :  9.62398e-07
 Reference value :  9.63174e-07
 Reference value :  9.63939e-07
 Reference value :  9.64730e-07
 Reference value :  9.65512e-07
 Reference value :  9.66280e-07
 Reference value :  9.67056e-07
 Reference value :  9.67865e-07
 Reference value :  9.68645e-07
 Reference value :  9.69425e-07
 Reference value :  9.70264e-07
 Reference value :  9.71040e-07
 Reference value :  9.71792e-07
 Reference value :  9.72569e-07
 Reference value :  9.73368e-07
 Reference value :  9.74193e-07
 Reference value :  9.75031e-07
 Reference value :  9.75773e-07
 Reference value :  9.76560e-07
 Reference value :  9.77313e-07
 Reference value :  9.78066e-07
 Reference value :  9.78863e-07
 Reference value :  9.79637e-07
 Reference value :  9.80408e-07
 Reference value :  9.81160e-07
 Reference value :  9.81946e-07
 Reference value :  9.82726e-07
 Reference value :  9.83503e-07
 Reference value :  9.84240e-07
 Reference value :  9.85001e-07
 Reference value :  9.85800e-07
 Reference value :  9.86541e-07
 Reference value :  9.87322e-07
 Reference value :  9.88112e-07
 Reference value :  9.88867e-07
 Reference value :  9.89666e-07
 Reference value :  9.90490e-07
 Reference value :  9.91265e-07
 Reference value :  9.92090e-07
 Reference value :  9.92928e-07
 Reference value :  9.93703e-07
 Reference value :  9.94474e-07
 Reference value :  9.95283e-07
 Reference value :  9.96163e-07
 Reference value :  9.96936e-07
 Reference value :  9.97720e-07
 Reference value :  9.98501e-07
 Reference value :  9.99310e-07
 Reference value :  1.00007e-06
 Reference value :  1.00085e-06
 Reference value :  1.00162e-06
 Reference value :  1.00244e-06
 Reference value :  1.00326e-06
 Reference value :  1.00410e-06
 Reference value :  1.00482e-06
 Reference value :  1.00561e-06
 Reference value :  1.00634e-06
 Reference value :  1.00709e-06
 Reference value :  1.00786e-06
 Reference value :  1.00864e-06
 Reference value :  1.00943e-06
 Reference value :  1.01023e-06
 Reference value :  1.01099e-06
 Reference value :  1.01180e-06
 Reference value :  1.01257e-06
 Reference value :  1.01331e-06
 Reference value :  1.01409e-06
 Reference value :  1.01489e-06
 Reference value :  1.01568e-06
 Reference value :  1.01644e-06
 Reference value :  1.01725e-06
 Reference value :  1.01802e-06
 Reference value :  1.01877e-06
 Reference value :  1.01964e-06
 Reference value :  1.02039e-06
 Reference value :  1.02114e-06
 Reference value :  1.02197e-06
 Reference value :  1.02277e-06
 Reference value :  1.02355e-06
 Reference value :  1.02431e-06
 Reference value :  1.02514e-06
 Reference value :  1.02595e-06
 Reference value :  1.02669e-06
 Reference value :  1.02746e-06
 Reference value :  1.02825e-06
 Reference value :  1.02904e-06
 Reference value :  1.02982e-06
 Reference value :  1.03059e-06
 Reference value :  1.03135e-06
 Reference value :  1.03218e-06
 Reference value :  1.03299e-06
 Reference value :  1.03380e-06
 Reference value :  1.03455e-06
 Reference value :  1.03533e-06
 Reference value :  1.03611e-06
 Reference value :  1.03685e-06
 Reference value :  1.03767e-06
 Reference value :  1.03847e-06
 Reference value :  1.03927e-06
 Reference value :  1.04004e-06
 Reference value :  1.04080e-06
 Reference value :  1.04159e-06
 Reference value :  1.04238e-06
 Reference value :  1.04316e-06
 Reference value :  1.04392e-06
 Reference value :  1.04470e-06
 Reference value :  1.04548e-06
 Reference value :  1.04622e-06
 Reference value :  1.04698e-06
 Reference value :  1.04774e-06
 Reference value :  1.04852e-06
 Reference value :  1.04928e-06
 Reference value :  1.05009e-06
 Reference value :  1.05092e-06
 Reference value :  1.05172e-06
 Reference value :  1.05250e-06
 Reference value :  1.05328e-06
 Reference value :  1.05415e-06
 Reference value :  1.05495e-06
 Reference value :  1.05570e-06
 Reference value :  1.05651e-06
 Reference value :  1.05728e-06
 Reference value :  1.05805e-06
 Reference value :  1.05884e-06
 Reference value :  1.05960e-06
 Reference value :  1.06036e-06
 Reference value :  1.06115e-06
 Reference value :  1.06191e-06
 Reference value :  1.06267e-06
 Reference value :  1.06347e-06
 Reference value :  1.06427e-06
 Reference value :  1.06504e-06
 Reference value :  1.06584e-06
 Reference value :  1.06668e-06
 Reference value :  1.06745e-06
 Reference value :  1.06821e-06
 Reference value :  1.06899e-06
 Reference value :  1.06979e-06
 Reference value :  1.07055e-06
 Reference value :  1.07132e-06
 Reference value :  1.07217e-06
 Reference value :  1.07302e-06
 Reference value :  1.07379e-06
 Reference value :  1.07459e-06
 Reference value :  1.07543e-06
 Reference value :  1.07625e-06
 Reference value :  1.07705e-06
 Reference value :  1.07782e-06
 Reference value :  1.07859e-06
 Reference value :  1.07939e-06
 Reference value :  1.08017e-06
 Reference value :  1.08094e-06
 Reference value :  1.08172e-06
 Reference value :  1.08251e-06
 Reference value :  1.08330e-06
 Reference value :  1.08407e-06
 Reference value :  1.08486e-06
 Reference value :  1.08566e-06
 Reference value :  1.08640e-06
 Reference value :  1.08716e-06
 Reference value :  1.08795e-06
 Reference value :  1.08874e-06
 Reference value :  1.08952e-06
 Reference value :  1.09034e-06
 Reference value :  1.09109e-06
 Reference value :  1.09186e-06
 Reference value :  1.09270e-06
 Reference value :  1.09348e-06
 Reference value :  1.09428e-06
 Reference value :  1.09508e-06
 Reference value :  1.09588e-06
 Reference value :  1.09669e-06
 Reference value :  1.09751e-06
 Reference value :  1.09826e-06
 Reference value :  1.09904e-06
 Reference value :  1.09980e-06
 Reference value :  1.10060e-06
 Reference value :  1.10138e-06
 Reference value :  1.10218e-06
 Reference value :  1.10299e-06
 Reference value :  1.10375e-06
 Reference value :  1.10451e-06
 Reference value :  1.10533e-06
 Reference value :  1.10610e-06
 Reference value :  1.10685e-06
 Reference value :  1.10762e-06
 Reference value :  1.10838e-06
 Reference value :  1.10915e-06
 Reference value :  1.10991e-06
 Reference value :  1.11068e-06
 Reference value :  1.11146e-06
 Reference value :  1.11228e-06
 Reference value :  1.11304e-06
 Reference value :  1.11385e-06
 Reference value :  1.11466e-06
 Reference value :  1.11545e-06
 Reference value :  1.11625e-06
 Reference value :  1.11706e-06
 Reference value :  1.11784e-06
 Reference value :  1.11860e-06
 Reference value :  1.11943e-06
 Reference value :  1.12023e-06
 Reference value :  1.12102e-06
 Reference value :  1.12183e-06
 Reference value :  1.12259e-06
 Reference value :  1.12334e-06
 Reference value :  1.12413e-06
 Reference value :  1.12489e-06
 Reference value :  1.12570e-06
 Reference value :  1.12654e-06
 Reference value :  1.12731e-06
 Reference value :  1.12808e-06
 Reference value :  1.12887e-06
 Reference value :  1.12962e-06
 Reference value :  1.13038e-06
 Reference value :  1.13117e-06
 Reference value :  1.13194e-06
 Reference value :  1.13269e-06
 Reference value :  1.13346e-06
 Reference value :  1.13429e-06
 Reference value :  1.13507e-06
 Reference value :  1.13584e-06
 Reference value :  1.13665e-06
 Reference value :  1.13739e-06
 Reference value :  1.13817e-06
 Reference value :  1.13895e-06
 Reference value :  1.13973e-06
 Reference value :  1.14051e-06
 Reference value :  1.14130e-06
 Reference value :  1.14208e-06
 Reference value :  1.14288e-06
 Reference value :  1.14363e-06
 Reference value :  1.14442e-06
 Reference value :  1.14517e-06
 Reference value :  1.14595e-06
 Reference value :  1.14675e-06
 Reference value :  1.14750e-06
 Reference value :  1.14826e-06
 Reference value :  1.14908e-06
 Reference value :  1.14989e-06
 Reference value :  1.15067e-06
 Reference value :  1.15150e-06
 Reference value :  1.15224e-06
 Reference value :  1.15302e-06
 Reference value :  1.15379e-06
 Reference value :  1.15457e-06
 Reference value :  1.15533e-06
 Reference value :  1.15609e-06
 Reference value :  1.15688e-06
 Reference value :  1.15763e-06
 Reference value :  1.15840e-06
 Reference value :  1.15918e-06
 Reference value :  1.15995e-06
 Reference value :  1.16072e-06
 Reference value :  1.16149e-06
 Reference value :  1.16228e-06
 Reference value :  1.16305e-06
 Reference value :  1.16385e-06
 Reference value :  1.16468e-06
 Reference value :  1.16545e-06
 Reference value :  1.16624e-06
 Reference value :  1.16708e-06
 Reference value :  1.16785e-06
 Reference value :  1.16864e-06
 Reference value :  1.16947e-06
 Reference value :  1.17023e-06
 Reference value :  1.17099e-06
 Reference value :  1.17178e-06
 Reference value :  1.17255e-06
 Reference value :  1.17332e-06
 Reference value :  1.17409e-06
 Reference value :  1.17488e-06
 Reference value :  1.17570e-06
 Reference value :  1.17649e-06
 Reference value :  1.17726e-06
 Reference value :  1.17801e-06
 Reference value :  1.17879e-06
 Reference value :  1.17954e-06
 Reference value :  1.18029e-06
 Reference value :  1.18106e-06
 Reference value :  1.18183e-06
 Reference value :  1.18263e-06
 Reference value :  1.18341e-06
 Reference value :  1.18420e-06
 Reference value :  1.18498e-06
 Reference value :  1.18577e-06
 Reference value :  1.18657e-06
 Reference value :  1.18734e-06
 Reference value :  1.18813e-06
 Reference value :  1.18893e-06
 Reference value :  1.18973e-06
 Reference value :  1.19047e-06
 Reference value :  1.19123e-06
 Reference value :  1.19200e-06
 Reference value :  1.19276e-06
 Reference value :  1.19351e-06
 Reference value :  1.19429e-06
 Reference value :  1.19507e-06
 Reference value :  1.19584e-06
 Reference value :  1.19662e-06
 Reference value :  1.19738e-06
 Reference value :  1.19818e-06
 Reference value :  1.19894e-06
 Reference value :  1.19970e-06
 Reference value :  1.20047e-06
 Reference value :  1.20123e-06
 Reference value :  1.20200e-06
 Reference value :  1.20283e-06
 Reference value :  1.20362e-06
 Reference value :  1.20440e-06
 Reference value :  1.20518e-06
 Reference value :  1.20595e-06
 Reference value :  1.20676e-06
 Reference value :  1.20758e-06
 Reference value :  1.20838e-06
 Reference value :  1.20918e-06
 Reference value :  1.20995e-06
 Reference value :  1.21075e-06
 Reference value :  1.21152e-06
 Reference value :  1.21228e-06
 Reference value :  1.21307e-06
 Reference value :  1.21384e-06
 Reference value :  1.21464e-06
 Reference value :  1.21540e-06
 Reference value :  1.21615e-06
 Reference value :  1.21691e-06
 Reference value :  1.21771e-06
 Reference value :  1.21847e-06
 Reference value :  1.21926e-06
 Reference value :  1.22001e-06
 Reference value :  1.22083e-06
 Reference value :  1.22163e-06
 Reference value :  1.22240e-06
 Reference value :  1.22319e-06
 Reference value :  1.22397e-06
 Reference value :  1.22475e-06
 Reference value :  1.22555e-06
 Reference value :  1.22634e-06
 Reference value :  1.22713e-06
 Reference value :  1.22793e-06
 Reference value :  1.22873e-06
 Reference value :  1.22951e-06
 Reference value :  1.23031e-06
 Reference value :  1.23109e-06
 Reference value :  1.23188e-06
 Reference value :  1.23263e-06
 Reference value :  1.23346e-06
 Reference value :  1.23424e-06
 Reference value :  1.23501e-06
 Reference value :  1.23578e-06
 Reference value :  1.23658e-06
 Reference value :  1.23734e-06
 Reference value :  1.23809e-06
 Reference value :  1.23888e-06
 Reference value :  1.23963e-06
 Reference value :  1.24040e-06
 Reference value :  1.24118e-06
 Reference value :  1.24194e-06
 Reference value :  1.24270e-06
 Reference value :  1.24350e-06
 Reference value :  1.24426e-06
 Reference value :  1.24505e-06
 Reference value :  1.24583e-06
 Reference value :  1.24667e-06
 Reference value :  1.24744e-06
 Reference value :  1.24822e-06
 Reference value :  1.24903e-06
 Reference value :  1.24985e-06
 Reference value :  1.25061e-06
 Reference value :  1.25141e-06
 Reference value :  1.25217e-06
 Reference value :  1.25292e-06
 Reference value :  1.25371e-06
 Reference value :  1.25445e-06
 Reference value :  1.25522e-06
 Reference value :  1.25598e-06
 Reference value :  1.25673e-06
 Reference value :  1.25754e-06
 Reference value :  1.25831e-06
 Reference value :  1.25908e-06
 Reference value :  1.25988e-06
 Reference value :  1.26069e-06
 Reference value :  1.26148e-06
 Reference value :  1.26229e-06
 Reference value :  1.26305e-06
 Reference value :  1.26383e-06
 Reference value :  1.26465e-06
 Reference value :  1.26544e-06
 Reference value :  1.26621e-06
 Reference value :  1.26697e-06
 Reference value :  1.26776e-06
 Reference value :  1.26861e-06
 Reference value :  1.26938e-06
 Reference value :  1.27016e-06
 Reference value :  1.27092e-06
 Reference value :  1.27168e-06
 Reference value :  1.27244e-06
 Reference value :  1.27326e-06
 Reference value :  1.27406e-06
 Reference value :  1.27482e-06
 Reference value :  1.27562e-06
 Reference value :  1.27640e-06
 Reference value :  1.27716e-06
 Reference value :  1.27795e-06
 Reference value :  1.27871e-06
 Reference value :  1.27958e-06
 Reference value :  1.28036e-06
 Reference value :  1.28113e-06
 Reference value :  1.28198e-06
 Reference value :  1.28277e-06
 Reference value :  1.28352e-06
 Reference value :  1.28428e-06
 Reference value :  1.28504e-06
 Reference value :  1.28580e-06
 Reference value :  1.28658e-06
 Reference value :  1.28734e-06
 Reference value :  1.28809e-06
 Reference value :  1.28886e-06
 Reference value :  1.28964e-06
 Reference value :  1.29043e-06
 Reference value :  1.29122e-06
 Reference value :  1.29199e-06
 Reference value :  1.29276e-06
 Reference value :  1.29356e-06
 Reference value :  1.29440e-06
 Reference value :  1.29517e-06
 Reference value :  1.29592e-06
 Reference value :  1.29669e-06
 Reference value :  1.29751e-06
 Reference value :  1.29830e-06
 Reference value :  1.29907e-06
 Reference value :  1.29984e-06
 Reference value :  1.30061e-06
 Reference value :  1.30138e-06
 Reference value :  1.30216e-06
 Reference value :  1.30294e-06
 Reference value :  1.30371e-06
 Reference value :  1.30454e-06
 Reference value :  1.30531e-06
 Reference value :  1.30610e-06
 Reference value :  1.30687e-06
 Reference value :  1.30767e-06
 Reference value :  1.30843e-06
 Reference value :  1.30926e-06
 Reference value :  1.31015e-06
 Reference value :  1.31107e-06
 Reference value :  1.31198e-06
 Reference value :  1.31303e-06
 Reference value :  1.31393e-06
 Reference value :  1.31482e-06
 Reference value :  1.31571e-06
 Reference value :  1.31657e-06
 Reference value :  1.31750e-06
 Reference value :  1.31833e-06
 Reference value :  1.31926e-06
 Reference value :  1.32007e-06
 Reference value :  1.32088e-06
 Reference value :  1.32165e-06
 Reference value :  1.32242e-06
 Reference value :  1.32323e-06
 Reference value :  1.32401e-06
 Reference value :  1.32478e-06
 Reference value :  1.32559e-06
 Reference value :  1.32642e-06
 Reference value :  1.32721e-06
 Reference value :  1.32810e-06
 Reference value :  1.32903e-06
 Reference value :  1.32990e-06
 Reference value :  1.33077e-06
 Reference value :  1.33159e-06
 Reference value :  1.33250e-06
 Reference value :  1.33347e-06
 Reference value :  1.33440e-06
 Reference value :  1.33541e-06
 Reference value :  1.33633e-06
 Reference value :  1.33725e-06
 Reference value :  1.33804e-06
 Reference value :  1.33882e-06
 Reference value :  1.33958e-06
 Reference value :  1.34035e-06
 Reference value :  1.34113e-06
 Reference value :  1.34194e-06
 Reference value :  1.34281e-06
 Reference value :  1.34357e-06
 Reference value :  1.34435e-06
 Reference value :  1.34517e-06
 Reference value :  1.34633e-06
 Reference value :  1.34732e-06
 Reference value :  1.34825e-06
 Reference value :  1.34920e-06
 Reference value :  1.35031e-06
 Reference value :  1.35140e-06
 Reference value :  1.35232e-06
 Reference value :  1.35314e-06
 Reference value :  1.35397e-06
 Reference value :  1.35476e-06
 Reference value :  1.35555e-06
 Reference value :  1.35634e-06
 Reference value :  1.35712e-06
 Reference value :  1.35794e-06
 Reference value :  1.35882e-06
 Reference value :  1.35966e-06
 Reference value :  1.36089e-06
 Reference value :  1.36208e-06
 Reference value :  1.36282e-06
 Reference value :  1.36365e-06
 Reference value :  1.36448e-06
 Reference value :  1.36526e-06
 Reference value :  1.36607e-06
 Reference value :  1.36683e-06
 Reference value :  1.36766e-06
 Reference value :  1.36845e-06
 Reference value :  1.36921e-06
 Reference value :  1.37002e-06
 Reference value :  1.37078e-06
 Reference value :  1.37154e-06
 Reference value :  1.37231e-06
 Reference value :  1.37309e-06
 Reference value :  1.37386e-06
 Reference value :  1.37470e-06
 Reference value :  1.37546e-06
 Reference value :  1.37623e-06
 Reference value :  1.37699e-06
 Reference value :  1.37774e-06
 Reference value :  1.37853e-06
 Reference value :  1.37930e-06
 Reference value :  1.38005e-06
 Reference value :  1.38083e-06
 Reference value :  1.38159e-06
 Reference value :  1.38236e-06
 Reference value :  1.38315e-06
 Reference value :  1.38391e-06
 Reference value :  1.38471e-06
 Reference value :  1.38552e-06
 Reference value :  1.38629e-06
 Reference value :  1.38707e-06
 Reference value :  1.38786e-06
 Reference value :  1.38865e-06
 Reference value :  1.38942e-06
 Reference value :  1.39020e-06
 Reference value :  1.39098e-06
 Reference value :  1.39175e-06
 Reference value :  1.39252e-06
 Reference value :  1.39331e-06
 Reference value :  1.39408e-06
 Reference value :  1.39484e-06
 Reference value :  1.39564e-06
 Reference value :  1.39640e-06
 Reference value :  1.39716e-06
 Reference value :  1.39796e-06
 Reference value :  1.39873e-06
 Reference value :  1.39948e-06
 Reference value :  1.40029e-06
 Reference value :  1.40109e-06
 Reference value :  1.40185e-06
 Reference value :  1.40268e-06
 Reference value :  1.40343e-06
 Reference value :  1.40419e-06
 Reference value :  1.40497e-06
 Reference value :  1.40579e-06
 Reference value :  1.40662e-06
 Reference value :  1.40739e-06
 Reference value :  1.40815e-06
 Reference value :  1.40891e-06
 Reference value :  1.40968e-06
 Reference value :  1.41045e-06
 Reference value :  1.41122e-06
 Reference value :  1.41197e-06
 Reference value :  1.41276e-06
 Reference value :  1.41354e-06
 Reference value :  1.41430e-06
 Reference value :  1.41510e-06
 Reference value :  1.41588e-06
 Reference value :  1.41663e-06
 Reference value :  1.41739e-06
 Reference value :  1.41814e-06
 Reference value :  1.41890e-06
 Reference value :  1.41969e-06
 Reference value :  1.42048e-06
 Reference value :  1.42124e-06
 Reference value :  1.42212e-06
 Reference value :  1.42288e-06
 Reference value :  1.42365e-06
 Reference value :  1.42442e-06
 Reference value :  1.42520e-06
 Reference value :  1.42598e-06
 Reference value :  1.42676e-06
 Reference value :  1.42756e-06
 Reference value :  1.42836e-06
 Reference value :  1.42913e-06
 Reference value :  1.42988e-06
 Reference value :  1.43069e-06
 Reference value :  1.43146e-06
 Reference value :  1.43222e-06
 Reference value :  1.43301e-06
 Reference value :  1.43377e-06
 Reference value :  1.43453e-06
 Reference value :  1.43528e-06
 Reference value :  1.43605e-06
 Reference value :  1.43693e-06
 Reference value :  1.43773e-06
 Reference value :  1.43850e-06
 Reference value :  1.43928e-06
 Reference value :  1.44004e-06
 Reference value :  1.44079e-06
 Reference value :  1.44158e-06
 Reference value :  1.44236e-06
 Reference value :  1.44313e-06
 Reference value :  1.44391e-06
 Reference value :  1.44468e-06
 Reference value :  1.44552e-06
 Reference value :  1.44627e-06
 Reference value :  1.44704e-06
 Reference value :  1.44780e-06
 Reference value :  1.44861e-06
 Reference value :  1.44941e-06
 Reference value :  1.45016e-06
 Reference value :  1.45094e-06
 Reference value :  1.45174e-06
 Reference value :  1.45250e-06
 Reference value :  1.45328e-06
 Reference value :  1.45407e-06
 Reference value :  1.45483e-06
 Reference value :  1.45561e-06
 Reference value :  1.45637e-06
 Reference value :  1.45711e-06
 Reference value :  1.45788e-06
 Reference value :  1.45863e-06
 Reference value :  1.45944e-06
 Reference value :  1.46024e-06
 Reference value :  1.46099e-06
 Reference value :  1.46176e-06
 Reference value :  1.46253e-06
 Reference value :  1.46328e-06
 Reference value :  1.46408e-06
 Reference value :  1.46486e-06
 Reference value :  1.46565e-06
 Reference value :  1.46647e-06
 Reference value :  1.46726e-06
 Reference value :  1.46807e-06
 Reference value :  1.46889e-06
 Reference value :  1.46973e-06
 Reference value :  1.47053e-06
 Reference value :  1.47130e-06
 Reference value :  1.47206e-06
 Reference value :  1.47284e-06
 Reference value :  1.47364e-06
 Reference value :  1.47443e-06
 Reference value :  1.47521e-06
 Reference value :  1.47597e-06
 Reference value :  1.47673e-06
 Reference value :  1.47756e-06
 Reference value :  1.47832e-06
 Reference value :  1.47908e-06
 Reference value :  1.47985e-06
 Reference value :  1.48061e-06
 Reference value :  1.48138e-06
 Reference value :  1.48213e-06
 Reference value :  1.48289e-06
 Reference value :  1.48366e-06
 Reference value :  1.48444e-06
 Reference value :  1.48523e-06
 Reference value :  1.48597e-06
 Reference value :  1.48679e-06
 Reference value :  1.48754e-06
 Reference value :  1.48831e-06
 Reference value :  1.48917e-06
 Reference value :  1.48993e-06
 Reference value :  1.49070e-06
 Reference value :  1.49148e-06
 Reference value :  1.49228e-06
 Reference value :  1.49303e-06
 Reference value :  1.49379e-06
 Reference value :  1.49457e-06
 Reference value :  1.49533e-06
 Reference value :  1.49610e-06
 Reference value :  1.49689e-06
 Reference value :  1.49765e-06
 Reference value :  1.49843e-06
 Reference value :  1.49920e-06
 Reference value :  1.49998e-06
 Reference value :  1.50075e-06
 Reference value :  1.50154e-06
 Reference value :  1.50230e-06
 Reference value :  1.50308e-06
 Reference value :  1.50389e-06
 Reference value :  1.50466e-06
 Reference value :  1.50545e-06
 Reference value :  1.50624e-06
 Reference value :  1.50699e-06
 Reference value :  1.50776e-06
 Reference value :  1.50907e-06
 Reference value :  1.50986e-06
 Reference value :  1.51065e-06
 Reference value :  1.51145e-06
 Reference value :  1.51225e-06
 Reference value :  1.51301e-06
 Reference value :  1.51381e-06
 Reference value :  1.51460e-06
 Reference value :  1.51544e-06
 Reference value :  1.51620e-06
 Reference value :  1.51698e-06
 Reference value :  1.51774e-06
 Reference value :  1.51849e-06
 Reference value :  1.51928e-06
 Reference value :  1.52002e-06
 Reference value :  1.52080e-06
 Reference value :  1.52160e-06
 Reference value :  1.52236e-06
 Reference value :  1.52314e-06
 Reference value :  1.52390e-06
 Reference value :  1.52468e-06
 Reference value :  1.52546e-06
 Reference value :  1.52625e-06
 Reference value :  1.52702e-06
 Reference value :  1.52778e-06
 Reference value :  1.52860e-06
 Reference value :  1.52935e-06
 Reference value :  1.53012e-06
 Reference value :  1.53093e-06
 Reference value :  1.53170e-06
 Reference value :  1.53245e-06
 Reference value :  1.53324e-06
 Reference value :  1.53400e-06
 Reference value :  1.53476e-06
 Reference value :  1.53553e-06
 Reference value :  1.53632e-06
 Reference value :  1.53708e-06
 Reference value :  1.53790e-06
 Reference value :  1.53865e-06
 Reference value :  1.53940e-06
 Reference value :  1.54019e-06
 Reference value :  1.54097e-06
 Reference value :  1.54173e-06
 Reference value :  1.54251e-06
 Reference value :  1.54328e-06
 Reference value :  1.54407e-06
 Reference value :  1.54483e-06
 Reference value :  1.54558e-06
 Reference value :  1.54638e-06
 Reference value :  1.54720e-06
 Reference value :  1.54802e-06
 Reference value :  1.54882e-06
 Reference value :  1.54964e-06
 Reference value :  1.55042e-06
 Reference value :  1.55120e-06
 Reference value :  1.55200e-06
 Reference value :  1.55276e-06
 Reference value :  1.55355e-06
 Reference value :  1.55435e-06
 Reference value :  1.55514e-06
 Reference value :  1.55594e-06
 Reference value :  1.55674e-06
 Reference value :  1.55756e-06
 Reference value :  1.55832e-06
 Reference value :  1.55909e-06
 Reference value :  1.55989e-06
 Reference value :  1.56065e-06
 Reference value :  1.56147e-06
 Reference value :  1.56225e-06
 Reference value :  1.56305e-06
 Reference value :  1.56386e-06
 Reference value :  1.56467e-06
 Reference value :  1.56543e-06
 Reference value :  1.56621e-06
 Reference value :  1.56699e-06
 Reference value :  1.56776e-06
 Reference value :  1.56857e-06
 Reference value :  1.56939e-06
 Reference value :  1.57016e-06
 Reference value :  1.57098e-06
 Reference value :  1.57173e-06
 Reference value :  1.57251e-06
 Reference value :  1.57332e-06
 Reference value :  1.57410e-06
 Reference value :  1.57484e-06
 Reference value :  1.57562e-06
 Reference value :  1.57640e-06
 Reference value :  1.57717e-06
 Reference value :  1.57799e-06
 Reference value :  1.57878e-06
 Reference value :  1.57961e-06
 Reference value :  1.58039e-06
 Reference value :  1.58114e-06
 Reference value :  1.58190e-06
 Reference value :  1.58270e-06
 Reference value :  1.58349e-06
 Reference value :  1.58424e-06
 Reference value :  1.58503e-06
 Reference value :  1.58580e-06
 Reference value :  1.58655e-06
 Reference value :  1.58734e-06
 Reference value :  1.58816e-06
 Reference value :  1.58892e-06
 Reference value :  1.58969e-06
 Reference value :  1.59046e-06
 Reference value :  1.59127e-06
 Reference value :  1.59206e-06
 Reference value :  1.59285e-06
 Reference value :  1.59367e-06
 Reference value :  1.59445e-06
 Reference value :  1.59524e-06
 Reference value :  1.59601e-06
 Reference value :  1.59678e-06
 Reference value :  1.59757e-06
 Reference value :  1.59833e-06
 Reference value :  1.59909e-06
 Reference value :  1.59988e-06
 Reference value :  1.60065e-06
 Reference value :  1.60146e-06
 Reference value :  1.60226e-06
 Reference value :  1.60307e-06
 Reference value :  1.60386e-06
 Reference value :  1.60466e-06
 Reference value :  1.60550e-06
 Reference value :  1.60633e-06
 Reference value :  1.60715e-06
 Reference value :  1.60794e-06
 Reference value :  1.60870e-06
 Reference value :  1.60947e-06
 Reference value :  1.61026e-06
 Reference value :  1.61102e-06
 Reference value :  1.61178e-06
 Reference value :  1.61256e-06
 Reference value :  1.61332e-06
 Reference value :  1.61410e-06
 Reference value :  1.61490e-06
 Reference value :  1.61569e-06
 Reference value :  1.61649e-06
 Reference value :  1.61729e-06
 Reference value :  1.61808e-06
 Reference value :  1.61890e-06
 Reference value :  1.61968e-06
 Reference value :  1.62044e-06
 Reference value :  1.62122e-06
 Reference value :  1.62197e-06
 Reference value :  1.62276e-06
 Reference value :  1.62352e-06
 Reference value :  1.62427e-06
 Reference value :  1.62504e-06
 Reference value :  1.62582e-06
 Reference value :  1.62659e-06
 Reference value :  1.62739e-06
 Reference value :  1.62822e-06
 Reference value :  1.62898e-06
 Reference value :  1.62977e-06
 Reference value :  1.63054e-06
 Reference value :  1.63130e-06
 Reference value :  1.63207e-06
 Reference value :  1.63283e-06
 Reference value :  1.63359e-06
 Reference value :  1.63437e-06
 Reference value :  1.63516e-06
 Reference value :  1.63595e-06
 Reference value :  1.63674e-06
 Reference value :  1.63753e-06
 Reference value :  1.63831e-06
 Reference value :  1.63912e-06
 Reference value :  1.63988e-06
 Reference value :  1.64064e-06
 Reference value :  1.64142e-06
 Reference value :  1.64221e-06
 Reference value :  1.64297e-06
 Reference value :  1.64373e-06
 Reference value :  1.64454e-06
 Reference value :  1.64533e-06
 Reference value :  1.64614e-06
 Reference value :  1.64690e-06
 Reference value :  1.64767e-06
 Reference value :  1.64846e-06
 Reference value :  1.64924e-06
 Reference value :  1.65002e-06
 Reference value :  1.65081e-06
 Reference value :  1.65164e-06
 Reference value :  1.65247e-06
 Reference value :  1.65326e-06
 Reference value :  1.65403e-06
 Reference value :  1.65483e-06
 Reference value :  1.65564e-06
 Reference value :  1.65640e-06
 Reference value :  1.65720e-06
 Reference value :  1.65796e-06
 Reference value :  1.65872e-06
 Reference value :  1.65950e-06
 Reference value :  1.66027e-06
 Reference value :  1.66106e-06
 Reference value :  1.66183e-06
 Reference value :  1.66259e-06
 Reference value :  1.66335e-06
 Reference value :  1.66415e-06
 Reference value :  1.66493e-06
 Reference value :  1.66570e-06
 Reference value :  1.66646e-06
 Reference value :  1.66724e-06
 Reference value :  1.66805e-06
 Reference value :  1.66883e-06
 Reference value :  1.66963e-06
 Reference value :  1.67039e-06
 Reference value :  1.67117e-06
 Reference value :  1.67195e-06
 Reference value :  1.67273e-06
 Reference value :  1.67355e-06
 Reference value :  1.67432e-06
 Reference value :  1.67512e-06
 Reference value :  1.67590e-06
 Reference value :  1.67666e-06
 Reference value :  1.67749e-06
 Reference value :  1.67825e-06
 Reference value :  1.67902e-06
 Reference value :  1.67980e-06
 Reference value :  1.68060e-06
 Reference value :  1.68139e-06
 Reference value :  1.68219e-06
 Reference value :  1.68296e-06
 Reference value :  1.68372e-06
 Reference value :  1.68453e-06
 Reference value :  1.68532e-06
 Reference value :  1.68606e-06
 Reference value :  1.68688e-06
 Reference value :  1.68766e-06
 Reference value :  1.68844e-06
 Reference value :  1.68921e-06
 Reference value :  1.69000e-06
 Reference value :  1.69077e-06
 Reference value :  1.69152e-06
 Reference value :  1.69229e-06
 Reference value :  1.69307e-06
 Reference value :  1.69385e-06
 Reference value :  1.69461e-06
 Reference value :  1.69537e-06
 Reference value :  1.69614e-06
 Reference value :  1.69692e-06
 Reference value :  1.69772e-06
 Reference value :  1.69852e-06
 Reference value :  1.69937e-06
 Reference value :  1.70015e-06
 Reference value :  1.70094e-06
 Reference value :  1.70172e-06
 Reference value :  1.70248e-06
 Reference value :  1.70325e-06
 Reference value :  1.70403e-06
 Reference value :  1.70481e-06
 Reference value :  1.70557e-06
 Reference value :  1.70634e-06
 Reference value :  1.70710e-06
 Reference value :  1.70786e-06
 Reference value :  1.70863e-06
 Reference value :  1.70940e-06
 Reference value :  1.71015e-06
 Reference value :  1.71094e-06
 Reference value :  1.71169e-06
 Reference value :  1.71247e-06
 Reference value :  1.71323e-06
 Reference value :  1.71397e-06
 Reference value :  1.71475e-06
 Reference value :  1.71552e-06
 Reference value :  1.71629e-06
 Reference value :  1.71707e-06
 Reference value :  1.71783e-06
 Reference value :  1.71861e-06
 Reference value :  1.71941e-06
 Reference value :  1.72016e-06
 Reference value :  1.72095e-06
 Reference value :  1.72173e-06
 Reference value :  1.72251e-06
 Reference value :  1.72327e-06
 Reference value :  1.72405e-06
 Reference value :  1.72487e-06
 Reference value :  1.72563e-06
 Reference value :  1.72640e-06
 Reference value :  1.72721e-06
 Reference value :  1.72798e-06
 Reference value :  1.72882e-06
 Reference value :  1.72962e-06
 Reference value :  1.73039e-06
 Reference value :  1.73118e-06
 Reference value :  1.73197e-06
 Reference value :  1.73274e-06
 Reference value :  1.73349e-06
 Reference value :  1.73426e-06
 Reference value :  1.73508e-06
 Reference value :  1.73587e-06
 Reference value :  1.73668e-06
 Reference value :  1.73750e-06
 Reference value :  1.73829e-06
 Reference value :  1.73904e-06
 Reference value :  1.73979e-06
 Reference value :  1.74060e-06
 Reference value :  1.74141e-06
 Reference value :  1.74221e-06
 Reference value :  1.74302e-06
 Reference value :  1.74378e-06
 Reference value :  1.74458e-06
 Reference value :  1.74533e-06
 Reference value :  1.74610e-06
 Reference value :  1.74686e-06
 Reference value :  1.74765e-06
 Reference value :  1.74848e-06
 Reference value :  1.74924e-06
 Reference value :  1.75002e-06
 Reference value :  1.75085e-06
 Reference value :  1.75160e-06
 Reference value :  1.75236e-06
 Reference value :  1.75316e-06
 Reference value :  1.75393e-06
 Reference value :  1.75472e-06
 Reference value :  1.75553e-06
 Reference value :  1.75630e-06
 Reference value :  1.75707e-06
 Reference value :  1.75788e-06
 Reference value :  1.75863e-06
 Reference value :  1.75943e-06
 Reference value :  1.76019e-06
 Reference value :  1.76094e-06
 Reference value :  1.76170e-06
 Reference value :  1.76248e-06
 Reference value :  1.76323e-06
 Reference value :  1.76399e-06
 Reference value :  1.76480e-06
 Reference value :  1.76555e-06
 Reference value :  1.76630e-06
 Reference value :  1.76713e-06
 Reference value :  1.76789e-06
 Reference value :  1.76871e-06
 Reference value :  1.76950e-06
 Reference value :  1.77025e-06
 Reference value :  1.77102e-06
 Reference value :  1.77180e-06
 Reference value :  1.77262e-06
 Reference value :  1.77346e-06
 Reference value :  1.77421e-06
 Reference value :  1.77497e-06
 Reference value :  1.77576e-06
 Reference value :  1.77651e-06
 Reference value :  1.77729e-06
 Reference value :  1.77811e-06
 Reference value :  1.77886e-06
 Reference value :  1.77964e-06
 Reference value :  1.78043e-06
 Reference value :  1.78120e-06
 Reference value :  1.78201e-06
 Reference value :  1.78282e-06
 Reference value :  1.78361e-06
 Reference value :  1.78439e-06
 Reference value :  1.78520e-06
 Reference value :  1.78597e-06
 Reference value :  1.78677e-06
 Reference value :  1.78756e-06
 Reference value :  1.78834e-06
 Reference value :  1.78913e-06
 Reference value :  1.78989e-06
 Reference value :  1.79067e-06
 Reference value :  1.79151e-06
 Reference value :  1.79237e-06
 Reference value :  1.79325e-06
 Reference value :  1.79411e-06
 Reference value :  1.79487e-06
 Reference value :  1.79572e-06
 Reference value :  1.79652e-06
 Reference value :  1.79742e-06
 Reference value :  1.79825e-06
 Reference value :  1.79908e-06
 Reference value :  1.79991e-06
 Reference value :  1.80076e-06
 Reference value :  1.80170e-06
 Reference value :  1.80259e-06
 Reference value :  1.80351e-06
 Reference value :  1.80441e-06
 Reference value :  1.80530e-06
 Reference value :  1.80620e-06
 Reference value :  1.80706e-06
 Reference value :  1.80782e-06
 Reference value :  1.80867e-06
 Reference value :  1.80948e-06
 Reference value :  1.81044e-06
 Reference value :  1.81131e-06
 Reference value :  1.81218e-06
 Reference value :  1.81306e-06
 Reference value :  1.81392e-06
 Reference value :  1.81482e-06
 Reference value :  1.81559e-06
 Reference value :  1.81634e-06
 Reference value :  1.81737e-06
 Reference value :  1.81820e-06
 Reference value :  1.81901e-06
 Reference value :  1.81988e-06
 Reference value :  1.82074e-06
 Reference value :  1.82155e-06
 Reference value :  1.82248e-06
 Reference value :  1.82333e-06
 Reference value :  1.82412e-06
 Reference value :  1.82503e-06
 Reference value :  1.82593e-06
 Reference value :  1.82682e-06
 Reference value :  1.82763e-06
 Reference value :  1.82847e-06
 Reference value :  1.82924e-06
 Reference value :  1.83003e-06
 Reference value :  1.83079e-06
 Reference value :  1.83160e-06
 Reference value :  1.83236e-06
 Reference value :  1.83313e-06
 Reference value :  1.83389e-06
 Reference value :  1.83464e-06
 Reference value :  1.83539e-06
 Reference value :  1.83622e-06
 Reference value :  1.83699e-06
 Reference value :  1.83776e-06
 Reference value :  1.83863e-06
 Reference value :  1.83938e-06
 Reference value :  1.84015e-06
 Reference value :  1.84095e-06
 Reference value :  1.84170e-06
 Reference value :  1.84248e-06
 Reference value :  1.84327e-06
 Reference value :  1.84404e-06
 Reference value :  1.84479e-06
 Reference value :  1.84557e-06
 Reference value :  1.84632e-06
 Reference value :  1.84711e-06
 Reference value :  1.84789e-06
 Reference value :  1.84870e-06
 Reference value :  1.84951e-06
 Reference value :  1.85027e-06
 Reference value :  1.85102e-06
 Reference value :  1.85179e-06
 Reference value :  1.85261e-06
 Reference value :  1.85338e-06
 Reference value :  1.85415e-06
 Reference value :  1.85493e-06
 Reference value :  1.85568e-06
 Reference value :  1.85645e-06
 Reference value :  1.85720e-06
 Reference value :  1.85797e-06
 Reference value :  1.85878e-06
 Reference value :  1.85955e-06
 Reference value :  1.86033e-06
 Reference value :  1.86110e-06
 Reference value :  1.86192e-06
 Reference value :  1.86269e-06
 Reference value :  1.86355e-06
 Reference value :  1.86431e-06
 Reference value :  1.86513e-06
 Reference value :  1.86590e-06
 Reference value :  1.86665e-06
 Reference value :  1.86744e-06
 Reference value :  1.86826e-06
 Reference value :  1.86905e-06
 Reference value :  1.86983e-06
 Reference value :  1.87062e-06
 Reference value :  1.87139e-06
 Reference value :  1.87218e-06
 Reference value :  1.87294e-06
 Reference value :  1.87371e-06
 Reference value :  1.87450e-06
 Reference value :  1.87525e-06
 Reference value :  1.87606e-06
 Reference value :  1.87684e-06
 Reference value :  1.87759e-06
 Reference value :  1.87835e-06
 Reference value :  1.87919e-06
 Reference value :  1.88000e-06
 Reference value :  1.88078e-06
 Reference value :  1.88156e-06
 Reference value :  1.88245e-06
 Reference value :  1.88323e-06
 Reference value :  1.88406e-06
 Reference value :  1.88482e-06
 Reference value :  1.88558e-06
 Reference value :  1.88639e-06
 Reference value :  1.88714e-06
 Reference value :  1.88795e-06
 Reference value :  1.88874e-06
 Reference value :  1.88952e-06
 Reference value :  1.89029e-06
 Reference value :  1.89105e-06
 Reference value :  1.89183e-06
 Reference value :  1.89261e-06
 Reference value :  1.89343e-06
 Reference value :  1.89418e-06
 Reference value :  1.89503e-06
 Reference value :  1.89586e-06
 Reference value :  1.89665e-06
 Reference value :  1.89743e-06
 Reference value :  1.89825e-06
 Reference value :  1.89912e-06
 Reference value :  1.89999e-06
 Reference value :  1.90079e-06
 Reference value :  1.90163e-06
 Reference value :  1.90251e-06
 Reference value :  1.90338e-06
 Reference value :  1.90428e-06
 Reference value :  1.90511e-06
 Reference value :  1.90591e-06
 Reference value :  1.90675e-06
 Reference value :  1.90766e-06
 Reference value :  1.90842e-06
 Reference value :  1.90930e-06
 Reference value :  1.91021e-06
 Reference value :  1.91108e-06
 Reference value :  1.91190e-06
 Reference value :  1.91286e-06
 Reference value :  1.91370e-06
 Reference value :  1.91453e-06
 Reference value :  1.91543e-06
 Reference value :  1.91635e-06
 Reference value :  1.91719e-06
 Reference value :  1.91796e-06
 Reference value :  1.91885e-06
 Reference value :  1.91972e-06
 Reference value :  1.92048e-06
 Reference value :  1.92133e-06
 Reference value :  1.92227e-06
 Reference value :  1.92314e-06
 Reference value :  1.92392e-06
 Reference value :  1.92483e-06
 Reference value :  1.92561e-06
 Reference value :  1.92639e-06
 Reference value :  1.92717e-06
 Reference value :  1.92809e-06
 Reference value :  1.92889e-06
 Reference value :  1.92973e-06
 Reference value :  1.93051e-06
 Reference value :  1.93136e-06
 Reference value :  1.93220e-06
 Reference value :  1.93303e-06
 Reference value :  1.93383e-06
 Reference value :  1.93461e-06
 Reference value :  1.93537e-06
 Reference value :  1.93614e-06
 Reference value :  1.93692e-06
 Reference value :  1.93771e-06
 Reference value :  1.93869e-06
 Reference value :  1.93955e-06
 Reference value :  1.94033e-06
 Reference value :  1.94110e-06
 Reference value :  1.94207e-06
 Reference value :  1.94295e-06
 Reference value :  1.94381e-06
 Reference value :  1.94459e-06
 Reference value :  1.94543e-06
 Reference value :  1.94624e-06
 Reference value :  1.94701e-06
 Reference value :  1.94781e-06
 Reference value :  1.94858e-06
 Reference value :  1.94940e-06
 Reference value :  1.95017e-06
 Reference value :  1.95097e-06
 Reference value :  1.95174e-06
 Reference value :  1.95255e-06
 Reference value :  1.95336e-06
 Reference value :  1.95417e-06
 Reference value :  1.95496e-06
 Reference value :  1.95575e-06
 Reference value :  1.95657e-06
 Reference value :  1.95733e-06
 Reference value :  1.95808e-06
 Reference value :  1.95885e-06
 Reference value :  1.95964e-06
 Reference value :  1.96042e-06
 Reference value :  1.96119e-06
 Reference value :  1.96196e-06
 Reference value :  1.96273e-06
 Reference value :  1.96350e-06
 Reference value :  1.96428e-06
 Reference value :  1.96504e-06
 Reference value :  1.96580e-06
 Reference value :  1.96658e-06
 Reference value :  1.96737e-06
 Reference value :  1.96812e-06
 Reference value :  1.96890e-06
 Reference value :  1.96968e-06
 Reference value :  1.97046e-06
 Reference value :  1.97123e-06
 Reference value :  1.97200e-06
 Reference value :  1.97280e-06
 Reference value :  1.97355e-06
 Reference value :  1.97436e-06
 Reference value :  1.97515e-06
 Reference value :  1.97592e-06
 Reference value :  1.97670e-06
 Reference value :  1.97745e-06
 Reference value :  1.97823e-06
 Reference value :  1.97901e-06
 Reference value :  1.97976e-06
 Reference value :  1.98058e-06
 Reference value :  1.98133e-06
 Reference value :  1.98210e-06
 Reference value :  1.98287e-06
 Reference value :  1.98372e-06
 Reference value :  1.98451e-06
 Reference value :  1.98528e-06
 Reference value :  1.98606e-06
 Reference value :  1.98681e-06
 Reference value :  1.98759e-06
 Reference value :  1.98836e-06
 Reference value :  1.98914e-06
 Reference value :  1.98991e-06
 Reference value :  1.99070e-06
 Reference value :  1.99145e-06
 Reference value :  1.99223e-06
 Reference value :  1.99300e-06
 Reference value :  1.99377e-06
 Reference value :  1.99455e-06
 Reference value :  1.99531e-06
 Reference value :  1.99609e-06
 Reference value :  1.99686e-06
 Reference value :  1.99760e-06
 Reference value :  1.99840e-06
 Reference value :  1.99915e-06
 Reference value :  1.99993e-06
 Reference value :  2.00070e-06
 Reference value :  2.00147e-06
 Reference value :  2.00229e-06
 Reference value :  2.00309e-06
 Reference value :  2.00388e-06
 Reference value :  2.00465e-06
 Reference value :  2.00542e-06
 Reference value :  2.00624e-06
 Reference value :  2.00701e-06
 Reference value :  2.00777e-06
 Reference value :  2.00856e-06
 Reference value :  2.00935e-06
 Reference value :  2.01010e-06
 Reference value :  2.01091e-06
 Reference value :  2.01167e-06
 Reference value :  2.01250e-06
 Reference value :  2.01326e-06
 Reference value :  2.01405e-06
 Reference value :  2.01482e-06
 Reference value :  2.01558e-06
 Reference value :  2.01639e-06
 Reference value :  2.01715e-06
 Reference value :  2.01793e-06
 Reference value :  2.01868e-06
 Reference value :  2.01943e-06
 Reference value :  2.02022e-06
 Reference value :  2.02104e-06
 Reference value :  2.02187e-06
 Reference value :  2.02266e-06
 Reference value :  2.02349e-06
 Reference value :  2.02431e-06
 Reference value :  2.02509e-06
 Reference value :  2.02589e-06
 Reference value :  2.02666e-06
 Reference value :  2.02743e-06
 Reference value :  2.02819e-06
 Reference value :  2.02898e-06
 Reference value :  2.02972e-06
 Reference value :  2.03047e-06
 Reference value :  2.03124e-06
 Reference value :  2.03199e-06
 Reference value :  2.03282e-06
 Reference value :  2.03364e-06
 Reference value :  2.03438e-06
 Reference value :  2.03515e-06
 Reference value :  2.03593e-06
 Reference value :  2.03667e-06
 Reference value :  2.03744e-06
 Reference value :  2.03823e-06
 Reference value :  2.03905e-06
 Reference value :  2.03982e-06
 Reference value :  2.04061e-06
 Reference value :  2.04143e-06
 Reference value :  2.04223e-06
 Reference value :  2.04303e-06
 Reference value :  2.04380e-06
 Reference value :  2.04460e-06
 Reference value :  2.04538e-06
 Reference value :  2.04624e-06
 Reference value :  2.04701e-06
 Reference value :  2.04781e-06
 Reference value :  2.04861e-06
 Reference value :  2.04936e-06
 Reference value :  2.05014e-06
 Reference value :  2.05089e-06
 Reference value :  2.05164e-06
 Reference value :  2.05241e-06
 Reference value :  2.05319e-06
 Reference value :  2.05395e-06
 Reference value :  2.05485e-06
 Reference value :  2.05560e-06
 Reference value :  2.05643e-06
 Reference value :  2.05733e-06
 Reference value :  2.05808e-06
 Reference value :  2.05886e-06
 Reference value :  2.05962e-06
 Reference value :  2.06038e-06
 Reference value :  2.06115e-06
 Reference value :  2.06193e-06
 Reference value :  2.06271e-06
 Reference value :  2.06346e-06
 Reference value :  2.06427e-06
 Reference value :  2.06505e-06
 Reference value :  2.06581e-06
 Reference value :  2.06659e-06
 Reference value :  2.06742e-06
 Reference value :  2.06817e-06
 Reference value :  2.06897e-06
 Reference value :  2.06982e-06
 Reference value :  2.07057e-06
 Reference value :  2.07136e-06
 Reference value :  2.07212e-06
 Reference value :  2.07293e-06
 Reference value :  2.07373e-06
 Reference value :  2.07453e-06
 Reference value :  2.07530e-06
 Reference value :  2.07608e-06
 Reference value :  2.07684e-06
 Reference value :  2.07762e-06
 Reference value :  2.07844e-06
 Reference value :  2.07923e-06
 Reference value :  2.08002e-06
 Reference value :  2.08085e-06
 Reference value :  2.08162e-06
 Reference value :  2.08238e-06
 Reference value :  2.08315e-06
 Reference value :  2.08393e-06
 Reference value :  2.08469e-06
 Reference value :  2.08548e-06
 Reference value :  2.08626e-06
 Reference value :  2.08702e-06
 Reference value :  2.08785e-06
 Reference value :  2.08863e-06
 Reference value :  2.08940e-06
 Reference value :  2.09023e-06
 Reference value :  2.09099e-06
 Reference value :  2.09174e-06
 Reference value :  2.09257e-06
 Reference value :  2.09333e-06
 Reference value :  2.09409e-06
 Reference value :  2.09490e-06
 Reference value :  2.09567e-06
 Reference value :  2.09645e-06
 Reference value :  2.09738e-06
 Reference value :  2.09821e-06
 Reference value :  2.09899e-06
 Reference value :  2.09975e-06
 Reference value :  2.10060e-06
 Reference value :  2.10139e-06
 Reference value :  2.10215e-06
 Reference value :  2.10292e-06
 Reference value :  2.10370e-06
 Reference value :  2.10447e-06
 Reference value :  2.10526e-06
 Reference value :  2.10604e-06
 Reference value :  2.10680e-06
 Reference value :  2.10761e-06
 Reference value :  2.10838e-06
 Reference value :  2.10914e-06
 Reference value :  2.10992e-06
 Reference value :  2.11079e-06
 Reference value :  2.11167e-06
 Reference value :  2.11246e-06
 Reference value :  2.11328e-06
 Reference value :  2.11406e-06
 Reference value :  2.11489e-06
 Reference value :  2.11565e-06
 Reference value :  2.11640e-06
 Reference value :  2.11719e-06
 Reference value :  2.11798e-06
 Reference value :  2.11876e-06
 Reference value :  2.11951e-06
 Reference value :  2.12031e-06
 Reference value :  2.12110e-06
 Reference value :  2.12187e-06
 Reference value :  2.12265e-06
 Reference value :  2.12340e-06
 Reference value :  2.12418e-06
 Reference value :  2.12499e-06
 Reference value :  2.12577e-06
 Reference value :  2.12654e-06
 Reference value :  2.12738e-06
 Reference value :  2.12814e-06
 Reference value :  2.12889e-06
 Reference value :  2.12968e-06
 Reference value :  2.13045e-06
 Reference value :  2.13123e-06
 Reference value :  2.13203e-06
 Reference value :  2.13278e-06
 Reference value :  2.13354e-06
 Reference value :  2.13437e-06
 Reference value :  2.13514e-06
 Reference value :  2.13596e-06
 Reference value :  2.13677e-06
 Reference value :  2.13755e-06
 Reference value :  2.13836e-06
 Reference value :  2.13913e-06
 Reference value :  2.13989e-06
 Reference value :  2.14068e-06
 Reference value :  2.14145e-06
 Reference value :  2.14220e-06
 Reference value :  2.14298e-06
 Reference value :  2.14375e-06
 Reference value :  2.14452e-06
 Reference value :  2.14527e-06
 Reference value :  2.14604e-06
 Reference value :  2.14681e-06
 Reference value :  2.14764e-06
 Reference value :  2.14845e-06
 Reference value :  2.14923e-06
 Reference value :  2.15006e-06
 Reference value :  2.15084e-06
 Reference value :  2.15159e-06
 Reference value :  2.15234e-06
 Reference value :  2.15311e-06
 Reference value :  2.15389e-06
 Reference value :  2.15465e-06
 Reference value :  2.15541e-06
 Reference value :  2.15621e-06
 Reference value :  2.15703e-06
 Reference value :  2.15779e-06
 Reference value :  2.15856e-06
 Reference value :  2.15932e-06
 Reference value :  2.16012e-06
 Reference value :  2.16089e-06
 Reference value :  2.16165e-06
 Reference value :  2.16241e-06
 Reference value :  2.16322e-06
 Reference value :  2.16403e-06
 Reference value :  2.16479e-06
 Reference value :  2.16557e-06
 Reference value :  2.16634e-06
 Reference value :  2.16710e-06
 Reference value :  2.16791e-06
 Reference value :  2.16867e-06
 Reference value :  2.16944e-06
 Reference value :  2.17027e-06
 Reference value :  2.17106e-06
 Reference value :  2.17182e-06
 Reference value :  2.17261e-06
 Reference value :  2.17339e-06
 Reference value :  2.17418e-06
 Reference value :  2.17497e-06
 Reference value :  2.17575e-06
 Reference value :  2.17652e-06
 Reference value :  2.17726e-06
 Reference value :  2.17805e-06
 Reference value :  2.17880e-06
 Reference value :  2.17964e-06
 Reference value :  2.18044e-06
 Reference value :  2.18121e-06
 Reference value :  2.18204e-06
 Reference value :  2.18279e-06
 Reference value :  2.18358e-06
 Reference value :  2.18440e-06
 Reference value :  2.18516e-06
 Reference value :  2.18593e-06
 Reference value :  2.18672e-06
 Reference value :  2.18749e-06
 Reference value :  2.18828e-06
 Reference value :  2.18907e-06
 Reference value :  2.18982e-06
 Reference value :  2.19063e-06
 Reference value :  2.19141e-06
 Reference value :  2.19218e-06
 Reference value :  2.19296e-06
 Reference value :  2.19376e-06
 Reference value :  2.19459e-06
 Reference value :  2.19535e-06
 Reference value :  2.19617e-06
 Reference value :  2.19695e-06
 Reference value :  2.19773e-06
 Reference value :  2.19852e-06
 Reference value :  2.19927e-06
 Reference value :  2.20003e-06
 Reference value :  2.20079e-06
 Reference value :  2.20166e-06
 Reference value :  2.20245e-06
 Reference value :  2.20323e-06
 Reference value :  2.20398e-06
 Reference value :  2.20481e-06
 Reference value :  2.20557e-06
 Reference value :  2.20636e-06
 Reference value :  2.20715e-06
 Reference value :  2.20790e-06
 Reference value :  2.20867e-06
 Reference value :  2.20950e-06
 Reference value :  2.21029e-06
 Reference value :  2.21105e-06
 Reference value :  2.21183e-06
 Reference value :  2.21267e-06
 Reference value :  2.21344e-06
 Reference value :  2.21423e-06
 Reference value :  2.21504e-06
 Reference value :  2.21580e-06
 Reference value :  2.21657e-06
 Reference value :  2.21733e-06
 Reference value :  2.21811e-06
 Reference value :  2.21888e-06
 Reference value :  2.21964e-06
 Reference value :  2.22044e-06
 Reference value :  2.22122e-06
 Reference value :  2.22200e-06
 Reference value :  2.22277e-06
 Reference value :  2.22354e-06
 Reference value :  2.22432e-06
 Reference value :  2.22512e-06
 Reference value :  2.22590e-06
 Reference value :  2.22669e-06
 Reference value :  2.22749e-06
 Reference value :  2.22823e-06
 Reference value :  2.22904e-06
 Reference value :  2.22982e-06
 Reference value :  2.23062e-06
 Reference value :  2.23140e-06
 Reference value :  2.23220e-06
 Reference value :  2.23297e-06
 Reference value :  2.23373e-06
 Reference value :  2.23454e-06
 Reference value :  2.23530e-06
 Reference value :  2.23673e-06
 Reference value :  2.23815e-06
 Reference value :  2.23944e-06
 Reference value :  2.24087e-06
 Reference value :  2.24163e-06
 Reference value :  2.24241e-06
 Reference value :  2.24324e-06
 Reference value :  2.24401e-06
 Reference value :  2.24479e-06
 Reference value :  2.24554e-06
 Reference value :  2.24636e-06
 Reference value :  2.24715e-06
 Reference value :  2.24791e-06
 Reference value :  2.24868e-06
 Reference value :  2.24950e-06
 Reference value :  2.25033e-06
 Reference value :  2.25112e-06
 Reference value :  2.25190e-06
 Reference value :  2.25267e-06
 Reference value :  2.25344e-06
 Reference value :  2.25420e-06
 Reference value :  2.25499e-06
 Reference value :  2.25575e-06
 Reference value :  2.25653e-06
 Reference value :  2.25730e-06
 Reference value :  2.25807e-06
 Reference value :  2.25882e-06
 Reference value :  2.25960e-06
 Reference value :  2.26038e-06
 Reference value :  2.26115e-06
 Reference value :  2.26191e-06
 Reference value :  2.26269e-06
 Reference value :  2.26352e-06
 Reference value :  2.26432e-06
 Reference value :  2.26512e-06
 Reference value :  2.26590e-06
 Reference value :  2.26672e-06
 Reference value :  2.26752e-06
 Reference value :  2.26830e-06
 Reference value :  2.26911e-06
 Reference value :  2.26989e-06
 Reference value :  2.27066e-06
 Reference value :  2.27143e-06
 Reference value :  2.27218e-06
 Reference value :  2.27296e-06
 Reference value :  2.27372e-06
 Reference value :  2.27448e-06
 Reference value :  2.27528e-06
 Reference value :  2.27605e-06
 Reference value :  2.27682e-06
 Reference value :  2.27766e-06
 Reference value :  2.27845e-06
 Reference value :  2.27924e-06
 Reference value :  2.28008e-06
 Reference value :  2.28088e-06
 Reference value :  2.28167e-06
 Reference value :  2.28247e-06
 Reference value :  2.28323e-06
 Reference value :  2.28399e-06
 Reference value :  2.28475e-06
 Reference value :  2.28550e-06
 Reference value :  2.28628e-06
 Reference value :  2.28705e-06
 Reference value :  2.28787e-06
 Reference value :  2.28863e-06
 Reference value :  2.28941e-06
 Reference value :  2.29018e-06
 Reference value :  2.29098e-06
 Reference value :  2.29176e-06
 Reference value :  2.29261e-06
 Reference value :  2.29341e-06
 Reference value :  2.29419e-06
 Reference value :  2.29497e-06
 Reference value :  2.29574e-06
 Reference value :  2.29652e-06
 Reference value :  2.29730e-06
 Reference value :  2.29806e-06
 Reference value :  2.29881e-06
 Reference value :  2.29958e-06
 Reference value :  2.30037e-06
 Reference value :  2.30114e-06
 Reference value :  2.30194e-06
 Reference value :  2.30275e-06
 Reference value :  2.30354e-06
 Reference value :  2.30434e-06
 Reference value :  2.30514e-06
 Reference value :  2.30593e-06
 Reference value :  2.30675e-06
 Reference value :  2.30751e-06
 Reference value :  2.30827e-06
 Reference value :  2.30905e-06
 Reference value :  2.30983e-06
 Reference value :  2.31061e-06
 Reference value :  2.31141e-06
 Reference value :  2.31218e-06
 Reference value :  2.31296e-06
 Reference value :  2.31373e-06
 Reference value :  2.31452e-06
 Reference value :  2.31528e-06
 Reference value :  2.31604e-06
 Reference value :  2.31684e-06
 Reference value :  2.31766e-06
 Reference value :  2.31846e-06
 Reference value :  2.31925e-06
 Reference value :  2.32002e-06
 Reference value :  2.32079e-06
 Reference value :  2.32158e-06
 Reference value :  2.32236e-06
 Reference value :  2.32311e-06
 Reference value :  2.32387e-06
 Reference value :  2.32464e-06
 Reference value :  2.32540e-06
 Reference value :  2.32616e-06
 Reference value :  2.32692e-06
 Reference value :  2.32769e-06
 Reference value :  2.32849e-06
 Reference value :  2.32931e-06
 Reference value :  2.33013e-06
 Reference value :  2.33094e-06
 Reference value :  2.33175e-06
 Reference value :  2.33251e-06
 Reference value :  2.33328e-06
 Reference value :  2.33408e-06
 Reference value :  2.33486e-06
 Reference value :  2.33565e-06
 Reference value :  2.33648e-06
 Reference value :  2.33735e-06
 Reference value :  2.33820e-06
 Reference value :  2.33898e-06
 Reference value :  2.33974e-06
 Reference value :  2.34060e-06
 Reference value :  2.34137e-06
 Reference value :  2.34213e-06
 Reference value :  2.34294e-06
 Reference value :  2.34373e-06
 Reference value :  2.34448e-06
 Reference value :  2.34529e-06
 Reference value :  2.34609e-06
 Reference value :  2.34687e-06
 Reference value :  2.34767e-06
 Reference value :  2.34844e-06
 Reference value :  2.34920e-06
 Reference value :  2.35001e-06
 Reference value :  2.35081e-06
 Reference value :  2.35163e-06
 Reference value :  2.35241e-06
 Reference value :  2.35319e-06
 Reference value :  2.35396e-06
 Reference value :  2.35472e-06
 Reference value :  2.35550e-06
 Reference value :  2.35625e-06
 Reference value :  2.35705e-06
 Reference value :  2.35783e-06
 Reference value :  2.35858e-06
 Reference value :  2.35934e-06
 Reference value :  2.36015e-06
 Reference value :  2.36092e-06
 Reference value :  2.36179e-06
 Reference value :  2.36254e-06
 Reference value :  2.36332e-06
 Reference value :  2.36414e-06
 Reference value :  2.36492e-06
 Reference value :  2.36571e-06
 Reference value :  2.36654e-06
 Reference value :  2.36735e-06
 Reference value :  2.36812e-06
 Reference value :  2.36891e-06
 Reference value :  2.36969e-06
 Reference value :  2.37044e-06
 Reference value :  2.37126e-06
 Reference value :  2.37205e-06
 Reference value :  2.37282e-06
 Reference value :  2.37362e-06
 Reference value :  2.37439e-06
 Reference value :  2.37515e-06
 Reference value :  2.37596e-06
 Reference value :  2.37675e-06
 Reference value :  2.37752e-06
 Reference value :  2.37833e-06
 Reference value :  2.37916e-06
 Reference value :  2.37991e-06
 Reference value :  2.38073e-06
 Reference value :  2.38153e-06
 Reference value :  2.38229e-06
 Reference value :  2.38310e-06
 Reference value :  2.38385e-06
 Reference value :  2.38461e-06
 Reference value :  2.38546e-06
 Reference value :  2.38621e-06
 Reference value :  2.38699e-06
 Reference value :  2.38777e-06
 Reference value :  2.38852e-06
 Reference value :  2.38933e-06
 Reference value :  2.39010e-06
 Reference value :  2.39086e-06
 Reference value :  2.39164e-06
 Reference value :  2.39240e-06
 Reference value :  2.39316e-06
 Reference value :  2.39395e-06
 Reference value :  2.39469e-06
 Reference value :  2.39547e-06
 Reference value :  2.39624e-06
 Reference value :  2.39700e-06
 Reference value :  2.39777e-06
 Reference value :  2.39854e-06
 Reference value :  2.39936e-06
 Reference value :  2.40010e-06
 Reference value :  2.40087e-06
 Reference value :  2.40164e-06
 Reference value :  2.40239e-06
 Reference value :  2.40314e-06
 Reference value :  2.40391e-06
 Reference value :  2.40475e-06
 Reference value :  2.40552e-06
 Reference value :  2.40634e-06
 Reference value :  2.40711e-06
 Reference value :  2.40788e-06
 Reference value :  2.40864e-06
 Reference value :  2.40939e-06
 Reference value :  2.41015e-06
 Reference value :  2.41091e-06
 Reference value :  2.41167e-06
 Reference value :  2.41245e-06
 Reference value :  2.41319e-06
 Reference value :  2.41398e-06
 Reference value :  2.41478e-06
 Reference value :  2.41558e-06
 Reference value :  2.41639e-06
 Reference value :  2.41722e-06
 Reference value :  2.41804e-06
 Reference value :  2.41893e-06
 Reference value :  2.41968e-06
 Reference value :  2.42045e-06
 Reference value :  2.42125e-06
 Reference value :  2.42200e-06
 Reference value :  2.42275e-06
 Reference value :  2.42353e-06
 Reference value :  2.42428e-06
 Reference value :  2.42507e-06
 Reference value :  2.42584e-06
 Reference value :  2.42668e-06
 Reference value :  2.42751e-06
 Reference value :  2.42831e-06
 Reference value :  2.42907e-06
 Reference value :  2.42984e-06
 Reference value :  2.43066e-06
 Reference value :  2.43142e-06
 Reference value :  2.43225e-06
 Reference value :  2.43300e-06
 Reference value :  2.43375e-06
 Reference value :  2.43457e-06
 Reference value :  2.43534e-06
 Reference value :  2.43614e-06
 Reference value :  2.43692e-06
 Reference value :  2.43768e-06
 Reference value :  2.43844e-06
 Reference value :  2.43920e-06
 Reference value :  2.43995e-06
 Reference value :  2.44074e-06
 Reference value :  2.44152e-06
 Reference value :  2.44228e-06
 Reference value :  2.44317e-06
 Reference value :  2.44393e-06
 Reference value :  2.44476e-06
 Reference value :  2.44553e-06
 Reference value :  2.44628e-06
 Reference value :  2.44707e-06
 Reference value :  2.44785e-06
 Reference value :  2.44861e-06
 Reference value :  2.44939e-06
 Reference value :  2.45021e-06
 Reference value :  2.45099e-06
 Reference value :  2.45179e-06
 Reference value :  2.45264e-06
 Reference value :  2.45341e-06
 Reference value :  2.45419e-06
 Reference value :  2.45496e-06
 Reference value :  2.45572e-06
 Reference value :  2.45654e-06
 Reference value :  2.45731e-06
 Reference value :  2.45811e-06
 Reference value :  2.45889e-06
 Reference value :  2.45964e-06
 Reference value :  2.46039e-06
 Reference value :  2.46120e-06
 Reference value :  2.46197e-06
 Reference value :  2.46273e-06
 Reference value :  2.46354e-06
 Reference value :  2.46431e-06
 Reference value :  2.46510e-06
 Reference value :  2.46587e-06
 Reference value :  2.46663e-06
 Reference value :  2.46742e-06
 Reference value :  2.46822e-06
 Reference value :  2.46898e-06
 Reference value :  2.46978e-06
 Reference value :  2.47058e-06
 Reference value :  2.47140e-06
 Reference value :  2.47219e-06
 Reference value :  2.47298e-06
 Reference value :  2.47374e-06
 Reference value :  2.47452e-06
 Reference value :  2.47527e-06
 Reference value :  2.47605e-06
 Reference value :  2.47686e-06
 Reference value :  2.47769e-06
 Reference value :  2.47846e-06
 Reference value :  2.47921e-06
 Reference value :  2.47999e-06
 Reference value :  2.48077e-06
 Reference value :  2.48152e-06
 Reference value :  2.48228e-06
 Reference value :  2.48302e-06
 Reference value :  2.48378e-06
 Reference value :  2.48456e-06
 Reference value :  2.48531e-06
 Reference value :  2.48613e-06
 Reference value :  2.48688e-06
 Reference value :  2.48768e-06
 Reference value :  2.48844e-06
 Reference value :  2.48918e-06
 Reference value :  2.49003e-06
 Reference value :  2.49078e-06
 Reference value :  2.49165e-06
 Reference value :  2.49241e-06
 Reference value :  2.49328e-06
 Reference value :  2.49404e-06
 Reference value :  2.49486e-06
 Reference value :  2.49567e-06
 Reference value :  2.49649e-06
 Reference value :  2.49730e-06
 Reference value :  2.49808e-06
 Reference value :  2.49886e-06
 Reference value :  2.49961e-06
 Reference value :  2.50039e-06
 Reference value :  2.50119e-06
 Reference value :  2.50198e-06
 Reference value :  2.50278e-06
 Reference value :  2.50358e-06
 Reference value :  2.50439e-06
 Reference value :  2.50523e-06
 Reference value :  2.50606e-06
 Reference value :  2.50684e-06
 Reference value :  2.50766e-06
 Reference value :  2.50846e-06
 Reference value :  2.50923e-06
 Reference value :  2.51014e-06
 Reference value :  2.51092e-06
 Reference value :  2.51170e-06
 Reference value :  2.51250e-06
 Reference value :  2.51324e-06
 Reference value :  2.51399e-06
 Reference value :  2.51478e-06
 Reference value :  2.51559e-06
 Reference value :  2.51637e-06
 Reference value :  2.51711e-06
 Reference value :  2.51789e-06
 Reference value :  2.51864e-06
 Reference value :  2.51945e-06
 Reference value :  2.52022e-06
 Reference value :  2.52097e-06
 Reference value :  2.52175e-06
 Reference value :  2.52250e-06
 Reference value :  2.52325e-06
 Reference value :  2.52403e-06
 Reference value :  2.52481e-06
 Reference value :  2.52566e-06
 Reference value :  2.52646e-06
 Reference value :  2.52725e-06
 Reference value :  2.52807e-06
 Reference value :  2.52883e-06
 Reference value :  2.52966e-06
 Reference value :  2.53041e-06
 Reference value :  2.53116e-06
 Reference value :  2.53194e-06
 Reference value :  2.53270e-06
 Reference value :  2.53348e-06
 Reference value :  2.53425e-06
 Reference value :  2.53500e-06
 Reference value :  2.53575e-06
 Reference value :  2.53656e-06
 Reference value :  2.53742e-06
 Reference value :  2.53826e-06
 Reference value :  2.53906e-06
 Reference value :  2.53982e-06
 Reference value :  2.54065e-06
 Reference value :  2.54147e-06
 Reference value :  2.54225e-06
 Reference value :  2.54300e-06
 Reference value :  2.54378e-06
 Reference value :  2.54458e-06
 Reference value :  2.54536e-06
 Reference value :  2.54620e-06
 Reference value :  2.54701e-06
 Reference value :  2.54779e-06
 Reference value :  2.54856e-06
 Reference value :  2.54939e-06
 Reference value :  2.55020e-06
 Reference value :  2.55097e-06
 Reference value :  2.55172e-06
 Reference value :  2.55251e-06
 Reference value :  2.55334e-06
 Reference value :  2.55412e-06
 Reference value :  2.55492e-06
 Reference value :  2.55578e-06
 Reference value :  2.55658e-06
 Reference value :  2.55735e-06
 Reference value :  2.55815e-06
 Reference value :  2.55895e-06
 Reference value :  2.55974e-06
 Reference value :  2.56056e-06
 Reference value :  2.56132e-06
 Reference value :  2.56207e-06
 Reference value :  2.56283e-06
 Reference value :  2.56359e-06
 Reference value :  2.56436e-06
 Reference value :  2.56513e-06
 Reference value :  2.56586e-06
 Reference value :  2.56669e-06
 Reference value :  2.56753e-06
 Reference value :  2.56831e-06
 Reference value :  2.56908e-06
 Reference value :  2.56985e-06
 Reference value :  2.57070e-06
 Reference value :  2.57150e-06
 Reference value :  2.57227e-06
 Reference value :  2.57304e-06
 Reference value :  2.57383e-06
 Reference value :  2.57461e-06
 Reference value :  2.57538e-06
 Reference value :  2.57614e-06
 Reference value :  2.57690e-06
 Reference value :  2.57769e-06
 Reference value :  2.57847e-06
 Reference value :  2.57931e-06
 Reference value :  2.58006e-06
 Reference value :  2.58086e-06
 Reference value :  2.58164e-06
 Reference value :  2.58241e-06
 Reference value :  2.58318e-06
 Reference value :  2.58396e-06
 Reference value :  2.58472e-06
 Reference value :  2.58548e-06
 Reference value :  2.58625e-06
 Reference value :  2.58700e-06
 Reference value :  2.58781e-06
 Reference value :  2.58857e-06
 Reference value :  2.58934e-06
 Reference value :  2.59016e-06
 Reference value :  2.59095e-06
 Reference value :  2.59174e-06
 Reference value :  2.59255e-06
 Reference value :  2.59330e-06
 Reference value :  2.59406e-06
 Reference value :  2.59485e-06
 Reference value :  2.59565e-06
 Reference value :  2.59644e-06
 Reference value :  2.59720e-06
 Reference value :  2.59795e-06
 Reference value :  2.59870e-06
 Reference value :  2.59948e-06
 Reference value :  2.60028e-06
 Reference value :  2.60108e-06
 Reference value :  2.60187e-06
 Reference value :  2.60270e-06
 Reference value :  2.60348e-06
 Reference value :  2.60426e-06
 Reference value :  2.60501e-06
 Reference value :  2.60579e-06
 Reference value :  2.60654e-06
 Reference value :  2.60729e-06
 Reference value :  2.60808e-06
 Reference value :  2.60887e-06
 Reference value :  2.60965e-06
 Reference value :  2.61044e-06
 Reference value :  2.61122e-06
 Reference value :  2.61199e-06
 Reference value :  2.61276e-06
 Reference value :  2.61355e-06
 Reference value :  2.61440e-06
 Reference value :  2.61517e-06
 Reference value :  2.61593e-06
 Reference value :  2.61674e-06
 Reference value :  2.61749e-06
 Reference value :  2.61826e-06
 Reference value :  2.61901e-06
 Reference value :  2.61977e-06
 Reference value :  2.62054e-06
 Reference value :  2.62128e-06
 Reference value :  2.62205e-06
 Reference value :  2.62281e-06
 Reference value :  2.62360e-06
 Reference value :  2.62434e-06
 Reference value :  2.62515e-06
 Reference value :  2.62594e-06
 Reference value :  2.62682e-06
 Reference value :  2.62764e-06
 Reference value :  2.62842e-06
 Reference value :  2.62923e-06
 Reference value :  2.62998e-06
 Reference value :  2.63077e-06
 Reference value :  2.63153e-06
 Reference value :  2.63229e-06
 Reference value :  2.63311e-06
 Reference value :  2.63385e-06
 Reference value :  2.63463e-06
 Reference value :  2.63539e-06
 Reference value :  2.63613e-06
 Reference value :  2.63692e-06
 Reference value :  2.63767e-06
 Reference value :  2.63843e-06
 Reference value :  2.63921e-06
 Reference value :  2.63997e-06
 Reference value :  2.64077e-06
 Reference value :  2.64154e-06
 Reference value :  2.64229e-06
 Reference value :  2.64308e-06
 Reference value :  2.64383e-06
 Reference value :  2.64460e-06
 Reference value :  2.64538e-06
 Reference value :  2.64613e-06
 Reference value :  2.64689e-06
 Reference value :  2.64767e-06
 Reference value :  2.64842e-06
 Reference value :  2.64920e-06
 Reference value :  2.64999e-06
 Reference value :  2.65074e-06
 Reference value :  2.65154e-06
 Reference value :  2.65232e-06
 Reference value :  2.65306e-06
 Reference value :  2.65391e-06
 Reference value :  2.65467e-06
 Reference value :  2.65549e-06
 Reference value :  2.65624e-06
 Reference value :  2.65700e-06
 Reference value :  2.65781e-06
 Reference value :  2.65856e-06
 Reference value :  2.65941e-06
 Reference value :  2.66018e-06
 Reference value :  2.66092e-06
 Reference value :  2.66173e-06
 Reference value :  2.66252e-06
 Reference value :  2.66332e-06
 Reference value :  2.66408e-06
 Reference value :  2.66487e-06
 Reference value :  2.66565e-06
 Reference value :  2.66645e-06
 Reference value :  2.66722e-06
 Reference value :  2.66797e-06
 Reference value :  2.66880e-06
 Reference value :  2.66957e-06
 Reference value :  2.67035e-06
 Reference value :  2.67127e-06
 Reference value :  2.67210e-06
 Reference value :  2.67294e-06
 Reference value :  2.67373e-06
 Reference value :  2.67448e-06
 Reference value :  2.67525e-06
 Reference value :  2.67601e-06
 Reference value :  2.67682e-06
 Reference value :  2.67758e-06
 Reference value :  2.67833e-06
 Reference value :  2.67910e-06
 Reference value :  2.67986e-06
 Reference value :  2.68067e-06
 Reference value :  2.68143e-06
 Reference value :  2.68219e-06
 Reference value :  2.68298e-06
 Reference value :  2.68379e-06
 Reference value :  2.68454e-06
 Reference value :  2.68534e-06
 Reference value :  2.68611e-06
 Reference value :  2.68689e-06
 Reference value :  2.68766e-06
 Reference value :  2.68841e-06
 Reference value :  2.68919e-06
 Reference value :  2.68997e-06
 Reference value :  2.69080e-06
 Reference value :  2.69161e-06
 Reference value :  2.69245e-06
 Reference value :  2.69321e-06
 Reference value :  2.69406e-06
 Reference value :  2.69485e-06
 Reference value :  2.69561e-06
 Reference value :  2.69641e-06
 Reference value :  2.69720e-06
 Reference value :  2.69796e-06
 Reference value :  2.69874e-06
 Reference value :  2.69954e-06
 Reference value :  2.70035e-06
 Reference value :  2.70113e-06
 Reference value :  2.70190e-06
 Reference value :  2.70275e-06
 Reference value :  2.70354e-06
 Reference value :  2.70430e-06
 Reference value :  2.70506e-06
 Reference value :  2.70581e-06
 Reference value :  2.70661e-06
 Reference value :  2.70738e-06
 Reference value :  2.70815e-06
 Reference value :  2.70891e-06
 Reference value :  2.70967e-06
 Reference value :  2.71046e-06
 Reference value :  2.71126e-06
 Reference value :  2.71211e-06
 Reference value :  2.71288e-06
 Reference value :  2.71369e-06
 Reference value :  2.71446e-06
 Reference value :  2.71524e-06
 Reference value :  2.71603e-06
 Reference value :  2.71682e-06
 Reference value :  2.71761e-06
 Reference value :  2.71839e-06
 Reference value :  2.71915e-06
 Reference value :  2.71993e-06
 Reference value :  2.72069e-06
 Reference value :  2.72148e-06
 Reference value :  2.72225e-06
 Reference value :  2.72303e-06
 Reference value :  2.72381e-06
 Reference value :  2.72456e-06
 Reference value :  2.72537e-06
 Reference value :  2.72613e-06
 Reference value :  2.72690e-06
 Reference value :  2.72769e-06
 Reference value :  2.72845e-06
 Reference value :  2.72921e-06
 Reference value :  2.73001e-06
 Reference value :  2.73077e-06
 Reference value :  2.73152e-06
 Reference value :  2.73234e-06
 Reference value :  2.73309e-06
 Reference value :  2.73387e-06
 Reference value :  2.73467e-06
 Reference value :  2.73544e-06
 Reference value :  2.73625e-06
 Reference value :  2.73699e-06
 Reference value :  2.73778e-06
 Reference value :  2.73858e-06
 Reference value :  2.73935e-06
 Reference value :  2.74012e-06
 Reference value :  2.74089e-06
 Reference value :  2.74165e-06
 Reference value :  2.74240e-06
 Reference value :  2.74321e-06
 Reference value :  2.74399e-06
 Reference value :  2.74474e-06
 Reference value :  2.74549e-06
 Reference value :  2.74628e-06
 Reference value :  2.74704e-06
 Reference value :  2.74782e-06
 Reference value :  2.74857e-06
 Reference value :  2.74938e-06
 Reference value :  2.75019e-06
 Reference value :  2.75094e-06
 Reference value :  2.75173e-06
 Reference value :  2.75251e-06
 Reference value :  2.75336e-06
 Reference value :  2.75418e-06
 Reference value :  2.75504e-06
 Reference value :  2.75581e-06
 Reference value :  2.75662e-06
 Reference value :  2.75747e-06
 Reference value :  2.75828e-06
 Reference value :  2.75909e-06
 Reference value :  2.75990e-06
 Reference value :  2.76077e-06
 Reference value :  2.76153e-06
 Reference value :  2.76232e-06
 Reference value :  2.76315e-06
 Reference value :  2.76396e-06
 Reference value :  2.76475e-06
 Reference value :  2.76552e-06
 Reference value :  2.76630e-06
 Reference value :  2.76714e-06
 Reference value :  2.76796e-06
 Reference value :  2.76878e-06
 Reference value :  2.76956e-06
 Reference value :  2.77037e-06
 Reference value :  2.77116e-06
 Reference value :  2.77192e-06
 Reference value :  2.77268e-06
 Reference value :  2.77350e-06
 Reference value :  2.77425e-06
 Reference value :  2.77504e-06
 Reference value :  2.77581e-06
 Reference value :  2.77658e-06
 Reference value :  2.77736e-06
 Reference value :  2.77817e-06
 Reference value :  2.77895e-06
 Reference value :  2.77973e-06
 Reference value :  2.78049e-06
 Reference value :  2.78125e-06
 Reference value :  2.78205e-06
 Reference value :  2.78281e-06
 Reference value :  2.78361e-06
 Reference value :  2.78439e-06
 Reference value :  2.78514e-06
 Reference value :  2.78596e-06
 Reference value :  2.78671e-06
 Reference value :  2.78749e-06
 Reference value :  2.78826e-06
 Reference value :  2.78912e-06
 Reference value :  2.79006e-06
 Reference value :  2.79082e-06
 Reference value :  2.79159e-06
 Reference value :  2.79237e-06
 Reference value :  2.79315e-06
 Reference value :  2.79396e-06
 Reference value :  2.79473e-06
 Reference value :  2.79552e-06
 Reference value :  2.79630e-06
 Reference value :  2.79714e-06
 Reference value :  2.79794e-06
 Reference value :  2.79871e-06
 Reference value :  2.79948e-06
 Reference value :  2.80026e-06
 Reference value :  2.80103e-06
 Reference value :  2.80179e-06
 Reference value :  2.80258e-06
 Reference value :  2.80337e-06
 Reference value :  2.80413e-06
 Reference value :  2.80492e-06
 Reference value :  2.80570e-06
 Reference value :  2.80652e-06
 Reference value :  2.80733e-06
 Reference value :  2.80810e-06
 Reference value :  2.80889e-06
 Reference value :  2.80968e-06
 Reference value :  2.81043e-06
 Reference value :  2.81124e-06
 Reference value :  2.81202e-06
 Reference value :  2.81287e-06
 Reference value :  2.81390e-06
 Reference value :  2.81467e-06
 Reference value :  2.81544e-06
 Reference value :  2.81620e-06
 Reference value :  2.81701e-06
 Reference value :  2.81780e-06
 Reference value :  2.81861e-06
 Reference value :  2.81939e-06
 Reference value :  2.82019e-06
 Reference value :  2.82114e-06
 Reference value :  2.82196e-06
 Reference value :  2.82272e-06
 Reference value :  2.82358e-06
 Reference value :  2.82450e-06
 Reference value :  2.82544e-06
 Reference value :  2.82640e-06
 Reference value :  2.82726e-06
 Reference value :  2.82816e-06
 Reference value :  2.82897e-06
 Reference value :  2.82983e-06
 Reference value :  2.83091e-06
 Reference value :  2.83178e-06
 Reference value :  2.83261e-06
 Reference value :  2.83347e-06
 Reference value :  2.83434e-06
 Reference value :  2.83524e-06
 Reference value :  2.83613e-06
 Reference value :  2.83709e-06
 Reference value :  2.83795e-06
 Reference value :  2.83878e-06
 Reference value :  2.83954e-06
 Reference value :  2.84035e-06
 Reference value :  2.84129e-06
 Reference value :  2.84227e-06
 Reference value :  2.84320e-06
 Reference value :  2.84417e-06
 Reference value :  2.84497e-06
 Reference value :  2.84593e-06
 Reference value :  2.84672e-06
 Reference value :  2.84763e-06
 Reference value :  2.84845e-06
 Reference value :  2.84930e-06
 Reference value :  2.85012e-06
 Reference value :  2.85107e-06
 Reference value :  2.85208e-06
 Reference value :  2.85294e-06
 Reference value :  2.85389e-06
 Reference value :  2.85486e-06
 Reference value :  2.85581e-06
 Reference value :  2.85666e-06
 Reference value :  2.85753e-06
 Reference value :  2.85853e-06
 Reference value :  2.85934e-06
 Reference value :  2.86021e-06
 Reference value :  2.86101e-06
 Reference value :  2.86190e-06
 Reference value :  2.86280e-06
 Reference value :  2.86362e-06
 Reference value :  2.86440e-06
 Reference value :  2.86525e-06
 Reference value :  2.86614e-06
 Reference value :  2.86701e-06
 Reference value :  2.86785e-06
 Reference value :  2.86877e-06
 Reference value :  2.86961e-06
 Reference value :  2.87047e-06
 Reference value :  2.87132e-06
 Reference value :  2.87219e-06
 Reference value :  2.87301e-06
 Reference value :  2.87380e-06
 Reference value :  2.87461e-06
 Reference value :  2.87558e-06
 Reference value :  2.87651e-06
 Reference value :  2.87738e-06
 Reference value :  2.87821e-06
 Reference value :  2.87910e-06
 Reference value :  2.87993e-06
 Reference value :  2.88078e-06
 Reference value :  2.88161e-06
 Reference value :  2.88238e-06
 Reference value :  2.88320e-06
 Reference value :  2.88399e-06
 Reference value :  2.88480e-06
 Reference value :  2.88561e-06
 Reference value :  2.88642e-06
 Reference value :  2.88720e-06
 Reference value :  2.88816e-06
 Reference value :  2.88906e-06
 Reference value :  2.88985e-06
 Reference value :  2.89066e-06
 Reference value :  2.89148e-06
 Reference value :  2.89242e-06
 Reference value :  2.89329e-06
 Reference value :  2.89417e-06
 Reference value :  2.89505e-06
 Reference value :  2.89586e-06
 Reference value :  2.89679e-06
 Reference value :  2.89762e-06
 Reference value :  2.89849e-06
 Reference value :  2.89927e-06
No. of Data Rows : 3770009
tk                  =  4.70787e-09
tk                  =  7.56147e-09
tk                  =  1.04159e-08
tk                  =  1.32691e-08
tk                  =  1.61228e-08
tk                  =  1.89762e-08
tk                  =  2.18300e-08
tk                  =  2.46833e-08
tk                  =  2.75371e-08
tk                  =  3.03910e-08
tk                  =  3.32444e-08
tk                  =  3.60975e-08
tk                  =  3.89515e-08
tk                  =  4.18057e-08
tk                  =  4.46591e-08
tk                  =  4.75129e-08
tk                  =  5.03674e-08
tk                  =  5.32207e-08
tk                  =  5.60742e-08
tk                  =  5.89285e-08
tk                  =  6.17811e-08
tk                  =  6.46346e-08
tk                  =  6.74889e-08
tk                  =  7.03439e-08
tk                  =  7.31971e-08
tk                  =  7.60512e-08
tk                  =  7.89035e-08
tk                  =  8.17563e-08
tk                  =  8.46099e-08
tk                  =  8.74632e-08
tk                  =  9.03159e-08
tk                  =  9.31710e-08
tk                  =  9.60258e-08
tk                  =  9.88782e-08
tk                  =  1.01733e-07
tk                  =  1.04586e-07
tk                  =  1.07440e-07
tk                  =  1.10294e-07
tk                  =  1.13148e-07
tk                  =  1.16001e-07
tk                  =  1.18854e-07
tk                  =  1.21707e-07
tk                  =  1.24561e-07
tk                  =  1.27414e-07
tk                  =  1.30267e-07
tk                  =  1.33120e-07
tk                  =  1.35974e-07
tk                  =  1.38827e-07
tk                  =  1.41681e-07
tk                  =  1.44533e-07
tk                  =  1.47387e-07
tk                  =  1.50240e-07
tk                  =  1.53094e-07
tk                  =  1.55948e-07
tk                  =  1.58802e-07
tk                  =  1.61656e-07
tk                  =  1.64510e-07
tk                  =  1.67362e-07
tk                  =  1.70217e-07
tk                  =  1.73071e-07
tk                  =  1.75926e-07
tk                  =  1.78779e-07
tk                  =  1.81633e-07
tk                  =  1.84487e-07
tk                  =  1.87341e-07
tk                  =  1.90195e-07
tk                  =  1.93049e-07
tk                  =  1.95902e-07
tk                  =  1.98755e-07
tk                  =  2.01610e-07
tk                  =  2.04462e-07
tk                  =  2.07316e-07
tk                  =  2.10169e-07
tk                  =  2.13022e-07
tk                  =  2.15877e-07
tk                  =  2.18730e-07
tk                  =  2.21585e-07
tk                  =  2.24438e-07
tk                  =  2.27291e-07
tk                  =  2.30145e-07
tk                  =  2.32999e-07
tk                  =  2.35853e-07
tk                  =  2.38706e-07
tk                  =  2.41559e-07
tk                  =  2.44413e-07
tk                  =  2.47267e-07
tk                  =  2.50121e-07
tk                  =  2.52975e-07
tk                  =  2.55828e-07
tk                  =  2.58681e-07
tk                  =  2.61536e-07
tk                  =  2.64389e-07
tk                  =  2.67243e-07
tk                  =  2.70096e-07
tk                  =  2.72950e-07
tk                  =  2.75803e-07
tk                  =  2.78656e-07
tk                  =  2.81510e-07
tk                  =  2.84364e-07
tk                  =  2.87217e-07
tk                  =  2.90071e-07
tk                  =  2.92925e-07
tk                  =  2.95779e-07
tk                  =  2.98632e-07
tk                  =  3.01486e-07
tk                  =  3.04340e-07
tk                  =  3.07194e-07
tk                  =  3.10047e-07
tk                  =  3.12900e-07
tk                  =  3.15754e-07
tk                  =  3.18608e-07
tk                  =  3.21461e-07
tk                  =  3.24315e-07
tk                  =  3.27167e-07
tk                  =  3.30021e-07
tk                  =  3.32875e-07
tk                  =  3.35728e-07
tk                  =  3.38582e-07
tk                  =  3.41436e-07
tk                  =  3.44289e-07
tk                  =  3.47144e-07
tk                  =  3.49997e-07
tk                  =  3.52852e-07
tk                  =  3.55705e-07
tk                  =  3.58559e-07
tk                  =  3.61412e-07
tk                  =  3.64266e-07
tk                  =  3.67120e-07
tk                  =  3.69974e-07
tk                  =  3.72828e-07
tk                  =  3.75681e-07
tk                  =  3.78536e-07
tk                  =  3.81389e-07
tk                  =  3.84243e-07
tk                  =  3.87096e-07
tk                  =  3.89950e-07
tk                  =  3.92803e-07
tk                  =  3.95657e-07
tk                  =  3.98510e-07
tk                  =  4.01363e-07
tk                  =  4.04217e-07
tk                  =  4.07070e-07
tk                  =  4.09924e-07
tk                  =  4.12777e-07
tk                  =  4.15631e-07
tk                  =  4.18485e-07
tk                  =  4.21339e-07
tk                  =  4.24192e-07
tk                  =  4.27046e-07
tk                  =  4.29899e-07
tk                  =  4.32754e-07
tk                  =  4.35606e-07
tk                  =  4.38460e-07
tk                  =  4.41313e-07
tk                  =  4.44166e-07
tk                  =  4.47020e-07
tk                  =  4.49874e-07
tk                  =  4.52727e-07
tk                  =  4.55581e-07
tk                  =  4.58434e-07
tk                  =  4.61289e-07
tk                  =  4.64143e-07
tk                  =  4.66996e-07
tk                  =  4.69849e-07
tk                  =  4.72703e-07
tk                  =  4.75557e-07
tk                  =  4.78411e-07
tk                  =  4.81265e-07
tk                  =  4.84118e-07
tk                  =  4.86971e-07
tk                  =  4.89825e-07
tk                  =  4.92677e-07
tk                  =  4.95531e-07
tk                  =  4.98386e-07
tk                  =  5.01240e-07
tk                  =  5.04094e-07
tk                  =  5.06948e-07
tk                  =  5.09801e-07
tk                  =  5.12655e-07
tk                  =  5.15507e-07
tk                  =  5.18362e-07
tk                  =  5.21214e-07
tk                  =  5.24069e-07
tk                  =  5.26923e-07
tk                  =  5.29776e-07
tk                  =  5.32629e-07
tk                  =  5.35483e-07
tk                  =  5.38337e-07
tk                  =  5.41191e-07
tk                  =  5.44045e-07
tk                  =  5.46900e-07
tk                  =  5.49754e-07
tk                  =  5.52607e-07
tk                  =  5.55461e-07
tk                  =  5.58315e-07
tk                  =  5.61168e-07
tk                  =  5.64022e-07
tk                  =  5.66876e-07
tk                  =  5.69729e-07
tk                  =  5.72583e-07
tk                  =  5.75436e-07
tk                  =  5.78290e-07
tk                  =  5.81143e-07
tk                  =  5.83996e-07
tk                  =  5.86849e-07
tk                  =  5.89704e-07
tk                  =  5.92558e-07
tk                  =  5.95412e-07
tk                  =  5.98267e-07
tk                  =  6.01119e-07
tk                  =  6.03974e-07
tk                  =  6.06827e-07
tk                  =  6.09681e-07
tk                  =  6.12535e-07
tk                  =  6.15390e-07
tk                  =  6.18243e-07
tk                  =  6.21096e-07
tk                  =  6.23951e-07
tk                  =  6.26804e-07
tk                  =  6.29657e-07
tk                  =  6.32512e-07
tk                  =  6.35366e-07
tk                  =  6.38219e-07
tk                  =  6.41073e-07
tk                  =  6.43926e-07
tk                  =  6.46780e-07
tk                  =  6.49633e-07
tk                  =  6.52486e-07
tk                  =  6.55340e-07
tk                  =  6.58193e-07
tk                  =  6.61046e-07
tk                  =  6.63900e-07
tk                  =  6.66754e-07
tk                  =  6.69608e-07
tk                  =  6.72461e-07
tk                  =  6.75315e-07
tk                  =  6.78169e-07
tk                  =  6.81022e-07
tk                  =  6.83876e-07
tk                  =  6.86730e-07
tk                  =  6.89584e-07
tk                  =  6.92438e-07
tk                  =  6.95291e-07
tk                  =  6.98145e-07
tk                  =  7.00998e-07
tk                  =  7.03851e-07
tk                  =  7.06705e-07
tk                  =  7.09558e-07
tk                  =  7.12413e-07
tk                  =  7.15266e-07
tk                  =  7.18119e-07
tk                  =  7.20972e-07
tk                  =  7.23826e-07
tk                  =  7.26680e-07
tk                  =  7.29533e-07
tk                  =  7.32387e-07
tk                  =  7.35241e-07
tk                  =  7.38094e-07
tk                  =  7.40947e-07
tk                  =  7.43801e-07
tk                  =  7.46654e-07
tk                  =  7.49508e-07
tk                  =  7.52361e-07
tk                  =  7.55215e-07
tk                  =  7.58068e-07
tk                  =  7.60922e-07
tk                  =  7.63775e-07
tk                  =  7.66628e-07
tk                  =  7.69482e-07
tk                  =  7.72336e-07
tk                  =  7.75189e-07
tk                  =  7.78043e-07
tk                  =  7.80897e-07
tk                  =  7.83749e-07
tk                  =  7.86602e-07
tk                  =  7.89456e-07
tk                  =  7.92309e-07
tk                  =  7.95163e-07
tk                  =  7.98017e-07
tk                  =  8.00870e-07
tk                  =  8.03725e-07
tk                  =  8.06579e-07
tk                  =  8.09432e-07
tk                  =  8.12286e-07
tk                  =  8.15140e-07
tk                  =  8.17993e-07
tk                  =  8.20847e-07
tk                  =  8.23701e-07
tk                  =  8.26554e-07
tk                  =  8.29407e-07
tk                  =  8.32261e-07
tk                  =  8.35114e-07
tk                  =  8.37968e-07
tk                  =  8.40821e-07
tk                  =  8.43674e-07
tk                  =  8.46529e-07
tk                  =  8.49383e-07
tk                  =  8.52236e-07
tk                  =  8.55090e-07
tk                  =  8.57943e-07
tk                  =  8.60797e-07
tk                  =  8.63650e-07
tk                  =  8.66503e-07
tk                  =  8.69358e-07
tk                  =  8.72212e-07
tk                  =  8.75065e-07
tk                  =  8.77919e-07
tk                  =  8.80773e-07
tk                  =  8.83626e-07
tk                  =  8.86481e-07
tk                  =  8.89334e-07
tk                  =  8.92188e-07
tk                  =  8.95042e-07
tk                  =  8.97894e-07
tk                  =  9.00748e-07
tk                  =  9.03601e-07
tk                  =  9.06453e-07
tk                  =  9.09307e-07
tk                  =  9.12160e-07
tk                  =  9.15014e-07
tk                  =  9.17868e-07
tk                  =  9.20722e-07
tk                  =  9.23575e-07
tk                  =  9.26429e-07
tk                  =  9.29282e-07
tk                  =  9.32136e-07
tk                  =  9.34990e-07
tk                  =  9.37843e-07
tk                  =  9.40697e-07
tk                  =  9.43550e-07
tk                  =  9.46405e-07
tk                  =  9.49258e-07
tk                  =  9.52112e-07
tk                  =  9.54966e-07
tk                  =  9.57820e-07
tk                  =  9.60674e-07
tk                  =  9.63527e-07
tk                  =  9.66381e-07
tk                  =  9.69234e-07
tk                  =  9.72087e-07
tk                  =  9.74940e-07
tk                  =  9.77794e-07
tk                  =  9.80649e-07
tk                  =  9.83502e-07
tk                  =  9.86355e-07
tk                  =  9.89209e-07
tk                  =  9.92062e-07
tk                  =  9.94915e-07
tk                  =  9.97769e-07
tk                  =  1.00062e-06
tk                  =  1.00348e-06
tk                  =  1.00633e-06
tk                  =  1.00918e-06
tk                  =  1.01204e-06
tk                  =  1.01489e-06
tk                  =  1.01774e-06
tk                  =  1.02060e-06
tk                  =  1.02345e-06
tk                  =  1.02630e-06
tk                  =  1.02916e-06
tk                  =  1.03201e-06
tk                  =  1.03486e-06
tk                  =  1.03772e-06
tk                  =  1.04057e-06
tk                  =  1.04342e-06
tk                  =  1.04628e-06
tk                  =  1.04913e-06
tk                  =  1.05199e-06
tk                  =  1.05484e-06
tk                  =  1.05769e-06
tk                  =  1.06055e-06
tk                  =  1.06340e-06
tk                  =  1.06625e-06
tk                  =  1.06911e-06
tk                  =  1.07196e-06
tk                  =  1.07481e-06
tk                  =  1.07767e-06
tk                  =  1.08052e-06
tk                  =  1.08337e-06
tk                  =  1.08623e-06
tk                  =  1.08908e-06
tk                  =  1.09193e-06
tk                  =  1.09479e-06
tk                  =  1.09764e-06
tk                  =  1.10049e-06
tk                  =  1.10335e-06
tk                  =  1.10620e-06
tk                  =  1.10906e-06
tk                  =  1.11191e-06
tk                  =  1.11476e-06
tk                  =  1.11762e-06
tk                  =  1.12047e-06
tk                  =  1.12333e-06
tk                  =  1.12618e-06
tk                  =  1.12903e-06
tk                  =  1.13189e-06
tk                  =  1.13474e-06
tk                  =  1.13759e-06
tk                  =  1.14045e-06
tk                  =  1.14330e-06
tk                  =  1.14615e-06
tk                  =  1.14901e-06
tk                  =  1.15186e-06
tk                  =  1.15471e-06
tk                  =  1.15757e-06
tk                  =  1.16042e-06
tk                  =  1.16327e-06
tk                  =  1.16613e-06
tk                  =  1.16898e-06
tk                  =  1.17184e-06
tk                  =  1.17469e-06
tk                  =  1.17754e-06
tk                  =  1.18040e-06
tk                  =  1.18325e-06
tk                  =  1.18610e-06
tk                  =  1.18896e-06
tk                  =  1.19181e-06
tk                  =  1.19466e-06
tk                  =  1.19752e-06
tk                  =  1.20037e-06
tk                  =  1.20322e-06
tk                  =  1.20608e-06
tk                  =  1.20893e-06
tk                  =  1.21178e-06
tk                  =  1.21464e-06
tk                  =  1.21749e-06
tk                  =  1.22034e-06
tk                  =  1.22320e-06
tk                  =  1.22605e-06
tk                  =  1.22891e-06
tk                  =  1.23176e-06
tk                  =  1.23461e-06
tk                  =  1.23747e-06
tk                  =  1.24032e-06
tk                  =  1.24318e-06
tk                  =  1.24603e-06
tk                  =  1.24888e-06
tk                  =  1.25174e-06
tk                  =  1.25459e-06
tk                  =  1.25745e-06
tk                  =  1.26030e-06
tk                  =  1.26315e-06
tk                  =  1.26601e-06
tk                  =  1.26886e-06
tk                  =  1.27172e-06
tk                  =  1.27457e-06
tk                  =  1.27742e-06
tk                  =  1.28028e-06
tk                  =  1.28313e-06
tk                  =  1.28598e-06
tk                  =  1.28884e-06
tk                  =  1.29169e-06
tk                  =  1.29454e-06
tk                  =  1.29740e-06
tk                  =  1.30025e-06
tk                  =  1.30310e-06
tk                  =  1.30596e-06
tk                  =  1.30881e-06
tk                  =  1.31166e-06
tk                  =  1.31452e-06
tk                  =  1.31737e-06
tk                  =  1.32023e-06
tk                  =  1.32308e-06
tk                  =  1.32593e-06
tk                  =  1.32879e-06
tk                  =  1.33164e-06
tk                  =  1.33449e-06
tk                  =  1.33735e-06
tk                  =  1.34020e-06
tk                  =  1.34305e-06
tk                  =  1.34591e-06
tk                  =  1.34876e-06
tk                  =  1.35161e-06
tk                  =  1.35447e-06
tk                  =  1.35732e-06
tk                  =  1.36018e-06
tk                  =  1.36303e-06
tk                  =  1.36588e-06
tk                  =  1.36874e-06
tk                  =  1.37159e-06
tk                  =  1.37444e-06
tk                  =  1.37730e-06
tk                  =  1.38015e-06
tk                  =  1.38301e-06
tk                  =  1.38586e-06
tk                  =  1.38871e-06
tk                  =  1.39156e-06
tk                  =  1.39442e-06
tk                  =  1.39727e-06
tk                  =  1.40013e-06
tk                  =  1.40298e-06
tk                  =  1.40584e-06
tk                  =  1.40869e-06
tk                  =  1.41154e-06
tk                  =  1.41440e-06
tk                  =  1.41725e-06
tk                  =  1.42010e-06
tk                  =  1.42296e-06
tk                  =  1.42581e-06
tk                  =  1.42867e-06
tk                  =  1.43152e-06
tk                  =  1.43437e-06
tk                  =  1.43723e-06
tk                  =  1.44008e-06
tk                  =  1.44293e-06
tk                  =  1.44579e-06
tk                  =  1.44864e-06
tk                  =  1.45149e-06
tk                  =  1.45435e-06
tk                  =  1.45720e-06
tk                  =  1.46005e-06
tk                  =  1.46291e-06
tk                  =  1.46576e-06
tk                  =  1.46861e-06
tk                  =  1.47147e-06
tk                  =  1.47432e-06
tk                  =  1.47718e-06
tk                  =  1.48003e-06
tk                  =  1.48288e-06
tk                  =  1.48574e-06
tk                  =  1.48859e-06
tk                  =  1.49144e-06
tk                  =  1.49430e-06
tk                  =  1.49715e-06
tk                  =  1.50000e-06
tk                  =  1.50286e-06
tk                  =  1.50571e-06
tk                  =  1.50857e-06
tk                  =  1.51142e-06
tk                  =  1.51427e-06
tk                  =  1.51713e-06
tk                  =  1.51998e-06
tk                  =  1.52284e-06
tk                  =  1.52569e-06
tk                  =  1.52854e-06
tk                  =  1.53140e-06
tk                  =  1.53425e-06
tk                  =  1.53710e-06
tk                  =  1.53996e-06
tk                  =  1.54281e-06
tk                  =  1.54566e-06
tk                  =  1.54852e-06
tk                  =  1.55137e-06
tk                  =  1.55422e-06
tk                  =  1.55708e-06
tk                  =  1.55993e-06
tk                  =  1.56279e-06
tk                  =  1.56564e-06
tk                  =  1.56849e-06
tk                  =  1.57135e-06
tk                  =  1.57420e-06
tk                  =  1.57705e-06
tk                  =  1.57991e-06
tk                  =  1.58276e-06
tk                  =  1.58561e-06
tk                  =  1.58847e-06
tk                  =  1.59132e-06
tk                  =  1.59417e-06
tk                  =  1.59703e-06
tk                  =  1.59988e-06
tk                  =  1.60273e-06
tk                  =  1.60559e-06
tk                  =  1.60844e-06
tk                  =  1.61129e-06
tk                  =  1.61415e-06
tk                  =  1.61700e-06
tk                  =  1.61986e-06
tk                  =  1.62271e-06
tk                  =  1.62556e-06
tk                  =  1.62842e-06
tk                  =  1.63127e-06
tk                  =  1.63412e-06
tk                  =  1.63698e-06
tk                  =  1.63983e-06
tk                  =  1.64268e-06
tk                  =  1.64554e-06
tk                  =  1.64839e-06
tk                  =  1.65125e-06
tk                  =  1.65410e-06
tk                  =  1.65695e-06
tk                  =  1.65981e-06
tk                  =  1.66266e-06
tk                  =  1.66551e-06
tk                  =  1.66837e-06
tk                  =  1.67122e-06
tk                  =  1.67407e-06
tk                  =  1.67693e-06
tk                  =  1.67978e-06
tk                  =  1.68263e-06
tk                  =  1.68549e-06
tk                  =  1.68834e-06
tk                  =  1.69119e-06
tk                  =  1.69405e-06
tk                  =  1.69690e-06
tk                  =  1.69975e-06
tk                  =  1.70261e-06
tk                  =  1.70546e-06
tk                  =  1.70831e-06
tk                  =  1.71117e-06
tk                  =  1.71402e-06
tk                  =  1.71688e-06
tk                  =  1.71973e-06
tk                  =  1.72258e-06
tk                  =  1.72544e-06
tk                  =  1.72829e-06
tk                  =  1.73114e-06
tk                  =  1.73400e-06
tk                  =  1.73685e-06
tk                  =  1.73970e-06
tk                  =  1.74256e-06
tk                  =  1.74541e-06
tk                  =  1.74826e-06
tk                  =  1.75112e-06
tk                  =  1.75397e-06
tk                  =  1.75683e-06
tk                  =  1.75968e-06
tk                  =  1.76253e-06
tk                  =  1.76539e-06
tk                  =  1.76824e-06
tk                  =  1.77109e-06
tk                  =  1.77395e-06
tk                  =  1.77680e-06
tk                  =  1.77966e-06
tk                  =  1.78251e-06
tk                  =  1.78536e-06
tk                  =  1.78822e-06
tk                  =  1.79107e-06
tk                  =  1.79392e-06
tk                  =  1.79678e-06
tk                  =  1.79963e-06
tk                  =  1.80249e-06
tk                  =  1.80534e-06
tk                  =  1.80819e-06
tk                  =  1.81105e-06
tk                  =  1.81390e-06
tk                  =  1.81675e-06
tk                  =  1.81961e-06
tk                  =  1.82246e-06
tk                  =  1.82531e-06
tk                  =  1.82817e-06
tk                  =  1.83102e-06
tk                  =  1.83388e-06
tk                  =  1.83673e-06
tk                  =  1.83958e-06
tk                  =  1.84244e-06
tk                  =  1.84529e-06
tk                  =  1.84814e-06
tk                  =  1.85100e-06
tk                  =  1.85385e-06
tk                  =  1.85670e-06
tk                  =  1.85956e-06
tk                  =  1.86241e-06
tk                  =  1.86526e-06
tk                  =  1.86812e-06
tk                  =  1.87097e-06
tk                  =  1.87383e-06
tk                  =  1.87668e-06
tk                  =  1.87953e-06
tk                  =  1.88239e-06
tk                  =  1.88524e-06
tk                  =  1.88809e-06
tk                  =  1.89095e-06
tk                  =  1.89380e-06
tk                  =  1.89665e-06
tk                  =  1.89951e-06
tk                  =  1.90236e-06
tk                  =  1.90521e-06
tk                  =  1.90807e-06
tk                  =  1.91092e-06
tk                  =  1.91377e-06
tk                  =  1.91663e-06
tk                  =  1.91948e-06
tk                  =  1.92234e-06
tk                  =  1.92519e-06
tk                  =  1.92804e-06
tk                  =  1.93090e-06
tk                  =  1.93375e-06
tk                  =  1.93660e-06
tk                  =  1.93946e-06
tk                  =  1.94231e-06
tk                  =  1.94516e-06
tk                  =  1.94802e-06
tk                  =  1.95087e-06
tk                  =  1.95373e-06
tk                  =  1.95658e-06
tk                  =  1.95943e-06
tk                  =  1.96229e-06
tk                  =  1.96514e-06
tk                  =  1.96800e-06
tk                  =  1.97085e-06
tk                  =  1.97370e-06
tk                  =  1.97656e-06
tk                  =  1.97941e-06
tk                  =  1.98226e-06
tk                  =  1.98512e-06
tk                  =  1.98797e-06
tk                  =  1.99083e-06
tk                  =  1.99368e-06
tk                  =  1.99653e-06
tk                  =  1.99939e-06
tk                  =  2.00224e-06
tk                  =  2.00509e-06
tk                  =  2.00795e-06
tk                  =  2.01080e-06
tk                  =  2.01365e-06
tk                  =  2.01651e-06
tk                  =  2.01936e-06
tk                  =  2.02221e-06
tk                  =  2.02507e-06
tk                  =  2.02792e-06
tk                  =  2.03078e-06
tk                  =  2.03363e-06
tk                  =  2.03648e-06
tk                  =  2.03934e-06
tk                  =  2.04219e-06
tk                  =  2.04504e-06
tk                  =  2.04790e-06
tk                  =  2.05075e-06
tk                  =  2.05361e-06
tk                  =  2.05646e-06
tk                  =  2.05931e-06
tk                  =  2.06217e-06
tk                  =  2.06502e-06
tk                  =  2.06787e-06
tk                  =  2.07073e-06
tk                  =  2.07358e-06
tk                  =  2.07643e-06
tk                  =  2.07929e-06
tk                  =  2.08214e-06
tk                  =  2.08499e-06
tk                  =  2.08785e-06
tk                  =  2.09070e-06
tk                  =  2.09356e-06
tk                  =  2.09641e-06
tk                  =  2.09926e-06
tk                  =  2.10212e-06
tk                  =  2.10497e-06
tk                  =  2.10782e-06
tk                  =  2.11068e-06
tk                  =  2.11353e-06
tk                  =  2.11638e-06
tk                  =  2.11924e-06
tk                  =  2.12209e-06
tk                  =  2.12495e-06
tk                  =  2.12780e-06
tk                  =  2.13065e-06
tk                  =  2.13351e-06
tk                  =  2.13636e-06
tk                  =  2.13921e-06
tk                  =  2.14207e-06
tk                  =  2.14492e-06
tk                  =  2.14777e-06
tk                  =  2.15063e-06
tk                  =  2.15348e-06
tk                  =  2.15633e-06
tk                  =  2.15919e-06
tk                  =  2.16204e-06
tk                  =  2.16490e-06
tk                  =  2.16775e-06
tk                  =  2.17060e-06
tk                  =  2.17346e-06
tk                  =  2.17631e-06
tk                  =  2.17916e-06
tk                  =  2.18202e-06
tk                  =  2.18487e-06
tk                  =  2.18772e-06
tk                  =  2.19058e-06
tk                  =  2.19343e-06
tk                  =  2.19628e-06
qw0                 =  -1.38769e-02
qw1                 =  -4.14688e-02
qb10                =  -6.78793e-03
qb11                =  -2.02996e-02
qt0                 =  -6.42578e-03
qt1                 =  -1.92242e-02
m_period = 2.8535994141e-09
m_f_osc = 3.5043461078e+08
m_period_startup16 = 2.8537207500e-09
m_period_b00 = 2.8536152500e-09
m_period_b01 = 2.8536416667e-09
m_period_b02 = 2.8536479167e-09
m_period_b03 = 2.8536645833e-09
m_period_b04 = 2.8536854167e-09
m_period_b05 = 2.8535458333e-09
m_period_b06 = 2.8536062500e-09
m_period_b07 = 2.8534916667e-09
m_period_b08 = 2.8535833333e-09
m_period_b09 = 2.8537083333e-09
m_period_b10 = 2.8536458333e-09
m_period_b11 = 2.8535625000e-09
m_period_b12 = 2.8535625000e-09
m_period_b13 = 2.8536041667e-09
m_period_b14 = 2.8537083333e-09
m_period_b15 = 2.8535625000e-09
m_sigma_1 = 7.0189821494e-13
m_sigma_2 = 8.5511177282e-13
m_sigma_4 = 1.1098915515e-12
m_sigma_8 = 1.4314738567e-12
m_sigma_16 = 1.8664312925e-12
m_sigma_32 = 2.3179687868e-12
m_sigma_64 = 3.2841858883e-12
m_sigma_128 = 4.5612600314e-12
m_sigma_startup16_1 = 4.3551203581e-13
m_sigma_startup16_2 = 5.3483353886e-13
m_sigma_startup16_4 = 6.1714445801e-13
m_sigma_startup16_8 = 1.1286035619e-12
m_i_ring_a = 1.8885071753e-05
m_i_buf1_a = 9.2479378942e-06
m_i_tree_a = 8.7597756370e-06
m_p_active_w = 6.2320736786e-05
m_p_buf1_w = 3.0518195052e-05
m_e_per_cycle_j = 1.7783841798e-13
m_c_eff_node_f = 3.2660866476e-15
m_vsup_v = 3.3000000002e+00
Note: Simulation executed from .control section 

Warning: m=xx on .subckt line will override multiplier m hierarchy!

