
Note: Compatibility modes selected: hs a


Circuit: * ring-liveness-tap-phase-buffered-clocked @ tt_27c_3.30v -- generated by sim/harness, do not edit

Doing analysis at TEMP = 27.000000 and TNOM = 27.000000

Using SPARSE 1.3 as Direct Linear Solver

Initial Transient Solution
--------------------------

Node                                   Voltage
----                                   -------
vsup                                       3.3
en                                         3.3
vddr1                                      3.3
vddb1                                      3.3
vddtap                                     3.3
xg1.py                                 1.58325
n11                                          0
g10                                1.24708e-07
xg1.nm                             9.79385e-74
xg1.ny                             9.14264e-74
x11.py                                     3.3
n12                                        3.3
g11                                          0
x11.ny                             2.35462e-08
x12.py                                     3.3
n13                                1.24708e-07
g12                                        3.3
x12.ny                             1.06256e-07
x13.py                                     3.3
n14                                        3.3
g13                                1.24708e-07
x13.ny                             2.35463e-08
x14.py                                     3.3
ro1                                1.24708e-07
g14                                        3.3
x14.ny                             1.06256e-07
rb1                                        3.3
xsr1.clkb                                  3.3
clk                                          0
xsr1.m                                     3.3
xsr1.mb                            7.23127e-08
rst_n                                      3.3
xsr1.mmid                          3.61564e-08
xsr1.mc                                    3.3
xsr1.s                                     3.3
ring_bit1                          1.84515e-08
xsr1.qb                                    3.3
xsr1.s2mid                         1.58496e-09
q1                                 -9.2686e-16
qbf                                -1.3959e-21
qtap                              -3.92044e-21
x1                                       -1.65
clkp                                     1e-06
bclkp#branch                                 0
bx1#branch                                   0
vtap#branch                        3.92044e-11
vb1#branch                          1.3959e-11
vr1#branch                          9.2686e-06
vrst#branch                                  0
vclk#branch                                  0
vn14#branch                                  0
vn13#branch                                  0
vn12#branch                                  0
vn11#branch                                  0
vn10#branch                        -1.3564e-24
ven#branch                                   0
vsup#branch                       -9.26865e-06

 Reference value :  0.00000e+00
 Reference value :  6.64500e-10
 Reference value :  1.28650e-09
 Reference value :  1.98250e-09
 Reference value :  2.65030e-09
 Reference value :  3.33000e-09
 Reference value :  3.98550e-09
 Reference value :  4.61850e-09
 Reference value :  5.28925e-09
 Reference value :  5.94550e-09
 Reference value :  6.59150e-09
 Reference value :  7.28750e-09
 Reference value :  7.97250e-09
 Reference value :  8.69070e-09
 Reference value :  9.38925e-09
 Reference value :  1.00825e-08
 Reference value :  1.07655e-08
 Reference value :  1.14175e-08
 Reference value :  1.21045e-08
 Reference value :  1.27900e-08
 Reference value :  1.34375e-08
 Reference value :  1.41007e-08
 Reference value :  1.47603e-08
 Reference value :  1.54455e-08
 Reference value :  1.60875e-08
 Reference value :  1.67401e-08
 Reference value :  1.73715e-08
 Reference value :  1.80115e-08
 Reference value :  1.86901e-08
 Reference value :  1.93392e-08
 Reference value :  2.00501e-08
 Reference value :  2.07935e-08
 Reference value :  2.15125e-08
 Reference value :  2.21900e-08
 Reference value :  2.28503e-08
 Reference value :  2.34965e-08
 Reference value :  2.41501e-08
 Reference value :  2.47907e-08
 Reference value :  2.54655e-08
 Reference value :  2.61665e-08
 Reference value :  2.68007e-08
 Reference value :  2.74692e-08
 Reference value :  2.81275e-08
 Reference value :  2.87707e-08
 Reference value :  2.94315e-08
 Reference value :  3.00903e-08
 Reference value :  3.07207e-08
 Reference value :  3.13575e-08
 Reference value :  3.20225e-08
 Reference value :  3.26875e-08
 Reference value :  3.33401e-08
 Reference value :  3.40103e-08
 Reference value :  3.46601e-08
 Reference value :  3.53625e-08
 Reference value :  3.60045e-08
 Reference value :  3.66755e-08
 Reference value :  3.73485e-08
 Reference value :  3.80165e-08
 Reference value :  3.86992e-08
 Reference value :  3.93665e-08
 Reference value :  4.00465e-08
 Reference value :  4.08601e-08
 Reference value :  4.15345e-08
 Reference value :  4.21945e-08
 Reference value :  4.28500e-08
 Reference value :  4.34507e-08
 Reference value :  4.41492e-08
 Reference value :  4.48501e-08
 Reference value :  4.55355e-08
 Reference value :  4.62285e-08
 Reference value :  4.69115e-08
 Reference value :  4.75255e-08
 Reference value :  4.81901e-08
 Reference value :  4.89055e-08
 Reference value :  4.96200e-08
 Reference value :  5.03101e-08
 Reference value :  5.09692e-08
 Reference value :  5.15945e-08
 Reference value :  5.22565e-08
 Reference value :  5.29575e-08
 Reference value :  5.36700e-08
 Reference value :  5.43401e-08
 Reference value :  5.50085e-08
 Reference value :  5.56565e-08
 Reference value :  5.62903e-08
 Reference value :  5.69665e-08
 Reference value :  5.76003e-08
 Reference value :  5.82815e-08
 Reference value :  5.89225e-08
 Reference value :  5.95755e-08
 Reference value :  6.02392e-08
 Reference value :  6.08545e-08
 Reference value :  6.14992e-08
 Reference value :  6.21465e-08
 Reference value :  6.28507e-08
 Reference value :  6.34685e-08
 Reference value :  6.41255e-08
 Reference value :  6.47701e-08
 Reference value :  6.54107e-08
 Reference value :  6.60485e-08
 Reference value :  6.66865e-08
 Reference value :  6.73507e-08
 Reference value :  6.80407e-08
 Reference value :  6.87065e-08
 Reference value :  6.93907e-08
 Reference value :  7.00507e-08
 Reference value :  7.07435e-08
 Reference value :  7.14315e-08
 Reference value :  7.20745e-08
 Reference value :  7.27625e-08
 Reference value :  7.34603e-08
 Reference value :  7.41745e-08
 Reference value :  7.48765e-08
 Reference value :  7.55392e-08
 Reference value :  7.62500e-08
 Reference value :  7.69675e-08
 Reference value :  7.76900e-08
 Reference value :  7.84235e-08
 Reference value :  7.92135e-08
 Reference value :  7.99085e-08
 Reference value :  8.06145e-08
 Reference value :  8.12955e-08
 Reference value :  8.20292e-08
 Reference value :  8.27075e-08
 Reference value :  8.34001e-08
 Reference value :  8.40865e-08
 Reference value :  8.48145e-08
 Reference value :  8.54925e-08
 Reference value :  8.61825e-08
 Reference value :  8.68755e-08
 Reference value :  8.74907e-08
 Reference value :  8.81403e-08
 Reference value :  8.88001e-08
 Reference value :  8.94303e-08
 Reference value :  9.00901e-08
 Reference value :  9.07615e-08
 Reference value :  9.14792e-08
 Reference value :  9.21007e-08
 Reference value :  9.27735e-08
 Reference value :  9.34185e-08
 Reference value :  9.40525e-08
 Reference value :  9.46755e-08
 Reference value :  9.52815e-08
 Reference value :  9.59425e-08
 Reference value :  9.65975e-08
 Reference value :  9.72600e-08
 Reference value :  9.79015e-08
 Reference value :  9.85125e-08
 Reference value :  9.91603e-08
 Reference value :  9.98085e-08
 Reference value :  1.00460e-07
 Reference value :  1.01093e-07
 Reference value :  1.01760e-07
 Reference value :  1.02425e-07
 Reference value :  1.03103e-07
 Reference value :  1.03816e-07
 Reference value :  1.04481e-07
 Reference value :  1.05112e-07
 Reference value :  1.05801e-07
 Reference value :  1.06445e-07
 Reference value :  1.07115e-07
 Reference value :  1.07732e-07
 Reference value :  1.08430e-07
 Reference value :  1.09121e-07
 Reference value :  1.09770e-07
 Reference value :  1.10453e-07
 Reference value :  1.11074e-07
 Reference value :  1.11751e-07
 Reference value :  1.12478e-07
 Reference value :  1.13316e-07
 Reference value :  1.14060e-07
 Reference value :  1.14664e-07
 Reference value :  1.15282e-07
 Reference value :  1.15930e-07
 Reference value :  1.16536e-07
 Reference value :  1.17136e-07
 Reference value :  1.17741e-07
 Reference value :  1.18340e-07
 Reference value :  1.19188e-07
 Reference value :  1.19786e-07
 Reference value :  1.20440e-07
 Reference value :  1.21100e-07
 Reference value :  1.21730e-07
 Reference value :  1.22335e-07
 Reference value :  1.22961e-07
 Reference value :  1.23579e-07
 Reference value :  1.24209e-07
 Reference value :  1.24810e-07
 Reference value :  1.25515e-07
 Reference value :  1.26214e-07
 Reference value :  1.26851e-07
 Reference value :  1.27540e-07
 Reference value :  1.28177e-07
 Reference value :  1.28798e-07
 Reference value :  1.29514e-07
 Reference value :  1.30190e-07
 Reference value :  1.30851e-07
 Reference value :  1.31527e-07
 Reference value :  1.32217e-07
 Reference value :  1.32900e-07
 Reference value :  1.33590e-07
 Reference value :  1.34200e-07
 Reference value :  1.34884e-07
 Reference value :  1.35539e-07
 Reference value :  1.36283e-07
 Reference value :  1.36977e-07
 Reference value :  1.37658e-07
 Reference value :  1.38321e-07
 Reference value :  1.38960e-07
 Reference value :  1.39580e-07
 Reference value :  1.40280e-07
 Reference value :  1.40905e-07
 Reference value :  1.41560e-07
 Reference value :  1.42236e-07
 Reference value :  1.42916e-07
 Reference value :  1.43560e-07
 Reference value :  1.44212e-07
 Reference value :  1.44888e-07
 Reference value :  1.45521e-07
 Reference value :  1.46201e-07
 Reference value :  1.46940e-07
 Reference value :  1.47601e-07
 Reference value :  1.48277e-07
 Reference value :  1.48939e-07
 Reference value :  1.49640e-07
 Reference value :  1.50348e-07
 Reference value :  1.51050e-07
 Reference value :  1.51690e-07
 Reference value :  1.52355e-07
 Reference value :  1.53070e-07
 Reference value :  1.53720e-07
 Reference value :  1.54422e-07
 Reference value :  1.55082e-07
 Reference value :  1.55761e-07
 Reference value :  1.56461e-07
 Reference value :  1.57093e-07
 Reference value :  1.57741e-07
 Reference value :  1.58406e-07
 Reference value :  1.59052e-07
 Reference value :  1.59864e-07
 Reference value :  1.60530e-07
 Reference value :  1.61170e-07
 Reference value :  1.61865e-07
 Reference value :  1.62553e-07
 Reference value :  1.63221e-07
 Reference value :  1.63905e-07
 Reference value :  1.64581e-07
 Reference value :  1.65261e-07
 Reference value :  1.65880e-07
 Reference value :  1.66542e-07
 Reference value :  1.67169e-07
 Reference value :  1.67799e-07
 Reference value :  1.68414e-07
 Reference value :  1.69048e-07
 Reference value :  1.69681e-07
 Reference value :  1.70360e-07
 Reference value :  1.71042e-07
 Reference value :  1.71704e-07
 Reference value :  1.72344e-07
 Reference value :  1.73015e-07
 Reference value :  1.73671e-07
 Reference value :  1.74340e-07
 Reference value :  1.75016e-07
 Reference value :  1.75730e-07
 Reference value :  1.76385e-07
 Reference value :  1.77030e-07
 Reference value :  1.77946e-07
 Reference value :  1.78559e-07
 Reference value :  1.79236e-07
 Reference value :  1.79938e-07
 Reference value :  1.80550e-07
 Reference value :  1.81207e-07
 Reference value :  1.81873e-07
 Reference value :  1.82495e-07
 Reference value :  1.83143e-07
 Reference value :  1.83790e-07
 Reference value :  1.84460e-07
 Reference value :  1.85140e-07
 Reference value :  1.85798e-07
 Reference value :  1.86461e-07
 Reference value :  1.87121e-07
 Reference value :  1.87760e-07
 Reference value :  1.88423e-07
 Reference value :  1.89051e-07
 Reference value :  1.89690e-07
 Reference value :  1.90372e-07
 Reference value :  1.91070e-07
 Reference value :  1.91706e-07
 Reference value :  1.92388e-07
 Reference value :  1.93025e-07
 Reference value :  1.93668e-07
 Reference value :  1.94312e-07
 Reference value :  1.94980e-07
 Reference value :  1.95614e-07
 Reference value :  1.96264e-07
 Reference value :  1.96919e-07
 Reference value :  1.97711e-07
 Reference value :  1.98396e-07
 Reference value :  1.99029e-07
 Reference value :  1.99690e-07
 Reference value :  2.00381e-07
 Reference value :  2.01000e-07
 Reference value :  2.01680e-07
 Reference value :  2.02331e-07
 Reference value :  2.02971e-07
 Reference value :  2.03630e-07
 Reference value :  2.04293e-07
 Reference value :  2.04968e-07
 Reference value :  2.05684e-07
 Reference value :  2.06318e-07
 Reference value :  2.06983e-07
 Reference value :  2.07679e-07
 Reference value :  2.08351e-07
 Reference value :  2.09019e-07
 Reference value :  2.09710e-07
 Reference value :  2.10364e-07
 Reference value :  2.11077e-07
 Reference value :  2.11741e-07
 Reference value :  2.12381e-07
 Reference value :  2.13060e-07
 Reference value :  2.13731e-07
 Reference value :  2.14419e-07
 Reference value :  2.15084e-07
 Reference value :  2.15735e-07
 Reference value :  2.16450e-07
 Reference value :  2.17114e-07
 Reference value :  2.17760e-07
 Reference value :  2.18419e-07
 Reference value :  2.19150e-07
 Reference value :  2.19791e-07
 Reference value :  2.20471e-07
 Reference value :  2.21150e-07
 Reference value :  2.21797e-07
 Reference value :  2.22415e-07
 Reference value :  2.23062e-07
 Reference value :  2.23729e-07
 Reference value :  2.24351e-07
 Reference value :  2.25051e-07
 Reference value :  2.25704e-07
 Reference value :  2.26375e-07
 Reference value :  2.27033e-07
 Reference value :  2.27720e-07
 Reference value :  2.28347e-07
 Reference value :  2.29014e-07
 Reference value :  2.29680e-07
 Reference value :  2.30351e-07
 Reference value :  2.31030e-07
 Reference value :  2.31670e-07
 Reference value :  2.32360e-07
 Reference value :  2.33030e-07
 Reference value :  2.33650e-07
 Reference value :  2.34328e-07
 Reference value :  2.34967e-07
 Reference value :  2.35659e-07
 Reference value :  2.36314e-07
 Reference value :  2.37011e-07
 Reference value :  2.37735e-07
 Reference value :  2.38414e-07
 Reference value :  2.39090e-07
 Reference value :  2.39790e-07
 Reference value :  2.40490e-07
 Reference value :  2.41160e-07
 Reference value :  2.41800e-07
 Reference value :  2.42551e-07
 Reference value :  2.43178e-07
 Reference value :  2.43890e-07
 Reference value :  2.44506e-07
 Reference value :  2.45170e-07
 Reference value :  2.45857e-07
 Reference value :  2.46504e-07
 Reference value :  2.47150e-07
 Reference value :  2.47822e-07
 Reference value :  2.48475e-07
 Reference value :  2.49095e-07
 Reference value :  2.49725e-07
 Reference value :  2.50318e-07
 Reference value :  2.50924e-07
 Reference value :  2.51530e-07
 Reference value :  2.52161e-07
 Reference value :  2.52806e-07
 Reference value :  2.53439e-07
 Reference value :  2.54075e-07
 Reference value :  2.54694e-07
 Reference value :  2.55330e-07
 Reference value :  2.55960e-07
 Reference value :  2.56630e-07
 Reference value :  2.57240e-07
 Reference value :  2.57852e-07
 Reference value :  2.58476e-07
 Reference value :  2.59125e-07
 Reference value :  2.59750e-07
 Reference value :  2.60360e-07
 Reference value :  2.61024e-07
 Reference value :  2.61643e-07
 Reference value :  2.62288e-07
 Reference value :  2.62900e-07
 Reference value :  2.63508e-07
 Reference value :  2.64159e-07
 Reference value :  2.64770e-07
 Reference value :  2.65392e-07
 Reference value :  2.66030e-07
 Reference value :  2.66677e-07
 Reference value :  2.67290e-07
 Reference value :  2.67899e-07
 Reference value :  2.68540e-07
 Reference value :  2.69135e-07
 Reference value :  2.69776e-07
 Reference value :  2.70400e-07
 Reference value :  2.71030e-07
 Reference value :  2.71658e-07
 Reference value :  2.72310e-07
 Reference value :  2.72927e-07
 Reference value :  2.73555e-07
 Reference value :  2.74160e-07
 Reference value :  2.74817e-07
 Reference value :  2.75453e-07
 Reference value :  2.76077e-07
 Reference value :  2.76724e-07
 Reference value :  2.77343e-07
 Reference value :  2.77966e-07
 Reference value :  2.78589e-07
 Reference value :  2.79222e-07
 Reference value :  2.79834e-07
 Reference value :  2.80470e-07
 Reference value :  2.81080e-07
 Reference value :  2.81801e-07
 Reference value :  2.82404e-07
 Reference value :  2.82992e-07
 Reference value :  2.83600e-07
 Reference value :  2.84241e-07
 Reference value :  2.84896e-07
 Reference value :  2.85529e-07
 Reference value :  2.86130e-07
 Reference value :  2.86775e-07
 Reference value :  2.87399e-07
 Reference value :  2.88017e-07
 Reference value :  2.88655e-07
 Reference value :  2.89331e-07
 Reference value :  2.89980e-07
 Reference value :  2.90651e-07
 Reference value :  2.91280e-07
 Reference value :  2.91877e-07
 Reference value :  2.92495e-07
 Reference value :  2.93127e-07
 Reference value :  2.93766e-07
 Reference value :  2.94441e-07
 Reference value :  2.95070e-07
 Reference value :  2.95721e-07
 Reference value :  2.96386e-07
 Reference value :  2.97454e-07
 Reference value :  2.98120e-07
 Reference value :  2.98759e-07
 Reference value :  2.99382e-07
 Reference value :  3.00005e-07
 Reference value :  3.00613e-07
 Reference value :  3.01283e-07
 Reference value :  3.01914e-07
 Reference value :  3.02559e-07
 Reference value :  3.03191e-07
 Reference value :  3.03862e-07
 Reference value :  3.04491e-07
 Reference value :  3.05131e-07
 Reference value :  3.05778e-07
 Reference value :  3.06408e-07
 Reference value :  3.07010e-07
 Reference value :  3.07657e-07
 Reference value :  3.08735e-07
 Reference value :  3.09788e-07
 Reference value :  3.10521e-07
 Reference value :  3.11171e-07
 Reference value :  3.11829e-07
 Reference value :  3.12470e-07
 Reference value :  3.13103e-07
 Reference value :  3.13708e-07
 Reference value :  3.14346e-07
 Reference value :  3.14992e-07
 Reference value :  3.15630e-07
 Reference value :  3.16257e-07
 Reference value :  3.16882e-07
 Reference value :  3.17523e-07
 Reference value :  3.18163e-07
 Reference value :  3.18781e-07
 Reference value :  3.19399e-07
 Reference value :  3.20053e-07
 Reference value :  3.20721e-07
 Reference value :  3.21368e-07
 Reference value :  3.22020e-07
 Reference value :  3.22691e-07
 Reference value :  3.23342e-07
 Reference value :  3.23979e-07
 Reference value :  3.24640e-07
 Reference value :  3.25253e-07
 Reference value :  3.25889e-07
 Reference value :  3.26505e-07
 Reference value :  3.27160e-07
 Reference value :  3.27840e-07
 Reference value :  3.28463e-07
 Reference value :  3.29114e-07
 Reference value :  3.29745e-07
 Reference value :  3.30423e-07
 Reference value :  3.31061e-07
 Reference value :  3.31705e-07
 Reference value :  3.32331e-07
 Reference value :  3.32977e-07
 Reference value :  3.33645e-07
 Reference value :  3.34291e-07
 Reference value :  3.34968e-07
 Reference value :  3.35630e-07
 Reference value :  3.36301e-07
 Reference value :  3.36931e-07
 Reference value :  3.37557e-07
 Reference value :  3.38226e-07
 Reference value :  3.38885e-07
 Reference value :  3.39581e-07
 Reference value :  3.40291e-07
 Reference value :  3.40996e-07
 Reference value :  3.41613e-07
 Reference value :  3.42277e-07
 Reference value :  3.42959e-07
 Reference value :  3.43637e-07
 Reference value :  3.44310e-07
 Reference value :  3.44951e-07
 Reference value :  3.45610e-07
 Reference value :  3.46291e-07
 Reference value :  3.46960e-07
 Reference value :  3.47605e-07
 Reference value :  3.48260e-07
 Reference value :  3.48903e-07
 Reference value :  3.49600e-07
 Reference value :  3.50266e-07
 Reference value :  3.50936e-07
 Reference value :  3.51612e-07
 Reference value :  3.52296e-07
 Reference value :  3.52994e-07
 Reference value :  3.53665e-07
 Reference value :  3.54334e-07
 Reference value :  3.55010e-07
 Reference value :  3.55667e-07
 Reference value :  3.56311e-07
 Reference value :  3.56971e-07
 Reference value :  3.57664e-07
 Reference value :  3.58316e-07
 Reference value :  3.58978e-07
 Reference value :  3.59641e-07
 Reference value :  3.60297e-07
 Reference value :  3.60955e-07
 Reference value :  3.61571e-07
 Reference value :  3.62231e-07
 Reference value :  3.62901e-07
 Reference value :  3.63580e-07
 Reference value :  3.64232e-07
 Reference value :  3.64881e-07
 Reference value :  3.65541e-07
 Reference value :  3.66229e-07
 Reference value :  3.66866e-07
 Reference value :  3.67509e-07
 Reference value :  3.68183e-07
 Reference value :  3.68875e-07
 Reference value :  3.69521e-07
 Reference value :  3.70201e-07
 Reference value :  3.70865e-07
 Reference value :  3.71514e-07
 Reference value :  3.72220e-07
 Reference value :  3.72874e-07
 Reference value :  3.73545e-07
 Reference value :  3.74262e-07
 Reference value :  3.74910e-07
 Reference value :  3.75622e-07
 Reference value :  3.76308e-07
 Reference value :  3.76960e-07
 Reference value :  3.77652e-07
 Reference value :  3.78320e-07
 Reference value :  3.79000e-07
 Reference value :  3.79662e-07
 Reference value :  3.80301e-07
 Reference value :  3.81021e-07
 Reference value :  3.81660e-07
 Reference value :  3.82307e-07
 Reference value :  3.82985e-07
 Reference value :  3.83687e-07
 Reference value :  3.84351e-07
 Reference value :  3.85047e-07
 Reference value :  3.85651e-07
 Reference value :  3.86350e-07
 Reference value :  3.87004e-07
 Reference value :  3.87670e-07
 Reference value :  3.88323e-07
 Reference value :  3.88990e-07
 Reference value :  3.89653e-07
 Reference value :  3.90331e-07
 Reference value :  3.90999e-07
 Reference value :  3.91634e-07
 Reference value :  3.92269e-07
 Reference value :  3.92916e-07
 Reference value :  3.93600e-07
 Reference value :  3.94317e-07
 Reference value :  3.94980e-07
 Reference value :  3.95630e-07
 Reference value :  3.96286e-07
 Reference value :  3.96962e-07
 Reference value :  3.97621e-07
 Reference value :  3.98270e-07
 Reference value :  3.98916e-07
 Reference value :  3.99569e-07
 Reference value :  4.00277e-07
 Reference value :  4.00935e-07
 Reference value :  4.01599e-07
 Reference value :  4.02291e-07
 Reference value :  4.02963e-07
 Reference value :  4.03634e-07
 Reference value :  4.04294e-07
 Reference value :  4.04989e-07
 Reference value :  4.05661e-07
 Reference value :  4.06349e-07
 Reference value :  4.07032e-07
 Reference value :  4.07681e-07
 Reference value :  4.08345e-07
 Reference value :  4.09014e-07
 Reference value :  4.09711e-07
 Reference value :  4.10412e-07
 Reference value :  4.11057e-07
 Reference value :  4.11713e-07
 Reference value :  4.12417e-07
 Reference value :  4.13063e-07
 Reference value :  4.13776e-07
 Reference value :  4.14434e-07
 Reference value :  4.15108e-07
 Reference value :  4.15773e-07
 Reference value :  4.16436e-07
 Reference value :  4.17151e-07
 Reference value :  4.17821e-07
 Reference value :  4.18453e-07
 Reference value :  4.19130e-07
 Reference value :  4.19809e-07
 Reference value :  4.20471e-07
 Reference value :  4.21127e-07
 Reference value :  4.21823e-07
 Reference value :  4.22500e-07
 Reference value :  4.23200e-07
 Reference value :  4.23885e-07
 Reference value :  4.24580e-07
 Reference value :  4.25257e-07
 Reference value :  4.25908e-07
 Reference value :  4.26770e-07
 Reference value :  4.27492e-07
 Reference value :  4.28136e-07
 Reference value :  4.28841e-07
 Reference value :  4.29517e-07
 Reference value :  4.30154e-07
 Reference value :  4.30820e-07
 Reference value :  4.31485e-07
 Reference value :  4.32181e-07
 Reference value :  4.32806e-07
 Reference value :  4.33450e-07
 Reference value :  4.34100e-07
 Reference value :  4.34816e-07
 Reference value :  4.35509e-07
 Reference value :  4.36155e-07
 Reference value :  4.36812e-07
 Reference value :  4.37511e-07
 Reference value :  4.38168e-07
 Reference value :  4.38839e-07
 Reference value :  4.39481e-07
 Reference value :  4.40147e-07
 Reference value :  4.40845e-07
 Reference value :  4.41550e-07
 Reference value :  4.42247e-07
 Reference value :  4.42926e-07
 Reference value :  4.43580e-07
 Reference value :  4.44230e-07
 Reference value :  4.44892e-07
 Reference value :  4.45558e-07
 Reference value :  4.46214e-07
 Reference value :  4.46876e-07
 Reference value :  4.47534e-07
 Reference value :  4.48200e-07
 Reference value :  4.48838e-07
 Reference value :  4.49495e-07
 Reference value :  4.50145e-07
 Reference value :  4.50781e-07
 Reference value :  4.51461e-07
 Reference value :  4.52137e-07
 Reference value :  4.52800e-07
 Reference value :  4.53478e-07
 Reference value :  4.54143e-07
 Reference value :  4.54811e-07
 Reference value :  4.55485e-07
 Reference value :  4.56179e-07
 Reference value :  4.56848e-07
 Reference value :  4.57512e-07
 Reference value :  4.58206e-07
 Reference value :  4.58880e-07
 Reference value :  4.59561e-07
 Reference value :  4.60195e-07
 Reference value :  4.60837e-07
 Reference value :  4.61520e-07
 Reference value :  4.62190e-07
 Reference value :  4.62814e-07
 Reference value :  4.63477e-07
 Reference value :  4.64141e-07
 Reference value :  4.64864e-07
 Reference value :  4.65552e-07
 Reference value :  4.66254e-07
 Reference value :  4.66967e-07
 Reference value :  4.67649e-07
 Reference value :  4.68300e-07
 Reference value :  4.68990e-07
 Reference value :  4.69712e-07
 Reference value :  4.70364e-07
 Reference value :  4.71031e-07
 Reference value :  4.71746e-07
 Reference value :  4.72438e-07
 Reference value :  4.73116e-07
 Reference value :  4.73798e-07
 Reference value :  4.74431e-07
 Reference value :  4.75078e-07
 Reference value :  4.75749e-07
 Reference value :  4.76405e-07
 Reference value :  4.77079e-07
 Reference value :  4.77761e-07
 Reference value :  4.78404e-07
 Reference value :  4.79071e-07
 Reference value :  4.79760e-07
 Reference value :  4.80399e-07
 Reference value :  4.81060e-07
 Reference value :  4.81714e-07
 Reference value :  4.82391e-07
 Reference value :  4.83065e-07
 Reference value :  4.83723e-07
 Reference value :  4.84387e-07
 Reference value :  4.85031e-07
 Reference value :  4.85684e-07
 Reference value :  4.86309e-07
 Reference value :  4.86958e-07
 Reference value :  4.87600e-07
 Reference value :  4.88250e-07
 Reference value :  4.88923e-07
 Reference value :  4.89618e-07
 Reference value :  4.90288e-07
 Reference value :  4.90950e-07
 Reference value :  4.91609e-07
 Reference value :  4.92261e-07
 Reference value :  4.92930e-07
 Reference value :  4.93548e-07
 Reference value :  4.94221e-07
 Reference value :  4.94891e-07
 Reference value :  4.95547e-07
 Reference value :  4.96222e-07
 Reference value :  4.96866e-07
 Reference value :  4.97504e-07
 Reference value :  4.98181e-07
 Reference value :  4.98839e-07
 Reference value :  4.99490e-07
 Reference value :  5.00161e-07
 Reference value :  5.00828e-07
 Reference value :  5.01482e-07
 Reference value :  5.02136e-07
 Reference value :  5.02801e-07
 Reference value :  5.03466e-07
 Reference value :  5.04120e-07
 Reference value :  5.04769e-07
 Reference value :  5.05446e-07
 Reference value :  5.06091e-07
 Reference value :  5.06784e-07
 Reference value :  5.07443e-07
 Reference value :  5.08099e-07
 Reference value :  5.09084e-07
 Reference value :  5.09761e-07
 Reference value :  5.10408e-07
 Reference value :  5.11061e-07
 Reference value :  5.11697e-07
 Reference value :  5.12392e-07
 Reference value :  5.13052e-07
 Reference value :  5.13720e-07
 Reference value :  5.14360e-07
 Reference value :  5.15040e-07
 Reference value :  5.15694e-07
 Reference value :  5.16352e-07
 Reference value :  5.16996e-07
 Reference value :  5.17641e-07
 Reference value :  5.18318e-07
 Reference value :  5.19341e-07
 Reference value :  5.20403e-07
 Reference value :  5.21110e-07
 Reference value :  5.21778e-07
 Reference value :  5.22421e-07
 Reference value :  5.23090e-07
 Reference value :  5.23767e-07
 Reference value :  5.24436e-07
 Reference value :  5.25076e-07
 Reference value :  5.25721e-07
 Reference value :  5.26403e-07
 Reference value :  5.27066e-07
 Reference value :  5.27751e-07
 Reference value :  5.28484e-07
 Reference value :  5.29147e-07
 Reference value :  5.29835e-07
 Reference value :  5.30493e-07
 Reference value :  5.31183e-07
 Reference value :  5.31822e-07
 Reference value :  5.32472e-07
 Reference value :  5.33136e-07
 Reference value :  5.33826e-07
 Reference value :  5.34510e-07
 Reference value :  5.35181e-07
 Reference value :  5.35851e-07
 Reference value :  5.36580e-07
 Reference value :  5.37285e-07
 Reference value :  5.37971e-07
 Reference value :  5.38651e-07
 Reference value :  5.39318e-07
 Reference value :  5.40062e-07
 Reference value :  5.40765e-07
 Reference value :  5.41546e-07
 Reference value :  5.42249e-07
 Reference value :  5.42958e-07
 Reference value :  5.43690e-07
 Reference value :  5.44436e-07
 Reference value :  5.45060e-07
 Reference value :  5.45695e-07
 Reference value :  5.46347e-07
 Reference value :  5.47017e-07
 Reference value :  5.47703e-07
 Reference value :  5.48360e-07
 Reference value :  5.48991e-07
 Reference value :  5.49680e-07
 Reference value :  5.50410e-07
 Reference value :  5.51087e-07
 Reference value :  5.51823e-07
 Reference value :  5.52514e-07
 Reference value :  5.53226e-07
 Reference value :  5.53922e-07
 Reference value :  5.54596e-07
 Reference value :  5.55266e-07
 Reference value :  5.55921e-07
 Reference value :  5.56631e-07
 Reference value :  5.57319e-07
 Reference value :  5.58007e-07
 Reference value :  5.58742e-07
 Reference value :  5.59400e-07
 Reference value :  5.60107e-07
 Reference value :  5.60832e-07
 Reference value :  5.61577e-07
 Reference value :  5.62307e-07
 Reference value :  5.63040e-07
 Reference value :  5.63737e-07
 Reference value :  5.64476e-07
 Reference value :  5.65150e-07
 Reference value :  5.65922e-07
 Reference value :  5.66669e-07
 Reference value :  5.67443e-07
 Reference value :  5.68200e-07
 Reference value :  5.68910e-07
 Reference value :  5.69602e-07
 Reference value :  5.70364e-07
 Reference value :  5.71124e-07
 Reference value :  5.71840e-07
 Reference value :  5.72478e-07
 Reference value :  5.73151e-07
 Reference value :  5.73863e-07
 Reference value :  5.74576e-07
 Reference value :  5.75218e-07
 Reference value :  5.75890e-07
 Reference value :  5.76546e-07
 Reference value :  5.77229e-07
 Reference value :  5.77860e-07
 Reference value :  5.78510e-07
 Reference value :  5.79310e-07
 Reference value :  5.80006e-07
 Reference value :  5.80660e-07
 Reference value :  5.81360e-07
 Reference value :  5.82049e-07
 Reference value :  5.82715e-07
 Reference value :  5.83416e-07
 Reference value :  5.84091e-07
 Reference value :  5.84781e-07
 Reference value :  5.85454e-07
 Reference value :  5.86115e-07
 Reference value :  5.86770e-07
 Reference value :  5.87445e-07
 Reference value :  5.88142e-07
 Reference value :  5.88876e-07
 Reference value :  5.89529e-07
 Reference value :  5.90196e-07
 Reference value :  5.90871e-07
 Reference value :  5.91530e-07
 Reference value :  5.92197e-07
 Reference value :  5.92870e-07
 Reference value :  5.93531e-07
 Reference value :  5.94157e-07
 Reference value :  5.94821e-07
 Reference value :  5.95511e-07
 Reference value :  5.96183e-07
 Reference value :  5.96834e-07
 Reference value :  5.97523e-07
 Reference value :  5.98177e-07
 Reference value :  5.98824e-07
 Reference value :  5.99501e-07
 Reference value :  6.00170e-07
 Reference value :  6.00845e-07
 Reference value :  6.01510e-07
 Reference value :  6.02201e-07
 Reference value :  6.02850e-07
 Reference value :  6.03521e-07
 Reference value :  6.04220e-07
 Reference value :  6.04888e-07
 Reference value :  6.05511e-07
 Reference value :  6.06160e-07
 Reference value :  6.06803e-07
 Reference value :  6.07441e-07
 Reference value :  6.08125e-07
 Reference value :  6.08758e-07
 Reference value :  6.09401e-07
 Reference value :  6.10382e-07
 Reference value :  6.11327e-07
 Reference value :  6.12001e-07
 Reference value :  6.12663e-07
 Reference value :  6.13309e-07
 Reference value :  6.14023e-07
 Reference value :  6.14679e-07
 Reference value :  6.15390e-07
 Reference value :  6.16063e-07
 Reference value :  6.16805e-07
 Reference value :  6.17509e-07
 Reference value :  6.18205e-07
 Reference value :  6.18920e-07
 Reference value :  6.19613e-07
 Reference value :  6.20270e-07
 Reference value :  6.20951e-07
 Reference value :  6.21635e-07
 Reference value :  6.22314e-07
 Reference value :  6.23061e-07
 Reference value :  6.23727e-07
 Reference value :  6.24411e-07
 Reference value :  6.25065e-07
 Reference value :  6.25702e-07
 Reference value :  6.26351e-07
 Reference value :  6.27002e-07
 Reference value :  6.27668e-07
 Reference value :  6.28378e-07
 Reference value :  6.29014e-07
 Reference value :  6.29652e-07
 Reference value :  6.30322e-07
 Reference value :  6.30949e-07
 Reference value :  6.31608e-07
 Reference value :  6.32247e-07
 Reference value :  6.32903e-07
 Reference value :  6.33515e-07
 Reference value :  6.34150e-07
 Reference value :  6.34810e-07
 Reference value :  6.35440e-07
 Reference value :  6.36101e-07
 Reference value :  6.36748e-07
 Reference value :  6.37390e-07
 Reference value :  6.38057e-07
 Reference value :  6.38720e-07
 Reference value :  6.39350e-07
 Reference value :  6.39970e-07
 Reference value :  6.40672e-07
 Reference value :  6.41361e-07
 Reference value :  6.42012e-07
 Reference value :  6.42637e-07
 Reference value :  6.43301e-07
 Reference value :  6.43990e-07
 Reference value :  6.44650e-07
 Reference value :  6.45311e-07
 Reference value :  6.45982e-07
 Reference value :  6.46614e-07
 Reference value :  6.47260e-07
 Reference value :  6.47899e-07
 Reference value :  6.48536e-07
 Reference value :  6.49165e-07
 Reference value :  6.49819e-07
 Reference value :  6.50460e-07
 Reference value :  6.51123e-07
 Reference value :  6.51798e-07
 Reference value :  6.52449e-07
 Reference value :  6.53060e-07
 Reference value :  6.53724e-07
 Reference value :  6.54364e-07
 Reference value :  6.55000e-07
 Reference value :  6.55657e-07
 Reference value :  6.56300e-07
 Reference value :  6.56931e-07
 Reference value :  6.57582e-07
 Reference value :  6.58230e-07
 Reference value :  6.58943e-07
 Reference value :  6.59584e-07
 Reference value :  6.60220e-07
 Reference value :  6.60849e-07
 Reference value :  6.61500e-07
 Reference value :  6.62144e-07
 Reference value :  6.62811e-07
 Reference value :  6.63491e-07
 Reference value :  6.64192e-07
 Reference value :  6.64853e-07
 Reference value :  6.65538e-07
 Reference value :  6.66183e-07
 Reference value :  6.66874e-07
 Reference value :  6.67524e-07
 Reference value :  6.68172e-07
 Reference value :  6.68808e-07
 Reference value :  6.69435e-07
 Reference value :  6.70074e-07
 Reference value :  6.70715e-07
 Reference value :  6.71401e-07
 Reference value :  6.72051e-07
 Reference value :  6.72736e-07
 Reference value :  6.73370e-07
 Reference value :  6.74038e-07
 Reference value :  6.74671e-07
 Reference value :  6.75325e-07
 Reference value :  6.75982e-07
 Reference value :  6.76620e-07
 Reference value :  6.77275e-07
 Reference value :  6.77911e-07
 Reference value :  6.78586e-07
 Reference value :  6.79210e-07
 Reference value :  6.79856e-07
 Reference value :  6.80509e-07
 Reference value :  6.81180e-07
 Reference value :  6.81820e-07
 Reference value :  6.82449e-07
 Reference value :  6.83090e-07
 Reference value :  6.83800e-07
 Reference value :  6.84476e-07
 Reference value :  6.85138e-07
 Reference value :  6.85770e-07
 Reference value :  6.86437e-07
 Reference value :  6.87099e-07
 Reference value :  6.87750e-07
 Reference value :  6.88419e-07
 Reference value :  6.89064e-07
 Reference value :  6.89730e-07
 Reference value :  6.90380e-07
 Reference value :  6.91024e-07
 Reference value :  6.91635e-07
 Reference value :  6.92291e-07
 Reference value :  6.92968e-07
 Reference value :  6.93628e-07
 Reference value :  6.94290e-07
 Reference value :  6.94953e-07
 Reference value :  6.95620e-07
 Reference value :  6.96290e-07
 Reference value :  6.96916e-07
 Reference value :  6.97549e-07
 Reference value :  6.98208e-07
 Reference value :  6.98870e-07
 Reference value :  6.99527e-07
 Reference value :  7.00154e-07
 Reference value :  7.00801e-07
 Reference value :  7.01451e-07
 Reference value :  7.02103e-07
 Reference value :  7.02740e-07
 Reference value :  7.03394e-07
 Reference value :  7.04040e-07
 Reference value :  7.04663e-07
 Reference value :  7.05294e-07
 Reference value :  7.05930e-07
 Reference value :  7.06750e-07
 Reference value :  7.07391e-07
 Reference value :  7.08017e-07
 Reference value :  7.08661e-07
 Reference value :  7.09314e-07
 Reference value :  7.09946e-07
 Reference value :  7.10591e-07
 Reference value :  7.11217e-07
 Reference value :  7.11850e-07
 Reference value :  7.12521e-07
 Reference value :  7.13167e-07
 Reference value :  7.13800e-07
 Reference value :  7.14432e-07
 Reference value :  7.15110e-07
 Reference value :  7.16232e-07
 Reference value :  7.17150e-07
 Reference value :  7.17766e-07
 Reference value :  7.18426e-07
 Reference value :  7.19080e-07
 Reference value :  7.19722e-07
 Reference value :  7.20361e-07
 Reference value :  7.20986e-07
 Reference value :  7.21677e-07
 Reference value :  7.22341e-07
 Reference value :  7.23040e-07
 Reference value :  7.23714e-07
 Reference value :  7.24370e-07
 Reference value :  7.25021e-07
 Reference value :  7.25688e-07
 Reference value :  7.26346e-07
 Reference value :  7.27016e-07
 Reference value :  7.27673e-07
 Reference value :  7.28355e-07
 Reference value :  7.29012e-07
 Reference value :  7.29689e-07
 Reference value :  7.30338e-07
 Reference value :  7.30966e-07
 Reference value :  7.31669e-07
 Reference value :  7.32340e-07
 Reference value :  7.33007e-07
 Reference value :  7.33777e-07
 Reference value :  7.34436e-07
 Reference value :  7.35109e-07
 Reference value :  7.35750e-07
 Reference value :  7.36429e-07
 Reference value :  7.37134e-07
 Reference value :  7.37786e-07
 Reference value :  7.38498e-07
 Reference value :  7.39178e-07
 Reference value :  7.39820e-07
 Reference value :  7.40501e-07
 Reference value :  7.41181e-07
 Reference value :  7.41872e-07
 Reference value :  7.42530e-07
 Reference value :  7.43180e-07
 Reference value :  7.43860e-07
 Reference value :  7.44511e-07
 Reference value :  7.45180e-07
 Reference value :  7.45856e-07
 Reference value :  7.46518e-07
 Reference value :  7.47197e-07
 Reference value :  7.47923e-07
 Reference value :  7.48594e-07
 Reference value :  7.49300e-07
 Reference value :  7.50005e-07
 Reference value :  7.50642e-07
 Reference value :  7.51303e-07
 Reference value :  7.51990e-07
 Reference value :  7.52655e-07
 Reference value :  7.53291e-07
 Reference value :  7.53966e-07
 Reference value :  7.54598e-07
 Reference value :  7.55219e-07
 Reference value :  7.55960e-07
 Reference value :  7.56630e-07
 Reference value :  7.57303e-07
 Reference value :  7.57980e-07
 Reference value :  7.58628e-07
 Reference value :  7.59322e-07
 Reference value :  7.59957e-07
 Reference value :  7.60629e-07
 Reference value :  7.61292e-07
 Reference value :  7.61960e-07
 Reference value :  7.62668e-07
 Reference value :  7.63323e-07
 Reference value :  7.63960e-07
 Reference value :  7.64641e-07
 Reference value :  7.65320e-07
 Reference value :  7.66260e-07
 Reference value :  7.66951e-07
 Reference value :  7.67589e-07
 Reference value :  7.68241e-07
 Reference value :  7.68918e-07
 Reference value :  7.69590e-07
 Reference value :  7.70230e-07
 Reference value :  7.70901e-07
 Reference value :  7.71670e-07
 Reference value :  7.72323e-07
 Reference value :  7.72994e-07
 Reference value :  7.73690e-07
 Reference value :  7.74391e-07
 Reference value :  7.75078e-07
 Reference value :  7.75740e-07
 Reference value :  7.76412e-07
 Reference value :  7.77144e-07
 Reference value :  7.77811e-07
 Reference value :  7.78450e-07
 Reference value :  7.79164e-07
 Reference value :  7.79827e-07
 Reference value :  7.80476e-07
 Reference value :  7.81160e-07
 Reference value :  7.81811e-07
 Reference value :  7.82613e-07
 Reference value :  7.83340e-07
 Reference value :  7.83958e-07
 Reference value :  7.84649e-07
 Reference value :  7.85319e-07
 Reference value :  7.85955e-07
 Reference value :  7.86628e-07
 Reference value :  7.87286e-07
 Reference value :  7.88037e-07
 Reference value :  7.88740e-07
 Reference value :  7.89416e-07
 Reference value :  7.90057e-07
 Reference value :  7.90890e-07
 Reference value :  7.91536e-07
 Reference value :  7.92244e-07
 Reference value :  7.92927e-07
 Reference value :  7.93616e-07
 Reference value :  7.94380e-07
 Reference value :  7.95063e-07
 Reference value :  7.95690e-07
 Reference value :  7.96374e-07
 Reference value :  7.97049e-07
 Reference value :  7.97715e-07
 Reference value :  7.98370e-07
 Reference value :  7.99029e-07
 Reference value :  7.99709e-07
 Reference value :  8.00375e-07
 Reference value :  8.01055e-07
 Reference value :  8.01720e-07
 Reference value :  8.02354e-07
 Reference value :  8.03017e-07
 Reference value :  8.03697e-07
 Reference value :  8.04326e-07
 Reference value :  8.04976e-07
 Reference value :  8.05620e-07
 Reference value :  8.06287e-07
 Reference value :  8.06936e-07
 Reference value :  8.07590e-07
 Reference value :  8.08240e-07
 Reference value :  8.08942e-07
 Reference value :  8.09692e-07
 Reference value :  8.10333e-07
 Reference value :  8.11027e-07
 Reference value :  8.11654e-07
 Reference value :  8.12331e-07
 Reference value :  8.13021e-07
 Reference value :  8.13724e-07
 Reference value :  8.14411e-07
 Reference value :  8.15087e-07
 Reference value :  8.15740e-07
 Reference value :  8.16402e-07
 Reference value :  8.17014e-07
 Reference value :  8.17655e-07
 Reference value :  8.18361e-07
 Reference value :  8.19100e-07
 Reference value :  8.19760e-07
 Reference value :  8.20440e-07
 Reference value :  8.21114e-07
 Reference value :  8.21780e-07
 Reference value :  8.22475e-07
 Reference value :  8.23148e-07
 Reference value :  8.23803e-07
 Reference value :  8.24516e-07
 Reference value :  8.25167e-07
 Reference value :  8.25891e-07
 Reference value :  8.26562e-07
 Reference value :  8.27191e-07
 Reference value :  8.27881e-07
 Reference value :  8.28570e-07
 Reference value :  8.29242e-07
 Reference value :  8.29908e-07
 Reference value :  8.30540e-07
 Reference value :  8.31211e-07
 Reference value :  8.31940e-07
 Reference value :  8.32601e-07
 Reference value :  8.33249e-07
 Reference value :  8.33958e-07
 Reference value :  8.34577e-07
 Reference value :  8.35249e-07
 Reference value :  8.35890e-07
 Reference value :  8.36542e-07
 Reference value :  8.37263e-07
 Reference value :  8.37881e-07
 Reference value :  8.38533e-07
 Reference value :  8.39180e-07
 Reference value :  8.39807e-07
 Reference value :  8.40528e-07
 Reference value :  8.41200e-07
 Reference value :  8.41850e-07
 Reference value :  8.42512e-07
 Reference value :  8.43152e-07
 Reference value :  8.43866e-07
 Reference value :  8.44520e-07
 Reference value :  8.45177e-07
 Reference value :  8.45831e-07
 Reference value :  8.46497e-07
 Reference value :  8.47416e-07
 Reference value :  8.48074e-07
 Reference value :  8.48770e-07
 Reference value :  8.49441e-07
 Reference value :  8.50080e-07
 Reference value :  8.50810e-07
 Reference value :  8.51439e-07
 Reference value :  8.52099e-07
 Reference value :  8.52766e-07
 Reference value :  8.53404e-07
 Reference value :  8.54067e-07
 Reference value :  8.54710e-07
 Reference value :  8.55400e-07
 Reference value :  8.56045e-07
 Reference value :  8.56727e-07
 Reference value :  8.57411e-07
 Reference value :  8.58113e-07
 Reference value :  8.58716e-07
 Reference value :  8.59384e-07
 Reference value :  8.60090e-07
 Reference value :  8.60770e-07
 Reference value :  8.61459e-07
 Reference value :  8.62087e-07
 Reference value :  8.62718e-07
 Reference value :  8.63427e-07
 Reference value :  8.64062e-07
 Reference value :  8.64727e-07
 Reference value :  8.65402e-07
 Reference value :  8.66105e-07
 Reference value :  8.66788e-07
 Reference value :  8.67440e-07
 Reference value :  8.68150e-07
 Reference value :  8.68838e-07
 Reference value :  8.69485e-07
 Reference value :  8.70139e-07
 Reference value :  8.70770e-07
 Reference value :  8.71446e-07
 Reference value :  8.72127e-07
 Reference value :  8.72759e-07
 Reference value :  8.73450e-07
 Reference value :  8.74188e-07
 Reference value :  8.75201e-07
 Reference value :  8.76102e-07
 Reference value :  8.77027e-07
 Reference value :  8.77930e-07
 Reference value :  8.78662e-07
 Reference value :  8.79353e-07
 Reference value :  8.80026e-07
 Reference value :  8.80699e-07
 Reference value :  8.81395e-07
 Reference value :  8.82050e-07
 Reference value :  8.82730e-07
 Reference value :  8.83387e-07
 Reference value :  8.84018e-07
 Reference value :  8.84683e-07
 Reference value :  8.85360e-07
 Reference value :  8.86050e-07
 Reference value :  8.86683e-07
 Reference value :  8.87327e-07
 Reference value :  8.88010e-07
 Reference value :  8.88647e-07
 Reference value :  8.89284e-07
 Reference value :  8.89950e-07
 Reference value :  8.90610e-07
 Reference value :  8.91303e-07
 Reference value :  8.91950e-07
 Reference value :  8.92610e-07
 Reference value :  8.93308e-07
 Reference value :  8.93977e-07
 Reference value :  8.94611e-07
 Reference value :  8.95342e-07
 Reference value :  8.96029e-07
 Reference value :  8.96708e-07
 Reference value :  8.97443e-07
 Reference value :  8.98111e-07
 Reference value :  8.98757e-07
 Reference value :  8.99449e-07
 Reference value :  9.00086e-07
 Reference value :  9.00744e-07
 Reference value :  9.01448e-07
 Reference value :  9.02072e-07
 Reference value :  9.02730e-07
 Reference value :  9.03461e-07
 Reference value :  9.04341e-07
 Reference value :  9.04960e-07
 Reference value :  9.05654e-07
 Reference value :  9.06307e-07
 Reference value :  9.06973e-07
 Reference value :  9.07621e-07
 Reference value :  9.08367e-07
 Reference value :  9.09061e-07
 Reference value :  9.09705e-07
 Reference value :  9.10385e-07
 Reference value :  9.11060e-07
 Reference value :  9.11721e-07
 Reference value :  9.12390e-07
 Reference value :  9.13018e-07
 Reference value :  9.13707e-07
 Reference value :  9.14355e-07
 Reference value :  9.15024e-07
 Reference value :  9.15668e-07
 Reference value :  9.16334e-07
 Reference value :  9.17001e-07
 Reference value :  9.17661e-07
 Reference value :  9.18326e-07
 Reference value :  9.18979e-07
 Reference value :  9.19661e-07
 Reference value :  9.20319e-07
 Reference value :  9.21030e-07
 Reference value :  9.21681e-07
 Reference value :  9.22304e-07
 Reference value :  9.22982e-07
 Reference value :  9.23640e-07
 Reference value :  9.24268e-07
 Reference value :  9.24950e-07
 Reference value :  9.25610e-07
 Reference value :  9.26281e-07
 Reference value :  9.26970e-07
 Reference value :  9.27661e-07
 Reference value :  9.28325e-07
 Reference value :  9.29002e-07
 Reference value :  9.29630e-07
 Reference value :  9.30283e-07
 Reference value :  9.30962e-07
 Reference value :  9.31590e-07
 Reference value :  9.32228e-07
 Reference value :  9.32870e-07
 Reference value :  9.33510e-07
 Reference value :  9.34209e-07
 Reference value :  9.34854e-07
 Reference value :  9.35490e-07
 Reference value :  9.36181e-07
 Reference value :  9.36853e-07
 Reference value :  9.37494e-07
 Reference value :  9.38231e-07
 Reference value :  9.38881e-07
 Reference value :  9.39578e-07
 Reference value :  9.40255e-07
 Reference value :  9.40901e-07
 Reference value :  9.41540e-07
 Reference value :  9.42174e-07
 Reference value :  9.42826e-07
 Reference value :  9.43501e-07
 Reference value :  9.44138e-07
 Reference value :  9.44790e-07
 Reference value :  9.45484e-07
 Reference value :  9.46121e-07
 Reference value :  9.46777e-07
 Reference value :  9.47452e-07
 Reference value :  9.48110e-07
 Reference value :  9.48770e-07
 Reference value :  9.49422e-07
 Reference value :  9.50056e-07
 Reference value :  9.50740e-07
 Reference value :  9.51455e-07
 Reference value :  9.52142e-07
 Reference value :  9.52832e-07
 Reference value :  9.53509e-07
 Reference value :  9.54226e-07
 Reference value :  9.54900e-07
 Reference value :  9.55548e-07
 Reference value :  9.56210e-07
 Reference value :  9.56889e-07
 Reference value :  9.57566e-07
 Reference value :  9.58278e-07
 Reference value :  9.58950e-07
 Reference value :  9.59609e-07
 Reference value :  9.60289e-07
 Reference value :  9.60920e-07
 Reference value :  9.61585e-07
 Reference value :  9.62272e-07
 Reference value :  9.62916e-07
 Reference value :  9.63599e-07
 Reference value :  9.64231e-07
 Reference value :  9.64896e-07
 Reference value :  9.65572e-07
 Reference value :  9.66237e-07
 Reference value :  9.66871e-07
 Reference value :  9.67536e-07
 Reference value :  9.68165e-07
 Reference value :  9.68903e-07
 Reference value :  9.69586e-07
 Reference value :  9.70221e-07
 Reference value :  9.70907e-07
 Reference value :  9.71612e-07
 Reference value :  9.72263e-07
 Reference value :  9.72968e-07
 Reference value :  9.73650e-07
 Reference value :  9.74346e-07
 Reference value :  9.75001e-07
 Reference value :  9.75648e-07
 Reference value :  9.76287e-07
 Reference value :  9.76936e-07
 Reference value :  9.77638e-07
 Reference value :  9.78303e-07
 Reference value :  9.78960e-07
 Reference value :  9.79686e-07
 Reference value :  9.80342e-07
 Reference value :  9.81005e-07
 Reference value :  9.81720e-07
 Reference value :  9.82351e-07
 Reference value :  9.83050e-07
 Reference value :  9.83723e-07
 Reference value :  9.84424e-07
 Reference value :  9.85079e-07
 Reference value :  9.85749e-07
 Reference value :  9.86418e-07
 Reference value :  9.87058e-07
 Reference value :  9.87691e-07
 Reference value :  9.88350e-07
 Reference value :  9.88995e-07
 Reference value :  9.89644e-07
 Reference value :  9.90330e-07
 Reference value :  9.91023e-07
 Reference value :  9.91702e-07
 Reference value :  9.92650e-07
 Reference value :  9.93458e-07
 Reference value :  9.94120e-07
 Reference value :  9.94790e-07
 Reference value :  9.95500e-07
 Reference value :  9.96161e-07
 Reference value :  9.96840e-07
 Reference value :  9.97501e-07
 Reference value :  9.98184e-07
 Reference value :  9.98868e-07
 Reference value :  9.99514e-07
 Reference value :  1.00017e-06
 Reference value :  1.00086e-06
 Reference value :  1.00156e-06
 Reference value :  1.00225e-06
 Reference value :  1.00292e-06
 Reference value :  1.00358e-06
 Reference value :  1.00423e-06
 Reference value :  1.00494e-06
 Reference value :  1.00561e-06
 Reference value :  1.00628e-06
 Reference value :  1.00697e-06
 Reference value :  1.00764e-06
 Reference value :  1.00833e-06
 Reference value :  1.00900e-06
 Reference value :  1.00965e-06
 Reference value :  1.01033e-06
 Reference value :  1.01097e-06
 Reference value :  1.01164e-06
 Reference value :  1.01230e-06
 Reference value :  1.01296e-06
 Reference value :  1.01364e-06
 Reference value :  1.01430e-06
 Reference value :  1.01493e-06
 Reference value :  1.01558e-06
 Reference value :  1.01625e-06
 Reference value :  1.01691e-06
 Reference value :  1.01760e-06
 Reference value :  1.01830e-06
 Reference value :  1.01898e-06
 Reference value :  1.01965e-06
 Reference value :  1.02034e-06
 Reference value :  1.02097e-06
 Reference value :  1.02161e-06
 Reference value :  1.02231e-06
 Reference value :  1.02298e-06
 Reference value :  1.02366e-06
 Reference value :  1.02431e-06
 Reference value :  1.02497e-06
 Reference value :  1.02561e-06
 Reference value :  1.02629e-06
 Reference value :  1.02695e-06
 Reference value :  1.02760e-06
 Reference value :  1.02830e-06
 Reference value :  1.02897e-06
 Reference value :  1.02965e-06
 Reference value :  1.03035e-06
 Reference value :  1.03104e-06
 Reference value :  1.03168e-06
 Reference value :  1.03237e-06
 Reference value :  1.03302e-06
 Reference value :  1.03368e-06
 Reference value :  1.03438e-06
 Reference value :  1.03508e-06
 Reference value :  1.03573e-06
 Reference value :  1.03642e-06
 Reference value :  1.03709e-06
 Reference value :  1.03776e-06
 Reference value :  1.03837e-06
 Reference value :  1.03900e-06
 Reference value :  1.03969e-06
 Reference value :  1.04038e-06
 Reference value :  1.04107e-06
 Reference value :  1.04171e-06
 Reference value :  1.04235e-06
 Reference value :  1.04305e-06
 Reference value :  1.04371e-06
 Reference value :  1.04437e-06
 Reference value :  1.04505e-06
 Reference value :  1.04573e-06
 Reference value :  1.04637e-06
 Reference value :  1.04706e-06
 Reference value :  1.04771e-06
 Reference value :  1.04836e-06
 Reference value :  1.04905e-06
 Reference value :  1.04972e-06
 Reference value :  1.05040e-06
 Reference value :  1.05108e-06
 Reference value :  1.05174e-06
 Reference value :  1.05244e-06
 Reference value :  1.05311e-06
 Reference value :  1.05375e-06
 Reference value :  1.05449e-06
 Reference value :  1.05514e-06
 Reference value :  1.05579e-06
 Reference value :  1.05648e-06
 Reference value :  1.05713e-06
 Reference value :  1.05782e-06
 Reference value :  1.05850e-06
 Reference value :  1.05920e-06
 Reference value :  1.05987e-06
 Reference value :  1.06059e-06
 Reference value :  1.06126e-06
 Reference value :  1.06192e-06
 Reference value :  1.06259e-06
 Reference value :  1.06326e-06
 Reference value :  1.06396e-06
 Reference value :  1.06465e-06
 Reference value :  1.06531e-06
 Reference value :  1.06598e-06
 Reference value :  1.06663e-06
 Reference value :  1.06731e-06
 Reference value :  1.06795e-06
 Reference value :  1.06861e-06
 Reference value :  1.06933e-06
 Reference value :  1.06998e-06
 Reference value :  1.07068e-06
 Reference value :  1.07136e-06
 Reference value :  1.07204e-06
 Reference value :  1.07270e-06
 Reference value :  1.07337e-06
 Reference value :  1.07407e-06
 Reference value :  1.07475e-06
 Reference value :  1.07547e-06
 Reference value :  1.07615e-06
 Reference value :  1.07677e-06
 Reference value :  1.07745e-06
 Reference value :  1.07815e-06
 Reference value :  1.07881e-06
 Reference value :  1.07948e-06
 Reference value :  1.08014e-06
 Reference value :  1.08080e-06
 Reference value :  1.08147e-06
 Reference value :  1.08224e-06
 Reference value :  1.08293e-06
 Reference value :  1.08362e-06
 Reference value :  1.08428e-06
 Reference value :  1.08492e-06
 Reference value :  1.08560e-06
 Reference value :  1.08624e-06
 Reference value :  1.08687e-06
 Reference value :  1.08755e-06
 Reference value :  1.08823e-06
 Reference value :  1.08888e-06
 Reference value :  1.08956e-06
 Reference value :  1.09024e-06
 Reference value :  1.09093e-06
 Reference value :  1.09160e-06
 Reference value :  1.09228e-06
 Reference value :  1.09296e-06
 Reference value :  1.09368e-06
 Reference value :  1.09430e-06
 Reference value :  1.09498e-06
 Reference value :  1.09565e-06
 Reference value :  1.09632e-06
 Reference value :  1.09700e-06
 Reference value :  1.09776e-06
 Reference value :  1.09842e-06
 Reference value :  1.09910e-06
 Reference value :  1.09976e-06
 Reference value :  1.10042e-06
 Reference value :  1.10107e-06
 Reference value :  1.10174e-06
 Reference value :  1.10238e-06
 Reference value :  1.10304e-06
 Reference value :  1.10370e-06
 Reference value :  1.10437e-06
 Reference value :  1.10504e-06
 Reference value :  1.10570e-06
 Reference value :  1.10636e-06
 Reference value :  1.10707e-06
 Reference value :  1.10770e-06
 Reference value :  1.10838e-06
 Reference value :  1.10906e-06
 Reference value :  1.10974e-06
 Reference value :  1.11038e-06
 Reference value :  1.11102e-06
 Reference value :  1.11172e-06
 Reference value :  1.11240e-06
 Reference value :  1.11310e-06
 Reference value :  1.11377e-06
 Reference value :  1.11445e-06
 Reference value :  1.11517e-06
 Reference value :  1.11580e-06
 Reference value :  1.11648e-06
 Reference value :  1.11718e-06
 Reference value :  1.11785e-06
 Reference value :  1.11852e-06
 Reference value :  1.11924e-06
 Reference value :  1.11991e-06
 Reference value :  1.12056e-06
 Reference value :  1.12129e-06
 Reference value :  1.12197e-06
 Reference value :  1.12264e-06
 Reference value :  1.12331e-06
 Reference value :  1.12397e-06
 Reference value :  1.12465e-06
 Reference value :  1.12536e-06
 Reference value :  1.12605e-06
 Reference value :  1.12674e-06
 Reference value :  1.12739e-06
 Reference value :  1.12808e-06
 Reference value :  1.12875e-06
 Reference value :  1.12941e-06
 Reference value :  1.13008e-06
 Reference value :  1.13074e-06
 Reference value :  1.13145e-06
 Reference value :  1.13215e-06
 Reference value :  1.13281e-06
 Reference value :  1.13343e-06
 Reference value :  1.13410e-06
 Reference value :  1.13474e-06
 Reference value :  1.13540e-06
 Reference value :  1.13612e-06
 Reference value :  1.13677e-06
 Reference value :  1.13748e-06
 Reference value :  1.13819e-06
 Reference value :  1.13884e-06
 Reference value :  1.13951e-06
 Reference value :  1.14018e-06
 Reference value :  1.14084e-06
 Reference value :  1.14151e-06
 Reference value :  1.14215e-06
 Reference value :  1.14283e-06
 Reference value :  1.14356e-06
 Reference value :  1.14422e-06
 Reference value :  1.14489e-06
 Reference value :  1.14552e-06
 Reference value :  1.14619e-06
 Reference value :  1.14685e-06
 Reference value :  1.14752e-06
 Reference value :  1.14822e-06
 Reference value :  1.14890e-06
 Reference value :  1.14960e-06
 Reference value :  1.15027e-06
 Reference value :  1.15100e-06
 Reference value :  1.15166e-06
 Reference value :  1.15229e-06
 Reference value :  1.15299e-06
 Reference value :  1.15364e-06
 Reference value :  1.15430e-06
 Reference value :  1.15495e-06
 Reference value :  1.15568e-06
 Reference value :  1.15632e-06
 Reference value :  1.15702e-06
 Reference value :  1.15769e-06
 Reference value :  1.15835e-06
 Reference value :  1.15904e-06
 Reference value :  1.15971e-06
 Reference value :  1.16044e-06
 Reference value :  1.16115e-06
 Reference value :  1.16181e-06
 Reference value :  1.16248e-06
 Reference value :  1.16318e-06
 Reference value :  1.16382e-06
 Reference value :  1.16449e-06
 Reference value :  1.16514e-06
 Reference value :  1.16583e-06
 Reference value :  1.16652e-06
 Reference value :  1.16719e-06
 Reference value :  1.16785e-06
 Reference value :  1.16850e-06
 Reference value :  1.16923e-06
 Reference value :  1.16988e-06
 Reference value :  1.17056e-06
 Reference value :  1.17123e-06
 Reference value :  1.17192e-06
 Reference value :  1.17257e-06
 Reference value :  1.17321e-06
 Reference value :  1.17386e-06
 Reference value :  1.17452e-06
 Reference value :  1.17519e-06
 Reference value :  1.17583e-06
 Reference value :  1.17650e-06
 Reference value :  1.17716e-06
 Reference value :  1.17782e-06
 Reference value :  1.17856e-06
 Reference value :  1.17927e-06
 Reference value :  1.17997e-06
 Reference value :  1.18060e-06
 Reference value :  1.18130e-06
 Reference value :  1.18196e-06
 Reference value :  1.18260e-06
 Reference value :  1.18329e-06
 Reference value :  1.18392e-06
 Reference value :  1.18457e-06
 Reference value :  1.18543e-06
 Reference value :  1.18613e-06
 Reference value :  1.18680e-06
 Reference value :  1.18758e-06
 Reference value :  1.18826e-06
 Reference value :  1.18896e-06
 Reference value :  1.18972e-06
 Reference value :  1.19037e-06
 Reference value :  1.19105e-06
 Reference value :  1.19173e-06
 Reference value :  1.19237e-06
 Reference value :  1.19309e-06
 Reference value :  1.19377e-06
 Reference value :  1.19442e-06
 Reference value :  1.19507e-06
 Reference value :  1.19577e-06
 Reference value :  1.19644e-06
 Reference value :  1.19711e-06
 Reference value :  1.19779e-06
 Reference value :  1.19846e-06
 Reference value :  1.19914e-06
 Reference value :  1.19981e-06
 Reference value :  1.20048e-06
 Reference value :  1.20115e-06
 Reference value :  1.20179e-06
 Reference value :  1.20247e-06
 Reference value :  1.20312e-06
 Reference value :  1.20383e-06
 Reference value :  1.20458e-06
 Reference value :  1.20533e-06
 Reference value :  1.20604e-06
 Reference value :  1.20678e-06
 Reference value :  1.20746e-06
 Reference value :  1.20812e-06
 Reference value :  1.20878e-06
 Reference value :  1.20948e-06
 Reference value :  1.21013e-06
 Reference value :  1.21084e-06
 Reference value :  1.21152e-06
 Reference value :  1.21216e-06
 Reference value :  1.21278e-06
 Reference value :  1.21345e-06
 Reference value :  1.21410e-06
 Reference value :  1.21477e-06
 Reference value :  1.21545e-06
 Reference value :  1.21621e-06
 Reference value :  1.21689e-06
 Reference value :  1.21759e-06
 Reference value :  1.21824e-06
 Reference value :  1.21889e-06
 Reference value :  1.21966e-06
 Reference value :  1.22031e-06
 Reference value :  1.22100e-06
 Reference value :  1.22171e-06
 Reference value :  1.22241e-06
 Reference value :  1.22306e-06
 Reference value :  1.22378e-06
 Reference value :  1.22451e-06
 Reference value :  1.22513e-06
 Reference value :  1.22579e-06
 Reference value :  1.22645e-06
 Reference value :  1.22713e-06
 Reference value :  1.22779e-06
 Reference value :  1.22847e-06
 Reference value :  1.22915e-06
 Reference value :  1.22986e-06
 Reference value :  1.23056e-06
 Reference value :  1.23123e-06
 Reference value :  1.23187e-06
 Reference value :  1.23255e-06
 Reference value :  1.23322e-06
 Reference value :  1.23387e-06
 Reference value :  1.23455e-06
 Reference value :  1.23521e-06
 Reference value :  1.23584e-06
 Reference value :  1.23651e-06
 Reference value :  1.23718e-06
 Reference value :  1.23791e-06
 Reference value :  1.23864e-06
 Reference value :  1.23934e-06
 Reference value :  1.24010e-06
 Reference value :  1.24079e-06
 Reference value :  1.24159e-06
 Reference value :  1.24275e-06
 Reference value :  1.24390e-06
 Reference value :  1.24508e-06
 Reference value :  1.24620e-06
 Reference value :  1.24709e-06
 Reference value :  1.24772e-06
 Reference value :  1.24839e-06
 Reference value :  1.24906e-06
 Reference value :  1.24973e-06
 Reference value :  1.25047e-06
 Reference value :  1.25112e-06
 Reference value :  1.25176e-06
 Reference value :  1.25243e-06
 Reference value :  1.25307e-06
 Reference value :  1.25369e-06
 Reference value :  1.25435e-06
 Reference value :  1.25503e-06
 Reference value :  1.25566e-06
 Reference value :  1.25636e-06
 Reference value :  1.25702e-06
 Reference value :  1.25768e-06
 Reference value :  1.25831e-06
 Reference value :  1.25901e-06
 Reference value :  1.25980e-06
 Reference value :  1.26046e-06
 Reference value :  1.26115e-06
 Reference value :  1.26181e-06
 Reference value :  1.26248e-06
 Reference value :  1.26316e-06
 Reference value :  1.26386e-06
 Reference value :  1.26454e-06
 Reference value :  1.26522e-06
 Reference value :  1.26583e-06
 Reference value :  1.26648e-06
 Reference value :  1.26719e-06
 Reference value :  1.26784e-06
 Reference value :  1.26851e-06
 Reference value :  1.26917e-06
 Reference value :  1.26984e-06
 Reference value :  1.27055e-06
 Reference value :  1.27127e-06
 Reference value :  1.27197e-06
 Reference value :  1.27269e-06
 Reference value :  1.27336e-06
 Reference value :  1.27402e-06
 Reference value :  1.27468e-06
 Reference value :  1.27543e-06
 Reference value :  1.27611e-06
 Reference value :  1.27680e-06
 Reference value :  1.27749e-06
 Reference value :  1.27818e-06
 Reference value :  1.27888e-06
 Reference value :  1.27962e-06
 Reference value :  1.28031e-06
 Reference value :  1.28101e-06
 Reference value :  1.28165e-06
 Reference value :  1.28233e-06
 Reference value :  1.28297e-06
 Reference value :  1.28365e-06
 Reference value :  1.28435e-06
 Reference value :  1.28500e-06
 Reference value :  1.28565e-06
 Reference value :  1.28636e-06
 Reference value :  1.28703e-06
 Reference value :  1.28769e-06
 Reference value :  1.28835e-06
 Reference value :  1.28899e-06
 Reference value :  1.28968e-06
 Reference value :  1.29037e-06
 Reference value :  1.29109e-06
 Reference value :  1.29179e-06
 Reference value :  1.29247e-06
 Reference value :  1.29311e-06
 Reference value :  1.29377e-06
 Reference value :  1.29442e-06
 Reference value :  1.29508e-06
 Reference value :  1.29574e-06
 Reference value :  1.29640e-06
 Reference value :  1.29703e-06
 Reference value :  1.29772e-06
 Reference value :  1.29840e-06
 Reference value :  1.29906e-06
 Reference value :  1.29975e-06
 Reference value :  1.30047e-06
 Reference value :  1.30115e-06
 Reference value :  1.30182e-06
 Reference value :  1.30249e-06
 Reference value :  1.30315e-06
 Reference value :  1.30382e-06
 Reference value :  1.30449e-06
 Reference value :  1.30521e-06
 Reference value :  1.30588e-06
 Reference value :  1.30652e-06
 Reference value :  1.30723e-06
 Reference value :  1.30798e-06
 Reference value :  1.30863e-06
 Reference value :  1.30928e-06
 Reference value :  1.30996e-06
 Reference value :  1.31061e-06
 Reference value :  1.31129e-06
 Reference value :  1.31195e-06
 Reference value :  1.31259e-06
 Reference value :  1.31324e-06
 Reference value :  1.31392e-06
 Reference value :  1.31461e-06
 Reference value :  1.31531e-06
 Reference value :  1.31604e-06
 Reference value :  1.31670e-06
 Reference value :  1.31736e-06
 Reference value :  1.31802e-06
 Reference value :  1.31868e-06
 Reference value :  1.31935e-06
 Reference value :  1.32003e-06
 Reference value :  1.32069e-06
 Reference value :  1.32142e-06
 Reference value :  1.32212e-06
 Reference value :  1.32283e-06
 Reference value :  1.32361e-06
 Reference value :  1.32428e-06
 Reference value :  1.32493e-06
 Reference value :  1.32562e-06
 Reference value :  1.32630e-06
 Reference value :  1.32701e-06
 Reference value :  1.32775e-06
 Reference value :  1.32840e-06
 Reference value :  1.32904e-06
 Reference value :  1.32970e-06
 Reference value :  1.33033e-06
 Reference value :  1.33099e-06
 Reference value :  1.33165e-06
 Reference value :  1.33230e-06
 Reference value :  1.33299e-06
 Reference value :  1.33365e-06
 Reference value :  1.33431e-06
 Reference value :  1.33500e-06
 Reference value :  1.33564e-06
 Reference value :  1.33630e-06
 Reference value :  1.33696e-06
 Reference value :  1.33760e-06
 Reference value :  1.33829e-06
 Reference value :  1.33898e-06
 Reference value :  1.33966e-06
 Reference value :  1.34030e-06
 Reference value :  1.34099e-06
 Reference value :  1.34171e-06
 Reference value :  1.34240e-06
 Reference value :  1.34308e-06
 Reference value :  1.34373e-06
 Reference value :  1.34452e-06
 Reference value :  1.34525e-06
 Reference value :  1.34596e-06
 Reference value :  1.34659e-06
 Reference value :  1.34726e-06
 Reference value :  1.34791e-06
 Reference value :  1.34862e-06
 Reference value :  1.34929e-06
 Reference value :  1.35001e-06
 Reference value :  1.35072e-06
 Reference value :  1.35137e-06
 Reference value :  1.35206e-06
 Reference value :  1.35271e-06
 Reference value :  1.35336e-06
 Reference value :  1.35406e-06
 Reference value :  1.35472e-06
 Reference value :  1.35541e-06
 Reference value :  1.35624e-06
 Reference value :  1.35690e-06
 Reference value :  1.35755e-06
 Reference value :  1.35823e-06
 Reference value :  1.35893e-06
 Reference value :  1.35957e-06
 Reference value :  1.36023e-06
 Reference value :  1.36087e-06
 Reference value :  1.36154e-06
 Reference value :  1.36222e-06
 Reference value :  1.36292e-06
 Reference value :  1.36356e-06
 Reference value :  1.36428e-06
 Reference value :  1.36498e-06
 Reference value :  1.36568e-06
 Reference value :  1.36637e-06
 Reference value :  1.36701e-06
 Reference value :  1.36769e-06
 Reference value :  1.36838e-06
 Reference value :  1.36905e-06
 Reference value :  1.36974e-06
 Reference value :  1.37039e-06
 Reference value :  1.37106e-06
 Reference value :  1.37170e-06
 Reference value :  1.37235e-06
 Reference value :  1.37304e-06
 Reference value :  1.37369e-06
 Reference value :  1.37440e-06
 Reference value :  1.37510e-06
 Reference value :  1.37575e-06
 Reference value :  1.37645e-06
 Reference value :  1.37713e-06
 Reference value :  1.37779e-06
 Reference value :  1.37844e-06
 Reference value :  1.37911e-06
 Reference value :  1.37977e-06
 Reference value :  1.38040e-06
 Reference value :  1.38104e-06
 Reference value :  1.38169e-06
 Reference value :  1.38257e-06
 Reference value :  1.38325e-06
 Reference value :  1.38394e-06
 Reference value :  1.38462e-06
 Reference value :  1.38532e-06
 Reference value :  1.38599e-06
 Reference value :  1.38664e-06
 Reference value :  1.38730e-06
 Reference value :  1.38796e-06
 Reference value :  1.38861e-06
 Reference value :  1.38925e-06
 Reference value :  1.38995e-06
 Reference value :  1.39060e-06
 Reference value :  1.39126e-06
 Reference value :  1.39193e-06
 Reference value :  1.39259e-06
 Reference value :  1.39322e-06
 Reference value :  1.39393e-06
 Reference value :  1.39462e-06
 Reference value :  1.39532e-06
 Reference value :  1.39611e-06
 Reference value :  1.39679e-06
 Reference value :  1.39745e-06
 Reference value :  1.39811e-06
 Reference value :  1.39879e-06
 Reference value :  1.39946e-06
 Reference value :  1.40018e-06
 Reference value :  1.40083e-06
 Reference value :  1.40146e-06
 Reference value :  1.40215e-06
 Reference value :  1.40285e-06
 Reference value :  1.40353e-06
 Reference value :  1.40432e-06
 Reference value :  1.40499e-06
 Reference value :  1.40564e-06
 Reference value :  1.40631e-06
 Reference value :  1.40702e-06
 Reference value :  1.40766e-06
 Reference value :  1.40836e-06
 Reference value :  1.40902e-06
 Reference value :  1.40975e-06
 Reference value :  1.41039e-06
 Reference value :  1.41106e-06
 Reference value :  1.41172e-06
 Reference value :  1.41236e-06
 Reference value :  1.41302e-06
 Reference value :  1.41370e-06
 Reference value :  1.41436e-06
 Reference value :  1.41504e-06
 Reference value :  1.41569e-06
 Reference value :  1.41638e-06
 Reference value :  1.41709e-06
 Reference value :  1.41783e-06
 Reference value :  1.41847e-06
 Reference value :  1.41912e-06
 Reference value :  1.41980e-06
 Reference value :  1.42049e-06
 Reference value :  1.42114e-06
 Reference value :  1.42185e-06
 Reference value :  1.42251e-06
 Reference value :  1.42317e-06
 Reference value :  1.42388e-06
 Reference value :  1.42454e-06
 Reference value :  1.42523e-06
 Reference value :  1.42592e-06
 Reference value :  1.42661e-06
 Reference value :  1.42725e-06
 Reference value :  1.42796e-06
 Reference value :  1.42864e-06
 Reference value :  1.42932e-06
 Reference value :  1.42998e-06
 Reference value :  1.43069e-06
 Reference value :  1.43138e-06
 Reference value :  1.43205e-06
 Reference value :  1.43267e-06
 Reference value :  1.43334e-06
 Reference value :  1.43400e-06
 Reference value :  1.43472e-06
 Reference value :  1.43538e-06
 Reference value :  1.43606e-06
 Reference value :  1.43676e-06
 Reference value :  1.43740e-06
 Reference value :  1.43804e-06
 Reference value :  1.43870e-06
 Reference value :  1.43941e-06
 Reference value :  1.44013e-06
 Reference value :  1.44078e-06
 Reference value :  1.44146e-06
 Reference value :  1.44214e-06
 Reference value :  1.44280e-06
 Reference value :  1.44350e-06
 Reference value :  1.44418e-06
 Reference value :  1.44487e-06
 Reference value :  1.44555e-06
 Reference value :  1.44623e-06
 Reference value :  1.44689e-06
 Reference value :  1.44759e-06
 Reference value :  1.44828e-06
 Reference value :  1.44895e-06
 Reference value :  1.44962e-06
 Reference value :  1.45030e-06
 Reference value :  1.45095e-06
 Reference value :  1.45160e-06
 Reference value :  1.45226e-06
 Reference value :  1.45289e-06
 Reference value :  1.45354e-06
 Reference value :  1.45417e-06
 Reference value :  1.45482e-06
 Reference value :  1.45551e-06
 Reference value :  1.45621e-06
 Reference value :  1.45688e-06
 Reference value :  1.45756e-06
 Reference value :  1.45822e-06
 Reference value :  1.45888e-06
 Reference value :  1.45953e-06
 Reference value :  1.46018e-06
 Reference value :  1.46088e-06
 Reference value :  1.46155e-06
 Reference value :  1.46226e-06
 Reference value :  1.46295e-06
 Reference value :  1.46359e-06
 Reference value :  1.46429e-06
 Reference value :  1.46496e-06
 Reference value :  1.46568e-06
 Reference value :  1.46638e-06
 Reference value :  1.46704e-06
 Reference value :  1.46770e-06
 Reference value :  1.46836e-06
 Reference value :  1.46903e-06
 Reference value :  1.46970e-06
 Reference value :  1.47037e-06
 Reference value :  1.47107e-06
 Reference value :  1.47172e-06
 Reference value :  1.47239e-06
 Reference value :  1.47302e-06
 Reference value :  1.47366e-06
 Reference value :  1.47437e-06
 Reference value :  1.47506e-06
 Reference value :  1.47572e-06
 Reference value :  1.47642e-06
 Reference value :  1.47711e-06
 Reference value :  1.47775e-06
 Reference value :  1.47848e-06
 Reference value :  1.47914e-06
 Reference value :  1.47977e-06
 Reference value :  1.48045e-06
 Reference value :  1.48112e-06
 Reference value :  1.48177e-06
 Reference value :  1.48247e-06
 Reference value :  1.48311e-06
 Reference value :  1.48377e-06
 Reference value :  1.48443e-06
 Reference value :  1.48508e-06
 Reference value :  1.48574e-06
 Reference value :  1.48642e-06
 Reference value :  1.48706e-06
 Reference value :  1.48771e-06
 Reference value :  1.48835e-06
 Reference value :  1.48902e-06
 Reference value :  1.48968e-06
 Reference value :  1.49036e-06
 Reference value :  1.49101e-06
 Reference value :  1.49165e-06
 Reference value :  1.49231e-06
 Reference value :  1.49295e-06
 Reference value :  1.49359e-06
 Reference value :  1.49429e-06
 Reference value :  1.49498e-06
 Reference value :  1.49578e-06
 Reference value :  1.49643e-06
 Reference value :  1.49708e-06
 Reference value :  1.49775e-06
 Reference value :  1.49842e-06
 Reference value :  1.49915e-06
 Reference value :  1.49980e-06
 Reference value :  1.50050e-06
 Reference value :  1.50113e-06
 Reference value :  1.50182e-06
 Reference value :  1.50248e-06
 Reference value :  1.50313e-06
 Reference value :  1.50383e-06
 Reference value :  1.50450e-06
 Reference value :  1.50519e-06
 Reference value :  1.50585e-06
 Reference value :  1.50650e-06
 Reference value :  1.50714e-06
 Reference value :  1.50781e-06
 Reference value :  1.50847e-06
 Reference value :  1.50912e-06
 Reference value :  1.50978e-06
 Reference value :  1.51043e-06
 Reference value :  1.51109e-06
 Reference value :  1.51177e-06
 Reference value :  1.51240e-06
 Reference value :  1.51305e-06
 Reference value :  1.51375e-06
 Reference value :  1.51440e-06
 Reference value :  1.51513e-06
 Reference value :  1.51581e-06
 Reference value :  1.51651e-06
 Reference value :  1.51715e-06
 Reference value :  1.51777e-06
 Reference value :  1.51845e-06
 Reference value :  1.51909e-06
 Reference value :  1.51972e-06
 Reference value :  1.52039e-06
 Reference value :  1.52103e-06
 Reference value :  1.52170e-06
 Reference value :  1.52236e-06
 Reference value :  1.52303e-06
 Reference value :  1.52371e-06
 Reference value :  1.52440e-06
 Reference value :  1.52511e-06
 Reference value :  1.52587e-06
 Reference value :  1.52658e-06
 Reference value :  1.52731e-06
 Reference value :  1.52799e-06
 Reference value :  1.52864e-06
 Reference value :  1.52933e-06
 Reference value :  1.52996e-06
 Reference value :  1.53059e-06
 Reference value :  1.53125e-06
 Reference value :  1.53193e-06
 Reference value :  1.53261e-06
 Reference value :  1.53327e-06
 Reference value :  1.53393e-06
 Reference value :  1.53462e-06
 Reference value :  1.53526e-06
 Reference value :  1.53593e-06
 Reference value :  1.53658e-06
 Reference value :  1.53729e-06
 Reference value :  1.53795e-06
 Reference value :  1.53858e-06
 Reference value :  1.53931e-06
 Reference value :  1.53999e-06
 Reference value :  1.54063e-06
 Reference value :  1.54131e-06
 Reference value :  1.54203e-06
 Reference value :  1.54267e-06
 Reference value :  1.54332e-06
 Reference value :  1.54399e-06
 Reference value :  1.54466e-06
 Reference value :  1.54532e-06
 Reference value :  1.54605e-06
 Reference value :  1.54671e-06
 Reference value :  1.54741e-06
 Reference value :  1.54806e-06
 Reference value :  1.54869e-06
 Reference value :  1.54934e-06
 Reference value :  1.54999e-06
 Reference value :  1.55066e-06
 Reference value :  1.55137e-06
 Reference value :  1.55200e-06
 Reference value :  1.55264e-06
 Reference value :  1.55331e-06
 Reference value :  1.55395e-06
 Reference value :  1.55462e-06
 Reference value :  1.55533e-06
 Reference value :  1.55602e-06
 Reference value :  1.55667e-06
 Reference value :  1.55732e-06
 Reference value :  1.55803e-06
 Reference value :  1.55870e-06
 Reference value :  1.55934e-06
 Reference value :  1.56002e-06
 Reference value :  1.56066e-06
 Reference value :  1.56131e-06
 Reference value :  1.56196e-06
 Reference value :  1.56258e-06
 Reference value :  1.56324e-06
 Reference value :  1.56394e-06
 Reference value :  1.56468e-06
 Reference value :  1.56538e-06
 Reference value :  1.56608e-06
 Reference value :  1.56675e-06
 Reference value :  1.56742e-06
 Reference value :  1.56809e-06
 Reference value :  1.56872e-06
 Reference value :  1.56936e-06
 Reference value :  1.57005e-06
 Reference value :  1.57071e-06
 Reference value :  1.57143e-06
 Reference value :  1.57210e-06
 Reference value :  1.57277e-06
 Reference value :  1.57341e-06
 Reference value :  1.57409e-06
 Reference value :  1.57479e-06
 Reference value :  1.57547e-06
 Reference value :  1.57620e-06
 Reference value :  1.57690e-06
 Reference value :  1.57760e-06
 Reference value :  1.57832e-06
 Reference value :  1.57893e-06
 Reference value :  1.57960e-06
 Reference value :  1.58030e-06
 Reference value :  1.58093e-06
 Reference value :  1.58155e-06
 Reference value :  1.58223e-06
 Reference value :  1.58289e-06
 Reference value :  1.58352e-06
 Reference value :  1.58418e-06
 Reference value :  1.58487e-06
 Reference value :  1.58550e-06
 Reference value :  1.58613e-06
 Reference value :  1.58680e-06
 Reference value :  1.58745e-06
 Reference value :  1.58813e-06
 Reference value :  1.58879e-06
 Reference value :  1.58946e-06
 Reference value :  1.59018e-06
 Reference value :  1.59090e-06
 Reference value :  1.59155e-06
 Reference value :  1.59221e-06
 Reference value :  1.59288e-06
 Reference value :  1.59353e-06
 Reference value :  1.59426e-06
 Reference value :  1.59495e-06
 Reference value :  1.59564e-06
 Reference value :  1.59633e-06
 Reference value :  1.59699e-06
 Reference value :  1.59769e-06
 Reference value :  1.59839e-06
 Reference value :  1.59906e-06
 Reference value :  1.59972e-06
 Reference value :  1.60040e-06
 Reference value :  1.60106e-06
 Reference value :  1.60179e-06
 Reference value :  1.60251e-06
 Reference value :  1.60319e-06
 Reference value :  1.60386e-06
 Reference value :  1.60452e-06
 Reference value :  1.60520e-06
 Reference value :  1.60590e-06
 Reference value :  1.60659e-06
 Reference value :  1.60728e-06
 Reference value :  1.60796e-06
 Reference value :  1.60860e-06
 Reference value :  1.60927e-06
 Reference value :  1.60997e-06
 Reference value :  1.61063e-06
 Reference value :  1.61126e-06
 Reference value :  1.61194e-06
 Reference value :  1.61260e-06
 Reference value :  1.61326e-06
 Reference value :  1.61393e-06
 Reference value :  1.61458e-06
 Reference value :  1.61527e-06
 Reference value :  1.61597e-06
 Reference value :  1.61665e-06
 Reference value :  1.61730e-06
 Reference value :  1.61799e-06
 Reference value :  1.61865e-06
 Reference value :  1.61929e-06
 Reference value :  1.61997e-06
 Reference value :  1.62063e-06
 Reference value :  1.62129e-06
 Reference value :  1.62198e-06
 Reference value :  1.62260e-06
 Reference value :  1.62325e-06
 Reference value :  1.62392e-06
 Reference value :  1.62461e-06
 Reference value :  1.62525e-06
 Reference value :  1.62595e-06
 Reference value :  1.62660e-06
 Reference value :  1.62731e-06
 Reference value :  1.62798e-06
 Reference value :  1.62859e-06
 Reference value :  1.62923e-06
 Reference value :  1.62992e-06
 Reference value :  1.63064e-06
 Reference value :  1.63132e-06
 Reference value :  1.63201e-06
 Reference value :  1.63269e-06
 Reference value :  1.63333e-06
 Reference value :  1.63398e-06
 Reference value :  1.63464e-06
 Reference value :  1.63530e-06
 Reference value :  1.63597e-06
 Reference value :  1.63666e-06
 Reference value :  1.63732e-06
 Reference value :  1.63797e-06
 Reference value :  1.63870e-06
 Reference value :  1.63939e-06
 Reference value :  1.64011e-06
 Reference value :  1.64075e-06
 Reference value :  1.64138e-06
 Reference value :  1.64207e-06
 Reference value :  1.64277e-06
 Reference value :  1.64341e-06
 Reference value :  1.64410e-06
 Reference value :  1.64477e-06
 Reference value :  1.64545e-06
 Reference value :  1.64611e-06
 Reference value :  1.64679e-06
 Reference value :  1.64742e-06
 Reference value :  1.64813e-06
 Reference value :  1.64880e-06
 Reference value :  1.64957e-06
 Reference value :  1.65031e-06
 Reference value :  1.65097e-06
 Reference value :  1.65160e-06
 Reference value :  1.65229e-06
 Reference value :  1.65297e-06
 Reference value :  1.65368e-06
 Reference value :  1.65442e-06
 Reference value :  1.65512e-06
 Reference value :  1.65588e-06
 Reference value :  1.65657e-06
 Reference value :  1.65730e-06
 Reference value :  1.65803e-06
 Reference value :  1.65868e-06
 Reference value :  1.65935e-06
 Reference value :  1.66023e-06
 Reference value :  1.66086e-06
 Reference value :  1.66153e-06
 Reference value :  1.66232e-06
 Reference value :  1.66297e-06
 Reference value :  1.66374e-06
 Reference value :  1.66440e-06
 Reference value :  1.66506e-06
 Reference value :  1.66573e-06
 Reference value :  1.66639e-06
 Reference value :  1.66709e-06
 Reference value :  1.66778e-06
 Reference value :  1.66843e-06
 Reference value :  1.66913e-06
 Reference value :  1.66979e-06
 Reference value :  1.67052e-06
 Reference value :  1.67122e-06
 Reference value :  1.67195e-06
 Reference value :  1.67270e-06
 Reference value :  1.67336e-06
 Reference value :  1.67407e-06
 Reference value :  1.67481e-06
 Reference value :  1.67550e-06
 Reference value :  1.67619e-06
 Reference value :  1.67691e-06
 Reference value :  1.67756e-06
 Reference value :  1.67824e-06
 Reference value :  1.67895e-06
 Reference value :  1.67962e-06
 Reference value :  1.68027e-06
 Reference value :  1.68106e-06
 Reference value :  1.68180e-06
 Reference value :  1.68250e-06
 Reference value :  1.68317e-06
 Reference value :  1.68391e-06
 Reference value :  1.68461e-06
 Reference value :  1.68535e-06
 Reference value :  1.68604e-06
 Reference value :  1.68676e-06
 Reference value :  1.68742e-06
 Reference value :  1.68805e-06
 Reference value :  1.68874e-06
 Reference value :  1.68937e-06
 Reference value :  1.69001e-06
 Reference value :  1.69069e-06
 Reference value :  1.69139e-06
 Reference value :  1.69206e-06
 Reference value :  1.69273e-06
 Reference value :  1.69337e-06
 Reference value :  1.69401e-06
 Reference value :  1.69468e-06
 Reference value :  1.69530e-06
 Reference value :  1.69600e-06
 Reference value :  1.69667e-06
 Reference value :  1.69740e-06
 Reference value :  1.69809e-06
 Reference value :  1.69880e-06
 Reference value :  1.69951e-06
 Reference value :  1.70025e-06
 Reference value :  1.70094e-06
 Reference value :  1.70160e-06
 Reference value :  1.70225e-06
 Reference value :  1.70295e-06
 Reference value :  1.70361e-06
 Reference value :  1.70426e-06
 Reference value :  1.70495e-06
 Reference value :  1.70559e-06
 Reference value :  1.70625e-06
 Reference value :  1.70695e-06
 Reference value :  1.70762e-06
 Reference value :  1.70829e-06
 Reference value :  1.70897e-06
 Reference value :  1.70969e-06
 Reference value :  1.71039e-06
 Reference value :  1.71108e-06
 Reference value :  1.71176e-06
 Reference value :  1.71243e-06
 Reference value :  1.71312e-06
 Reference value :  1.71383e-06
 Reference value :  1.71448e-06
 Reference value :  1.71516e-06
 Reference value :  1.71594e-06
 Reference value :  1.71659e-06
 Reference value :  1.71729e-06
 Reference value :  1.71804e-06
 Reference value :  1.71871e-06
 Reference value :  1.71939e-06
 Reference value :  1.72005e-06
 Reference value :  1.72071e-06
 Reference value :  1.72139e-06
 Reference value :  1.72207e-06
 Reference value :  1.72273e-06
 Reference value :  1.72344e-06
 Reference value :  1.72409e-06
 Reference value :  1.72476e-06
 Reference value :  1.72547e-06
 Reference value :  1.72612e-06
 Reference value :  1.72677e-06
 Reference value :  1.72747e-06
 Reference value :  1.72818e-06
 Reference value :  1.72883e-06
 Reference value :  1.72952e-06
 Reference value :  1.73023e-06
 Reference value :  1.73091e-06
 Reference value :  1.73164e-06
 Reference value :  1.73246e-06
 Reference value :  1.73317e-06
 Reference value :  1.73384e-06
 Reference value :  1.73448e-06
 Reference value :  1.73515e-06
 Reference value :  1.73583e-06
 Reference value :  1.73647e-06
 Reference value :  1.73713e-06
 Reference value :  1.73782e-06
 Reference value :  1.73846e-06
 Reference value :  1.73910e-06
 Reference value :  1.73977e-06
 Reference value :  1.74046e-06
 Reference value :  1.74111e-06
 Reference value :  1.74182e-06
 Reference value :  1.74247e-06
 Reference value :  1.74314e-06
 Reference value :  1.74383e-06
 Reference value :  1.74446e-06
 Reference value :  1.74512e-06
 Reference value :  1.74579e-06
 Reference value :  1.74646e-06
 Reference value :  1.74711e-06
 Reference value :  1.74778e-06
 Reference value :  1.74846e-06
 Reference value :  1.74912e-06
 Reference value :  1.74979e-06
 Reference value :  1.75049e-06
 Reference value :  1.75115e-06
 Reference value :  1.75182e-06
 Reference value :  1.75249e-06
 Reference value :  1.75311e-06
 Reference value :  1.75376e-06
 Reference value :  1.75443e-06
 Reference value :  1.75507e-06
 Reference value :  1.75575e-06
 Reference value :  1.75641e-06
 Reference value :  1.75706e-06
 Reference value :  1.75774e-06
 Reference value :  1.75838e-06
 Reference value :  1.75911e-06
 Reference value :  1.75981e-06
 Reference value :  1.76048e-06
 Reference value :  1.76121e-06
 Reference value :  1.76201e-06
 Reference value :  1.76264e-06
 Reference value :  1.76336e-06
 Reference value :  1.76400e-06
 Reference value :  1.76469e-06
 Reference value :  1.76539e-06
 Reference value :  1.76608e-06
 Reference value :  1.76675e-06
 Reference value :  1.76746e-06
 Reference value :  1.76814e-06
 Reference value :  1.76881e-06
 Reference value :  1.76952e-06
 Reference value :  1.77018e-06
 Reference value :  1.77086e-06
 Reference value :  1.77154e-06
 Reference value :  1.77226e-06
 Reference value :  1.77296e-06
 Reference value :  1.77362e-06
 Reference value :  1.77432e-06
 Reference value :  1.77505e-06
 Reference value :  1.77580e-06
 Reference value :  1.77648e-06
 Reference value :  1.77712e-06
 Reference value :  1.77785e-06
 Reference value :  1.77851e-06
 Reference value :  1.77918e-06
 Reference value :  1.77986e-06
 Reference value :  1.78051e-06
 Reference value :  1.78115e-06
 Reference value :  1.78186e-06
 Reference value :  1.78257e-06
 Reference value :  1.78326e-06
 Reference value :  1.78395e-06
 Reference value :  1.78462e-06
 Reference value :  1.78524e-06
 Reference value :  1.78591e-06
 Reference value :  1.78656e-06
 Reference value :  1.78722e-06
 Reference value :  1.78788e-06
 Reference value :  1.78854e-06
 Reference value :  1.78927e-06
 Reference value :  1.79001e-06
 Reference value :  1.79070e-06
 Reference value :  1.79134e-06
 Reference value :  1.79207e-06
 Reference value :  1.79271e-06
 Reference value :  1.79336e-06
 Reference value :  1.79407e-06
 Reference value :  1.79476e-06
 Reference value :  1.79544e-06
 Reference value :  1.79612e-06
 Reference value :  1.79681e-06
 Reference value :  1.79753e-06
 Reference value :  1.79822e-06
 Reference value :  1.79895e-06
 Reference value :  1.79962e-06
 Reference value :  1.80030e-06
 Reference value :  1.80100e-06
 Reference value :  1.80168e-06
 Reference value :  1.80235e-06
 Reference value :  1.80305e-06
 Reference value :  1.80369e-06
 Reference value :  1.80434e-06
 Reference value :  1.80498e-06
 Reference value :  1.80564e-06
 Reference value :  1.80629e-06
 Reference value :  1.80701e-06
 Reference value :  1.80778e-06
 Reference value :  1.80845e-06
 Reference value :  1.80911e-06
 Reference value :  1.80982e-06
 Reference value :  1.81048e-06
 Reference value :  1.81120e-06
 Reference value :  1.81187e-06
 Reference value :  1.81258e-06
 Reference value :  1.81337e-06
 Reference value :  1.81403e-06
 Reference value :  1.81472e-06
 Reference value :  1.81538e-06
 Reference value :  1.81603e-06
 Reference value :  1.81673e-06
 Reference value :  1.81739e-06
 Reference value :  1.81811e-06
 Reference value :  1.81883e-06
 Reference value :  1.81954e-06
 Reference value :  1.82021e-06
 Reference value :  1.82087e-06
 Reference value :  1.82159e-06
 Reference value :  1.82221e-06
 Reference value :  1.82296e-06
 Reference value :  1.82364e-06
 Reference value :  1.82433e-06
 Reference value :  1.82500e-06
 Reference value :  1.82569e-06
 Reference value :  1.82633e-06
 Reference value :  1.82705e-06
 Reference value :  1.82773e-06
 Reference value :  1.82843e-06
 Reference value :  1.82909e-06
 Reference value :  1.82976e-06
 Reference value :  1.83049e-06
 Reference value :  1.83117e-06
 Reference value :  1.83183e-06
 Reference value :  1.83250e-06
 Reference value :  1.83321e-06
 Reference value :  1.83387e-06
 Reference value :  1.83454e-06
 Reference value :  1.83519e-06
 Reference value :  1.83584e-06
 Reference value :  1.83652e-06
 Reference value :  1.83722e-06
 Reference value :  1.83785e-06
 Reference value :  1.83851e-06
 Reference value :  1.83921e-06
 Reference value :  1.83986e-06
 Reference value :  1.84054e-06
 Reference value :  1.84119e-06
 Reference value :  1.84187e-06
 Reference value :  1.84253e-06
 Reference value :  1.84319e-06
 Reference value :  1.84384e-06
 Reference value :  1.84450e-06
 Reference value :  1.84516e-06
 Reference value :  1.84580e-06
 Reference value :  1.84651e-06
 Reference value :  1.84716e-06
 Reference value :  1.84786e-06
 Reference value :  1.84854e-06
 Reference value :  1.84921e-06
 Reference value :  1.84993e-06
 Reference value :  1.85063e-06
 Reference value :  1.85131e-06
 Reference value :  1.85196e-06
 Reference value :  1.85263e-06
 Reference value :  1.85336e-06
 Reference value :  1.85399e-06
 Reference value :  1.85469e-06
 Reference value :  1.85545e-06
 Reference value :  1.85617e-06
 Reference value :  1.85688e-06
 Reference value :  1.85763e-06
 Reference value :  1.85825e-06
 Reference value :  1.85892e-06
 Reference value :  1.85960e-06
 Reference value :  1.86026e-06
 Reference value :  1.86095e-06
 Reference value :  1.86161e-06
 Reference value :  1.86225e-06
 Reference value :  1.86298e-06
 Reference value :  1.86361e-06
 Reference value :  1.86427e-06
 Reference value :  1.86492e-06
 Reference value :  1.86555e-06
 Reference value :  1.86622e-06
 Reference value :  1.86691e-06
 Reference value :  1.86758e-06
 Reference value :  1.86866e-06
 Reference value :  1.86982e-06
 Reference value :  1.87098e-06
 Reference value :  1.87216e-06
 Reference value :  1.87294e-06
 Reference value :  1.87361e-06
 Reference value :  1.87428e-06
 Reference value :  1.87494e-06
 Reference value :  1.87568e-06
 Reference value :  1.87644e-06
 Reference value :  1.87711e-06
 Reference value :  1.87778e-06
 Reference value :  1.87843e-06
 Reference value :  1.87910e-06
 Reference value :  1.87976e-06
 Reference value :  1.88046e-06
 Reference value :  1.88115e-06
 Reference value :  1.88180e-06
 Reference value :  1.88244e-06
 Reference value :  1.88312e-06
 Reference value :  1.88374e-06
 Reference value :  1.88438e-06
 Reference value :  1.88506e-06
 Reference value :  1.88574e-06
 Reference value :  1.88643e-06
 Reference value :  1.88710e-06
 Reference value :  1.88780e-06
 Reference value :  1.88848e-06
 Reference value :  1.88915e-06
 Reference value :  1.88983e-06
 Reference value :  1.89052e-06
 Reference value :  1.89124e-06
 Reference value :  1.89199e-06
 Reference value :  1.89266e-06
 Reference value :  1.89340e-06
 Reference value :  1.89412e-06
 Reference value :  1.89479e-06
 Reference value :  1.89543e-06
 Reference value :  1.89613e-06
 Reference value :  1.89683e-06
 Reference value :  1.89748e-06
 Reference value :  1.89824e-06
 Reference value :  1.89892e-06
 Reference value :  1.89976e-06
 Reference value :  1.90041e-06
 Reference value :  1.90118e-06
 Reference value :  1.90192e-06
 Reference value :  1.90265e-06
 Reference value :  1.90331e-06
 Reference value :  1.90406e-06
 Reference value :  1.90481e-06
 Reference value :  1.90550e-06
 Reference value :  1.90627e-06
 Reference value :  1.90694e-06
 Reference value :  1.90766e-06
 Reference value :  1.90831e-06
 Reference value :  1.90897e-06
 Reference value :  1.90961e-06
 Reference value :  1.91027e-06
 Reference value :  1.91098e-06
 Reference value :  1.91166e-06
 Reference value :  1.91235e-06
 Reference value :  1.91319e-06
 Reference value :  1.91419e-06
 Reference value :  1.91481e-06
 Reference value :  1.91551e-06
 Reference value :  1.91629e-06
 Reference value :  1.91704e-06
 Reference value :  1.91782e-06
 Reference value :  1.91847e-06
 Reference value :  1.91915e-06
 Reference value :  1.91993e-06
 Reference value :  1.92065e-06
 Reference value :  1.92130e-06
 Reference value :  1.92206e-06
 Reference value :  1.92278e-06
 Reference value :  1.92343e-06
 Reference value :  1.92408e-06
 Reference value :  1.92473e-06
 Reference value :  1.92540e-06
 Reference value :  1.92607e-06
 Reference value :  1.92681e-06
 Reference value :  1.92746e-06
 Reference value :  1.92810e-06
 Reference value :  1.92879e-06
 Reference value :  1.92943e-06
 Reference value :  1.93008e-06
 Reference value :  1.93080e-06
 Reference value :  1.93148e-06
 Reference value :  1.93217e-06
 Reference value :  1.93284e-06
 Reference value :  1.93348e-06
 Reference value :  1.93416e-06
 Reference value :  1.93485e-06
 Reference value :  1.93554e-06
 Reference value :  1.93621e-06
 Reference value :  1.93691e-06
 Reference value :  1.93752e-06
 Reference value :  1.93818e-06
 Reference value :  1.93883e-06
 Reference value :  1.93949e-06
 Reference value :  1.94018e-06
 Reference value :  1.94082e-06
 Reference value :  1.94150e-06
 Reference value :  1.94220e-06
 Reference value :  1.94285e-06
 Reference value :  1.94348e-06
 Reference value :  1.94415e-06
 Reference value :  1.94480e-06
 Reference value :  1.94546e-06
 Reference value :  1.94620e-06
 Reference value :  1.94686e-06
 Reference value :  1.94753e-06
 Reference value :  1.94824e-06
 Reference value :  1.94892e-06
 Reference value :  1.94960e-06
 Reference value :  1.95029e-06
 Reference value :  1.95094e-06
 Reference value :  1.95160e-06
 Reference value :  1.95231e-06
 Reference value :  1.95301e-06
 Reference value :  1.95379e-06
 Reference value :  1.95448e-06
 Reference value :  1.95517e-06
 Reference value :  1.95585e-06
 Reference value :  1.95654e-06
 Reference value :  1.95722e-06
 Reference value :  1.95795e-06
 Reference value :  1.95863e-06
 Reference value :  1.95930e-06
 Reference value :  1.95999e-06
 Reference value :  1.96073e-06
 Reference value :  1.96164e-06
 Reference value :  1.96233e-06
 Reference value :  1.96304e-06
 Reference value :  1.96368e-06
 Reference value :  1.96439e-06
 Reference value :  1.96508e-06
 Reference value :  1.96571e-06
 Reference value :  1.96635e-06
 Reference value :  1.96706e-06
 Reference value :  1.96772e-06
 Reference value :  1.96840e-06
 Reference value :  1.96911e-06
 Reference value :  1.96975e-06
 Reference value :  1.97040e-06
 Reference value :  1.97105e-06
 Reference value :  1.97171e-06
 Reference value :  1.97236e-06
 Reference value :  1.97303e-06
 Reference value :  1.97366e-06
 Reference value :  1.97435e-06
 Reference value :  1.97504e-06
 Reference value :  1.97572e-06
 Reference value :  1.97635e-06
 Reference value :  1.97709e-06
 Reference value :  1.97779e-06
 Reference value :  1.97842e-06
 Reference value :  1.97907e-06
 Reference value :  1.97987e-06
 Reference value :  1.98058e-06
 Reference value :  1.98126e-06
 Reference value :  1.98197e-06
 Reference value :  1.98261e-06
 Reference value :  1.98335e-06
 Reference value :  1.98411e-06
 Reference value :  1.98493e-06
 Reference value :  1.98560e-06
 Reference value :  1.98630e-06
 Reference value :  1.98700e-06
 Reference value :  1.98767e-06
 Reference value :  1.98839e-06
 Reference value :  1.98906e-06
 Reference value :  1.98975e-06
 Reference value :  1.99047e-06
 Reference value :  1.99119e-06
 Reference value :  1.99202e-06
 Reference value :  1.99268e-06
 Reference value :  1.99335e-06
 Reference value :  1.99415e-06
 Reference value :  1.99494e-06
 Reference value :  1.99561e-06
 Reference value :  1.99634e-06
 Reference value :  1.99700e-06
 Reference value :  1.99780e-06
 Reference value :  1.99857e-06
 Reference value :  1.99921e-06
 Reference value :  1.99992e-06
 Reference value :  2.00059e-06
 Reference value :  2.00128e-06
 Reference value :  2.00207e-06
 Reference value :  2.00279e-06
 Reference value :  2.00342e-06
 Reference value :  2.00413e-06
 Reference value :  2.00480e-06
 Reference value :  2.00546e-06
 Reference value :  2.00617e-06
 Reference value :  2.00695e-06
 Reference value :  2.00759e-06
 Reference value :  2.00837e-06
 Reference value :  2.00905e-06
 Reference value :  2.00972e-06
 Reference value :  2.01055e-06
 Reference value :  2.01123e-06
 Reference value :  2.01191e-06
 Reference value :  2.01258e-06
 Reference value :  2.01326e-06
 Reference value :  2.01404e-06
 Reference value :  2.01477e-06
 Reference value :  2.01547e-06
 Reference value :  2.01624e-06
 Reference value :  2.01690e-06
 Reference value :  2.01759e-06
 Reference value :  2.01829e-06
 Reference value :  2.01892e-06
 Reference value :  2.01953e-06
 Reference value :  2.02017e-06
 Reference value :  2.02083e-06
 Reference value :  2.02151e-06
 Reference value :  2.02232e-06
 Reference value :  2.02305e-06
 Reference value :  2.02371e-06
 Reference value :  2.02441e-06
 Reference value :  2.02520e-06
 Reference value :  2.02586e-06
 Reference value :  2.02651e-06
 Reference value :  2.02718e-06
 Reference value :  2.02785e-06
 Reference value :  2.02859e-06
 Reference value :  2.02928e-06
 Reference value :  2.02994e-06
 Reference value :  2.03060e-06
 Reference value :  2.03124e-06
 Reference value :  2.03191e-06
 Reference value :  2.03259e-06
 Reference value :  2.03325e-06
 Reference value :  2.03388e-06
 Reference value :  2.03456e-06
 Reference value :  2.03523e-06
 Reference value :  2.03589e-06
 Reference value :  2.03654e-06
 Reference value :  2.03725e-06
 Reference value :  2.03790e-06
 Reference value :  2.03860e-06
 Reference value :  2.03924e-06
 Reference value :  2.03993e-06
 Reference value :  2.04065e-06
 Reference value :  2.04132e-06
 Reference value :  2.04196e-06
 Reference value :  2.04263e-06
 Reference value :  2.04330e-06
 Reference value :  2.04398e-06
 Reference value :  2.04474e-06
 Reference value :  2.04540e-06
 Reference value :  2.04605e-06
 Reference value :  2.04679e-06
 Reference value :  2.04757e-06
 Reference value :  2.04825e-06
 Reference value :  2.04894e-06
 Reference value :  2.04962e-06
 Reference value :  2.05029e-06
 Reference value :  2.05095e-06
 Reference value :  2.05169e-06
 Reference value :  2.05235e-06
 Reference value :  2.05301e-06
 Reference value :  2.05375e-06
 Reference value :  2.05440e-06
 Reference value :  2.05506e-06
 Reference value :  2.05574e-06
 Reference value :  2.05637e-06
 Reference value :  2.05703e-06
 Reference value :  2.05769e-06
 Reference value :  2.05838e-06
 Reference value :  2.05906e-06
 Reference value :  2.05974e-06
 Reference value :  2.06044e-06
 Reference value :  2.06111e-06
 Reference value :  2.06181e-06
 Reference value :  2.06247e-06
 Reference value :  2.06314e-06
 Reference value :  2.06385e-06
 Reference value :  2.06451e-06
 Reference value :  2.06518e-06
 Reference value :  2.06583e-06
 Reference value :  2.06646e-06
 Reference value :  2.06709e-06
 Reference value :  2.06780e-06
 Reference value :  2.06849e-06
 Reference value :  2.06914e-06
 Reference value :  2.06980e-06
 Reference value :  2.07048e-06
 Reference value :  2.07118e-06
 Reference value :  2.07192e-06
 Reference value :  2.07258e-06
 Reference value :  2.07324e-06
 Reference value :  2.07391e-06
 Reference value :  2.07454e-06
 Reference value :  2.07519e-06
 Reference value :  2.07587e-06
 Reference value :  2.07652e-06
 Reference value :  2.07716e-06
 Reference value :  2.07785e-06
 Reference value :  2.07855e-06
 Reference value :  2.07919e-06
 Reference value :  2.07985e-06
 Reference value :  2.08050e-06
 Reference value :  2.08116e-06
 Reference value :  2.08185e-06
 Reference value :  2.08252e-06
 Reference value :  2.08318e-06
 Reference value :  2.08385e-06
 Reference value :  2.08460e-06
 Reference value :  2.08563e-06
 Reference value :  2.08630e-06
 Reference value :  2.08699e-06
 Reference value :  2.08765e-06
 Reference value :  2.08832e-06
 Reference value :  2.08904e-06
 Reference value :  2.08973e-06
 Reference value :  2.09046e-06
 Reference value :  2.09114e-06
 Reference value :  2.09182e-06
 Reference value :  2.09264e-06
 Reference value :  2.09335e-06
 Reference value :  2.09406e-06
 Reference value :  2.09479e-06
 Reference value :  2.09545e-06
 Reference value :  2.09612e-06
 Reference value :  2.09677e-06
 Reference value :  2.09745e-06
 Reference value :  2.09810e-06
 Reference value :  2.09874e-06
 Reference value :  2.09940e-06
 Reference value :  2.10004e-06
 Reference value :  2.10070e-06
 Reference value :  2.10134e-06
 Reference value :  2.10202e-06
 Reference value :  2.10270e-06
 Reference value :  2.10338e-06
 Reference value :  2.10406e-06
 Reference value :  2.10478e-06
 Reference value :  2.10545e-06
 Reference value :  2.10615e-06
 Reference value :  2.10686e-06
 Reference value :  2.10759e-06
 Reference value :  2.10831e-06
 Reference value :  2.10896e-06
 Reference value :  2.10974e-06
 Reference value :  2.11046e-06
 Reference value :  2.11113e-06
 Reference value :  2.11184e-06
 Reference value :  2.11251e-06
 Reference value :  2.11316e-06
 Reference value :  2.11380e-06
 Reference value :  2.11445e-06
 Reference value :  2.11520e-06
 Reference value :  2.11590e-06
 Reference value :  2.11690e-06
 Reference value :  2.11766e-06
 Reference value :  2.11835e-06
 Reference value :  2.11902e-06
 Reference value :  2.11968e-06
 Reference value :  2.12040e-06
 Reference value :  2.12111e-06
 Reference value :  2.12182e-06
 Reference value :  2.12247e-06
 Reference value :  2.12316e-06
 Reference value :  2.12384e-06
 Reference value :  2.12453e-06
 Reference value :  2.12520e-06
 Reference value :  2.12584e-06
 Reference value :  2.12653e-06
 Reference value :  2.12725e-06
 Reference value :  2.12793e-06
 Reference value :  2.12864e-06
 Reference value :  2.12934e-06
 Reference value :  2.13006e-06
 Reference value :  2.13075e-06
 Reference value :  2.13146e-06
 Reference value :  2.13215e-06
 Reference value :  2.13281e-06
 Reference value :  2.13348e-06
 Reference value :  2.13413e-06
 Reference value :  2.13480e-06
 Reference value :  2.13551e-06
 Reference value :  2.13621e-06
 Reference value :  2.13689e-06
 Reference value :  2.13757e-06
 Reference value :  2.13825e-06
 Reference value :  2.13889e-06
 Reference value :  2.13959e-06
 Reference value :  2.14031e-06
 Reference value :  2.14102e-06
 Reference value :  2.14170e-06
 Reference value :  2.14237e-06
 Reference value :  2.14308e-06
 Reference value :  2.14375e-06
 Reference value :  2.14442e-06
 Reference value :  2.14516e-06
 Reference value :  2.14587e-06
 Reference value :  2.14655e-06
 Reference value :  2.14730e-06
 Reference value :  2.14800e-06
 Reference value :  2.14867e-06
 Reference value :  2.14935e-06
 Reference value :  2.15004e-06
 Reference value :  2.15072e-06
 Reference value :  2.15141e-06
 Reference value :  2.15215e-06
 Reference value :  2.15287e-06
 Reference value :  2.15356e-06
 Reference value :  2.15424e-06
 Reference value :  2.15495e-06
 Reference value :  2.15564e-06
 Reference value :  2.15633e-06
 Reference value :  2.15701e-06
 Reference value :  2.15767e-06
 Reference value :  2.15835e-06
 Reference value :  2.15909e-06
 Reference value :  2.15980e-06
 Reference value :  2.16053e-06
 Reference value :  2.16122e-06
 Reference value :  2.16189e-06
 Reference value :  2.16256e-06
 Reference value :  2.16327e-06
 Reference value :  2.16395e-06
 Reference value :  2.16465e-06
 Reference value :  2.16537e-06
 Reference value :  2.16599e-06
 Reference value :  2.16667e-06
 Reference value :  2.16733e-06
 Reference value :  2.16801e-06
 Reference value :  2.16867e-06
 Reference value :  2.16938e-06
 Reference value :  2.17013e-06
 Reference value :  2.17083e-06
 Reference value :  2.17156e-06
 Reference value :  2.17222e-06
 Reference value :  2.17288e-06
 Reference value :  2.17353e-06
 Reference value :  2.17418e-06
 Reference value :  2.17482e-06
 Reference value :  2.17555e-06
 Reference value :  2.17622e-06
 Reference value :  2.17691e-06
 Reference value :  2.17762e-06
 Reference value :  2.17834e-06
 Reference value :  2.17902e-06
 Reference value :  2.17967e-06
 Reference value :  2.18035e-06
 Reference value :  2.18101e-06
 Reference value :  2.18171e-06
 Reference value :  2.18237e-06
 Reference value :  2.18307e-06
 Reference value :  2.18378e-06
 Reference value :  2.18448e-06
 Reference value :  2.18516e-06
 Reference value :  2.18587e-06
 Reference value :  2.18657e-06
 Reference value :  2.18727e-06
 Reference value :  2.18794e-06
 Reference value :  2.18864e-06
 Reference value :  2.18935e-06
 Reference value :  2.19006e-06
 Reference value :  2.19071e-06
 Reference value :  2.19138e-06
 Reference value :  2.19202e-06
 Reference value :  2.19267e-06
 Reference value :  2.19331e-06
 Reference value :  2.19397e-06
 Reference value :  2.19463e-06
 Reference value :  2.19527e-06
 Reference value :  2.19591e-06
 Reference value :  2.19659e-06
 Reference value :  2.19724e-06
 Reference value :  2.19789e-06
 Reference value :  2.19855e-06
 Reference value :  2.19920e-06
 Reference value :  2.19986e-06
 Reference value :  2.20052e-06
 Reference value :  2.20120e-06
 Reference value :  2.20186e-06
 Reference value :  2.20252e-06
 Reference value :  2.20316e-06
 Reference value :  2.20380e-06
 Reference value :  2.20445e-06
 Reference value :  2.20511e-06
 Reference value :  2.20575e-06
 Reference value :  2.20639e-06
 Reference value :  2.20705e-06
 Reference value :  2.20768e-06
 Reference value :  2.20830e-06
 Reference value :  2.20898e-06
 Reference value :  2.20964e-06
 Reference value :  2.21033e-06
 Reference value :  2.21096e-06
 Reference value :  2.21162e-06
 Reference value :  2.21226e-06
 Reference value :  2.21291e-06
 Reference value :  2.21356e-06
 Reference value :  2.21424e-06
 Reference value :  2.21490e-06
 Reference value :  2.21558e-06
 Reference value :  2.21627e-06
 Reference value :  2.21693e-06
 Reference value :  2.21762e-06
 Reference value :  2.21827e-06
 Reference value :  2.21896e-06
 Reference value :  2.21960e-06
 Reference value :  2.22024e-06
 Reference value :  2.22090e-06
 Reference value :  2.22158e-06
 Reference value :  2.22226e-06
 Reference value :  2.22294e-06
 Reference value :  2.22361e-06
 Reference value :  2.22422e-06
 Reference value :  2.22491e-06
 Reference value :  2.22556e-06
 Reference value :  2.22622e-06
 Reference value :  2.22691e-06
 Reference value :  2.22756e-06
 Reference value :  2.22822e-06
 Reference value :  2.22889e-06
 Reference value :  2.22961e-06
 Reference value :  2.23030e-06
 Reference value :  2.23095e-06
 Reference value :  2.23161e-06
 Reference value :  2.23225e-06
 Reference value :  2.23299e-06
 Reference value :  2.23368e-06
 Reference value :  2.23434e-06
 Reference value :  2.23500e-06
 Reference value :  2.23568e-06
 Reference value :  2.23635e-06
 Reference value :  2.23700e-06
 Reference value :  2.23768e-06
 Reference value :  2.23833e-06
 Reference value :  2.23900e-06
 Reference value :  2.23967e-06
 Reference value :  2.24034e-06
 Reference value :  2.24103e-06
 Reference value :  2.24171e-06
 Reference value :  2.24232e-06
 Reference value :  2.24319e-06
 Reference value :  2.24389e-06
 Reference value :  2.24463e-06
 Reference value :  2.24529e-06
 Reference value :  2.24598e-06
 Reference value :  2.24665e-06
 Reference value :  2.24729e-06
 Reference value :  2.24794e-06
 Reference value :  2.24861e-06
 Reference value :  2.24929e-06
 Reference value :  2.25000e-06
 Reference value :  2.25074e-06
 Reference value :  2.25141e-06
 Reference value :  2.25208e-06
 Reference value :  2.25271e-06
 Reference value :  2.25335e-06
 Reference value :  2.25401e-06
 Reference value :  2.25465e-06
 Reference value :  2.25533e-06
 Reference value :  2.25600e-06
 Reference value :  2.25668e-06
 Reference value :  2.25740e-06
 Reference value :  2.25809e-06
 Reference value :  2.25879e-06
 Reference value :  2.25946e-06
 Reference value :  2.26011e-06
 Reference value :  2.26076e-06
 Reference value :  2.26141e-06
 Reference value :  2.26209e-06
 Reference value :  2.26285e-06
 Reference value :  2.26351e-06
 Reference value :  2.26422e-06
 Reference value :  2.26490e-06
 Reference value :  2.26555e-06
 Reference value :  2.26620e-06
 Reference value :  2.26683e-06
 Reference value :  2.26750e-06
 Reference value :  2.26815e-06
 Reference value :  2.26883e-06
 Reference value :  2.26954e-06
 Reference value :  2.27023e-06
 Reference value :  2.27095e-06
 Reference value :  2.27170e-06
 Reference value :  2.27237e-06
 Reference value :  2.27304e-06
 Reference value :  2.27371e-06
 Reference value :  2.27438e-06
 Reference value :  2.27509e-06
 Reference value :  2.27581e-06
 Reference value :  2.27651e-06
 Reference value :  2.27719e-06
 Reference value :  2.27784e-06
 Reference value :  2.27853e-06
 Reference value :  2.27921e-06
 Reference value :  2.27987e-06
 Reference value :  2.28057e-06
 Reference value :  2.28120e-06
 Reference value :  2.28188e-06
 Reference value :  2.28254e-06
 Reference value :  2.28326e-06
 Reference value :  2.28393e-06
 Reference value :  2.28462e-06
 Reference value :  2.28530e-06
 Reference value :  2.28599e-06
 Reference value :  2.28665e-06
 Reference value :  2.28732e-06
 Reference value :  2.28799e-06
 Reference value :  2.28870e-06
 Reference value :  2.28937e-06
 Reference value :  2.29007e-06
 Reference value :  2.29075e-06
 Reference value :  2.29151e-06
 Reference value :  2.29216e-06
 Reference value :  2.29282e-06
 Reference value :  2.29358e-06
 Reference value :  2.29434e-06
 Reference value :  2.29505e-06
 Reference value :  2.29576e-06
 Reference value :  2.29643e-06
 Reference value :  2.29710e-06
 Reference value :  2.29777e-06
 Reference value :  2.29846e-06
 Reference value :  2.29915e-06
 Reference value :  2.29990e-06
 Reference value :  2.30061e-06
 Reference value :  2.30138e-06
 Reference value :  2.30208e-06
 Reference value :  2.30278e-06
 Reference value :  2.30342e-06
 Reference value :  2.30407e-06
 Reference value :  2.30472e-06
 Reference value :  2.30541e-06
 Reference value :  2.30605e-06
 Reference value :  2.30668e-06
 Reference value :  2.30731e-06
 Reference value :  2.30794e-06
 Reference value :  2.30865e-06
 Reference value :  2.30930e-06
 Reference value :  2.30999e-06
 Reference value :  2.31074e-06
 Reference value :  2.31140e-06
 Reference value :  2.31206e-06
 Reference value :  2.31272e-06
 Reference value :  2.31342e-06
 Reference value :  2.31415e-06
 Reference value :  2.31478e-06
 Reference value :  2.31552e-06
 Reference value :  2.31621e-06
 Reference value :  2.31688e-06
 Reference value :  2.31754e-06
 Reference value :  2.31829e-06
 Reference value :  2.31897e-06
 Reference value :  2.31962e-06
 Reference value :  2.32030e-06
 Reference value :  2.32095e-06
 Reference value :  2.32165e-06
 Reference value :  2.32237e-06
 Reference value :  2.32306e-06
 Reference value :  2.32372e-06
 Reference value :  2.32435e-06
 Reference value :  2.32505e-06
 Reference value :  2.32571e-06
 Reference value :  2.32639e-06
 Reference value :  2.32712e-06
 Reference value :  2.32778e-06
 Reference value :  2.32846e-06
 Reference value :  2.32915e-06
 Reference value :  2.32982e-06
 Reference value :  2.33049e-06
 Reference value :  2.33115e-06
 Reference value :  2.33181e-06
 Reference value :  2.33249e-06
 Reference value :  2.33314e-06
 Reference value :  2.33380e-06
 Reference value :  2.33448e-06
 Reference value :  2.33510e-06
 Reference value :  2.33581e-06
 Reference value :  2.33644e-06
 Reference value :  2.33716e-06
 Reference value :  2.33786e-06
 Reference value :  2.33853e-06
 Reference value :  2.33921e-06
 Reference value :  2.33992e-06
 Reference value :  2.34058e-06
 Reference value :  2.34128e-06
 Reference value :  2.34192e-06
 Reference value :  2.34257e-06
 Reference value :  2.34325e-06
 Reference value :  2.34393e-06
 Reference value :  2.34459e-06
 Reference value :  2.34526e-06
 Reference value :  2.34595e-06
 Reference value :  2.34663e-06
 Reference value :  2.34730e-06
 Reference value :  2.34797e-06
 Reference value :  2.34886e-06
 Reference value :  2.34960e-06
 Reference value :  2.35028e-06
 Reference value :  2.35100e-06
 Reference value :  2.35183e-06
 Reference value :  2.35249e-06
 Reference value :  2.35318e-06
 Reference value :  2.35387e-06
 Reference value :  2.35454e-06
 Reference value :  2.35518e-06
 Reference value :  2.35581e-06
 Reference value :  2.35647e-06
 Reference value :  2.35716e-06
 Reference value :  2.35784e-06
 Reference value :  2.35848e-06
 Reference value :  2.35917e-06
 Reference value :  2.35982e-06
 Reference value :  2.36048e-06
 Reference value :  2.36112e-06
 Reference value :  2.36177e-06
 Reference value :  2.36246e-06
 Reference value :  2.36313e-06
 Reference value :  2.36390e-06
 Reference value :  2.36455e-06
 Reference value :  2.36526e-06
 Reference value :  2.36593e-06
 Reference value :  2.36666e-06
 Reference value :  2.36737e-06
 Reference value :  2.36809e-06
 Reference value :  2.36882e-06
 Reference value :  2.36951e-06
 Reference value :  2.37025e-06
 Reference value :  2.37092e-06
 Reference value :  2.37159e-06
 Reference value :  2.37229e-06
 Reference value :  2.37302e-06
 Reference value :  2.37370e-06
 Reference value :  2.37451e-06
 Reference value :  2.37517e-06
 Reference value :  2.37582e-06
 Reference value :  2.37652e-06
 Reference value :  2.37722e-06
 Reference value :  2.37796e-06
 Reference value :  2.37869e-06
 Reference value :  2.37936e-06
 Reference value :  2.38005e-06
 Reference value :  2.38075e-06
 Reference value :  2.38145e-06
 Reference value :  2.38216e-06
 Reference value :  2.38300e-06
 Reference value :  2.38367e-06
 Reference value :  2.38434e-06
 Reference value :  2.38501e-06
 Reference value :  2.38565e-06
 Reference value :  2.38637e-06
 Reference value :  2.38712e-06
 Reference value :  2.38778e-06
 Reference value :  2.38841e-06
 Reference value :  2.38906e-06
 Reference value :  2.38973e-06
 Reference value :  2.39038e-06
 Reference value :  2.39101e-06
 Reference value :  2.39165e-06
 Reference value :  2.39232e-06
 Reference value :  2.39299e-06
 Reference value :  2.39364e-06
 Reference value :  2.39429e-06
 Reference value :  2.39494e-06
 Reference value :  2.39563e-06
 Reference value :  2.39639e-06
 Reference value :  2.39706e-06
 Reference value :  2.39774e-06
 Reference value :  2.39844e-06
 Reference value :  2.39907e-06
 Reference value :  2.39974e-06
 Reference value :  2.40043e-06
 Reference value :  2.40113e-06
 Reference value :  2.40179e-06
 Reference value :  2.40248e-06
 Reference value :  2.40321e-06
 Reference value :  2.40386e-06
 Reference value :  2.40450e-06
 Reference value :  2.40514e-06
 Reference value :  2.40579e-06
 Reference value :  2.40644e-06
 Reference value :  2.40713e-06
 Reference value :  2.40784e-06
 Reference value :  2.40850e-06
 Reference value :  2.40921e-06
 Reference value :  2.40986e-06
 Reference value :  2.41052e-06
 Reference value :  2.41118e-06
 Reference value :  2.41185e-06
 Reference value :  2.41254e-06
 Reference value :  2.41321e-06
 Reference value :  2.41387e-06
 Reference value :  2.41455e-06
 Reference value :  2.41519e-06
 Reference value :  2.41583e-06
 Reference value :  2.41646e-06
 Reference value :  2.41717e-06
 Reference value :  2.41785e-06
 Reference value :  2.41855e-06
 Reference value :  2.41922e-06
 Reference value :  2.41991e-06
 Reference value :  2.42059e-06
 Reference value :  2.42140e-06
 Reference value :  2.42214e-06
 Reference value :  2.42284e-06
 Reference value :  2.42356e-06
 Reference value :  2.42424e-06
 Reference value :  2.42493e-06
 Reference value :  2.42561e-06
 Reference value :  2.42628e-06
 Reference value :  2.42695e-06
 Reference value :  2.42762e-06
 Reference value :  2.42851e-06
 Reference value :  2.42916e-06
 Reference value :  2.42981e-06
 Reference value :  2.43047e-06
 Reference value :  2.43117e-06
 Reference value :  2.43195e-06
 Reference value :  2.43266e-06
 Reference value :  2.43333e-06
 Reference value :  2.43401e-06
 Reference value :  2.43496e-06
 Reference value :  2.43566e-06
 Reference value :  2.43633e-06
 Reference value :  2.43704e-06
 Reference value :  2.43776e-06
 Reference value :  2.43841e-06
 Reference value :  2.43906e-06
 Reference value :  2.43981e-06
 Reference value :  2.44048e-06
 Reference value :  2.44117e-06
 Reference value :  2.44183e-06
 Reference value :  2.44250e-06
 Reference value :  2.44314e-06
 Reference value :  2.44383e-06
 Reference value :  2.44451e-06
 Reference value :  2.44516e-06
 Reference value :  2.44580e-06
 Reference value :  2.44645e-06
 Reference value :  2.44712e-06
 Reference value :  2.44778e-06
 Reference value :  2.44851e-06
 Reference value :  2.44918e-06
 Reference value :  2.44985e-06
 Reference value :  2.45055e-06
 Reference value :  2.45129e-06
 Reference value :  2.45205e-06
 Reference value :  2.45274e-06
 Reference value :  2.45340e-06
 Reference value :  2.45412e-06
 Reference value :  2.45475e-06
 Reference value :  2.45541e-06
 Reference value :  2.45609e-06
 Reference value :  2.45679e-06
 Reference value :  2.45749e-06
 Reference value :  2.45816e-06
 Reference value :  2.45883e-06
 Reference value :  2.45949e-06
 Reference value :  2.46018e-06
 Reference value :  2.46086e-06
 Reference value :  2.46153e-06
 Reference value :  2.46219e-06
 Reference value :  2.46286e-06
 Reference value :  2.46354e-06
 Reference value :  2.46423e-06
 Reference value :  2.46491e-06
 Reference value :  2.46558e-06
 Reference value :  2.46629e-06
 Reference value :  2.46701e-06
 Reference value :  2.46771e-06
 Reference value :  2.46841e-06
 Reference value :  2.46910e-06
 Reference value :  2.46994e-06
 Reference value :  2.47084e-06
 Reference value :  2.47174e-06
 Reference value :  2.47264e-06
 Reference value :  2.47366e-06
 Reference value :  2.47473e-06
 Reference value :  2.47581e-06
 Reference value :  2.47696e-06
 Reference value :  2.47797e-06
 Reference value :  2.47900e-06
 Reference value :  2.47970e-06
 Reference value :  2.48034e-06
 Reference value :  2.48100e-06
 Reference value :  2.48167e-06
 Reference value :  2.48235e-06
 Reference value :  2.48304e-06
 Reference value :  2.48369e-06
 Reference value :  2.48437e-06
 Reference value :  2.48505e-06
 Reference value :  2.48572e-06
 Reference value :  2.48637e-06
 Reference value :  2.48702e-06
 Reference value :  2.48769e-06
 Reference value :  2.48838e-06
 Reference value :  2.48909e-06
 Reference value :  2.48978e-06
 Reference value :  2.49045e-06
 Reference value :  2.49111e-06
 Reference value :  2.49183e-06
 Reference value :  2.49279e-06
 Reference value :  2.49396e-06
 Reference value :  2.49512e-06
 Reference value :  2.49612e-06
 Reference value :  2.49678e-06
 Reference value :  2.49748e-06
 Reference value :  2.49822e-06
 Reference value :  2.49890e-06
 Reference value :  2.49969e-06
 Reference value :  2.50034e-06
 Reference value :  2.50106e-06
 Reference value :  2.50177e-06
 Reference value :  2.50251e-06
 Reference value :  2.50319e-06
 Reference value :  2.50387e-06
 Reference value :  2.50453e-06
 Reference value :  2.50522e-06
 Reference value :  2.50587e-06
 Reference value :  2.50655e-06
 Reference value :  2.50721e-06
 Reference value :  2.50795e-06
 Reference value :  2.50861e-06
 Reference value :  2.50926e-06
 Reference value :  2.50993e-06
 Reference value :  2.51061e-06
 Reference value :  2.51130e-06
 Reference value :  2.51213e-06
 Reference value :  2.51282e-06
 Reference value :  2.51353e-06
 Reference value :  2.51419e-06
 Reference value :  2.51489e-06
 Reference value :  2.51558e-06
 Reference value :  2.51625e-06
 Reference value :  2.51690e-06
 Reference value :  2.51757e-06
 Reference value :  2.51825e-06
 Reference value :  2.51891e-06
 Reference value :  2.51958e-06
 Reference value :  2.52028e-06
 Reference value :  2.52091e-06
 Reference value :  2.52155e-06
 Reference value :  2.52220e-06
 Reference value :  2.52282e-06
 Reference value :  2.52363e-06
 Reference value :  2.52431e-06
 Reference value :  2.52498e-06
 Reference value :  2.52563e-06
 Reference value :  2.52630e-06
 Reference value :  2.52695e-06
 Reference value :  2.52761e-06
 Reference value :  2.52824e-06
 Reference value :  2.52894e-06
 Reference value :  2.52964e-06
 Reference value :  2.53032e-06
 Reference value :  2.53099e-06
 Reference value :  2.53168e-06
 Reference value :  2.53234e-06
 Reference value :  2.53312e-06
 Reference value :  2.53378e-06
 Reference value :  2.53445e-06
 Reference value :  2.53516e-06
 Reference value :  2.53584e-06
 Reference value :  2.53661e-06
 Reference value :  2.53734e-06
 Reference value :  2.53802e-06
 Reference value :  2.53871e-06
 Reference value :  2.53951e-06
 Reference value :  2.54017e-06
 Reference value :  2.54081e-06
 Reference value :  2.54149e-06
 Reference value :  2.54217e-06
 Reference value :  2.54283e-06
 Reference value :  2.54348e-06
 Reference value :  2.54413e-06
 Reference value :  2.54481e-06
 Reference value :  2.54548e-06
 Reference value :  2.54613e-06
 Reference value :  2.54681e-06
 Reference value :  2.54756e-06
 Reference value :  2.54828e-06
 Reference value :  2.54893e-06
 Reference value :  2.54960e-06
 Reference value :  2.55025e-06
 Reference value :  2.55090e-06
 Reference value :  2.55159e-06
 Reference value :  2.55231e-06
 Reference value :  2.55297e-06
 Reference value :  2.55362e-06
 Reference value :  2.55430e-06
 Reference value :  2.55496e-06
 Reference value :  2.55562e-06
 Reference value :  2.55629e-06
 Reference value :  2.55694e-06
 Reference value :  2.55761e-06
 Reference value :  2.55829e-06
 Reference value :  2.55899e-06
 Reference value :  2.55969e-06
 Reference value :  2.56035e-06
 Reference value :  2.56102e-06
 Reference value :  2.56170e-06
 Reference value :  2.56238e-06
 Reference value :  2.56305e-06
 Reference value :  2.56372e-06
 Reference value :  2.56442e-06
 Reference value :  2.56509e-06
 Reference value :  2.56579e-06
 Reference value :  2.56651e-06
 Reference value :  2.56719e-06
 Reference value :  2.56787e-06
 Reference value :  2.56858e-06
 Reference value :  2.56925e-06
 Reference value :  2.56991e-06
 Reference value :  2.57058e-06
 Reference value :  2.57130e-06
 Reference value :  2.57197e-06
 Reference value :  2.57265e-06
 Reference value :  2.57333e-06
 Reference value :  2.57399e-06
 Reference value :  2.57470e-06
 Reference value :  2.57541e-06
 Reference value :  2.57616e-06
 Reference value :  2.57687e-06
 Reference value :  2.57757e-06
 Reference value :  2.57824e-06
 Reference value :  2.57889e-06
 Reference value :  2.57959e-06
 Reference value :  2.58029e-06
 Reference value :  2.58103e-06
 Reference value :  2.58177e-06
 Reference value :  2.58252e-06
 Reference value :  2.58319e-06
 Reference value :  2.58393e-06
 Reference value :  2.58460e-06
 Reference value :  2.58530e-06
 Reference value :  2.58597e-06
 Reference value :  2.58663e-06
 Reference value :  2.58734e-06
 Reference value :  2.58804e-06
 Reference value :  2.58871e-06
 Reference value :  2.58946e-06
 Reference value :  2.59012e-06
 Reference value :  2.59081e-06
 Reference value :  2.59145e-06
 Reference value :  2.59214e-06
 Reference value :  2.59280e-06
 Reference value :  2.59348e-06
 Reference value :  2.59415e-06
 Reference value :  2.59480e-06
 Reference value :  2.59548e-06
 Reference value :  2.59613e-06
 Reference value :  2.59682e-06
 Reference value :  2.59747e-06
 Reference value :  2.59813e-06
 Reference value :  2.59880e-06
 Reference value :  2.59947e-06
 Reference value :  2.60012e-06
 Reference value :  2.60076e-06
 Reference value :  2.60142e-06
 Reference value :  2.60210e-06
 Reference value :  2.60274e-06
 Reference value :  2.60340e-06
 Reference value :  2.60403e-06
 Reference value :  2.60471e-06
 Reference value :  2.60537e-06
 Reference value :  2.60606e-06
 Reference value :  2.60674e-06
 Reference value :  2.60737e-06
 Reference value :  2.60806e-06
 Reference value :  2.60875e-06
 Reference value :  2.60946e-06
 Reference value :  2.61018e-06
 Reference value :  2.61085e-06
 Reference value :  2.61150e-06
 Reference value :  2.61223e-06
 Reference value :  2.61292e-06
 Reference value :  2.61359e-06
 Reference value :  2.61429e-06
 Reference value :  2.61511e-06
 Reference value :  2.61578e-06
 Reference value :  2.61639e-06
 Reference value :  2.61702e-06
 Reference value :  2.61770e-06
 Reference value :  2.61835e-06
 Reference value :  2.61905e-06
 Reference value :  2.61967e-06
 Reference value :  2.62031e-06
 Reference value :  2.62099e-06
 Reference value :  2.62164e-06
 Reference value :  2.62232e-06
 Reference value :  2.62294e-06
 Reference value :  2.62363e-06
 Reference value :  2.62435e-06
 Reference value :  2.62498e-06
 Reference value :  2.62562e-06
 Reference value :  2.62633e-06
 Reference value :  2.62705e-06
 Reference value :  2.62774e-06
 Reference value :  2.62840e-06
 Reference value :  2.62911e-06
 Reference value :  2.62982e-06
 Reference value :  2.63054e-06
 Reference value :  2.63126e-06
 Reference value :  2.63193e-06
 Reference value :  2.63261e-06
 Reference value :  2.63328e-06
 Reference value :  2.63392e-06
 Reference value :  2.63462e-06
 Reference value :  2.63524e-06
 Reference value :  2.63589e-06
 Reference value :  2.63652e-06
 Reference value :  2.63717e-06
 Reference value :  2.63788e-06
 Reference value :  2.63853e-06
 Reference value :  2.63923e-06
 Reference value :  2.63990e-06
 Reference value :  2.64055e-06
 Reference value :  2.64126e-06
 Reference value :  2.64195e-06
 Reference value :  2.64262e-06
 Reference value :  2.64328e-06
 Reference value :  2.64393e-06
 Reference value :  2.64457e-06
 Reference value :  2.64526e-06
 Reference value :  2.64594e-06
 Reference value :  2.64660e-06
 Reference value :  2.64727e-06
 Reference value :  2.64792e-06
 Reference value :  2.64863e-06
 Reference value :  2.64928e-06
 Reference value :  2.64993e-06
 Reference value :  2.65060e-06
 Reference value :  2.65126e-06
 Reference value :  2.65194e-06
 Reference value :  2.65258e-06
 Reference value :  2.65326e-06
 Reference value :  2.65394e-06
 Reference value :  2.65457e-06
 Reference value :  2.65522e-06
 Reference value :  2.65588e-06
 Reference value :  2.65656e-06
 Reference value :  2.65720e-06
 Reference value :  2.65787e-06
 Reference value :  2.65853e-06
 Reference value :  2.65919e-06
 Reference value :  2.65984e-06
 Reference value :  2.66049e-06
 Reference value :  2.66113e-06
 Reference value :  2.66181e-06
 Reference value :  2.66242e-06
 Reference value :  2.66309e-06
 Reference value :  2.66380e-06
 Reference value :  2.66443e-06
 Reference value :  2.66512e-06
 Reference value :  2.66582e-06
 Reference value :  2.66652e-06
 Reference value :  2.66722e-06
 Reference value :  2.66791e-06
 Reference value :  2.66863e-06
 Reference value :  2.66928e-06
 Reference value :  2.66993e-06
 Reference value :  2.67058e-06
 Reference value :  2.67129e-06
 Reference value :  2.67194e-06
 Reference value :  2.67260e-06
 Reference value :  2.67327e-06
 Reference value :  2.67393e-06
 Reference value :  2.67461e-06
 Reference value :  2.67529e-06
 Reference value :  2.67596e-06
 Reference value :  2.67664e-06
 Reference value :  2.67731e-06
 Reference value :  2.67803e-06
 Reference value :  2.67878e-06
 Reference value :  2.67949e-06
 Reference value :  2.68016e-06
 Reference value :  2.68086e-06
 Reference value :  2.68156e-06
 Reference value :  2.68224e-06
 Reference value :  2.68288e-06
 Reference value :  2.68356e-06
 Reference value :  2.68420e-06
 Reference value :  2.68486e-06
 Reference value :  2.68554e-06
 Reference value :  2.68617e-06
 Reference value :  2.68685e-06
 Reference value :  2.68750e-06
 Reference value :  2.68817e-06
 Reference value :  2.68885e-06
 Reference value :  2.68952e-06
 Reference value :  2.69022e-06
 Reference value :  2.69093e-06
 Reference value :  2.69163e-06
 Reference value :  2.69233e-06
 Reference value :  2.69301e-06
 Reference value :  2.69365e-06
 Reference value :  2.69435e-06
 Reference value :  2.69502e-06
 Reference value :  2.69568e-06
 Reference value :  2.69639e-06
 Reference value :  2.69720e-06
 Reference value :  2.69796e-06
 Reference value :  2.69863e-06
 Reference value :  2.69938e-06
 Reference value :  2.70007e-06
 Reference value :  2.70078e-06
 Reference value :  2.70146e-06
 Reference value :  2.70210e-06
 Reference value :  2.70276e-06
 Reference value :  2.70344e-06
 Reference value :  2.70414e-06
 Reference value :  2.70482e-06
 Reference value :  2.70553e-06
 Reference value :  2.70625e-06
 Reference value :  2.70693e-06
 Reference value :  2.70756e-06
 Reference value :  2.70826e-06
 Reference value :  2.70896e-06
 Reference value :  2.70961e-06
 Reference value :  2.71029e-06
 Reference value :  2.71097e-06
 Reference value :  2.71164e-06
 Reference value :  2.71232e-06
 Reference value :  2.71299e-06
 Reference value :  2.71363e-06
 Reference value :  2.71436e-06
 Reference value :  2.71503e-06
 Reference value :  2.71576e-06
 Reference value :  2.71640e-06
 Reference value :  2.71712e-06
 Reference value :  2.71778e-06
 Reference value :  2.71844e-06
 Reference value :  2.71912e-06
 Reference value :  2.71984e-06
 Reference value :  2.72058e-06
 Reference value :  2.72130e-06
 Reference value :  2.72199e-06
 Reference value :  2.72264e-06
 Reference value :  2.72336e-06
 Reference value :  2.72400e-06
 Reference value :  2.72468e-06
 Reference value :  2.72540e-06
 Reference value :  2.72604e-06
 Reference value :  2.72667e-06
 Reference value :  2.72737e-06
 Reference value :  2.72802e-06
 Reference value :  2.72871e-06
 Reference value :  2.72937e-06
 Reference value :  2.73003e-06
 Reference value :  2.73069e-06
 Reference value :  2.73136e-06
 Reference value :  2.73207e-06
 Reference value :  2.73276e-06
 Reference value :  2.73343e-06
 Reference value :  2.73413e-06
 Reference value :  2.73475e-06
 Reference value :  2.73546e-06
 Reference value :  2.73610e-06
 Reference value :  2.73676e-06
 Reference value :  2.73747e-06
 Reference value :  2.73812e-06
 Reference value :  2.73887e-06
 Reference value :  2.73954e-06
 Reference value :  2.74022e-06
 Reference value :  2.74093e-06
 Reference value :  2.74162e-06
 Reference value :  2.74231e-06
 Reference value :  2.74301e-06
 Reference value :  2.74366e-06
 Reference value :  2.74430e-06
 Reference value :  2.74493e-06
 Reference value :  2.74559e-06
 Reference value :  2.74623e-06
 Reference value :  2.74688e-06
 Reference value :  2.74758e-06
 Reference value :  2.74827e-06
 Reference value :  2.74896e-06
 Reference value :  2.74961e-06
 Reference value :  2.75027e-06
 Reference value :  2.75093e-06
 Reference value :  2.75157e-06
 Reference value :  2.75224e-06
 Reference value :  2.75289e-06
 Reference value :  2.75363e-06
 Reference value :  2.75429e-06
 Reference value :  2.75496e-06
 Reference value :  2.75565e-06
 Reference value :  2.75630e-06
 Reference value :  2.75697e-06
 Reference value :  2.75763e-06
 Reference value :  2.75828e-06
 Reference value :  2.75895e-06
 Reference value :  2.75961e-06
 Reference value :  2.76029e-06
 Reference value :  2.76093e-06
 Reference value :  2.76159e-06
 Reference value :  2.76226e-06
 Reference value :  2.76293e-06
 Reference value :  2.76361e-06
 Reference value :  2.76426e-06
 Reference value :  2.76494e-06
 Reference value :  2.76558e-06
 Reference value :  2.76623e-06
 Reference value :  2.76692e-06
 Reference value :  2.76756e-06
 Reference value :  2.76829e-06
 Reference value :  2.76894e-06
 Reference value :  2.76958e-06
 Reference value :  2.77025e-06
 Reference value :  2.77093e-06
 Reference value :  2.77163e-06
 Reference value :  2.77228e-06
 Reference value :  2.77293e-06
 Reference value :  2.77361e-06
 Reference value :  2.77430e-06
 Reference value :  2.77499e-06
 Reference value :  2.77568e-06
 Reference value :  2.77638e-06
 Reference value :  2.77705e-06
 Reference value :  2.77773e-06
 Reference value :  2.77839e-06
 Reference value :  2.77903e-06
 Reference value :  2.77967e-06
 Reference value :  2.78037e-06
 Reference value :  2.78102e-06
 Reference value :  2.78176e-06
 Reference value :  2.78239e-06
 Reference value :  2.78304e-06
 Reference value :  2.78372e-06
 Reference value :  2.78437e-06
 Reference value :  2.78503e-06
 Reference value :  2.78571e-06
 Reference value :  2.78635e-06
 Reference value :  2.78697e-06
 Reference value :  2.78767e-06
 Reference value :  2.78830e-06
 Reference value :  2.78894e-06
 Reference value :  2.78956e-06
 Reference value :  2.79022e-06
 Reference value :  2.79090e-06
 Reference value :  2.79153e-06
 Reference value :  2.79220e-06
 Reference value :  2.79284e-06
 Reference value :  2.79354e-06
 Reference value :  2.79418e-06
 Reference value :  2.79485e-06
 Reference value :  2.79554e-06
 Reference value :  2.79619e-06
 Reference value :  2.79684e-06
 Reference value :  2.79756e-06
 Reference value :  2.79825e-06
 Reference value :  2.79885e-06
 Reference value :  2.79952e-06
 Reference value :  2.80018e-06
 Reference value :  2.80084e-06
 Reference value :  2.80150e-06
 Reference value :  2.80217e-06
 Reference value :  2.80285e-06
 Reference value :  2.80347e-06
 Reference value :  2.80409e-06
 Reference value :  2.80474e-06
 Reference value :  2.80539e-06
 Reference value :  2.80602e-06
 Reference value :  2.80671e-06
 Reference value :  2.80739e-06
 Reference value :  2.80812e-06
 Reference value :  2.80882e-06
 Reference value :  2.80947e-06
 Reference value :  2.81011e-06
 Reference value :  2.81076e-06
 Reference value :  2.81144e-06
 Reference value :  2.81212e-06
 Reference value :  2.81288e-06
 Reference value :  2.81389e-06
 Reference value :  2.81454e-06
 Reference value :  2.81521e-06
 Reference value :  2.81593e-06
 Reference value :  2.81661e-06
 Reference value :  2.81731e-06
 Reference value :  2.81802e-06
 Reference value :  2.81868e-06
 Reference value :  2.81935e-06
 Reference value :  2.82008e-06
 Reference value :  2.82075e-06
 Reference value :  2.82142e-06
 Reference value :  2.82208e-06
 Reference value :  2.82272e-06
 Reference value :  2.82341e-06
 Reference value :  2.82411e-06
 Reference value :  2.82474e-06
 Reference value :  2.82542e-06
 Reference value :  2.82606e-06
 Reference value :  2.82673e-06
 Reference value :  2.82745e-06
 Reference value :  2.82813e-06
 Reference value :  2.82880e-06
 Reference value :  2.82945e-06
 Reference value :  2.83019e-06
 Reference value :  2.83086e-06
 Reference value :  2.83161e-06
 Reference value :  2.83226e-06
 Reference value :  2.83290e-06
 Reference value :  2.83372e-06
 Reference value :  2.83453e-06
 Reference value :  2.83519e-06
 Reference value :  2.83586e-06
 Reference value :  2.83651e-06
 Reference value :  2.83721e-06
 Reference value :  2.83788e-06
 Reference value :  2.83857e-06
 Reference value :  2.83929e-06
 Reference value :  2.83996e-06
 Reference value :  2.84064e-06
 Reference value :  2.84131e-06
 Reference value :  2.84198e-06
 Reference value :  2.84267e-06
 Reference value :  2.84338e-06
 Reference value :  2.84405e-06
 Reference value :  2.84471e-06
 Reference value :  2.84535e-06
 Reference value :  2.84599e-06
 Reference value :  2.84664e-06
 Reference value :  2.84731e-06
 Reference value :  2.84796e-06
 Reference value :  2.84864e-06
 Reference value :  2.84937e-06
 Reference value :  2.85008e-06
 Reference value :  2.85076e-06
 Reference value :  2.85150e-06
 Reference value :  2.85215e-06
 Reference value :  2.85279e-06
 Reference value :  2.85348e-06
 Reference value :  2.85413e-06
 Reference value :  2.85476e-06
 Reference value :  2.85541e-06
 Reference value :  2.85606e-06
 Reference value :  2.85674e-06
 Reference value :  2.85747e-06
 Reference value :  2.85816e-06
 Reference value :  2.85885e-06
 Reference value :  2.85952e-06
 Reference value :  2.86017e-06
 Reference value :  2.86089e-06
 Reference value :  2.86157e-06
 Reference value :  2.86228e-06
 Reference value :  2.86295e-06
 Reference value :  2.86360e-06
 Reference value :  2.86430e-06
 Reference value :  2.86498e-06
 Reference value :  2.86568e-06
 Reference value :  2.86632e-06
 Reference value :  2.86696e-06
 Reference value :  2.86761e-06
 Reference value :  2.86829e-06
 Reference value :  2.86894e-06
 Reference value :  2.86959e-06
 Reference value :  2.87026e-06
 Reference value :  2.87093e-06
 Reference value :  2.87157e-06
 Reference value :  2.87226e-06
 Reference value :  2.87295e-06
 Reference value :  2.87365e-06
 Reference value :  2.87430e-06
 Reference value :  2.87501e-06
 Reference value :  2.87566e-06
 Reference value :  2.87636e-06
 Reference value :  2.87704e-06
 Reference value :  2.87773e-06
 Reference value :  2.87841e-06
 Reference value :  2.87913e-06
 Reference value :  2.87981e-06
 Reference value :  2.88047e-06
 Reference value :  2.88114e-06
 Reference value :  2.88183e-06
 Reference value :  2.88249e-06
 Reference value :  2.88320e-06
 Reference value :  2.88389e-06
 Reference value :  2.88453e-06
 Reference value :  2.88520e-06
 Reference value :  2.88589e-06
 Reference value :  2.88653e-06
 Reference value :  2.88719e-06
 Reference value :  2.88789e-06
 Reference value :  2.88858e-06
 Reference value :  2.88947e-06
 Reference value :  2.89012e-06
 Reference value :  2.89078e-06
 Reference value :  2.89145e-06
 Reference value :  2.89211e-06
 Reference value :  2.89284e-06
 Reference value :  2.89355e-06
 Reference value :  2.89425e-06
 Reference value :  2.89489e-06
 Reference value :  2.89559e-06
 Reference value :  2.89628e-06
 Reference value :  2.89695e-06
 Reference value :  2.89762e-06
 Reference value :  2.89833e-06
 Reference value :  2.89905e-06
 Reference value :  2.89982e-06
 Reference value :  2.90051e-06
 Reference value :  2.90119e-06
 Reference value :  2.90189e-06
 Reference value :  2.90253e-06
 Reference value :  2.90328e-06
 Reference value :  2.90394e-06
 Reference value :  2.90461e-06
 Reference value :  2.90525e-06
 Reference value :  2.90592e-06
 Reference value :  2.90658e-06
 Reference value :  2.90724e-06
 Reference value :  2.90791e-06
 Reference value :  2.90860e-06
 Reference value :  2.90923e-06
 Reference value :  2.90993e-06
 Reference value :  2.91059e-06
 Reference value :  2.91123e-06
 Reference value :  2.91197e-06
 Reference value :  2.91263e-06
 Reference value :  2.91332e-06
 Reference value :  2.91400e-06
 Reference value :  2.91464e-06
 Reference value :  2.91536e-06
 Reference value :  2.91608e-06
 Reference value :  2.91681e-06
 Reference value :  2.91750e-06
 Reference value :  2.91817e-06
 Reference value :  2.91882e-06
 Reference value :  2.91947e-06
 Reference value :  2.92014e-06
 Reference value :  2.92079e-06
 Reference value :  2.92142e-06
 Reference value :  2.92210e-06
 Reference value :  2.92276e-06
 Reference value :  2.92348e-06
 Reference value :  2.92414e-06
 Reference value :  2.92477e-06
 Reference value :  2.92544e-06
 Reference value :  2.92614e-06
 Reference value :  2.92681e-06
 Reference value :  2.92750e-06
 Reference value :  2.92816e-06
 Reference value :  2.92884e-06
 Reference value :  2.92949e-06
 Reference value :  2.93014e-06
 Reference value :  2.93081e-06
 Reference value :  2.93150e-06
 Reference value :  2.93222e-06
 Reference value :  2.93292e-06
 Reference value :  2.93364e-06
 Reference value :  2.93432e-06
 Reference value :  2.93503e-06
 Reference value :  2.93573e-06
 Reference value :  2.93646e-06
 Reference value :  2.93718e-06
 Reference value :  2.93784e-06
 Reference value :  2.93856e-06
 Reference value :  2.93922e-06
 Reference value :  2.93993e-06
 Reference value :  2.94076e-06
 Reference value :  2.94144e-06
 Reference value :  2.94210e-06
 Reference value :  2.94284e-06
 Reference value :  2.94353e-06
 Reference value :  2.94421e-06
 Reference value :  2.94491e-06
 Reference value :  2.94557e-06
 Reference value :  2.94625e-06
 Reference value :  2.94695e-06
 Reference value :  2.94762e-06
 Reference value :  2.94851e-06
 Reference value :  2.94939e-06
 Reference value :  2.95028e-06
 Reference value :  2.95092e-06
 Reference value :  2.95158e-06
 Reference value :  2.95227e-06
 Reference value :  2.95308e-06
 Reference value :  2.95370e-06
 Reference value :  2.95439e-06
 Reference value :  2.95509e-06
 Reference value :  2.95571e-06
 Reference value :  2.95634e-06
 Reference value :  2.95710e-06
 Reference value :  2.95779e-06
 Reference value :  2.95847e-06
 Reference value :  2.95917e-06
 Reference value :  2.95993e-06
 Reference value :  2.96055e-06
 Reference value :  2.96123e-06
 Reference value :  2.96193e-06
 Reference value :  2.96264e-06
 Reference value :  2.96328e-06
 Reference value :  2.96391e-06
 Reference value :  2.96463e-06
 Reference value :  2.96530e-06
 Reference value :  2.96597e-06
 Reference value :  2.96663e-06
 Reference value :  2.96729e-06
 Reference value :  2.96796e-06
 Reference value :  2.96863e-06
 Reference value :  2.96927e-06
 Reference value :  2.96992e-06
 Reference value :  2.97057e-06
 Reference value :  2.97121e-06
 Reference value :  2.97186e-06
 Reference value :  2.97253e-06
 Reference value :  2.97326e-06
 Reference value :  2.97388e-06
 Reference value :  2.97461e-06
 Reference value :  2.97530e-06
 Reference value :  2.97595e-06
 Reference value :  2.97660e-06
 Reference value :  2.97724e-06
 Reference value :  2.97791e-06
 Reference value :  2.97856e-06
 Reference value :  2.97926e-06
 Reference value :  2.97990e-06
 Reference value :  2.98063e-06
 Reference value :  2.98127e-06
 Reference value :  2.98195e-06
 Reference value :  2.98266e-06
 Reference value :  2.98332e-06
 Reference value :  2.98398e-06
 Reference value :  2.98466e-06
 Reference value :  2.98537e-06
 Reference value :  2.98606e-06
 Reference value :  2.98672e-06
 Reference value :  2.98738e-06
 Reference value :  2.98807e-06
 Reference value :  2.98874e-06
 Reference value :  2.98940e-06
 Reference value :  2.99008e-06
 Reference value :  2.99079e-06
 Reference value :  2.99155e-06
 Reference value :  2.99225e-06
 Reference value :  2.99291e-06
 Reference value :  2.99363e-06
 Reference value :  2.99431e-06
 Reference value :  2.99501e-06
 Reference value :  2.99567e-06
 Reference value :  2.99632e-06
 Reference value :  2.99700e-06
 Reference value :  2.99767e-06
 Reference value :  2.99832e-06
 Reference value :  2.99899e-06
 Reference value :  2.99965e-06
No. of Data Rows : 3900267
tk                  =  4.70039e-09
tk                  =  7.54647e-09
tk                  =  1.03931e-08
tk                  =  1.32406e-08
tk                  =  1.60862e-08
tk                  =  1.89328e-08
tk                  =  2.17791e-08
tk                  =  2.46256e-08
tk                  =  2.74725e-08
tk                  =  3.03193e-08
tk                  =  3.31650e-08
tk                  =  3.60118e-08
tk                  =  3.88584e-08
tk                  =  4.17048e-08
tk                  =  4.45519e-08
tk                  =  4.73983e-08
tk                  =  5.02457e-08
tk                  =  5.30923e-08
tk                  =  5.59405e-08
tk                  =  5.87870e-08
tk                  =  6.16335e-08
tk                  =  6.44795e-08
tk                  =  6.73265e-08
tk                  =  7.01728e-08
tk                  =  7.30195e-08
tk                  =  7.58657e-08
tk                  =  7.87124e-08
tk                  =  8.15589e-08
tk                  =  8.44060e-08
tk                  =  8.72534e-08
tk                  =  9.00999e-08
tk                  =  9.29464e-08
tk                  =  9.57933e-08
tk                  =  9.86406e-08
tk                  =  1.01498e-07
tk                  =  1.04372e-07
tk                  =  1.07247e-07
tk                  =  1.10121e-07
tk                  =  1.12994e-07
tk                  =  1.15869e-07
tk                  =  1.18743e-07
tk                  =  1.21616e-07
tk                  =  1.24490e-07
tk                  =  1.27364e-07
tk                  =  1.30239e-07
tk                  =  1.33112e-07
tk                  =  1.35986e-07
tk                  =  1.38861e-07
tk                  =  1.41735e-07
tk                  =  1.44609e-07
tk                  =  1.47483e-07
tk                  =  1.50358e-07
tk                  =  1.53230e-07
tk                  =  1.56105e-07
tk                  =  1.58980e-07
tk                  =  1.61854e-07
tk                  =  1.64728e-07
tk                  =  1.67600e-07
tk                  =  1.70473e-07
tk                  =  1.73348e-07
tk                  =  1.76223e-07
tk                  =  1.79098e-07
tk                  =  1.81971e-07
tk                  =  1.84846e-07
tk                  =  1.87719e-07
tk                  =  1.90592e-07
tk                  =  1.93466e-07
tk                  =  1.96340e-07
tk                  =  1.99214e-07
tk                  =  2.02089e-07
tk                  =  2.04964e-07
tk                  =  2.07837e-07
tk                  =  2.10712e-07
tk                  =  2.13585e-07
tk                  =  2.16458e-07
tk                  =  2.19333e-07
tk                  =  2.22208e-07
tk                  =  2.25082e-07
tk                  =  2.27956e-07
tk                  =  2.30830e-07
tk                  =  2.33704e-07
tk                  =  2.36577e-07
tk                  =  2.39452e-07
tk                  =  2.42326e-07
tk                  =  2.45200e-07
tk                  =  2.48073e-07
tk                  =  2.50947e-07
tk                  =  2.53821e-07
tk                  =  2.56694e-07
tk                  =  2.59568e-07
tk                  =  2.62442e-07
tk                  =  2.65315e-07
tk                  =  2.68190e-07
tk                  =  2.71064e-07
tk                  =  2.73939e-07
tk                  =  2.76813e-07
tk                  =  2.79687e-07
tk                  =  2.82562e-07
tk                  =  2.85435e-07
tk                  =  2.88308e-07
tk                  =  2.91184e-07
tk                  =  2.94058e-07
tk                  =  2.96932e-07
tk                  =  2.99806e-07
tk                  =  3.02680e-07
tk                  =  3.05554e-07
tk                  =  3.08428e-07
tk                  =  3.11302e-07
tk                  =  3.14176e-07
tk                  =  3.17051e-07
tk                  =  3.19925e-07
tk                  =  3.22799e-07
tk                  =  3.25673e-07
tk                  =  3.28547e-07
tk                  =  3.31421e-07
tk                  =  3.34295e-07
tk                  =  3.37170e-07
tk                  =  3.40043e-07
tk                  =  3.42917e-07
tk                  =  3.45791e-07
tk                  =  3.48665e-07
tk                  =  3.51539e-07
tk                  =  3.54412e-07
tk                  =  3.57286e-07
tk                  =  3.60160e-07
tk                  =  3.63033e-07
tk                  =  3.65907e-07
tk                  =  3.68781e-07
tk                  =  3.71655e-07
tk                  =  3.74528e-07
tk                  =  3.77402e-07
tk                  =  3.80276e-07
tk                  =  3.83150e-07
tk                  =  3.86024e-07
tk                  =  3.88898e-07
tk                  =  3.91772e-07
tk                  =  3.94645e-07
tk                  =  3.97519e-07
tk                  =  4.00393e-07
tk                  =  4.03267e-07
tk                  =  4.06142e-07
tk                  =  4.09016e-07
tk                  =  4.11889e-07
tk                  =  4.14763e-07
tk                  =  4.17637e-07
tk                  =  4.20511e-07
tk                  =  4.23385e-07
tk                  =  4.26258e-07
tk                  =  4.29133e-07
tk                  =  4.32005e-07
tk                  =  4.34879e-07
tk                  =  4.37754e-07
tk                  =  4.40628e-07
tk                  =  4.43502e-07
tk                  =  4.46377e-07
tk                  =  4.49251e-07
tk                  =  4.52125e-07
tk                  =  4.54999e-07
tk                  =  4.57873e-07
tk                  =  4.60749e-07
tk                  =  4.63622e-07
tk                  =  4.66497e-07
tk                  =  4.69370e-07
tk                  =  4.72243e-07
tk                  =  4.75118e-07
tk                  =  4.77992e-07
tk                  =  4.80866e-07
tk                  =  4.83740e-07
tk                  =  4.86614e-07
tk                  =  4.89489e-07
tk                  =  4.92363e-07
tk                  =  4.95237e-07
tk                  =  4.98112e-07
tk                  =  5.00986e-07
tk                  =  5.03860e-07
tk                  =  5.06735e-07
tk                  =  5.09609e-07
tk                  =  5.12483e-07
tk                  =  5.15357e-07
tk                  =  5.18231e-07
tk                  =  5.21105e-07
tk                  =  5.23979e-07
tk                  =  5.26853e-07
tk                  =  5.29727e-07
tk                  =  5.32601e-07
tk                  =  5.35476e-07
tk                  =  5.38350e-07
tk                  =  5.41224e-07
tk                  =  5.44099e-07
tk                  =  5.46972e-07
tk                  =  5.49846e-07
tk                  =  5.52720e-07
tk                  =  5.55593e-07
tk                  =  5.58467e-07
tk                  =  5.61342e-07
tk                  =  5.64215e-07
tk                  =  5.67089e-07
tk                  =  5.69963e-07
tk                  =  5.72838e-07
tk                  =  5.75712e-07
tk                  =  5.78586e-07
tk                  =  5.81460e-07
tk                  =  5.84334e-07
tk                  =  5.87208e-07
tk                  =  5.90082e-07
tk                  =  5.92957e-07
tk                  =  5.95831e-07
tk                  =  5.98706e-07
tk                  =  6.01569e-07
tk                  =  6.04415e-07
tk                  =  6.07261e-07
tk                  =  6.10108e-07
tk                  =  6.12955e-07
tk                  =  6.15801e-07
tk                  =  6.18648e-07
tk                  =  6.21494e-07
tk                  =  6.24341e-07
tk                  =  6.27187e-07
tk                  =  6.30034e-07
tk                  =  6.32881e-07
tk                  =  6.35727e-07
tk                  =  6.38574e-07
tk                  =  6.41420e-07
tk                  =  6.44267e-07
tk                  =  6.47113e-07
tk                  =  6.49960e-07
tk                  =  6.52807e-07
tk                  =  6.55655e-07
tk                  =  6.58501e-07
tk                  =  6.61348e-07
tk                  =  6.64195e-07
tk                  =  6.67041e-07
tk                  =  6.69887e-07
tk                  =  6.72735e-07
tk                  =  6.75582e-07
tk                  =  6.78429e-07
tk                  =  6.81275e-07
tk                  =  6.84122e-07
tk                  =  6.86968e-07
tk                  =  6.89815e-07
tk                  =  6.92661e-07
tk                  =  6.95509e-07
tk                  =  6.98355e-07
tk                  =  7.01203e-07
tk                  =  7.04050e-07
tk                  =  7.06896e-07
tk                  =  7.09743e-07
tk                  =  7.12589e-07
tk                  =  7.15435e-07
tk                  =  7.18282e-07
tk                  =  7.21128e-07
tk                  =  7.23975e-07
tk                  =  7.26822e-07
tk                  =  7.29667e-07
tk                  =  7.32514e-07
tk                  =  7.35360e-07
tk                  =  7.38206e-07
tk                  =  7.41054e-07
tk                  =  7.43900e-07
tk                  =  7.46746e-07
tk                  =  7.49593e-07
tk                  =  7.52440e-07
tk                  =  7.55286e-07
tk                  =  7.58133e-07
tk                  =  7.60980e-07
tk                  =  7.63827e-07
tk                  =  7.66673e-07
tk                  =  7.69519e-07
tk                  =  7.72365e-07
tk                  =  7.75212e-07
tk                  =  7.78059e-07
tk                  =  7.80907e-07
tk                  =  7.83753e-07
tk                  =  7.86600e-07
tk                  =  7.89446e-07
tk                  =  7.92293e-07
tk                  =  7.95139e-07
tk                  =  7.97985e-07
tk                  =  8.00832e-07
tk                  =  8.03679e-07
tk                  =  8.06526e-07
tk                  =  8.09372e-07
tk                  =  8.12219e-07
tk                  =  8.15066e-07
tk                  =  8.17913e-07
tk                  =  8.20759e-07
tk                  =  8.23606e-07
tk                  =  8.26453e-07
tk                  =  8.29299e-07
tk                  =  8.32144e-07
tk                  =  8.34990e-07
tk                  =  8.37837e-07
tk                  =  8.40683e-07
tk                  =  8.43530e-07
tk                  =  8.46378e-07
tk                  =  8.49224e-07
tk                  =  8.52070e-07
tk                  =  8.54917e-07
tk                  =  8.57764e-07
tk                  =  8.60611e-07
tk                  =  8.63457e-07
tk                  =  8.66303e-07
tk                  =  8.69149e-07
tk                  =  8.71996e-07
tk                  =  8.74843e-07
tk                  =  8.77691e-07
tk                  =  8.80538e-07
tk                  =  8.83384e-07
tk                  =  8.86230e-07
tk                  =  8.89078e-07
tk                  =  8.91924e-07
tk                  =  8.94770e-07
tk                  =  8.97617e-07
tk                  =  9.00463e-07
tk                  =  9.03310e-07
tk                  =  9.06156e-07
tk                  =  9.09003e-07
tk                  =  9.11850e-07
tk                  =  9.14696e-07
tk                  =  9.17544e-07
tk                  =  9.20389e-07
tk                  =  9.23236e-07
tk                  =  9.26083e-07
tk                  =  9.28930e-07
tk                  =  9.31778e-07
tk                  =  9.34625e-07
tk                  =  9.37471e-07
tk                  =  9.40318e-07
tk                  =  9.43165e-07
tk                  =  9.46011e-07
tk                  =  9.48858e-07
tk                  =  9.51704e-07
tk                  =  9.54550e-07
tk                  =  9.57397e-07
tk                  =  9.60243e-07
tk                  =  9.63090e-07
tk                  =  9.65937e-07
tk                  =  9.68784e-07
tk                  =  9.71631e-07
tk                  =  9.74477e-07
tk                  =  9.77324e-07
tk                  =  9.80171e-07
tk                  =  9.83018e-07
tk                  =  9.85863e-07
tk                  =  9.88710e-07
tk                  =  9.91557e-07
tk                  =  9.94404e-07
tk                  =  9.97251e-07
tk                  =  1.00010e-06
tk                  =  1.00294e-06
tk                  =  1.00579e-06
tk                  =  1.00864e-06
tk                  =  1.01148e-06
tk                  =  1.01433e-06
tk                  =  1.01718e-06
tk                  =  1.02003e-06
tk                  =  1.02287e-06
tk                  =  1.02572e-06
tk                  =  1.02856e-06
tk                  =  1.03141e-06
tk                  =  1.03426e-06
tk                  =  1.03710e-06
tk                  =  1.03995e-06
tk                  =  1.04280e-06
tk                  =  1.04564e-06
tk                  =  1.04849e-06
tk                  =  1.05133e-06
tk                  =  1.05418e-06
tk                  =  1.05703e-06
tk                  =  1.05987e-06
tk                  =  1.06272e-06
tk                  =  1.06557e-06
tk                  =  1.06841e-06
tk                  =  1.07126e-06
tk                  =  1.07411e-06
tk                  =  1.07695e-06
tk                  =  1.07980e-06
tk                  =  1.08265e-06
tk                  =  1.08549e-06
tk                  =  1.08834e-06
tk                  =  1.09119e-06
tk                  =  1.09403e-06
tk                  =  1.09688e-06
tk                  =  1.09973e-06
tk                  =  1.10259e-06
tk                  =  1.10547e-06
tk                  =  1.10834e-06
tk                  =  1.11121e-06
tk                  =  1.11409e-06
tk                  =  1.11696e-06
tk                  =  1.11984e-06
tk                  =  1.12271e-06
tk                  =  1.12559e-06
tk                  =  1.12846e-06
tk                  =  1.13133e-06
tk                  =  1.13421e-06
tk                  =  1.13708e-06
tk                  =  1.13995e-06
tk                  =  1.14283e-06
tk                  =  1.14570e-06
tk                  =  1.14858e-06
tk                  =  1.15145e-06
tk                  =  1.15433e-06
tk                  =  1.15720e-06
tk                  =  1.16007e-06
tk                  =  1.16295e-06
tk                  =  1.16582e-06
tk                  =  1.16869e-06
tk                  =  1.17157e-06
tk                  =  1.17444e-06
tk                  =  1.17732e-06
tk                  =  1.18019e-06
tk                  =  1.18307e-06
tk                  =  1.18594e-06
tk                  =  1.18881e-06
tk                  =  1.19169e-06
tk                  =  1.19456e-06
tk                  =  1.19743e-06
tk                  =  1.20031e-06
tk                  =  1.20318e-06
tk                  =  1.20606e-06
tk                  =  1.20893e-06
tk                  =  1.21180e-06
tk                  =  1.21468e-06
tk                  =  1.21755e-06
tk                  =  1.22043e-06
tk                  =  1.22330e-06
tk                  =  1.22618e-06
tk                  =  1.22905e-06
tk                  =  1.23192e-06
tk                  =  1.23480e-06
tk                  =  1.23767e-06
tk                  =  1.24055e-06
tk                  =  1.24342e-06
tk                  =  1.24630e-06
tk                  =  1.24917e-06
tk                  =  1.25204e-06
tk                  =  1.25492e-06
tk                  =  1.25779e-06
tk                  =  1.26067e-06
tk                  =  1.26354e-06
tk                  =  1.26641e-06
tk                  =  1.26929e-06
tk                  =  1.27216e-06
tk                  =  1.27504e-06
tk                  =  1.27791e-06
tk                  =  1.28078e-06
tk                  =  1.28366e-06
tk                  =  1.28653e-06
tk                  =  1.28941e-06
tk                  =  1.29228e-06
tk                  =  1.29515e-06
tk                  =  1.29803e-06
tk                  =  1.30090e-06
tk                  =  1.30377e-06
tk                  =  1.30665e-06
tk                  =  1.30952e-06
tk                  =  1.31240e-06
tk                  =  1.31527e-06
tk                  =  1.31815e-06
tk                  =  1.32102e-06
tk                  =  1.32389e-06
tk                  =  1.32677e-06
tk                  =  1.32964e-06
tk                  =  1.33252e-06
tk                  =  1.33539e-06
tk                  =  1.33826e-06
tk                  =  1.34114e-06
tk                  =  1.34401e-06
tk                  =  1.34689e-06
tk                  =  1.34976e-06
tk                  =  1.35263e-06
tk                  =  1.35551e-06
tk                  =  1.35838e-06
tk                  =  1.36126e-06
tk                  =  1.36413e-06
tk                  =  1.36700e-06
tk                  =  1.36988e-06
tk                  =  1.37275e-06
tk                  =  1.37563e-06
tk                  =  1.37850e-06
tk                  =  1.38138e-06
tk                  =  1.38425e-06
tk                  =  1.38712e-06
tk                  =  1.39000e-06
tk                  =  1.39287e-06
tk                  =  1.39575e-06
tk                  =  1.39862e-06
tk                  =  1.40149e-06
tk                  =  1.40437e-06
tk                  =  1.40724e-06
tk                  =  1.41012e-06
tk                  =  1.41299e-06
tk                  =  1.41587e-06
tk                  =  1.41874e-06
tk                  =  1.42161e-06
tk                  =  1.42449e-06
tk                  =  1.42736e-06
tk                  =  1.43023e-06
tk                  =  1.43311e-06
tk                  =  1.43598e-06
tk                  =  1.43886e-06
tk                  =  1.44173e-06
tk                  =  1.44460e-06
tk                  =  1.44748e-06
tk                  =  1.45035e-06
tk                  =  1.45323e-06
tk                  =  1.45610e-06
tk                  =  1.45897e-06
tk                  =  1.46185e-06
tk                  =  1.46472e-06
tk                  =  1.46760e-06
tk                  =  1.47047e-06
tk                  =  1.47334e-06
tk                  =  1.47622e-06
tk                  =  1.47909e-06
tk                  =  1.48196e-06
tk                  =  1.48484e-06
tk                  =  1.48771e-06
tk                  =  1.49059e-06
tk                  =  1.49346e-06
tk                  =  1.49634e-06
tk                  =  1.49921e-06
tk                  =  1.50208e-06
tk                  =  1.50496e-06
tk                  =  1.50783e-06
tk                  =  1.51070e-06
tk                  =  1.51358e-06
tk                  =  1.51645e-06
tk                  =  1.51933e-06
tk                  =  1.52220e-06
tk                  =  1.52507e-06
tk                  =  1.52795e-06
tk                  =  1.53082e-06
tk                  =  1.53370e-06
tk                  =  1.53657e-06
tk                  =  1.53944e-06
tk                  =  1.54232e-06
tk                  =  1.54519e-06
tk                  =  1.54807e-06
tk                  =  1.55094e-06
tk                  =  1.55381e-06
tk                  =  1.55669e-06
tk                  =  1.55956e-06
tk                  =  1.56244e-06
tk                  =  1.56531e-06
tk                  =  1.56818e-06
tk                  =  1.57106e-06
tk                  =  1.57393e-06
tk                  =  1.57681e-06
tk                  =  1.57968e-06
tk                  =  1.58255e-06
tk                  =  1.58543e-06
tk                  =  1.58830e-06
tk                  =  1.59118e-06
tk                  =  1.59405e-06
tk                  =  1.59693e-06
tk                  =  1.59980e-06
tk                  =  1.60265e-06
tk                  =  1.60550e-06
tk                  =  1.60835e-06
tk                  =  1.61119e-06
tk                  =  1.61404e-06
tk                  =  1.61689e-06
tk                  =  1.61973e-06
tk                  =  1.62258e-06
tk                  =  1.62543e-06
tk                  =  1.62827e-06
tk                  =  1.63112e-06
tk                  =  1.63397e-06
tk                  =  1.63681e-06
tk                  =  1.63966e-06
tk                  =  1.64251e-06
tk                  =  1.64535e-06
tk                  =  1.64820e-06
tk                  =  1.65104e-06
tk                  =  1.65389e-06
tk                  =  1.65674e-06
tk                  =  1.65959e-06
tk                  =  1.66243e-06
tk                  =  1.66528e-06
tk                  =  1.66813e-06
tk                  =  1.67097e-06
tk                  =  1.67382e-06
tk                  =  1.67667e-06
tk                  =  1.67951e-06
tk                  =  1.68236e-06
tk                  =  1.68521e-06
tk                  =  1.68805e-06
tk                  =  1.69090e-06
tk                  =  1.69375e-06
tk                  =  1.69659e-06
tk                  =  1.69944e-06
tk                  =  1.70229e-06
tk                  =  1.70513e-06
tk                  =  1.70798e-06
tk                  =  1.71083e-06
tk                  =  1.71367e-06
tk                  =  1.71652e-06
tk                  =  1.71937e-06
tk                  =  1.72221e-06
tk                  =  1.72506e-06
tk                  =  1.72791e-06
tk                  =  1.73075e-06
tk                  =  1.73360e-06
tk                  =  1.73644e-06
tk                  =  1.73929e-06
tk                  =  1.74214e-06
tk                  =  1.74498e-06
tk                  =  1.74783e-06
tk                  =  1.75068e-06
tk                  =  1.75352e-06
tk                  =  1.75637e-06
tk                  =  1.75922e-06
tk                  =  1.76206e-06
tk                  =  1.76491e-06
tk                  =  1.76776e-06
tk                  =  1.77060e-06
tk                  =  1.77345e-06
tk                  =  1.77630e-06
tk                  =  1.77914e-06
tk                  =  1.78199e-06
tk                  =  1.78484e-06
tk                  =  1.78768e-06
tk                  =  1.79053e-06
tk                  =  1.79338e-06
tk                  =  1.79623e-06
tk                  =  1.79907e-06
tk                  =  1.80192e-06
tk                  =  1.80477e-06
tk                  =  1.80761e-06
tk                  =  1.81046e-06
tk                  =  1.81331e-06
tk                  =  1.81615e-06
tk                  =  1.81900e-06
tk                  =  1.82185e-06
tk                  =  1.82469e-06
tk                  =  1.82754e-06
tk                  =  1.83039e-06
tk                  =  1.83324e-06
tk                  =  1.83608e-06
tk                  =  1.83893e-06
tk                  =  1.84178e-06
tk                  =  1.84462e-06
tk                  =  1.84747e-06
tk                  =  1.85032e-06
tk                  =  1.85316e-06
tk                  =  1.85601e-06
tk                  =  1.85885e-06
tk                  =  1.86170e-06
tk                  =  1.86455e-06
tk                  =  1.86739e-06
tk                  =  1.87024e-06
tk                  =  1.87309e-06
tk                  =  1.87593e-06
tk                  =  1.87878e-06
tk                  =  1.88163e-06
tk                  =  1.88447e-06
tk                  =  1.88732e-06
tk                  =  1.89017e-06
tk                  =  1.89301e-06
tk                  =  1.89586e-06
tk                  =  1.89871e-06
tk                  =  1.90155e-06
tk                  =  1.90440e-06
tk                  =  1.90725e-06
tk                  =  1.91009e-06
tk                  =  1.91294e-06
tk                  =  1.91579e-06
tk                  =  1.91863e-06
tk                  =  1.92148e-06
tk                  =  1.92433e-06
tk                  =  1.92717e-06
tk                  =  1.93002e-06
tk                  =  1.93287e-06
tk                  =  1.93571e-06
tk                  =  1.93856e-06
tk                  =  1.94141e-06
tk                  =  1.94425e-06
tk                  =  1.94710e-06
tk                  =  1.94995e-06
tk                  =  1.95279e-06
tk                  =  1.95564e-06
tk                  =  1.95849e-06
tk                  =  1.96133e-06
tk                  =  1.96418e-06
tk                  =  1.96703e-06
tk                  =  1.96987e-06
tk                  =  1.97272e-06
tk                  =  1.97557e-06
tk                  =  1.97841e-06
tk                  =  1.98126e-06
tk                  =  1.98411e-06
tk                  =  1.98695e-06
tk                  =  1.98980e-06
tk                  =  1.99265e-06
tk                  =  1.99549e-06
tk                  =  1.99834e-06
tk                  =  2.00118e-06
tk                  =  2.00403e-06
tk                  =  2.00688e-06
tk                  =  2.00972e-06
tk                  =  2.01257e-06
tk                  =  2.01542e-06
tk                  =  2.01826e-06
tk                  =  2.02111e-06
tk                  =  2.02396e-06
tk                  =  2.02680e-06
tk                  =  2.02965e-06
tk                  =  2.03250e-06
tk                  =  2.03534e-06
tk                  =  2.03819e-06
tk                  =  2.04104e-06
tk                  =  2.04388e-06
tk                  =  2.04673e-06
tk                  =  2.04958e-06
tk                  =  2.05242e-06
tk                  =  2.05527e-06
tk                  =  2.05811e-06
tk                  =  2.06096e-06
tk                  =  2.06381e-06
tk                  =  2.06666e-06
tk                  =  2.06950e-06
tk                  =  2.07235e-06
tk                  =  2.07519e-06
tk                  =  2.07804e-06
tk                  =  2.08089e-06
tk                  =  2.08374e-06
tk                  =  2.08658e-06
tk                  =  2.08943e-06
tk                  =  2.09228e-06
tk                  =  2.09512e-06
tk                  =  2.09797e-06
tk                  =  2.10083e-06
tk                  =  2.10370e-06
tk                  =  2.10657e-06
tk                  =  2.10945e-06
tk                  =  2.11232e-06
tk                  =  2.11520e-06
tk                  =  2.11807e-06
tk                  =  2.12094e-06
tk                  =  2.12382e-06
tk                  =  2.12669e-06
tk                  =  2.12957e-06
tk                  =  2.13244e-06
tk                  =  2.13531e-06
tk                  =  2.13819e-06
tk                  =  2.14106e-06
tk                  =  2.14394e-06
tk                  =  2.14681e-06
tk                  =  2.14968e-06
tk                  =  2.15256e-06
tk                  =  2.15543e-06
tk                  =  2.15831e-06
tk                  =  2.16118e-06
tk                  =  2.16405e-06
tk                  =  2.16693e-06
tk                  =  2.16980e-06
tk                  =  2.17268e-06
tk                  =  2.17555e-06
tk                  =  2.17842e-06
tk                  =  2.18130e-06
tk                  =  2.18417e-06
tk                  =  2.18705e-06
tk                  =  2.18992e-06
tk                  =  2.19279e-06
tk                  =  2.19567e-06
tk                  =  2.19854e-06
tk                  =  2.20142e-06
qw0                 =  -1.39052e-02
qw1                 =  -4.15183e-02
qp0                 =  -1.66780e-03
qp1                 =  -7.67409e-03
qf0                 =  -6.43223e-03
qf1                 =  -2.03306e-02
tclkm               =  1.00000e-06
m_period = 2.8578355469e-09
m_f_osc = 3.4991516608e+08
m_period_startup16 = 2.8465804375e-09
m_period_b00 = 2.8548793125e-09
m_period_b01 = 2.8740187500e-09
m_period_b02 = 2.8739437500e-09
m_period_b03 = 2.8740812500e-09
m_period_b04 = 2.8555979167e-09
m_period_b05 = 2.8466125000e-09
m_period_b06 = 2.8466208333e-09
m_period_b07 = 2.8470083333e-09
m_period_b08 = 2.8740208333e-09
m_period_b09 = 2.8740833333e-09
m_period_b10 = 2.8739791667e-09
m_period_b11 = 2.8632916667e-09
m_period_b12 = 2.8466666667e-09
m_period_b13 = 2.8467291667e-09
m_period_b14 = 2.8465416667e-09
m_period_b15 = 2.8668750000e-09
m_sigma_1 = 1.3474621579e-11
m_sigma_2 = 2.6896770867e-11
m_sigma_4 = 5.3655353290e-11
m_sigma_8 = 1.0678057374e-10
m_sigma_16 = 2.1131852757e-10
m_sigma_32 = 4.1229042833e-10
m_sigma_64 = 7.9567173007e-10
m_sigma_128 = 1.4618257643e-09
m_sigma_startup16_1 = 5.1423249849e-13
m_sigma_startup16_2 = 5.5154446244e-13
m_sigma_startup16_4 = 6.7606567823e-13
m_sigma_startup16_8 = 9.3549752064e-13
m_i_ring_a = 1.8871574163e-05
m_i_tap_a = 4.1048630144e-06
m_p_active_w = 6.2276194741e-05
m_p_tap_w = 1.3546047948e-05
m_e_per_cycle_j = 1.7797512306e-13
m_c_eff_node_f = 3.2685973010e-15
m_vsup_v = 3.3000000002e+00
m_i_buf_a = 9.4985196265e-06
m_p_buf_w = 3.1345114769e-05
m_clk_period_s = 1.0000000000e-06
m_clk_periods_in_window = 1.4632118000e+00
Note: Simulation executed from .control section 

Warning: m=xx on .subckt line will override multiplier m hierarchy!

