
Note: Compatibility modes selected: hs a


Circuit: * ring-liveness-tap-phase-buffered-clocked @ tt_27c_3.30v -- generated by sim/harness, do not edit

Doing analysis at TEMP = 27.000000 and TNOM = 27.000000

Using SPARSE 1.3 as Direct Linear Solver

Initial Transient Solution
--------------------------

Node                                   Voltage
----                                   -------
vsup                                       3.3
en                                         3.3
vddr1                                      3.3
vddb1                                      3.3
vddtap                                     3.3
xg1.py                                 1.58325
n11                                          0
g10                                1.24708e-07
xg1.nm                             9.79385e-74
xg1.ny                             9.14264e-74
x11.py                                     3.3
n12                                        3.3
g11                                          0
x11.ny                             2.35462e-08
x12.py                                     3.3
n13                                1.24708e-07
g12                                        3.3
x12.ny                             1.06256e-07
x13.py                                     3.3
n14                                        3.3
g13                                1.24708e-07
x13.ny                             2.35463e-08
x14.py                                     3.3
ro1                                1.24708e-07
g14                                        3.3
x14.ny                             1.06256e-07
rb1                                        3.3
xsr1.clkb                                  3.3
clk                                          0
xsr1.m                                     3.3
xsr1.mb                            7.23127e-08
rst_n                                      3.3
xsr1.mmid                          3.61564e-08
xsr1.mc                                    3.3
xsr1.s                                     3.3
ring_bit1                          1.84515e-08
xsr1.qb                                    3.3
xsr1.s2mid                         1.58496e-09
q1                                 -9.2686e-16
qbf                                -1.3959e-21
qtap                              -3.92044e-21
x1                                       -1.65
clkp                                     1e-06
bclkp#branch                                 0
bx1#branch                                   0
vtap#branch                        3.92044e-11
vb1#branch                          1.3959e-11
vr1#branch                          9.2686e-06
vrst#branch                                  0
vclk#branch                                  0
vn14#branch                                  0
vn13#branch                                  0
vn12#branch                                  0
vn11#branch                                  0
vn10#branch                        -1.3564e-24
ven#branch                                   0
vsup#branch                       -9.26865e-06

 Reference value :  0.00000e+00
 Reference value :  6.46500e-10
 Reference value :  1.28250e-09
 Reference value :  1.97450e-09
 Reference value :  2.64030e-09
 Reference value :  3.29450e-09
 Reference value :  3.92350e-09
 Reference value :  4.59030e-09
 Reference value :  5.22650e-09
 Reference value :  5.88070e-09
 Reference value :  6.55070e-09
 Reference value :  7.25925e-09
 Reference value :  7.95150e-09
 Reference value :  8.64030e-09
 Reference value :  9.37550e-09
 Reference value :  1.00400e-08
 Reference value :  1.07725e-08
 Reference value :  1.14625e-08
 Reference value :  1.21475e-08
 Reference value :  1.28303e-08
 Reference value :  1.34765e-08
 Reference value :  1.41407e-08
 Reference value :  1.47755e-08
 Reference value :  1.54215e-08
 Reference value :  1.60692e-08
 Reference value :  1.67285e-08
 Reference value :  1.73935e-08
 Reference value :  1.80107e-08
 Reference value :  1.87075e-08
 Reference value :  1.93875e-08
 Reference value :  2.00415e-08
 Reference value :  2.08165e-08
 Reference value :  2.15555e-08
 Reference value :  2.22225e-08
 Reference value :  2.29407e-08
 Reference value :  2.36175e-08
 Reference value :  2.42215e-08
 Reference value :  2.49500e-08
 Reference value :  2.55992e-08
 Reference value :  2.62803e-08
 Reference value :  2.69265e-08
 Reference value :  2.75601e-08
 Reference value :  2.82700e-08
 Reference value :  2.88925e-08
 Reference value :  2.95615e-08
 Reference value :  3.02515e-08
 Reference value :  3.08645e-08
 Reference value :  3.15403e-08
 Reference value :  3.21703e-08
 Reference value :  3.28592e-08
 Reference value :  3.35035e-08
 Reference value :  3.41575e-08
 Reference value :  3.48692e-08
 Reference value :  3.55301e-08
 Reference value :  3.61507e-08
 Reference value :  3.68200e-08
 Reference value :  3.74901e-08
 Reference value :  3.81900e-08
 Reference value :  3.88735e-08
 Reference value :  3.95401e-08
 Reference value :  4.02045e-08
 Reference value :  4.09500e-08
 Reference value :  4.16455e-08
 Reference value :  4.22885e-08
 Reference value :  4.29403e-08
 Reference value :  4.35835e-08
 Reference value :  4.42725e-08
 Reference value :  4.49635e-08
 Reference value :  4.55992e-08
 Reference value :  4.63300e-08
 Reference value :  4.69925e-08
 Reference value :  4.75875e-08
 Reference value :  4.83001e-08
 Reference value :  4.90000e-08
 Reference value :  4.97425e-08
 Reference value :  5.04065e-08
 Reference value :  5.10415e-08
 Reference value :  5.16992e-08
 Reference value :  5.23675e-08
 Reference value :  5.30675e-08
 Reference value :  5.37525e-08
 Reference value :  5.44303e-08
 Reference value :  5.51135e-08
 Reference value :  5.57503e-08
 Reference value :  5.64285e-08
 Reference value :  5.70792e-08
 Reference value :  5.77555e-08
 Reference value :  5.83903e-08
 Reference value :  5.90800e-08
 Reference value :  5.97203e-08
 Reference value :  6.03525e-08
 Reference value :  6.10007e-08
 Reference value :  6.16915e-08
 Reference value :  6.23307e-08
 Reference value :  6.29575e-08
 Reference value :  6.36035e-08
 Reference value :  6.42300e-08
 Reference value :  6.48765e-08
 Reference value :  6.55101e-08
 Reference value :  6.61892e-08
 Reference value :  6.68475e-08
 Reference value :  6.75235e-08
 Reference value :  6.81800e-08
 Reference value :  6.88525e-08
 Reference value :  6.95900e-08
 Reference value :  7.02725e-08
 Reference value :  7.10035e-08
 Reference value :  7.17155e-08
 Reference value :  7.23803e-08
 Reference value :  7.31455e-08
 Reference value :  7.38007e-08
 Reference value :  7.44985e-08
 Reference value :  7.52107e-08
 Reference value :  7.59635e-08
 Reference value :  7.66915e-08
 Reference value :  7.74565e-08
 Reference value :  7.81601e-08
 Reference value :  7.88603e-08
 Reference value :  7.95645e-08
 Reference value :  8.02925e-08
 Reference value :  8.09765e-08
 Reference value :  8.16492e-08
 Reference value :  8.23607e-08
 Reference value :  8.30125e-08
 Reference value :  8.37115e-08
 Reference value :  8.44145e-08
 Reference value :  8.50975e-08
 Reference value :  8.57200e-08
 Reference value :  8.63600e-08
 Reference value :  8.70215e-08
 Reference value :  8.76500e-08
 Reference value :  8.83075e-08
 Reference value :  8.89703e-08
 Reference value :  8.96875e-08
 Reference value :  9.03525e-08
 Reference value :  9.10385e-08
 Reference value :  9.16825e-08
 Reference value :  9.23085e-08
 Reference value :  9.29415e-08
 Reference value :  9.35392e-08
 Reference value :  9.42001e-08
 Reference value :  9.48475e-08
 Reference value :  9.55035e-08
 Reference value :  9.61292e-08
 Reference value :  9.67307e-08
 Reference value :  9.73601e-08
 Reference value :  9.80401e-08
 Reference value :  9.87335e-08
 Reference value :  9.93775e-08
 Reference value :  1.00001e-07
 Reference value :  1.00656e-07
 Reference value :  1.01296e-07
 Reference value :  1.02130e-07
 Reference value :  1.02790e-07
 Reference value :  1.03457e-07
 Reference value :  1.04099e-07
 Reference value :  1.04786e-07
 Reference value :  1.05451e-07
 Reference value :  1.06121e-07
 Reference value :  1.06740e-07
 Reference value :  1.07457e-07
 Reference value :  1.08090e-07
 Reference value :  1.08811e-07
 Reference value :  1.09461e-07
 Reference value :  1.10102e-07
 Reference value :  1.10740e-07
 Reference value :  1.11541e-07
 Reference value :  1.12411e-07
 Reference value :  1.13070e-07
 Reference value :  1.13740e-07
 Reference value :  1.14390e-07
 Reference value :  1.15017e-07
 Reference value :  1.15606e-07
 Reference value :  1.16212e-07
 Reference value :  1.16810e-07
 Reference value :  1.17495e-07
 Reference value :  1.18370e-07
 Reference value :  1.18994e-07
 Reference value :  1.19651e-07
 Reference value :  1.20296e-07
 Reference value :  1.20901e-07
 Reference value :  1.21519e-07
 Reference value :  1.22133e-07
 Reference value :  1.22757e-07
 Reference value :  1.23352e-07
 Reference value :  1.23982e-07
 Reference value :  1.24662e-07
 Reference value :  1.25321e-07
 Reference value :  1.25943e-07
 Reference value :  1.26620e-07
 Reference value :  1.27230e-07
 Reference value :  1.27909e-07
 Reference value :  1.28601e-07
 Reference value :  1.29306e-07
 Reference value :  1.29988e-07
 Reference value :  1.30635e-07
 Reference value :  1.31306e-07
 Reference value :  1.31977e-07
 Reference value :  1.32663e-07
 Reference value :  1.33310e-07
 Reference value :  1.33944e-07
 Reference value :  1.34612e-07
 Reference value :  1.35265e-07
 Reference value :  1.36056e-07
 Reference value :  1.36699e-07
 Reference value :  1.37418e-07
 Reference value :  1.38099e-07
 Reference value :  1.38748e-07
 Reference value :  1.39380e-07
 Reference value :  1.40058e-07
 Reference value :  1.40690e-07
 Reference value :  1.41320e-07
 Reference value :  1.42001e-07
 Reference value :  1.42652e-07
 Reference value :  1.43300e-07
 Reference value :  1.43976e-07
 Reference value :  1.44613e-07
 Reference value :  1.45291e-07
 Reference value :  1.46140e-07
 Reference value :  1.46750e-07
 Reference value :  1.47418e-07
 Reference value :  1.48041e-07
 Reference value :  1.48740e-07
 Reference value :  1.49493e-07
 Reference value :  1.50189e-07
 Reference value :  1.50890e-07
 Reference value :  1.51582e-07
 Reference value :  1.52274e-07
 Reference value :  1.52940e-07
 Reference value :  1.53630e-07
 Reference value :  1.54284e-07
 Reference value :  1.54950e-07
 Reference value :  1.55621e-07
 Reference value :  1.56247e-07
 Reference value :  1.56923e-07
 Reference value :  1.57547e-07
 Reference value :  1.58300e-07
 Reference value :  1.58958e-07
 Reference value :  1.59646e-07
 Reference value :  1.60271e-07
 Reference value :  1.60949e-07
 Reference value :  1.61633e-07
 Reference value :  1.62335e-07
 Reference value :  1.63014e-07
 Reference value :  1.63687e-07
 Reference value :  1.64396e-07
 Reference value :  1.65014e-07
 Reference value :  1.65680e-07
 Reference value :  1.66311e-07
 Reference value :  1.66950e-07
 Reference value :  1.67591e-07
 Reference value :  1.68199e-07
 Reference value :  1.68846e-07
 Reference value :  1.69457e-07
 Reference value :  1.70171e-07
 Reference value :  1.70848e-07
 Reference value :  1.71531e-07
 Reference value :  1.72189e-07
 Reference value :  1.72874e-07
 Reference value :  1.73548e-07
 Reference value :  1.74198e-07
 Reference value :  1.74910e-07
 Reference value :  1.75589e-07
 Reference value :  1.76297e-07
 Reference value :  1.76963e-07
 Reference value :  1.77640e-07
 Reference value :  1.78477e-07
 Reference value :  1.79117e-07
 Reference value :  1.79818e-07
 Reference value :  1.80474e-07
 Reference value :  1.81097e-07
 Reference value :  1.81761e-07
 Reference value :  1.82382e-07
 Reference value :  1.83045e-07
 Reference value :  1.83681e-07
 Reference value :  1.84330e-07
 Reference value :  1.85035e-07
 Reference value :  1.85711e-07
 Reference value :  1.86354e-07
 Reference value :  1.87023e-07
 Reference value :  1.87681e-07
 Reference value :  1.88348e-07
 Reference value :  1.89013e-07
 Reference value :  1.89658e-07
 Reference value :  1.90313e-07
 Reference value :  1.91009e-07
 Reference value :  1.91683e-07
 Reference value :  1.92330e-07
 Reference value :  1.92998e-07
 Reference value :  1.93651e-07
 Reference value :  1.94321e-07
 Reference value :  1.95000e-07
 Reference value :  1.95657e-07
 Reference value :  1.96286e-07
 Reference value :  1.96960e-07
 Reference value :  1.97645e-07
 Reference value :  1.98327e-07
 Reference value :  1.99006e-07
 Reference value :  1.99652e-07
 Reference value :  2.00347e-07
 Reference value :  2.00995e-07
 Reference value :  2.01666e-07
 Reference value :  2.02350e-07
 Reference value :  2.02945e-07
 Reference value :  2.03595e-07
 Reference value :  2.04309e-07
 Reference value :  2.05010e-07
 Reference value :  2.05720e-07
 Reference value :  2.06361e-07
 Reference value :  2.07030e-07
 Reference value :  2.07736e-07
 Reference value :  2.08392e-07
 Reference value :  2.09066e-07
 Reference value :  2.09766e-07
 Reference value :  2.10427e-07
 Reference value :  2.11113e-07
 Reference value :  2.11790e-07
 Reference value :  2.12411e-07
 Reference value :  2.13066e-07
 Reference value :  2.13731e-07
 Reference value :  2.14380e-07
 Reference value :  2.15041e-07
 Reference value :  2.15688e-07
 Reference value :  2.16362e-07
 Reference value :  2.17054e-07
 Reference value :  2.17690e-07
 Reference value :  2.18330e-07
 Reference value :  2.19042e-07
 Reference value :  2.19661e-07
 Reference value :  2.20323e-07
 Reference value :  2.20999e-07
 Reference value :  2.21650e-07
 Reference value :  2.22280e-07
 Reference value :  2.22933e-07
 Reference value :  2.23587e-07
 Reference value :  2.24235e-07
 Reference value :  2.24890e-07
 Reference value :  2.25594e-07
 Reference value :  2.26260e-07
 Reference value :  2.26953e-07
 Reference value :  2.27629e-07
 Reference value :  2.28274e-07
 Reference value :  2.28910e-07
 Reference value :  2.29586e-07
 Reference value :  2.30247e-07
 Reference value :  2.30950e-07
 Reference value :  2.31596e-07
 Reference value :  2.32265e-07
 Reference value :  2.32976e-07
 Reference value :  2.33584e-07
 Reference value :  2.34241e-07
 Reference value :  2.34900e-07
 Reference value :  2.35620e-07
 Reference value :  2.36333e-07
 Reference value :  2.37000e-07
 Reference value :  2.37682e-07
 Reference value :  2.38350e-07
 Reference value :  2.39031e-07
 Reference value :  2.39745e-07
 Reference value :  2.40440e-07
 Reference value :  2.41100e-07
 Reference value :  2.41734e-07
 Reference value :  2.42369e-07
 Reference value :  2.43167e-07
 Reference value :  2.43784e-07
 Reference value :  2.44452e-07
 Reference value :  2.45110e-07
 Reference value :  2.45800e-07
 Reference value :  2.46449e-07
 Reference value :  2.47099e-07
 Reference value :  2.47745e-07
 Reference value :  2.48402e-07
 Reference value :  2.49074e-07
 Reference value :  2.49690e-07
 Reference value :  2.50310e-07
 Reference value :  2.50941e-07
 Reference value :  2.51602e-07
 Reference value :  2.52216e-07
 Reference value :  2.52808e-07
 Reference value :  2.53429e-07
 Reference value :  2.54081e-07
 Reference value :  2.54714e-07
 Reference value :  2.55351e-07
 Reference value :  2.55986e-07
 Reference value :  2.56690e-07
 Reference value :  2.57312e-07
 Reference value :  2.57940e-07
 Reference value :  2.58560e-07
 Reference value :  2.59206e-07
 Reference value :  2.59842e-07
 Reference value :  2.60470e-07
 Reference value :  2.61129e-07
 Reference value :  2.61780e-07
 Reference value :  2.62393e-07
 Reference value :  2.63021e-07
 Reference value :  2.63644e-07
 Reference value :  2.64241e-07
 Reference value :  2.64878e-07
 Reference value :  2.65523e-07
 Reference value :  2.66123e-07
 Reference value :  2.66757e-07
 Reference value :  2.67381e-07
 Reference value :  2.68018e-07
 Reference value :  2.68623e-07
 Reference value :  2.69246e-07
 Reference value :  2.69858e-07
 Reference value :  2.70472e-07
 Reference value :  2.71128e-07
 Reference value :  2.71791e-07
 Reference value :  2.72427e-07
 Reference value :  2.73060e-07
 Reference value :  2.73700e-07
 Reference value :  2.74332e-07
 Reference value :  2.74935e-07
 Reference value :  2.75550e-07
 Reference value :  2.76381e-07
 Reference value :  2.77045e-07
 Reference value :  2.77683e-07
 Reference value :  2.78320e-07
 Reference value :  2.78947e-07
 Reference value :  2.79599e-07
 Reference value :  2.80231e-07
 Reference value :  2.80838e-07
 Reference value :  2.81457e-07
 Reference value :  2.82081e-07
 Reference value :  2.82682e-07
 Reference value :  2.83315e-07
 Reference value :  2.83947e-07
 Reference value :  2.84542e-07
 Reference value :  2.85173e-07
 Reference value :  2.85790e-07
 Reference value :  2.86420e-07
 Reference value :  2.87018e-07
 Reference value :  2.87696e-07
 Reference value :  2.88330e-07
 Reference value :  2.88956e-07
 Reference value :  2.89583e-07
 Reference value :  2.90218e-07
 Reference value :  2.90901e-07
 Reference value :  2.91584e-07
 Reference value :  2.92214e-07
 Reference value :  2.92810e-07
 Reference value :  2.93446e-07
 Reference value :  2.94126e-07
 Reference value :  2.94790e-07
 Reference value :  2.95404e-07
 Reference value :  2.96062e-07
 Reference value :  2.96720e-07
 Reference value :  2.97379e-07
 Reference value :  2.98324e-07
 Reference value :  2.98990e-07
 Reference value :  2.99673e-07
 Reference value :  3.00317e-07
 Reference value :  3.00947e-07
 Reference value :  3.01550e-07
 Reference value :  3.02167e-07
 Reference value :  3.02813e-07
 Reference value :  3.03451e-07
 Reference value :  3.04103e-07
 Reference value :  3.04746e-07
 Reference value :  3.05370e-07
 Reference value :  3.05987e-07
 Reference value :  3.06635e-07
 Reference value :  3.07220e-07
 Reference value :  3.07892e-07
 Reference value :  3.08755e-07
 Reference value :  3.09873e-07
 Reference value :  3.10794e-07
 Reference value :  3.11447e-07
 Reference value :  3.12074e-07
 Reference value :  3.12730e-07
 Reference value :  3.13347e-07
 Reference value :  3.13970e-07
 Reference value :  3.14610e-07
 Reference value :  3.15221e-07
 Reference value :  3.15840e-07
 Reference value :  3.16439e-07
 Reference value :  3.17033e-07
 Reference value :  3.17647e-07
 Reference value :  3.18273e-07
 Reference value :  3.18951e-07
 Reference value :  3.19601e-07
 Reference value :  3.20260e-07
 Reference value :  3.20980e-07
 Reference value :  3.21649e-07
 Reference value :  3.22311e-07
 Reference value :  3.22948e-07
 Reference value :  3.23619e-07
 Reference value :  3.24266e-07
 Reference value :  3.24894e-07
 Reference value :  3.25557e-07
 Reference value :  3.26184e-07
 Reference value :  3.26808e-07
 Reference value :  3.27470e-07
 Reference value :  3.28110e-07
 Reference value :  3.28771e-07
 Reference value :  3.29433e-07
 Reference value :  3.30121e-07
 Reference value :  3.30776e-07
 Reference value :  3.31505e-07
 Reference value :  3.32190e-07
 Reference value :  3.32821e-07
 Reference value :  3.33461e-07
 Reference value :  3.34090e-07
 Reference value :  3.34745e-07
 Reference value :  3.35417e-07
 Reference value :  3.36075e-07
 Reference value :  3.36704e-07
 Reference value :  3.37344e-07
 Reference value :  3.38038e-07
 Reference value :  3.38733e-07
 Reference value :  3.39381e-07
 Reference value :  3.40095e-07
 Reference value :  3.40750e-07
 Reference value :  3.41450e-07
 Reference value :  3.42111e-07
 Reference value :  3.42790e-07
 Reference value :  3.43474e-07
 Reference value :  3.44097e-07
 Reference value :  3.44760e-07
 Reference value :  3.45461e-07
 Reference value :  3.46090e-07
 Reference value :  3.46767e-07
 Reference value :  3.47427e-07
 Reference value :  3.48092e-07
 Reference value :  3.48759e-07
 Reference value :  3.49510e-07
 Reference value :  3.50150e-07
 Reference value :  3.50830e-07
 Reference value :  3.51495e-07
 Reference value :  3.52153e-07
 Reference value :  3.52831e-07
 Reference value :  3.53490e-07
 Reference value :  3.54144e-07
 Reference value :  3.54801e-07
 Reference value :  3.55436e-07
 Reference value :  3.56100e-07
 Reference value :  3.56753e-07
 Reference value :  3.57418e-07
 Reference value :  3.58063e-07
 Reference value :  3.58731e-07
 Reference value :  3.59374e-07
 Reference value :  3.60021e-07
 Reference value :  3.60704e-07
 Reference value :  3.61367e-07
 Reference value :  3.62020e-07
 Reference value :  3.62690e-07
 Reference value :  3.63353e-07
 Reference value :  3.64019e-07
 Reference value :  3.64699e-07
 Reference value :  3.65381e-07
 Reference value :  3.66056e-07
 Reference value :  3.66729e-07
 Reference value :  3.67396e-07
 Reference value :  3.68072e-07
 Reference value :  3.68740e-07
 Reference value :  3.69440e-07
 Reference value :  3.70161e-07
 Reference value :  3.70822e-07
 Reference value :  3.71489e-07
 Reference value :  3.72150e-07
 Reference value :  3.72822e-07
 Reference value :  3.73483e-07
 Reference value :  3.74219e-07
 Reference value :  3.74894e-07
 Reference value :  3.75555e-07
 Reference value :  3.76243e-07
 Reference value :  3.76890e-07
 Reference value :  3.77539e-07
 Reference value :  3.78227e-07
 Reference value :  3.78876e-07
 Reference value :  3.79551e-07
 Reference value :  3.80222e-07
 Reference value :  3.80889e-07
 Reference value :  3.81589e-07
 Reference value :  3.82236e-07
 Reference value :  3.82914e-07
 Reference value :  3.83655e-07
 Reference value :  3.84331e-07
 Reference value :  3.84991e-07
 Reference value :  3.85648e-07
 Reference value :  3.86280e-07
 Reference value :  3.86993e-07
 Reference value :  3.87646e-07
 Reference value :  3.88300e-07
 Reference value :  3.88965e-07
 Reference value :  3.89614e-07
 Reference value :  3.90273e-07
 Reference value :  3.90933e-07
 Reference value :  3.91573e-07
 Reference value :  3.92267e-07
 Reference value :  3.92900e-07
 Reference value :  3.93556e-07
 Reference value :  3.94242e-07
 Reference value :  3.94890e-07
 Reference value :  3.95530e-07
 Reference value :  3.96188e-07
 Reference value :  3.96898e-07
 Reference value :  3.97563e-07
 Reference value :  3.98221e-07
 Reference value :  3.98861e-07
 Reference value :  3.99511e-07
 Reference value :  4.00166e-07
 Reference value :  4.00850e-07
 Reference value :  4.01507e-07
 Reference value :  4.02204e-07
 Reference value :  4.02870e-07
 Reference value :  4.03521e-07
 Reference value :  4.04158e-07
 Reference value :  4.04820e-07
 Reference value :  4.05521e-07
 Reference value :  4.06164e-07
 Reference value :  4.06830e-07
 Reference value :  4.07516e-07
 Reference value :  4.08159e-07
 Reference value :  4.08843e-07
 Reference value :  4.09502e-07
 Reference value :  4.10190e-07
 Reference value :  4.10858e-07
 Reference value :  4.11500e-07
 Reference value :  4.12166e-07
 Reference value :  4.12862e-07
 Reference value :  4.13509e-07
 Reference value :  4.14182e-07
 Reference value :  4.14862e-07
 Reference value :  4.15579e-07
 Reference value :  4.16250e-07
 Reference value :  4.16911e-07
 Reference value :  4.17640e-07
 Reference value :  4.18313e-07
 Reference value :  4.18961e-07
 Reference value :  4.19649e-07
 Reference value :  4.20323e-07
 Reference value :  4.21082e-07
 Reference value :  4.21761e-07
 Reference value :  4.22432e-07
 Reference value :  4.23120e-07
 Reference value :  4.23814e-07
 Reference value :  4.24513e-07
 Reference value :  4.25190e-07
 Reference value :  4.25841e-07
 Reference value :  4.26502e-07
 Reference value :  4.27219e-07
 Reference value :  4.27875e-07
 Reference value :  4.28539e-07
 Reference value :  4.29230e-07
 Reference value :  4.29909e-07
 Reference value :  4.30589e-07
 Reference value :  4.31280e-07
 Reference value :  4.31935e-07
 Reference value :  4.32581e-07
 Reference value :  4.33260e-07
 Reference value :  4.33953e-07
 Reference value :  4.34616e-07
 Reference value :  4.35300e-07
 Reference value :  4.35951e-07
 Reference value :  4.36573e-07
 Reference value :  4.37226e-07
 Reference value :  4.37878e-07
 Reference value :  4.38523e-07
 Reference value :  4.39151e-07
 Reference value :  4.39840e-07
 Reference value :  4.40521e-07
 Reference value :  4.41223e-07
 Reference value :  4.41891e-07
 Reference value :  4.42560e-07
 Reference value :  4.43210e-07
 Reference value :  4.43899e-07
 Reference value :  4.44559e-07
 Reference value :  4.45221e-07
 Reference value :  4.45851e-07
 Reference value :  4.46499e-07
 Reference value :  4.47126e-07
 Reference value :  4.47760e-07
 Reference value :  4.48404e-07
 Reference value :  4.49060e-07
 Reference value :  4.49770e-07
 Reference value :  4.50424e-07
 Reference value :  4.51130e-07
 Reference value :  4.51795e-07
 Reference value :  4.52471e-07
 Reference value :  4.53170e-07
 Reference value :  4.53850e-07
 Reference value :  4.54524e-07
 Reference value :  4.55183e-07
 Reference value :  4.55895e-07
 Reference value :  4.56573e-07
 Reference value :  4.57255e-07
 Reference value :  4.57917e-07
 Reference value :  4.58572e-07
 Reference value :  4.59281e-07
 Reference value :  4.59969e-07
 Reference value :  4.60604e-07
 Reference value :  4.61281e-07
 Reference value :  4.61960e-07
 Reference value :  4.62662e-07
 Reference value :  4.63374e-07
 Reference value :  4.64058e-07
 Reference value :  4.64747e-07
 Reference value :  4.65380e-07
 Reference value :  4.66090e-07
 Reference value :  4.66793e-07
 Reference value :  4.67442e-07
 Reference value :  4.68090e-07
 Reference value :  4.68761e-07
 Reference value :  4.69466e-07
 Reference value :  4.70124e-07
 Reference value :  4.70805e-07
 Reference value :  4.71453e-07
 Reference value :  4.72110e-07
 Reference value :  4.72783e-07
 Reference value :  4.73454e-07
 Reference value :  4.74120e-07
 Reference value :  4.74807e-07
 Reference value :  4.75470e-07
 Reference value :  4.76107e-07
 Reference value :  4.76868e-07
 Reference value :  4.77555e-07
 Reference value :  4.78228e-07
 Reference value :  4.78903e-07
 Reference value :  4.79572e-07
 Reference value :  4.80220e-07
 Reference value :  4.80863e-07
 Reference value :  4.81547e-07
 Reference value :  4.82202e-07
 Reference value :  4.82835e-07
 Reference value :  4.83485e-07
 Reference value :  4.84110e-07
 Reference value :  4.84739e-07
 Reference value :  4.85389e-07
 Reference value :  4.86069e-07
 Reference value :  4.86739e-07
 Reference value :  4.87421e-07
 Reference value :  4.88080e-07
 Reference value :  4.88740e-07
 Reference value :  4.89384e-07
 Reference value :  4.90017e-07
 Reference value :  4.90647e-07
 Reference value :  4.91320e-07
 Reference value :  4.91963e-07
 Reference value :  4.92653e-07
 Reference value :  4.93348e-07
 Reference value :  4.94019e-07
 Reference value :  4.94668e-07
 Reference value :  4.95310e-07
 Reference value :  4.95963e-07
 Reference value :  4.96591e-07
 Reference value :  4.97256e-07
 Reference value :  4.97926e-07
 Reference value :  4.98586e-07
 Reference value :  4.99241e-07
 Reference value :  4.99860e-07
 Reference value :  5.00523e-07
 Reference value :  5.01181e-07
 Reference value :  5.01846e-07
 Reference value :  5.02501e-07
 Reference value :  5.03139e-07
 Reference value :  5.03794e-07
 Reference value :  5.04482e-07
 Reference value :  5.05140e-07
 Reference value :  5.05817e-07
 Reference value :  5.06759e-07
 Reference value :  5.07414e-07
 Reference value :  5.08083e-07
 Reference value :  5.08740e-07
 Reference value :  5.09390e-07
 Reference value :  5.10119e-07
 Reference value :  5.10794e-07
 Reference value :  5.11462e-07
 Reference value :  5.12116e-07
 Reference value :  5.12798e-07
 Reference value :  5.13463e-07
 Reference value :  5.14085e-07
 Reference value :  5.14710e-07
 Reference value :  5.15401e-07
 Reference value :  5.16090e-07
 Reference value :  5.17123e-07
 Reference value :  5.18180e-07
 Reference value :  5.18870e-07
 Reference value :  5.19561e-07
 Reference value :  5.20197e-07
 Reference value :  5.20864e-07
 Reference value :  5.21595e-07
 Reference value :  5.22259e-07
 Reference value :  5.22919e-07
 Reference value :  5.23603e-07
 Reference value :  5.24293e-07
 Reference value :  5.24968e-07
 Reference value :  5.25687e-07
 Reference value :  5.26370e-07
 Reference value :  5.27000e-07
 Reference value :  5.27698e-07
 Reference value :  5.28352e-07
 Reference value :  5.29012e-07
 Reference value :  5.29672e-07
 Reference value :  5.30320e-07
 Reference value :  5.30986e-07
 Reference value :  5.31660e-07
 Reference value :  5.32338e-07
 Reference value :  5.32997e-07
 Reference value :  5.33701e-07
 Reference value :  5.34433e-07
 Reference value :  5.35161e-07
 Reference value :  5.35911e-07
 Reference value :  5.36581e-07
 Reference value :  5.37330e-07
 Reference value :  5.38030e-07
 Reference value :  5.38798e-07
 Reference value :  5.39529e-07
 Reference value :  5.40209e-07
 Reference value :  5.40981e-07
 Reference value :  5.41663e-07
 Reference value :  5.42313e-07
 Reference value :  5.42971e-07
 Reference value :  5.43621e-07
 Reference value :  5.44288e-07
 Reference value :  5.44935e-07
 Reference value :  5.45605e-07
 Reference value :  5.46262e-07
 Reference value :  5.46963e-07
 Reference value :  5.47663e-07
 Reference value :  5.48336e-07
 Reference value :  5.49051e-07
 Reference value :  5.49728e-07
 Reference value :  5.50416e-07
 Reference value :  5.51100e-07
 Reference value :  5.51761e-07
 Reference value :  5.52400e-07
 Reference value :  5.53112e-07
 Reference value :  5.53789e-07
 Reference value :  5.54489e-07
 Reference value :  5.55230e-07
 Reference value :  5.55882e-07
 Reference value :  5.56621e-07
 Reference value :  5.57341e-07
 Reference value :  5.58071e-07
 Reference value :  5.58800e-07
 Reference value :  5.59480e-07
 Reference value :  5.60181e-07
 Reference value :  5.60890e-07
 Reference value :  5.61629e-07
 Reference value :  5.62351e-07
 Reference value :  5.63060e-07
 Reference value :  5.63787e-07
 Reference value :  5.64570e-07
 Reference value :  5.65291e-07
 Reference value :  5.65976e-07
 Reference value :  5.66744e-07
 Reference value :  5.67441e-07
 Reference value :  5.68161e-07
 Reference value :  5.68816e-07
 Reference value :  5.69520e-07
 Reference value :  5.70194e-07
 Reference value :  5.70871e-07
 Reference value :  5.71613e-07
 Reference value :  5.72252e-07
 Reference value :  5.72909e-07
 Reference value :  5.73580e-07
 Reference value :  5.74216e-07
 Reference value :  5.74889e-07
 Reference value :  5.75609e-07
 Reference value :  5.76292e-07
 Reference value :  5.76936e-07
 Reference value :  5.77609e-07
 Reference value :  5.78271e-07
 Reference value :  5.78963e-07
 Reference value :  5.79646e-07
 Reference value :  5.80338e-07
 Reference value :  5.81021e-07
 Reference value :  5.81685e-07
 Reference value :  5.82339e-07
 Reference value :  5.83026e-07
 Reference value :  5.83688e-07
 Reference value :  5.84371e-07
 Reference value :  5.85046e-07
 Reference value :  5.85696e-07
 Reference value :  5.86351e-07
 Reference value :  5.87020e-07
 Reference value :  5.87733e-07
 Reference value :  5.88415e-07
 Reference value :  5.89103e-07
 Reference value :  5.89763e-07
 Reference value :  5.90452e-07
 Reference value :  5.91099e-07
 Reference value :  5.91740e-07
 Reference value :  5.92417e-07
 Reference value :  5.93074e-07
 Reference value :  5.93734e-07
 Reference value :  5.94436e-07
 Reference value :  5.95063e-07
 Reference value :  5.95748e-07
 Reference value :  5.96461e-07
 Reference value :  5.97142e-07
 Reference value :  5.97829e-07
 Reference value :  5.98528e-07
 Reference value :  5.99224e-07
 Reference value :  5.99899e-07
 Reference value :  6.00577e-07
 Reference value :  6.01237e-07
 Reference value :  6.01911e-07
 Reference value :  6.02542e-07
 Reference value :  6.03206e-07
 Reference value :  6.03870e-07
 Reference value :  6.04528e-07
 Reference value :  6.05199e-07
 Reference value :  6.05811e-07
 Reference value :  6.06589e-07
 Reference value :  6.07737e-07
 Reference value :  6.08460e-07
 Reference value :  6.09128e-07
 Reference value :  6.09780e-07
 Reference value :  6.10464e-07
 Reference value :  6.11144e-07
 Reference value :  6.11858e-07
 Reference value :  6.12540e-07
 Reference value :  6.13253e-07
 Reference value :  6.13959e-07
 Reference value :  6.14656e-07
 Reference value :  6.15360e-07
 Reference value :  6.16050e-07
 Reference value :  6.16735e-07
 Reference value :  6.17413e-07
 Reference value :  6.18105e-07
 Reference value :  6.18778e-07
 Reference value :  6.19467e-07
 Reference value :  6.20160e-07
 Reference value :  6.20850e-07
 Reference value :  6.21506e-07
 Reference value :  6.22240e-07
 Reference value :  6.22891e-07
 Reference value :  6.23570e-07
 Reference value :  6.24228e-07
 Reference value :  6.24890e-07
 Reference value :  6.25567e-07
 Reference value :  6.26250e-07
 Reference value :  6.26894e-07
 Reference value :  6.27548e-07
 Reference value :  6.28191e-07
 Reference value :  6.28810e-07
 Reference value :  6.29448e-07
 Reference value :  6.30089e-07
 Reference value :  6.30743e-07
 Reference value :  6.31380e-07
 Reference value :  6.32007e-07
 Reference value :  6.32638e-07
 Reference value :  6.33271e-07
 Reference value :  6.33886e-07
 Reference value :  6.34535e-07
 Reference value :  6.35188e-07
 Reference value :  6.35850e-07
 Reference value :  6.36510e-07
 Reference value :  6.37132e-07
 Reference value :  6.37767e-07
 Reference value :  6.38441e-07
 Reference value :  6.39090e-07
 Reference value :  6.39749e-07
 Reference value :  6.40387e-07
 Reference value :  6.41046e-07
 Reference value :  6.41690e-07
 Reference value :  6.42333e-07
 Reference value :  6.42971e-07
 Reference value :  6.43634e-07
 Reference value :  6.44288e-07
 Reference value :  6.44934e-07
 Reference value :  6.45563e-07
 Reference value :  6.46200e-07
 Reference value :  6.46850e-07
 Reference value :  6.47490e-07
 Reference value :  6.48170e-07
 Reference value :  6.48811e-07
 Reference value :  6.49453e-07
 Reference value :  6.50110e-07
 Reference value :  6.50760e-07
 Reference value :  6.51401e-07
 Reference value :  6.52023e-07
 Reference value :  6.52663e-07
 Reference value :  6.53287e-07
 Reference value :  6.53912e-07
 Reference value :  6.54550e-07
 Reference value :  6.55217e-07
 Reference value :  6.55886e-07
 Reference value :  6.56503e-07
 Reference value :  6.57174e-07
 Reference value :  6.57816e-07
 Reference value :  6.58490e-07
 Reference value :  6.59161e-07
 Reference value :  6.59819e-07
 Reference value :  6.60458e-07
 Reference value :  6.61171e-07
 Reference value :  6.61854e-07
 Reference value :  6.62530e-07
 Reference value :  6.63200e-07
 Reference value :  6.63882e-07
 Reference value :  6.64539e-07
 Reference value :  6.65200e-07
 Reference value :  6.65861e-07
 Reference value :  6.66485e-07
 Reference value :  6.67117e-07
 Reference value :  6.67760e-07
 Reference value :  6.68453e-07
 Reference value :  6.69111e-07
 Reference value :  6.69760e-07
 Reference value :  6.70535e-07
 Reference value :  6.71188e-07
 Reference value :  6.71827e-07
 Reference value :  6.72461e-07
 Reference value :  6.73126e-07
 Reference value :  6.73764e-07
 Reference value :  6.74400e-07
 Reference value :  6.75044e-07
 Reference value :  6.75708e-07
 Reference value :  6.76360e-07
 Reference value :  6.77005e-07
 Reference value :  6.77656e-07
 Reference value :  6.78310e-07
 Reference value :  6.78950e-07
 Reference value :  6.79590e-07
 Reference value :  6.80253e-07
 Reference value :  6.80916e-07
 Reference value :  6.81595e-07
 Reference value :  6.82244e-07
 Reference value :  6.82900e-07
 Reference value :  6.83566e-07
 Reference value :  6.84230e-07
 Reference value :  6.84845e-07
 Reference value :  6.85484e-07
 Reference value :  6.86150e-07
 Reference value :  6.86816e-07
 Reference value :  6.87501e-07
 Reference value :  6.88149e-07
 Reference value :  6.88781e-07
 Reference value :  6.89421e-07
 Reference value :  6.90079e-07
 Reference value :  6.90730e-07
 Reference value :  6.91387e-07
 Reference value :  6.92059e-07
 Reference value :  6.92716e-07
 Reference value :  6.93364e-07
 Reference value :  6.94004e-07
 Reference value :  6.94634e-07
 Reference value :  6.95248e-07
 Reference value :  6.95887e-07
 Reference value :  6.96529e-07
 Reference value :  6.97156e-07
 Reference value :  6.97811e-07
 Reference value :  6.98448e-07
 Reference value :  6.99077e-07
 Reference value :  6.99698e-07
 Reference value :  7.00350e-07
 Reference value :  7.00974e-07
 Reference value :  7.01601e-07
 Reference value :  7.02260e-07
 Reference value :  7.02997e-07
 Reference value :  7.03679e-07
 Reference value :  7.04335e-07
 Reference value :  7.04995e-07
 Reference value :  7.05628e-07
 Reference value :  7.06281e-07
 Reference value :  7.06900e-07
 Reference value :  7.07542e-07
 Reference value :  7.08147e-07
 Reference value :  7.08810e-07
 Reference value :  7.09473e-07
 Reference value :  7.10111e-07
 Reference value :  7.10771e-07
 Reference value :  7.11408e-07
 Reference value :  7.12061e-07
 Reference value :  7.13020e-07
 Reference value :  7.14118e-07
 Reference value :  7.14769e-07
 Reference value :  7.15414e-07
 Reference value :  7.16067e-07
 Reference value :  7.16705e-07
 Reference value :  7.17351e-07
 Reference value :  7.18014e-07
 Reference value :  7.18722e-07
 Reference value :  7.19393e-07
 Reference value :  7.20044e-07
 Reference value :  7.20714e-07
 Reference value :  7.21371e-07
 Reference value :  7.22047e-07
 Reference value :  7.22705e-07
 Reference value :  7.23392e-07
 Reference value :  7.24080e-07
 Reference value :  7.24747e-07
 Reference value :  7.25408e-07
 Reference value :  7.26092e-07
 Reference value :  7.26730e-07
 Reference value :  7.27380e-07
 Reference value :  7.28012e-07
 Reference value :  7.28665e-07
 Reference value :  7.29380e-07
 Reference value :  7.30011e-07
 Reference value :  7.30658e-07
 Reference value :  7.31407e-07
 Reference value :  7.32060e-07
 Reference value :  7.32738e-07
 Reference value :  7.33384e-07
 Reference value :  7.34060e-07
 Reference value :  7.34695e-07
 Reference value :  7.35358e-07
 Reference value :  7.36094e-07
 Reference value :  7.36720e-07
 Reference value :  7.37412e-07
 Reference value :  7.38057e-07
 Reference value :  7.38770e-07
 Reference value :  7.39434e-07
 Reference value :  7.40079e-07
 Reference value :  7.40785e-07
 Reference value :  7.41424e-07
 Reference value :  7.42114e-07
 Reference value :  7.42800e-07
 Reference value :  7.43460e-07
 Reference value :  7.44136e-07
 Reference value :  7.44827e-07
 Reference value :  7.45489e-07
 Reference value :  7.46175e-07
 Reference value :  7.46880e-07
 Reference value :  7.47601e-07
 Reference value :  7.48232e-07
 Reference value :  7.48911e-07
 Reference value :  7.49591e-07
 Reference value :  7.50273e-07
 Reference value :  7.50912e-07
 Reference value :  7.51600e-07
 Reference value :  7.52228e-07
 Reference value :  7.52850e-07
 Reference value :  7.53538e-07
 Reference value :  7.54189e-07
 Reference value :  7.54863e-07
 Reference value :  7.55514e-07
 Reference value :  7.56173e-07
 Reference value :  7.56830e-07
 Reference value :  7.57481e-07
 Reference value :  7.58153e-07
 Reference value :  7.58930e-07
 Reference value :  7.59570e-07
 Reference value :  7.60342e-07
 Reference value :  7.60973e-07
 Reference value :  7.61650e-07
 Reference value :  7.62351e-07
 Reference value :  7.63036e-07
 Reference value :  7.63801e-07
 Reference value :  7.64506e-07
 Reference value :  7.65171e-07
 Reference value :  7.65826e-07
 Reference value :  7.66487e-07
 Reference value :  7.67149e-07
 Reference value :  7.67784e-07
 Reference value :  7.68420e-07
 Reference value :  7.69160e-07
 Reference value :  7.69861e-07
 Reference value :  7.70522e-07
 Reference value :  7.71189e-07
 Reference value :  7.71924e-07
 Reference value :  7.72598e-07
 Reference value :  7.73347e-07
 Reference value :  7.74000e-07
 Reference value :  7.74691e-07
 Reference value :  7.75383e-07
 Reference value :  7.76040e-07
 Reference value :  7.76687e-07
 Reference value :  7.77410e-07
 Reference value :  7.78065e-07
 Reference value :  7.78697e-07
 Reference value :  7.79410e-07
 Reference value :  7.80087e-07
 Reference value :  7.80910e-07
 Reference value :  7.81584e-07
 Reference value :  7.82249e-07
 Reference value :  7.82911e-07
 Reference value :  7.83571e-07
 Reference value :  7.84248e-07
 Reference value :  7.84898e-07
 Reference value :  7.85568e-07
 Reference value :  7.86312e-07
 Reference value :  7.86997e-07
 Reference value :  7.87645e-07
 Reference value :  7.88300e-07
 Reference value :  7.89050e-07
 Reference value :  7.89705e-07
 Reference value :  7.90423e-07
 Reference value :  7.91095e-07
 Reference value :  7.91848e-07
 Reference value :  7.92532e-07
 Reference value :  7.93197e-07
 Reference value :  7.93854e-07
 Reference value :  7.94550e-07
 Reference value :  7.95190e-07
 Reference value :  7.95865e-07
 Reference value :  7.96557e-07
 Reference value :  7.97242e-07
 Reference value :  7.97916e-07
 Reference value :  7.98563e-07
 Reference value :  7.99213e-07
 Reference value :  7.99880e-07
 Reference value :  8.00534e-07
 Reference value :  8.01191e-07
 Reference value :  8.01865e-07
 Reference value :  8.02528e-07
 Reference value :  8.03190e-07
 Reference value :  8.03831e-07
 Reference value :  8.04500e-07
 Reference value :  8.05178e-07
 Reference value :  8.05873e-07
 Reference value :  8.06550e-07
 Reference value :  8.07225e-07
 Reference value :  8.07867e-07
 Reference value :  8.08541e-07
 Reference value :  8.09200e-07
 Reference value :  8.09821e-07
 Reference value :  8.10500e-07
 Reference value :  8.11217e-07
 Reference value :  8.11895e-07
 Reference value :  8.12561e-07
 Reference value :  8.13280e-07
 Reference value :  8.13931e-07
 Reference value :  8.14571e-07
 Reference value :  8.15201e-07
 Reference value :  8.15847e-07
 Reference value :  8.16581e-07
 Reference value :  8.17279e-07
 Reference value :  8.17961e-07
 Reference value :  8.18602e-07
 Reference value :  8.19274e-07
 Reference value :  8.19954e-07
 Reference value :  8.20647e-07
 Reference value :  8.21300e-07
 Reference value :  8.21946e-07
 Reference value :  8.22645e-07
 Reference value :  8.23315e-07
 Reference value :  8.24021e-07
 Reference value :  8.24706e-07
 Reference value :  8.25320e-07
 Reference value :  8.26033e-07
 Reference value :  8.26762e-07
 Reference value :  8.27436e-07
 Reference value :  8.28097e-07
 Reference value :  8.28732e-07
 Reference value :  8.29441e-07
 Reference value :  8.30111e-07
 Reference value :  8.30800e-07
 Reference value :  8.31441e-07
 Reference value :  8.32150e-07
 Reference value :  8.32773e-07
 Reference value :  8.33434e-07
 Reference value :  8.34097e-07
 Reference value :  8.34724e-07
 Reference value :  8.35525e-07
 Reference value :  8.36141e-07
 Reference value :  8.36762e-07
 Reference value :  8.37412e-07
 Reference value :  8.38050e-07
 Reference value :  8.38717e-07
 Reference value :  8.39373e-07
 Reference value :  8.40054e-07
 Reference value :  8.40718e-07
 Reference value :  8.41383e-07
 Reference value :  8.42062e-07
 Reference value :  8.42730e-07
 Reference value :  8.43379e-07
 Reference value :  8.44066e-07
 Reference value :  8.44713e-07
 Reference value :  8.45551e-07
 Reference value :  8.46249e-07
 Reference value :  8.46924e-07
 Reference value :  8.47611e-07
 Reference value :  8.48251e-07
 Reference value :  8.48924e-07
 Reference value :  8.49553e-07
 Reference value :  8.50200e-07
 Reference value :  8.50863e-07
 Reference value :  8.51528e-07
 Reference value :  8.52207e-07
 Reference value :  8.52839e-07
 Reference value :  8.53510e-07
 Reference value :  8.54186e-07
 Reference value :  8.54845e-07
 Reference value :  8.55540e-07
 Reference value :  8.56216e-07
 Reference value :  8.56868e-07
 Reference value :  8.57481e-07
 Reference value :  8.58132e-07
 Reference value :  8.58830e-07
 Reference value :  8.59460e-07
 Reference value :  8.60158e-07
 Reference value :  8.60757e-07
 Reference value :  8.61411e-07
 Reference value :  8.62073e-07
 Reference value :  8.62724e-07
 Reference value :  8.63400e-07
 Reference value :  8.64075e-07
 Reference value :  8.64797e-07
 Reference value :  8.65454e-07
 Reference value :  8.66098e-07
 Reference value :  8.66806e-07
 Reference value :  8.67620e-07
 Reference value :  8.68260e-07
 Reference value :  8.68899e-07
 Reference value :  8.69540e-07
 Reference value :  8.70179e-07
 Reference value :  8.70841e-07
 Reference value :  8.71500e-07
 Reference value :  8.72171e-07
 Reference value :  8.72900e-07
 Reference value :  8.73877e-07
 Reference value :  8.74765e-07
 Reference value :  8.75784e-07
 Reference value :  8.76721e-07
 Reference value :  8.77432e-07
 Reference value :  8.78158e-07
 Reference value :  8.78849e-07
 Reference value :  8.79500e-07
 Reference value :  8.80183e-07
 Reference value :  8.80862e-07
 Reference value :  8.81522e-07
 Reference value :  8.82187e-07
 Reference value :  8.82855e-07
 Reference value :  8.83540e-07
 Reference value :  8.84211e-07
 Reference value :  8.84906e-07
 Reference value :  8.85556e-07
 Reference value :  8.86231e-07
 Reference value :  8.86906e-07
 Reference value :  8.87540e-07
 Reference value :  8.88205e-07
 Reference value :  8.88850e-07
 Reference value :  8.89499e-07
 Reference value :  8.90197e-07
 Reference value :  8.90875e-07
 Reference value :  8.91552e-07
 Reference value :  8.92229e-07
 Reference value :  8.92857e-07
 Reference value :  8.93586e-07
 Reference value :  8.94280e-07
 Reference value :  8.94969e-07
 Reference value :  8.95696e-07
 Reference value :  8.96372e-07
 Reference value :  8.97005e-07
 Reference value :  8.97700e-07
 Reference value :  8.98331e-07
 Reference value :  8.98980e-07
 Reference value :  8.99710e-07
 Reference value :  9.00360e-07
 Reference value :  9.01010e-07
 Reference value :  9.01714e-07
 Reference value :  9.02552e-07
 Reference value :  9.03204e-07
 Reference value :  9.03863e-07
 Reference value :  9.04506e-07
 Reference value :  9.05220e-07
 Reference value :  9.05860e-07
 Reference value :  9.06581e-07
 Reference value :  9.07259e-07
 Reference value :  9.07904e-07
 Reference value :  9.08630e-07
 Reference value :  9.09307e-07
 Reference value :  9.09950e-07
 Reference value :  9.10605e-07
 Reference value :  9.11258e-07
 Reference value :  9.11935e-07
 Reference value :  9.12579e-07
 Reference value :  9.13221e-07
 Reference value :  9.13896e-07
 Reference value :  9.14539e-07
 Reference value :  9.15181e-07
 Reference value :  9.15850e-07
 Reference value :  9.16541e-07
 Reference value :  9.17254e-07
 Reference value :  9.17917e-07
 Reference value :  9.18615e-07
 Reference value :  9.19307e-07
 Reference value :  9.19930e-07
 Reference value :  9.20616e-07
 Reference value :  9.21250e-07
 Reference value :  9.21859e-07
 Reference value :  9.22569e-07
 Reference value :  9.23228e-07
 Reference value :  9.23881e-07
 Reference value :  9.24542e-07
 Reference value :  9.25224e-07
 Reference value :  9.25879e-07
 Reference value :  9.26553e-07
 Reference value :  9.27183e-07
 Reference value :  9.27844e-07
 Reference value :  9.28505e-07
 Reference value :  9.29168e-07
 Reference value :  9.29823e-07
 Reference value :  9.30436e-07
 Reference value :  9.31090e-07
 Reference value :  9.31811e-07
 Reference value :  9.32455e-07
 Reference value :  9.33099e-07
 Reference value :  9.33786e-07
 Reference value :  9.34439e-07
 Reference value :  9.35074e-07
 Reference value :  9.35770e-07
 Reference value :  9.36420e-07
 Reference value :  9.37121e-07
 Reference value :  9.37798e-07
 Reference value :  9.38436e-07
 Reference value :  9.39084e-07
 Reference value :  9.39751e-07
 Reference value :  9.40404e-07
 Reference value :  9.41088e-07
 Reference value :  9.41736e-07
 Reference value :  9.42443e-07
 Reference value :  9.43150e-07
 Reference value :  9.43796e-07
 Reference value :  9.44460e-07
 Reference value :  9.45108e-07
 Reference value :  9.45748e-07
 Reference value :  9.46385e-07
 Reference value :  9.47042e-07
 Reference value :  9.47683e-07
 Reference value :  9.48355e-07
 Reference value :  9.49091e-07
 Reference value :  9.49749e-07
 Reference value :  9.50451e-07
 Reference value :  9.51123e-07
 Reference value :  9.51831e-07
 Reference value :  9.52472e-07
 Reference value :  9.53110e-07
 Reference value :  9.53803e-07
 Reference value :  9.54480e-07
 Reference value :  9.55181e-07
 Reference value :  9.55899e-07
 Reference value :  9.56570e-07
 Reference value :  9.57222e-07
 Reference value :  9.57880e-07
 Reference value :  9.58488e-07
 Reference value :  9.59162e-07
 Reference value :  9.59834e-07
 Reference value :  9.60511e-07
 Reference value :  9.61219e-07
 Reference value :  9.61830e-07
 Reference value :  9.62531e-07
 Reference value :  9.63210e-07
 Reference value :  9.63882e-07
 Reference value :  9.64529e-07
 Reference value :  9.65201e-07
 Reference value :  9.65847e-07
 Reference value :  9.66560e-07
 Reference value :  9.67232e-07
 Reference value :  9.67890e-07
 Reference value :  9.68550e-07
 Reference value :  9.69248e-07
 Reference value :  9.69889e-07
 Reference value :  9.70558e-07
 Reference value :  9.71203e-07
 Reference value :  9.71889e-07
 Reference value :  9.72590e-07
 Reference value :  9.73241e-07
 Reference value :  9.73900e-07
 Reference value :  9.74551e-07
 Reference value :  9.75238e-07
 Reference value :  9.75890e-07
 Reference value :  9.76514e-07
 Reference value :  9.77224e-07
 Reference value :  9.77881e-07
 Reference value :  9.78528e-07
 Reference value :  9.79225e-07
 Reference value :  9.79869e-07
 Reference value :  9.80540e-07
 Reference value :  9.81220e-07
 Reference value :  9.81878e-07
 Reference value :  9.82536e-07
 Reference value :  9.83196e-07
 Reference value :  9.83871e-07
 Reference value :  9.84526e-07
 Reference value :  9.85137e-07
 Reference value :  9.85775e-07
 Reference value :  9.86398e-07
 Reference value :  9.87107e-07
 Reference value :  9.87741e-07
 Reference value :  9.88435e-07
 Reference value :  9.89144e-07
 Reference value :  9.90060e-07
 Reference value :  9.90944e-07
 Reference value :  9.91618e-07
 Reference value :  9.92272e-07
 Reference value :  9.92951e-07
 Reference value :  9.93620e-07
 Reference value :  9.94326e-07
 Reference value :  9.94966e-07
 Reference value :  9.95671e-07
 Reference value :  9.96350e-07
 Reference value :  9.97034e-07
 Reference value :  9.97660e-07
 Reference value :  9.98346e-07
 Reference value :  9.99040e-07
 Reference value :  9.99703e-07
 Reference value :  1.00038e-06
 Reference value :  1.00102e-06
 Reference value :  1.00168e-06
 Reference value :  1.00235e-06
 Reference value :  1.00308e-06
 Reference value :  1.00378e-06
 Reference value :  1.00445e-06
 Reference value :  1.00511e-06
 Reference value :  1.00578e-06
 Reference value :  1.00650e-06
 Reference value :  1.00714e-06
 Reference value :  1.00779e-06
 Reference value :  1.00845e-06
 Reference value :  1.00911e-06
 Reference value :  1.00975e-06
 Reference value :  1.01043e-06
 Reference value :  1.01108e-06
 Reference value :  1.01177e-06
 Reference value :  1.01240e-06
 Reference value :  1.01304e-06
 Reference value :  1.01370e-06
 Reference value :  1.01436e-06
 Reference value :  1.01503e-06
 Reference value :  1.01572e-06
 Reference value :  1.01642e-06
 Reference value :  1.01716e-06
 Reference value :  1.01785e-06
 Reference value :  1.01851e-06
 Reference value :  1.01915e-06
 Reference value :  1.01981e-06
 Reference value :  1.02045e-06
 Reference value :  1.02112e-06
 Reference value :  1.02180e-06
 Reference value :  1.02245e-06
 Reference value :  1.02308e-06
 Reference value :  1.02375e-06
 Reference value :  1.02445e-06
 Reference value :  1.02508e-06
 Reference value :  1.02579e-06
 Reference value :  1.02650e-06
 Reference value :  1.02715e-06
 Reference value :  1.02783e-06
 Reference value :  1.02853e-06
 Reference value :  1.02921e-06
 Reference value :  1.02985e-06
 Reference value :  1.03052e-06
 Reference value :  1.03119e-06
 Reference value :  1.03184e-06
 Reference value :  1.03253e-06
 Reference value :  1.03324e-06
 Reference value :  1.03389e-06
 Reference value :  1.03453e-06
 Reference value :  1.03519e-06
 Reference value :  1.03584e-06
 Reference value :  1.03648e-06
 Reference value :  1.03709e-06
 Reference value :  1.03775e-06
 Reference value :  1.03846e-06
 Reference value :  1.03914e-06
 Reference value :  1.03977e-06
 Reference value :  1.04038e-06
 Reference value :  1.04108e-06
 Reference value :  1.04174e-06
 Reference value :  1.04240e-06
 Reference value :  1.04307e-06
 Reference value :  1.04369e-06
 Reference value :  1.04438e-06
 Reference value :  1.04506e-06
 Reference value :  1.04571e-06
 Reference value :  1.04636e-06
 Reference value :  1.04705e-06
 Reference value :  1.04772e-06
 Reference value :  1.04839e-06
 Reference value :  1.04908e-06
 Reference value :  1.04976e-06
 Reference value :  1.05047e-06
 Reference value :  1.05113e-06
 Reference value :  1.05179e-06
 Reference value :  1.05252e-06
 Reference value :  1.05317e-06
 Reference value :  1.05382e-06
 Reference value :  1.05449e-06
 Reference value :  1.05516e-06
 Reference value :  1.05585e-06
 Reference value :  1.05652e-06
 Reference value :  1.05719e-06
 Reference value :  1.05783e-06
 Reference value :  1.05853e-06
 Reference value :  1.05922e-06
 Reference value :  1.05987e-06
 Reference value :  1.06056e-06
 Reference value :  1.06125e-06
 Reference value :  1.06191e-06
 Reference value :  1.06261e-06
 Reference value :  1.06329e-06
 Reference value :  1.06395e-06
 Reference value :  1.06462e-06
 Reference value :  1.06530e-06
 Reference value :  1.06596e-06
 Reference value :  1.06656e-06
 Reference value :  1.06722e-06
 Reference value :  1.06791e-06
 Reference value :  1.06861e-06
 Reference value :  1.06929e-06
 Reference value :  1.06997e-06
 Reference value :  1.07064e-06
 Reference value :  1.07136e-06
 Reference value :  1.07207e-06
 Reference value :  1.07273e-06
 Reference value :  1.07347e-06
 Reference value :  1.07416e-06
 Reference value :  1.07481e-06
 Reference value :  1.07546e-06
 Reference value :  1.07613e-06
 Reference value :  1.07682e-06
 Reference value :  1.07747e-06
 Reference value :  1.07813e-06
 Reference value :  1.07879e-06
 Reference value :  1.07948e-06
 Reference value :  1.08022e-06
 Reference value :  1.08088e-06
 Reference value :  1.08156e-06
 Reference value :  1.08220e-06
 Reference value :  1.08286e-06
 Reference value :  1.08350e-06
 Reference value :  1.08412e-06
 Reference value :  1.08481e-06
 Reference value :  1.08548e-06
 Reference value :  1.08617e-06
 Reference value :  1.08682e-06
 Reference value :  1.08752e-06
 Reference value :  1.08817e-06
 Reference value :  1.08884e-06
 Reference value :  1.08951e-06
 Reference value :  1.09020e-06
 Reference value :  1.09093e-06
 Reference value :  1.09155e-06
 Reference value :  1.09224e-06
 Reference value :  1.09289e-06
 Reference value :  1.09356e-06
 Reference value :  1.09426e-06
 Reference value :  1.09501e-06
 Reference value :  1.09570e-06
 Reference value :  1.09635e-06
 Reference value :  1.09702e-06
 Reference value :  1.09770e-06
 Reference value :  1.09832e-06
 Reference value :  1.09904e-06
 Reference value :  1.09967e-06
 Reference value :  1.10032e-06
 Reference value :  1.10099e-06
 Reference value :  1.10166e-06
 Reference value :  1.10234e-06
 Reference value :  1.10302e-06
 Reference value :  1.10365e-06
 Reference value :  1.10436e-06
 Reference value :  1.10508e-06
 Reference value :  1.10575e-06
 Reference value :  1.10642e-06
 Reference value :  1.10710e-06
 Reference value :  1.10776e-06
 Reference value :  1.10838e-06
 Reference value :  1.10905e-06
 Reference value :  1.10968e-06
 Reference value :  1.11039e-06
 Reference value :  1.11107e-06
 Reference value :  1.11176e-06
 Reference value :  1.11251e-06
 Reference value :  1.11317e-06
 Reference value :  1.11381e-06
 Reference value :  1.11453e-06
 Reference value :  1.11521e-06
 Reference value :  1.11585e-06
 Reference value :  1.11654e-06
 Reference value :  1.11718e-06
 Reference value :  1.11786e-06
 Reference value :  1.11856e-06
 Reference value :  1.11923e-06
 Reference value :  1.11988e-06
 Reference value :  1.12055e-06
 Reference value :  1.12119e-06
 Reference value :  1.12184e-06
 Reference value :  1.12259e-06
 Reference value :  1.12324e-06
 Reference value :  1.12393e-06
 Reference value :  1.12462e-06
 Reference value :  1.12531e-06
 Reference value :  1.12598e-06
 Reference value :  1.12665e-06
 Reference value :  1.12732e-06
 Reference value :  1.12799e-06
 Reference value :  1.12871e-06
 Reference value :  1.12942e-06
 Reference value :  1.13008e-06
 Reference value :  1.13073e-06
 Reference value :  1.13138e-06
 Reference value :  1.13205e-06
 Reference value :  1.13270e-06
 Reference value :  1.13340e-06
 Reference value :  1.13404e-06
 Reference value :  1.13475e-06
 Reference value :  1.13544e-06
 Reference value :  1.13609e-06
 Reference value :  1.13672e-06
 Reference value :  1.13747e-06
 Reference value :  1.13814e-06
 Reference value :  1.13882e-06
 Reference value :  1.13949e-06
 Reference value :  1.14019e-06
 Reference value :  1.14086e-06
 Reference value :  1.14157e-06
 Reference value :  1.14221e-06
 Reference value :  1.14285e-06
 Reference value :  1.14352e-06
 Reference value :  1.14419e-06
 Reference value :  1.14486e-06
 Reference value :  1.14552e-06
 Reference value :  1.14623e-06
 Reference value :  1.14693e-06
 Reference value :  1.14760e-06
 Reference value :  1.14834e-06
 Reference value :  1.14898e-06
 Reference value :  1.14965e-06
 Reference value :  1.15030e-06
 Reference value :  1.15096e-06
 Reference value :  1.15164e-06
 Reference value :  1.15231e-06
 Reference value :  1.15300e-06
 Reference value :  1.15361e-06
 Reference value :  1.15431e-06
 Reference value :  1.15502e-06
 Reference value :  1.15564e-06
 Reference value :  1.15632e-06
 Reference value :  1.15704e-06
 Reference value :  1.15774e-06
 Reference value :  1.15848e-06
 Reference value :  1.15915e-06
 Reference value :  1.15980e-06
 Reference value :  1.16048e-06
 Reference value :  1.16116e-06
 Reference value :  1.16182e-06
 Reference value :  1.16252e-06
 Reference value :  1.16320e-06
 Reference value :  1.16390e-06
 Reference value :  1.16457e-06
 Reference value :  1.16526e-06
 Reference value :  1.16595e-06
 Reference value :  1.16663e-06
 Reference value :  1.16728e-06
 Reference value :  1.16799e-06
 Reference value :  1.16862e-06
 Reference value :  1.16932e-06
 Reference value :  1.16999e-06
 Reference value :  1.17065e-06
 Reference value :  1.17128e-06
 Reference value :  1.17191e-06
 Reference value :  1.17259e-06
 Reference value :  1.17329e-06
 Reference value :  1.17392e-06
 Reference value :  1.17458e-06
 Reference value :  1.17529e-06
 Reference value :  1.17603e-06
 Reference value :  1.17674e-06
 Reference value :  1.17747e-06
 Reference value :  1.17811e-06
 Reference value :  1.17877e-06
 Reference value :  1.17943e-06
 Reference value :  1.18007e-06
 Reference value :  1.18076e-06
 Reference value :  1.18139e-06
 Reference value :  1.18207e-06
 Reference value :  1.18274e-06
 Reference value :  1.18351e-06
 Reference value :  1.18416e-06
 Reference value :  1.18488e-06
 Reference value :  1.18561e-06
 Reference value :  1.18631e-06
 Reference value :  1.18699e-06
 Reference value :  1.18769e-06
 Reference value :  1.18835e-06
 Reference value :  1.18906e-06
 Reference value :  1.18971e-06
 Reference value :  1.19042e-06
 Reference value :  1.19112e-06
 Reference value :  1.19182e-06
 Reference value :  1.19249e-06
 Reference value :  1.19317e-06
 Reference value :  1.19385e-06
 Reference value :  1.19455e-06
 Reference value :  1.19520e-06
 Reference value :  1.19589e-06
 Reference value :  1.19658e-06
 Reference value :  1.19722e-06
 Reference value :  1.19790e-06
 Reference value :  1.19854e-06
 Reference value :  1.19919e-06
 Reference value :  1.19985e-06
 Reference value :  1.20053e-06
 Reference value :  1.20121e-06
 Reference value :  1.20195e-06
 Reference value :  1.20265e-06
 Reference value :  1.20348e-06
 Reference value :  1.20419e-06
 Reference value :  1.20486e-06
 Reference value :  1.20557e-06
 Reference value :  1.20624e-06
 Reference value :  1.20692e-06
 Reference value :  1.20762e-06
 Reference value :  1.20830e-06
 Reference value :  1.20901e-06
 Reference value :  1.20969e-06
 Reference value :  1.21035e-06
 Reference value :  1.21100e-06
 Reference value :  1.21167e-06
 Reference value :  1.21235e-06
 Reference value :  1.21305e-06
 Reference value :  1.21374e-06
 Reference value :  1.21448e-06
 Reference value :  1.21516e-06
 Reference value :  1.21582e-06
 Reference value :  1.21646e-06
 Reference value :  1.21714e-06
 Reference value :  1.21788e-06
 Reference value :  1.21852e-06
 Reference value :  1.21920e-06
 Reference value :  1.21989e-06
 Reference value :  1.22058e-06
 Reference value :  1.22124e-06
 Reference value :  1.22193e-06
 Reference value :  1.22264e-06
 Reference value :  1.22325e-06
 Reference value :  1.22390e-06
 Reference value :  1.22458e-06
 Reference value :  1.22523e-06
 Reference value :  1.22591e-06
 Reference value :  1.22652e-06
 Reference value :  1.22725e-06
 Reference value :  1.22797e-06
 Reference value :  1.22868e-06
 Reference value :  1.22935e-06
 Reference value :  1.22999e-06
 Reference value :  1.23070e-06
 Reference value :  1.23140e-06
 Reference value :  1.23207e-06
 Reference value :  1.23275e-06
 Reference value :  1.23342e-06
 Reference value :  1.23407e-06
 Reference value :  1.23471e-06
 Reference value :  1.23539e-06
 Reference value :  1.23616e-06
 Reference value :  1.23689e-06
 Reference value :  1.23763e-06
 Reference value :  1.23832e-06
 Reference value :  1.23899e-06
 Reference value :  1.23981e-06
 Reference value :  1.24100e-06
 Reference value :  1.24216e-06
 Reference value :  1.24327e-06
 Reference value :  1.24441e-06
 Reference value :  1.24528e-06
 Reference value :  1.24590e-06
 Reference value :  1.24660e-06
 Reference value :  1.24730e-06
 Reference value :  1.24797e-06
 Reference value :  1.24871e-06
 Reference value :  1.24937e-06
 Reference value :  1.25002e-06
 Reference value :  1.25069e-06
 Reference value :  1.25132e-06
 Reference value :  1.25196e-06
 Reference value :  1.25262e-06
 Reference value :  1.25333e-06
 Reference value :  1.25400e-06
 Reference value :  1.25472e-06
 Reference value :  1.25536e-06
 Reference value :  1.25603e-06
 Reference value :  1.25665e-06
 Reference value :  1.25733e-06
 Reference value :  1.25818e-06
 Reference value :  1.25882e-06
 Reference value :  1.25954e-06
 Reference value :  1.26020e-06
 Reference value :  1.26086e-06
 Reference value :  1.26152e-06
 Reference value :  1.26220e-06
 Reference value :  1.26285e-06
 Reference value :  1.26356e-06
 Reference value :  1.26427e-06
 Reference value :  1.26489e-06
 Reference value :  1.26553e-06
 Reference value :  1.26620e-06
 Reference value :  1.26684e-06
 Reference value :  1.26754e-06
 Reference value :  1.26819e-06
 Reference value :  1.26886e-06
 Reference value :  1.26955e-06
 Reference value :  1.27024e-06
 Reference value :  1.27093e-06
 Reference value :  1.27164e-06
 Reference value :  1.27234e-06
 Reference value :  1.27303e-06
 Reference value :  1.27370e-06
 Reference value :  1.27437e-06
 Reference value :  1.27511e-06
 Reference value :  1.27579e-06
 Reference value :  1.27646e-06
 Reference value :  1.27717e-06
 Reference value :  1.27785e-06
 Reference value :  1.27857e-06
 Reference value :  1.27929e-06
 Reference value :  1.27999e-06
 Reference value :  1.28065e-06
 Reference value :  1.28137e-06
 Reference value :  1.28203e-06
 Reference value :  1.28269e-06
 Reference value :  1.28336e-06
 Reference value :  1.28401e-06
 Reference value :  1.28470e-06
 Reference value :  1.28541e-06
 Reference value :  1.28608e-06
 Reference value :  1.28677e-06
 Reference value :  1.28743e-06
 Reference value :  1.28806e-06
 Reference value :  1.28872e-06
 Reference value :  1.28946e-06
 Reference value :  1.29017e-06
 Reference value :  1.29089e-06
 Reference value :  1.29155e-06
 Reference value :  1.29219e-06
 Reference value :  1.29286e-06
 Reference value :  1.29351e-06
 Reference value :  1.29414e-06
 Reference value :  1.29484e-06
 Reference value :  1.29550e-06
 Reference value :  1.29614e-06
 Reference value :  1.29686e-06
 Reference value :  1.29756e-06
 Reference value :  1.29819e-06
 Reference value :  1.29887e-06
 Reference value :  1.29961e-06
 Reference value :  1.30030e-06
 Reference value :  1.30098e-06
 Reference value :  1.30163e-06
 Reference value :  1.30228e-06
 Reference value :  1.30296e-06
 Reference value :  1.30362e-06
 Reference value :  1.30438e-06
 Reference value :  1.30506e-06
 Reference value :  1.30570e-06
 Reference value :  1.30637e-06
 Reference value :  1.30712e-06
 Reference value :  1.30776e-06
 Reference value :  1.30844e-06
 Reference value :  1.30912e-06
 Reference value :  1.30979e-06
 Reference value :  1.31044e-06
 Reference value :  1.31112e-06
 Reference value :  1.31175e-06
 Reference value :  1.31242e-06
 Reference value :  1.31310e-06
 Reference value :  1.31380e-06
 Reference value :  1.31449e-06
 Reference value :  1.31519e-06
 Reference value :  1.31584e-06
 Reference value :  1.31654e-06
 Reference value :  1.31721e-06
 Reference value :  1.31784e-06
 Reference value :  1.31857e-06
 Reference value :  1.31924e-06
 Reference value :  1.31994e-06
 Reference value :  1.32064e-06
 Reference value :  1.32133e-06
 Reference value :  1.32210e-06
 Reference value :  1.32275e-06
 Reference value :  1.32342e-06
 Reference value :  1.32411e-06
 Reference value :  1.32480e-06
 Reference value :  1.32547e-06
 Reference value :  1.32616e-06
 Reference value :  1.32688e-06
 Reference value :  1.32756e-06
 Reference value :  1.32822e-06
 Reference value :  1.32886e-06
 Reference value :  1.32949e-06
 Reference value :  1.33014e-06
 Reference value :  1.33083e-06
 Reference value :  1.33147e-06
 Reference value :  1.33215e-06
 Reference value :  1.33280e-06
 Reference value :  1.33345e-06
 Reference value :  1.33419e-06
 Reference value :  1.33484e-06
 Reference value :  1.33549e-06
 Reference value :  1.33614e-06
 Reference value :  1.33682e-06
 Reference value :  1.33752e-06
 Reference value :  1.33823e-06
 Reference value :  1.33888e-06
 Reference value :  1.33957e-06
 Reference value :  1.34025e-06
 Reference value :  1.34093e-06
 Reference value :  1.34161e-06
 Reference value :  1.34228e-06
 Reference value :  1.34303e-06
 Reference value :  1.34388e-06
 Reference value :  1.34453e-06
 Reference value :  1.34529e-06
 Reference value :  1.34594e-06
 Reference value :  1.34661e-06
 Reference value :  1.34728e-06
 Reference value :  1.34799e-06
 Reference value :  1.34868e-06
 Reference value :  1.34939e-06
 Reference value :  1.35002e-06
 Reference value :  1.35068e-06
 Reference value :  1.35136e-06
 Reference value :  1.35201e-06
 Reference value :  1.35273e-06
 Reference value :  1.35340e-06
 Reference value :  1.35408e-06
 Reference value :  1.35479e-06
 Reference value :  1.35558e-06
 Reference value :  1.35622e-06
 Reference value :  1.35689e-06
 Reference value :  1.35755e-06
 Reference value :  1.35820e-06
 Reference value :  1.35887e-06
 Reference value :  1.35953e-06
 Reference value :  1.36020e-06
 Reference value :  1.36090e-06
 Reference value :  1.36159e-06
 Reference value :  1.36224e-06
 Reference value :  1.36293e-06
 Reference value :  1.36363e-06
 Reference value :  1.36435e-06
 Reference value :  1.36508e-06
 Reference value :  1.36573e-06
 Reference value :  1.36639e-06
 Reference value :  1.36706e-06
 Reference value :  1.36773e-06
 Reference value :  1.36842e-06
 Reference value :  1.36908e-06
 Reference value :  1.36976e-06
 Reference value :  1.37040e-06
 Reference value :  1.37104e-06
 Reference value :  1.37172e-06
 Reference value :  1.37237e-06
 Reference value :  1.37310e-06
 Reference value :  1.37378e-06
 Reference value :  1.37444e-06
 Reference value :  1.37512e-06
 Reference value :  1.37579e-06
 Reference value :  1.37645e-06
 Reference value :  1.37710e-06
 Reference value :  1.37775e-06
 Reference value :  1.37843e-06
 Reference value :  1.37907e-06
 Reference value :  1.37972e-06
 Reference value :  1.38051e-06
 Reference value :  1.38125e-06
 Reference value :  1.38191e-06
 Reference value :  1.38266e-06
 Reference value :  1.38332e-06
 Reference value :  1.38399e-06
 Reference value :  1.38471e-06
 Reference value :  1.38535e-06
 Reference value :  1.38606e-06
 Reference value :  1.38670e-06
 Reference value :  1.38734e-06
 Reference value :  1.38801e-06
 Reference value :  1.38866e-06
 Reference value :  1.38931e-06
 Reference value :  1.38995e-06
 Reference value :  1.39063e-06
 Reference value :  1.39130e-06
 Reference value :  1.39197e-06
 Reference value :  1.39270e-06
 Reference value :  1.39339e-06
 Reference value :  1.39405e-06
 Reference value :  1.39488e-06
 Reference value :  1.39555e-06
 Reference value :  1.39620e-06
 Reference value :  1.39688e-06
 Reference value :  1.39757e-06
 Reference value :  1.39825e-06
 Reference value :  1.39892e-06
 Reference value :  1.39957e-06
 Reference value :  1.40024e-06
 Reference value :  1.40093e-06
 Reference value :  1.40158e-06
 Reference value :  1.40236e-06
 Reference value :  1.40301e-06
 Reference value :  1.40370e-06
 Reference value :  1.40438e-06
 Reference value :  1.40505e-06
 Reference value :  1.40569e-06
 Reference value :  1.40637e-06
 Reference value :  1.40703e-06
 Reference value :  1.40778e-06
 Reference value :  1.40843e-06
 Reference value :  1.40909e-06
 Reference value :  1.40975e-06
 Reference value :  1.41038e-06
 Reference value :  1.41107e-06
 Reference value :  1.41174e-06
 Reference value :  1.41241e-06
 Reference value :  1.41309e-06
 Reference value :  1.41376e-06
 Reference value :  1.41447e-06
 Reference value :  1.41515e-06
 Reference value :  1.41589e-06
 Reference value :  1.41655e-06
 Reference value :  1.41721e-06
 Reference value :  1.41789e-06
 Reference value :  1.41854e-06
 Reference value :  1.41920e-06
 Reference value :  1.41990e-06
 Reference value :  1.42056e-06
 Reference value :  1.42123e-06
 Reference value :  1.42189e-06
 Reference value :  1.42257e-06
 Reference value :  1.42325e-06
 Reference value :  1.42393e-06
 Reference value :  1.42463e-06
 Reference value :  1.42528e-06
 Reference value :  1.42595e-06
 Reference value :  1.42660e-06
 Reference value :  1.42726e-06
 Reference value :  1.42794e-06
 Reference value :  1.42862e-06
 Reference value :  1.42928e-06
 Reference value :  1.42996e-06
 Reference value :  1.43064e-06
 Reference value :  1.43127e-06
 Reference value :  1.43197e-06
 Reference value :  1.43265e-06
 Reference value :  1.43332e-06
 Reference value :  1.43398e-06
 Reference value :  1.43464e-06
 Reference value :  1.43531e-06
 Reference value :  1.43597e-06
 Reference value :  1.43662e-06
 Reference value :  1.43727e-06
 Reference value :  1.43796e-06
 Reference value :  1.43865e-06
 Reference value :  1.43929e-06
 Reference value :  1.43996e-06
 Reference value :  1.44062e-06
 Reference value :  1.44128e-06
 Reference value :  1.44198e-06
 Reference value :  1.44264e-06
 Reference value :  1.44334e-06
 Reference value :  1.44402e-06
 Reference value :  1.44473e-06
 Reference value :  1.44542e-06
 Reference value :  1.44610e-06
 Reference value :  1.44681e-06
 Reference value :  1.44751e-06
 Reference value :  1.44817e-06
 Reference value :  1.44884e-06
 Reference value :  1.44950e-06
 Reference value :  1.45013e-06
 Reference value :  1.45080e-06
 Reference value :  1.45144e-06
 Reference value :  1.45211e-06
 Reference value :  1.45274e-06
 Reference value :  1.45338e-06
 Reference value :  1.45406e-06
 Reference value :  1.45475e-06
 Reference value :  1.45541e-06
 Reference value :  1.45611e-06
 Reference value :  1.45677e-06
 Reference value :  1.45742e-06
 Reference value :  1.45812e-06
 Reference value :  1.45881e-06
 Reference value :  1.45946e-06
 Reference value :  1.46018e-06
 Reference value :  1.46085e-06
 Reference value :  1.46148e-06
 Reference value :  1.46214e-06
 Reference value :  1.46282e-06
 Reference value :  1.46354e-06
 Reference value :  1.46425e-06
 Reference value :  1.46493e-06
 Reference value :  1.46556e-06
 Reference value :  1.46624e-06
 Reference value :  1.46690e-06
 Reference value :  1.46756e-06
 Reference value :  1.46822e-06
 Reference value :  1.46893e-06
 Reference value :  1.46959e-06
 Reference value :  1.47025e-06
 Reference value :  1.47089e-06
 Reference value :  1.47152e-06
 Reference value :  1.47218e-06
 Reference value :  1.47285e-06
 Reference value :  1.47351e-06
 Reference value :  1.47416e-06
 Reference value :  1.47486e-06
 Reference value :  1.47553e-06
 Reference value :  1.47620e-06
 Reference value :  1.47693e-06
 Reference value :  1.47758e-06
 Reference value :  1.47823e-06
 Reference value :  1.47890e-06
 Reference value :  1.47956e-06
 Reference value :  1.48022e-06
 Reference value :  1.48091e-06
 Reference value :  1.48156e-06
 Reference value :  1.48219e-06
 Reference value :  1.48291e-06
 Reference value :  1.48354e-06
 Reference value :  1.48420e-06
 Reference value :  1.48487e-06
 Reference value :  1.48550e-06
 Reference value :  1.48617e-06
 Reference value :  1.48682e-06
 Reference value :  1.48751e-06
 Reference value :  1.48818e-06
 Reference value :  1.48885e-06
 Reference value :  1.48953e-06
 Reference value :  1.49016e-06
 Reference value :  1.49082e-06
 Reference value :  1.49147e-06
 Reference value :  1.49215e-06
 Reference value :  1.49283e-06
 Reference value :  1.49370e-06
 Reference value :  1.49432e-06
 Reference value :  1.49495e-06
 Reference value :  1.49561e-06
 Reference value :  1.49628e-06
 Reference value :  1.49697e-06
 Reference value :  1.49761e-06
 Reference value :  1.49830e-06
 Reference value :  1.49895e-06
 Reference value :  1.49962e-06
 Reference value :  1.50025e-06
 Reference value :  1.50095e-06
 Reference value :  1.50159e-06
 Reference value :  1.50227e-06
 Reference value :  1.50293e-06
 Reference value :  1.50360e-06
 Reference value :  1.50425e-06
 Reference value :  1.50489e-06
 Reference value :  1.50555e-06
 Reference value :  1.50622e-06
 Reference value :  1.50688e-06
 Reference value :  1.50752e-06
 Reference value :  1.50820e-06
 Reference value :  1.50885e-06
 Reference value :  1.50951e-06
 Reference value :  1.51021e-06
 Reference value :  1.51087e-06
 Reference value :  1.51154e-06
 Reference value :  1.51223e-06
 Reference value :  1.51290e-06
 Reference value :  1.51357e-06
 Reference value :  1.51427e-06
 Reference value :  1.51495e-06
 Reference value :  1.51560e-06
 Reference value :  1.51622e-06
 Reference value :  1.51689e-06
 Reference value :  1.51757e-06
 Reference value :  1.51820e-06
 Reference value :  1.51886e-06
 Reference value :  1.51950e-06
 Reference value :  1.52015e-06
 Reference value :  1.52081e-06
 Reference value :  1.52148e-06
 Reference value :  1.52213e-06
 Reference value :  1.52283e-06
 Reference value :  1.52351e-06
 Reference value :  1.52419e-06
 Reference value :  1.52493e-06
 Reference value :  1.52562e-06
 Reference value :  1.52639e-06
 Reference value :  1.52704e-06
 Reference value :  1.52767e-06
 Reference value :  1.52834e-06
 Reference value :  1.52897e-06
 Reference value :  1.52960e-06
 Reference value :  1.53030e-06
 Reference value :  1.53095e-06
 Reference value :  1.53165e-06
 Reference value :  1.53233e-06
 Reference value :  1.53298e-06
 Reference value :  1.53365e-06
 Reference value :  1.53435e-06
 Reference value :  1.53499e-06
 Reference value :  1.53566e-06
 Reference value :  1.53634e-06
 Reference value :  1.53701e-06
 Reference value :  1.53769e-06
 Reference value :  1.53837e-06
 Reference value :  1.53899e-06
 Reference value :  1.53967e-06
 Reference value :  1.54040e-06
 Reference value :  1.54105e-06
 Reference value :  1.54168e-06
 Reference value :  1.54236e-06
 Reference value :  1.54303e-06
 Reference value :  1.54369e-06
 Reference value :  1.54442e-06
 Reference value :  1.54508e-06
 Reference value :  1.54578e-06
 Reference value :  1.54647e-06
 Reference value :  1.54712e-06
 Reference value :  1.54774e-06
 Reference value :  1.54842e-06
 Reference value :  1.54909e-06
 Reference value :  1.54977e-06
 Reference value :  1.55045e-06
 Reference value :  1.55109e-06
 Reference value :  1.55178e-06
 Reference value :  1.55244e-06
 Reference value :  1.55313e-06
 Reference value :  1.55382e-06
 Reference value :  1.55449e-06
 Reference value :  1.55515e-06
 Reference value :  1.55581e-06
 Reference value :  1.55653e-06
 Reference value :  1.55723e-06
 Reference value :  1.55787e-06
 Reference value :  1.55857e-06
 Reference value :  1.55923e-06
 Reference value :  1.55987e-06
 Reference value :  1.56052e-06
 Reference value :  1.56115e-06
 Reference value :  1.56179e-06
 Reference value :  1.56251e-06
 Reference value :  1.56321e-06
 Reference value :  1.56390e-06
 Reference value :  1.56457e-06
 Reference value :  1.56526e-06
 Reference value :  1.56594e-06
 Reference value :  1.56659e-06
 Reference value :  1.56722e-06
 Reference value :  1.56789e-06
 Reference value :  1.56856e-06
 Reference value :  1.56920e-06
 Reference value :  1.56996e-06
 Reference value :  1.57064e-06
 Reference value :  1.57129e-06
 Reference value :  1.57196e-06
 Reference value :  1.57262e-06
 Reference value :  1.57335e-06
 Reference value :  1.57401e-06
 Reference value :  1.57475e-06
 Reference value :  1.57545e-06
 Reference value :  1.57615e-06
 Reference value :  1.57686e-06
 Reference value :  1.57750e-06
 Reference value :  1.57818e-06
 Reference value :  1.57888e-06
 Reference value :  1.57952e-06
 Reference value :  1.58014e-06
 Reference value :  1.58081e-06
 Reference value :  1.58148e-06
 Reference value :  1.58214e-06
 Reference value :  1.58280e-06
 Reference value :  1.58349e-06
 Reference value :  1.58412e-06
 Reference value :  1.58475e-06
 Reference value :  1.58542e-06
 Reference value :  1.58609e-06
 Reference value :  1.58675e-06
 Reference value :  1.58741e-06
 Reference value :  1.58809e-06
 Reference value :  1.58883e-06
 Reference value :  1.58957e-06
 Reference value :  1.59021e-06
 Reference value :  1.59083e-06
 Reference value :  1.59150e-06
 Reference value :  1.59219e-06
 Reference value :  1.59289e-06
 Reference value :  1.59356e-06
 Reference value :  1.59423e-06
 Reference value :  1.59490e-06
 Reference value :  1.59553e-06
 Reference value :  1.59624e-06
 Reference value :  1.59696e-06
 Reference value :  1.59768e-06
 Reference value :  1.59840e-06
 Reference value :  1.59911e-06
 Reference value :  1.59984e-06
 Reference value :  1.60057e-06
 Reference value :  1.60124e-06
 Reference value :  1.60190e-06
 Reference value :  1.60256e-06
 Reference value :  1.60320e-06
 Reference value :  1.60389e-06
 Reference value :  1.60464e-06
 Reference value :  1.60531e-06
 Reference value :  1.60598e-06
 Reference value :  1.60667e-06
 Reference value :  1.60730e-06
 Reference value :  1.60797e-06
 Reference value :  1.60865e-06
 Reference value :  1.60931e-06
 Reference value :  1.61000e-06
 Reference value :  1.61065e-06
 Reference value :  1.61133e-06
 Reference value :  1.61199e-06
 Reference value :  1.61265e-06
 Reference value :  1.61331e-06
 Reference value :  1.61397e-06
 Reference value :  1.61469e-06
 Reference value :  1.61536e-06
 Reference value :  1.61599e-06
 Reference value :  1.61666e-06
 Reference value :  1.61731e-06
 Reference value :  1.61800e-06
 Reference value :  1.61868e-06
 Reference value :  1.61933e-06
 Reference value :  1.62003e-06
 Reference value :  1.62070e-06
 Reference value :  1.62133e-06
 Reference value :  1.62196e-06
 Reference value :  1.62269e-06
 Reference value :  1.62332e-06
 Reference value :  1.62403e-06
 Reference value :  1.62469e-06
 Reference value :  1.62533e-06
 Reference value :  1.62600e-06
 Reference value :  1.62663e-06
 Reference value :  1.62726e-06
 Reference value :  1.62793e-06
 Reference value :  1.62861e-06
 Reference value :  1.62929e-06
 Reference value :  1.62998e-06
 Reference value :  1.63066e-06
 Reference value :  1.63132e-06
 Reference value :  1.63197e-06
 Reference value :  1.63263e-06
 Reference value :  1.63326e-06
 Reference value :  1.63391e-06
 Reference value :  1.63462e-06
 Reference value :  1.63527e-06
 Reference value :  1.63591e-06
 Reference value :  1.63660e-06
 Reference value :  1.63726e-06
 Reference value :  1.63794e-06
 Reference value :  1.63863e-06
 Reference value :  1.63926e-06
 Reference value :  1.63993e-06
 Reference value :  1.64065e-06
 Reference value :  1.64132e-06
 Reference value :  1.64201e-06
 Reference value :  1.64269e-06
 Reference value :  1.64335e-06
 Reference value :  1.64401e-06
 Reference value :  1.64468e-06
 Reference value :  1.64535e-06
 Reference value :  1.64606e-06
 Reference value :  1.64675e-06
 Reference value :  1.64751e-06
 Reference value :  1.64824e-06
 Reference value :  1.64891e-06
 Reference value :  1.64953e-06
 Reference value :  1.65020e-06
 Reference value :  1.65088e-06
 Reference value :  1.65156e-06
 Reference value :  1.65229e-06
 Reference value :  1.65298e-06
 Reference value :  1.65368e-06
 Reference value :  1.65450e-06
 Reference value :  1.65515e-06
 Reference value :  1.65586e-06
 Reference value :  1.65655e-06
 Reference value :  1.65720e-06
 Reference value :  1.65792e-06
 Reference value :  1.65866e-06
 Reference value :  1.65931e-06
 Reference value :  1.66004e-06
 Reference value :  1.66074e-06
 Reference value :  1.66145e-06
 Reference value :  1.66213e-06
 Reference value :  1.66277e-06
 Reference value :  1.66345e-06
 Reference value :  1.66415e-06
 Reference value :  1.66482e-06
 Reference value :  1.66555e-06
 Reference value :  1.66622e-06
 Reference value :  1.66697e-06
 Reference value :  1.66761e-06
 Reference value :  1.66826e-06
 Reference value :  1.66900e-06
 Reference value :  1.66971e-06
 Reference value :  1.67046e-06
 Reference value :  1.67113e-06
 Reference value :  1.67181e-06
 Reference value :  1.67258e-06
 Reference value :  1.67326e-06
 Reference value :  1.67396e-06
 Reference value :  1.67471e-06
 Reference value :  1.67538e-06
 Reference value :  1.67605e-06
 Reference value :  1.67679e-06
 Reference value :  1.67746e-06
 Reference value :  1.67816e-06
 Reference value :  1.67886e-06
 Reference value :  1.67957e-06
 Reference value :  1.68026e-06
 Reference value :  1.68092e-06
 Reference value :  1.68165e-06
 Reference value :  1.68234e-06
 Reference value :  1.68309e-06
 Reference value :  1.68383e-06
 Reference value :  1.68451e-06
 Reference value :  1.68522e-06
 Reference value :  1.68584e-06
 Reference value :  1.68653e-06
 Reference value :  1.68715e-06
 Reference value :  1.68780e-06
 Reference value :  1.68845e-06
 Reference value :  1.68915e-06
 Reference value :  1.68984e-06
 Reference value :  1.69050e-06
 Reference value :  1.69117e-06
 Reference value :  1.69182e-06
 Reference value :  1.69248e-06
 Reference value :  1.69311e-06
 Reference value :  1.69379e-06
 Reference value :  1.69445e-06
 Reference value :  1.69519e-06
 Reference value :  1.69591e-06
 Reference value :  1.69666e-06
 Reference value :  1.69736e-06
 Reference value :  1.69807e-06
 Reference value :  1.69876e-06
 Reference value :  1.69941e-06
 Reference value :  1.70005e-06
 Reference value :  1.70079e-06
 Reference value :  1.70142e-06
 Reference value :  1.70210e-06
 Reference value :  1.70279e-06
 Reference value :  1.70342e-06
 Reference value :  1.70407e-06
 Reference value :  1.70478e-06
 Reference value :  1.70546e-06
 Reference value :  1.70612e-06
 Reference value :  1.70685e-06
 Reference value :  1.70756e-06
 Reference value :  1.70823e-06
 Reference value :  1.70893e-06
 Reference value :  1.70961e-06
 Reference value :  1.71027e-06
 Reference value :  1.71098e-06
 Reference value :  1.71163e-06
 Reference value :  1.71230e-06
 Reference value :  1.71309e-06
 Reference value :  1.71379e-06
 Reference value :  1.71446e-06
 Reference value :  1.71516e-06
 Reference value :  1.71588e-06
 Reference value :  1.71654e-06
 Reference value :  1.71721e-06
 Reference value :  1.71789e-06
 Reference value :  1.71852e-06
 Reference value :  1.71921e-06
 Reference value :  1.71990e-06
 Reference value :  1.72057e-06
 Reference value :  1.72125e-06
 Reference value :  1.72193e-06
 Reference value :  1.72258e-06
 Reference value :  1.72328e-06
 Reference value :  1.72397e-06
 Reference value :  1.72463e-06
 Reference value :  1.72530e-06
 Reference value :  1.72602e-06
 Reference value :  1.72668e-06
 Reference value :  1.72740e-06
 Reference value :  1.72807e-06
 Reference value :  1.72876e-06
 Reference value :  1.72949e-06
 Reference value :  1.73024e-06
 Reference value :  1.73093e-06
 Reference value :  1.73157e-06
 Reference value :  1.73224e-06
 Reference value :  1.73295e-06
 Reference value :  1.73360e-06
 Reference value :  1.73425e-06
 Reference value :  1.73496e-06
 Reference value :  1.73558e-06
 Reference value :  1.73621e-06
 Reference value :  1.73688e-06
 Reference value :  1.73757e-06
 Reference value :  1.73824e-06
 Reference value :  1.73893e-06
 Reference value :  1.73966e-06
 Reference value :  1.74031e-06
 Reference value :  1.74101e-06
 Reference value :  1.74168e-06
 Reference value :  1.74231e-06
 Reference value :  1.74299e-06
 Reference value :  1.74367e-06
 Reference value :  1.74432e-06
 Reference value :  1.74499e-06
 Reference value :  1.74566e-06
 Reference value :  1.74630e-06
 Reference value :  1.74694e-06
 Reference value :  1.74763e-06
 Reference value :  1.74826e-06
 Reference value :  1.74893e-06
 Reference value :  1.74959e-06
 Reference value :  1.75026e-06
 Reference value :  1.75088e-06
 Reference value :  1.75154e-06
 Reference value :  1.75218e-06
 Reference value :  1.75285e-06
 Reference value :  1.75353e-06
 Reference value :  1.75419e-06
 Reference value :  1.75482e-06
 Reference value :  1.75549e-06
 Reference value :  1.75616e-06
 Reference value :  1.75689e-06
 Reference value :  1.75755e-06
 Reference value :  1.75822e-06
 Reference value :  1.75903e-06
 Reference value :  1.75968e-06
 Reference value :  1.76033e-06
 Reference value :  1.76101e-06
 Reference value :  1.76166e-06
 Reference value :  1.76235e-06
 Reference value :  1.76305e-06
 Reference value :  1.76374e-06
 Reference value :  1.76443e-06
 Reference value :  1.76516e-06
 Reference value :  1.76581e-06
 Reference value :  1.76646e-06
 Reference value :  1.76715e-06
 Reference value :  1.76778e-06
 Reference value :  1.76841e-06
 Reference value :  1.76912e-06
 Reference value :  1.76983e-06
 Reference value :  1.77050e-06
 Reference value :  1.77119e-06
 Reference value :  1.77191e-06
 Reference value :  1.77263e-06
 Reference value :  1.77335e-06
 Reference value :  1.77401e-06
 Reference value :  1.77468e-06
 Reference value :  1.77537e-06
 Reference value :  1.77603e-06
 Reference value :  1.77667e-06
 Reference value :  1.77734e-06
 Reference value :  1.77800e-06
 Reference value :  1.77870e-06
 Reference value :  1.77940e-06
 Reference value :  1.78012e-06
 Reference value :  1.78079e-06
 Reference value :  1.78144e-06
 Reference value :  1.78208e-06
 Reference value :  1.78273e-06
 Reference value :  1.78338e-06
 Reference value :  1.78406e-06
 Reference value :  1.78473e-06
 Reference value :  1.78542e-06
 Reference value :  1.78629e-06
 Reference value :  1.78694e-06
 Reference value :  1.78759e-06
 Reference value :  1.78828e-06
 Reference value :  1.78893e-06
 Reference value :  1.78959e-06
 Reference value :  1.79028e-06
 Reference value :  1.79096e-06
 Reference value :  1.79163e-06
 Reference value :  1.79231e-06
 Reference value :  1.79300e-06
 Reference value :  1.79375e-06
 Reference value :  1.79447e-06
 Reference value :  1.79519e-06
 Reference value :  1.79588e-06
 Reference value :  1.79654e-06
 Reference value :  1.79724e-06
 Reference value :  1.79796e-06
 Reference value :  1.79863e-06
 Reference value :  1.79929e-06
 Reference value :  1.79996e-06
 Reference value :  1.80059e-06
 Reference value :  1.80122e-06
 Reference value :  1.80191e-06
 Reference value :  1.80258e-06
 Reference value :  1.80323e-06
 Reference value :  1.80408e-06
 Reference value :  1.80480e-06
 Reference value :  1.80546e-06
 Reference value :  1.80614e-06
 Reference value :  1.80681e-06
 Reference value :  1.80751e-06
 Reference value :  1.80816e-06
 Reference value :  1.80882e-06
 Reference value :  1.80951e-06
 Reference value :  1.81027e-06
 Reference value :  1.81094e-06
 Reference value :  1.81163e-06
 Reference value :  1.81232e-06
 Reference value :  1.81298e-06
 Reference value :  1.81367e-06
 Reference value :  1.81435e-06
 Reference value :  1.81505e-06
 Reference value :  1.81577e-06
 Reference value :  1.81647e-06
 Reference value :  1.81712e-06
 Reference value :  1.81777e-06
 Reference value :  1.81847e-06
 Reference value :  1.81914e-06
 Reference value :  1.81984e-06
 Reference value :  1.82049e-06
 Reference value :  1.82117e-06
 Reference value :  1.82185e-06
 Reference value :  1.82253e-06
 Reference value :  1.82317e-06
 Reference value :  1.82388e-06
 Reference value :  1.82455e-06
 Reference value :  1.82521e-06
 Reference value :  1.82588e-06
 Reference value :  1.82655e-06
 Reference value :  1.82722e-06
 Reference value :  1.82790e-06
 Reference value :  1.82855e-06
 Reference value :  1.82923e-06
 Reference value :  1.82992e-06
 Reference value :  1.83058e-06
 Reference value :  1.83126e-06
 Reference value :  1.83193e-06
 Reference value :  1.83256e-06
 Reference value :  1.83326e-06
 Reference value :  1.83391e-06
 Reference value :  1.83458e-06
 Reference value :  1.83528e-06
 Reference value :  1.83592e-06
 Reference value :  1.83657e-06
 Reference value :  1.83725e-06
 Reference value :  1.83791e-06
 Reference value :  1.83861e-06
 Reference value :  1.83932e-06
 Reference value :  1.84000e-06
 Reference value :  1.84067e-06
 Reference value :  1.84133e-06
 Reference value :  1.84202e-06
 Reference value :  1.84268e-06
 Reference value :  1.84331e-06
 Reference value :  1.84400e-06
 Reference value :  1.84468e-06
 Reference value :  1.84533e-06
 Reference value :  1.84605e-06
 Reference value :  1.84680e-06
 Reference value :  1.84748e-06
 Reference value :  1.84820e-06
 Reference value :  1.84888e-06
 Reference value :  1.84955e-06
 Reference value :  1.85037e-06
 Reference value :  1.85104e-06
 Reference value :  1.85172e-06
 Reference value :  1.85239e-06
 Reference value :  1.85311e-06
 Reference value :  1.85381e-06
 Reference value :  1.85447e-06
 Reference value :  1.85512e-06
 Reference value :  1.85579e-06
 Reference value :  1.85647e-06
 Reference value :  1.85713e-06
 Reference value :  1.85782e-06
 Reference value :  1.85845e-06
 Reference value :  1.85914e-06
 Reference value :  1.85983e-06
 Reference value :  1.86049e-06
 Reference value :  1.86115e-06
 Reference value :  1.86178e-06
 Reference value :  1.86247e-06
 Reference value :  1.86316e-06
 Reference value :  1.86382e-06
 Reference value :  1.86480e-06
 Reference value :  1.86595e-06
 Reference value :  1.86709e-06
 Reference value :  1.86832e-06
 Reference value :  1.86916e-06
 Reference value :  1.86982e-06
 Reference value :  1.87047e-06
 Reference value :  1.87113e-06
 Reference value :  1.87183e-06
 Reference value :  1.87257e-06
 Reference value :  1.87324e-06
 Reference value :  1.87393e-06
 Reference value :  1.87457e-06
 Reference value :  1.87523e-06
 Reference value :  1.87589e-06
 Reference value :  1.87659e-06
 Reference value :  1.87728e-06
 Reference value :  1.87792e-06
 Reference value :  1.87858e-06
 Reference value :  1.87924e-06
 Reference value :  1.87987e-06
 Reference value :  1.88051e-06
 Reference value :  1.88116e-06
 Reference value :  1.88179e-06
 Reference value :  1.88249e-06
 Reference value :  1.88317e-06
 Reference value :  1.88384e-06
 Reference value :  1.88449e-06
 Reference value :  1.88517e-06
 Reference value :  1.88584e-06
 Reference value :  1.88649e-06
 Reference value :  1.88715e-06
 Reference value :  1.88786e-06
 Reference value :  1.88866e-06
 Reference value :  1.88941e-06
 Reference value :  1.89019e-06
 Reference value :  1.89088e-06
 Reference value :  1.89155e-06
 Reference value :  1.89230e-06
 Reference value :  1.89299e-06
 Reference value :  1.89370e-06
 Reference value :  1.89446e-06
 Reference value :  1.89520e-06
 Reference value :  1.89590e-06
 Reference value :  1.89671e-06
 Reference value :  1.89733e-06
 Reference value :  1.89810e-06
 Reference value :  1.89889e-06
 Reference value :  1.89960e-06
 Reference value :  1.90026e-06
 Reference value :  1.90095e-06
 Reference value :  1.90172e-06
 Reference value :  1.90246e-06
 Reference value :  1.90319e-06
 Reference value :  1.90387e-06
 Reference value :  1.90465e-06
 Reference value :  1.90532e-06
 Reference value :  1.90604e-06
 Reference value :  1.90670e-06
 Reference value :  1.90737e-06
 Reference value :  1.90812e-06
 Reference value :  1.90887e-06
 Reference value :  1.90956e-06
 Reference value :  1.91027e-06
 Reference value :  1.91114e-06
 Reference value :  1.91183e-06
 Reference value :  1.91258e-06
 Reference value :  1.91322e-06
 Reference value :  1.91396e-06
 Reference value :  1.91475e-06
 Reference value :  1.91546e-06
 Reference value :  1.91621e-06
 Reference value :  1.91701e-06
 Reference value :  1.91774e-06
 Reference value :  1.91845e-06
 Reference value :  1.91915e-06
 Reference value :  1.91987e-06
 Reference value :  1.92051e-06
 Reference value :  1.92118e-06
 Reference value :  1.92181e-06
 Reference value :  1.92248e-06
 Reference value :  1.92321e-06
 Reference value :  1.92386e-06
 Reference value :  1.92451e-06
 Reference value :  1.92517e-06
 Reference value :  1.92582e-06
 Reference value :  1.92647e-06
 Reference value :  1.92716e-06
 Reference value :  1.92782e-06
 Reference value :  1.92849e-06
 Reference value :  1.92919e-06
 Reference value :  1.92984e-06
 Reference value :  1.93050e-06
 Reference value :  1.93117e-06
 Reference value :  1.93181e-06
 Reference value :  1.93250e-06
 Reference value :  1.93318e-06
 Reference value :  1.93385e-06
 Reference value :  1.93449e-06
 Reference value :  1.93517e-06
 Reference value :  1.93579e-06
 Reference value :  1.93650e-06
 Reference value :  1.93720e-06
 Reference value :  1.93784e-06
 Reference value :  1.93853e-06
 Reference value :  1.93920e-06
 Reference value :  1.93988e-06
 Reference value :  1.94051e-06
 Reference value :  1.94117e-06
 Reference value :  1.94181e-06
 Reference value :  1.94254e-06
 Reference value :  1.94321e-06
 Reference value :  1.94390e-06
 Reference value :  1.94460e-06
 Reference value :  1.94528e-06
 Reference value :  1.94593e-06
 Reference value :  1.94664e-06
 Reference value :  1.94727e-06
 Reference value :  1.94797e-06
 Reference value :  1.94865e-06
 Reference value :  1.94931e-06
 Reference value :  1.95011e-06
 Reference value :  1.95081e-06
 Reference value :  1.95146e-06
 Reference value :  1.95220e-06
 Reference value :  1.95286e-06
 Reference value :  1.95351e-06
 Reference value :  1.95420e-06
 Reference value :  1.95487e-06
 Reference value :  1.95558e-06
 Reference value :  1.95628e-06
 Reference value :  1.95697e-06
 Reference value :  1.95783e-06
 Reference value :  1.95848e-06
 Reference value :  1.95917e-06
 Reference value :  1.95985e-06
 Reference value :  1.96050e-06
 Reference value :  1.96120e-06
 Reference value :  1.96189e-06
 Reference value :  1.96252e-06
 Reference value :  1.96324e-06
 Reference value :  1.96393e-06
 Reference value :  1.96458e-06
 Reference value :  1.96526e-06
 Reference value :  1.96591e-06
 Reference value :  1.96655e-06
 Reference value :  1.96722e-06
 Reference value :  1.96788e-06
 Reference value :  1.96850e-06
 Reference value :  1.96917e-06
 Reference value :  1.96979e-06
 Reference value :  1.97049e-06
 Reference value :  1.97116e-06
 Reference value :  1.97186e-06
 Reference value :  1.97250e-06
 Reference value :  1.97322e-06
 Reference value :  1.97392e-06
 Reference value :  1.97459e-06
 Reference value :  1.97523e-06
 Reference value :  1.97596e-06
 Reference value :  1.97668e-06
 Reference value :  1.97736e-06
 Reference value :  1.97807e-06
 Reference value :  1.97874e-06
 Reference value :  1.97947e-06
 Reference value :  1.98014e-06
 Reference value :  1.98099e-06
 Reference value :  1.98165e-06
 Reference value :  1.98234e-06
 Reference value :  1.98302e-06
 Reference value :  1.98371e-06
 Reference value :  1.98443e-06
 Reference value :  1.98513e-06
 Reference value :  1.98588e-06
 Reference value :  1.98654e-06
 Reference value :  1.98724e-06
 Reference value :  1.98794e-06
 Reference value :  1.98858e-06
 Reference value :  1.98924e-06
 Reference value :  1.99009e-06
 Reference value :  1.99086e-06
 Reference value :  1.99154e-06
 Reference value :  1.99226e-06
 Reference value :  1.99297e-06
 Reference value :  1.99374e-06
 Reference value :  1.99451e-06
 Reference value :  1.99524e-06
 Reference value :  1.99603e-06
 Reference value :  1.99670e-06
 Reference value :  1.99738e-06
 Reference value :  1.99815e-06
 Reference value :  1.99888e-06
 Reference value :  1.99963e-06
 Reference value :  2.00031e-06
 Reference value :  2.00107e-06
 Reference value :  2.00179e-06
 Reference value :  2.00244e-06
 Reference value :  2.00321e-06
 Reference value :  2.00386e-06
 Reference value :  2.00458e-06
 Reference value :  2.00525e-06
 Reference value :  2.00596e-06
 Reference value :  2.00667e-06
 Reference value :  2.00749e-06
 Reference value :  2.00815e-06
 Reference value :  2.00886e-06
 Reference value :  2.00958e-06
 Reference value :  2.01029e-06
 Reference value :  2.01110e-06
 Reference value :  2.01184e-06
 Reference value :  2.01251e-06
 Reference value :  2.01319e-06
 Reference value :  2.01391e-06
 Reference value :  2.01454e-06
 Reference value :  2.01525e-06
 Reference value :  2.01589e-06
 Reference value :  2.01651e-06
 Reference value :  2.01716e-06
 Reference value :  2.01784e-06
 Reference value :  2.01862e-06
 Reference value :  2.01941e-06
 Reference value :  2.02012e-06
 Reference value :  2.02085e-06
 Reference value :  2.02151e-06
 Reference value :  2.02230e-06
 Reference value :  2.02296e-06
 Reference value :  2.02363e-06
 Reference value :  2.02435e-06
 Reference value :  2.02505e-06
 Reference value :  2.02572e-06
 Reference value :  2.02637e-06
 Reference value :  2.02703e-06
 Reference value :  2.02769e-06
 Reference value :  2.02836e-06
 Reference value :  2.02903e-06
 Reference value :  2.02968e-06
 Reference value :  2.03032e-06
 Reference value :  2.03097e-06
 Reference value :  2.03164e-06
 Reference value :  2.03231e-06
 Reference value :  2.03293e-06
 Reference value :  2.03362e-06
 Reference value :  2.03429e-06
 Reference value :  2.03499e-06
 Reference value :  2.03566e-06
 Reference value :  2.03636e-06
 Reference value :  2.03704e-06
 Reference value :  2.03773e-06
 Reference value :  2.03837e-06
 Reference value :  2.03902e-06
 Reference value :  2.03971e-06
 Reference value :  2.04036e-06
 Reference value :  2.04108e-06
 Reference value :  2.04178e-06
 Reference value :  2.04246e-06
 Reference value :  2.04318e-06
 Reference value :  2.04388e-06
 Reference value :  2.04455e-06
 Reference value :  2.04525e-06
 Reference value :  2.04592e-06
 Reference value :  2.04660e-06
 Reference value :  2.04725e-06
 Reference value :  2.04805e-06
 Reference value :  2.04869e-06
 Reference value :  2.04935e-06
 Reference value :  2.05010e-06
 Reference value :  2.05075e-06
 Reference value :  2.05141e-06
 Reference value :  2.05209e-06
 Reference value :  2.05272e-06
 Reference value :  2.05337e-06
 Reference value :  2.05403e-06
 Reference value :  2.05472e-06
 Reference value :  2.05538e-06
 Reference value :  2.05602e-06
 Reference value :  2.05671e-06
 Reference value :  2.05734e-06
 Reference value :  2.05803e-06
 Reference value :  2.05871e-06
 Reference value :  2.05937e-06
 Reference value :  2.06008e-06
 Reference value :  2.06075e-06
 Reference value :  2.06140e-06
 Reference value :  2.06206e-06
 Reference value :  2.06271e-06
 Reference value :  2.06336e-06
 Reference value :  2.06405e-06
 Reference value :  2.06476e-06
 Reference value :  2.06541e-06
 Reference value :  2.06606e-06
 Reference value :  2.06672e-06
 Reference value :  2.06741e-06
 Reference value :  2.06813e-06
 Reference value :  2.06880e-06
 Reference value :  2.06947e-06
 Reference value :  2.07013e-06
 Reference value :  2.07077e-06
 Reference value :  2.07141e-06
 Reference value :  2.07208e-06
 Reference value :  2.07274e-06
 Reference value :  2.07340e-06
 Reference value :  2.07406e-06
 Reference value :  2.07475e-06
 Reference value :  2.07539e-06
 Reference value :  2.07606e-06
 Reference value :  2.07671e-06
 Reference value :  2.07738e-06
 Reference value :  2.07805e-06
 Reference value :  2.07873e-06
 Reference value :  2.07940e-06
 Reference value :  2.08005e-06
 Reference value :  2.08071e-06
 Reference value :  2.08139e-06
 Reference value :  2.08205e-06
 Reference value :  2.08270e-06
 Reference value :  2.08340e-06
 Reference value :  2.08406e-06
 Reference value :  2.08474e-06
 Reference value :  2.08546e-06
 Reference value :  2.08612e-06
 Reference value :  2.08680e-06
 Reference value :  2.08747e-06
 Reference value :  2.08817e-06
 Reference value :  2.08893e-06
 Reference value :  2.08965e-06
 Reference value :  2.09032e-06
 Reference value :  2.09104e-06
 Reference value :  2.09169e-06
 Reference value :  2.09237e-06
 Reference value :  2.09304e-06
 Reference value :  2.09369e-06
 Reference value :  2.09436e-06
 Reference value :  2.09502e-06
 Reference value :  2.09567e-06
 Reference value :  2.09633e-06
 Reference value :  2.09703e-06
 Reference value :  2.09771e-06
 Reference value :  2.09838e-06
 Reference value :  2.09903e-06
 Reference value :  2.09974e-06
 Reference value :  2.10039e-06
 Reference value :  2.10104e-06
 Reference value :  2.10173e-06
 Reference value :  2.10244e-06
 Reference value :  2.10314e-06
 Reference value :  2.10388e-06
 Reference value :  2.10456e-06
 Reference value :  2.10526e-06
 Reference value :  2.10595e-06
 Reference value :  2.10665e-06
 Reference value :  2.10731e-06
 Reference value :  2.10800e-06
 Reference value :  2.10866e-06
 Reference value :  2.10935e-06
 Reference value :  2.10999e-06
 Reference value :  2.11069e-06
 Reference value :  2.11138e-06
 Reference value :  2.11217e-06
 Reference value :  2.11311e-06
 Reference value :  2.11380e-06
 Reference value :  2.11448e-06
 Reference value :  2.11517e-06
 Reference value :  2.11585e-06
 Reference value :  2.11655e-06
 Reference value :  2.11724e-06
 Reference value :  2.11796e-06
 Reference value :  2.11863e-06
 Reference value :  2.11936e-06
 Reference value :  2.12008e-06
 Reference value :  2.12077e-06
 Reference value :  2.12143e-06
 Reference value :  2.12209e-06
 Reference value :  2.12276e-06
 Reference value :  2.12349e-06
 Reference value :  2.12419e-06
 Reference value :  2.12489e-06
 Reference value :  2.12558e-06
 Reference value :  2.12629e-06
 Reference value :  2.12701e-06
 Reference value :  2.12773e-06
 Reference value :  2.12842e-06
 Reference value :  2.12909e-06
 Reference value :  2.12975e-06
 Reference value :  2.13040e-06
 Reference value :  2.13107e-06
 Reference value :  2.13177e-06
 Reference value :  2.13249e-06
 Reference value :  2.13317e-06
 Reference value :  2.13386e-06
 Reference value :  2.13453e-06
 Reference value :  2.13520e-06
 Reference value :  2.13590e-06
 Reference value :  2.13660e-06
 Reference value :  2.13732e-06
 Reference value :  2.13803e-06
 Reference value :  2.13872e-06
 Reference value :  2.13944e-06
 Reference value :  2.14014e-06
 Reference value :  2.14083e-06
 Reference value :  2.14156e-06
 Reference value :  2.14225e-06
 Reference value :  2.14295e-06
 Reference value :  2.14365e-06
 Reference value :  2.14440e-06
 Reference value :  2.14505e-06
 Reference value :  2.14575e-06
 Reference value :  2.14644e-06
 Reference value :  2.14714e-06
 Reference value :  2.14783e-06
 Reference value :  2.14854e-06
 Reference value :  2.14922e-06
 Reference value :  2.14996e-06
 Reference value :  2.15065e-06
 Reference value :  2.15136e-06
 Reference value :  2.15206e-06
 Reference value :  2.15271e-06
 Reference value :  2.15338e-06
 Reference value :  2.15407e-06
 Reference value :  2.15472e-06
 Reference value :  2.15545e-06
 Reference value :  2.15611e-06
 Reference value :  2.15687e-06
 Reference value :  2.15755e-06
 Reference value :  2.15823e-06
 Reference value :  2.15891e-06
 Reference value :  2.15977e-06
 Reference value :  2.16045e-06
 Reference value :  2.16113e-06
 Reference value :  2.16186e-06
 Reference value :  2.16249e-06
 Reference value :  2.16315e-06
 Reference value :  2.16379e-06
 Reference value :  2.16447e-06
 Reference value :  2.16512e-06
 Reference value :  2.16581e-06
 Reference value :  2.16653e-06
 Reference value :  2.16722e-06
 Reference value :  2.16794e-06
 Reference value :  2.16861e-06
 Reference value :  2.16925e-06
 Reference value :  2.16991e-06
 Reference value :  2.17055e-06
 Reference value :  2.17121e-06
 Reference value :  2.17193e-06
 Reference value :  2.17267e-06
 Reference value :  2.17332e-06
 Reference value :  2.17403e-06
 Reference value :  2.17475e-06
 Reference value :  2.17543e-06
 Reference value :  2.17607e-06
 Reference value :  2.17678e-06
 Reference value :  2.17744e-06
 Reference value :  2.17811e-06
 Reference value :  2.17879e-06
 Reference value :  2.17950e-06
 Reference value :  2.18020e-06
 Reference value :  2.18089e-06
 Reference value :  2.18159e-06
 Reference value :  2.18234e-06
 Reference value :  2.18304e-06
 Reference value :  2.18371e-06
 Reference value :  2.18440e-06
 Reference value :  2.18512e-06
 Reference value :  2.18582e-06
 Reference value :  2.18648e-06
 Reference value :  2.18714e-06
 Reference value :  2.18778e-06
 Reference value :  2.18844e-06
 Reference value :  2.18908e-06
 Reference value :  2.18976e-06
 Reference value :  2.19043e-06
 Reference value :  2.19108e-06
 Reference value :  2.19171e-06
 Reference value :  2.19237e-06
 Reference value :  2.19303e-06
 Reference value :  2.19365e-06
 Reference value :  2.19431e-06
 Reference value :  2.19497e-06
 Reference value :  2.19564e-06
 Reference value :  2.19629e-06
 Reference value :  2.19699e-06
 Reference value :  2.19764e-06
 Reference value :  2.19832e-06
 Reference value :  2.19896e-06
 Reference value :  2.19962e-06
 Reference value :  2.20028e-06
 Reference value :  2.20094e-06
 Reference value :  2.20157e-06
 Reference value :  2.20220e-06
 Reference value :  2.20285e-06
 Reference value :  2.20349e-06
 Reference value :  2.20413e-06
 Reference value :  2.20479e-06
 Reference value :  2.20548e-06
 Reference value :  2.20613e-06
 Reference value :  2.20677e-06
 Reference value :  2.20744e-06
 Reference value :  2.20807e-06
 Reference value :  2.20874e-06
 Reference value :  2.20939e-06
 Reference value :  2.21004e-06
 Reference value :  2.21074e-06
 Reference value :  2.21143e-06
 Reference value :  2.21209e-06
 Reference value :  2.21279e-06
 Reference value :  2.21346e-06
 Reference value :  2.21413e-06
 Reference value :  2.21477e-06
 Reference value :  2.21546e-06
 Reference value :  2.21608e-06
 Reference value :  2.21674e-06
 Reference value :  2.21743e-06
 Reference value :  2.21812e-06
 Reference value :  2.21882e-06
 Reference value :  2.21952e-06
 Reference value :  2.22016e-06
 Reference value :  2.22082e-06
 Reference value :  2.22147e-06
 Reference value :  2.22215e-06
 Reference value :  2.22278e-06
 Reference value :  2.22346e-06
 Reference value :  2.22411e-06
 Reference value :  2.22475e-06
 Reference value :  2.22546e-06
 Reference value :  2.22613e-06
 Reference value :  2.22676e-06
 Reference value :  2.22743e-06
 Reference value :  2.22807e-06
 Reference value :  2.22870e-06
 Reference value :  2.22942e-06
 Reference value :  2.23006e-06
 Reference value :  2.23075e-06
 Reference value :  2.23140e-06
 Reference value :  2.23208e-06
 Reference value :  2.23275e-06
 Reference value :  2.23342e-06
 Reference value :  2.23408e-06
 Reference value :  2.23472e-06
 Reference value :  2.23541e-06
 Reference value :  2.23610e-06
 Reference value :  2.23678e-06
 Reference value :  2.23747e-06
 Reference value :  2.23815e-06
 Reference value :  2.23878e-06
 Reference value :  2.23959e-06
 Reference value :  2.24032e-06
 Reference value :  2.24100e-06
 Reference value :  2.24167e-06
 Reference value :  2.24235e-06
 Reference value :  2.24301e-06
 Reference value :  2.24366e-06
 Reference value :  2.24433e-06
 Reference value :  2.24502e-06
 Reference value :  2.24573e-06
 Reference value :  2.24642e-06
 Reference value :  2.24717e-06
 Reference value :  2.24785e-06
 Reference value :  2.24849e-06
 Reference value :  2.24917e-06
 Reference value :  2.24982e-06
 Reference value :  2.25046e-06
 Reference value :  2.25111e-06
 Reference value :  2.25181e-06
 Reference value :  2.25252e-06
 Reference value :  2.25322e-06
 Reference value :  2.25391e-06
 Reference value :  2.25463e-06
 Reference value :  2.25528e-06
 Reference value :  2.25600e-06
 Reference value :  2.25666e-06
 Reference value :  2.25732e-06
 Reference value :  2.25798e-06
 Reference value :  2.25869e-06
 Reference value :  2.25936e-06
 Reference value :  2.26009e-06
 Reference value :  2.26074e-06
 Reference value :  2.26139e-06
 Reference value :  2.26204e-06
 Reference value :  2.26266e-06
 Reference value :  2.26331e-06
 Reference value :  2.26397e-06
 Reference value :  2.26464e-06
 Reference value :  2.26534e-06
 Reference value :  2.26602e-06
 Reference value :  2.26672e-06
 Reference value :  2.26746e-06
 Reference value :  2.26814e-06
 Reference value :  2.26882e-06
 Reference value :  2.26949e-06
 Reference value :  2.27014e-06
 Reference value :  2.27088e-06
 Reference value :  2.27157e-06
 Reference value :  2.27226e-06
 Reference value :  2.27294e-06
 Reference value :  2.27360e-06
 Reference value :  2.27430e-06
 Reference value :  2.27495e-06
 Reference value :  2.27559e-06
 Reference value :  2.27628e-06
 Reference value :  2.27693e-06
 Reference value :  2.27758e-06
 Reference value :  2.27825e-06
 Reference value :  2.27891e-06
 Reference value :  2.27963e-06
 Reference value :  2.28031e-06
 Reference value :  2.28100e-06
 Reference value :  2.28166e-06
 Reference value :  2.28233e-06
 Reference value :  2.28299e-06
 Reference value :  2.28367e-06
 Reference value :  2.28432e-06
 Reference value :  2.28497e-06
 Reference value :  2.28575e-06
 Reference value :  2.28645e-06
 Reference value :  2.28715e-06
 Reference value :  2.28783e-06
 Reference value :  2.28852e-06
 Reference value :  2.28924e-06
 Reference value :  2.28992e-06
 Reference value :  2.29066e-06
 Reference value :  2.29134e-06
 Reference value :  2.29199e-06
 Reference value :  2.29267e-06
 Reference value :  2.29334e-06
 Reference value :  2.29404e-06
 Reference value :  2.29473e-06
 Reference value :  2.29544e-06
 Reference value :  2.29616e-06
 Reference value :  2.29685e-06
 Reference value :  2.29746e-06
 Reference value :  2.29815e-06
 Reference value :  2.29885e-06
 Reference value :  2.29945e-06
 Reference value :  2.30015e-06
 Reference value :  2.30081e-06
 Reference value :  2.30145e-06
 Reference value :  2.30207e-06
 Reference value :  2.30270e-06
 Reference value :  2.30335e-06
 Reference value :  2.30401e-06
 Reference value :  2.30470e-06
 Reference value :  2.30542e-06
 Reference value :  2.30621e-06
 Reference value :  2.30688e-06
 Reference value :  2.30755e-06
 Reference value :  2.30821e-06
 Reference value :  2.30902e-06
 Reference value :  2.30968e-06
 Reference value :  2.31031e-06
 Reference value :  2.31109e-06
 Reference value :  2.31175e-06
 Reference value :  2.31242e-06
 Reference value :  2.31309e-06
 Reference value :  2.31384e-06
 Reference value :  2.31448e-06
 Reference value :  2.31516e-06
 Reference value :  2.31581e-06
 Reference value :  2.31650e-06
 Reference value :  2.31717e-06
 Reference value :  2.31794e-06
 Reference value :  2.31858e-06
 Reference value :  2.31923e-06
 Reference value :  2.31990e-06
 Reference value :  2.32057e-06
 Reference value :  2.32121e-06
 Reference value :  2.32192e-06
 Reference value :  2.32263e-06
 Reference value :  2.32329e-06
 Reference value :  2.32393e-06
 Reference value :  2.32464e-06
 Reference value :  2.32535e-06
 Reference value :  2.32600e-06
 Reference value :  2.32667e-06
 Reference value :  2.32736e-06
 Reference value :  2.32800e-06
 Reference value :  2.32865e-06
 Reference value :  2.32931e-06
 Reference value :  2.32995e-06
 Reference value :  2.33059e-06
 Reference value :  2.33126e-06
 Reference value :  2.33191e-06
 Reference value :  2.33259e-06
 Reference value :  2.33326e-06
 Reference value :  2.33393e-06
 Reference value :  2.33465e-06
 Reference value :  2.33532e-06
 Reference value :  2.33598e-06
 Reference value :  2.33665e-06
 Reference value :  2.33731e-06
 Reference value :  2.33795e-06
 Reference value :  2.33859e-06
 Reference value :  2.33926e-06
 Reference value :  2.33996e-06
 Reference value :  2.34062e-06
 Reference value :  2.34128e-06
 Reference value :  2.34198e-06
 Reference value :  2.34263e-06
 Reference value :  2.34327e-06
 Reference value :  2.34396e-06
 Reference value :  2.34469e-06
 Reference value :  2.34541e-06
 Reference value :  2.34609e-06
 Reference value :  2.34683e-06
 Reference value :  2.34767e-06
 Reference value :  2.34832e-06
 Reference value :  2.34903e-06
 Reference value :  2.34969e-06
 Reference value :  2.35034e-06
 Reference value :  2.35100e-06
 Reference value :  2.35165e-06
 Reference value :  2.35233e-06
 Reference value :  2.35299e-06
 Reference value :  2.35369e-06
 Reference value :  2.35434e-06
 Reference value :  2.35500e-06
 Reference value :  2.35565e-06
 Reference value :  2.35632e-06
 Reference value :  2.35698e-06
 Reference value :  2.35769e-06
 Reference value :  2.35833e-06
 Reference value :  2.35908e-06
 Reference value :  2.35973e-06
 Reference value :  2.36039e-06
 Reference value :  2.36109e-06
 Reference value :  2.36176e-06
 Reference value :  2.36252e-06
 Reference value :  2.36323e-06
 Reference value :  2.36395e-06
 Reference value :  2.36463e-06
 Reference value :  2.36529e-06
 Reference value :  2.36599e-06
 Reference value :  2.36667e-06
 Reference value :  2.36736e-06
 Reference value :  2.36808e-06
 Reference value :  2.36880e-06
 Reference value :  2.36944e-06
 Reference value :  2.37022e-06
 Reference value :  2.37091e-06
 Reference value :  2.37158e-06
 Reference value :  2.37227e-06
 Reference value :  2.37302e-06
 Reference value :  2.37376e-06
 Reference value :  2.37444e-06
 Reference value :  2.37514e-06
 Reference value :  2.37587e-06
 Reference value :  2.37657e-06
 Reference value :  2.37729e-06
 Reference value :  2.37797e-06
 Reference value :  2.37878e-06
 Reference value :  2.37944e-06
 Reference value :  2.38008e-06
 Reference value :  2.38080e-06
 Reference value :  2.38144e-06
 Reference value :  2.38218e-06
 Reference value :  2.38286e-06
 Reference value :  2.38352e-06
 Reference value :  2.38415e-06
 Reference value :  2.38484e-06
 Reference value :  2.38553e-06
 Reference value :  2.38616e-06
 Reference value :  2.38683e-06
 Reference value :  2.38748e-06
 Reference value :  2.38818e-06
 Reference value :  2.38884e-06
 Reference value :  2.38951e-06
 Reference value :  2.39017e-06
 Reference value :  2.39083e-06
 Reference value :  2.39152e-06
 Reference value :  2.39226e-06
 Reference value :  2.39290e-06
 Reference value :  2.39358e-06
 Reference value :  2.39427e-06
 Reference value :  2.39493e-06
 Reference value :  2.39561e-06
 Reference value :  2.39630e-06
 Reference value :  2.39697e-06
 Reference value :  2.39764e-06
 Reference value :  2.39830e-06
 Reference value :  2.39899e-06
 Reference value :  2.39963e-06
 Reference value :  2.40026e-06
 Reference value :  2.40093e-06
 Reference value :  2.40158e-06
 Reference value :  2.40221e-06
 Reference value :  2.40290e-06
 Reference value :  2.40357e-06
 Reference value :  2.40426e-06
 Reference value :  2.40496e-06
 Reference value :  2.40563e-06
 Reference value :  2.40633e-06
 Reference value :  2.40698e-06
 Reference value :  2.40763e-06
 Reference value :  2.40831e-06
 Reference value :  2.40894e-06
 Reference value :  2.40957e-06
 Reference value :  2.41028e-06
 Reference value :  2.41094e-06
 Reference value :  2.41158e-06
 Reference value :  2.41222e-06
 Reference value :  2.41292e-06
 Reference value :  2.41358e-06
 Reference value :  2.41428e-06
 Reference value :  2.41496e-06
 Reference value :  2.41565e-06
 Reference value :  2.41632e-06
 Reference value :  2.41712e-06
 Reference value :  2.41778e-06
 Reference value :  2.41844e-06
 Reference value :  2.41916e-06
 Reference value :  2.41987e-06
 Reference value :  2.42056e-06
 Reference value :  2.42124e-06
 Reference value :  2.42191e-06
 Reference value :  2.42260e-06
 Reference value :  2.42330e-06
 Reference value :  2.42416e-06
 Reference value :  2.42481e-06
 Reference value :  2.42551e-06
 Reference value :  2.42619e-06
 Reference value :  2.42687e-06
 Reference value :  2.42761e-06
 Reference value :  2.42827e-06
 Reference value :  2.42896e-06
 Reference value :  2.42964e-06
 Reference value :  2.43064e-06
 Reference value :  2.43132e-06
 Reference value :  2.43202e-06
 Reference value :  2.43274e-06
 Reference value :  2.43346e-06
 Reference value :  2.43416e-06
 Reference value :  2.43485e-06
 Reference value :  2.43567e-06
 Reference value :  2.43637e-06
 Reference value :  2.43708e-06
 Reference value :  2.43774e-06
 Reference value :  2.43840e-06
 Reference value :  2.43908e-06
 Reference value :  2.43978e-06
 Reference value :  2.44046e-06
 Reference value :  2.44110e-06
 Reference value :  2.44175e-06
 Reference value :  2.44238e-06
 Reference value :  2.44308e-06
 Reference value :  2.44374e-06
 Reference value :  2.44442e-06
 Reference value :  2.44509e-06
 Reference value :  2.44579e-06
 Reference value :  2.44648e-06
 Reference value :  2.44722e-06
 Reference value :  2.44793e-06
 Reference value :  2.44858e-06
 Reference value :  2.44924e-06
 Reference value :  2.44994e-06
 Reference value :  2.45062e-06
 Reference value :  2.45127e-06
 Reference value :  2.45192e-06
 Reference value :  2.45268e-06
 Reference value :  2.45332e-06
 Reference value :  2.45399e-06
 Reference value :  2.45467e-06
 Reference value :  2.45534e-06
 Reference value :  2.45602e-06
 Reference value :  2.45668e-06
 Reference value :  2.45734e-06
 Reference value :  2.45803e-06
 Reference value :  2.45866e-06
 Reference value :  2.45936e-06
 Reference value :  2.46006e-06
 Reference value :  2.46074e-06
 Reference value :  2.46144e-06
 Reference value :  2.46211e-06
 Reference value :  2.46279e-06
 Reference value :  2.46350e-06
 Reference value :  2.46416e-06
 Reference value :  2.46498e-06
 Reference value :  2.46586e-06
 Reference value :  2.46672e-06
 Reference value :  2.46756e-06
 Reference value :  2.46840e-06
 Reference value :  2.46946e-06
 Reference value :  2.47059e-06
 Reference value :  2.47171e-06
 Reference value :  2.47279e-06
 Reference value :  2.47386e-06
 Reference value :  2.47466e-06
 Reference value :  2.47532e-06
 Reference value :  2.47599e-06
 Reference value :  2.47663e-06
 Reference value :  2.47729e-06
 Reference value :  2.47799e-06
 Reference value :  2.47866e-06
 Reference value :  2.47930e-06
 Reference value :  2.48000e-06
 Reference value :  2.48068e-06
 Reference value :  2.48132e-06
 Reference value :  2.48199e-06
 Reference value :  2.48267e-06
 Reference value :  2.48335e-06
 Reference value :  2.48401e-06
 Reference value :  2.48474e-06
 Reference value :  2.48539e-06
 Reference value :  2.48607e-06
 Reference value :  2.48675e-06
 Reference value :  2.48746e-06
 Reference value :  2.48837e-06
 Reference value :  2.48947e-06
 Reference value :  2.49059e-06
 Reference value :  2.49175e-06
 Reference value :  2.49246e-06
 Reference value :  2.49314e-06
 Reference value :  2.49386e-06
 Reference value :  2.49454e-06
 Reference value :  2.49539e-06
 Reference value :  2.49610e-06
 Reference value :  2.49682e-06
 Reference value :  2.49751e-06
 Reference value :  2.49821e-06
 Reference value :  2.49889e-06
 Reference value :  2.49958e-06
 Reference value :  2.50025e-06
 Reference value :  2.50092e-06
 Reference value :  2.50157e-06
 Reference value :  2.50222e-06
 Reference value :  2.50286e-06
 Reference value :  2.50359e-06
 Reference value :  2.50428e-06
 Reference value :  2.50494e-06
 Reference value :  2.50560e-06
 Reference value :  2.50629e-06
 Reference value :  2.50696e-06
 Reference value :  2.50771e-06
 Reference value :  2.50839e-06
 Reference value :  2.50911e-06
 Reference value :  2.50978e-06
 Reference value :  2.51047e-06
 Reference value :  2.51116e-06
 Reference value :  2.51181e-06
 Reference value :  2.51252e-06
 Reference value :  2.51321e-06
 Reference value :  2.51387e-06
 Reference value :  2.51453e-06
 Reference value :  2.51525e-06
 Reference value :  2.51589e-06
 Reference value :  2.51653e-06
 Reference value :  2.51718e-06
 Reference value :  2.51782e-06
 Reference value :  2.51852e-06
 Reference value :  2.51928e-06
 Reference value :  2.51997e-06
 Reference value :  2.52064e-06
 Reference value :  2.52130e-06
 Reference value :  2.52193e-06
 Reference value :  2.52259e-06
 Reference value :  2.52324e-06
 Reference value :  2.52393e-06
 Reference value :  2.52459e-06
 Reference value :  2.52530e-06
 Reference value :  2.52600e-06
 Reference value :  2.52669e-06
 Reference value :  2.52739e-06
 Reference value :  2.52812e-06
 Reference value :  2.52881e-06
 Reference value :  2.52948e-06
 Reference value :  2.53021e-06
 Reference value :  2.53089e-06
 Reference value :  2.53162e-06
 Reference value :  2.53234e-06
 Reference value :  2.53301e-06
 Reference value :  2.53369e-06
 Reference value :  2.53451e-06
 Reference value :  2.53522e-06
 Reference value :  2.53587e-06
 Reference value :  2.53654e-06
 Reference value :  2.53722e-06
 Reference value :  2.53789e-06
 Reference value :  2.53855e-06
 Reference value :  2.53919e-06
 Reference value :  2.53987e-06
 Reference value :  2.54051e-06
 Reference value :  2.54120e-06
 Reference value :  2.54192e-06
 Reference value :  2.54265e-06
 Reference value :  2.54333e-06
 Reference value :  2.54398e-06
 Reference value :  2.54464e-06
 Reference value :  2.54529e-06
 Reference value :  2.54593e-06
 Reference value :  2.54663e-06
 Reference value :  2.54734e-06
 Reference value :  2.54798e-06
 Reference value :  2.54868e-06
 Reference value :  2.54935e-06
 Reference value :  2.54999e-06
 Reference value :  2.55066e-06
 Reference value :  2.55135e-06
 Reference value :  2.55202e-06
 Reference value :  2.55270e-06
 Reference value :  2.55337e-06
 Reference value :  2.55407e-06
 Reference value :  2.55478e-06
 Reference value :  2.55546e-06
 Reference value :  2.55614e-06
 Reference value :  2.55682e-06
 Reference value :  2.55751e-06
 Reference value :  2.55819e-06
 Reference value :  2.55883e-06
 Reference value :  2.55951e-06
 Reference value :  2.56019e-06
 Reference value :  2.56088e-06
 Reference value :  2.56159e-06
 Reference value :  2.56225e-06
 Reference value :  2.56295e-06
 Reference value :  2.56360e-06
 Reference value :  2.56430e-06
 Reference value :  2.56495e-06
 Reference value :  2.56564e-06
 Reference value :  2.56629e-06
 Reference value :  2.56702e-06
 Reference value :  2.56769e-06
 Reference value :  2.56835e-06
 Reference value :  2.56905e-06
 Reference value :  2.56977e-06
 Reference value :  2.57048e-06
 Reference value :  2.57119e-06
 Reference value :  2.57191e-06
 Reference value :  2.57262e-06
 Reference value :  2.57330e-06
 Reference value :  2.57396e-06
 Reference value :  2.57469e-06
 Reference value :  2.57540e-06
 Reference value :  2.57610e-06
 Reference value :  2.57684e-06
 Reference value :  2.57752e-06
 Reference value :  2.57821e-06
 Reference value :  2.57888e-06
 Reference value :  2.57957e-06
 Reference value :  2.58026e-06
 Reference value :  2.58105e-06
 Reference value :  2.58174e-06
 Reference value :  2.58243e-06
 Reference value :  2.58311e-06
 Reference value :  2.58381e-06
 Reference value :  2.58457e-06
 Reference value :  2.58524e-06
 Reference value :  2.58592e-06
 Reference value :  2.58661e-06
 Reference value :  2.58730e-06
 Reference value :  2.58795e-06
 Reference value :  2.58862e-06
 Reference value :  2.58928e-06
 Reference value :  2.58992e-06
 Reference value :  2.59063e-06
 Reference value :  2.59128e-06
 Reference value :  2.59195e-06
 Reference value :  2.59263e-06
 Reference value :  2.59331e-06
 Reference value :  2.59401e-06
 Reference value :  2.59466e-06
 Reference value :  2.59534e-06
 Reference value :  2.59599e-06
 Reference value :  2.59667e-06
 Reference value :  2.59733e-06
 Reference value :  2.59798e-06
 Reference value :  2.59861e-06
 Reference value :  2.59926e-06
 Reference value :  2.59989e-06
 Reference value :  2.60058e-06
 Reference value :  2.60124e-06
 Reference value :  2.60188e-06
 Reference value :  2.60259e-06
 Reference value :  2.60323e-06
 Reference value :  2.60391e-06
 Reference value :  2.60464e-06
 Reference value :  2.60532e-06
 Reference value :  2.60599e-06
 Reference value :  2.60665e-06
 Reference value :  2.60737e-06
 Reference value :  2.60804e-06
 Reference value :  2.60873e-06
 Reference value :  2.60940e-06
 Reference value :  2.61008e-06
 Reference value :  2.61074e-06
 Reference value :  2.61140e-06
 Reference value :  2.61203e-06
 Reference value :  2.61268e-06
 Reference value :  2.61333e-06
 Reference value :  2.61400e-06
 Reference value :  2.61465e-06
 Reference value :  2.61529e-06
 Reference value :  2.61595e-06
 Reference value :  2.61659e-06
 Reference value :  2.61727e-06
 Reference value :  2.61791e-06
 Reference value :  2.61855e-06
 Reference value :  2.61927e-06
 Reference value :  2.61996e-06
 Reference value :  2.62060e-06
 Reference value :  2.62131e-06
 Reference value :  2.62203e-06
 Reference value :  2.62269e-06
 Reference value :  2.62337e-06
 Reference value :  2.62402e-06
 Reference value :  2.62477e-06
 Reference value :  2.62545e-06
 Reference value :  2.62614e-06
 Reference value :  2.62684e-06
 Reference value :  2.62753e-06
 Reference value :  2.62820e-06
 Reference value :  2.62884e-06
 Reference value :  2.62954e-06
 Reference value :  2.63025e-06
 Reference value :  2.63087e-06
 Reference value :  2.63153e-06
 Reference value :  2.63217e-06
 Reference value :  2.63281e-06
 Reference value :  2.63351e-06
 Reference value :  2.63417e-06
 Reference value :  2.63488e-06
 Reference value :  2.63555e-06
 Reference value :  2.63620e-06
 Reference value :  2.63690e-06
 Reference value :  2.63754e-06
 Reference value :  2.63817e-06
 Reference value :  2.63885e-06
 Reference value :  2.63951e-06
 Reference value :  2.64016e-06
 Reference value :  2.64082e-06
 Reference value :  2.64149e-06
 Reference value :  2.64224e-06
 Reference value :  2.64289e-06
 Reference value :  2.64355e-06
 Reference value :  2.64424e-06
 Reference value :  2.64488e-06
 Reference value :  2.64552e-06
 Reference value :  2.64621e-06
 Reference value :  2.64685e-06
 Reference value :  2.64750e-06
 Reference value :  2.64816e-06
 Reference value :  2.64883e-06
 Reference value :  2.64949e-06
 Reference value :  2.65011e-06
 Reference value :  2.65077e-06
 Reference value :  2.65141e-06
 Reference value :  2.65211e-06
 Reference value :  2.65275e-06
 Reference value :  2.65339e-06
 Reference value :  2.65407e-06
 Reference value :  2.65472e-06
 Reference value :  2.65537e-06
 Reference value :  2.65601e-06
 Reference value :  2.65666e-06
 Reference value :  2.65734e-06
 Reference value :  2.65796e-06
 Reference value :  2.65859e-06
 Reference value :  2.65928e-06
 Reference value :  2.65991e-06
 Reference value :  2.66058e-06
 Reference value :  2.66128e-06
 Reference value :  2.66196e-06
 Reference value :  2.66271e-06
 Reference value :  2.66340e-06
 Reference value :  2.66412e-06
 Reference value :  2.66477e-06
 Reference value :  2.66542e-06
 Reference value :  2.66606e-06
 Reference value :  2.66670e-06
 Reference value :  2.66741e-06
 Reference value :  2.66805e-06
 Reference value :  2.66873e-06
 Reference value :  2.66937e-06
 Reference value :  2.67005e-06
 Reference value :  2.67071e-06
 Reference value :  2.67139e-06
 Reference value :  2.67208e-06
 Reference value :  2.67274e-06
 Reference value :  2.67344e-06
 Reference value :  2.67417e-06
 Reference value :  2.67488e-06
 Reference value :  2.67553e-06
 Reference value :  2.67623e-06
 Reference value :  2.67693e-06
 Reference value :  2.67763e-06
 Reference value :  2.67829e-06
 Reference value :  2.67893e-06
 Reference value :  2.67959e-06
 Reference value :  2.68024e-06
 Reference value :  2.68092e-06
 Reference value :  2.68156e-06
 Reference value :  2.68223e-06
 Reference value :  2.68291e-06
 Reference value :  2.68356e-06
 Reference value :  2.68423e-06
 Reference value :  2.68487e-06
 Reference value :  2.68557e-06
 Reference value :  2.68624e-06
 Reference value :  2.68689e-06
 Reference value :  2.68757e-06
 Reference value :  2.68823e-06
 Reference value :  2.68885e-06
 Reference value :  2.68953e-06
 Reference value :  2.69018e-06
 Reference value :  2.69086e-06
 Reference value :  2.69152e-06
 Reference value :  2.69234e-06
 Reference value :  2.69313e-06
 Reference value :  2.69378e-06
 Reference value :  2.69450e-06
 Reference value :  2.69525e-06
 Reference value :  2.69594e-06
 Reference value :  2.69663e-06
 Reference value :  2.69729e-06
 Reference value :  2.69796e-06
 Reference value :  2.69866e-06
 Reference value :  2.69937e-06
 Reference value :  2.70006e-06
 Reference value :  2.70076e-06
 Reference value :  2.70146e-06
 Reference value :  2.70214e-06
 Reference value :  2.70283e-06
 Reference value :  2.70355e-06
 Reference value :  2.70421e-06
 Reference value :  2.70485e-06
 Reference value :  2.70555e-06
 Reference value :  2.70620e-06
 Reference value :  2.70686e-06
 Reference value :  2.70757e-06
 Reference value :  2.70822e-06
 Reference value :  2.70887e-06
 Reference value :  2.70956e-06
 Reference value :  2.71026e-06
 Reference value :  2.71094e-06
 Reference value :  2.71167e-06
 Reference value :  2.71238e-06
 Reference value :  2.71303e-06
 Reference value :  2.71374e-06
 Reference value :  2.71441e-06
 Reference value :  2.71508e-06
 Reference value :  2.71583e-06
 Reference value :  2.71651e-06
 Reference value :  2.71723e-06
 Reference value :  2.71791e-06
 Reference value :  2.71858e-06
 Reference value :  2.71924e-06
 Reference value :  2.71992e-06
 Reference value :  2.72063e-06
 Reference value :  2.72128e-06
 Reference value :  2.72190e-06
 Reference value :  2.72258e-06
 Reference value :  2.72322e-06
 Reference value :  2.72387e-06
 Reference value :  2.72455e-06
 Reference value :  2.72520e-06
 Reference value :  2.72587e-06
 Reference value :  2.72653e-06
 Reference value :  2.72722e-06
 Reference value :  2.72796e-06
 Reference value :  2.72864e-06
 Reference value :  2.72932e-06
 Reference value :  2.72998e-06
 Reference value :  2.73068e-06
 Reference value :  2.73136e-06
 Reference value :  2.73203e-06
 Reference value :  2.73273e-06
 Reference value :  2.73336e-06
 Reference value :  2.73407e-06
 Reference value :  2.73478e-06
 Reference value :  2.73547e-06
 Reference value :  2.73616e-06
 Reference value :  2.73684e-06
 Reference value :  2.73753e-06
 Reference value :  2.73817e-06
 Reference value :  2.73882e-06
 Reference value :  2.73949e-06
 Reference value :  2.74012e-06
 Reference value :  2.74076e-06
 Reference value :  2.74142e-06
 Reference value :  2.74209e-06
 Reference value :  2.74275e-06
 Reference value :  2.74341e-06
 Reference value :  2.74414e-06
 Reference value :  2.74478e-06
 Reference value :  2.74546e-06
 Reference value :  2.74615e-06
 Reference value :  2.74679e-06
 Reference value :  2.74747e-06
 Reference value :  2.74812e-06
 Reference value :  2.74882e-06
 Reference value :  2.74950e-06
 Reference value :  2.75015e-06
 Reference value :  2.75087e-06
 Reference value :  2.75153e-06
 Reference value :  2.75219e-06
 Reference value :  2.75284e-06
 Reference value :  2.75350e-06
 Reference value :  2.75417e-06
 Reference value :  2.75485e-06
 Reference value :  2.75552e-06
 Reference value :  2.75618e-06
 Reference value :  2.75682e-06
 Reference value :  2.75750e-06
 Reference value :  2.75816e-06
 Reference value :  2.75882e-06
 Reference value :  2.75949e-06
 Reference value :  2.76015e-06
 Reference value :  2.76080e-06
 Reference value :  2.76145e-06
 Reference value :  2.76212e-06
 Reference value :  2.76277e-06
 Reference value :  2.76350e-06
 Reference value :  2.76415e-06
 Reference value :  2.76479e-06
 Reference value :  2.76547e-06
 Reference value :  2.76612e-06
 Reference value :  2.76677e-06
 Reference value :  2.76747e-06
 Reference value :  2.76812e-06
 Reference value :  2.76877e-06
 Reference value :  2.76947e-06
 Reference value :  2.77014e-06
 Reference value :  2.77086e-06
 Reference value :  2.77151e-06
 Reference value :  2.77220e-06
 Reference value :  2.77286e-06
 Reference value :  2.77355e-06
 Reference value :  2.77422e-06
 Reference value :  2.77486e-06
 Reference value :  2.77549e-06
 Reference value :  2.77617e-06
 Reference value :  2.77683e-06
 Reference value :  2.77753e-06
 Reference value :  2.77819e-06
 Reference value :  2.77884e-06
 Reference value :  2.77952e-06
 Reference value :  2.78017e-06
 Reference value :  2.78080e-06
 Reference value :  2.78147e-06
 Reference value :  2.78213e-06
 Reference value :  2.78279e-06
 Reference value :  2.78349e-06
 Reference value :  2.78412e-06
 Reference value :  2.78477e-06
 Reference value :  2.78544e-06
 Reference value :  2.78608e-06
 Reference value :  2.78672e-06
 Reference value :  2.78736e-06
 Reference value :  2.78800e-06
 Reference value :  2.78866e-06
 Reference value :  2.78932e-06
 Reference value :  2.78998e-06
 Reference value :  2.79068e-06
 Reference value :  2.79135e-06
 Reference value :  2.79200e-06
 Reference value :  2.79268e-06
 Reference value :  2.79332e-06
 Reference value :  2.79406e-06
 Reference value :  2.79472e-06
 Reference value :  2.79537e-06
 Reference value :  2.79602e-06
 Reference value :  2.79669e-06
 Reference value :  2.79739e-06
 Reference value :  2.79807e-06
 Reference value :  2.79870e-06
 Reference value :  2.79932e-06
 Reference value :  2.79998e-06
 Reference value :  2.80061e-06
 Reference value :  2.80124e-06
 Reference value :  2.80192e-06
 Reference value :  2.80258e-06
 Reference value :  2.80332e-06
 Reference value :  2.80400e-06
 Reference value :  2.80464e-06
 Reference value :  2.80533e-06
 Reference value :  2.80602e-06
 Reference value :  2.80670e-06
 Reference value :  2.80738e-06
 Reference value :  2.80802e-06
 Reference value :  2.80899e-06
 Reference value :  2.80962e-06
 Reference value :  2.81030e-06
 Reference value :  2.81100e-06
 Reference value :  2.81164e-06
 Reference value :  2.81233e-06
 Reference value :  2.81302e-06
 Reference value :  2.81369e-06
 Reference value :  2.81436e-06
 Reference value :  2.81508e-06
 Reference value :  2.81575e-06
 Reference value :  2.81641e-06
 Reference value :  2.81710e-06
 Reference value :  2.81773e-06
 Reference value :  2.81842e-06
 Reference value :  2.81909e-06
 Reference value :  2.81976e-06
 Reference value :  2.82041e-06
 Reference value :  2.82107e-06
 Reference value :  2.82174e-06
 Reference value :  2.82246e-06
 Reference value :  2.82312e-06
 Reference value :  2.82379e-06
 Reference value :  2.82447e-06
 Reference value :  2.82512e-06
 Reference value :  2.82585e-06
 Reference value :  2.82656e-06
 Reference value :  2.82727e-06
 Reference value :  2.82790e-06
 Reference value :  2.82867e-06
 Reference value :  2.82949e-06
 Reference value :  2.83016e-06
 Reference value :  2.83084e-06
 Reference value :  2.83149e-06
 Reference value :  2.83215e-06
 Reference value :  2.83282e-06
 Reference value :  2.83350e-06
 Reference value :  2.83423e-06
 Reference value :  2.83488e-06
 Reference value :  2.83557e-06
 Reference value :  2.83625e-06
 Reference value :  2.83691e-06
 Reference value :  2.83756e-06
 Reference value :  2.83827e-06
 Reference value :  2.83895e-06
 Reference value :  2.83960e-06
 Reference value :  2.84026e-06
 Reference value :  2.84090e-06
 Reference value :  2.84153e-06
 Reference value :  2.84222e-06
 Reference value :  2.84287e-06
 Reference value :  2.84355e-06
 Reference value :  2.84425e-06
 Reference value :  2.84492e-06
 Reference value :  2.84564e-06
 Reference value :  2.84634e-06
 Reference value :  2.84699e-06
 Reference value :  2.84765e-06
 Reference value :  2.84828e-06
 Reference value :  2.84896e-06
 Reference value :  2.84958e-06
 Reference value :  2.85024e-06
 Reference value :  2.85089e-06
 Reference value :  2.85158e-06
 Reference value :  2.85229e-06
 Reference value :  2.85301e-06
 Reference value :  2.85365e-06
 Reference value :  2.85438e-06
 Reference value :  2.85504e-06
 Reference value :  2.85575e-06
 Reference value :  2.85641e-06
 Reference value :  2.85709e-06
 Reference value :  2.85775e-06
 Reference value :  2.85842e-06
 Reference value :  2.85912e-06
 Reference value :  2.85980e-06
 Reference value :  2.86048e-06
 Reference value :  2.86119e-06
 Reference value :  2.86183e-06
 Reference value :  2.86246e-06
 Reference value :  2.86313e-06
 Reference value :  2.86378e-06
 Reference value :  2.86443e-06
 Reference value :  2.86510e-06
 Reference value :  2.86575e-06
 Reference value :  2.86641e-06
 Reference value :  2.86708e-06
 Reference value :  2.86779e-06
 Reference value :  2.86847e-06
 Reference value :  2.86911e-06
 Reference value :  2.86984e-06
 Reference value :  2.87059e-06
 Reference value :  2.87128e-06
 Reference value :  2.87199e-06
 Reference value :  2.87269e-06
 Reference value :  2.87333e-06
 Reference value :  2.87401e-06
 Reference value :  2.87469e-06
 Reference value :  2.87533e-06
 Reference value :  2.87600e-06
 Reference value :  2.87669e-06
 Reference value :  2.87734e-06
 Reference value :  2.87802e-06
 Reference value :  2.87872e-06
 Reference value :  2.87937e-06
 Reference value :  2.88003e-06
 Reference value :  2.88072e-06
 Reference value :  2.88140e-06
 Reference value :  2.88206e-06
 Reference value :  2.88275e-06
 Reference value :  2.88341e-06
 Reference value :  2.88437e-06
 Reference value :  2.88504e-06
 Reference value :  2.88571e-06
 Reference value :  2.88638e-06
 Reference value :  2.88702e-06
 Reference value :  2.88773e-06
 Reference value :  2.88843e-06
 Reference value :  2.88917e-06
 Reference value :  2.88982e-06
 Reference value :  2.89049e-06
 Reference value :  2.89121e-06
 Reference value :  2.89186e-06
 Reference value :  2.89254e-06
 Reference value :  2.89322e-06
 Reference value :  2.89392e-06
 Reference value :  2.89472e-06
 Reference value :  2.89542e-06
 Reference value :  2.89606e-06
 Reference value :  2.89676e-06
 Reference value :  2.89743e-06
 Reference value :  2.89816e-06
 Reference value :  2.89884e-06
 Reference value :  2.89951e-06
 Reference value :  2.90015e-06
 Reference value :  2.90083e-06
 Reference value :  2.90148e-06
 Reference value :  2.90211e-06
 Reference value :  2.90281e-06
 Reference value :  2.90344e-06
 Reference value :  2.90411e-06
 Reference value :  2.90479e-06
 Reference value :  2.90545e-06
 Reference value :  2.90613e-06
 Reference value :  2.90683e-06
 Reference value :  2.90752e-06
 Reference value :  2.90825e-06
 Reference value :  2.90895e-06
 Reference value :  2.90958e-06
 Reference value :  2.91025e-06
 Reference value :  2.91096e-06
 Reference value :  2.91169e-06
 Reference value :  2.91243e-06
 Reference value :  2.91309e-06
 Reference value :  2.91374e-06
 Reference value :  2.91440e-06
 Reference value :  2.91505e-06
 Reference value :  2.91569e-06
 Reference value :  2.91634e-06
 Reference value :  2.91703e-06
 Reference value :  2.91771e-06
 Reference value :  2.91836e-06
 Reference value :  2.91903e-06
 Reference value :  2.91969e-06
 Reference value :  2.92032e-06
 Reference value :  2.92108e-06
 Reference value :  2.92173e-06
 Reference value :  2.92238e-06
 Reference value :  2.92305e-06
 Reference value :  2.92376e-06
 Reference value :  2.92441e-06
 Reference value :  2.92506e-06
 Reference value :  2.92578e-06
 Reference value :  2.92642e-06
 Reference value :  2.92720e-06
 Reference value :  2.92789e-06
 Reference value :  2.92862e-06
 Reference value :  2.92928e-06
 Reference value :  2.92999e-06
 Reference value :  2.93067e-06
 Reference value :  2.93140e-06
 Reference value :  2.93208e-06
 Reference value :  2.93276e-06
 Reference value :  2.93345e-06
 Reference value :  2.93410e-06
 Reference value :  2.93497e-06
 Reference value :  2.93563e-06
 Reference value :  2.93634e-06
 Reference value :  2.93703e-06
 Reference value :  2.93771e-06
 Reference value :  2.93839e-06
 Reference value :  2.93908e-06
 Reference value :  2.93981e-06
 Reference value :  2.94049e-06
 Reference value :  2.94117e-06
 Reference value :  2.94185e-06
 Reference value :  2.94252e-06
 Reference value :  2.94345e-06
 Reference value :  2.94434e-06
 Reference value :  2.94516e-06
 Reference value :  2.94578e-06
 Reference value :  2.94649e-06
 Reference value :  2.94720e-06
 Reference value :  2.94795e-06
 Reference value :  2.94855e-06
 Reference value :  2.94929e-06
 Reference value :  2.94999e-06
 Reference value :  2.95061e-06
 Reference value :  2.95126e-06
 Reference value :  2.95203e-06
 Reference value :  2.95267e-06
 Reference value :  2.95340e-06
 Reference value :  2.95410e-06
 Reference value :  2.95482e-06
 Reference value :  2.95548e-06
 Reference value :  2.95612e-06
 Reference value :  2.95687e-06
 Reference value :  2.95756e-06
 Reference value :  2.95819e-06
 Reference value :  2.95887e-06
 Reference value :  2.95956e-06
 Reference value :  2.96019e-06
 Reference value :  2.96084e-06
 Reference value :  2.96154e-06
 Reference value :  2.96219e-06
 Reference value :  2.96285e-06
 Reference value :  2.96352e-06
 Reference value :  2.96415e-06
 Reference value :  2.96482e-06
 Reference value :  2.96545e-06
 Reference value :  2.96608e-06
 Reference value :  2.96673e-06
 Reference value :  2.96746e-06
 Reference value :  2.96815e-06
 Reference value :  2.96877e-06
 Reference value :  2.96950e-06
 Reference value :  2.97019e-06
 Reference value :  2.97084e-06
 Reference value :  2.97147e-06
 Reference value :  2.97213e-06
 Reference value :  2.97282e-06
 Reference value :  2.97348e-06
 Reference value :  2.97417e-06
 Reference value :  2.97483e-06
 Reference value :  2.97551e-06
 Reference value :  2.97619e-06
 Reference value :  2.97685e-06
 Reference value :  2.97755e-06
 Reference value :  2.97820e-06
 Reference value :  2.97887e-06
 Reference value :  2.97955e-06
 Reference value :  2.98025e-06
 Reference value :  2.98097e-06
 Reference value :  2.98162e-06
 Reference value :  2.98231e-06
 Reference value :  2.98299e-06
 Reference value :  2.98365e-06
 Reference value :  2.98431e-06
 Reference value :  2.98501e-06
 Reference value :  2.98577e-06
 Reference value :  2.98644e-06
 Reference value :  2.98715e-06
 Reference value :  2.98781e-06
 Reference value :  2.98850e-06
 Reference value :  2.98918e-06
 Reference value :  2.98993e-06
 Reference value :  2.99057e-06
 Reference value :  2.99123e-06
 Reference value :  2.99191e-06
 Reference value :  2.99257e-06
 Reference value :  2.99324e-06
 Reference value :  2.99388e-06
 Reference value :  2.99455e-06
 Reference value :  2.99522e-06
 Reference value :  2.99589e-06
 Reference value :  2.99655e-06
 Reference value :  2.99723e-06
 Reference value :  2.99795e-06
 Reference value :  2.99859e-06
 Reference value :  2.99923e-06
 Reference value :  2.99989e-06
No. of Data Rows : 3900267
tk                  =  4.70003e-09
tk                  =  7.54723e-09
tk                  =  1.03931e-08
tk                  =  1.32408e-08
tk                  =  1.60861e-08
tk                  =  1.89325e-08
tk                  =  2.17801e-08
tk                  =  2.46259e-08
tk                  =  2.74729e-08
tk                  =  3.03189e-08
tk                  =  3.31665e-08
tk                  =  3.60132e-08
tk                  =  3.88594e-08
tk                  =  4.17061e-08
tk                  =  4.45530e-08
tk                  =  4.73996e-08
tk                  =  5.02463e-08
tk                  =  5.30928e-08
tk                  =  5.59383e-08
tk                  =  5.87843e-08
tk                  =  6.16312e-08
tk                  =  6.44769e-08
tk                  =  6.73237e-08
tk                  =  7.01702e-08
tk                  =  7.30158e-08
tk                  =  7.58624e-08
tk                  =  7.87087e-08
tk                  =  8.15557e-08
tk                  =  8.44019e-08
tk                  =  8.72487e-08
tk                  =  9.00948e-08
tk                  =  9.29418e-08
tk                  =  9.57878e-08
tk                  =  9.86341e-08
tk                  =  1.01493e-07
tk                  =  1.04365e-07
tk                  =  1.07238e-07
tk                  =  1.10114e-07
tk                  =  1.12986e-07
tk                  =  1.15860e-07
tk                  =  1.18736e-07
tk                  =  1.21610e-07
tk                  =  1.24484e-07
tk                  =  1.27359e-07
tk                  =  1.30233e-07
tk                  =  1.33107e-07
tk                  =  1.35981e-07
tk                  =  1.38855e-07
tk                  =  1.41730e-07
tk                  =  1.44603e-07
tk                  =  1.47478e-07
tk                  =  1.50351e-07
tk                  =  1.53225e-07
tk                  =  1.56100e-07
tk                  =  1.58975e-07
tk                  =  1.61848e-07
tk                  =  1.64722e-07
tk                  =  1.67596e-07
tk                  =  1.70470e-07
tk                  =  1.73344e-07
tk                  =  1.76217e-07
tk                  =  1.79092e-07
tk                  =  1.81966e-07
tk                  =  1.84841e-07
tk                  =  1.87715e-07
tk                  =  1.90588e-07
tk                  =  1.93463e-07
tk                  =  1.96337e-07
tk                  =  1.99210e-07
tk                  =  2.02084e-07
tk                  =  2.04958e-07
tk                  =  2.07832e-07
tk                  =  2.10706e-07
tk                  =  2.13579e-07
tk                  =  2.16454e-07
tk                  =  2.19327e-07
tk                  =  2.22201e-07
tk                  =  2.25076e-07
tk                  =  2.27949e-07
tk                  =  2.30822e-07
tk                  =  2.33697e-07
tk                  =  2.36571e-07
tk                  =  2.39444e-07
tk                  =  2.42318e-07
tk                  =  2.45192e-07
tk                  =  2.48066e-07
tk                  =  2.50940e-07
tk                  =  2.53814e-07
tk                  =  2.56688e-07
tk                  =  2.59562e-07
tk                  =  2.62436e-07
tk                  =  2.65310e-07
tk                  =  2.68184e-07
tk                  =  2.71059e-07
tk                  =  2.73933e-07
tk                  =  2.76807e-07
tk                  =  2.79680e-07
tk                  =  2.82555e-07
tk                  =  2.85429e-07
tk                  =  2.88303e-07
tk                  =  2.91178e-07
tk                  =  2.94052e-07
tk                  =  2.96925e-07
tk                  =  2.99799e-07
tk                  =  3.02674e-07
tk                  =  3.05548e-07
tk                  =  3.08421e-07
tk                  =  3.11295e-07
tk                  =  3.14168e-07
tk                  =  3.17043e-07
tk                  =  3.19916e-07
tk                  =  3.22791e-07
tk                  =  3.25666e-07
tk                  =  3.28540e-07
tk                  =  3.31414e-07
tk                  =  3.34289e-07
tk                  =  3.37162e-07
tk                  =  3.40036e-07
tk                  =  3.42910e-07
tk                  =  3.45784e-07
tk                  =  3.48659e-07
tk                  =  3.51533e-07
tk                  =  3.54408e-07
tk                  =  3.57282e-07
tk                  =  3.60155e-07
tk                  =  3.63029e-07
tk                  =  3.65903e-07
tk                  =  3.68777e-07
tk                  =  3.71652e-07
tk                  =  3.74525e-07
tk                  =  3.77400e-07
tk                  =  3.80273e-07
tk                  =  3.83147e-07
tk                  =  3.86020e-07
tk                  =  3.88894e-07
tk                  =  3.91768e-07
tk                  =  3.94642e-07
tk                  =  3.97516e-07
tk                  =  4.00390e-07
tk                  =  4.03264e-07
tk                  =  4.06138e-07
tk                  =  4.09012e-07
tk                  =  4.11887e-07
tk                  =  4.14761e-07
tk                  =  4.17634e-07
tk                  =  4.20507e-07
tk                  =  4.23382e-07
tk                  =  4.26256e-07
tk                  =  4.29130e-07
tk                  =  4.32005e-07
tk                  =  4.34878e-07
tk                  =  4.37752e-07
tk                  =  4.40627e-07
tk                  =  4.43501e-07
tk                  =  4.46375e-07
tk                  =  4.49248e-07
tk                  =  4.52122e-07
tk                  =  4.54996e-07
tk                  =  4.57871e-07
tk                  =  4.60746e-07
tk                  =  4.63618e-07
tk                  =  4.66492e-07
tk                  =  4.69367e-07
tk                  =  4.72241e-07
tk                  =  4.75115e-07
tk                  =  4.77990e-07
tk                  =  4.80863e-07
tk                  =  4.83737e-07
tk                  =  4.86611e-07
tk                  =  4.89485e-07
tk                  =  4.92360e-07
tk                  =  4.95232e-07
tk                  =  4.98107e-07
tk                  =  5.00981e-07
tk                  =  5.03854e-07
tk                  =  5.06728e-07
tk                  =  5.09602e-07
tk                  =  5.12476e-07
tk                  =  5.15350e-07
tk                  =  5.18224e-07
tk                  =  5.21099e-07
tk                  =  5.23973e-07
tk                  =  5.26846e-07
tk                  =  5.29719e-07
tk                  =  5.32594e-07
tk                  =  5.35469e-07
tk                  =  5.38343e-07
tk                  =  5.41217e-07
tk                  =  5.44091e-07
tk                  =  5.46966e-07
tk                  =  5.49839e-07
tk                  =  5.52714e-07
tk                  =  5.55587e-07
tk                  =  5.58461e-07
tk                  =  5.61335e-07
tk                  =  5.64208e-07
tk                  =  5.67082e-07
tk                  =  5.69957e-07
tk                  =  5.72831e-07
tk                  =  5.75705e-07
tk                  =  5.78579e-07
tk                  =  5.81454e-07
tk                  =  5.84328e-07
tk                  =  5.87202e-07
tk                  =  5.90075e-07
tk                  =  5.92949e-07
tk                  =  5.95823e-07
tk                  =  5.98697e-07
tk                  =  6.01559e-07
tk                  =  6.04407e-07
tk                  =  6.07254e-07
tk                  =  6.10100e-07
tk                  =  6.12947e-07
tk                  =  6.15794e-07
tk                  =  6.18641e-07
tk                  =  6.21487e-07
tk                  =  6.24334e-07
tk                  =  6.27181e-07
tk                  =  6.30028e-07
tk                  =  6.32874e-07
tk                  =  6.35721e-07
tk                  =  6.38568e-07
tk                  =  6.41415e-07
tk                  =  6.44262e-07
tk                  =  6.47109e-07
tk                  =  6.49955e-07
tk                  =  6.52802e-07
tk                  =  6.55648e-07
tk                  =  6.58495e-07
tk                  =  6.61341e-07
tk                  =  6.64187e-07
tk                  =  6.67033e-07
tk                  =  6.69880e-07
tk                  =  6.72727e-07
tk                  =  6.75573e-07
tk                  =  6.78420e-07
tk                  =  6.81267e-07
tk                  =  6.84113e-07
tk                  =  6.86959e-07
tk                  =  6.89805e-07
tk                  =  6.92652e-07
tk                  =  6.95499e-07
tk                  =  6.98345e-07
tk                  =  7.01192e-07
tk                  =  7.04039e-07
tk                  =  7.06884e-07
tk                  =  7.09731e-07
tk                  =  7.12577e-07
tk                  =  7.15424e-07
tk                  =  7.18271e-07
tk                  =  7.21116e-07
tk                  =  7.23964e-07
tk                  =  7.26810e-07
tk                  =  7.29656e-07
tk                  =  7.32503e-07
tk                  =  7.35349e-07
tk                  =  7.38197e-07
tk                  =  7.41042e-07
tk                  =  7.43889e-07
tk                  =  7.46735e-07
tk                  =  7.49581e-07
tk                  =  7.52427e-07
tk                  =  7.55274e-07
tk                  =  7.58119e-07
tk                  =  7.60966e-07
tk                  =  7.63812e-07
tk                  =  7.66658e-07
tk                  =  7.69505e-07
tk                  =  7.72351e-07
tk                  =  7.75197e-07
tk                  =  7.78043e-07
tk                  =  7.80890e-07
tk                  =  7.83737e-07
tk                  =  7.86583e-07
tk                  =  7.89429e-07
tk                  =  7.92277e-07
tk                  =  7.95123e-07
tk                  =  7.97970e-07
tk                  =  8.00817e-07
tk                  =  8.03665e-07
tk                  =  8.06511e-07
tk                  =  8.09357e-07
tk                  =  8.12204e-07
tk                  =  8.15051e-07
tk                  =  8.17897e-07
tk                  =  8.20743e-07
tk                  =  8.23590e-07
tk                  =  8.26435e-07
tk                  =  8.29281e-07
tk                  =  8.32129e-07
tk                  =  8.34976e-07
tk                  =  8.37823e-07
tk                  =  8.40669e-07
tk                  =  8.43516e-07
tk                  =  8.46362e-07
tk                  =  8.49209e-07
tk                  =  8.52056e-07
tk                  =  8.54902e-07
tk                  =  8.57750e-07
tk                  =  8.60596e-07
tk                  =  8.63442e-07
tk                  =  8.66289e-07
tk                  =  8.69137e-07
tk                  =  8.71983e-07
tk                  =  8.74829e-07
tk                  =  8.77676e-07
tk                  =  8.80523e-07
tk                  =  8.83369e-07
tk                  =  8.86215e-07
tk                  =  8.89062e-07
tk                  =  8.91908e-07
tk                  =  8.94755e-07
tk                  =  8.97601e-07
tk                  =  9.00449e-07
tk                  =  9.03295e-07
tk                  =  9.06142e-07
tk                  =  9.08989e-07
tk                  =  9.11835e-07
tk                  =  9.14681e-07
tk                  =  9.17528e-07
tk                  =  9.20374e-07
tk                  =  9.23221e-07
tk                  =  9.26067e-07
tk                  =  9.28915e-07
tk                  =  9.31761e-07
tk                  =  9.34608e-07
tk                  =  9.37454e-07
tk                  =  9.40301e-07
tk                  =  9.43147e-07
tk                  =  9.45995e-07
tk                  =  9.48841e-07
tk                  =  9.51688e-07
tk                  =  9.54535e-07
tk                  =  9.57381e-07
tk                  =  9.60227e-07
tk                  =  9.63074e-07
tk                  =  9.65920e-07
tk                  =  9.68766e-07
tk                  =  9.71613e-07
tk                  =  9.74459e-07
tk                  =  9.77305e-07
tk                  =  9.80152e-07
tk                  =  9.82999e-07
tk                  =  9.85845e-07
tk                  =  9.88692e-07
tk                  =  9.91539e-07
tk                  =  9.94385e-07
tk                  =  9.97232e-07
tk                  =  1.00008e-06
tk                  =  1.00293e-06
tk                  =  1.00577e-06
tk                  =  1.00862e-06
tk                  =  1.01147e-06
tk                  =  1.01431e-06
tk                  =  1.01716e-06
tk                  =  1.02000e-06
tk                  =  1.02285e-06
tk                  =  1.02570e-06
tk                  =  1.02854e-06
tk                  =  1.03139e-06
tk                  =  1.03424e-06
tk                  =  1.03709e-06
tk                  =  1.03993e-06
tk                  =  1.04278e-06
tk                  =  1.04563e-06
tk                  =  1.04847e-06
tk                  =  1.05132e-06
tk                  =  1.05417e-06
tk                  =  1.05701e-06
tk                  =  1.05986e-06
tk                  =  1.06271e-06
tk                  =  1.06555e-06
tk                  =  1.06840e-06
tk                  =  1.07125e-06
tk                  =  1.07409e-06
tk                  =  1.07694e-06
tk                  =  1.07979e-06
tk                  =  1.08263e-06
tk                  =  1.08548e-06
tk                  =  1.08832e-06
tk                  =  1.09117e-06
tk                  =  1.09402e-06
tk                  =  1.09686e-06
tk                  =  1.09971e-06
tk                  =  1.10258e-06
tk                  =  1.10545e-06
tk                  =  1.10833e-06
tk                  =  1.11120e-06
tk                  =  1.11408e-06
tk                  =  1.11695e-06
tk                  =  1.11983e-06
tk                  =  1.12270e-06
tk                  =  1.12557e-06
tk                  =  1.12845e-06
tk                  =  1.13132e-06
tk                  =  1.13419e-06
tk                  =  1.13707e-06
tk                  =  1.13994e-06
tk                  =  1.14282e-06
tk                  =  1.14569e-06
tk                  =  1.14856e-06
tk                  =  1.15144e-06
tk                  =  1.15431e-06
tk                  =  1.15719e-06
tk                  =  1.16006e-06
tk                  =  1.16293e-06
tk                  =  1.16581e-06
tk                  =  1.16868e-06
tk                  =  1.17156e-06
tk                  =  1.17443e-06
tk                  =  1.17730e-06
tk                  =  1.18018e-06
tk                  =  1.18305e-06
tk                  =  1.18593e-06
tk                  =  1.18880e-06
tk                  =  1.19167e-06
tk                  =  1.19455e-06
tk                  =  1.19742e-06
tk                  =  1.20030e-06
tk                  =  1.20317e-06
tk                  =  1.20604e-06
tk                  =  1.20892e-06
tk                  =  1.21179e-06
tk                  =  1.21467e-06
tk                  =  1.21754e-06
tk                  =  1.22042e-06
tk                  =  1.22329e-06
tk                  =  1.22616e-06
tk                  =  1.22904e-06
tk                  =  1.23191e-06
tk                  =  1.23478e-06
tk                  =  1.23766e-06
tk                  =  1.24053e-06
tk                  =  1.24341e-06
tk                  =  1.24628e-06
tk                  =  1.24915e-06
tk                  =  1.25203e-06
tk                  =  1.25490e-06
tk                  =  1.25777e-06
tk                  =  1.26065e-06
tk                  =  1.26352e-06
tk                  =  1.26640e-06
tk                  =  1.26927e-06
tk                  =  1.27215e-06
tk                  =  1.27502e-06
tk                  =  1.27789e-06
tk                  =  1.28077e-06
tk                  =  1.28364e-06
tk                  =  1.28652e-06
tk                  =  1.28939e-06
tk                  =  1.29226e-06
tk                  =  1.29514e-06
tk                  =  1.29801e-06
tk                  =  1.30089e-06
tk                  =  1.30376e-06
tk                  =  1.30663e-06
tk                  =  1.30951e-06
tk                  =  1.31238e-06
tk                  =  1.31526e-06
tk                  =  1.31813e-06
tk                  =  1.32100e-06
tk                  =  1.32388e-06
tk                  =  1.32675e-06
tk                  =  1.32963e-06
tk                  =  1.33250e-06
tk                  =  1.33538e-06
tk                  =  1.33825e-06
tk                  =  1.34112e-06
tk                  =  1.34400e-06
tk                  =  1.34687e-06
tk                  =  1.34975e-06
tk                  =  1.35262e-06
tk                  =  1.35549e-06
tk                  =  1.35837e-06
tk                  =  1.36124e-06
tk                  =  1.36412e-06
tk                  =  1.36699e-06
tk                  =  1.36987e-06
tk                  =  1.37274e-06
tk                  =  1.37561e-06
tk                  =  1.37849e-06
tk                  =  1.38136e-06
tk                  =  1.38424e-06
tk                  =  1.38711e-06
tk                  =  1.38998e-06
tk                  =  1.39286e-06
tk                  =  1.39573e-06
tk                  =  1.39861e-06
tk                  =  1.40148e-06
tk                  =  1.40435e-06
tk                  =  1.40723e-06
tk                  =  1.41010e-06
tk                  =  1.41298e-06
tk                  =  1.41585e-06
tk                  =  1.41873e-06
tk                  =  1.42160e-06
tk                  =  1.42447e-06
tk                  =  1.42735e-06
tk                  =  1.43022e-06
tk                  =  1.43309e-06
tk                  =  1.43597e-06
tk                  =  1.43884e-06
tk                  =  1.44172e-06
tk                  =  1.44459e-06
tk                  =  1.44746e-06
tk                  =  1.45034e-06
tk                  =  1.45321e-06
tk                  =  1.45609e-06
tk                  =  1.45896e-06
tk                  =  1.46184e-06
tk                  =  1.46471e-06
tk                  =  1.46758e-06
tk                  =  1.47046e-06
tk                  =  1.47333e-06
tk                  =  1.47621e-06
tk                  =  1.47908e-06
tk                  =  1.48196e-06
tk                  =  1.48483e-06
tk                  =  1.48771e-06
tk                  =  1.49058e-06
tk                  =  1.49345e-06
tk                  =  1.49633e-06
tk                  =  1.49920e-06
tk                  =  1.50208e-06
tk                  =  1.50495e-06
tk                  =  1.50782e-06
tk                  =  1.51070e-06
tk                  =  1.51357e-06
tk                  =  1.51645e-06
tk                  =  1.51932e-06
tk                  =  1.52219e-06
tk                  =  1.52507e-06
tk                  =  1.52794e-06
tk                  =  1.53082e-06
tk                  =  1.53369e-06
tk                  =  1.53656e-06
tk                  =  1.53944e-06
tk                  =  1.54231e-06
tk                  =  1.54519e-06
tk                  =  1.54806e-06
tk                  =  1.55093e-06
tk                  =  1.55381e-06
tk                  =  1.55668e-06
tk                  =  1.55956e-06
tk                  =  1.56243e-06
tk                  =  1.56530e-06
tk                  =  1.56818e-06
tk                  =  1.57105e-06
tk                  =  1.57393e-06
tk                  =  1.57680e-06
tk                  =  1.57967e-06
tk                  =  1.58255e-06
tk                  =  1.58542e-06
tk                  =  1.58830e-06
tk                  =  1.59117e-06
tk                  =  1.59405e-06
tk                  =  1.59692e-06
tk                  =  1.59979e-06
tk                  =  1.60264e-06
tk                  =  1.60549e-06
tk                  =  1.60834e-06
tk                  =  1.61118e-06
tk                  =  1.61403e-06
tk                  =  1.61688e-06
tk                  =  1.61972e-06
tk                  =  1.62257e-06
tk                  =  1.62542e-06
tk                  =  1.62826e-06
tk                  =  1.63111e-06
tk                  =  1.63396e-06
tk                  =  1.63680e-06
tk                  =  1.63965e-06
tk                  =  1.64250e-06
tk                  =  1.64534e-06
tk                  =  1.64819e-06
tk                  =  1.65104e-06
tk                  =  1.65388e-06
tk                  =  1.65673e-06
tk                  =  1.65958e-06
tk                  =  1.66242e-06
tk                  =  1.66527e-06
tk                  =  1.66811e-06
tk                  =  1.67096e-06
tk                  =  1.67381e-06
tk                  =  1.67665e-06
tk                  =  1.67950e-06
tk                  =  1.68235e-06
tk                  =  1.68519e-06
tk                  =  1.68804e-06
tk                  =  1.69089e-06
tk                  =  1.69373e-06
tk                  =  1.69658e-06
tk                  =  1.69943e-06
tk                  =  1.70227e-06
tk                  =  1.70512e-06
tk                  =  1.70797e-06
tk                  =  1.71082e-06
tk                  =  1.71366e-06
tk                  =  1.71651e-06
tk                  =  1.71935e-06
tk                  =  1.72220e-06
tk                  =  1.72505e-06
tk                  =  1.72789e-06
tk                  =  1.73074e-06
tk                  =  1.73359e-06
tk                  =  1.73643e-06
tk                  =  1.73928e-06
tk                  =  1.74213e-06
tk                  =  1.74497e-06
tk                  =  1.74782e-06
tk                  =  1.75067e-06
tk                  =  1.75351e-06
tk                  =  1.75636e-06
tk                  =  1.75920e-06
tk                  =  1.76205e-06
tk                  =  1.76490e-06
tk                  =  1.76774e-06
tk                  =  1.77059e-06
tk                  =  1.77344e-06
tk                  =  1.77628e-06
tk                  =  1.77913e-06
tk                  =  1.78198e-06
tk                  =  1.78482e-06
tk                  =  1.78767e-06
tk                  =  1.79052e-06
tk                  =  1.79336e-06
tk                  =  1.79621e-06
tk                  =  1.79906e-06
tk                  =  1.80190e-06
tk                  =  1.80475e-06
tk                  =  1.80759e-06
tk                  =  1.81044e-06
tk                  =  1.81329e-06
tk                  =  1.81613e-06
tk                  =  1.81898e-06
tk                  =  1.82183e-06
tk                  =  1.82467e-06
tk                  =  1.82752e-06
tk                  =  1.83037e-06
tk                  =  1.83321e-06
tk                  =  1.83606e-06
tk                  =  1.83891e-06
tk                  =  1.84175e-06
tk                  =  1.84460e-06
tk                  =  1.84745e-06
tk                  =  1.85029e-06
tk                  =  1.85314e-06
tk                  =  1.85599e-06
tk                  =  1.85883e-06
tk                  =  1.86168e-06
tk                  =  1.86453e-06
tk                  =  1.86737e-06
tk                  =  1.87022e-06
tk                  =  1.87307e-06
tk                  =  1.87591e-06
tk                  =  1.87876e-06
tk                  =  1.88161e-06
tk                  =  1.88445e-06
tk                  =  1.88730e-06
tk                  =  1.89014e-06
tk                  =  1.89299e-06
tk                  =  1.89584e-06
tk                  =  1.89868e-06
tk                  =  1.90153e-06
tk                  =  1.90438e-06
tk                  =  1.90722e-06
tk                  =  1.91007e-06
tk                  =  1.91292e-06
tk                  =  1.91576e-06
tk                  =  1.91861e-06
tk                  =  1.92145e-06
tk                  =  1.92430e-06
tk                  =  1.92715e-06
tk                  =  1.92999e-06
tk                  =  1.93284e-06
tk                  =  1.93569e-06
tk                  =  1.93853e-06
tk                  =  1.94138e-06
tk                  =  1.94423e-06
tk                  =  1.94708e-06
tk                  =  1.94992e-06
tk                  =  1.95277e-06
tk                  =  1.95562e-06
tk                  =  1.95846e-06
tk                  =  1.96131e-06
tk                  =  1.96416e-06
tk                  =  1.96700e-06
tk                  =  1.96985e-06
tk                  =  1.97269e-06
tk                  =  1.97554e-06
tk                  =  1.97839e-06
tk                  =  1.98123e-06
tk                  =  1.98408e-06
tk                  =  1.98693e-06
tk                  =  1.98977e-06
tk                  =  1.99262e-06
tk                  =  1.99547e-06
tk                  =  1.99831e-06
tk                  =  2.00116e-06
tk                  =  2.00401e-06
tk                  =  2.00685e-06
tk                  =  2.00970e-06
tk                  =  2.01254e-06
tk                  =  2.01539e-06
tk                  =  2.01824e-06
tk                  =  2.02108e-06
tk                  =  2.02393e-06
tk                  =  2.02678e-06
tk                  =  2.02962e-06
tk                  =  2.03247e-06
tk                  =  2.03532e-06
tk                  =  2.03816e-06
tk                  =  2.04101e-06
tk                  =  2.04386e-06
tk                  =  2.04670e-06
tk                  =  2.04955e-06
tk                  =  2.05240e-06
tk                  =  2.05524e-06
tk                  =  2.05809e-06
tk                  =  2.06094e-06
tk                  =  2.06378e-06
tk                  =  2.06663e-06
tk                  =  2.06948e-06
tk                  =  2.07232e-06
tk                  =  2.07517e-06
tk                  =  2.07802e-06
tk                  =  2.08086e-06
tk                  =  2.08371e-06
tk                  =  2.08656e-06
tk                  =  2.08940e-06
tk                  =  2.09225e-06
tk                  =  2.09510e-06
tk                  =  2.09794e-06
tk                  =  2.10080e-06
tk                  =  2.10367e-06
tk                  =  2.10655e-06
tk                  =  2.10942e-06
tk                  =  2.11229e-06
tk                  =  2.11517e-06
tk                  =  2.11804e-06
tk                  =  2.12091e-06
tk                  =  2.12379e-06
tk                  =  2.12666e-06
tk                  =  2.12954e-06
tk                  =  2.13241e-06
tk                  =  2.13529e-06
tk                  =  2.13816e-06
tk                  =  2.14103e-06
tk                  =  2.14391e-06
tk                  =  2.14678e-06
tk                  =  2.14966e-06
tk                  =  2.15253e-06
tk                  =  2.15540e-06
tk                  =  2.15828e-06
tk                  =  2.16115e-06
tk                  =  2.16403e-06
tk                  =  2.16690e-06
tk                  =  2.16978e-06
tk                  =  2.17265e-06
tk                  =  2.17552e-06
tk                  =  2.17840e-06
tk                  =  2.18127e-06
tk                  =  2.18415e-06
tk                  =  2.18702e-06
tk                  =  2.18989e-06
tk                  =  2.19277e-06
tk                  =  2.19564e-06
tk                  =  2.19852e-06
tk                  =  2.20139e-06
qw0                 =  -1.39052e-02
qw1                 =  -4.15181e-02
qp0                 =  -1.66781e-03
qp1                 =  -7.67427e-03
qf0                 =  -6.43235e-03
qf1                 =  -2.03305e-02
tclkm               =  1.00000e-06
m_period = 2.8577986328e-09
m_f_osc = 3.4991968591e+08
m_period_startup16 = 2.8466438750e-09
m_period_b00 = 2.8547827500e-09
m_period_b01 = 2.8739770833e-09
m_period_b02 = 2.8740333333e-09
m_period_b03 = 2.8740208333e-09
m_period_b04 = 2.8555187500e-09
m_period_b05 = 2.8464354167e-09
m_period_b06 = 2.8466520833e-09
m_period_b07 = 2.8470583333e-09
m_period_b08 = 2.8740208333e-09
m_period_b09 = 2.8741041667e-09
m_period_b10 = 2.8741041667e-09
m_period_b11 = 2.8632500000e-09
m_period_b12 = 2.8465416667e-09
m_period_b13 = 2.8465000000e-09
m_period_b14 = 2.8465416667e-09
m_period_b15 = 2.8668333333e-09
m_sigma_1 = 1.3522196657e-11
m_sigma_2 = 2.6993665916e-11
m_sigma_4 = 5.3860463693e-11
m_sigma_8 = 1.0720233085e-10
m_sigma_16 = 2.1211857717e-10
m_sigma_32 = 4.1387008008e-10
m_sigma_64 = 7.9940475528e-10
m_sigma_128 = 1.4701077037e-09
m_sigma_startup16_1 = 6.8642619171e-13
m_sigma_startup16_2 = 6.1460072598e-13
m_sigma_startup16_4 = 7.4819490468e-13
m_sigma_startup16_8 = 8.5873084646e-13
m_i_ring_a = 1.8871701742e-05
m_i_tap_a = 4.1050363216e-06
m_p_active_w = 6.2276615752e-05
m_p_tap_w = 1.3546619862e-05
m_e_per_cycle_j = 1.7797402735e-13
m_c_eff_node_f = 3.2685771779e-15
m_vsup_v = 3.3000000002e+00
m_i_buf_a = 9.4985035808e-06
m_p_buf_w = 3.1345061818e-05
m_clk_period_s = 1.0000000000e-06
m_clk_periods_in_window = 1.4631929000e+00
Note: Simulation executed from .control section 

Warning: m=xx on .subckt line will override multiplier m hierarchy!

