
Note: Compatibility modes selected: hs a


Circuit: * sampler-bit-bias-clocked-clk-floor @ tt_27c_3.30v -- generated by sim/harness, do not edit

Doing analysis at TEMP = 27.000000 and TNOM = 27.000000

Using SPARSE 1.3 as Direct Linear Solver

Initial Transient Solution
--------------------------

Node                                   Voltage
----                                   -------
vsup                                       3.3
en                                         3.3
vddr1                                      3.3
vddr2                                      3.3
vdd                                        3.3
xg1.py                                 1.58325
n11                                          0
g10                                1.24708e-07
xg1.nm                            7.45296e-206
xg1.ny                            6.95739e-206
x11.py                                     3.3
n12                                        3.3
g11                                          0
x11.ny                             2.35462e-08
x12.py                                     3.3
n13                                1.24708e-07
g12                                        3.3
x12.ny                             1.06256e-07
x13.py                                     3.3
n14                                        3.3
g13                                1.24708e-07
x13.ny                             2.35463e-08
x14.py                                     3.3
rn1                                1.24708e-07
g14                                        3.3
x14.ny                             1.06256e-07
xg2.py                                 1.59988
n21                                          0
g20                                1.17147e-07
xg2.nm                            1.54244e-206
xg2.ny                            1.43249e-206
x21.py                                     3.3
n22                                        3.3
g21                                          0
x21.ny                             2.18706e-08
x22.py                                     3.3
n23                                1.17147e-07
g22                                        3.3
x22.ny                              9.8695e-08
x23.py                                     3.3
n24                                        3.3
g23                                1.17147e-07
x23.ny                             2.18707e-08
x24.py                                     3.3
rn2                                1.17147e-07
g24                                        3.3
x24.ny                              9.8695e-08
ro1                                        3.3
ro2                                        3.3
xa1.an                             1.84515e-08
xa1.bn                             1.84515e-08
xa1.mid                               0.783853
xo                                 1.79152e-07
xa1.s1                              8.9576e-08
xa1.s2                             3.77437e-08
xsb.clkb                                   3.3
clk                                          0
xsb.m                              2.15824e-07
xsb.mb                                     3.3
rst_n                                      3.3
xsb.mmid                           1.58497e-09
xsb.mc                             3.68602e-08
xsb.s                                      3.3
raw_bit                            1.84515e-08
xsb.qb                                     3.3
xsb.s2mid                          1.58496e-09
xsr1.clkb                                  3.3
clkm                                         0
xsr1.m                                     3.3
xsr1.mb                            7.23127e-08
xsr1.mmid                          3.61564e-08
xsr1.mc                                    3.3
xsr1.s                                     3.3
ring_bit1                          1.84515e-08
xsr1.qb                                    3.3
xsr1.s2mid                         1.58496e-09
xsr2.clkb                                  3.3
xsr2.m                                     3.3
xsr2.mb                            6.83524e-08
xsr2.mmid                          3.41762e-08
xsr2.mc                                    3.3
xsr2.s                                 1.45521
ring_bit2                               1.3988
xsr2.qb                                1.45521
xsr2.s2mid                            0.122262
x1                                       -1.65
x2                                       -1.65
xc                                       -1.65
vth                                       1.65
tclkv                               1.0007e-06
btclk#branch                                 0
bvth#branch                                  0
bxc#branch                                   0
bx2#branch                                   0
bx1#branch                                   0
vrst#branch                                  0
vclkm#branch                                 0
vclk#branch                                  0
vn24#branch                                  0
vn23#branch                                  0
vn22#branch                                  0
vn21#branch                                  0
vn20#branch                       -2.92076e-24
vn14#branch                                  0
vn13#branch                                  0
vn12#branch                                  0
vn11#branch                                  0
vn10#branch                       -5.01638e-29
vtr#branch                         6.64053e-05
vr2#branch                         9.82234e-06
vr1#branch                          9.2686e-06
ven#branch                                   0
vsup#branch                       -8.54963e-05

 Reference value :  0.00000e+00
 Reference value :  2.88500e-09
 Reference value :  5.60200e-09
 Reference value :  8.23000e-09
 Reference value :  1.10140e-08
 Reference value :  1.37300e-08
 Reference value :  1.67000e-08
 Reference value :  1.94300e-08
 Reference value :  2.23500e-08
 Reference value :  2.52000e-08
 Reference value :  2.79000e-08
 Reference value :  3.06020e-08
 Reference value :  3.33500e-08
 Reference value :  3.62000e-08
 Reference value :  3.89850e-08
 Reference value :  4.16850e-08
 Reference value :  4.45060e-08
 Reference value :  4.72700e-08
 Reference value :  5.01000e-08
 Reference value :  5.30000e-08
 Reference value :  5.56850e-08
 Reference value :  5.84500e-08
 Reference value :  6.11300e-08
 Reference value :  6.40700e-08
 Reference value :  6.68060e-08
 Reference value :  6.95140e-08
 Reference value :  7.22700e-08
 Reference value :  7.51300e-08
 Reference value :  7.78020e-08
 Reference value :  8.05700e-08
 Reference value :  8.33500e-08
 Reference value :  8.60300e-08
 Reference value :  8.87060e-08
 Reference value :  9.15020e-08
 Reference value :  9.42700e-08
 Reference value :  9.70000e-08
 Reference value :  9.98140e-08
 Reference value :  1.02600e-07
 Reference value :  1.05330e-07
 Reference value :  1.08302e-07
 Reference value :  1.11114e-07
 Reference value :  1.13830e-07
 Reference value :  1.16600e-07
 Reference value :  1.19400e-07
 Reference value :  1.22185e-07
 Reference value :  1.24970e-07
 Reference value :  1.27700e-07
 Reference value :  1.30506e-07
 Reference value :  1.33285e-07
 Reference value :  1.36006e-07
 Reference value :  1.38750e-07
 Reference value :  1.41506e-07
 Reference value :  1.44314e-07
 Reference value :  1.47170e-07
 Reference value :  1.49830e-07
 Reference value :  1.52570e-07
 Reference value :  1.55200e-07
 Reference value :  1.58002e-07
 Reference value :  1.60785e-07
 Reference value :  1.63670e-07
 Reference value :  1.66470e-07
 Reference value :  1.69150e-07
 Reference value :  1.71914e-07
 Reference value :  1.74700e-07
 Reference value :  1.77470e-07
 Reference value :  1.80350e-07
 Reference value :  1.83185e-07
 Reference value :  1.85902e-07
 Reference value :  1.88800e-07
 Reference value :  1.91685e-07
 Reference value :  1.94485e-07
 Reference value :  1.97285e-07
 Reference value :  2.00114e-07
 Reference value :  2.02806e-07
 Reference value :  2.05485e-07
 Reference value :  2.08130e-07
 Reference value :  2.10750e-07
 Reference value :  2.13514e-07
 Reference value :  2.16270e-07
 Reference value :  2.19030e-07
 Reference value :  2.21814e-07
 Reference value :  2.24500e-07
 Reference value :  2.27250e-07
 Reference value :  2.30030e-07
 Reference value :  2.32550e-07
 Reference value :  2.35302e-07
 Reference value :  2.38014e-07
 Reference value :  2.40706e-07
 Reference value :  2.43450e-07
 Reference value :  2.46150e-07
 Reference value :  2.48850e-07
 Reference value :  2.51702e-07
 Reference value :  2.54530e-07
 Reference value :  2.57285e-07
 Reference value :  2.60000e-07
 Reference value :  2.62700e-07
 Reference value :  2.65485e-07
 Reference value :  2.68202e-07
 Reference value :  2.70930e-07
 Reference value :  2.73750e-07
 Reference value :  2.76400e-07
 Reference value :  2.79070e-07
 Reference value :  2.81714e-07
 Reference value :  2.84230e-07
 Reference value :  2.86914e-07
 Reference value :  2.89650e-07
 Reference value :  2.92206e-07
 Reference value :  2.94850e-07
 Reference value :  2.97606e-07
 Reference value :  3.00201e-07
 Reference value :  3.02900e-07
 Reference value :  3.05750e-07
 Reference value :  3.08506e-07
 Reference value :  3.11300e-07
 Reference value :  3.14002e-07
 Reference value :  3.16830e-07
 Reference value :  3.19770e-07
 Reference value :  3.22600e-07
 Reference value :  3.25414e-07
 Reference value :  3.28202e-07
 Reference value :  3.31106e-07
 Reference value :  3.33885e-07
 Reference value :  3.36750e-07
 Reference value :  3.39614e-07
 Reference value :  3.42370e-07
 Reference value :  3.45250e-07
 Reference value :  3.48102e-07
 Reference value :  3.51002e-07
 Reference value :  3.53870e-07
 Reference value :  3.56750e-07
 Reference value :  3.60250e-07
 Reference value :  3.63802e-07
 Reference value :  3.66602e-07
 Reference value :  3.69385e-07
 Reference value :  3.72185e-07
 Reference value :  3.75014e-07
 Reference value :  3.77714e-07
 Reference value :  3.80614e-07
 Reference value :  3.83530e-07
 Reference value :  3.86370e-07
 Reference value :  3.89185e-07
 Reference value :  3.92000e-07
 Reference value :  3.95002e-07
 Reference value :  3.97900e-07
 Reference value :  4.00706e-07
 Reference value :  4.03650e-07
 Reference value :  4.07350e-07
 Reference value :  4.11085e-07
 Reference value :  4.14430e-07
 Reference value :  4.17300e-07
 Reference value :  4.20600e-07
 Reference value :  4.24070e-07
 Reference value :  4.27085e-07
 Reference value :  4.30450e-07
 Reference value :  4.34130e-07
 Reference value :  4.36900e-07
 Reference value :  4.39814e-07
 Reference value :  4.42602e-07
 Reference value :  4.45385e-07
 Reference value :  4.48350e-07
 Reference value :  4.51170e-07
 Reference value :  4.54250e-07
 Reference value :  4.57185e-07
 Reference value :  4.60000e-07
 Reference value :  4.62902e-07
 Reference value :  4.65630e-07
 Reference value :  4.68530e-07
 Reference value :  4.71314e-07
 Reference value :  4.74100e-07
 Reference value :  4.76870e-07
 Reference value :  4.79630e-07
 Reference value :  4.82606e-07
 Reference value :  4.85350e-07
 Reference value :  4.88100e-07
 Reference value :  4.90914e-07
 Reference value :  4.93700e-07
 Reference value :  4.96570e-07
 Reference value :  4.99502e-07
 Reference value :  5.02302e-07
 Reference value :  5.05114e-07
 Reference value :  5.07930e-07
 Reference value :  5.10814e-07
 Reference value :  5.13685e-07
 Reference value :  5.16550e-07
 Reference value :  5.19500e-07
 Reference value :  5.22214e-07
 Reference value :  5.25102e-07
 Reference value :  5.28100e-07
 Reference value :  5.31070e-07
 Reference value :  5.34002e-07
 Reference value :  5.36870e-07
 Reference value :  5.39802e-07
 Reference value :  5.42630e-07
 Reference value :  5.45514e-07
 Reference value :  5.48314e-07
 Reference value :  5.51050e-07
 Reference value :  5.54006e-07
 Reference value :  5.56930e-07
 Reference value :  5.59800e-07
 Reference value :  5.62630e-07
 Reference value :  5.65530e-07
 Reference value :  5.68430e-07
 Reference value :  5.71230e-07
 Reference value :  5.74302e-07
 Reference value :  5.77114e-07
 Reference value :  5.79906e-07
 Reference value :  5.82900e-07
 Reference value :  5.85650e-07
 Reference value :  5.88400e-07
 Reference value :  5.91350e-07
 Reference value :  5.94130e-07
 Reference value :  5.96930e-07
 Reference value :  5.99802e-07
 Reference value :  6.02670e-07
 Reference value :  6.05614e-07
 Reference value :  6.08430e-07
 Reference value :  6.11350e-07
 Reference value :  6.14114e-07
 Reference value :  6.16950e-07
 Reference value :  6.19900e-07
 Reference value :  6.22730e-07
 Reference value :  6.25602e-07
 Reference value :  6.28506e-07
 Reference value :  6.31314e-07
 Reference value :  6.34130e-07
 Reference value :  6.37000e-07
 Reference value :  6.39906e-07
 Reference value :  6.42806e-07
 Reference value :  6.45706e-07
 Reference value :  6.48606e-07
 Reference value :  6.51470e-07
 Reference value :  6.54300e-07
 Reference value :  6.57070e-07
 Reference value :  6.59930e-07
 Reference value :  6.62802e-07
 Reference value :  6.65714e-07
 Reference value :  6.68606e-07
 Reference value :  6.71500e-07
 Reference value :  6.74302e-07
 Reference value :  6.77130e-07
 Reference value :  6.79930e-07
 Reference value :  6.82850e-07
 Reference value :  6.85800e-07
 Reference value :  6.88614e-07
 Reference value :  6.91550e-07
 Reference value :  6.94330e-07
 Reference value :  6.97185e-07
 Reference value :  7.00114e-07
 Reference value :  7.02985e-07
 Reference value :  7.05850e-07
 Reference value :  7.08770e-07
 Reference value :  7.11630e-07
 Reference value :  7.14685e-07
 Reference value :  7.17506e-07
 Reference value :  7.20370e-07
 Reference value :  7.23130e-07
 Reference value :  7.26030e-07
 Reference value :  7.28950e-07
 Reference value :  7.31802e-07
 Reference value :  7.34650e-07
 Reference value :  7.37785e-07
 Reference value :  7.40770e-07
 Reference value :  7.43602e-07
 Reference value :  7.46506e-07
 Reference value :  7.49430e-07
 Reference value :  7.52230e-07
 Reference value :  7.55300e-07
 Reference value :  7.58114e-07
 Reference value :  7.60806e-07
 Reference value :  7.63700e-07
 Reference value :  7.66585e-07
 Reference value :  7.69385e-07
 Reference value :  7.72206e-07
 Reference value :  7.75070e-07
 Reference value :  7.78000e-07
 Reference value :  7.80706e-07
 Reference value :  7.83630e-07
 Reference value :  7.86402e-07
 Reference value :  7.89300e-07
 Reference value :  7.92300e-07
 Reference value :  7.95350e-07
 Reference value :  7.98100e-07
 Reference value :  8.01100e-07
 Reference value :  8.04630e-07
 Reference value :  8.08302e-07
 Reference value :  8.11800e-07
 Reference value :  8.15014e-07
 Reference value :  8.17714e-07
 Reference value :  8.20430e-07
 Reference value :  8.23170e-07
 Reference value :  8.25902e-07
 Reference value :  8.28802e-07
 Reference value :  8.31714e-07
 Reference value :  8.34685e-07
 Reference value :  8.37506e-07
 Reference value :  8.40400e-07
 Reference value :  8.43350e-07
 Reference value :  8.46230e-07
 Reference value :  8.49306e-07
 Reference value :  8.52285e-07
 Reference value :  8.55200e-07
 Reference value :  8.57870e-07
 Reference value :  8.60706e-07
 Reference value :  8.63500e-07
 Reference value :  8.66250e-07
 Reference value :  8.68902e-07
 Reference value :  8.71614e-07
 Reference value :  8.74314e-07
 Reference value :  8.77685e-07
 Reference value :  8.82214e-07
 Reference value :  8.86300e-07
 Reference value :  8.89102e-07
 Reference value :  8.91950e-07
 Reference value :  8.94830e-07
 Reference value :  8.97450e-07
 Reference value :  9.00402e-07
 Reference value :  9.03106e-07
 Reference value :  9.05850e-07
 Reference value :  9.08700e-07
 Reference value :  9.11630e-07
 Reference value :  9.14730e-07
 Reference value :  9.17614e-07
 Reference value :  9.20630e-07
 Reference value :  9.23550e-07
 Reference value :  9.26414e-07
 Reference value :  9.29170e-07
 Reference value :  9.31800e-07
 Reference value :  9.34670e-07
 Reference value :  9.37430e-07
 Reference value :  9.40185e-07
 Reference value :  9.42870e-07
 Reference value :  9.45585e-07
 Reference value :  9.48330e-07
 Reference value :  9.51130e-07
 Reference value :  9.54002e-07
 Reference value :  9.56906e-07
 Reference value :  9.59730e-07
 Reference value :  9.62470e-07
 Reference value :  9.65330e-07
 Reference value :  9.68030e-07
 Reference value :  9.70906e-07
 Reference value :  9.73650e-07
 Reference value :  9.76400e-07
 Reference value :  9.79170e-07
 Reference value :  9.81906e-07
 Reference value :  9.84714e-07
 Reference value :  9.87506e-07
 Reference value :  9.90302e-07
 Reference value :  9.93085e-07
 Reference value :  9.95806e-07
 Reference value :  9.98550e-07
 Reference value :  1.00135e-06
 Reference value :  1.00401e-06
 Reference value :  1.00681e-06
 Reference value :  1.00958e-06
 Reference value :  1.01231e-06
 Reference value :  1.01507e-06
 Reference value :  1.01781e-06
 Reference value :  1.02055e-06
 Reference value :  1.02330e-06
 Reference value :  1.02605e-06
 Reference value :  1.02880e-06
 Reference value :  1.03158e-06
 Reference value :  1.03421e-06
 Reference value :  1.03703e-06
 Reference value :  1.03981e-06
 Reference value :  1.04267e-06
 Reference value :  1.04540e-06
 Reference value :  1.04810e-06
 Reference value :  1.05075e-06
 Reference value :  1.05350e-06
 Reference value :  1.05633e-06
 Reference value :  1.05901e-06
 Reference value :  1.06187e-06
 Reference value :  1.06468e-06
 Reference value :  1.06745e-06
 Reference value :  1.07021e-06
 Reference value :  1.07297e-06
 Reference value :  1.07571e-06
 Reference value :  1.07855e-06
 Reference value :  1.08123e-06
 Reference value :  1.08390e-06
 Reference value :  1.08660e-06
 Reference value :  1.08928e-06
 Reference value :  1.09210e-06
 Reference value :  1.09490e-06
 Reference value :  1.09777e-06
 Reference value :  1.10050e-06
 Reference value :  1.10321e-06
 Reference value :  1.10590e-06
 Reference value :  1.10860e-06
 Reference value :  1.11140e-06
 Reference value :  1.11415e-06
 Reference value :  1.11698e-06
 Reference value :  1.11963e-06
 Reference value :  1.12241e-06
 Reference value :  1.12505e-06
 Reference value :  1.12788e-06
 Reference value :  1.13075e-06
 Reference value :  1.13351e-06
 Reference value :  1.13637e-06
 Reference value :  1.13910e-06
 Reference value :  1.14187e-06
 Reference value :  1.14460e-06
 Reference value :  1.14740e-06
 Reference value :  1.15027e-06
 Reference value :  1.15310e-06
 Reference value :  1.15581e-06
 Reference value :  1.15851e-06
 Reference value :  1.16118e-06
 Reference value :  1.16388e-06
 Reference value :  1.16658e-06
 Reference value :  1.16940e-06
 Reference value :  1.17210e-06
 Reference value :  1.17480e-06
 Reference value :  1.17750e-06
 Reference value :  1.18021e-06
 Reference value :  1.18295e-06
 Reference value :  1.18581e-06
 Reference value :  1.18858e-06
 Reference value :  1.19130e-06
 Reference value :  1.19418e-06
 Reference value :  1.19693e-06
 Reference value :  1.19977e-06
 Reference value :  1.20270e-06
 Reference value :  1.20543e-06
 Reference value :  1.20820e-06
 Reference value :  1.21100e-06
 Reference value :  1.21371e-06
 Reference value :  1.21660e-06
 Reference value :  1.21948e-06
 Reference value :  1.22238e-06
 Reference value :  1.22510e-06
 Reference value :  1.22800e-06
 Reference value :  1.23083e-06
 Reference value :  1.23360e-06
 Reference value :  1.23635e-06
 Reference value :  1.23937e-06
 Reference value :  1.24225e-06
 Reference value :  1.24497e-06
 Reference value :  1.24775e-06
 Reference value :  1.25065e-06
 Reference value :  1.25337e-06
 Reference value :  1.25608e-06
 Reference value :  1.25893e-06
 Reference value :  1.26170e-06
 Reference value :  1.26438e-06
 Reference value :  1.26708e-06
 Reference value :  1.26977e-06
 Reference value :  1.27300e-06
 Reference value :  1.27638e-06
 Reference value :  1.27903e-06
 Reference value :  1.28183e-06
 Reference value :  1.28461e-06
 Reference value :  1.28743e-06
 Reference value :  1.29010e-06
 Reference value :  1.29283e-06
 Reference value :  1.29570e-06
 Reference value :  1.29823e-06
 Reference value :  1.30085e-06
 Reference value :  1.30343e-06
 Reference value :  1.30633e-06
 Reference value :  1.30957e-06
 Reference value :  1.31210e-06
 Reference value :  1.31510e-06
 Reference value :  1.31780e-06
 Reference value :  1.32050e-06
 Reference value :  1.32335e-06
 Reference value :  1.32590e-06
 Reference value :  1.33055e-06
 Reference value :  1.33491e-06
 Reference value :  1.33970e-06
 Reference value :  1.34445e-06
 Reference value :  1.34878e-06
 Reference value :  1.35327e-06
 Reference value :  1.35770e-06
 Reference value :  1.36230e-06
 Reference value :  1.36583e-06
 Reference value :  1.36867e-06
 Reference value :  1.37213e-06
 Reference value :  1.37641e-06
 Reference value :  1.38041e-06
 Reference value :  1.38450e-06
 Reference value :  1.38908e-06
 Reference value :  1.39351e-06
 Reference value :  1.39751e-06
 Reference value :  1.40167e-06
 Reference value :  1.40605e-06
 Reference value :  1.41078e-06
 Reference value :  1.41545e-06
 Reference value :  1.42025e-06
 Reference value :  1.42537e-06
 Reference value :  1.42955e-06
 Reference value :  1.43433e-06
 Reference value :  1.43918e-06
 Reference value :  1.44365e-06
 Reference value :  1.44770e-06
 Reference value :  1.45231e-06
 Reference value :  1.45728e-06
 Reference value :  1.46230e-06
 Reference value :  1.46657e-06
 Reference value :  1.47071e-06
 Reference value :  1.47495e-06
 Reference value :  1.47903e-06
 Reference value :  1.48300e-06
 Reference value :  1.48755e-06
 Reference value :  1.49075e-06
 Reference value :  1.49343e-06
 Reference value :  1.49610e-06
 Reference value :  1.49887e-06
 Reference value :  1.50157e-06
 Reference value :  1.50427e-06
 Reference value :  1.50683e-06
 Reference value :  1.50961e-06
 Reference value :  1.51230e-06
 Reference value :  1.51491e-06
 Reference value :  1.51760e-06
 Reference value :  1.52021e-06
 Reference value :  1.52290e-06
 Reference value :  1.52553e-06
 Reference value :  1.52827e-06
 Reference value :  1.53107e-06
 Reference value :  1.53368e-06
 Reference value :  1.53633e-06
 Reference value :  1.53913e-06
 Reference value :  1.54190e-06
 Reference value :  1.54468e-06
 Reference value :  1.54758e-06
 Reference value :  1.55020e-06
 Reference value :  1.55293e-06
 Reference value :  1.55553e-06
 Reference value :  1.55818e-06
 Reference value :  1.56083e-06
 Reference value :  1.56350e-06
 Reference value :  1.56621e-06
 Reference value :  1.56888e-06
 Reference value :  1.57143e-06
 Reference value :  1.57418e-06
 Reference value :  1.57687e-06
 Reference value :  1.57951e-06
 Reference value :  1.58227e-06
 Reference value :  1.58508e-06
 Reference value :  1.58790e-06
 Reference value :  1.59061e-06
 Reference value :  1.59330e-06
 Reference value :  1.59617e-06
 Reference value :  1.59880e-06
 Reference value :  1.60147e-06
 Reference value :  1.60417e-06
 Reference value :  1.60683e-06
 Reference value :  1.60957e-06
 Reference value :  1.61230e-06
 Reference value :  1.61491e-06
 Reference value :  1.61767e-06
 Reference value :  1.62020e-06
 Reference value :  1.62281e-06
 Reference value :  1.62548e-06
 Reference value :  1.62813e-06
 Reference value :  1.63095e-06
 Reference value :  1.63348e-06
 Reference value :  1.63620e-06
 Reference value :  1.63901e-06
 Reference value :  1.64170e-06
 Reference value :  1.64451e-06
 Reference value :  1.64701e-06
 Reference value :  1.64975e-06
 Reference value :  1.65241e-06
 Reference value :  1.65503e-06
 Reference value :  1.65765e-06
 Reference value :  1.66047e-06
 Reference value :  1.66301e-06
 Reference value :  1.66561e-06
 Reference value :  1.66830e-06
 Reference value :  1.67093e-06
 Reference value :  1.67368e-06
 Reference value :  1.67631e-06
 Reference value :  1.67898e-06
 Reference value :  1.68171e-06
 Reference value :  1.68440e-06
 Reference value :  1.68695e-06
 Reference value :  1.68960e-06
 Reference value :  1.69230e-06
 Reference value :  1.69501e-06
 Reference value :  1.69788e-06
 Reference value :  1.70040e-06
 Reference value :  1.70330e-06
 Reference value :  1.70595e-06
 Reference value :  1.70855e-06
 Reference value :  1.71120e-06
 Reference value :  1.71395e-06
 Reference value :  1.71671e-06
 Reference value :  1.71940e-06
 Reference value :  1.72198e-06
 Reference value :  1.72465e-06
 Reference value :  1.72737e-06
 Reference value :  1.73003e-06
 Reference value :  1.73267e-06
 Reference value :  1.73531e-06
 Reference value :  1.73785e-06
 Reference value :  1.74061e-06
 Reference value :  1.74340e-06
 Reference value :  1.74601e-06
 Reference value :  1.74897e-06
 Reference value :  1.75157e-06
 Reference value :  1.75418e-06
 Reference value :  1.75667e-06
 Reference value :  1.75923e-06
 Reference value :  1.76203e-06
 Reference value :  1.76470e-06
 Reference value :  1.76733e-06
 Reference value :  1.76998e-06
 Reference value :  1.77291e-06
 Reference value :  1.77568e-06
 Reference value :  1.77837e-06
 Reference value :  1.78121e-06
 Reference value :  1.78410e-06
 Reference value :  1.78685e-06
 Reference value :  1.78977e-06
 Reference value :  1.79260e-06
 Reference value :  1.79523e-06
 Reference value :  1.79801e-06
 Reference value :  1.80060e-06
 Reference value :  1.80331e-06
 Reference value :  1.80593e-06
 Reference value :  1.80855e-06
 Reference value :  1.81125e-06
 Reference value :  1.81391e-06
 Reference value :  1.81647e-06
 Reference value :  1.81920e-06
 Reference value :  1.82185e-06
 Reference value :  1.82470e-06
 Reference value :  1.82751e-06
 Reference value :  1.82998e-06
 Reference value :  1.83270e-06
 Reference value :  1.83528e-06
 Reference value :  1.83783e-06
 Reference value :  1.84060e-06
 Reference value :  1.84323e-06
 Reference value :  1.84588e-06
 Reference value :  1.84848e-06
 Reference value :  1.85101e-06
 Reference value :  1.85350e-06
 Reference value :  1.85617e-06
 Reference value :  1.85870e-06
 Reference value :  1.86135e-06
 Reference value :  1.86381e-06
 Reference value :  1.86641e-06
 Reference value :  1.86903e-06
 Reference value :  1.87177e-06
 Reference value :  1.87441e-06
 Reference value :  1.87697e-06
 Reference value :  1.87941e-06
 Reference value :  1.88193e-06
 Reference value :  1.88451e-06
 Reference value :  1.88701e-06
 Reference value :  1.88965e-06
 Reference value :  1.89233e-06
 Reference value :  1.89481e-06
 Reference value :  1.89731e-06
 Reference value :  1.89978e-06
 Reference value :  1.90227e-06
 Reference value :  1.90481e-06
 Reference value :  1.90733e-06
 Reference value :  1.90991e-06
 Reference value :  1.91258e-06
 Reference value :  1.91500e-06
 Reference value :  1.91755e-06
 Reference value :  1.92010e-06
 Reference value :  1.92275e-06
 Reference value :  1.92528e-06
 Reference value :  1.92791e-06
 Reference value :  1.93051e-06
 Reference value :  1.93295e-06
 Reference value :  1.93548e-06
 Reference value :  1.93800e-06
 Reference value :  1.94071e-06
 Reference value :  1.94328e-06
 Reference value :  1.94587e-06
 Reference value :  1.94840e-06
 Reference value :  1.95107e-06
 Reference value :  1.95371e-06
 Reference value :  1.95631e-06
 Reference value :  1.95880e-06
 Reference value :  1.96131e-06
 Reference value :  1.96401e-06
 Reference value :  1.96668e-06
 Reference value :  1.96917e-06
 Reference value :  1.97161e-06
 Reference value :  1.97415e-06
 Reference value :  1.97675e-06
 Reference value :  1.97941e-06
 Reference value :  1.98191e-06
 Reference value :  1.98438e-06
 Reference value :  1.98695e-06
 Reference value :  1.98943e-06
 Reference value :  1.99207e-06
 Reference value :  1.99460e-06
 Reference value :  1.99717e-06
 Reference value :  1.99985e-06
 Reference value :  2.00241e-06
 Reference value :  2.00500e-06
 Reference value :  2.00770e-06
 Reference value :  2.01023e-06
 Reference value :  2.01298e-06
 Reference value :  2.01547e-06
 Reference value :  2.01798e-06
 Reference value :  2.02070e-06
 Reference value :  2.02321e-06
 Reference value :  2.02587e-06
 Reference value :  2.02841e-06
 Reference value :  2.03105e-06
 Reference value :  2.03361e-06
 Reference value :  2.03615e-06
 Reference value :  2.03880e-06
 Reference value :  2.04131e-06
 Reference value :  2.04390e-06
 Reference value :  2.04657e-06
 Reference value :  2.04925e-06
 Reference value :  2.05180e-06
 Reference value :  2.05450e-06
 Reference value :  2.05711e-06
 Reference value :  2.05970e-06
 Reference value :  2.06233e-06
 Reference value :  2.06500e-06
 Reference value :  2.06765e-06
 Reference value :  2.07031e-06
 Reference value :  2.07281e-06
 Reference value :  2.07543e-06
 Reference value :  2.07793e-06
 Reference value :  2.08051e-06
 Reference value :  2.08313e-06
 Reference value :  2.08581e-06
 Reference value :  2.08838e-06
 Reference value :  2.09105e-06
 Reference value :  2.09351e-06
 Reference value :  2.09601e-06
 Reference value :  2.09860e-06
 Reference value :  2.10145e-06
 Reference value :  2.10427e-06
 Reference value :  2.10711e-06
 Reference value :  2.10968e-06
 Reference value :  2.11220e-06
 Reference value :  2.11480e-06
 Reference value :  2.11743e-06
 Reference value :  2.12031e-06
 Reference value :  2.12300e-06
 Reference value :  2.12543e-06
 Reference value :  2.12798e-06
 Reference value :  2.13050e-06
 Reference value :  2.13340e-06
 Reference value :  2.13610e-06
 Reference value :  2.13877e-06
 Reference value :  2.14147e-06
 Reference value :  2.14430e-06
 Reference value :  2.14690e-06
 Reference value :  2.14960e-06
 Reference value :  2.15213e-06
 Reference value :  2.15461e-06
 Reference value :  2.15721e-06
 Reference value :  2.15991e-06
 Reference value :  2.16260e-06
 Reference value :  2.16513e-06
 Reference value :  2.16767e-06
 Reference value :  2.17031e-06
 Reference value :  2.17287e-06
 Reference value :  2.17551e-06
 Reference value :  2.17805e-06
 Reference value :  2.18073e-06
 Reference value :  2.18340e-06
 Reference value :  2.18600e-06
 Reference value :  2.18851e-06
 Reference value :  2.19110e-06
 Reference value :  2.19375e-06
 Reference value :  2.19637e-06
 Reference value :  2.19891e-06
 Reference value :  2.20147e-06
 Reference value :  2.20407e-06
 Reference value :  2.20665e-06
 Reference value :  2.20937e-06
 Reference value :  2.21201e-06
 Reference value :  2.21467e-06
 Reference value :  2.21715e-06
 Reference value :  2.21977e-06
 Reference value :  2.22220e-06
 Reference value :  2.22471e-06
 Reference value :  2.22730e-06
 Reference value :  2.22990e-06
 Reference value :  2.23241e-06
 Reference value :  2.23485e-06
 Reference value :  2.23740e-06
 Reference value :  2.23997e-06
 Reference value :  2.24260e-06
 Reference value :  2.24531e-06
 Reference value :  2.24788e-06
 Reference value :  2.25057e-06
 Reference value :  2.25320e-06
 Reference value :  2.25573e-06
 Reference value :  2.25827e-06
 Reference value :  2.26091e-06
 Reference value :  2.26365e-06
 Reference value :  2.26641e-06
 Reference value :  2.26891e-06
 Reference value :  2.27138e-06
 Reference value :  2.27390e-06
 Reference value :  2.27651e-06
 Reference value :  2.27908e-06
 Reference value :  2.28160e-06
 Reference value :  2.28425e-06
 Reference value :  2.28697e-06
 Reference value :  2.28950e-06
 Reference value :  2.29201e-06
 Reference value :  2.29450e-06
 Reference value :  2.29701e-06
 Reference value :  2.29967e-06
 Reference value :  2.30205e-06
 Reference value :  2.30475e-06
 Reference value :  2.30755e-06
 Reference value :  2.31023e-06
 Reference value :  2.31285e-06
 Reference value :  2.31548e-06
 Reference value :  2.31813e-06
 Reference value :  2.32085e-06
 Reference value :  2.32350e-06
 Reference value :  2.32603e-06
 Reference value :  2.32875e-06
 Reference value :  2.33141e-06
 Reference value :  2.33423e-06
 Reference value :  2.33697e-06
 Reference value :  2.33953e-06
 Reference value :  2.34218e-06
 Reference value :  2.34475e-06
 Reference value :  2.34750e-06
 Reference value :  2.35013e-06
 Reference value :  2.35278e-06
 Reference value :  2.35538e-06
 Reference value :  2.35813e-06
 Reference value :  2.36068e-06
 Reference value :  2.36330e-06
 Reference value :  2.36597e-06
 Reference value :  2.36858e-06
 Reference value :  2.37143e-06
 Reference value :  2.37407e-06
 Reference value :  2.37673e-06
 Reference value :  2.37928e-06
 Reference value :  2.38187e-06
 Reference value :  2.38453e-06
 Reference value :  2.38723e-06
 Reference value :  2.38980e-06
 Reference value :  2.39250e-06
 Reference value :  2.39521e-06
 Reference value :  2.39781e-06
 Reference value :  2.40050e-06
 Reference value :  2.40311e-06
 Reference value :  2.40593e-06
 Reference value :  2.40885e-06
 Reference value :  2.41141e-06
 Reference value :  2.41411e-06
 Reference value :  2.41668e-06
 Reference value :  2.41935e-06
 Reference value :  2.42198e-06
 Reference value :  2.42457e-06
 Reference value :  2.42748e-06
 Reference value :  2.43003e-06
 Reference value :  2.43273e-06
 Reference value :  2.43570e-06
 Reference value :  2.43845e-06
 Reference value :  2.44120e-06
 Reference value :  2.44403e-06
 Reference value :  2.44668e-06
 Reference value :  2.44933e-06
 Reference value :  2.45200e-06
 Reference value :  2.45475e-06
 Reference value :  2.45760e-06
 Reference value :  2.46050e-06
 Reference value :  2.46340e-06
 Reference value :  2.46645e-06
 Reference value :  2.46927e-06
 Reference value :  2.47195e-06
 Reference value :  2.47455e-06
 Reference value :  2.47740e-06
 Reference value :  2.48035e-06
 Reference value :  2.48315e-06
 Reference value :  2.48571e-06
 Reference value :  2.48831e-06
 Reference value :  2.49077e-06
 Reference value :  2.49343e-06
 Reference value :  2.49593e-06
 Reference value :  2.49877e-06
 Reference value :  2.50161e-06
 Reference value :  2.50440e-06
 Reference value :  2.50705e-06
 Reference value :  2.50963e-06
 Reference value :  2.51221e-06
 Reference value :  2.51490e-06
 Reference value :  2.51798e-06
 Reference value :  2.52090e-06
 Reference value :  2.52367e-06
 Reference value :  2.52627e-06
 Reference value :  2.52898e-06
 Reference value :  2.53157e-06
 Reference value :  2.53418e-06
 Reference value :  2.53685e-06
 Reference value :  2.53951e-06
 Reference value :  2.54211e-06
 Reference value :  2.54481e-06
 Reference value :  2.54747e-06
 Reference value :  2.55013e-06
 Reference value :  2.55267e-06
 Reference value :  2.55540e-06
 Reference value :  2.55801e-06
 Reference value :  2.56071e-06
 Reference value :  2.56333e-06
 Reference value :  2.56601e-06
 Reference value :  2.56861e-06
 Reference value :  2.57135e-06
 Reference value :  2.57450e-06
 Reference value :  2.57755e-06
 Reference value :  2.58021e-06
 Reference value :  2.58291e-06
 Reference value :  2.58551e-06
 Reference value :  2.58825e-06
 Reference value :  2.59083e-06
 Reference value :  2.59343e-06
 Reference value :  2.59598e-06
 Reference value :  2.59853e-06
 Reference value :  2.60125e-06
 Reference value :  2.60391e-06
 Reference value :  2.60650e-06
 Reference value :  2.60918e-06
 Reference value :  2.61175e-06
 Reference value :  2.61451e-06
 Reference value :  2.61721e-06
 Reference value :  2.61980e-06
 Reference value :  2.62247e-06
 Reference value :  2.62507e-06
 Reference value :  2.62797e-06
 Reference value :  2.63081e-06
 Reference value :  2.63368e-06
 Reference value :  2.63630e-06
 Reference value :  2.63898e-06
 Reference value :  2.64145e-06
 Reference value :  2.64398e-06
 Reference value :  2.64651e-06
 Reference value :  2.64901e-06
 Reference value :  2.65173e-06
 Reference value :  2.65441e-06
 Reference value :  2.65705e-06
 Reference value :  2.65968e-06
 Reference value :  2.66223e-06
 Reference value :  2.66491e-06
 Reference value :  2.66765e-06
 Reference value :  2.67028e-06
 Reference value :  2.67300e-06
 Reference value :  2.67557e-06
 Reference value :  2.67820e-06
 Reference value :  2.68080e-06
 Reference value :  2.68343e-06
 Reference value :  2.68607e-06
 Reference value :  2.68871e-06
 Reference value :  2.69130e-06
 Reference value :  2.69421e-06
 Reference value :  2.69711e-06
 Reference value :  2.69973e-06
 Reference value :  2.70240e-06
 Reference value :  2.70523e-06
 Reference value :  2.70790e-06
 Reference value :  2.71060e-06
 Reference value :  2.71323e-06
 Reference value :  2.71591e-06
 Reference value :  2.71860e-06
 Reference value :  2.72130e-06
 Reference value :  2.72413e-06
 Reference value :  2.72693e-06
 Reference value :  2.72970e-06
 Reference value :  2.73247e-06
 Reference value :  2.73505e-06
 Reference value :  2.73770e-06
 Reference value :  2.74028e-06
 Reference value :  2.74301e-06
 Reference value :  2.74573e-06
 Reference value :  2.74833e-06
 Reference value :  2.75095e-06
 Reference value :  2.75351e-06
 Reference value :  2.75611e-06
 Reference value :  2.75873e-06
 Reference value :  2.76137e-06
 Reference value :  2.76398e-06
 Reference value :  2.76680e-06
 Reference value :  2.76928e-06
 Reference value :  2.77205e-06
 Reference value :  2.77487e-06
 Reference value :  2.77757e-06
 Reference value :  2.78030e-06
 Reference value :  2.78291e-06
 Reference value :  2.78555e-06
 Reference value :  2.78820e-06
 Reference value :  2.79075e-06
 Reference value :  2.79370e-06
 Reference value :  2.79657e-06
 Reference value :  2.79930e-06
 Reference value :  2.80196e-06
 Reference value :  2.80457e-06
 Reference value :  2.80708e-06
 Reference value :  2.80963e-06
 Reference value :  2.81211e-06
 Reference value :  2.81468e-06
 Reference value :  2.81730e-06
 Reference value :  2.81985e-06
 Reference value :  2.82250e-06
 Reference value :  2.82525e-06
 Reference value :  2.82770e-06
 Reference value :  2.83011e-06
 Reference value :  2.83273e-06
 Reference value :  2.83540e-06
 Reference value :  2.83820e-06
 Reference value :  2.84083e-06
 Reference value :  2.84350e-06
 Reference value :  2.84597e-06
 Reference value :  2.84851e-06
 Reference value :  2.85098e-06
 Reference value :  2.85380e-06
 Reference value :  2.85635e-06
 Reference value :  2.85895e-06
 Reference value :  2.86161e-06
 Reference value :  2.86441e-06
 Reference value :  2.86710e-06
 Reference value :  2.86991e-06
 Reference value :  2.87270e-06
 Reference value :  2.87551e-06
 Reference value :  2.87830e-06
 Reference value :  2.88105e-06
 Reference value :  2.88375e-06
 Reference value :  2.88660e-06
 Reference value :  2.88941e-06
 Reference value :  2.89211e-06
 Reference value :  2.89483e-06
 Reference value :  2.89760e-06
 Reference value :  2.90033e-06
 Reference value :  2.90298e-06
 Reference value :  2.90561e-06
 Reference value :  2.90860e-06
 Reference value :  2.91147e-06
 Reference value :  2.91415e-06
 Reference value :  2.91695e-06
 Reference value :  2.91960e-06
 Reference value :  2.92241e-06
 Reference value :  2.92540e-06
 Reference value :  2.92823e-06
 Reference value :  2.93110e-06
 Reference value :  2.93381e-06
 Reference value :  2.93668e-06
 Reference value :  2.93933e-06
 Reference value :  2.94210e-06
 Reference value :  2.94488e-06
 Reference value :  2.94770e-06
 Reference value :  2.95045e-06
 Reference value :  2.95321e-06
 Reference value :  2.95595e-06
 Reference value :  2.95871e-06
 Reference value :  2.96148e-06
 Reference value :  2.96418e-06
 Reference value :  2.96700e-06
 Reference value :  2.96970e-06
 Reference value :  2.97231e-06
 Reference value :  2.97500e-06
 Reference value :  2.97778e-06
 Reference value :  2.98063e-06
 Reference value :  2.98351e-06
 Reference value :  2.98625e-06
 Reference value :  2.98890e-06
 Reference value :  2.99153e-06
 Reference value :  2.99420e-06
 Reference value :  2.99690e-06
 Reference value :  2.99968e-06
 Reference value :  3.00251e-06
 Reference value :  3.00530e-06
 Reference value :  3.00805e-06
 Reference value :  3.01083e-06
 Reference value :  3.01355e-06
 Reference value :  3.01645e-06
 Reference value :  3.01923e-06
 Reference value :  3.02193e-06
 Reference value :  3.02470e-06
 Reference value :  3.02750e-06
 Reference value :  3.03027e-06
 Reference value :  3.03301e-06
 Reference value :  3.03575e-06
 Reference value :  3.03853e-06
 Reference value :  3.04135e-06
 Reference value :  3.04413e-06
 Reference value :  3.04678e-06
 Reference value :  3.04941e-06
 Reference value :  3.05223e-06
 Reference value :  3.05513e-06
 Reference value :  3.05791e-06
 Reference value :  3.06057e-06
 Reference value :  3.06330e-06
 Reference value :  3.06598e-06
 Reference value :  3.06877e-06
 Reference value :  3.07157e-06
 Reference value :  3.07427e-06
 Reference value :  3.07708e-06
 Reference value :  3.07981e-06
 Reference value :  3.08258e-06
 Reference value :  3.08528e-06
 Reference value :  3.08815e-06
 Reference value :  3.09098e-06
 Reference value :  3.09371e-06
 Reference value :  3.09647e-06
 Reference value :  3.09930e-06
 Reference value :  3.10201e-06
 Reference value :  3.10480e-06
 Reference value :  3.10750e-06
 Reference value :  3.11028e-06
 Reference value :  3.11301e-06
 Reference value :  3.11580e-06
 Reference value :  3.11855e-06
 Reference value :  3.12128e-06
 Reference value :  3.12413e-06
 Reference value :  3.12703e-06
 Reference value :  3.12977e-06
 Reference value :  3.13245e-06
 Reference value :  3.13518e-06
 Reference value :  3.13805e-06
 Reference value :  3.14097e-06
 Reference value :  3.14377e-06
 Reference value :  3.14660e-06
 Reference value :  3.14933e-06
 Reference value :  3.15210e-06
 Reference value :  3.15490e-06
 Reference value :  3.15760e-06
 Reference value :  3.16040e-06
 Reference value :  3.16321e-06
 Reference value :  3.16590e-06
 Reference value :  3.16860e-06
 Reference value :  3.17130e-06
 Reference value :  3.17411e-06
 Reference value :  3.17701e-06
 Reference value :  3.17975e-06
 Reference value :  3.18261e-06
 Reference value :  3.18535e-06
 Reference value :  3.18815e-06
 Reference value :  3.19081e-06
 Reference value :  3.19361e-06
 Reference value :  3.19650e-06
 Reference value :  3.19925e-06
 Reference value :  3.20195e-06
 Reference value :  3.20461e-06
 Reference value :  3.20738e-06
 Reference value :  3.21010e-06
 Reference value :  3.21291e-06
 Reference value :  3.21575e-06
 Reference value :  3.21850e-06
 Reference value :  3.22125e-06
 Reference value :  3.22403e-06
 Reference value :  3.22670e-06
 Reference value :  3.22945e-06
 Reference value :  3.23227e-06
 Reference value :  3.23517e-06
 Reference value :  3.23795e-06
 Reference value :  3.24070e-06
 Reference value :  3.24350e-06
 Reference value :  3.24638e-06
 Reference value :  3.24950e-06
 Reference value :  3.25240e-06
 Reference value :  3.25563e-06
 Reference value :  3.25865e-06
 Reference value :  3.26170e-06
 Reference value :  3.26467e-06
 Reference value :  3.26753e-06
 Reference value :  3.27055e-06
 Reference value :  3.27331e-06
 Reference value :  3.27601e-06
 Reference value :  3.27875e-06
 Reference value :  3.28158e-06
 Reference value :  3.28437e-06
 Reference value :  3.28725e-06
 Reference value :  3.29013e-06
 Reference value :  3.29300e-06
 Reference value :  3.29575e-06
 Reference value :  3.29857e-06
 Reference value :  3.30140e-06
 Reference value :  3.30430e-06
 Reference value :  3.30737e-06
 Reference value :  3.31055e-06
 Reference value :  3.31371e-06
 Reference value :  3.31657e-06
 Reference value :  3.31961e-06
 Reference value :  3.32241e-06
 Reference value :  3.32530e-06
 Reference value :  3.32820e-06
 Reference value :  3.33100e-06
 Reference value :  3.33391e-06
 Reference value :  3.33667e-06
 Reference value :  3.33947e-06
 Reference value :  3.34233e-06
 Reference value :  3.34530e-06
 Reference value :  3.34821e-06
 Reference value :  3.35101e-06
 Reference value :  3.35395e-06
 Reference value :  3.35683e-06
 Reference value :  3.35965e-06
 Reference value :  3.36243e-06
 Reference value :  3.36527e-06
 Reference value :  3.36820e-06
 Reference value :  3.37100e-06
 Reference value :  3.37380e-06
 Reference value :  3.37673e-06
 Reference value :  3.37965e-06
 Reference value :  3.38247e-06
 Reference value :  3.38528e-06
 Reference value :  3.38813e-06
 Reference value :  3.39105e-06
 Reference value :  3.39397e-06
 Reference value :  3.39683e-06
 Reference value :  3.39967e-06
 Reference value :  3.40253e-06
 Reference value :  3.40541e-06
 Reference value :  3.40827e-06
 Reference value :  3.41113e-06
 Reference value :  3.41401e-06
 Reference value :  3.41680e-06
 Reference value :  3.41963e-06
 Reference value :  3.42247e-06
 Reference value :  3.42531e-06
 Reference value :  3.42828e-06
 Reference value :  3.43107e-06
 Reference value :  3.43395e-06
 Reference value :  3.43670e-06
 Reference value :  3.43953e-06
 Reference value :  3.44241e-06
 Reference value :  3.44518e-06
 Reference value :  3.44815e-06
 Reference value :  3.45091e-06
 Reference value :  3.45377e-06
 Reference value :  3.45655e-06
 Reference value :  3.45935e-06
 Reference value :  3.46231e-06
 Reference value :  3.46503e-06
 Reference value :  3.46780e-06
 Reference value :  3.47067e-06
 Reference value :  3.47348e-06
 Reference value :  3.47638e-06
 Reference value :  3.47933e-06
 Reference value :  3.48240e-06
 Reference value :  3.48517e-06
 Reference value :  3.48790e-06
 Reference value :  3.49081e-06
 Reference value :  3.49365e-06
 Reference value :  3.49645e-06
 Reference value :  3.49927e-06
 Reference value :  3.50200e-06
 Reference value :  3.50487e-06
 Reference value :  3.50790e-06
 Reference value :  3.51083e-06
 Reference value :  3.51380e-06
 Reference value :  3.51671e-06
 Reference value :  3.51955e-06
 Reference value :  3.52247e-06
 Reference value :  3.52527e-06
 Reference value :  3.52820e-06
 Reference value :  3.53091e-06
 Reference value :  3.53377e-06
 Reference value :  3.53653e-06
 Reference value :  3.53935e-06
 Reference value :  3.54241e-06
 Reference value :  3.54523e-06
 Reference value :  3.54805e-06
 Reference value :  3.55095e-06
 Reference value :  3.55383e-06
 Reference value :  3.55671e-06
 Reference value :  3.55960e-06
 Reference value :  3.56258e-06
 Reference value :  3.56555e-06
 Reference value :  3.56838e-06
 Reference value :  3.57125e-06
 Reference value :  3.57411e-06
 Reference value :  3.57698e-06
 Reference value :  3.57977e-06
 Reference value :  3.58260e-06
 Reference value :  3.58560e-06
 Reference value :  3.58847e-06
 Reference value :  3.59141e-06
 Reference value :  3.59443e-06
 Reference value :  3.59718e-06
 Reference value :  3.60013e-06
 Reference value :  3.60311e-06
 Reference value :  3.60605e-06
 Reference value :  3.60900e-06
 Reference value :  3.61175e-06
 Reference value :  3.61470e-06
 Reference value :  3.61751e-06
 Reference value :  3.62055e-06
 Reference value :  3.62340e-06
 Reference value :  3.62650e-06
 Reference value :  3.62947e-06
 Reference value :  3.63238e-06
 Reference value :  3.63510e-06
 Reference value :  3.63790e-06
 Reference value :  3.64087e-06
 Reference value :  3.64380e-06
 Reference value :  3.64668e-06
 Reference value :  3.64950e-06
 Reference value :  3.65233e-06
 Reference value :  3.65517e-06
 Reference value :  3.65800e-06
 Reference value :  3.66077e-06
 Reference value :  3.66368e-06
 Reference value :  3.66657e-06
 Reference value :  3.66938e-06
 Reference value :  3.67218e-06
 Reference value :  3.67491e-06
 Reference value :  3.67790e-06
 Reference value :  3.68077e-06
 Reference value :  3.68355e-06
 Reference value :  3.68660e-06
 Reference value :  3.68941e-06
 Reference value :  3.69230e-06
 Reference value :  3.69510e-06
 Reference value :  3.69781e-06
 Reference value :  3.70067e-06
 Reference value :  3.70347e-06
 Reference value :  3.70623e-06
 Reference value :  3.70910e-06
 Reference value :  3.71211e-06
 Reference value :  3.71497e-06
 Reference value :  3.71768e-06
 Reference value :  3.72035e-06
 Reference value :  3.72311e-06
 Reference value :  3.72591e-06
 Reference value :  3.72860e-06
 Reference value :  3.73147e-06
 Reference value :  3.73418e-06
 Reference value :  3.73707e-06
 Reference value :  3.74027e-06
 Reference value :  3.74400e-06
 Reference value :  3.74678e-06
 Reference value :  3.74971e-06
 Reference value :  3.75271e-06
 Reference value :  3.75567e-06
 Reference value :  3.75847e-06
 Reference value :  3.76111e-06
 Reference value :  3.76387e-06
 Reference value :  3.76671e-06
 Reference value :  3.76948e-06
 Reference value :  3.77245e-06
 Reference value :  3.77541e-06
 Reference value :  3.77830e-06
 Reference value :  3.78110e-06
 Reference value :  3.78388e-06
 Reference value :  3.78653e-06
 Reference value :  3.78917e-06
 Reference value :  3.79178e-06
 Reference value :  3.79450e-06
 Reference value :  3.79713e-06
 Reference value :  3.79980e-06
 Reference value :  3.80245e-06
 Reference value :  3.80500e-06
 Reference value :  3.80780e-06
 Reference value :  3.81038e-06
 Reference value :  3.81298e-06
 Reference value :  3.81551e-06
 Reference value :  3.81811e-06
 Reference value :  3.82081e-06
 Reference value :  3.82348e-06
 Reference value :  3.82621e-06
 Reference value :  3.82883e-06
 Reference value :  3.83143e-06
 Reference value :  3.83401e-06
 Reference value :  3.83661e-06
 Reference value :  3.83920e-06
 Reference value :  3.84180e-06
 Reference value :  3.84443e-06
 Reference value :  3.84700e-06
 Reference value :  3.84955e-06
 Reference value :  3.85210e-06
 Reference value :  3.85470e-06
 Reference value :  3.85733e-06
 Reference value :  3.85998e-06
 Reference value :  3.86261e-06
 Reference value :  3.86521e-06
 Reference value :  3.86775e-06
 Reference value :  3.87031e-06
 Reference value :  3.87277e-06
 Reference value :  3.87540e-06
 Reference value :  3.87811e-06
 Reference value :  3.88093e-06
 Reference value :  3.88357e-06
 Reference value :  3.88611e-06
 Reference value :  3.88880e-06
 Reference value :  3.89135e-06
 Reference value :  3.89410e-06
 Reference value :  3.89668e-06
 Reference value :  3.89925e-06
 Reference value :  3.90191e-06
 Reference value :  3.90455e-06
 Reference value :  3.90717e-06
 Reference value :  3.90977e-06
 Reference value :  3.91231e-06
 Reference value :  3.91491e-06
 Reference value :  3.91753e-06
 Reference value :  3.92020e-06
 Reference value :  3.92280e-06
 Reference value :  3.92538e-06
 Reference value :  3.92793e-06
 Reference value :  3.93060e-06
 Reference value :  3.93310e-06
 Reference value :  3.93561e-06
 Reference value :  3.93835e-06
 Reference value :  3.94100e-06
 Reference value :  3.94351e-06
 Reference value :  3.94610e-06
 Reference value :  3.94861e-06
 Reference value :  3.95125e-06
 Reference value :  3.95388e-06
 Reference value :  3.95648e-06
 Reference value :  3.95910e-06
 Reference value :  3.96158e-06
 Reference value :  3.96411e-06
 Reference value :  3.96673e-06
 Reference value :  3.96933e-06
 Reference value :  3.97200e-06
 Reference value :  3.97460e-06
 Reference value :  3.97713e-06
 Reference value :  3.97983e-06
 Reference value :  3.98250e-06
 Reference value :  3.98518e-06
 Reference value :  3.98795e-06
 Reference value :  3.99050e-06
 Reference value :  3.99320e-06
 Reference value :  3.99580e-06
 Reference value :  3.99833e-06
 Reference value :  4.00091e-06
 Reference value :  4.00355e-06
 Reference value :  4.00620e-06
 Reference value :  4.00875e-06
 Reference value :  4.01140e-06
 Reference value :  4.01401e-06
 Reference value :  4.01660e-06
 Reference value :  4.01928e-06
 Reference value :  4.02191e-06
 Reference value :  4.02457e-06
 Reference value :  4.02711e-06
 Reference value :  4.02960e-06
 Reference value :  4.03210e-06
 Reference value :  4.03471e-06
 Reference value :  4.03740e-06
 Reference value :  4.03993e-06
 Reference value :  4.04258e-06
 Reference value :  4.04518e-06
 Reference value :  4.04791e-06
 Reference value :  4.05077e-06
 Reference value :  4.05337e-06
 Reference value :  4.05595e-06
 Reference value :  4.05877e-06
 Reference value :  4.06150e-06
 Reference value :  4.06418e-06
 Reference value :  4.06668e-06
 Reference value :  4.06930e-06
 Reference value :  4.07190e-06
 Reference value :  4.07450e-06
 Reference value :  4.07708e-06
 Reference value :  4.07985e-06
 Reference value :  4.08267e-06
 Reference value :  4.08523e-06
 Reference value :  4.08781e-06
 Reference value :  4.09058e-06
 Reference value :  4.09338e-06
 Reference value :  4.09605e-06
 Reference value :  4.09877e-06
 Reference value :  4.10141e-06
 Reference value :  4.10408e-06
 Reference value :  4.10681e-06
 Reference value :  4.10960e-06
 Reference value :  4.11217e-06
 Reference value :  4.11490e-06
 Reference value :  4.11747e-06
 Reference value :  4.12010e-06
 Reference value :  4.12277e-06
 Reference value :  4.12547e-06
 Reference value :  4.12820e-06
 Reference value :  4.13095e-06
 Reference value :  4.13348e-06
 Reference value :  4.13603e-06
 Reference value :  4.13870e-06
 Reference value :  4.14167e-06
 Reference value :  4.14450e-06
 Reference value :  4.14707e-06
 Reference value :  4.14965e-06
 Reference value :  4.15237e-06
 Reference value :  4.15495e-06
 Reference value :  4.15751e-06
 Reference value :  4.16005e-06
 Reference value :  4.16260e-06
 Reference value :  4.16530e-06
 Reference value :  4.16798e-06
 Reference value :  4.17048e-06
 Reference value :  4.17307e-06
 Reference value :  4.17558e-06
 Reference value :  4.17818e-06
 Reference value :  4.18078e-06
 Reference value :  4.18340e-06
 Reference value :  4.18597e-06
 Reference value :  4.18855e-06
 Reference value :  4.19108e-06
 Reference value :  4.19368e-06
 Reference value :  4.19625e-06
 Reference value :  4.19897e-06
 Reference value :  4.20177e-06
 Reference value :  4.20435e-06
 Reference value :  4.20697e-06
 Reference value :  4.20965e-06
 Reference value :  4.21247e-06
 Reference value :  4.21528e-06
 Reference value :  4.21817e-06
 Reference value :  4.22101e-06
 Reference value :  4.22385e-06
 Reference value :  4.22668e-06
 Reference value :  4.22938e-06
 Reference value :  4.23211e-06
 Reference value :  4.23490e-06
 Reference value :  4.23791e-06
 Reference value :  4.24078e-06
 Reference value :  4.24353e-06
 Reference value :  4.24637e-06
 Reference value :  4.24917e-06
 Reference value :  4.25197e-06
 Reference value :  4.25471e-06
 Reference value :  4.25758e-06
 Reference value :  4.26038e-06
 Reference value :  4.26323e-06
 Reference value :  4.26608e-06
 Reference value :  4.26878e-06
 Reference value :  4.27148e-06
 Reference value :  4.27428e-06
 Reference value :  4.27710e-06
 Reference value :  4.27977e-06
 Reference value :  4.28248e-06
 Reference value :  4.28520e-06
 Reference value :  4.28811e-06
 Reference value :  4.29093e-06
 Reference value :  4.29375e-06
 Reference value :  4.29651e-06
 Reference value :  4.29923e-06
 Reference value :  4.30195e-06
 Reference value :  4.30457e-06
 Reference value :  4.30740e-06
 Reference value :  4.31033e-06
 Reference value :  4.31317e-06
 Reference value :  4.31591e-06
 Reference value :  4.31887e-06
 Reference value :  4.32181e-06
 Reference value :  4.32470e-06
 Reference value :  4.32757e-06
 Reference value :  4.33055e-06
 Reference value :  4.33341e-06
 Reference value :  4.33623e-06
 Reference value :  4.33921e-06
 Reference value :  4.34201e-06
 Reference value :  4.34497e-06
 Reference value :  4.34788e-06
 Reference value :  4.35070e-06
 Reference value :  4.35353e-06
 Reference value :  4.35638e-06
 Reference value :  4.35923e-06
 Reference value :  4.36208e-06
 Reference value :  4.36491e-06
 Reference value :  4.36781e-06
 Reference value :  4.37071e-06
 Reference value :  4.37360e-06
 Reference value :  4.37641e-06
 Reference value :  4.37938e-06
 Reference value :  4.38241e-06
 Reference value :  4.38518e-06
 Reference value :  4.38807e-06
 Reference value :  4.39093e-06
 Reference value :  4.39388e-06
 Reference value :  4.39681e-06
 Reference value :  4.39957e-06
 Reference value :  4.40243e-06
 Reference value :  4.40530e-06
 Reference value :  4.40820e-06
 Reference value :  4.41105e-06
 Reference value :  4.41390e-06
 Reference value :  4.41671e-06
 Reference value :  4.41957e-06
 Reference value :  4.42240e-06
 Reference value :  4.42537e-06
 Reference value :  4.42825e-06
 Reference value :  4.43120e-06
 Reference value :  4.43395e-06
 Reference value :  4.43673e-06
 Reference value :  4.43960e-06
 Reference value :  4.44230e-06
 Reference value :  4.44510e-06
 Reference value :  4.44800e-06
 Reference value :  4.45081e-06
 Reference value :  4.45377e-06
 Reference value :  4.45670e-06
 Reference value :  4.45963e-06
 Reference value :  4.46250e-06
 Reference value :  4.46535e-06
 Reference value :  4.46827e-06
 Reference value :  4.47111e-06
 Reference value :  4.47397e-06
 Reference value :  4.47688e-06
 Reference value :  4.47963e-06
 Reference value :  4.48250e-06
 Reference value :  4.48540e-06
 Reference value :  4.48828e-06
 Reference value :  4.49113e-06
 Reference value :  4.49400e-06
 Reference value :  4.49707e-06
 Reference value :  4.49985e-06
 Reference value :  4.50280e-06
 Reference value :  4.50561e-06
 Reference value :  4.50831e-06
 Reference value :  4.51121e-06
 Reference value :  4.51405e-06
 Reference value :  4.51693e-06
 Reference value :  4.51980e-06
 Reference value :  4.52268e-06
 Reference value :  4.52563e-06
 Reference value :  4.52847e-06
 Reference value :  4.53141e-06
 Reference value :  4.53427e-06
 Reference value :  4.53705e-06
 Reference value :  4.54018e-06
 Reference value :  4.54307e-06
 Reference value :  4.54600e-06
 Reference value :  4.54890e-06
 Reference value :  4.55180e-06
 Reference value :  4.55475e-06
 Reference value :  4.55760e-06
 Reference value :  4.56041e-06
 Reference value :  4.56333e-06
 Reference value :  4.56613e-06
 Reference value :  4.56903e-06
 Reference value :  4.57185e-06
 Reference value :  4.57481e-06
 Reference value :  4.57771e-06
 Reference value :  4.58053e-06
 Reference value :  4.58347e-06
 Reference value :  4.58635e-06
 Reference value :  4.58933e-06
 Reference value :  4.59220e-06
 Reference value :  4.59501e-06
 Reference value :  4.59798e-06
 Reference value :  4.60090e-06
 Reference value :  4.60393e-06
 Reference value :  4.60693e-06
 Reference value :  4.60975e-06
 Reference value :  4.61255e-06
 Reference value :  4.61541e-06
 Reference value :  4.61837e-06
 Reference value :  4.62125e-06
 Reference value :  4.62411e-06
 Reference value :  4.62711e-06
 Reference value :  4.62995e-06
 Reference value :  4.63300e-06
 Reference value :  4.63598e-06
 Reference value :  4.63880e-06
 Reference value :  4.64175e-06
 Reference value :  4.64468e-06
 Reference value :  4.64758e-06
 Reference value :  4.65037e-06
 Reference value :  4.65321e-06
 Reference value :  4.65607e-06
 Reference value :  4.65890e-06
 Reference value :  4.66175e-06
 Reference value :  4.66467e-06
 Reference value :  4.66738e-06
 Reference value :  4.67020e-06
 Reference value :  4.67298e-06
 Reference value :  4.67585e-06
 Reference value :  4.67865e-06
 Reference value :  4.68151e-06
 Reference value :  4.68438e-06
 Reference value :  4.68721e-06
 Reference value :  4.69010e-06
 Reference value :  4.69291e-06
 Reference value :  4.69587e-06
 Reference value :  4.69871e-06
 Reference value :  4.70158e-06
 Reference value :  4.70447e-06
 Reference value :  4.70737e-06
 Reference value :  4.71021e-06
 Reference value :  4.71311e-06
 Reference value :  4.71601e-06
 Reference value :  4.71887e-06
 Reference value :  4.72175e-06
 Reference value :  4.72448e-06
 Reference value :  4.72730e-06
 Reference value :  4.73010e-06
 Reference value :  4.73303e-06
 Reference value :  4.73598e-06
 Reference value :  4.73887e-06
 Reference value :  4.74175e-06
 Reference value :  4.74460e-06
 Reference value :  4.74747e-06
 Reference value :  4.75050e-06
 Reference value :  4.75337e-06
 Reference value :  4.75630e-06
 Reference value :  4.75905e-06
 Reference value :  4.76188e-06
 Reference value :  4.76477e-06
 Reference value :  4.76758e-06
 Reference value :  4.77040e-06
 Reference value :  4.77327e-06
 Reference value :  4.77611e-06
 Reference value :  4.77897e-06
 Reference value :  4.78180e-06
 Reference value :  4.78468e-06
 Reference value :  4.78763e-06
 Reference value :  4.79050e-06
 Reference value :  4.79333e-06
 Reference value :  4.79610e-06
 Reference value :  4.79901e-06
 Reference value :  4.80181e-06
 Reference value :  4.80460e-06
 Reference value :  4.80737e-06
 Reference value :  4.81027e-06
 Reference value :  4.81311e-06
 Reference value :  4.81590e-06
 Reference value :  4.81870e-06
 Reference value :  4.82167e-06
 Reference value :  4.82450e-06
 Reference value :  4.82730e-06
 Reference value :  4.83020e-06
 Reference value :  4.83327e-06
 Reference value :  4.83613e-06
 Reference value :  4.83928e-06
 Reference value :  4.84208e-06
 Reference value :  4.84511e-06
 Reference value :  4.84815e-06
 Reference value :  4.85120e-06
 Reference value :  4.85410e-06
 Reference value :  4.85720e-06
 Reference value :  4.86001e-06
 Reference value :  4.86300e-06
 Reference value :  4.86580e-06
 Reference value :  4.86858e-06
 Reference value :  4.87147e-06
 Reference value :  4.87428e-06
 Reference value :  4.87705e-06
 Reference value :  4.87983e-06
 Reference value :  4.88261e-06
 Reference value :  4.88550e-06
 Reference value :  4.88828e-06
 Reference value :  4.89100e-06
 Reference value :  4.89381e-06
 Reference value :  4.89670e-06
 Reference value :  4.89963e-06
 Reference value :  4.90261e-06
 Reference value :  4.90555e-06
 Reference value :  4.90830e-06
 Reference value :  4.91103e-06
 Reference value :  4.91395e-06
 Reference value :  4.91677e-06
 Reference value :  4.91961e-06
 Reference value :  4.92260e-06
 Reference value :  4.92543e-06
 Reference value :  4.92863e-06
 Reference value :  4.93155e-06
 Reference value :  4.93437e-06
 Reference value :  4.93750e-06
 Reference value :  4.94061e-06
 Reference value :  4.94363e-06
 Reference value :  4.94663e-06
 Reference value :  4.94961e-06
 Reference value :  4.95267e-06
 Reference value :  4.95570e-06
 Reference value :  4.95878e-06
 Reference value :  4.96167e-06
 Reference value :  4.96440e-06
 Reference value :  4.96735e-06
 Reference value :  4.97011e-06
 Reference value :  4.97293e-06
 Reference value :  4.97581e-06
 Reference value :  4.97855e-06
 Reference value :  4.98153e-06
 Reference value :  4.98437e-06
 Reference value :  4.98713e-06
 Reference value :  4.98993e-06
 Reference value :  4.99285e-06
 Reference value :  4.99563e-06
 Reference value :  4.99840e-06
 Reference value :  5.00111e-06
 Reference value :  5.00393e-06
 Reference value :  5.00680e-06
 Reference value :  5.00981e-06
 Reference value :  5.01261e-06
 Reference value :  5.01537e-06
 Reference value :  5.01807e-06
 Reference value :  5.02088e-06
 Reference value :  5.02370e-06
 Reference value :  5.02645e-06
 Reference value :  5.02928e-06
 Reference value :  5.03218e-06
 Reference value :  5.03495e-06
 Reference value :  5.03777e-06
 Reference value :  5.04063e-06
 Reference value :  5.04337e-06
 Reference value :  5.04641e-06
 Reference value :  5.04930e-06
 Reference value :  5.05207e-06
 Reference value :  5.05488e-06
 Reference value :  5.05778e-06
 Reference value :  5.06058e-06
 Reference value :  5.06350e-06
 Reference value :  5.06640e-06
 Reference value :  5.06927e-06
 Reference value :  5.07210e-06
 Reference value :  5.07488e-06
 Reference value :  5.07775e-06
 Reference value :  5.08068e-06
 Reference value :  5.08347e-06
 Reference value :  5.08625e-06
 Reference value :  5.08910e-06
 Reference value :  5.09188e-06
 Reference value :  5.09465e-06
 Reference value :  5.09753e-06
 Reference value :  5.10043e-06
 Reference value :  5.10321e-06
 Reference value :  5.10590e-06
 Reference value :  5.10857e-06
 Reference value :  5.11140e-06
 Reference value :  5.11418e-06
 Reference value :  5.11707e-06
 Reference value :  5.11990e-06
 Reference value :  5.12278e-06
 Reference value :  5.12557e-06
 Reference value :  5.12843e-06
 Reference value :  5.13115e-06
 Reference value :  5.13420e-06
 Reference value :  5.13711e-06
 Reference value :  5.13988e-06
 Reference value :  5.14255e-06
 Reference value :  5.14540e-06
 Reference value :  5.14825e-06
 Reference value :  5.15108e-06
 Reference value :  5.15385e-06
 Reference value :  5.15670e-06
 Reference value :  5.15943e-06
 Reference value :  5.16230e-06
 Reference value :  5.16528e-06
 Reference value :  5.16810e-06
 Reference value :  5.17123e-06
 Reference value :  5.17413e-06
 Reference value :  5.17710e-06
 Reference value :  5.17981e-06
 Reference value :  5.18270e-06
 Reference value :  5.18570e-06
 Reference value :  5.18860e-06
 Reference value :  5.19140e-06
 Reference value :  5.19421e-06
 Reference value :  5.19708e-06
 Reference value :  5.19980e-06
 Reference value :  5.20253e-06
 Reference value :  5.20543e-06
 Reference value :  5.20830e-06
 Reference value :  5.21101e-06
 Reference value :  5.21371e-06
 Reference value :  5.21647e-06
 Reference value :  5.21930e-06
 Reference value :  5.22207e-06
 Reference value :  5.22493e-06
 Reference value :  5.22763e-06
 Reference value :  5.23033e-06
 Reference value :  5.23317e-06
 Reference value :  5.23601e-06
 Reference value :  5.23880e-06
 Reference value :  5.24171e-06
 Reference value :  5.24450e-06
 Reference value :  5.24731e-06
 Reference value :  5.25010e-06
 Reference value :  5.25287e-06
 Reference value :  5.25560e-06
 Reference value :  5.25850e-06
 Reference value :  5.26127e-06
 Reference value :  5.26415e-06
 Reference value :  5.26698e-06
 Reference value :  5.26975e-06
 Reference value :  5.27250e-06
 Reference value :  5.27538e-06
 Reference value :  5.27831e-06
 Reference value :  5.28117e-06
 Reference value :  5.28395e-06
 Reference value :  5.28687e-06
 Reference value :  5.28978e-06
 Reference value :  5.29255e-06
 Reference value :  5.29531e-06
 Reference value :  5.29800e-06
 Reference value :  5.30077e-06
 Reference value :  5.30350e-06
 Reference value :  5.30627e-06
 Reference value :  5.30915e-06
 Reference value :  5.31193e-06
 Reference value :  5.31495e-06
 Reference value :  5.31781e-06
 Reference value :  5.32078e-06
 Reference value :  5.32361e-06
 Reference value :  5.32648e-06
 Reference value :  5.32930e-06
 Reference value :  5.33217e-06
 Reference value :  5.33508e-06
 Reference value :  5.33807e-06
 Reference value :  5.34090e-06
 Reference value :  5.34390e-06
 Reference value :  5.34678e-06
 Reference value :  5.34975e-06
 Reference value :  5.35265e-06
 Reference value :  5.35555e-06
 Reference value :  5.35847e-06
 Reference value :  5.36131e-06
 Reference value :  5.36431e-06
 Reference value :  5.36748e-06
 Reference value :  5.37041e-06
 Reference value :  5.37311e-06
 Reference value :  5.37591e-06
 Reference value :  5.37885e-06
 Reference value :  5.38168e-06
 Reference value :  5.38445e-06
 Reference value :  5.38741e-06
 Reference value :  5.39035e-06
 Reference value :  5.39303e-06
 Reference value :  5.39578e-06
 Reference value :  5.39868e-06
 Reference value :  5.40160e-06
 Reference value :  5.40430e-06
 Reference value :  5.40725e-06
 Reference value :  5.41013e-06
 Reference value :  5.41301e-06
 Reference value :  5.41601e-06
 Reference value :  5.41901e-06
 Reference value :  5.42198e-06
 Reference value :  5.42481e-06
 Reference value :  5.42758e-06
 Reference value :  5.43047e-06
 Reference value :  5.43321e-06
 Reference value :  5.43597e-06
 Reference value :  5.43908e-06
 Reference value :  5.44180e-06
 Reference value :  5.44468e-06
 Reference value :  5.44747e-06
 Reference value :  5.45027e-06
 Reference value :  5.45320e-06
 Reference value :  5.45595e-06
 Reference value :  5.45890e-06
 Reference value :  5.46173e-06
 Reference value :  5.46441e-06
 Reference value :  5.46741e-06
 Reference value :  5.47015e-06
 Reference value :  5.47290e-06
 Reference value :  5.47570e-06
 Reference value :  5.47850e-06
 Reference value :  5.48125e-06
 Reference value :  5.48383e-06
 Reference value :  5.48663e-06
 Reference value :  5.48967e-06
 Reference value :  5.49275e-06
 Reference value :  5.49570e-06
 Reference value :  5.49867e-06
 Reference value :  5.50168e-06
 Reference value :  5.50455e-06
 Reference value :  5.50723e-06
 Reference value :  5.51008e-06
 Reference value :  5.51291e-06
 Reference value :  5.51580e-06
 Reference value :  5.51867e-06
 Reference value :  5.52151e-06
 Reference value :  5.52435e-06
 Reference value :  5.52740e-06
 Reference value :  5.53027e-06
 Reference value :  5.53321e-06
 Reference value :  5.53605e-06
 Reference value :  5.53903e-06
 Reference value :  5.54190e-06
 Reference value :  5.54477e-06
 Reference value :  5.54771e-06
 Reference value :  5.55057e-06
 Reference value :  5.55351e-06
 Reference value :  5.55750e-06
 Reference value :  5.56151e-06
 Reference value :  5.56441e-06
 Reference value :  5.56733e-06
 Reference value :  5.57015e-06
 Reference value :  5.57310e-06
 Reference value :  5.57605e-06
 Reference value :  5.57891e-06
 Reference value :  5.58178e-06
 Reference value :  5.58460e-06
 Reference value :  5.58767e-06
 Reference value :  5.59127e-06
 Reference value :  5.59421e-06
 Reference value :  5.59718e-06
 Reference value :  5.60005e-06
 Reference value :  5.60297e-06
 Reference value :  5.60575e-06
 Reference value :  5.60881e-06
 Reference value :  5.61163e-06
 Reference value :  5.61447e-06
 Reference value :  5.61750e-06
 Reference value :  5.62037e-06
 Reference value :  5.62325e-06
 Reference value :  5.62631e-06
 Reference value :  5.62927e-06
 Reference value :  5.63223e-06
 Reference value :  5.63511e-06
 Reference value :  5.63817e-06
 Reference value :  5.64107e-06
 Reference value :  5.64395e-06
 Reference value :  5.64695e-06
 Reference value :  5.64970e-06
 Reference value :  5.65267e-06
 Reference value :  5.65553e-06
 Reference value :  5.65841e-06
 Reference value :  5.66128e-06
 Reference value :  5.66410e-06
 Reference value :  5.66701e-06
 Reference value :  5.67005e-06
 Reference value :  5.67291e-06
 Reference value :  5.67577e-06
 Reference value :  5.67853e-06
 Reference value :  5.68140e-06
 Reference value :  5.68425e-06
 Reference value :  5.68701e-06
 Reference value :  5.68995e-06
 Reference value :  5.69287e-06
 Reference value :  5.69571e-06
 Reference value :  5.69861e-06
 Reference value :  5.70171e-06
 Reference value :  5.70453e-06
 Reference value :  5.70728e-06
 Reference value :  5.71030e-06
 Reference value :  5.71318e-06
 Reference value :  5.71621e-06
 Reference value :  5.71905e-06
 Reference value :  5.72200e-06
 Reference value :  5.72498e-06
 Reference value :  5.72777e-06
 Reference value :  5.73057e-06
 Reference value :  5.73351e-06
 Reference value :  5.73635e-06
 Reference value :  5.73937e-06
 Reference value :  5.74223e-06
 Reference value :  5.74505e-06
 Reference value :  5.74791e-06
 Reference value :  5.75077e-06
 Reference value :  5.75371e-06
 Reference value :  5.75658e-06
 Reference value :  5.75957e-06
 Reference value :  5.76241e-06
 Reference value :  5.76525e-06
 Reference value :  5.76818e-06
 Reference value :  5.77100e-06
 Reference value :  5.77385e-06
 Reference value :  5.77675e-06
 Reference value :  5.77960e-06
 Reference value :  5.78251e-06
 Reference value :  5.78531e-06
 Reference value :  5.78811e-06
 Reference value :  5.79101e-06
 Reference value :  5.79385e-06
 Reference value :  5.79677e-06
 Reference value :  5.79963e-06
 Reference value :  5.80248e-06
 Reference value :  5.80521e-06
 Reference value :  5.80810e-06
 Reference value :  5.81088e-06
 Reference value :  5.81360e-06
 Reference value :  5.81640e-06
 Reference value :  5.81950e-06
 Reference value :  5.82220e-06
 Reference value :  5.82518e-06
 Reference value :  5.82807e-06
 Reference value :  5.83075e-06
 Reference value :  5.83357e-06
 Reference value :  5.83657e-06
 Reference value :  5.83960e-06
 Reference value :  5.84250e-06
 Reference value :  5.84530e-06
 Reference value :  5.84823e-06
 Reference value :  5.85105e-06
 Reference value :  5.85391e-06
 Reference value :  5.85681e-06
 Reference value :  5.85961e-06
 Reference value :  5.86247e-06
 Reference value :  5.86520e-06
 Reference value :  5.86810e-06
 Reference value :  5.87107e-06
 Reference value :  5.87395e-06
 Reference value :  5.87685e-06
 Reference value :  5.87977e-06
 Reference value :  5.88261e-06
 Reference value :  5.88533e-06
 Reference value :  5.88823e-06
 Reference value :  5.89118e-06
 Reference value :  5.89393e-06
 Reference value :  5.89670e-06
 Reference value :  5.89953e-06
 Reference value :  5.90240e-06
 Reference value :  5.90521e-06
 Reference value :  5.90800e-06
 Reference value :  5.91083e-06
 Reference value :  5.91358e-06
 Reference value :  5.91643e-06
 Reference value :  5.91915e-06
 Reference value :  5.92211e-06
 Reference value :  5.92501e-06
 Reference value :  5.92795e-06
 Reference value :  5.93075e-06
 Reference value :  5.93345e-06
 Reference value :  5.93618e-06
 Reference value :  5.93890e-06
 Reference value :  5.94180e-06
 Reference value :  5.94470e-06
 Reference value :  5.94760e-06
 Reference value :  5.95037e-06
 Reference value :  5.95311e-06
 Reference value :  5.95583e-06
 Reference value :  5.95860e-06
 Reference value :  5.96143e-06
 Reference value :  5.96437e-06
 Reference value :  5.96718e-06
 Reference value :  5.96990e-06
 Reference value :  5.97268e-06
 Reference value :  5.97547e-06
 Reference value :  5.97830e-06
 Reference value :  5.98115e-06
 Reference value :  5.98408e-06
 Reference value :  5.98690e-06
 Reference value :  5.98975e-06
 Reference value :  5.99261e-06
 Reference value :  5.99543e-06
 Reference value :  5.99835e-06
 Reference value :  6.00115e-06
 Reference value :  6.00395e-06
 Reference value :  6.00680e-06
 Reference value :  6.00973e-06
 Reference value :  6.01261e-06
 Reference value :  6.01538e-06
 Reference value :  6.01811e-06
 Reference value :  6.02100e-06
 Reference value :  6.02363e-06
 Reference value :  6.02628e-06
 Reference value :  6.02911e-06
 Reference value :  6.03203e-06
 Reference value :  6.03491e-06
 Reference value :  6.03767e-06
 Reference value :  6.04050e-06
 Reference value :  6.04337e-06
 Reference value :  6.04623e-06
 Reference value :  6.04900e-06
 Reference value :  6.05180e-06
 Reference value :  6.05455e-06
 Reference value :  6.05737e-06
 Reference value :  6.06007e-06
 Reference value :  6.06283e-06
 Reference value :  6.06570e-06
 Reference value :  6.06858e-06
 Reference value :  6.07148e-06
 Reference value :  6.07417e-06
 Reference value :  6.07698e-06
 Reference value :  6.07968e-06
 Reference value :  6.08250e-06
 Reference value :  6.08535e-06
 Reference value :  6.08813e-06
 Reference value :  6.09095e-06
 Reference value :  6.09390e-06
 Reference value :  6.09658e-06
 Reference value :  6.09937e-06
 Reference value :  6.10220e-06
 Reference value :  6.10508e-06
 Reference value :  6.10800e-06
 Reference value :  6.11071e-06
 Reference value :  6.11351e-06
 Reference value :  6.11630e-06
 Reference value :  6.11900e-06
 Reference value :  6.12187e-06
 Reference value :  6.12468e-06
 Reference value :  6.12761e-06
 Reference value :  6.13037e-06
 Reference value :  6.13318e-06
 Reference value :  6.13587e-06
 Reference value :  6.13868e-06
 Reference value :  6.14148e-06
 Reference value :  6.14428e-06
 Reference value :  6.14691e-06
 Reference value :  6.14973e-06
 Reference value :  6.15250e-06
 Reference value :  6.15528e-06
 Reference value :  6.15803e-06
 Reference value :  6.16081e-06
 Reference value :  6.16361e-06
 Reference value :  6.16635e-06
 Reference value :  6.16915e-06
 Reference value :  6.17180e-06
 Reference value :  6.17460e-06
 Reference value :  6.17748e-06
 Reference value :  6.18031e-06
 Reference value :  6.18310e-06
 Reference value :  6.18583e-06
 Reference value :  6.18868e-06
 Reference value :  6.19153e-06
 Reference value :  6.19421e-06
 Reference value :  6.19698e-06
 Reference value :  6.19975e-06
 Reference value :  6.20250e-06
 Reference value :  6.20518e-06
 Reference value :  6.20790e-06
 Reference value :  6.21075e-06
 Reference value :  6.21361e-06
 Reference value :  6.21627e-06
 Reference value :  6.21898e-06
 Reference value :  6.22170e-06
 Reference value :  6.22453e-06
 Reference value :  6.22730e-06
 Reference value :  6.23003e-06
 Reference value :  6.23283e-06
 Reference value :  6.23560e-06
 Reference value :  6.23828e-06
 Reference value :  6.24103e-06
 Reference value :  6.24383e-06
 Reference value :  6.24667e-06
 Reference value :  6.24955e-06
 Reference value :  6.25231e-06
 Reference value :  6.25508e-06
 Reference value :  6.25780e-06
 Reference value :  6.26061e-06
 Reference value :  6.26337e-06
 Reference value :  6.26621e-06
 Reference value :  6.26901e-06
 Reference value :  6.27185e-06
 Reference value :  6.27497e-06
 Reference value :  6.27771e-06
 Reference value :  6.28047e-06
 Reference value :  6.28330e-06
 Reference value :  6.28621e-06
 Reference value :  6.28911e-06
 Reference value :  6.29195e-06
 Reference value :  6.29471e-06
 Reference value :  6.29745e-06
 Reference value :  6.30021e-06
 Reference value :  6.30311e-06
 Reference value :  6.30585e-06
 Reference value :  6.30877e-06
 Reference value :  6.31167e-06
 Reference value :  6.31450e-06
 Reference value :  6.31730e-06
 Reference value :  6.32030e-06
 Reference value :  6.32340e-06
 Reference value :  6.32641e-06
 Reference value :  6.32948e-06
 Reference value :  6.33255e-06
 Reference value :  6.33565e-06
 Reference value :  6.33870e-06
 Reference value :  6.34170e-06
 Reference value :  6.34470e-06
 Reference value :  6.34755e-06
 Reference value :  6.35053e-06
 Reference value :  6.35361e-06
 Reference value :  6.35663e-06
 Reference value :  6.35953e-06
 Reference value :  6.36260e-06
 Reference value :  6.36587e-06
 Reference value :  6.36891e-06
 Reference value :  6.37200e-06
 Reference value :  6.37500e-06
 Reference value :  6.37901e-06
 Reference value :  6.38270e-06
 Reference value :  6.38588e-06
 Reference value :  6.38920e-06
 Reference value :  6.39267e-06
 Reference value :  6.39627e-06
 Reference value :  6.39977e-06
 Reference value :  6.40267e-06
 Reference value :  6.40563e-06
 Reference value :  6.40845e-06
 Reference value :  6.41140e-06
 Reference value :  6.41440e-06
 Reference value :  6.41727e-06
 Reference value :  6.42011e-06
 Reference value :  6.42313e-06
 Reference value :  6.42600e-06
 Reference value :  6.42890e-06
 Reference value :  6.43177e-06
 Reference value :  6.43463e-06
 Reference value :  6.43750e-06
 Reference value :  6.44040e-06
 Reference value :  6.44331e-06
 Reference value :  6.44620e-06
 Reference value :  6.44917e-06
 Reference value :  6.45218e-06
 Reference value :  6.45541e-06
 Reference value :  6.45858e-06
 Reference value :  6.46180e-06
 Reference value :  6.46510e-06
 Reference value :  6.46823e-06
 Reference value :  6.47130e-06
 Reference value :  6.47420e-06
 Reference value :  6.47718e-06
 Reference value :  6.48001e-06
 Reference value :  6.48300e-06
 Reference value :  6.48590e-06
 Reference value :  6.48875e-06
 Reference value :  6.49161e-06
 Reference value :  6.49463e-06
 Reference value :  6.49761e-06
 Reference value :  6.50057e-06
 Reference value :  6.50341e-06
 Reference value :  6.50630e-06
 Reference value :  6.50913e-06
 Reference value :  6.51240e-06
 Reference value :  6.51540e-06
 Reference value :  6.51851e-06
 Reference value :  6.52140e-06
 Reference value :  6.52420e-06
 Reference value :  6.52727e-06
 Reference value :  6.53040e-06
 Reference value :  6.53323e-06
 Reference value :  6.53625e-06
 Reference value :  6.53900e-06
 Reference value :  6.54185e-06
 Reference value :  6.54470e-06
 Reference value :  6.54750e-06
 Reference value :  6.55043e-06
 Reference value :  6.55338e-06
 Reference value :  6.55628e-06
 Reference value :  6.55910e-06
 Reference value :  6.56200e-06
 Reference value :  6.56493e-06
 Reference value :  6.56770e-06
 Reference value :  6.57065e-06
 Reference value :  6.57350e-06
 Reference value :  6.57641e-06
 Reference value :  6.57940e-06
 Reference value :  6.58253e-06
 Reference value :  6.58540e-06
 Reference value :  6.58817e-06
 Reference value :  6.59095e-06
 Reference value :  6.59385e-06
 Reference value :  6.59680e-06
 Reference value :  6.59963e-06
 Reference value :  6.60255e-06
 Reference value :  6.60541e-06
 Reference value :  6.60833e-06
 Reference value :  6.61123e-06
 Reference value :  6.61420e-06
 Reference value :  6.61711e-06
 Reference value :  6.61995e-06
 Reference value :  6.62278e-06
 Reference value :  6.62561e-06
 Reference value :  6.62848e-06
 Reference value :  6.63130e-06
 Reference value :  6.63408e-06
 Reference value :  6.63711e-06
 Reference value :  6.64005e-06
 Reference value :  6.64300e-06
 Reference value :  6.64590e-06
 Reference value :  6.64865e-06
 Reference value :  6.65148e-06
 Reference value :  6.65440e-06
 Reference value :  6.65720e-06
 Reference value :  6.66025e-06
 Reference value :  6.66301e-06
 Reference value :  6.66600e-06
 Reference value :  6.66893e-06
 Reference value :  6.67185e-06
 Reference value :  6.67471e-06
 Reference value :  6.67757e-06
 Reference value :  6.68037e-06
 Reference value :  6.68331e-06
 Reference value :  6.68621e-06
 Reference value :  6.68917e-06
 Reference value :  6.69208e-06
 Reference value :  6.69500e-06
 Reference value :  6.69775e-06
 Reference value :  6.70081e-06
 Reference value :  6.70380e-06
 Reference value :  6.70673e-06
 Reference value :  6.70978e-06
 Reference value :  6.71267e-06
 Reference value :  6.71558e-06
 Reference value :  6.71841e-06
 Reference value :  6.72128e-06
 Reference value :  6.72411e-06
 Reference value :  6.72698e-06
 Reference value :  6.72987e-06
 Reference value :  6.73271e-06
 Reference value :  6.73563e-06
 Reference value :  6.73848e-06
 Reference value :  6.74120e-06
 Reference value :  6.74450e-06
 Reference value :  6.74740e-06
 Reference value :  6.75021e-06
 Reference value :  6.75308e-06
 Reference value :  6.75591e-06
 Reference value :  6.75890e-06
 Reference value :  6.76165e-06
 Reference value :  6.76447e-06
 Reference value :  6.76738e-06
 Reference value :  6.77021e-06
 Reference value :  6.77301e-06
 Reference value :  6.77591e-06
 Reference value :  6.77905e-06
 Reference value :  6.78200e-06
 Reference value :  6.78478e-06
 Reference value :  6.78768e-06
 Reference value :  6.79050e-06
 Reference value :  6.79325e-06
 Reference value :  6.79608e-06
 Reference value :  6.79893e-06
 Reference value :  6.80171e-06
 Reference value :  6.80460e-06
 Reference value :  6.80728e-06
 Reference value :  6.81008e-06
 Reference value :  6.81281e-06
 Reference value :  6.81555e-06
 Reference value :  6.81841e-06
 Reference value :  6.82130e-06
 Reference value :  6.82420e-06
 Reference value :  6.82697e-06
 Reference value :  6.82970e-06
 Reference value :  6.83241e-06
 Reference value :  6.83523e-06
 Reference value :  6.83803e-06
 Reference value :  6.84078e-06
 Reference value :  6.84358e-06
 Reference value :  6.84640e-06
 Reference value :  6.84917e-06
 Reference value :  6.85181e-06
 Reference value :  6.85451e-06
 Reference value :  6.85730e-06
 Reference value :  6.86017e-06
 Reference value :  6.86293e-06
 Reference value :  6.86575e-06
 Reference value :  6.86850e-06
 Reference value :  6.87128e-06
 Reference value :  6.87407e-06
 Reference value :  6.87678e-06
 Reference value :  6.87955e-06
 Reference value :  6.88238e-06
 Reference value :  6.88520e-06
 Reference value :  6.88791e-06
 Reference value :  6.89071e-06
 Reference value :  6.89365e-06
 Reference value :  6.89651e-06
 Reference value :  6.89937e-06
 Reference value :  6.90203e-06
 Reference value :  6.90490e-06
 Reference value :  6.90765e-06
 Reference value :  6.91041e-06
 Reference value :  6.91328e-06
 Reference value :  6.91613e-06
 Reference value :  6.91891e-06
 Reference value :  6.92161e-06
 Reference value :  6.92438e-06
 Reference value :  6.92717e-06
 Reference value :  6.93003e-06
 Reference value :  6.93293e-06
 Reference value :  6.93577e-06
 Reference value :  6.93850e-06
 Reference value :  6.94127e-06
 Reference value :  6.94411e-06
 Reference value :  6.94700e-06
 Reference value :  6.94990e-06
 Reference value :  6.95275e-06
 Reference value :  6.95548e-06
 Reference value :  6.95840e-06
 Reference value :  6.96125e-06
 Reference value :  6.96408e-06
 Reference value :  6.96691e-06
 Reference value :  6.96985e-06
 Reference value :  6.97260e-06
 Reference value :  6.97528e-06
 Reference value :  6.97817e-06
 Reference value :  6.98101e-06
 Reference value :  6.98395e-06
 Reference value :  6.98687e-06
 Reference value :  6.98968e-06
 Reference value :  6.99241e-06
 Reference value :  6.99521e-06
 Reference value :  6.99811e-06
 Reference value :  7.00110e-06
 Reference value :  7.00401e-06
 Reference value :  7.00680e-06
 Reference value :  7.00945e-06
 Reference value :  7.01228e-06
 Reference value :  7.01500e-06
 Reference value :  7.01783e-06
 Reference value :  7.02065e-06
 Reference value :  7.02340e-06
 Reference value :  7.02625e-06
 Reference value :  7.02897e-06
 Reference value :  7.03175e-06
 Reference value :  7.03451e-06
 Reference value :  7.03727e-06
 Reference value :  7.04020e-06
 Reference value :  7.04287e-06
 Reference value :  7.04567e-06
 Reference value :  7.04847e-06
 Reference value :  7.05135e-06
 Reference value :  7.05421e-06
 Reference value :  7.05693e-06
 Reference value :  7.05971e-06
 Reference value :  7.06255e-06
 Reference value :  7.06540e-06
 Reference value :  7.06813e-06
 Reference value :  7.07088e-06
 Reference value :  7.07370e-06
 Reference value :  7.07651e-06
 Reference value :  7.07927e-06
 Reference value :  7.08333e-06
 Reference value :  7.08647e-06
 Reference value :  7.08930e-06
 Reference value :  7.09205e-06
 Reference value :  7.09480e-06
 Reference value :  7.09755e-06
 Reference value :  7.10021e-06
 Reference value :  7.10277e-06
 Reference value :  7.10558e-06
 Reference value :  7.10840e-06
 Reference value :  7.11121e-06
 Reference value :  7.11380e-06
 Reference value :  7.11640e-06
 Reference value :  7.11900e-06
 Reference value :  7.12160e-06
 Reference value :  7.12418e-06
 Reference value :  7.12678e-06
 Reference value :  7.12931e-06
 Reference value :  7.13221e-06
 Reference value :  7.13480e-06
 Reference value :  7.13738e-06
 Reference value :  7.13993e-06
 Reference value :  7.14278e-06
 Reference value :  7.14567e-06
 Reference value :  7.14853e-06
 Reference value :  7.15117e-06
 Reference value :  7.15371e-06
 Reference value :  7.15627e-06
 Reference value :  7.15910e-06
 Reference value :  7.16191e-06
 Reference value :  7.16453e-06
 Reference value :  7.16713e-06
 Reference value :  7.16987e-06
 Reference value :  7.17261e-06
 Reference value :  7.17520e-06
 Reference value :  7.17783e-06
 Reference value :  7.18055e-06
 Reference value :  7.18337e-06
 Reference value :  7.18608e-06
 Reference value :  7.18890e-06
 Reference value :  7.19145e-06
 Reference value :  7.19405e-06
 Reference value :  7.19658e-06
 Reference value :  7.19933e-06
 Reference value :  7.20203e-06
 Reference value :  7.20470e-06
 Reference value :  7.20730e-06
 Reference value :  7.20990e-06
 Reference value :  7.21260e-06
 Reference value :  7.21521e-06
 Reference value :  7.21801e-06
 Reference value :  7.22078e-06
 Reference value :  7.22335e-06
 Reference value :  7.22607e-06
 Reference value :  7.22873e-06
 Reference value :  7.23147e-06
 Reference value :  7.23407e-06
 Reference value :  7.23677e-06
 Reference value :  7.23937e-06
 Reference value :  7.24191e-06
 Reference value :  7.24440e-06
 Reference value :  7.24691e-06
 Reference value :  7.24948e-06
 Reference value :  7.25208e-06
 Reference value :  7.25490e-06
 Reference value :  7.25755e-06
 Reference value :  7.26018e-06
 Reference value :  7.26270e-06
 Reference value :  7.26520e-06
 Reference value :  7.26771e-06
 Reference value :  7.27035e-06
 Reference value :  7.27298e-06
 Reference value :  7.27555e-06
 Reference value :  7.27815e-06
 Reference value :  7.28071e-06
 Reference value :  7.28330e-06
 Reference value :  7.28590e-06
 Reference value :  7.28855e-06
 Reference value :  7.29125e-06
 Reference value :  7.29373e-06
 Reference value :  7.29631e-06
 Reference value :  7.29880e-06
 Reference value :  7.30130e-06
 Reference value :  7.30395e-06
 Reference value :  7.30638e-06
 Reference value :  7.30901e-06
 Reference value :  7.31167e-06
 Reference value :  7.31433e-06
 Reference value :  7.31701e-06
 Reference value :  7.31971e-06
 Reference value :  7.32241e-06
 Reference value :  7.32521e-06
 Reference value :  7.32800e-06
 Reference value :  7.33078e-06
 Reference value :  7.33333e-06
 Reference value :  7.33587e-06
 Reference value :  7.33850e-06
 Reference value :  7.34118e-06
 Reference value :  7.34387e-06
 Reference value :  7.34660e-06
 Reference value :  7.34930e-06
 Reference value :  7.35201e-06
 Reference value :  7.35470e-06
 Reference value :  7.35731e-06
 Reference value :  7.36000e-06
 Reference value :  7.36277e-06
 Reference value :  7.36540e-06
 Reference value :  7.36800e-06
 Reference value :  7.37060e-06
 Reference value :  7.37320e-06
 Reference value :  7.37587e-06
 Reference value :  7.37850e-06
 Reference value :  7.38120e-06
 Reference value :  7.38387e-06
 Reference value :  7.38648e-06
 Reference value :  7.38915e-06
 Reference value :  7.39191e-06
 Reference value :  7.39457e-06
 Reference value :  7.39730e-06
 Reference value :  7.39987e-06
 Reference value :  7.40251e-06
 Reference value :  7.40527e-06
 Reference value :  7.40785e-06
 Reference value :  7.41055e-06
 Reference value :  7.41318e-06
 Reference value :  7.41590e-06
 Reference value :  7.41851e-06
 Reference value :  7.42113e-06
 Reference value :  7.42375e-06
 Reference value :  7.42641e-06
 Reference value :  7.42900e-06
 Reference value :  7.43168e-06
 Reference value :  7.43433e-06
 Reference value :  7.43698e-06
 Reference value :  7.43965e-06
 Reference value :  7.44223e-06
 Reference value :  7.44478e-06
 Reference value :  7.44748e-06
 Reference value :  7.44997e-06
 Reference value :  7.45258e-06
 Reference value :  7.45520e-06
 Reference value :  7.45790e-06
 Reference value :  7.46048e-06
 Reference value :  7.46311e-06
 Reference value :  7.46585e-06
 Reference value :  7.46848e-06
 Reference value :  7.47108e-06
 Reference value :  7.47377e-06
 Reference value :  7.47641e-06
 Reference value :  7.47901e-06
 Reference value :  7.48170e-06
 Reference value :  7.48437e-06
 Reference value :  7.48701e-06
 Reference value :  7.48965e-06
 Reference value :  7.49238e-06
 Reference value :  7.49497e-06
 Reference value :  7.49770e-06
 Reference value :  7.50027e-06
 Reference value :  7.50295e-06
 Reference value :  7.50573e-06
 Reference value :  7.50838e-06
 Reference value :  7.51135e-06
 Reference value :  7.51401e-06
 Reference value :  7.51663e-06
 Reference value :  7.51933e-06
 Reference value :  7.52191e-06
 Reference value :  7.52457e-06
 Reference value :  7.52723e-06
 Reference value :  7.52997e-06
 Reference value :  7.53261e-06
 Reference value :  7.53540e-06
 Reference value :  7.53798e-06
 Reference value :  7.54075e-06
 Reference value :  7.54347e-06
 Reference value :  7.54598e-06
 Reference value :  7.54871e-06
 Reference value :  7.55131e-06
 Reference value :  7.55400e-06
 Reference value :  7.55675e-06
 Reference value :  7.55938e-06
 Reference value :  7.56203e-06
 Reference value :  7.56463e-06
 Reference value :  7.56725e-06
 Reference value :  7.57000e-06
 Reference value :  7.57265e-06
 Reference value :  7.57521e-06
 Reference value :  7.57785e-06
 Reference value :  7.58045e-06
 Reference value :  7.58331e-06
 Reference value :  7.58618e-06
 Reference value :  7.58898e-06
 Reference value :  7.59161e-06
 Reference value :  7.59425e-06
 Reference value :  7.59685e-06
 Reference value :  7.59951e-06
 Reference value :  7.60218e-06
 Reference value :  7.60481e-06
 Reference value :  7.60770e-06
 Reference value :  7.61040e-06
 Reference value :  7.61310e-06
 Reference value :  7.61577e-06
 Reference value :  7.61831e-06
 Reference value :  7.62098e-06
 Reference value :  7.62363e-06
 Reference value :  7.62633e-06
 Reference value :  7.62908e-06
 Reference value :  7.63170e-06
 Reference value :  7.63435e-06
 Reference value :  7.63700e-06
 Reference value :  7.63975e-06
 Reference value :  7.64247e-06
 Reference value :  7.64510e-06
 Reference value :  7.64775e-06
 Reference value :  7.65048e-06
 Reference value :  7.65311e-06
 Reference value :  7.65581e-06
 Reference value :  7.65840e-06
 Reference value :  7.66101e-06
 Reference value :  7.66368e-06
 Reference value :  7.66625e-06
 Reference value :  7.66895e-06
 Reference value :  7.67180e-06
 Reference value :  7.67441e-06
 Reference value :  7.67711e-06
 Reference value :  7.67981e-06
 Reference value :  7.68238e-06
 Reference value :  7.68508e-06
 Reference value :  7.68771e-06
 Reference value :  7.69053e-06
 Reference value :  7.69315e-06
 Reference value :  7.69600e-06
 Reference value :  7.69883e-06
 Reference value :  7.70151e-06
 Reference value :  7.70450e-06
 Reference value :  7.70725e-06
 Reference value :  7.70980e-06
 Reference value :  7.71268e-06
 Reference value :  7.71553e-06
 Reference value :  7.71821e-06
 Reference value :  7.72100e-06
 Reference value :  7.72365e-06
 Reference value :  7.72631e-06
 Reference value :  7.72890e-06
 Reference value :  7.73185e-06
 Reference value :  7.73460e-06
 Reference value :  7.73731e-06
 Reference value :  7.74030e-06
 Reference value :  7.74318e-06
 Reference value :  7.74571e-06
 Reference value :  7.74853e-06
 Reference value :  7.75118e-06
 Reference value :  7.75397e-06
 Reference value :  7.75685e-06
 Reference value :  7.75981e-06
 Reference value :  7.76251e-06
 Reference value :  7.76517e-06
 Reference value :  7.76785e-06
 Reference value :  7.77068e-06
 Reference value :  7.77371e-06
 Reference value :  7.77655e-06
 Reference value :  7.77923e-06
 Reference value :  7.78200e-06
 Reference value :  7.78471e-06
 Reference value :  7.78753e-06
 Reference value :  7.79035e-06
 Reference value :  7.79311e-06
 Reference value :  7.79581e-06
 Reference value :  7.79841e-06
 Reference value :  7.80100e-06
 Reference value :  7.80363e-06
 Reference value :  7.80627e-06
 Reference value :  7.80887e-06
 Reference value :  7.81145e-06
 Reference value :  7.81401e-06
 Reference value :  7.81660e-06
 Reference value :  7.81911e-06
 Reference value :  7.82173e-06
 Reference value :  7.82428e-06
 Reference value :  7.82697e-06
 Reference value :  7.82961e-06
 Reference value :  7.83215e-06
 Reference value :  7.83471e-06
 Reference value :  7.83730e-06
 Reference value :  7.83997e-06
 Reference value :  7.84270e-06
 Reference value :  7.84525e-06
 Reference value :  7.84788e-06
 Reference value :  7.85061e-06
 Reference value :  7.85328e-06
 Reference value :  7.85593e-06
 Reference value :  7.85850e-06
 Reference value :  7.86107e-06
 Reference value :  7.86371e-06
 Reference value :  7.86637e-06
 Reference value :  7.86897e-06
 Reference value :  7.87150e-06
 Reference value :  7.87405e-06
 Reference value :  7.87671e-06
 Reference value :  7.87930e-06
 Reference value :  7.88190e-06
 Reference value :  7.88448e-06
 Reference value :  7.88751e-06
 Reference value :  7.89017e-06
 Reference value :  7.89277e-06
 Reference value :  7.89527e-06
 Reference value :  7.89783e-06
 Reference value :  7.90055e-06
 Reference value :  7.90315e-06
 Reference value :  7.90570e-06
 Reference value :  7.90827e-06
 Reference value :  7.91090e-06
 Reference value :  7.91348e-06
 Reference value :  7.91611e-06
 Reference value :  7.91890e-06
 Reference value :  7.92148e-06
 Reference value :  7.92398e-06
 Reference value :  7.92655e-06
 Reference value :  7.92903e-06
 Reference value :  7.93160e-06
 Reference value :  7.93428e-06
 Reference value :  7.93707e-06
 Reference value :  7.93970e-06
 Reference value :  7.94220e-06
 Reference value :  7.94478e-06
 Reference value :  7.94740e-06
 Reference value :  7.95000e-06
 Reference value :  7.95261e-06
 Reference value :  7.95523e-06
 Reference value :  7.95777e-06
 Reference value :  7.96031e-06
 Reference value :  7.96301e-06
 Reference value :  7.96551e-06
 Reference value :  7.96801e-06
 Reference value :  7.97065e-06
 Reference value :  7.97333e-06
 Reference value :  7.97590e-06
 Reference value :  7.97843e-06
 Reference value :  7.98101e-06
 Reference value :  7.98350e-06
 Reference value :  7.98627e-06
 Reference value :  7.98880e-06
 Reference value :  7.99141e-06
 Reference value :  7.99400e-06
 Reference value :  7.99658e-06
 Reference value :  7.99913e-06
 Reference value :  8.00175e-06
 Reference value :  8.00445e-06
 Reference value :  8.00733e-06
 Reference value :  8.00990e-06
 Reference value :  8.01257e-06
 Reference value :  8.01521e-06
 Reference value :  8.01781e-06
 Reference value :  8.02050e-06
 Reference value :  8.02310e-06
 Reference value :  8.02565e-06
 Reference value :  8.02830e-06
 Reference value :  8.03090e-06
 Reference value :  8.03351e-06
 Reference value :  8.03598e-06
 Reference value :  8.03857e-06
 Reference value :  8.04111e-06
 Reference value :  8.04375e-06
 Reference value :  8.04648e-06
 Reference value :  8.04918e-06
 Reference value :  8.05175e-06
 Reference value :  8.05441e-06
 Reference value :  8.05697e-06
 Reference value :  8.05961e-06
 Reference value :  8.06221e-06
 Reference value :  8.06483e-06
 Reference value :  8.06741e-06
 Reference value :  8.07003e-06
 Reference value :  8.07261e-06
 Reference value :  8.07520e-06
 Reference value :  8.07785e-06
 Reference value :  8.08050e-06
 Reference value :  8.08308e-06
 Reference value :  8.08565e-06
 Reference value :  8.08827e-06
 Reference value :  8.09083e-06
 Reference value :  8.09341e-06
 Reference value :  8.09608e-06
 Reference value :  8.09868e-06
 Reference value :  8.10137e-06
 Reference value :  8.10393e-06
 Reference value :  8.10643e-06
 Reference value :  8.10900e-06
 Reference value :  8.11155e-06
 Reference value :  8.11423e-06
 Reference value :  8.11691e-06
 Reference value :  8.11951e-06
 Reference value :  8.12207e-06
 Reference value :  8.12465e-06
 Reference value :  8.12743e-06
 Reference value :  8.12998e-06
 Reference value :  8.13250e-06
 Reference value :  8.13505e-06
 Reference value :  8.13763e-06
 Reference value :  8.14021e-06
 Reference value :  8.14271e-06
 Reference value :  8.14538e-06
 Reference value :  8.14793e-06
 Reference value :  8.15060e-06
 Reference value :  8.15318e-06
 Reference value :  8.15577e-06
 Reference value :  8.15828e-06
 Reference value :  8.16070e-06
 Reference value :  8.16327e-06
 Reference value :  8.16587e-06
 Reference value :  8.16843e-06
 Reference value :  8.17105e-06
 Reference value :  8.17380e-06
 Reference value :  8.17657e-06
 Reference value :  8.17918e-06
 Reference value :  8.18178e-06
 Reference value :  8.18430e-06
 Reference value :  8.18698e-06
 Reference value :  8.18961e-06
 Reference value :  8.19230e-06
 Reference value :  8.19490e-06
 Reference value :  8.19741e-06
 Reference value :  8.19995e-06
 Reference value :  8.20260e-06
 Reference value :  8.20520e-06
 Reference value :  8.20777e-06
 Reference value :  8.21038e-06
 Reference value :  8.21290e-06
 Reference value :  8.21551e-06
 Reference value :  8.21821e-06
 Reference value :  8.22081e-06
 Reference value :  8.22365e-06
 Reference value :  8.22631e-06
 Reference value :  8.22898e-06
 Reference value :  8.23151e-06
 Reference value :  8.23420e-06
 Reference value :  8.23701e-06
 Reference value :  8.23983e-06
 Reference value :  8.24261e-06
 Reference value :  8.24528e-06
 Reference value :  8.24780e-06
 Reference value :  8.25028e-06
 Reference value :  8.25320e-06
 Reference value :  8.25600e-06
 Reference value :  8.25878e-06
 Reference value :  8.26163e-06
 Reference value :  8.26423e-06
 Reference value :  8.26691e-06
 Reference value :  8.26955e-06
 Reference value :  8.27230e-06
 Reference value :  8.27488e-06
 Reference value :  8.27751e-06
 Reference value :  8.28030e-06
 Reference value :  8.28295e-06
 Reference value :  8.28563e-06
 Reference value :  8.28830e-06
 Reference value :  8.29095e-06
 Reference value :  8.29361e-06
 Reference value :  8.29630e-06
 Reference value :  8.29915e-06
 Reference value :  8.30180e-06
 Reference value :  8.30468e-06
 Reference value :  8.30727e-06
 Reference value :  8.30997e-06
 Reference value :  8.31271e-06
 Reference value :  8.31550e-06
 Reference value :  8.31811e-06
 Reference value :  8.32071e-06
 Reference value :  8.32338e-06
 Reference value :  8.32593e-06
 Reference value :  8.32861e-06
 Reference value :  8.33131e-06
 Reference value :  8.33390e-06
 Reference value :  8.33655e-06
 Reference value :  8.33927e-06
 Reference value :  8.34183e-06
 Reference value :  8.34443e-06
 Reference value :  8.34711e-06
 Reference value :  8.34983e-06
 Reference value :  8.35260e-06
 Reference value :  8.35540e-06
 Reference value :  8.35821e-06
 Reference value :  8.36093e-06
 Reference value :  8.36355e-06
 Reference value :  8.36625e-06
 Reference value :  8.36885e-06
 Reference value :  8.37150e-06
 Reference value :  8.37423e-06
 Reference value :  8.37697e-06
 Reference value :  8.37960e-06
 Reference value :  8.38227e-06
 Reference value :  8.38491e-06
 Reference value :  8.38767e-06
 Reference value :  8.39033e-06
 Reference value :  8.39307e-06
 Reference value :  8.39581e-06
 Reference value :  8.39847e-06
 Reference value :  8.40135e-06
 Reference value :  8.40398e-06
 Reference value :  8.40673e-06
 Reference value :  8.40935e-06
 Reference value :  8.41198e-06
 Reference value :  8.41485e-06
 Reference value :  8.41763e-06
 Reference value :  8.42023e-06
 Reference value :  8.42317e-06
 Reference value :  8.42590e-06
 Reference value :  8.42853e-06
 Reference value :  8.43121e-06
 Reference value :  8.43393e-06
 Reference value :  8.43680e-06
 Reference value :  8.43941e-06
 Reference value :  8.44191e-06
 Reference value :  8.44457e-06
 Reference value :  8.44730e-06
 Reference value :  8.45000e-06
 Reference value :  8.45287e-06
 Reference value :  8.45543e-06
 Reference value :  8.45807e-06
 Reference value :  8.46090e-06
 Reference value :  8.46347e-06
 Reference value :  8.46623e-06
 Reference value :  8.46893e-06
 Reference value :  8.47161e-06
 Reference value :  8.47433e-06
 Reference value :  8.47701e-06
 Reference value :  8.47968e-06
 Reference value :  8.48237e-06
 Reference value :  8.48495e-06
 Reference value :  8.48761e-06
 Reference value :  8.49025e-06
 Reference value :  8.49287e-06
 Reference value :  8.49561e-06
 Reference value :  8.49820e-06
 Reference value :  8.50080e-06
 Reference value :  8.50348e-06
 Reference value :  8.50618e-06
 Reference value :  8.50878e-06
 Reference value :  8.51153e-06
 Reference value :  8.51431e-06
 Reference value :  8.51690e-06
 Reference value :  8.51960e-06
 Reference value :  8.52221e-06
 Reference value :  8.52488e-06
 Reference value :  8.52741e-06
 Reference value :  8.53007e-06
 Reference value :  8.53253e-06
 Reference value :  8.53513e-06
 Reference value :  8.53780e-06
 Reference value :  8.54045e-06
 Reference value :  8.54290e-06
 Reference value :  8.54567e-06
 Reference value :  8.54823e-06
 Reference value :  8.55090e-06
 Reference value :  8.55351e-06
 Reference value :  8.55618e-06
 Reference value :  8.55871e-06
 Reference value :  8.56141e-06
 Reference value :  8.56400e-06
 Reference value :  8.56667e-06
 Reference value :  8.56920e-06
 Reference value :  8.57188e-06
 Reference value :  8.57457e-06
 Reference value :  8.57721e-06
 Reference value :  8.57990e-06
 Reference value :  8.58257e-06
 Reference value :  8.58520e-06
 Reference value :  8.58790e-06
 Reference value :  8.59055e-06
 Reference value :  8.59313e-06
 Reference value :  8.59590e-06
 Reference value :  8.59858e-06
 Reference value :  8.60121e-06
 Reference value :  8.60387e-06
 Reference value :  8.60650e-06
 Reference value :  8.60927e-06
 Reference value :  8.61205e-06
 Reference value :  8.61475e-06
 Reference value :  8.61751e-06
 Reference value :  8.62017e-06
 Reference value :  8.62281e-06
 Reference value :  8.62545e-06
 Reference value :  8.62813e-06
 Reference value :  8.63080e-06
 Reference value :  8.63350e-06
 Reference value :  8.63611e-06
 Reference value :  8.63878e-06
 Reference value :  8.64140e-06
 Reference value :  8.64400e-06
 Reference value :  8.64670e-06
 Reference value :  8.64933e-06
 Reference value :  8.65208e-06
 Reference value :  8.65481e-06
 Reference value :  8.65755e-06
 Reference value :  8.66021e-06
 Reference value :  8.66290e-06
 Reference value :  8.66567e-06
 Reference value :  8.66868e-06
 Reference value :  8.67125e-06
 Reference value :  8.67398e-06
 Reference value :  8.67670e-06
 Reference value :  8.67931e-06
 Reference value :  8.68208e-06
 Reference value :  8.68485e-06
 Reference value :  8.68773e-06
 Reference value :  8.69040e-06
 Reference value :  8.69301e-06
 Reference value :  8.69570e-06
 Reference value :  8.69831e-06
 Reference value :  8.70103e-06
 Reference value :  8.70373e-06
 Reference value :  8.70635e-06
 Reference value :  8.70905e-06
 Reference value :  8.71185e-06
 Reference value :  8.71463e-06
 Reference value :  8.71730e-06
 Reference value :  8.72005e-06
 Reference value :  8.72270e-06
 Reference value :  8.72538e-06
 Reference value :  8.72801e-06
 Reference value :  8.73068e-06
 Reference value :  8.73330e-06
 Reference value :  8.73590e-06
 Reference value :  8.73848e-06
 Reference value :  8.74121e-06
 Reference value :  8.74381e-06
 Reference value :  8.74658e-06
 Reference value :  8.74921e-06
 Reference value :  8.75220e-06
 Reference value :  8.75503e-06
 Reference value :  8.75773e-06
 Reference value :  8.76031e-06
 Reference value :  8.76305e-06
 Reference value :  8.76581e-06
 Reference value :  8.76861e-06
 Reference value :  8.77130e-06
 Reference value :  8.77390e-06
 Reference value :  8.77661e-06
 Reference value :  8.77940e-06
 Reference value :  8.78215e-06
 Reference value :  8.78488e-06
 Reference value :  8.78773e-06
 Reference value :  8.79041e-06
 Reference value :  8.79313e-06
 Reference value :  8.79598e-06
 Reference value :  8.79871e-06
 Reference value :  8.80150e-06
 Reference value :  8.80420e-06
 Reference value :  8.80673e-06
 Reference value :  8.80950e-06
 Reference value :  8.81223e-06
 Reference value :  8.81491e-06
 Reference value :  8.81751e-06
 Reference value :  8.82021e-06
 Reference value :  8.82271e-06
 Reference value :  8.82531e-06
 Reference value :  8.82803e-06
 Reference value :  8.83071e-06
 Reference value :  8.83355e-06
 Reference value :  8.83647e-06
 Reference value :  8.83901e-06
 Reference value :  8.84157e-06
 Reference value :  8.84410e-06
 Reference value :  8.84673e-06
 Reference value :  8.84955e-06
 Reference value :  8.85233e-06
 Reference value :  8.85485e-06
 Reference value :  8.85737e-06
 Reference value :  8.85988e-06
 Reference value :  8.86251e-06
 Reference value :  8.86523e-06
 Reference value :  8.86778e-06
 Reference value :  8.87047e-06
 Reference value :  8.87311e-06
 Reference value :  8.87568e-06
 Reference value :  8.87821e-06
 Reference value :  8.88088e-06
 Reference value :  8.88375e-06
 Reference value :  8.88641e-06
 Reference value :  8.88920e-06
 Reference value :  8.89181e-06
 Reference value :  8.89425e-06
 Reference value :  8.89690e-06
 Reference value :  8.89950e-06
 Reference value :  8.90205e-06
 Reference value :  8.90471e-06
 Reference value :  8.90740e-06
 Reference value :  8.90991e-06
 Reference value :  8.91250e-06
 Reference value :  8.91508e-06
 Reference value :  8.91770e-06
 Reference value :  8.92031e-06
 Reference value :  8.92291e-06
 Reference value :  8.92575e-06
 Reference value :  8.92830e-06
 Reference value :  8.93090e-06
 Reference value :  8.93371e-06
 Reference value :  8.93621e-06
 Reference value :  8.93887e-06
 Reference value :  8.94150e-06
 Reference value :  8.94413e-06
 Reference value :  8.94668e-06
 Reference value :  8.94935e-06
 Reference value :  8.95191e-06
 Reference value :  8.95460e-06
 Reference value :  8.95713e-06
 Reference value :  8.95978e-06
 Reference value :  8.96250e-06
 Reference value :  8.96515e-06
 Reference value :  8.96778e-06
 Reference value :  8.97041e-06
 Reference value :  8.97301e-06
 Reference value :  8.97560e-06
 Reference value :  8.97818e-06
 Reference value :  8.98090e-06
 Reference value :  8.98341e-06
 Reference value :  8.98597e-06
 Reference value :  8.98853e-06
 Reference value :  8.99111e-06
 Reference value :  8.99391e-06
 Reference value :  8.99658e-06
 Reference value :  8.99918e-06
 Reference value :  9.00180e-06
 Reference value :  9.00455e-06
 Reference value :  9.00717e-06
 Reference value :  9.00970e-06
 Reference value :  9.01230e-06
 Reference value :  9.01493e-06
 Reference value :  9.01755e-06
 Reference value :  9.02010e-06
 Reference value :  9.02268e-06
 Reference value :  9.02523e-06
 Reference value :  9.02780e-06
 Reference value :  9.03040e-06
 Reference value :  9.03303e-06
 Reference value :  9.03571e-06
 Reference value :  9.03833e-06
 Reference value :  9.04090e-06
 Reference value :  9.04350e-06
 Reference value :  9.04608e-06
 Reference value :  9.04871e-06
 Reference value :  9.05140e-06
 Reference value :  9.05400e-06
 Reference value :  9.05647e-06
 Reference value :  9.05901e-06
 Reference value :  9.06165e-06
 Reference value :  9.06421e-06
 Reference value :  9.06687e-06
 Reference value :  9.06950e-06
 Reference value :  9.07215e-06
 Reference value :  9.07463e-06
 Reference value :  9.07737e-06
 Reference value :  9.07998e-06
 Reference value :  9.08261e-06
 Reference value :  9.08535e-06
 Reference value :  9.08795e-06
 Reference value :  9.09050e-06
 Reference value :  9.09305e-06
 Reference value :  9.09553e-06
 Reference value :  9.09827e-06
 Reference value :  9.10083e-06
 Reference value :  9.10330e-06
 Reference value :  9.10590e-06
 Reference value :  9.10848e-06
 Reference value :  9.11103e-06
 Reference value :  9.11380e-06
 Reference value :  9.11648e-06
 Reference value :  9.11908e-06
 Reference value :  9.12178e-06
 Reference value :  9.12438e-06
 Reference value :  9.12688e-06
 Reference value :  9.12961e-06
 Reference value :  9.13221e-06
 Reference value :  9.13480e-06
 Reference value :  9.13741e-06
 Reference value :  9.13991e-06
 Reference value :  9.14257e-06
 Reference value :  9.14520e-06
 Reference value :  9.14783e-06
 Reference value :  9.15050e-06
 Reference value :  9.15317e-06
 Reference value :  9.15585e-06
 Reference value :  9.15840e-06
 Reference value :  9.16095e-06
 Reference value :  9.16343e-06
 Reference value :  9.16613e-06
 Reference value :  9.16880e-06
 Reference value :  9.17148e-06
 Reference value :  9.17397e-06
 Reference value :  9.17653e-06
 Reference value :  9.17915e-06
 Reference value :  9.18181e-06
 Reference value :  9.18441e-06
 Reference value :  9.18698e-06
 Reference value :  9.18960e-06
 Reference value :  9.19235e-06
 Reference value :  9.19490e-06
 Reference value :  9.19747e-06
 Reference value :  9.20010e-06
 Reference value :  9.20275e-06
 Reference value :  9.20548e-06
 Reference value :  9.20807e-06
 Reference value :  9.21067e-06
 Reference value :  9.21328e-06
 Reference value :  9.21593e-06
 Reference value :  9.21847e-06
 Reference value :  9.22095e-06
 Reference value :  9.22351e-06
 Reference value :  9.22625e-06
 Reference value :  9.22898e-06
 Reference value :  9.23141e-06
 Reference value :  9.23395e-06
 Reference value :  9.23665e-06
 Reference value :  9.23928e-06
 Reference value :  9.24185e-06
 Reference value :  9.24447e-06
 Reference value :  9.24703e-06
 Reference value :  9.24968e-06
 Reference value :  9.25220e-06
 Reference value :  9.25490e-06
 Reference value :  9.25753e-06
 Reference value :  9.26011e-06
 Reference value :  9.26287e-06
 Reference value :  9.26560e-06
 Reference value :  9.26831e-06
 Reference value :  9.27101e-06
 Reference value :  9.27360e-06
 Reference value :  9.27640e-06
 Reference value :  9.27908e-06
 Reference value :  9.28167e-06
 Reference value :  9.28447e-06
 Reference value :  9.28730e-06
 Reference value :  9.28990e-06
 Reference value :  9.29267e-06
 Reference value :  9.29525e-06
 Reference value :  9.29797e-06
 Reference value :  9.30057e-06
 Reference value :  9.30330e-06
 Reference value :  9.30598e-06
 Reference value :  9.30870e-06
 Reference value :  9.31145e-06
 Reference value :  9.31418e-06
 Reference value :  9.31700e-06
 Reference value :  9.31971e-06
 Reference value :  9.32250e-06
 Reference value :  9.32518e-06
 Reference value :  9.32780e-06
 Reference value :  9.33040e-06
 Reference value :  9.33311e-06
 Reference value :  9.33583e-06
 Reference value :  9.33851e-06
 Reference value :  9.34131e-06
 Reference value :  9.34410e-06
 Reference value :  9.34677e-06
 Reference value :  9.34960e-06
 Reference value :  9.35225e-06
 Reference value :  9.35501e-06
 Reference value :  9.35788e-06
 Reference value :  9.36051e-06
 Reference value :  9.36341e-06
 Reference value :  9.36610e-06
 Reference value :  9.36870e-06
 Reference value :  9.37138e-06
 Reference value :  9.37408e-06
 Reference value :  9.37690e-06
 Reference value :  9.37960e-06
 Reference value :  9.38215e-06
 Reference value :  9.38488e-06
 Reference value :  9.38741e-06
 Reference value :  9.39000e-06
 Reference value :  9.39260e-06
 Reference value :  9.39535e-06
 Reference value :  9.39798e-06
 Reference value :  9.40060e-06
 Reference value :  9.40320e-06
 Reference value :  9.40587e-06
 Reference value :  9.40851e-06
 Reference value :  9.41111e-06
 Reference value :  9.41388e-06
 Reference value :  9.41667e-06
 Reference value :  9.41928e-06
 Reference value :  9.42200e-06
 Reference value :  9.42468e-06
 Reference value :  9.42737e-06
 Reference value :  9.42991e-06
 Reference value :  9.43250e-06
 Reference value :  9.43517e-06
 Reference value :  9.43781e-06
 Reference value :  9.44058e-06
 Reference value :  9.44348e-06
 Reference value :  9.44628e-06
 Reference value :  9.44920e-06
 Reference value :  9.45210e-06
 Reference value :  9.45500e-06
 Reference value :  9.45797e-06
 Reference value :  9.46077e-06
 Reference value :  9.46358e-06
 Reference value :  9.46661e-06
 Reference value :  9.46955e-06
 Reference value :  9.47257e-06
 Reference value :  9.47543e-06
 Reference value :  9.47831e-06
 Reference value :  9.48128e-06
 Reference value :  9.48413e-06
 Reference value :  9.48710e-06
 Reference value :  9.48990e-06
 Reference value :  9.49295e-06
 Reference value :  9.49585e-06
 Reference value :  9.49871e-06
 Reference value :  9.50165e-06
 Reference value :  9.50441e-06
 Reference value :  9.50731e-06
 Reference value :  9.51023e-06
 Reference value :  9.51311e-06
 Reference value :  9.51597e-06
 Reference value :  9.51880e-06
 Reference value :  9.52173e-06
 Reference value :  9.52467e-06
 Reference value :  9.52757e-06
 Reference value :  9.53045e-06
 Reference value :  9.53345e-06
 Reference value :  9.53645e-06
 Reference value :  9.53927e-06
 Reference value :  9.54205e-06
 Reference value :  9.54505e-06
 Reference value :  9.54791e-06
 Reference value :  9.55140e-06
 Reference value :  9.55547e-06
 Reference value :  9.56010e-06
 Reference value :  9.56470e-06
 Reference value :  9.56773e-06
 Reference value :  9.57065e-06
 Reference value :  9.57345e-06
 Reference value :  9.57633e-06
 Reference value :  9.57921e-06
 Reference value :  9.58200e-06
 Reference value :  9.58483e-06
 Reference value :  9.58767e-06
 Reference value :  9.59057e-06
 Reference value :  9.59333e-06
 Reference value :  9.59618e-06
 Reference value :  9.59917e-06
 Reference value :  9.60197e-06
 Reference value :  9.60481e-06
 Reference value :  9.60763e-06
 Reference value :  9.61041e-06
 Reference value :  9.61321e-06
 Reference value :  9.61610e-06
 Reference value :  9.61888e-06
 Reference value :  9.62183e-06
 Reference value :  9.62471e-06
 Reference value :  9.62751e-06
 Reference value :  9.63038e-06
 Reference value :  9.63317e-06
 Reference value :  9.63613e-06
 Reference value :  9.63897e-06
 Reference value :  9.64180e-06
 Reference value :  9.64470e-06
 Reference value :  9.64755e-06
 Reference value :  9.65045e-06
 Reference value :  9.65338e-06
 Reference value :  9.65620e-06
 Reference value :  9.65910e-06
 Reference value :  9.66188e-06
 Reference value :  9.66470e-06
 Reference value :  9.66751e-06
 Reference value :  9.67050e-06
 Reference value :  9.67331e-06
 Reference value :  9.67618e-06
 Reference value :  9.67903e-06
 Reference value :  9.68201e-06
 Reference value :  9.68480e-06
 Reference value :  9.68761e-06
 Reference value :  9.69041e-06
 Reference value :  9.69321e-06
 Reference value :  9.69623e-06
 Reference value :  9.69900e-06
 Reference value :  9.70190e-06
 Reference value :  9.70468e-06
 Reference value :  9.70745e-06
 Reference value :  9.71041e-06
 Reference value :  9.71330e-06
 Reference value :  9.71627e-06
 Reference value :  9.71927e-06
 Reference value :  9.72213e-06
 Reference value :  9.72520e-06
 Reference value :  9.72801e-06
 Reference value :  9.73093e-06
 Reference value :  9.73370e-06
 Reference value :  9.73657e-06
 Reference value :  9.73940e-06
 Reference value :  9.74231e-06
 Reference value :  9.74511e-06
 Reference value :  9.74800e-06
 Reference value :  9.75091e-06
 Reference value :  9.75371e-06
 Reference value :  9.75651e-06
 Reference value :  9.75953e-06
 Reference value :  9.76231e-06
 Reference value :  9.76511e-06
 Reference value :  9.76803e-06
 Reference value :  9.77098e-06
 Reference value :  9.77393e-06
 Reference value :  9.77671e-06
 Reference value :  9.77958e-06
 Reference value :  9.78250e-06
 Reference value :  9.78530e-06
 Reference value :  9.78825e-06
 Reference value :  9.79125e-06
 Reference value :  9.79411e-06
 Reference value :  9.79701e-06
 Reference value :  9.79981e-06
 Reference value :  9.80278e-06
 Reference value :  9.80567e-06
 Reference value :  9.80837e-06
 Reference value :  9.81105e-06
 Reference value :  9.81380e-06
 Reference value :  9.81668e-06
 Reference value :  9.81953e-06
 Reference value :  9.82227e-06
 Reference value :  9.82517e-06
 Reference value :  9.82797e-06
 Reference value :  9.83081e-06
 Reference value :  9.83357e-06
 Reference value :  9.83641e-06
 Reference value :  9.83938e-06
 Reference value :  9.84211e-06
 Reference value :  9.84491e-06
 Reference value :  9.84763e-06
 Reference value :  9.85045e-06
 Reference value :  9.85343e-06
 Reference value :  9.85627e-06
 Reference value :  9.85917e-06
 Reference value :  9.86197e-06
 Reference value :  9.86478e-06
 Reference value :  9.86760e-06
 Reference value :  9.87051e-06
 Reference value :  9.87335e-06
 Reference value :  9.87628e-06
 Reference value :  9.87903e-06
 Reference value :  9.88178e-06
 Reference value :  9.88453e-06
 Reference value :  9.88750e-06
 Reference value :  9.89033e-06
 Reference value :  9.89311e-06
 Reference value :  9.89590e-06
 Reference value :  9.89860e-06
 Reference value :  9.90135e-06
 Reference value :  9.90410e-06
 Reference value :  9.90688e-06
 Reference value :  9.90990e-06
 Reference value :  9.91280e-06
 Reference value :  9.91545e-06
 Reference value :  9.91821e-06
 Reference value :  9.92100e-06
 Reference value :  9.92391e-06
 Reference value :  9.92670e-06
 Reference value :  9.92953e-06
 Reference value :  9.93250e-06
 Reference value :  9.93520e-06
 Reference value :  9.93790e-06
 Reference value :  9.94065e-06
 Reference value :  9.94347e-06
 Reference value :  9.94640e-06
 Reference value :  9.94918e-06
 Reference value :  9.95213e-06
 Reference value :  9.95497e-06
 Reference value :  9.95773e-06
 Reference value :  9.96063e-06
 Reference value :  9.96350e-06
 Reference value :  9.96635e-06
 Reference value :  9.96925e-06
 Reference value :  9.97201e-06
 Reference value :  9.97495e-06
 Reference value :  9.97770e-06
 Reference value :  9.98055e-06
 Reference value :  9.98341e-06
 Reference value :  9.98623e-06
 Reference value :  9.98891e-06
 Reference value :  9.99167e-06
 Reference value :  9.99448e-06
 Reference value :  9.99738e-06
 Reference value :  1.00002e-05
 Reference value :  1.00029e-05
 Reference value :  1.00058e-05
 Reference value :  1.00085e-05
 Reference value :  1.00113e-05
 Reference value :  1.00141e-05
 Reference value :  1.00171e-05
 Reference value :  1.00201e-05
 Reference value :  1.00229e-05
 Reference value :  1.00258e-05
 Reference value :  1.00287e-05
 Reference value :  1.00315e-05
 Reference value :  1.00345e-05
 Reference value :  1.00373e-05
 Reference value :  1.00402e-05
 Reference value :  1.00429e-05
 Reference value :  1.00456e-05
 Reference value :  1.00484e-05
 Reference value :  1.00512e-05
 Reference value :  1.00540e-05
 Reference value :  1.00569e-05
 Reference value :  1.00598e-05
 Reference value :  1.00625e-05
 Reference value :  1.00654e-05
 Reference value :  1.00681e-05
 Reference value :  1.00710e-05
 Reference value :  1.00737e-05
 Reference value :  1.00766e-05
 Reference value :  1.00796e-05
 Reference value :  1.00826e-05
 Reference value :  1.00856e-05
 Reference value :  1.00885e-05
 Reference value :  1.00916e-05
 Reference value :  1.00943e-05
 Reference value :  1.00974e-05
 Reference value :  1.01003e-05
 Reference value :  1.01033e-05
 Reference value :  1.01065e-05
 Reference value :  1.01095e-05
 Reference value :  1.01125e-05
 Reference value :  1.01152e-05
 Reference value :  1.01179e-05
 Reference value :  1.01206e-05
 Reference value :  1.01235e-05
 Reference value :  1.01264e-05
 Reference value :  1.01293e-05
 Reference value :  1.01321e-05
 Reference value :  1.01348e-05
 Reference value :  1.01377e-05
 Reference value :  1.01406e-05
 Reference value :  1.01433e-05
 Reference value :  1.01461e-05
 Reference value :  1.01490e-05
 Reference value :  1.01521e-05
 Reference value :  1.01549e-05
 Reference value :  1.01576e-05
 Reference value :  1.01606e-05
 Reference value :  1.01634e-05
 Reference value :  1.01662e-05
 Reference value :  1.01691e-05
 Reference value :  1.01720e-05
 Reference value :  1.01750e-05
 Reference value :  1.01781e-05
 Reference value :  1.01813e-05
 Reference value :  1.01841e-05
 Reference value :  1.01871e-05
 Reference value :  1.01902e-05
 Reference value :  1.01931e-05
 Reference value :  1.01962e-05
 Reference value :  1.01994e-05
 Reference value :  1.02024e-05
 Reference value :  1.02054e-05
 Reference value :  1.02085e-05
 Reference value :  1.02113e-05
 Reference value :  1.02141e-05
 Reference value :  1.02171e-05
 Reference value :  1.02202e-05
 Reference value :  1.02230e-05
 Reference value :  1.02258e-05
 Reference value :  1.02286e-05
 Reference value :  1.02314e-05
 Reference value :  1.02343e-05
 Reference value :  1.02371e-05
 Reference value :  1.02399e-05
 Reference value :  1.02427e-05
 Reference value :  1.02455e-05
 Reference value :  1.02484e-05
 Reference value :  1.02513e-05
 Reference value :  1.02541e-05
 Reference value :  1.02570e-05
 Reference value :  1.02598e-05
 Reference value :  1.02624e-05
 Reference value :  1.02652e-05
 Reference value :  1.02681e-05
 Reference value :  1.02710e-05
 Reference value :  1.02737e-05
 Reference value :  1.02765e-05
 Reference value :  1.02792e-05
 Reference value :  1.02821e-05
 Reference value :  1.02849e-05
 Reference value :  1.02877e-05
 Reference value :  1.02906e-05
 Reference value :  1.02935e-05
 Reference value :  1.02962e-05
 Reference value :  1.02989e-05
 Reference value :  1.03017e-05
 Reference value :  1.03048e-05
 Reference value :  1.03075e-05
 Reference value :  1.03103e-05
 Reference value :  1.03132e-05
 Reference value :  1.03160e-05
 Reference value :  1.03188e-05
 Reference value :  1.03216e-05
 Reference value :  1.03247e-05
 Reference value :  1.03277e-05
 Reference value :  1.03305e-05
 Reference value :  1.03335e-05
 Reference value :  1.03364e-05
 Reference value :  1.03394e-05
 Reference value :  1.03423e-05
 Reference value :  1.03451e-05
 Reference value :  1.03479e-05
 Reference value :  1.03507e-05
 Reference value :  1.03536e-05
 Reference value :  1.03564e-05
 Reference value :  1.03592e-05
 Reference value :  1.03622e-05
 Reference value :  1.03652e-05
 Reference value :  1.03681e-05
 Reference value :  1.03711e-05
 Reference value :  1.03742e-05
 Reference value :  1.03772e-05
 Reference value :  1.03800e-05
 Reference value :  1.03829e-05
 Reference value :  1.03857e-05
 Reference value :  1.03885e-05
 Reference value :  1.03914e-05
 Reference value :  1.03942e-05
 Reference value :  1.03972e-05
 Reference value :  1.04001e-05
 Reference value :  1.04028e-05
 Reference value :  1.04057e-05
 Reference value :  1.04086e-05
 Reference value :  1.04115e-05
 Reference value :  1.04144e-05
 Reference value :  1.04172e-05
 Reference value :  1.04200e-05
 Reference value :  1.04228e-05
 Reference value :  1.04257e-05
 Reference value :  1.04286e-05
 Reference value :  1.04315e-05
 Reference value :  1.04344e-05
 Reference value :  1.04372e-05
 Reference value :  1.04401e-05
 Reference value :  1.04428e-05
 Reference value :  1.04456e-05
 Reference value :  1.04485e-05
 Reference value :  1.04514e-05
 Reference value :  1.04543e-05
 Reference value :  1.04571e-05
 Reference value :  1.04600e-05
 Reference value :  1.04629e-05
 Reference value :  1.04658e-05
 Reference value :  1.04688e-05
 Reference value :  1.04716e-05
 Reference value :  1.04745e-05
 Reference value :  1.04773e-05
 Reference value :  1.04802e-05
 Reference value :  1.04832e-05
 Reference value :  1.04862e-05
 Reference value :  1.04890e-05
 Reference value :  1.04919e-05
 Reference value :  1.04948e-05
 Reference value :  1.04978e-05
 Reference value :  1.05006e-05
 Reference value :  1.05035e-05
 Reference value :  1.05065e-05
 Reference value :  1.05094e-05
 Reference value :  1.05123e-05
 Reference value :  1.05152e-05
 Reference value :  1.05180e-05
 Reference value :  1.05209e-05
 Reference value :  1.05237e-05
 Reference value :  1.05266e-05
 Reference value :  1.05295e-05
 Reference value :  1.05325e-05
 Reference value :  1.05355e-05
 Reference value :  1.05385e-05
 Reference value :  1.05415e-05
 Reference value :  1.05445e-05
 Reference value :  1.05476e-05
 Reference value :  1.05506e-05
 Reference value :  1.05535e-05
 Reference value :  1.05565e-05
 Reference value :  1.05594e-05
 Reference value :  1.05624e-05
 Reference value :  1.05653e-05
 Reference value :  1.05682e-05
 Reference value :  1.05710e-05
 Reference value :  1.05738e-05
 Reference value :  1.05768e-05
 Reference value :  1.05796e-05
 Reference value :  1.05826e-05
 Reference value :  1.05856e-05
 Reference value :  1.05885e-05
 Reference value :  1.05914e-05
 Reference value :  1.05944e-05
 Reference value :  1.05972e-05
 Reference value :  1.06001e-05
 Reference value :  1.06030e-05
 Reference value :  1.06058e-05
 Reference value :  1.06087e-05
 Reference value :  1.06115e-05
 Reference value :  1.06144e-05
 Reference value :  1.06174e-05
 Reference value :  1.06203e-05
 Reference value :  1.06231e-05
 Reference value :  1.06259e-05
 Reference value :  1.06287e-05
 Reference value :  1.06316e-05
 Reference value :  1.06344e-05
 Reference value :  1.06372e-05
 Reference value :  1.06400e-05
 Reference value :  1.06428e-05
 Reference value :  1.06456e-05
 Reference value :  1.06485e-05
 Reference value :  1.06514e-05
 Reference value :  1.06541e-05
 Reference value :  1.06570e-05
 Reference value :  1.06599e-05
 Reference value :  1.06628e-05
 Reference value :  1.06657e-05
 Reference value :  1.06685e-05
 Reference value :  1.06713e-05
 Reference value :  1.06743e-05
 Reference value :  1.06771e-05
 Reference value :  1.06799e-05
 Reference value :  1.06829e-05
 Reference value :  1.06858e-05
 Reference value :  1.06887e-05
 Reference value :  1.06916e-05
 Reference value :  1.06945e-05
 Reference value :  1.06975e-05
 Reference value :  1.07004e-05
 Reference value :  1.07032e-05
 Reference value :  1.07061e-05
 Reference value :  1.07090e-05
 Reference value :  1.07118e-05
 Reference value :  1.07147e-05
 Reference value :  1.07176e-05
 Reference value :  1.07216e-05
 Reference value :  1.07246e-05
 Reference value :  1.07275e-05
 Reference value :  1.07301e-05
 Reference value :  1.07329e-05
 Reference value :  1.07356e-05
 Reference value :  1.07384e-05
 Reference value :  1.07411e-05
 Reference value :  1.07438e-05
 Reference value :  1.07464e-05
 Reference value :  1.07491e-05
 Reference value :  1.07517e-05
 Reference value :  1.07544e-05
 Reference value :  1.07573e-05
 Reference value :  1.07602e-05
 Reference value :  1.07631e-05
 Reference value :  1.07660e-05
 Reference value :  1.07689e-05
 Reference value :  1.07716e-05
 Reference value :  1.07743e-05
 Reference value :  1.07771e-05
 Reference value :  1.07800e-05
 Reference value :  1.07829e-05
 Reference value :  1.07858e-05
 Reference value :  1.07887e-05
 Reference value :  1.07915e-05
 Reference value :  1.07945e-05
 Reference value :  1.07974e-05
 Reference value :  1.08001e-05
 Reference value :  1.08027e-05
 Reference value :  1.08054e-05
 Reference value :  1.08080e-05
 Reference value :  1.08107e-05
 Reference value :  1.08132e-05
 Reference value :  1.08158e-05
 Reference value :  1.08184e-05
 Reference value :  1.08210e-05
 Reference value :  1.08236e-05
 Reference value :  1.08261e-05
 Reference value :  1.08288e-05
 Reference value :  1.08315e-05
 Reference value :  1.08340e-05
 Reference value :  1.08365e-05
 Reference value :  1.08390e-05
 Reference value :  1.08417e-05
 Reference value :  1.08442e-05
 Reference value :  1.08468e-05
 Reference value :  1.08494e-05
 Reference value :  1.08520e-05
 Reference value :  1.08546e-05
 Reference value :  1.08573e-05
 Reference value :  1.08599e-05
 Reference value :  1.08624e-05
 Reference value :  1.08651e-05
 Reference value :  1.08678e-05
 Reference value :  1.08703e-05
 Reference value :  1.08729e-05
 Reference value :  1.08754e-05
 Reference value :  1.08781e-05
 Reference value :  1.08808e-05
 Reference value :  1.08834e-05
 Reference value :  1.08860e-05
 Reference value :  1.08887e-05
 Reference value :  1.08912e-05
 Reference value :  1.08937e-05
 Reference value :  1.08964e-05
 Reference value :  1.08991e-05
 Reference value :  1.09018e-05
 Reference value :  1.09045e-05
 Reference value :  1.09069e-05
 Reference value :  1.09095e-05
 Reference value :  1.09121e-05
 Reference value :  1.09147e-05
 Reference value :  1.09173e-05
 Reference value :  1.09199e-05
 Reference value :  1.09226e-05
 Reference value :  1.09251e-05
 Reference value :  1.09278e-05
 Reference value :  1.09306e-05
 Reference value :  1.09332e-05
 Reference value :  1.09359e-05
 Reference value :  1.09385e-05
 Reference value :  1.09410e-05
 Reference value :  1.09436e-05
 Reference value :  1.09461e-05
 Reference value :  1.09487e-05
 Reference value :  1.09513e-05
 Reference value :  1.09539e-05
 Reference value :  1.09566e-05
 Reference value :  1.09592e-05
 Reference value :  1.09618e-05
 Reference value :  1.09644e-05
 Reference value :  1.09670e-05
 Reference value :  1.09695e-05
 Reference value :  1.09721e-05
 Reference value :  1.09747e-05
 Reference value :  1.09773e-05
 Reference value :  1.09799e-05
 Reference value :  1.09823e-05
 Reference value :  1.09850e-05
 Reference value :  1.09877e-05
 Reference value :  1.09904e-05
 Reference value :  1.09931e-05
 Reference value :  1.09958e-05
 Reference value :  1.09983e-05
 Reference value :  1.10009e-05
 Reference value :  1.10036e-05
 Reference value :  1.10061e-05
 Reference value :  1.10087e-05
 Reference value :  1.10113e-05
 Reference value :  1.10138e-05
 Reference value :  1.10163e-05
 Reference value :  1.10189e-05
 Reference value :  1.10215e-05
 Reference value :  1.10242e-05
 Reference value :  1.10268e-05
 Reference value :  1.10293e-05
 Reference value :  1.10318e-05
 Reference value :  1.10344e-05
 Reference value :  1.10369e-05
 Reference value :  1.10396e-05
 Reference value :  1.10421e-05
 Reference value :  1.10448e-05
 Reference value :  1.10475e-05
 Reference value :  1.10501e-05
 Reference value :  1.10527e-05
 Reference value :  1.10552e-05
 Reference value :  1.10579e-05
 Reference value :  1.10605e-05
 Reference value :  1.10631e-05
 Reference value :  1.10656e-05
 Reference value :  1.10682e-05
 Reference value :  1.10707e-05
 Reference value :  1.10733e-05
 Reference value :  1.10760e-05
 Reference value :  1.10787e-05
 Reference value :  1.10813e-05
 Reference value :  1.10839e-05
 Reference value :  1.10867e-05
 Reference value :  1.10893e-05
 Reference value :  1.10919e-05
 Reference value :  1.10947e-05
 Reference value :  1.10974e-05
 Reference value :  1.11001e-05
 Reference value :  1.11029e-05
 Reference value :  1.11055e-05
 Reference value :  1.11081e-05
 Reference value :  1.11108e-05
 Reference value :  1.11135e-05
 Reference value :  1.11161e-05
 Reference value :  1.11188e-05
 Reference value :  1.11215e-05
 Reference value :  1.11242e-05
 Reference value :  1.11268e-05
 Reference value :  1.11297e-05
 Reference value :  1.11325e-05
 Reference value :  1.11353e-05
 Reference value :  1.11380e-05
 Reference value :  1.11406e-05
 Reference value :  1.11432e-05
 Reference value :  1.11457e-05
 Reference value :  1.11482e-05
 Reference value :  1.11510e-05
 Reference value :  1.11538e-05
 Reference value :  1.11565e-05
 Reference value :  1.11592e-05
 Reference value :  1.11620e-05
 Reference value :  1.11647e-05
 Reference value :  1.11674e-05
 Reference value :  1.11700e-05
 Reference value :  1.11729e-05
 Reference value :  1.11759e-05
 Reference value :  1.11784e-05
 Reference value :  1.11810e-05
 Reference value :  1.11836e-05
 Reference value :  1.11862e-05
 Reference value :  1.11888e-05
 Reference value :  1.11914e-05
 Reference value :  1.11939e-05
 Reference value :  1.11965e-05
 Reference value :  1.11990e-05
 Reference value :  1.12017e-05
 Reference value :  1.12043e-05
 Reference value :  1.12069e-05
 Reference value :  1.12095e-05
 Reference value :  1.12122e-05
 Reference value :  1.12148e-05
 Reference value :  1.12173e-05
 Reference value :  1.12199e-05
 Reference value :  1.12226e-05
 Reference value :  1.12252e-05
 Reference value :  1.12278e-05
 Reference value :  1.12303e-05
 Reference value :  1.12329e-05
 Reference value :  1.12355e-05
 Reference value :  1.12382e-05
 Reference value :  1.12407e-05
 Reference value :  1.12434e-05
 Reference value :  1.12460e-05
 Reference value :  1.12487e-05
 Reference value :  1.12514e-05
 Reference value :  1.12540e-05
 Reference value :  1.12567e-05
 Reference value :  1.12594e-05
 Reference value :  1.12619e-05
 Reference value :  1.12645e-05
 Reference value :  1.12671e-05
 Reference value :  1.12697e-05
 Reference value :  1.12724e-05
 Reference value :  1.12750e-05
 Reference value :  1.12775e-05
 Reference value :  1.12800e-05
 Reference value :  1.12826e-05
 Reference value :  1.12852e-05
 Reference value :  1.12878e-05
 Reference value :  1.12905e-05
 Reference value :  1.12930e-05
 Reference value :  1.12956e-05
 Reference value :  1.12985e-05
 Reference value :  1.13014e-05
 Reference value :  1.13043e-05
 Reference value :  1.13070e-05
 Reference value :  1.13098e-05
 Reference value :  1.13127e-05
 Reference value :  1.13157e-05
 Reference value :  1.13186e-05
 Reference value :  1.13217e-05
 Reference value :  1.13246e-05
 Reference value :  1.13275e-05
 Reference value :  1.13305e-05
 Reference value :  1.13334e-05
 Reference value :  1.13362e-05
 Reference value :  1.13392e-05
 Reference value :  1.13420e-05
 Reference value :  1.13450e-05
 Reference value :  1.13479e-05
 Reference value :  1.13508e-05
 Reference value :  1.13537e-05
 Reference value :  1.13566e-05
 Reference value :  1.13595e-05
 Reference value :  1.13624e-05
 Reference value :  1.13652e-05
 Reference value :  1.13681e-05
 Reference value :  1.13710e-05
 Reference value :  1.13739e-05
 Reference value :  1.13767e-05
 Reference value :  1.13795e-05
 Reference value :  1.13824e-05
 Reference value :  1.13853e-05
 Reference value :  1.13881e-05
 Reference value :  1.13911e-05
 Reference value :  1.13940e-05
 Reference value :  1.13969e-05
 Reference value :  1.13998e-05
 Reference value :  1.14026e-05
 Reference value :  1.14054e-05
 Reference value :  1.14085e-05
 Reference value :  1.14113e-05
 Reference value :  1.14143e-05
 Reference value :  1.14174e-05
 Reference value :  1.14202e-05
 Reference value :  1.14231e-05
 Reference value :  1.14260e-05
 Reference value :  1.14289e-05
 Reference value :  1.14317e-05
 Reference value :  1.14346e-05
 Reference value :  1.14375e-05
 Reference value :  1.14404e-05
 Reference value :  1.14432e-05
 Reference value :  1.14462e-05
 Reference value :  1.14490e-05
 Reference value :  1.14518e-05
 Reference value :  1.14546e-05
 Reference value :  1.14576e-05
 Reference value :  1.14605e-05
 Reference value :  1.14634e-05
 Reference value :  1.14663e-05
 Reference value :  1.14691e-05
 Reference value :  1.14721e-05
 Reference value :  1.14750e-05
 Reference value :  1.14778e-05
 Reference value :  1.14809e-05
 Reference value :  1.14837e-05
 Reference value :  1.14866e-05
 Reference value :  1.14894e-05
 Reference value :  1.14923e-05
 Reference value :  1.14952e-05
 Reference value :  1.14982e-05
 Reference value :  1.15011e-05
 Reference value :  1.15040e-05
 Reference value :  1.15069e-05
 Reference value :  1.15099e-05
 Reference value :  1.15128e-05
 Reference value :  1.15156e-05
 Reference value :  1.15186e-05
 Reference value :  1.15215e-05
 Reference value :  1.15245e-05
 Reference value :  1.15274e-05
 Reference value :  1.15303e-05
 Reference value :  1.15331e-05
 Reference value :  1.15360e-05
 Reference value :  1.15389e-05
 Reference value :  1.15417e-05
 Reference value :  1.15445e-05
 Reference value :  1.15473e-05
 Reference value :  1.15501e-05
 Reference value :  1.15530e-05
 Reference value :  1.15558e-05
 Reference value :  1.15588e-05
 Reference value :  1.15617e-05
 Reference value :  1.15645e-05
 Reference value :  1.15674e-05
 Reference value :  1.15703e-05
 Reference value :  1.15731e-05
 Reference value :  1.15760e-05
 Reference value :  1.15788e-05
 Reference value :  1.15818e-05
 Reference value :  1.15846e-05
 Reference value :  1.15874e-05
 Reference value :  1.15902e-05
 Reference value :  1.15931e-05
 Reference value :  1.15960e-05
 Reference value :  1.15988e-05
 Reference value :  1.16015e-05
 Reference value :  1.16044e-05
 Reference value :  1.16072e-05
 Reference value :  1.16101e-05
 Reference value :  1.16130e-05
 Reference value :  1.16157e-05
 Reference value :  1.16186e-05
 Reference value :  1.16216e-05
 Reference value :  1.16244e-05
 Reference value :  1.16274e-05
 Reference value :  1.16303e-05
 Reference value :  1.16332e-05
 Reference value :  1.16362e-05
 Reference value :  1.16391e-05
 Reference value :  1.16420e-05
 Reference value :  1.16448e-05
 Reference value :  1.16476e-05
 Reference value :  1.16504e-05
 Reference value :  1.16533e-05
 Reference value :  1.16561e-05
 Reference value :  1.16591e-05
 Reference value :  1.16620e-05
 Reference value :  1.16650e-05
 Reference value :  1.16679e-05
 Reference value :  1.16709e-05
 Reference value :  1.16736e-05
 Reference value :  1.16766e-05
 Reference value :  1.16795e-05
 Reference value :  1.16826e-05
 Reference value :  1.16857e-05
 Reference value :  1.16885e-05
 Reference value :  1.16915e-05
 Reference value :  1.16942e-05
 Reference value :  1.16972e-05
 Reference value :  1.17001e-05
 Reference value :  1.17031e-05
 Reference value :  1.17060e-05
 Reference value :  1.17089e-05
 Reference value :  1.17119e-05
 Reference value :  1.17148e-05
 Reference value :  1.17177e-05
 Reference value :  1.17206e-05
 Reference value :  1.17235e-05
 Reference value :  1.17265e-05
 Reference value :  1.17294e-05
 Reference value :  1.17324e-05
 Reference value :  1.17354e-05
 Reference value :  1.17382e-05
 Reference value :  1.17411e-05
 Reference value :  1.17439e-05
 Reference value :  1.17469e-05
 Reference value :  1.17499e-05
 Reference value :  1.17528e-05
 Reference value :  1.17558e-05
 Reference value :  1.17587e-05
 Reference value :  1.17617e-05
 Reference value :  1.17647e-05
 Reference value :  1.17677e-05
 Reference value :  1.17705e-05
 Reference value :  1.17733e-05
 Reference value :  1.17762e-05
 Reference value :  1.17793e-05
 Reference value :  1.17822e-05
 Reference value :  1.17850e-05
 Reference value :  1.17877e-05
 Reference value :  1.17905e-05
 Reference value :  1.17935e-05
 Reference value :  1.17964e-05
 Reference value :  1.17992e-05
 Reference value :  1.18021e-05
 Reference value :  1.18050e-05
 Reference value :  1.18079e-05
 Reference value :  1.18105e-05
 Reference value :  1.18134e-05
 Reference value :  1.18162e-05
 Reference value :  1.18190e-05
 Reference value :  1.18217e-05
 Reference value :  1.18244e-05
 Reference value :  1.18273e-05
 Reference value :  1.18301e-05
 Reference value :  1.18328e-05
 Reference value :  1.18357e-05
 Reference value :  1.18386e-05
 Reference value :  1.18414e-05
 Reference value :  1.18442e-05
 Reference value :  1.18472e-05
 Reference value :  1.18501e-05
 Reference value :  1.18529e-05
 Reference value :  1.18556e-05
 Reference value :  1.18583e-05
 Reference value :  1.18611e-05
 Reference value :  1.18640e-05
 Reference value :  1.18669e-05
 Reference value :  1.18697e-05
 Reference value :  1.18726e-05
 Reference value :  1.18754e-05
 Reference value :  1.18782e-05
 Reference value :  1.18809e-05
 Reference value :  1.18837e-05
 Reference value :  1.18865e-05
 Reference value :  1.18893e-05
 Reference value :  1.18921e-05
 Reference value :  1.18949e-05
 Reference value :  1.18979e-05
 Reference value :  1.19007e-05
 Reference value :  1.19034e-05
 Reference value :  1.19065e-05
 Reference value :  1.19094e-05
 Reference value :  1.19121e-05
 Reference value :  1.19149e-05
 Reference value :  1.19178e-05
 Reference value :  1.19207e-05
 Reference value :  1.19235e-05
 Reference value :  1.19263e-05
 Reference value :  1.19291e-05
 Reference value :  1.19318e-05
 Reference value :  1.19347e-05
 Reference value :  1.19377e-05
 Reference value :  1.19405e-05
 Reference value :  1.19433e-05
 Reference value :  1.19462e-05
 Reference value :  1.19490e-05
 Reference value :  1.19518e-05
 Reference value :  1.19546e-05
 Reference value :  1.19575e-05
 Reference value :  1.19603e-05
 Reference value :  1.19632e-05
 Reference value :  1.19660e-05
 Reference value :  1.19690e-05
 Reference value :  1.19720e-05
 Reference value :  1.19749e-05
 Reference value :  1.19780e-05
 Reference value :  1.19808e-05
 Reference value :  1.19837e-05
 Reference value :  1.19866e-05
 Reference value :  1.19894e-05
 Reference value :  1.19925e-05
 Reference value :  1.19956e-05
 Reference value :  1.19988e-05
 Reference value :  1.20017e-05
 Reference value :  1.20044e-05
 Reference value :  1.20071e-05
 Reference value :  1.20098e-05
 Reference value :  1.20126e-05
 Reference value :  1.20154e-05
 Reference value :  1.20183e-05
 Reference value :  1.20210e-05
 Reference value :  1.20238e-05
 Reference value :  1.20267e-05
 Reference value :  1.20296e-05
 Reference value :  1.20324e-05
 Reference value :  1.20352e-05
 Reference value :  1.20381e-05
 Reference value :  1.20410e-05
 Reference value :  1.20438e-05
 Reference value :  1.20466e-05
 Reference value :  1.20495e-05
 Reference value :  1.20522e-05
 Reference value :  1.20550e-05
 Reference value :  1.20577e-05
 Reference value :  1.20606e-05
 Reference value :  1.20636e-05
 Reference value :  1.20666e-05
 Reference value :  1.20694e-05
 Reference value :  1.20723e-05
 Reference value :  1.20752e-05
 Reference value :  1.20782e-05
 Reference value :  1.20811e-05
 Reference value :  1.20840e-05
 Reference value :  1.20869e-05
 Reference value :  1.20899e-05
 Reference value :  1.20927e-05
 Reference value :  1.20957e-05
 Reference value :  1.20986e-05
 Reference value :  1.21015e-05
 Reference value :  1.21043e-05
 Reference value :  1.21074e-05
 Reference value :  1.21101e-05
 Reference value :  1.21129e-05
 Reference value :  1.21157e-05
 Reference value :  1.21185e-05
 Reference value :  1.21213e-05
 Reference value :  1.21240e-05
 Reference value :  1.21266e-05
 Reference value :  1.21293e-05
 Reference value :  1.21320e-05
 Reference value :  1.21348e-05
 Reference value :  1.21377e-05
 Reference value :  1.21403e-05
 Reference value :  1.21431e-05
 Reference value :  1.21459e-05
 Reference value :  1.21489e-05
 Reference value :  1.21518e-05
 Reference value :  1.21548e-05
 Reference value :  1.21576e-05
 Reference value :  1.21604e-05
 Reference value :  1.21632e-05
 Reference value :  1.21660e-05
 Reference value :  1.21688e-05
 Reference value :  1.21718e-05
 Reference value :  1.21746e-05
 Reference value :  1.21773e-05
 Reference value :  1.21800e-05
 Reference value :  1.21827e-05
 Reference value :  1.21854e-05
 Reference value :  1.21883e-05
 Reference value :  1.21911e-05
 Reference value :  1.21939e-05
 Reference value :  1.21966e-05
 Reference value :  1.21994e-05
 Reference value :  1.22021e-05
 Reference value :  1.22049e-05
 Reference value :  1.22077e-05
 Reference value :  1.22105e-05
 Reference value :  1.22133e-05
 Reference value :  1.22159e-05
 Reference value :  1.22188e-05
 Reference value :  1.22216e-05
 Reference value :  1.22245e-05
 Reference value :  1.22272e-05
 Reference value :  1.22301e-05
 Reference value :  1.22328e-05
 Reference value :  1.22356e-05
 Reference value :  1.22383e-05
 Reference value :  1.22411e-05
 Reference value :  1.22438e-05
 Reference value :  1.22466e-05
 Reference value :  1.22493e-05
 Reference value :  1.22520e-05
 Reference value :  1.22547e-05
 Reference value :  1.22574e-05
 Reference value :  1.22602e-05
 Reference value :  1.22629e-05
 Reference value :  1.22658e-05
 Reference value :  1.22687e-05
 Reference value :  1.22715e-05
 Reference value :  1.22742e-05
 Reference value :  1.22770e-05
 Reference value :  1.22798e-05
 Reference value :  1.22827e-05
 Reference value :  1.22854e-05
 Reference value :  1.22881e-05
 Reference value :  1.22908e-05
 Reference value :  1.22937e-05
 Reference value :  1.22965e-05
 Reference value :  1.22993e-05
 Reference value :  1.23020e-05
 Reference value :  1.23048e-05
 Reference value :  1.23075e-05
 Reference value :  1.23101e-05
 Reference value :  1.23129e-05
 Reference value :  1.23159e-05
 Reference value :  1.23187e-05
 Reference value :  1.23217e-05
 Reference value :  1.23245e-05
 Reference value :  1.23273e-05
 Reference value :  1.23303e-05
 Reference value :  1.23334e-05
 Reference value :  1.23363e-05
 Reference value :  1.23391e-05
 Reference value :  1.23421e-05
 Reference value :  1.23451e-05
 Reference value :  1.23480e-05
 Reference value :  1.23510e-05
 Reference value :  1.23540e-05
 Reference value :  1.23568e-05
 Reference value :  1.23596e-05
 Reference value :  1.23625e-05
 Reference value :  1.23656e-05
 Reference value :  1.23684e-05
 Reference value :  1.23713e-05
 Reference value :  1.23742e-05
 Reference value :  1.23772e-05
 Reference value :  1.23801e-05
 Reference value :  1.23828e-05
 Reference value :  1.23858e-05
 Reference value :  1.23889e-05
 Reference value :  1.23917e-05
 Reference value :  1.23947e-05
 Reference value :  1.23976e-05
 Reference value :  1.24005e-05
 Reference value :  1.24032e-05
 Reference value :  1.24061e-05
 Reference value :  1.24088e-05
 Reference value :  1.24118e-05
 Reference value :  1.24146e-05
 Reference value :  1.24174e-05
 Reference value :  1.24203e-05
 Reference value :  1.24231e-05
 Reference value :  1.24259e-05
 Reference value :  1.24287e-05
 Reference value :  1.24316e-05
 Reference value :  1.24345e-05
 Reference value :  1.24374e-05
 Reference value :  1.24402e-05
 Reference value :  1.24430e-05
 Reference value :  1.24459e-05
 Reference value :  1.24487e-05
 Reference value :  1.24516e-05
 Reference value :  1.24544e-05
 Reference value :  1.24572e-05
 Reference value :  1.24601e-05
 Reference value :  1.24629e-05
 Reference value :  1.24657e-05
 Reference value :  1.24685e-05
 Reference value :  1.24715e-05
 Reference value :  1.24744e-05
 Reference value :  1.24772e-05
 Reference value :  1.24801e-05
 Reference value :  1.24831e-05
 Reference value :  1.24859e-05
 Reference value :  1.24887e-05
 Reference value :  1.24917e-05
 Reference value :  1.24946e-05
 Reference value :  1.24974e-05
 Reference value :  1.25003e-05
 Reference value :  1.25031e-05
 Reference value :  1.25059e-05
 Reference value :  1.25087e-05
 Reference value :  1.25115e-05
 Reference value :  1.25145e-05
 Reference value :  1.25175e-05
 Reference value :  1.25205e-05
 Reference value :  1.25234e-05
 Reference value :  1.25262e-05
 Reference value :  1.25290e-05
 Reference value :  1.25319e-05
 Reference value :  1.25348e-05
 Reference value :  1.25376e-05
 Reference value :  1.25405e-05
 Reference value :  1.25433e-05
 Reference value :  1.25462e-05
 Reference value :  1.25491e-05
 Reference value :  1.25519e-05
 Reference value :  1.25546e-05
 Reference value :  1.25576e-05
 Reference value :  1.25605e-05
 Reference value :  1.25634e-05
 Reference value :  1.25663e-05
 Reference value :  1.25692e-05
 Reference value :  1.25719e-05
 Reference value :  1.25750e-05
 Reference value :  1.25779e-05
 Reference value :  1.25808e-05
 Reference value :  1.25836e-05
 Reference value :  1.25863e-05
 Reference value :  1.25892e-05
 Reference value :  1.25920e-05
 Reference value :  1.25948e-05
 Reference value :  1.25976e-05
 Reference value :  1.26004e-05
 Reference value :  1.26032e-05
 Reference value :  1.26061e-05
 Reference value :  1.26089e-05
 Reference value :  1.26117e-05
 Reference value :  1.26145e-05
 Reference value :  1.26174e-05
 Reference value :  1.26202e-05
 Reference value :  1.26230e-05
 Reference value :  1.26258e-05
 Reference value :  1.26286e-05
 Reference value :  1.26316e-05
 Reference value :  1.26344e-05
 Reference value :  1.26373e-05
 Reference value :  1.26401e-05
 Reference value :  1.26429e-05
 Reference value :  1.26454e-05
 Reference value :  1.26482e-05
 Reference value :  1.26508e-05
 Reference value :  1.26535e-05
 Reference value :  1.26561e-05
 Reference value :  1.26588e-05
 Reference value :  1.26616e-05
 Reference value :  1.26646e-05
 Reference value :  1.26675e-05
 Reference value :  1.26702e-05
 Reference value :  1.26731e-05
 Reference value :  1.26760e-05
 Reference value :  1.26790e-05
 Reference value :  1.26819e-05
 Reference value :  1.26848e-05
 Reference value :  1.26878e-05
 Reference value :  1.26906e-05
 Reference value :  1.26933e-05
 Reference value :  1.26968e-05
 Reference value :  1.27013e-05
 Reference value :  1.27041e-05
 Reference value :  1.27070e-05
 Reference value :  1.27099e-05
 Reference value :  1.27127e-05
 Reference value :  1.27155e-05
 Reference value :  1.27184e-05
 Reference value :  1.27211e-05
 Reference value :  1.27241e-05
 Reference value :  1.27270e-05
 Reference value :  1.27298e-05
 Reference value :  1.27328e-05
 Reference value :  1.27357e-05
 Reference value :  1.27385e-05
 Reference value :  1.27414e-05
 Reference value :  1.27443e-05
 Reference value :  1.27471e-05
 Reference value :  1.27499e-05
 Reference value :  1.27528e-05
 Reference value :  1.27556e-05
 Reference value :  1.27583e-05
 Reference value :  1.27611e-05
 Reference value :  1.27640e-05
 Reference value :  1.27670e-05
 Reference value :  1.27698e-05
 Reference value :  1.27726e-05
 Reference value :  1.27755e-05
 Reference value :  1.27783e-05
 Reference value :  1.27812e-05
 Reference value :  1.27840e-05
 Reference value :  1.27867e-05
 Reference value :  1.27895e-05
 Reference value :  1.27923e-05
 Reference value :  1.27952e-05
 Reference value :  1.27979e-05
 Reference value :  1.28009e-05
 Reference value :  1.28038e-05
 Reference value :  1.28067e-05
 Reference value :  1.28093e-05
 Reference value :  1.28121e-05
 Reference value :  1.28149e-05
 Reference value :  1.28178e-05
 Reference value :  1.28207e-05
 Reference value :  1.28235e-05
 Reference value :  1.28263e-05
 Reference value :  1.28290e-05
 Reference value :  1.28317e-05
 Reference value :  1.28345e-05
 Reference value :  1.28374e-05
 Reference value :  1.28403e-05
 Reference value :  1.28431e-05
 Reference value :  1.28458e-05
 Reference value :  1.28485e-05
 Reference value :  1.28512e-05
 Reference value :  1.28542e-05
 Reference value :  1.28570e-05
 Reference value :  1.28598e-05
 Reference value :  1.28625e-05
 Reference value :  1.28652e-05
 Reference value :  1.28685e-05
 Reference value :  1.28715e-05
 Reference value :  1.28742e-05
 Reference value :  1.28770e-05
 Reference value :  1.28798e-05
 Reference value :  1.28825e-05
 Reference value :  1.28853e-05
 Reference value :  1.28883e-05
 Reference value :  1.28911e-05
 Reference value :  1.28939e-05
 Reference value :  1.28967e-05
 Reference value :  1.28995e-05
 Reference value :  1.29023e-05
 Reference value :  1.29052e-05
 Reference value :  1.29081e-05
 Reference value :  1.29110e-05
 Reference value :  1.29138e-05
 Reference value :  1.29165e-05
 Reference value :  1.29192e-05
 Reference value :  1.29220e-05
 Reference value :  1.29250e-05
 Reference value :  1.29279e-05
 Reference value :  1.29307e-05
 Reference value :  1.29335e-05
 Reference value :  1.29363e-05
 Reference value :  1.29391e-05
 Reference value :  1.29419e-05
 Reference value :  1.29448e-05
 Reference value :  1.29477e-05
 Reference value :  1.29504e-05
 Reference value :  1.29532e-05
 Reference value :  1.29560e-05
 Reference value :  1.29588e-05
 Reference value :  1.29618e-05
 Reference value :  1.29646e-05
 Reference value :  1.29673e-05
 Reference value :  1.29700e-05
 Reference value :  1.29728e-05
 Reference value :  1.29757e-05
 Reference value :  1.29784e-05
 Reference value :  1.29811e-05
 Reference value :  1.29838e-05
 Reference value :  1.29867e-05
 Reference value :  1.29894e-05
 Reference value :  1.29923e-05
 Reference value :  1.29951e-05
 Reference value :  1.29980e-05
No. of Data Rows : 1040256
t1a                 =  5.67553e-07
t1b                 =  1.13707e-05
t2a                 =  5.25832e-07
t2b                 =  1.05367e-05
vxhi                =  3.39813e+00 at=  2.75261e-06
vxlo                =  -4.46191e-02 at=  7.18614e-07
bk                  =  3.29874e+00
bk                  =  3.29874e+00
bk                  =  -7.58641e-04
bk                  =  -5.60178e-04
bk                  =  -5.67412e-04
bk                  =  -6.87996e-04
bk                  =  3.29874e+00
bk                  =  3.29874e+00
bk                  =  3.29874e+00
bk                  =  -7.56172e-04
bk                  =  -7.60980e-04
bk                  =  -7.31207e-04
m_period_r1 = 2.8429466842e-09
m_period_r2 = 2.6344337368e-09
m_f_r1 = 3.5174771499e+08
m_f_r2 = 3.7958821511e+08
m_ring1_periods_per_sample = 3.5199393838e+02
m_ring2_periods_per_sample = 3.7985392686e+02
m_tclk_s = 1.0007000000e-06
m_n_samples = 1.2000000000e+01
m_ones_frac = 4.1666666667e-01
m_bit_mean = -1.666666667e-01
m_ones_frac_first6 = 3.3333333333e-01
m_ones_frac_last6 = 5.0000000000e-01
m_worst_rail_dev_v = 1.2559999476e-03
m_xo_swing_v = 3.4427530700e+00
m_r_1 = 4.5454545455e-01
m_r_2 = -2.000000000e-01
m_r_3 = -7.777777778e-01
m_r_4 = -7.500000000e-01
m_bit_code_00 = 4.5100000000e+02
Note: Simulation executed from .control section 

Warning: m=xx on .subckt line will override multiplier m hierarchy!

