
Note: No compatibility mode selected!


Circuit: * ring-liveness-tap-phase-buffered-static @ tt_27c_3.30v -- generated by sim/harness, do not edit

Doing analysis at TEMP = 27.000000 and TNOM = 27.000000

Using SPARSE 1.3 as Direct Linear Solver

Initial Transient Solution
--------------------------

Node                                   Voltage
----                                   -------
vsup                                       3.3
en                                         3.3
vddr1                                      3.3
xg1.py                                 1.58325
n11                                          0
g10                                1.24708e-07
xg1.nm                            -2.09037e-38
xg1.ny                            -1.95069e-38
x11.py                                     3.3
n12                                        3.3
g11                                          0
x11.ny                             2.35462e-08
x12.py                                     3.3
n13                                1.24708e-07
g12                                        3.3
x12.ny                             1.06256e-07
x13.py                                     3.3
n14                                        3.3
g13                                1.24708e-07
x13.ny                             2.35463e-08
x14.py                                     3.3
ro1                                1.24708e-07
g14                                        3.3
x14.ny                             1.06256e-07
vddb1                                      3.3
ro1b                                       3.3
xsr1.clkb                          1.84515e-08
clk                                        3.3
xsr1.m                             1.18322e-07
xsr1.mb                                    3.3
rst_n                                      3.3
xsr1.mmid                          1.58497e-09
xsr1.mc                            7.75181e-08
xsr1.s                                     3.3
ring_bit1                          1.84515e-08
xsr1.qb                                    3.3
xsr1.s2mid                         1.58496e-09
q1                                 -9.2686e-16
x1                                       -1.65
bx1#branch                                   0
vr1#branch                          9.2686e-06
vrst#branch                                  0
vclk#branch                                  0
vb1#branch                         8.12675e-12
vn14#branch                                  0
vn13#branch                                  0
vn12#branch                                  0
vn11#branch                                  0
vn10#branch                        9.27317e-24
ven#branch                                   0
vsup#branch                       -9.26864e-06

 Reference value :  3.14500e-10
 Reference value :  7.27500e-10
 Reference value :  1.12070e-09
 Reference value :  1.53350e-09
 Reference value :  1.83350e-09
 Reference value :  2.21450e-09
 Reference value :  2.61150e-09
 Reference value :  2.90010e-09
 Reference value :  3.31010e-09
 Reference value :  3.72150e-09
 Reference value :  4.13350e-09
 Reference value :  4.54350e-09
 Reference value :  4.95925e-09
 Reference value :  5.37150e-09
 Reference value :  5.78030e-09
 Reference value :  6.19450e-09
 Reference value :  6.60150e-09
 Reference value :  7.01150e-09
 Reference value :  7.42650e-09
 Reference value :  7.84010e-09
 Reference value :  8.20750e-09
 Reference value :  8.62030e-09
 Reference value :  8.99030e-09
 Reference value :  9.39030e-09
 Reference value :  9.72010e-09
 Reference value :  9.97010e-09
 Reference value :  1.02325e-08
 Reference value :  1.05007e-08
 Reference value :  1.07555e-08
 Reference value :  1.10135e-08
 Reference value :  1.12815e-08
 Reference value :  1.15503e-08
 Reference value :  1.17792e-08
 Reference value :  1.18625e-08
 Reference value :  1.21345e-08
 Reference value :  1.23625e-08
 Reference value :  1.26707e-08
 Reference value :  1.28903e-08
 Reference value :  1.31355e-08
 Reference value :  1.34075e-08
 Reference value :  1.38203e-08
 Reference value :  1.42235e-08
 Reference value :  1.46335e-08
 Reference value :  1.50425e-08
 Reference value :  1.54465e-08
 Reference value :  1.58575e-08
 Reference value :  1.62703e-08
 Reference value :  1.65945e-08
 Reference value :  1.68300e-08
 Reference value :  1.71900e-08
 Reference value :  1.75625e-08
 Reference value :  1.79507e-08
 Reference value :  1.83635e-08
 Reference value :  1.87765e-08
 Reference value :  1.91535e-08
 Reference value :  1.95692e-08
 Reference value :  1.99115e-08
 Reference value :  2.02407e-08
 Reference value :  2.06525e-08
 Reference value :  2.10601e-08
 Reference value :  2.14725e-08
 Reference value :  2.18825e-08
 Reference value :  2.22975e-08
 Reference value :  2.27103e-08
 Reference value :  2.30501e-08
 Reference value :  2.32501e-08
 Reference value :  2.34301e-08
 Reference value :  2.36592e-08
 Reference value :  2.39107e-08
 Reference value :  2.41307e-08
 Reference value :  2.44185e-08
 Reference value :  2.47103e-08
 Reference value :  2.49907e-08
 Reference value :  2.51755e-08
 Reference value :  2.54901e-08
 Reference value :  2.57265e-08
 Reference value :  2.59701e-08
 Reference value :  2.61575e-08
 Reference value :  2.65655e-08
 Reference value :  2.69775e-08
 Reference value :  2.73892e-08
 Reference value :  2.77535e-08
 Reference value :  2.80725e-08
 Reference value :  2.83192e-08
 Reference value :  2.85500e-08
 Reference value :  2.88801e-08
 Reference value :  2.91603e-08
 Reference value :  2.94245e-08
 Reference value :  2.97385e-08
 Reference value :  3.00425e-08
 Reference value :  3.02001e-08
 Reference value :  3.04301e-08
 Reference value :  3.07107e-08
 Reference value :  3.09815e-08
 Reference value :  3.12407e-08
 Reference value :  3.14565e-08
 Reference value :  3.17407e-08
 Reference value :  3.19801e-08
 Reference value :  3.22025e-08
 Reference value :  3.24701e-08
 Reference value :  3.28801e-08
 Reference value :  3.32892e-08
 Reference value :  3.36992e-08
 Reference value :  3.41103e-08
 Reference value :  3.44401e-08
 Reference value :  3.46475e-08
 Reference value :  3.48800e-08
 Reference value :  3.52000e-08
 Reference value :  3.56075e-08
 Reference value :  3.60075e-08
 Reference value :  3.64200e-08
 Reference value :  3.67665e-08
 Reference value :  3.70555e-08
 Reference value :  3.74145e-08
 Reference value :  3.78007e-08
 Reference value :  3.82092e-08
 Reference value :  3.85835e-08
 Reference value :  3.89785e-08
 Reference value :  3.92765e-08
 Reference value :  3.96900e-08
 Reference value :  4.01035e-08
 Reference value :  4.04965e-08
 Reference value :  4.09100e-08
 Reference value :  4.13225e-08
 Reference value :  4.17345e-08
 Reference value :  4.21475e-08
 Reference value :  4.25603e-08
 Reference value :  4.29745e-08
 Reference value :  4.32715e-08
 Reference value :  4.35715e-08
 Reference value :  4.39407e-08
 Reference value :  4.42592e-08
 Reference value :  4.46701e-08
 Reference value :  4.50603e-08
 Reference value :  4.54665e-08
 Reference value :  4.58800e-08
 Reference value :  4.62865e-08
 Reference value :  4.66992e-08
 Reference value :  4.71025e-08
 Reference value :  4.74903e-08
 Reference value :  4.79035e-08
 Reference value :  4.83155e-08
 Reference value :  4.86875e-08
 Reference value :  4.90801e-08
 Reference value :  4.94865e-08
 Reference value :  4.98945e-08
 Reference value :  5.03003e-08
 Reference value :  5.07135e-08
 Reference value :  5.10655e-08
 Reference value :  5.12855e-08
 Reference value :  5.16092e-08
 Reference value :  5.18603e-08
 Reference value :  5.21265e-08
 Reference value :  5.24165e-08
 Reference value :  5.24275e-08
 Reference value :  5.26292e-08
 Reference value :  5.29165e-08
 Reference value :  5.32301e-08
 Reference value :  5.33685e-08
 Reference value :  5.35492e-08
 Reference value :  5.37125e-08
 Reference value :  5.37735e-08
 Reference value :  5.39192e-08
 Reference value :  5.41835e-08
 Reference value :  5.44375e-08
 Reference value :  5.46835e-08
 Reference value :  5.49275e-08
 Reference value :  5.51625e-08
 Reference value :  5.55100e-08
 Reference value :  5.57203e-08
 Reference value :  5.59600e-08
 Reference value :  5.62085e-08
 Reference value :  5.63685e-08
 Reference value :  5.66092e-08
 Reference value :  5.67001e-08
 Reference value :  5.68075e-08
 Reference value :  5.70055e-08
 Reference value :  5.71992e-08
 Reference value :  5.72003e-08
 Reference value :  5.72035e-08
 Reference value :  5.72065e-08
 Reference value :  5.72100e-08
 Reference value :  5.72107e-08
 Reference value :  5.72135e-08
 Reference value :  5.72455e-08
 Reference value :  5.72485e-08
 Reference value :  5.72503e-08
 Reference value :  5.72535e-08
 Reference value :  5.72825e-08
 Reference value :  5.72865e-08
 Reference value :  5.72892e-08
 Reference value :  5.73075e-08
 Reference value :  5.74003e-08
 Reference value :  5.75465e-08
 Reference value :  5.76945e-08
 Reference value :  5.78445e-08
 Reference value :  5.81303e-08
 Reference value :  5.83292e-08
 Reference value :  5.85875e-08
 Reference value :  5.88101e-08
 Reference value :  5.91135e-08
 Reference value :  5.94015e-08
 Reference value :  5.96035e-08
 Reference value :  5.98092e-08
 Reference value :  6.00255e-08
 Reference value :  6.02700e-08
 Reference value :  6.05315e-08
 Reference value :  6.07801e-08
 Reference value :  6.10365e-08
 Reference value :  6.12645e-08
 Reference value :  6.15025e-08
 Reference value :  6.17185e-08
 Reference value :  6.19203e-08
 Reference value :  6.21315e-08
 Reference value :  6.23600e-08
 Reference value :  6.26000e-08
 Reference value :  6.28035e-08
 Reference value :  6.29903e-08
 Reference value :  6.32203e-08
 Reference value :  6.32225e-08
 Reference value :  6.32892e-08
 Reference value :  6.35245e-08
 Reference value :  6.37685e-08
 Reference value :  6.37765e-08
 Reference value :  6.38301e-08
 Reference value :  6.40485e-08
 Reference value :  6.42401e-08
 Reference value :  6.44635e-08
 Reference value :  6.46265e-08
 Reference value :  6.47707e-08
 Reference value :  6.49392e-08
 Reference value :  6.51100e-08
 Reference value :  6.53245e-08
 Reference value :  6.54375e-08
 Reference value :  6.55900e-08
 Reference value :  6.57735e-08
 Reference value :  6.59815e-08
 Reference value :  6.60785e-08
 Reference value :  6.62575e-08
 Reference value :  6.65201e-08
 Reference value :  6.68875e-08
 Reference value :  6.72275e-08
 Reference value :  6.76335e-08
 Reference value :  6.80165e-08
 Reference value :  6.82425e-08
 Reference value :  6.85035e-08
 Reference value :  6.89015e-08
 Reference value :  6.91545e-08
 Reference value :  6.93915e-08
 Reference value :  6.95801e-08
 Reference value :  6.97807e-08
 Reference value :  7.00185e-08
 Reference value :  7.02307e-08
 Reference value :  7.04735e-08
 Reference value :  7.08800e-08
 Reference value :  7.12325e-08
 Reference value :  7.16385e-08
 Reference value :  7.20465e-08
 Reference value :  7.24507e-08
 Reference value :  7.28592e-08
 Reference value :  7.32135e-08
 Reference value :  7.36201e-08
 Reference value :  7.39903e-08
 Reference value :  7.42407e-08
 Reference value :  7.46492e-08
 Reference value :  7.50585e-08
 Reference value :  7.54601e-08
 Reference value :  7.58401e-08
 Reference value :  7.61225e-08
 Reference value :  7.65075e-08
 Reference value :  7.69155e-08
 Reference value :  7.73245e-08
 Reference value :  7.77285e-08
 Reference value :  7.80915e-08
 Reference value :  7.84892e-08
 Reference value :  7.88903e-08
 Reference value :  7.92992e-08
 Reference value :  7.97025e-08
 Reference value :  8.00975e-08
 Reference value :  8.05001e-08
 Reference value :  8.09025e-08
 Reference value :  8.13101e-08
 Reference value :  8.17185e-08
 Reference value :  8.21245e-08
 Reference value :  8.25292e-08
 Reference value :  8.29375e-08
 Reference value :  8.33035e-08
 Reference value :  8.37115e-08
 Reference value :  8.41192e-08
 Reference value :  8.45255e-08
 Reference value :  8.49065e-08
 Reference value :  8.52001e-08
 Reference value :  8.56085e-08
 Reference value :  8.60135e-08
 Reference value :  8.64215e-08
 Reference value :  8.68265e-08
 Reference value :  8.71885e-08
 Reference value :  8.75103e-08
 Reference value :  8.79175e-08
 Reference value :  8.83235e-08
 Reference value :  8.87307e-08
 Reference value :  8.91392e-08
 Reference value :  8.95475e-08
 Reference value :  8.99535e-08
 Reference value :  9.03255e-08
 Reference value :  9.07315e-08
 Reference value :  9.11385e-08
 Reference value :  9.15425e-08
 Reference value :  9.19500e-08
 Reference value :  9.23592e-08
 Reference value :  9.27655e-08
 Reference value :  9.31715e-08
 Reference value :  9.35801e-08
 Reference value :  9.39815e-08
 Reference value :  9.43800e-08
 Reference value :  9.47845e-08
 Reference value :  9.51801e-08
 Reference value :  9.55885e-08
 Reference value :  9.59592e-08
 Reference value :  9.63145e-08
 Reference value :  9.67200e-08
 Reference value :  9.69835e-08
 Reference value :  9.73075e-08
 Reference value :  9.77145e-08
 Reference value :  9.81200e-08
 Reference value :  9.85275e-08
 Reference value :  9.89303e-08
 Reference value :  9.93400e-08
 Reference value :  9.97465e-08
 Reference value :  1.00155e-07
 Reference value :  1.00563e-07
 Reference value :  1.00908e-07
 Reference value :  1.01240e-07
 Reference value :  1.01646e-07
 Reference value :  1.02052e-07
 Reference value :  1.02460e-07
 Reference value :  1.02867e-07
 Reference value :  1.03275e-07
 Reference value :  1.03680e-07
 Reference value :  1.04084e-07
 Reference value :  1.04491e-07
 Reference value :  1.04900e-07
 Reference value :  1.05307e-07
 Reference value :  1.05600e-07
 Reference value :  1.05800e-07
 Reference value :  1.06027e-07
 Reference value :  1.06263e-07
 Reference value :  1.06581e-07
 Reference value :  1.06850e-07
 Reference value :  1.07099e-07
 Reference value :  1.07381e-07
 Reference value :  1.07661e-07
 Reference value :  1.07882e-07
 Reference value :  1.08098e-07
 Reference value :  1.08268e-07
 Reference value :  1.08558e-07
 Reference value :  1.08818e-07
 Reference value :  1.09068e-07
 Reference value :  1.09321e-07
 Reference value :  1.09475e-07
 Reference value :  1.09748e-07
 Reference value :  1.10023e-07
 Reference value :  1.10370e-07
 Reference value :  1.10766e-07
 Reference value :  1.11172e-07
 Reference value :  1.11580e-07
 Reference value :  1.11982e-07
 Reference value :  1.12385e-07
 Reference value :  1.12748e-07
 Reference value :  1.12961e-07
 Reference value :  1.13300e-07
 Reference value :  1.13707e-07
 Reference value :  1.14113e-07
 Reference value :  1.14517e-07
 Reference value :  1.14771e-07
 Reference value :  1.15010e-07
 Reference value :  1.15266e-07
 Reference value :  1.15472e-07
 Reference value :  1.15699e-07
 Reference value :  1.15941e-07
 Reference value :  1.16183e-07
 Reference value :  1.16407e-07
 Reference value :  1.16630e-07
 Reference value :  1.16868e-07
 Reference value :  1.17130e-07
 Reference value :  1.17410e-07
 Reference value :  1.17682e-07
 Reference value :  1.17923e-07
 Reference value :  1.18154e-07
 Reference value :  1.18310e-07
 Reference value :  1.18723e-07
 Reference value :  1.19137e-07
 Reference value :  1.19511e-07
 Reference value :  1.19795e-07
 Reference value :  1.20034e-07
 Reference value :  1.20352e-07
 Reference value :  1.20763e-07
 Reference value :  1.21171e-07
 Reference value :  1.21581e-07
 Reference value :  1.21991e-07
 Reference value :  1.22405e-07
 Reference value :  1.22820e-07
 Reference value :  1.23233e-07
 Reference value :  1.23648e-07
 Reference value :  1.24060e-07
 Reference value :  1.24474e-07
 Reference value :  1.24884e-07
 Reference value :  1.25297e-07
 Reference value :  1.25710e-07
 Reference value :  1.26090e-07
 Reference value :  1.26502e-07
 Reference value :  1.26916e-07
 Reference value :  1.27330e-07
 Reference value :  1.27741e-07
 Reference value :  1.28118e-07
 Reference value :  1.28460e-07
 Reference value :  1.28804e-07
 Reference value :  1.29216e-07
 Reference value :  1.29627e-07
 Reference value :  1.30040e-07
 Reference value :  1.30450e-07
 Reference value :  1.30732e-07
 Reference value :  1.31140e-07
 Reference value :  1.31515e-07
 Reference value :  1.31930e-07
 Reference value :  1.32341e-07
 Reference value :  1.32754e-07
 Reference value :  1.33167e-07
 Reference value :  1.33579e-07
 Reference value :  1.33987e-07
 Reference value :  1.34398e-07
 Reference value :  1.34780e-07
 Reference value :  1.35192e-07
 Reference value :  1.35605e-07
 Reference value :  1.36014e-07
 Reference value :  1.36427e-07
 Reference value :  1.36837e-07
 Reference value :  1.37250e-07
 Reference value :  1.37661e-07
 Reference value :  1.38074e-07
 Reference value :  1.38456e-07
 Reference value :  1.38863e-07
 Reference value :  1.39247e-07
 Reference value :  1.39658e-07
 Reference value :  1.40070e-07
 Reference value :  1.40484e-07
 Reference value :  1.40891e-07
 Reference value :  1.41305e-07
 Reference value :  1.41717e-07
 Reference value :  1.42081e-07
 Reference value :  1.42493e-07
 Reference value :  1.42907e-07
 Reference value :  1.43300e-07
 Reference value :  1.43589e-07
 Reference value :  1.43811e-07
 Reference value :  1.44115e-07
 Reference value :  1.44299e-07
 Reference value :  1.44551e-07
 Reference value :  1.44824e-07
 Reference value :  1.45080e-07
 Reference value :  1.45373e-07
 Reference value :  1.45616e-07
 Reference value :  1.45814e-07
 Reference value :  1.46070e-07
 Reference value :  1.46325e-07
 Reference value :  1.46581e-07
 Reference value :  1.46797e-07
 Reference value :  1.47149e-07
 Reference value :  1.47517e-07
 Reference value :  1.47930e-07
 Reference value :  1.48341e-07
 Reference value :  1.48713e-07
 Reference value :  1.49105e-07
 Reference value :  1.49502e-07
 Reference value :  1.49915e-07
 Reference value :  1.50250e-07
 Reference value :  1.50494e-07
 Reference value :  1.50711e-07
 Reference value :  1.50805e-07
 Reference value :  1.50950e-07
 Reference value :  1.50952e-07
 Reference value :  1.51129e-07
 Reference value :  1.51344e-07
 Reference value :  1.51571e-07
 Reference value :  1.51780e-07
 Reference value :  1.51929e-07
 Reference value :  1.52173e-07
 Reference value :  1.52348e-07
 Reference value :  1.52588e-07
 Reference value :  1.52788e-07
 Reference value :  1.53035e-07
 Reference value :  1.53254e-07
 Reference value :  1.53455e-07
 Reference value :  1.53860e-07
 Reference value :  1.54268e-07
 Reference value :  1.54678e-07
 Reference value :  1.55089e-07
 Reference value :  1.55496e-07
 Reference value :  1.55904e-07
 Reference value :  1.56313e-07
 Reference value :  1.56670e-07
 Reference value :  1.57077e-07
 Reference value :  1.57488e-07
 Reference value :  1.57898e-07
 Reference value :  1.58054e-07
 Reference value :  1.58460e-07
 Reference value :  1.58864e-07
 Reference value :  1.59266e-07
 Reference value :  1.59671e-07
 Reference value :  1.59880e-07
 Reference value :  1.60077e-07
 Reference value :  1.60368e-07
 Reference value :  1.60655e-07
 Reference value :  1.60949e-07
 Reference value :  1.61200e-07
 Reference value :  1.61490e-07
 Reference value :  1.61746e-07
 Reference value :  1.61908e-07
 Reference value :  1.62149e-07
 Reference value :  1.62370e-07
 Reference value :  1.62588e-07
 Reference value :  1.62840e-07
 Reference value :  1.63250e-07
 Reference value :  1.63657e-07
 Reference value :  1.64069e-07
 Reference value :  1.64478e-07
 Reference value :  1.64884e-07
 Reference value :  1.65294e-07
 Reference value :  1.65695e-07
 Reference value :  1.66107e-07
 Reference value :  1.66420e-07
 Reference value :  1.66621e-07
 Reference value :  1.66970e-07
 Reference value :  1.67379e-07
 Reference value :  1.67750e-07
 Reference value :  1.68127e-07
 Reference value :  1.68532e-07
 Reference value :  1.68940e-07
 Reference value :  1.69348e-07
 Reference value :  1.69660e-07
 Reference value :  1.70041e-07
 Reference value :  1.70450e-07
 Reference value :  1.70855e-07
 Reference value :  1.71263e-07
 Reference value :  1.71609e-07
 Reference value :  1.71946e-07
 Reference value :  1.72351e-07
 Reference value :  1.72761e-07
 Reference value :  1.73169e-07
 Reference value :  1.73575e-07
 Reference value :  1.73980e-07
 Reference value :  1.74389e-07
 Reference value :  1.74800e-07
 Reference value :  1.75210e-07
 Reference value :  1.75619e-07
 Reference value :  1.76026e-07
 Reference value :  1.76432e-07
 Reference value :  1.76830e-07
 Reference value :  1.77239e-07
 Reference value :  1.77648e-07
 Reference value :  1.78060e-07
 Reference value :  1.78470e-07
 Reference value :  1.78838e-07
 Reference value :  1.79247e-07
 Reference value :  1.79656e-07
 Reference value :  1.80064e-07
 Reference value :  1.80474e-07
 Reference value :  1.80848e-07
 Reference value :  1.81237e-07
 Reference value :  1.81641e-07
 Reference value :  1.82047e-07
 Reference value :  1.82454e-07
 Reference value :  1.82862e-07
 Reference value :  1.83272e-07
 Reference value :  1.83682e-07
 Reference value :  1.84091e-07
 Reference value :  1.84498e-07
 Reference value :  1.84906e-07
 Reference value :  1.85314e-07
 Reference value :  1.85675e-07
 Reference value :  1.85961e-07
 Reference value :  1.86370e-07
 Reference value :  1.86777e-07
 Reference value :  1.87187e-07
 Reference value :  1.87595e-07
 Reference value :  1.88000e-07
 Reference value :  1.88407e-07
 Reference value :  1.88816e-07
 Reference value :  1.89227e-07
 Reference value :  1.89637e-07
 Reference value :  1.90047e-07
 Reference value :  1.90451e-07
 Reference value :  1.90850e-07
 Reference value :  1.91132e-07
 Reference value :  1.91370e-07
 Reference value :  1.91626e-07
 Reference value :  1.91896e-07
 Reference value :  1.92163e-07
 Reference value :  1.92400e-07
 Reference value :  1.92664e-07
 Reference value :  1.92951e-07
 Reference value :  1.93180e-07
 Reference value :  1.93343e-07
 Reference value :  1.93566e-07
 Reference value :  1.93830e-07
 Reference value :  1.93986e-07
 Reference value :  1.94306e-07
 Reference value :  1.94649e-07
 Reference value :  1.94986e-07
 Reference value :  1.95385e-07
 Reference value :  1.95795e-07
 Reference value :  1.96200e-07
 Reference value :  1.96603e-07
 Reference value :  1.97014e-07
 Reference value :  1.97420e-07
 Reference value :  1.97830e-07
 Reference value :  1.98061e-07
 Reference value :  1.98290e-07
 Reference value :  1.98477e-07
 Reference value :  1.98721e-07
 Reference value :  1.99124e-07
 Reference value :  1.99521e-07
 Reference value :  1.99881e-07
 Reference value :  2.00131e-07
 Reference value :  2.00382e-07
 Reference value :  2.00648e-07
 Reference value :  2.00849e-07
 Reference value :  2.00952e-07
 Reference value :  2.01170e-07
 Reference value :  2.01430e-07
 Reference value :  2.01719e-07
 Reference value :  2.01943e-07
 Reference value :  2.02223e-07
 Reference value :  2.02300e-07
 Reference value :  2.02498e-07
 Reference value :  2.02760e-07
 Reference value :  2.03041e-07
 Reference value :  2.03440e-07
 Reference value :  2.03830e-07
 Reference value :  2.04226e-07
 Reference value :  2.04632e-07
 Reference value :  2.04915e-07
 Reference value :  2.05305e-07
 Reference value :  2.05713e-07
 Reference value :  2.06122e-07
 Reference value :  2.06430e-07
 Reference value :  2.06710e-07
 Reference value :  2.07121e-07
 Reference value :  2.07530e-07
 Reference value :  2.07924e-07
 Reference value :  2.08308e-07
 Reference value :  2.08716e-07
 Reference value :  2.09126e-07
 Reference value :  2.09534e-07
 Reference value :  2.09898e-07
 Reference value :  2.10302e-07
 Reference value :  2.10710e-07
 Reference value :  2.11118e-07
 Reference value :  2.11525e-07
 Reference value :  2.11931e-07
 Reference value :  2.12341e-07
 Reference value :  2.12750e-07
 Reference value :  2.13160e-07
 Reference value :  2.13568e-07
 Reference value :  2.13840e-07
 Reference value :  2.14249e-07
 Reference value :  2.14658e-07
 Reference value :  2.15050e-07
 Reference value :  2.15421e-07
 Reference value :  2.15791e-07
 Reference value :  2.16107e-07
 Reference value :  2.16511e-07
 Reference value :  2.16920e-07
 Reference value :  2.17324e-07
 Reference value :  2.17734e-07
 Reference value :  2.18144e-07
 Reference value :  2.18527e-07
 Reference value :  2.18931e-07
 Reference value :  2.19340e-07
 Reference value :  2.19744e-07
 Reference value :  2.20139e-07
 Reference value :  2.20547e-07
 Reference value :  2.20956e-07
 Reference value :  2.21366e-07
 Reference value :  2.21775e-07
 Reference value :  2.22139e-07
 Reference value :  2.22460e-07
 Reference value :  2.22860e-07
 Reference value :  2.23251e-07
 Reference value :  2.23649e-07
 Reference value :  2.24050e-07
 Reference value :  2.24440e-07
 Reference value :  2.24840e-07
 Reference value :  2.25247e-07
 Reference value :  2.25656e-07
 Reference value :  2.26063e-07
 Reference value :  2.26474e-07
 Reference value :  2.26883e-07
 Reference value :  2.27290e-07
 Reference value :  2.27697e-07
 Reference value :  2.28105e-07
 Reference value :  2.28513e-07
 Reference value :  2.28921e-07
 Reference value :  2.29331e-07
 Reference value :  2.29660e-07
 Reference value :  2.30022e-07
 Reference value :  2.30431e-07
 Reference value :  2.30829e-07
 Reference value :  2.31230e-07
 Reference value :  2.31637e-07
 Reference value :  2.32046e-07
 Reference value :  2.32455e-07
 Reference value :  2.32861e-07
 Reference value :  2.33267e-07
 Reference value :  2.33672e-07
 Reference value :  2.34011e-07
 Reference value :  2.34417e-07
 Reference value :  2.34723e-07
 Reference value :  2.34935e-07
 Reference value :  2.35180e-07
 Reference value :  2.35460e-07
 Reference value :  2.35701e-07
 Reference value :  2.35937e-07
 Reference value :  2.36206e-07
 Reference value :  2.36487e-07
 Reference value :  2.36722e-07
 Reference value :  2.36975e-07
 Reference value :  2.37148e-07
 Reference value :  2.37373e-07
 Reference value :  2.37636e-07
 Reference value :  2.38046e-07
 Reference value :  2.38455e-07
 Reference value :  2.38780e-07
 Reference value :  2.39139e-07
 Reference value :  2.39543e-07
 Reference value :  2.39841e-07
 Reference value :  2.40120e-07
 Reference value :  2.40528e-07
 Reference value :  2.40930e-07
 Reference value :  2.41334e-07
 Reference value :  2.41744e-07
 Reference value :  2.42040e-07
 Reference value :  2.42391e-07
 Reference value :  2.42800e-07
 Reference value :  2.43176e-07
 Reference value :  2.43585e-07
 Reference value :  2.43826e-07
 Reference value :  2.44078e-07
 Reference value :  2.44472e-07
 Reference value :  2.44881e-07
 Reference value :  2.45284e-07
 Reference value :  2.45531e-07
 Reference value :  2.45760e-07
 Reference value :  2.45938e-07
 Reference value :  2.46104e-07
 Reference value :  2.46245e-07
 Reference value :  2.46450e-07
 Reference value :  2.46656e-07
 Reference value :  2.46822e-07
 Reference value :  2.46990e-07
 Reference value :  2.47130e-07
 Reference value :  2.47305e-07
 Reference value :  2.47452e-07
 Reference value :  2.47569e-07
 Reference value :  2.47700e-07
 Reference value :  2.47844e-07
 Reference value :  2.48074e-07
 Reference value :  2.48331e-07
 Reference value :  2.48575e-07
 Reference value :  2.48814e-07
 Reference value :  2.48971e-07
 Reference value :  2.49117e-07
 Reference value :  2.49216e-07
 Reference value :  2.49219e-07
 Reference value :  2.49310e-07
 Reference value :  2.49420e-07
 Reference value :  2.49421e-07
 Reference value :  2.49425e-07
 Reference value :  2.49585e-07
 Reference value :  2.49798e-07
 Reference value :  2.49973e-07
 Reference value :  2.49977e-07
 Reference value :  2.50170e-07
 Reference value :  2.50401e-07
 Reference value :  2.50611e-07
 Reference value :  2.50749e-07
 Reference value :  2.50934e-07
 Reference value :  2.51013e-07
 Reference value :  2.51165e-07
 Reference value :  2.51373e-07
 Reference value :  2.51490e-07
 Reference value :  2.51587e-07
 Reference value :  2.51590e-07
 Reference value :  2.51801e-07
 Reference value :  2.52210e-07
 Reference value :  2.52567e-07
 Reference value :  2.52919e-07
 Reference value :  2.53265e-07
 Reference value :  2.53673e-07
 Reference value :  2.54076e-07
 Reference value :  2.54413e-07
 Reference value :  2.54821e-07
 Reference value :  2.55234e-07
 Reference value :  2.55592e-07
 Reference value :  2.56007e-07
 Reference value :  2.56420e-07
 Reference value :  2.56832e-07
 Reference value :  2.57245e-07
 Reference value :  2.57655e-07
 Reference value :  2.58062e-07
 Reference value :  2.58415e-07
 Reference value :  2.58820e-07
 Reference value :  2.59231e-07
 Reference value :  2.59644e-07
 Reference value :  2.60059e-07
 Reference value :  2.60460e-07
 Reference value :  2.60832e-07
 Reference value :  2.61247e-07
 Reference value :  2.61479e-07
 Reference value :  2.61690e-07
 Reference value :  2.61940e-07
 Reference value :  2.62217e-07
 Reference value :  2.62472e-07
 Reference value :  2.62676e-07
 Reference value :  2.62930e-07
 Reference value :  2.63181e-07
 Reference value :  2.63422e-07
 Reference value :  2.63650e-07
 Reference value :  2.63839e-07
 Reference value :  2.64019e-07
 Reference value :  2.64354e-07
 Reference value :  2.64652e-07
 Reference value :  2.64892e-07
 Reference value :  2.65231e-07
 Reference value :  2.65638e-07
 Reference value :  2.65891e-07
 Reference value :  2.66000e-07
 Reference value :  2.66202e-07
 Reference value :  2.66437e-07
 Reference value :  2.66549e-07
 Reference value :  2.66836e-07
 Reference value :  2.67109e-07
 Reference value :  2.67395e-07
 Reference value :  2.67658e-07
 Reference value :  2.67840e-07
 Reference value :  2.68108e-07
 Reference value :  2.68427e-07
 Reference value :  2.68604e-07
 Reference value :  2.68832e-07
 Reference value :  2.69081e-07
 Reference value :  2.69310e-07
 Reference value :  2.69561e-07
 Reference value :  2.69813e-07
 Reference value :  2.70036e-07
 Reference value :  2.70274e-07
 Reference value :  2.70503e-07
 Reference value :  2.70543e-07
 Reference value :  2.70546e-07
 Reference value :  2.70549e-07
 Reference value :  2.70550e-07
 Reference value :  2.70591e-07
 Reference value :  2.70784e-07
 Reference value :  2.71017e-07
 Reference value :  2.71257e-07
 Reference value :  2.71477e-07
 Reference value :  2.71701e-07
 Reference value :  2.71806e-07
 Reference value :  2.72006e-07
 Reference value :  2.72141e-07
 Reference value :  2.72330e-07
 Reference value :  2.72349e-07
 Reference value :  2.72351e-07
 Reference value :  2.72354e-07
 Reference value :  2.72357e-07
 Reference value :  2.72360e-07
 Reference value :  2.72461e-07
 Reference value :  2.72854e-07
 Reference value :  2.73232e-07
 Reference value :  2.73586e-07
 Reference value :  2.73948e-07
 Reference value :  2.74166e-07
 Reference value :  2.74480e-07
 Reference value :  2.74816e-07
 Reference value :  2.75219e-07
 Reference value :  2.75489e-07
 Reference value :  2.75819e-07
 Reference value :  2.76230e-07
 Reference value :  2.76642e-07
 Reference value :  2.77056e-07
 Reference value :  2.77421e-07
 Reference value :  2.77837e-07
 Reference value :  2.78254e-07
 Reference value :  2.78670e-07
 Reference value :  2.79087e-07
 Reference value :  2.79499e-07
 Reference value :  2.79913e-07
 Reference value :  2.80320e-07
 Reference value :  2.80737e-07
 Reference value :  2.81153e-07
 Reference value :  2.81569e-07
 Reference value :  2.81979e-07
 Reference value :  2.82391e-07
 Reference value :  2.82706e-07
 Reference value :  2.83069e-07
 Reference value :  2.83481e-07
 Reference value :  2.83892e-07
 Reference value :  2.84306e-07
 Reference value :  2.84717e-07
 Reference value :  2.85131e-07
 Reference value :  2.85546e-07
 Reference value :  2.85961e-07
 Reference value :  2.86327e-07
 Reference value :  2.86658e-07
 Reference value :  2.87072e-07
 Reference value :  2.87368e-07
 Reference value :  2.87672e-07
 Reference value :  2.88089e-07
 Reference value :  2.88502e-07
 Reference value :  2.88919e-07
 Reference value :  2.89331e-07
 Reference value :  2.89709e-07
 Reference value :  2.90086e-07
 Reference value :  2.90489e-07
 Reference value :  2.90735e-07
 Reference value :  2.91003e-07
 Reference value :  2.91310e-07
 Reference value :  2.91549e-07
 Reference value :  2.91830e-07
 Reference value :  2.92160e-07
 Reference value :  2.92473e-07
 Reference value :  2.92771e-07
 Reference value :  2.93068e-07
 Reference value :  2.93294e-07
 Reference value :  2.93500e-07
 Reference value :  2.93788e-07
 Reference value :  2.94039e-07
 Reference value :  2.94352e-07
 Reference value :  2.94633e-07
 Reference value :  2.94856e-07
 Reference value :  2.95100e-07
 Reference value :  2.95454e-07
 Reference value :  2.95870e-07
 Reference value :  2.96286e-07
 Reference value :  2.96700e-07
 Reference value :  2.97112e-07
 Reference value :  2.97529e-07
 Reference value :  2.97902e-07
 Reference value :  2.98224e-07
 Reference value :  2.98640e-07
 Reference value :  2.98980e-07
 Reference value :  2.99190e-07
 Reference value :  2.99555e-07
 Reference value :  2.99970e-07
 Reference value :  3.00380e-07
 Reference value :  3.00795e-07
 Reference value :  3.01210e-07
 Reference value :  3.01621e-07
 Reference value :  3.02039e-07
 Reference value :  3.02451e-07
 Reference value :  3.02868e-07
 Reference value :  3.03278e-07
 Reference value :  3.03692e-07
 Reference value :  3.04109e-07
 Reference value :  3.04524e-07
 Reference value :  3.04911e-07
 Reference value :  3.05215e-07
 Reference value :  3.05626e-07
 Reference value :  3.06034e-07
 Reference value :  3.06450e-07
 Reference value :  3.06861e-07
 Reference value :  3.07280e-07
 Reference value :  3.07696e-07
 Reference value :  3.08111e-07
 Reference value :  3.08522e-07
 Reference value :  3.08824e-07
 Reference value :  3.09225e-07
 Reference value :  3.09635e-07
 Reference value :  3.10051e-07
 Reference value :  3.10357e-07
 Reference value :  3.10762e-07
 Reference value :  3.11151e-07
 Reference value :  3.11561e-07
 Reference value :  3.11939e-07
 Reference value :  3.12352e-07
 Reference value :  3.12770e-07
 Reference value :  3.13186e-07
 Reference value :  3.13592e-07
 Reference value :  3.14007e-07
 Reference value :  3.14421e-07
 Reference value :  3.14833e-07
 Reference value :  3.15250e-07
 Reference value :  3.15667e-07
 Reference value :  3.16081e-07
 Reference value :  3.16497e-07
 Reference value :  3.16910e-07
 Reference value :  3.17321e-07
 Reference value :  3.17719e-07
 Reference value :  3.18131e-07
 Reference value :  3.18548e-07
 Reference value :  3.18961e-07
 Reference value :  3.19373e-07
 Reference value :  3.19789e-07
 Reference value :  3.20202e-07
 Reference value :  3.20618e-07
 Reference value :  3.20870e-07
 Reference value :  3.21181e-07
 Reference value :  3.21564e-07
 Reference value :  3.21977e-07
 Reference value :  3.22392e-07
 Reference value :  3.22806e-07
 Reference value :  3.23090e-07
 Reference value :  3.23501e-07
 Reference value :  3.23888e-07
 Reference value :  3.24260e-07
 Reference value :  3.24658e-07
 Reference value :  3.25073e-07
 Reference value :  3.25489e-07
 Reference value :  3.25899e-07
 Reference value :  3.26310e-07
 Reference value :  3.26725e-07
 Reference value :  3.27140e-07
 Reference value :  3.27557e-07
 Reference value :  3.27970e-07
 Reference value :  3.28382e-07
 Reference value :  3.28796e-07
 Reference value :  3.29209e-07
 Reference value :  3.29622e-07
 Reference value :  3.30040e-07
 Reference value :  3.30320e-07
 Reference value :  3.30733e-07
 Reference value :  3.31144e-07
 Reference value :  3.31554e-07
 Reference value :  3.31961e-07
 Reference value :  3.32369e-07
 Reference value :  3.32781e-07
 Reference value :  3.33186e-07
 Reference value :  3.33600e-07
 Reference value :  3.33854e-07
 Reference value :  3.34077e-07
 Reference value :  3.34340e-07
 Reference value :  3.34620e-07
 Reference value :  3.34883e-07
 Reference value :  3.35151e-07
 Reference value :  3.35431e-07
 Reference value :  3.35710e-07
 Reference value :  3.35938e-07
 Reference value :  3.36204e-07
 Reference value :  3.36387e-07
 Reference value :  3.36551e-07
 Reference value :  3.36931e-07
 Reference value :  3.37346e-07
 Reference value :  3.37760e-07
 Reference value :  3.38166e-07
 Reference value :  3.38562e-07
 Reference value :  3.38978e-07
 Reference value :  3.39392e-07
 Reference value :  3.39799e-07
 Reference value :  3.40212e-07
 Reference value :  3.40630e-07
 Reference value :  3.41040e-07
 Reference value :  3.41458e-07
 Reference value :  3.41816e-07
 Reference value :  3.41991e-07
 Reference value :  3.42249e-07
 Reference value :  3.42544e-07
 Reference value :  3.42829e-07
 Reference value :  3.43125e-07
 Reference value :  3.43379e-07
 Reference value :  3.43654e-07
 Reference value :  3.43872e-07
 Reference value :  3.44086e-07
 Reference value :  3.44306e-07
 Reference value :  3.44465e-07
 Reference value :  3.44781e-07
 Reference value :  3.45025e-07
 Reference value :  3.45254e-07
 Reference value :  3.45531e-07
 Reference value :  3.45791e-07
 Reference value :  3.46031e-07
 Reference value :  3.46443e-07
 Reference value :  3.46860e-07
 Reference value :  3.47272e-07
 Reference value :  3.47690e-07
 Reference value :  3.47850e-07
 Reference value :  3.48161e-07
 Reference value :  3.48562e-07
 Reference value :  3.48967e-07
 Reference value :  3.49378e-07
 Reference value :  3.49762e-07
 Reference value :  3.50130e-07
 Reference value :  3.50441e-07
 Reference value :  3.50850e-07
 Reference value :  3.51254e-07
 Reference value :  3.51661e-07
 Reference value :  3.52071e-07
 Reference value :  3.52481e-07
 Reference value :  3.52876e-07
 Reference value :  3.53285e-07
 Reference value :  3.53696e-07
 Reference value :  3.54001e-07
 Reference value :  3.54394e-07
 Reference value :  3.54793e-07
 Reference value :  3.55201e-07
 Reference value :  3.55612e-07
 Reference value :  3.56022e-07
 Reference value :  3.56330e-07
 Reference value :  3.56740e-07
 Reference value :  3.57149e-07
 Reference value :  3.57558e-07
 Reference value :  3.57967e-07
 Reference value :  3.58375e-07
 Reference value :  3.58787e-07
 Reference value :  3.59196e-07
 Reference value :  3.59607e-07
 Reference value :  3.60014e-07
 Reference value :  3.60423e-07
 Reference value :  3.60831e-07
 Reference value :  3.61211e-07
 Reference value :  3.61621e-07
 Reference value :  3.62003e-07
 Reference value :  3.62410e-07
 Reference value :  3.62790e-07
 Reference value :  3.63199e-07
 Reference value :  3.63597e-07
 Reference value :  3.64001e-07
 Reference value :  3.64412e-07
 Reference value :  3.64821e-07
 Reference value :  3.65224e-07
 Reference value :  3.65631e-07
 Reference value :  3.66041e-07
 Reference value :  3.66448e-07
 Reference value :  3.66856e-07
 Reference value :  3.67267e-07
 Reference value :  3.67602e-07
 Reference value :  3.67826e-07
 Reference value :  3.68012e-07
 Reference value :  3.68276e-07
 Reference value :  3.68530e-07
 Reference value :  3.68733e-07
 Reference value :  3.69091e-07
 Reference value :  3.69478e-07
 Reference value :  3.69863e-07
 Reference value :  3.70275e-07
 Reference value :  3.70683e-07
 Reference value :  3.71093e-07
 Reference value :  3.71415e-07
 Reference value :  3.71579e-07
 Reference value :  3.71581e-07
 Reference value :  3.71860e-07
 Reference value :  3.72118e-07
 Reference value :  3.72382e-07
 Reference value :  3.72651e-07
 Reference value :  3.72805e-07
 Reference value :  3.73082e-07
 Reference value :  3.73349e-07
 Reference value :  3.73567e-07
 Reference value :  3.73784e-07
 Reference value :  3.74185e-07
 Reference value :  3.74561e-07
 Reference value :  3.74975e-07
 Reference value :  3.75370e-07
 Reference value :  3.75671e-07
 Reference value :  3.76020e-07
 Reference value :  3.76241e-07
 Reference value :  3.76469e-07
 Reference value :  3.76783e-07
 Reference value :  3.77150e-07
 Reference value :  3.77560e-07
 Reference value :  3.77971e-07
 Reference value :  3.78383e-07
 Reference value :  3.78631e-07
 Reference value :  3.78850e-07
 Reference value :  3.79080e-07
 Reference value :  3.79300e-07
 Reference value :  3.79710e-07
 Reference value :  3.80121e-07
 Reference value :  3.80340e-07
 Reference value :  3.80747e-07
 Reference value :  3.81158e-07
 Reference value :  3.81566e-07
 Reference value :  3.81951e-07
 Reference value :  3.82358e-07
 Reference value :  3.82769e-07
 Reference value :  3.83178e-07
 Reference value :  3.83590e-07
 Reference value :  3.84001e-07
 Reference value :  3.84415e-07
 Reference value :  3.84829e-07
 Reference value :  3.85238e-07
 Reference value :  3.85650e-07
 Reference value :  3.86060e-07
 Reference value :  3.86472e-07
 Reference value :  3.86884e-07
 Reference value :  3.87299e-07
 Reference value :  3.87705e-07
 Reference value :  3.88112e-07
 Reference value :  3.88377e-07
 Reference value :  3.88772e-07
 Reference value :  3.89183e-07
 Reference value :  3.89596e-07
 Reference value :  3.89959e-07
 Reference value :  3.90370e-07
 Reference value :  3.90781e-07
 Reference value :  3.91193e-07
 Reference value :  3.91605e-07
 Reference value :  3.92018e-07
 Reference value :  3.92430e-07
 Reference value :  3.92841e-07
 Reference value :  3.93252e-07
 Reference value :  3.93664e-07
 Reference value :  3.94078e-07
 Reference value :  3.94481e-07
 Reference value :  3.94888e-07
 Reference value :  3.95164e-07
 Reference value :  3.95360e-07
 Reference value :  3.95635e-07
 Reference value :  3.95921e-07
 Reference value :  3.96235e-07
 Reference value :  3.96502e-07
 Reference value :  3.96805e-07
 Reference value :  3.97123e-07
 Reference value :  3.97436e-07
 Reference value :  3.97672e-07
 Reference value :  3.97837e-07
 Reference value :  3.98030e-07
 Reference value :  3.98252e-07
 Reference value :  3.98480e-07
 Reference value :  3.98688e-07
 Reference value :  3.98861e-07
 Reference value :  3.99062e-07
 Reference value :  3.99280e-07
 Reference value :  3.99530e-07
 Reference value :  3.99751e-07
 Reference value :  3.99901e-07
 Reference value :  4.00311e-07
 Reference value :  4.00723e-07
 Reference value :  4.01063e-07
 Reference value :  4.01470e-07
 Reference value :  4.01870e-07
 Reference value :  4.02280e-07
 Reference value :  4.02691e-07
 Reference value :  4.03098e-07
 Reference value :  4.03303e-07
 Reference value :  4.03650e-07
 Reference value :  4.04059e-07
 Reference value :  4.04468e-07
 Reference value :  4.04880e-07
 Reference value :  4.05293e-07
 Reference value :  4.05705e-07
 Reference value :  4.06117e-07
 Reference value :  4.06529e-07
 Reference value :  4.06939e-07
 Reference value :  4.07351e-07
 Reference value :  4.07765e-07
 Reference value :  4.08179e-07
 Reference value :  4.08590e-07
 Reference value :  4.09000e-07
 Reference value :  4.09411e-07
 Reference value :  4.09731e-07
 Reference value :  4.10080e-07
 Reference value :  4.10493e-07
 Reference value :  4.10907e-07
 Reference value :  4.11311e-07
 Reference value :  4.11722e-07
 Reference value :  4.12133e-07
 Reference value :  4.12547e-07
 Reference value :  4.12960e-07
 Reference value :  4.13372e-07
 Reference value :  4.13773e-07
 Reference value :  4.14182e-07
 Reference value :  4.14592e-07
 Reference value :  4.15005e-07
 Reference value :  4.15414e-07
 Reference value :  4.15827e-07
 Reference value :  4.16240e-07
 Reference value :  4.16651e-07
 Reference value :  4.16993e-07
 Reference value :  4.17335e-07
 Reference value :  4.17747e-07
 Reference value :  4.18160e-07
 Reference value :  4.18570e-07
 Reference value :  4.18982e-07
 Reference value :  4.19395e-07
 Reference value :  4.19810e-07
 Reference value :  4.20220e-07
 Reference value :  4.20631e-07
 Reference value :  4.20905e-07
 Reference value :  4.21314e-07
 Reference value :  4.21721e-07
 Reference value :  4.22102e-07
 Reference value :  4.22516e-07
 Reference value :  4.22929e-07
 Reference value :  4.23336e-07
 Reference value :  4.23747e-07
 Reference value :  4.24155e-07
 Reference value :  4.24569e-07
 Reference value :  4.24980e-07
 Reference value :  4.25392e-07
 Reference value :  4.25803e-07
 Reference value :  4.26215e-07
 Reference value :  4.26610e-07
 Reference value :  4.27012e-07
 Reference value :  4.27426e-07
 Reference value :  4.27840e-07
 Reference value :  4.28251e-07
 Reference value :  4.28660e-07
 Reference value :  4.29071e-07
 Reference value :  4.29481e-07
 Reference value :  4.29892e-07
 Reference value :  4.30307e-07
 Reference value :  4.30720e-07
 Reference value :  4.31130e-07
 Reference value :  4.31540e-07
 Reference value :  4.31916e-07
 Reference value :  4.32326e-07
 Reference value :  4.32739e-07
 Reference value :  4.33150e-07
 Reference value :  4.33563e-07
 Reference value :  4.33974e-07
 Reference value :  4.34387e-07
 Reference value :  4.34799e-07
 Reference value :  4.35150e-07
 Reference value :  4.35440e-07
 Reference value :  4.35830e-07
 Reference value :  4.36238e-07
 Reference value :  4.36650e-07
 Reference value :  4.37061e-07
 Reference value :  4.37472e-07
 Reference value :  4.37836e-07
 Reference value :  4.38238e-07
 Reference value :  4.38650e-07
 Reference value :  4.38934e-07
 Reference value :  4.39172e-07
 Reference value :  4.39445e-07
 Reference value :  4.39728e-07
 Reference value :  4.39989e-07
 Reference value :  4.40257e-07
 Reference value :  4.40530e-07
 Reference value :  4.40791e-07
 Reference value :  4.40899e-07
 Reference value :  4.41033e-07
 Reference value :  4.41263e-07
 Reference value :  4.41534e-07
 Reference value :  4.41704e-07
 Reference value :  4.41955e-07
 Reference value :  4.42282e-07
 Reference value :  4.42695e-07
 Reference value :  4.43107e-07
 Reference value :  4.43450e-07
 Reference value :  4.43791e-07
 Reference value :  4.44190e-07
 Reference value :  4.44571e-07
 Reference value :  4.44984e-07
 Reference value :  4.45398e-07
 Reference value :  4.45810e-07
 Reference value :  4.46127e-07
 Reference value :  4.46370e-07
 Reference value :  4.46758e-07
 Reference value :  4.47151e-07
 Reference value :  4.47552e-07
 Reference value :  4.47965e-07
 Reference value :  4.48375e-07
 Reference value :  4.48784e-07
 Reference value :  4.49193e-07
 Reference value :  4.49604e-07
 Reference value :  4.50011e-07
 Reference value :  4.50423e-07
 Reference value :  4.50837e-07
 Reference value :  4.51248e-07
 Reference value :  4.51660e-07
 Reference value :  4.52070e-07
 Reference value :  4.52479e-07
 Reference value :  4.52890e-07
 Reference value :  4.53301e-07
 Reference value :  4.53715e-07
 Reference value :  4.54129e-07
 Reference value :  4.54513e-07
 Reference value :  4.54907e-07
 Reference value :  4.55317e-07
 Reference value :  4.55727e-07
 Reference value :  4.56140e-07
 Reference value :  4.56553e-07
 Reference value :  4.56930e-07
 Reference value :  4.57315e-07
 Reference value :  4.57663e-07
 Reference value :  4.57976e-07
 Reference value :  4.58375e-07
 Reference value :  4.58785e-07
 Reference value :  4.59194e-07
 Reference value :  4.59609e-07
 Reference value :  4.60020e-07
 Reference value :  4.60431e-07
 Reference value :  4.60842e-07
 Reference value :  4.61251e-07
 Reference value :  4.61663e-07
 Reference value :  4.62078e-07
 Reference value :  4.62490e-07
 Reference value :  4.62901e-07
 Reference value :  4.63312e-07
 Reference value :  4.63724e-07
 Reference value :  4.64134e-07
 Reference value :  4.64545e-07
 Reference value :  4.64907e-07
 Reference value :  4.65229e-07
 Reference value :  4.65598e-07
 Reference value :  4.65990e-07
 Reference value :  4.66398e-07
 Reference value :  4.66794e-07
 Reference value :  4.67207e-07
 Reference value :  4.67617e-07
 Reference value :  4.68026e-07
 Reference value :  4.68419e-07
 Reference value :  4.68711e-07
 Reference value :  4.69113e-07
 Reference value :  4.69496e-07
 Reference value :  4.69907e-07
 Reference value :  4.70320e-07
 Reference value :  4.70730e-07
 Reference value :  4.71140e-07
 Reference value :  4.71550e-07
 Reference value :  4.71960e-07
 Reference value :  4.72371e-07
 Reference value :  4.72784e-07
 Reference value :  4.73197e-07
 Reference value :  4.73609e-07
 Reference value :  4.74019e-07
 Reference value :  4.74430e-07
 Reference value :  4.74839e-07
 Reference value :  4.75248e-07
 Reference value :  4.75660e-07
 Reference value :  4.76061e-07
 Reference value :  4.76472e-07
 Reference value :  4.76886e-07
 Reference value :  4.77299e-07
 Reference value :  4.77710e-07
 Reference value :  4.78121e-07
 Reference value :  4.78531e-07
 Reference value :  4.78940e-07
 Reference value :  4.79353e-07
 Reference value :  4.79766e-07
 Reference value :  4.80179e-07
 Reference value :  4.80590e-07
 Reference value :  4.81000e-07
 Reference value :  4.81411e-07
 Reference value :  4.81823e-07
 Reference value :  4.82217e-07
 Reference value :  4.82630e-07
 Reference value :  4.83040e-07
 Reference value :  4.83272e-07
 Reference value :  4.83681e-07
 Reference value :  4.84092e-07
 Reference value :  4.84503e-07
 Reference value :  4.84911e-07
 Reference value :  4.85199e-07
 Reference value :  4.85454e-07
 Reference value :  4.85711e-07
 Reference value :  4.86000e-07
 Reference value :  4.86307e-07
 Reference value :  4.86607e-07
 Reference value :  4.86901e-07
 Reference value :  4.87217e-07
 Reference value :  4.87526e-07
 Reference value :  4.87787e-07
 Reference value :  4.88005e-07
 Reference value :  4.88239e-07
 Reference value :  4.88461e-07
 Reference value :  4.88709e-07
 Reference value :  4.88925e-07
 Reference value :  4.89100e-07
 Reference value :  4.89510e-07
 Reference value :  4.89921e-07
 Reference value :  4.90333e-07
 Reference value :  4.90745e-07
 Reference value :  4.91070e-07
 Reference value :  4.91239e-07
 Reference value :  4.91410e-07
 Reference value :  4.91807e-07
 Reference value :  4.92218e-07
 Reference value :  4.92627e-07
 Reference value :  4.93037e-07
 Reference value :  4.93449e-07
 Reference value :  4.93755e-07
 Reference value :  4.94008e-07
 Reference value :  4.94248e-07
 Reference value :  4.94559e-07
 Reference value :  4.94962e-07
 Reference value :  4.95210e-07
 Reference value :  4.95457e-07
 Reference value :  4.95701e-07
 Reference value :  4.95897e-07
 Reference value :  4.96044e-07
 Reference value :  4.96145e-07
 Reference value :  4.96148e-07
 Reference value :  4.96354e-07
 Reference value :  4.96573e-07
 Reference value :  4.96795e-07
 Reference value :  4.97068e-07
 Reference value :  4.97196e-07
 Reference value :  4.97320e-07
 Reference value :  4.97597e-07
 Reference value :  4.98008e-07
 Reference value :  4.98420e-07
 Reference value :  4.98830e-07
 Reference value :  4.99241e-07
 Reference value :  4.99617e-07
 Reference value :  4.99851e-07
 Reference value :  5.00065e-07
 Reference value :  5.00454e-07
 Reference value :  5.00732e-07
 Reference value :  5.01140e-07
 Reference value :  5.01550e-07
 Reference value :  5.01961e-07
 Reference value :  5.02373e-07
 Reference value :  5.02785e-07
 Reference value :  5.03196e-07
 Reference value :  5.03605e-07
 Reference value :  5.04017e-07
 Reference value :  5.04430e-07
 Reference value :  5.04839e-07
 Reference value :  5.05250e-07
 Reference value :  5.05613e-07
 Reference value :  5.06023e-07
 Reference value :  5.06411e-07
 Reference value :  5.06822e-07
 Reference value :  5.07235e-07
 Reference value :  5.07646e-07
 Reference value :  5.07930e-07
 Reference value :  5.08341e-07
 Reference value :  5.08752e-07
 Reference value :  5.09130e-07
 Reference value :  5.09539e-07
 Reference value :  5.09950e-07
 Reference value :  5.10360e-07
 Reference value :  5.10771e-07
 Reference value :  5.11184e-07
 Reference value :  5.11463e-07
 Reference value :  5.11805e-07
 Reference value :  5.12216e-07
 Reference value :  5.12590e-07
 Reference value :  5.12998e-07
 Reference value :  5.13407e-07
 Reference value :  5.13820e-07
 Reference value :  5.14106e-07
 Reference value :  5.14518e-07
 Reference value :  5.14930e-07
 Reference value :  5.15331e-07
 Reference value :  5.15741e-07
 Reference value :  5.16147e-07
 Reference value :  5.16560e-07
 Reference value :  5.16970e-07
 Reference value :  5.17380e-07
 Reference value :  5.17791e-07
 Reference value :  5.18200e-07
 Reference value :  5.18611e-07
 Reference value :  5.19021e-07
 Reference value :  5.19435e-07
 Reference value :  5.19849e-07
 Reference value :  5.20260e-07
 Reference value :  5.20671e-07
 Reference value :  5.21080e-07
 Reference value :  5.21491e-07
 Reference value :  5.21903e-07
 Reference value :  5.22317e-07
 Reference value :  5.22730e-07
 Reference value :  5.23140e-07
 Reference value :  5.23551e-07
 Reference value :  5.23962e-07
 Reference value :  5.24341e-07
 Reference value :  5.24752e-07
 Reference value :  5.25162e-07
 Reference value :  5.25575e-07
 Reference value :  5.25888e-07
 Reference value :  5.26243e-07
 Reference value :  5.26652e-07
 Reference value :  5.26944e-07
 Reference value :  5.27280e-07
 Reference value :  5.27691e-07
 Reference value :  5.28096e-07
 Reference value :  5.28490e-07
 Reference value :  5.28893e-07
 Reference value :  5.29303e-07
 Reference value :  5.29715e-07
 Reference value :  5.30000e-07
 Reference value :  5.30237e-07
 Reference value :  5.30560e-07
 Reference value :  5.30971e-07
 Reference value :  5.31384e-07
 Reference value :  5.31798e-07
 Reference value :  5.32096e-07
 Reference value :  5.32267e-07
 Reference value :  5.32470e-07
 Reference value :  5.32742e-07
 Reference value :  5.33024e-07
 Reference value :  5.33301e-07
 Reference value :  5.33570e-07
 Reference value :  5.33860e-07
 Reference value :  5.34080e-07
 Reference value :  5.34406e-07
 Reference value :  5.34656e-07
 Reference value :  5.34910e-07
 Reference value :  5.35145e-07
 Reference value :  5.35364e-07
 Reference value :  5.35604e-07
 Reference value :  5.35857e-07
 Reference value :  5.36090e-07
 Reference value :  5.36360e-07
 Reference value :  5.36571e-07
 Reference value :  5.36802e-07
 Reference value :  5.36806e-07
 Reference value :  5.37035e-07
 Reference value :  5.37241e-07
 Reference value :  5.37244e-07
 Reference value :  5.37247e-07
 Reference value :  5.37250e-07
 Reference value :  5.37251e-07
 Reference value :  5.37253e-07
 Reference value :  5.37410e-07
 Reference value :  5.37585e-07
 Reference value :  5.37810e-07
 Reference value :  5.37873e-07
 Reference value :  5.37877e-07
 Reference value :  5.38051e-07
 Reference value :  5.38214e-07
 Reference value :  5.38251e-07
 Reference value :  5.38334e-07
 Reference value :  5.38337e-07
 Reference value :  5.38370e-07
 Reference value :  5.38650e-07
 Reference value :  5.38756e-07
 Reference value :  5.39033e-07
 Reference value :  5.39379e-07
 Reference value :  5.39675e-07
 Reference value :  5.40075e-07
 Reference value :  5.40356e-07
 Reference value :  5.40770e-07
 Reference value :  5.41160e-07
 Reference value :  5.41420e-07
 Reference value :  5.41670e-07
 Reference value :  5.42022e-07
 Reference value :  5.42377e-07
 Reference value :  5.42750e-07
 Reference value :  5.43150e-07
 Reference value :  5.43400e-07
 Reference value :  5.43810e-07
 Reference value :  5.44220e-07
 Reference value :  5.44630e-07
 Reference value :  5.45044e-07
 Reference value :  5.45327e-07
 Reference value :  5.45740e-07
 Reference value :  5.46154e-07
 Reference value :  5.46570e-07
 Reference value :  5.46984e-07
 Reference value :  5.47391e-07
 Reference value :  5.47802e-07
 Reference value :  5.48187e-07
 Reference value :  5.48555e-07
 Reference value :  5.48942e-07
 Reference value :  5.49332e-07
 Reference value :  5.49748e-07
 Reference value :  5.50160e-07
 Reference value :  5.50575e-07
 Reference value :  5.50976e-07
 Reference value :  5.51390e-07
 Reference value :  5.51807e-07
 Reference value :  5.52061e-07
 Reference value :  5.52340e-07
 Reference value :  5.52585e-07
 Reference value :  5.52818e-07
 Reference value :  5.53213e-07
 Reference value :  5.53610e-07
 Reference value :  5.54025e-07
 Reference value :  5.54120e-07
 Reference value :  5.54421e-07
 Reference value :  5.54833e-07
 Reference value :  5.55143e-07
 Reference value :  5.55284e-07
 Reference value :  5.55515e-07
 Reference value :  5.55930e-07
 Reference value :  5.56343e-07
 Reference value :  5.56739e-07
 Reference value :  5.57092e-07
 Reference value :  5.57320e-07
 Reference value :  5.57505e-07
 Reference value :  5.57765e-07
 Reference value :  5.58041e-07
 Reference value :  5.58290e-07
 Reference value :  5.58561e-07
 Reference value :  5.58833e-07
 Reference value :  5.59120e-07
 Reference value :  5.59405e-07
 Reference value :  5.59666e-07
 Reference value :  5.59880e-07
 Reference value :  5.60100e-07
 Reference value :  5.60268e-07
 Reference value :  5.60636e-07
 Reference value :  5.60871e-07
 Reference value :  5.61110e-07
 Reference value :  5.61378e-07
 Reference value :  5.61590e-07
 Reference value :  5.61836e-07
 Reference value :  5.62088e-07
 Reference value :  5.62321e-07
 Reference value :  5.62590e-07
 Reference value :  5.62828e-07
 Reference value :  5.63050e-07
 Reference value :  5.63252e-07
 Reference value :  5.63410e-07
 Reference value :  5.63411e-07
 Reference value :  5.63413e-07
 Reference value :  5.63416e-07
 Reference value :  5.63450e-07
 Reference value :  5.63554e-07
 Reference value :  5.63727e-07
 Reference value :  5.63932e-07
 Reference value :  5.64123e-07
 Reference value :  5.64220e-07
 Reference value :  5.64410e-07
 Reference value :  5.64637e-07
 Reference value :  5.64676e-07
 Reference value :  5.64680e-07
 Reference value :  5.64681e-07
 Reference value :  5.64685e-07
 Reference value :  5.64689e-07
 Reference value :  5.64693e-07
 Reference value :  5.64774e-07
 Reference value :  5.64936e-07
 Reference value :  5.64942e-07
 Reference value :  5.65006e-07
 Reference value :  5.65257e-07
 Reference value :  5.65373e-07
 Reference value :  5.65509e-07
 Reference value :  5.65846e-07
 Reference value :  5.66050e-07
 Reference value :  5.66390e-07
 Reference value :  5.66791e-07
 Reference value :  5.67200e-07
 Reference value :  5.67310e-07
 Reference value :  5.67426e-07
 Reference value :  5.67770e-07
 Reference value :  5.68158e-07
 Reference value :  5.68535e-07
 Reference value :  5.68733e-07
 Reference value :  5.68969e-07
 Reference value :  5.69123e-07
 Reference value :  5.69258e-07
 Reference value :  5.69531e-07
 Reference value :  5.69940e-07
 Reference value :  5.70341e-07
 Reference value :  5.70620e-07
 Reference value :  5.70975e-07
 Reference value :  5.71179e-07
 Reference value :  5.71309e-07
 Reference value :  5.71530e-07
 Reference value :  5.71779e-07
 Reference value :  5.72011e-07
 Reference value :  5.72266e-07
 Reference value :  5.72671e-07
 Reference value :  5.72988e-07
 Reference value :  5.73040e-07
 Reference value :  5.73234e-07
 Reference value :  5.73641e-07
 Reference value :  5.74046e-07
 Reference value :  5.74458e-07
 Reference value :  5.74770e-07
 Reference value :  5.74990e-07
 Reference value :  5.75120e-07
 Reference value :  5.75323e-07
 Reference value :  5.75416e-07
 Reference value :  5.75567e-07
 Reference value :  5.75803e-07
 Reference value :  5.75989e-07
 Reference value :  5.76203e-07
 Reference value :  5.76483e-07
 Reference value :  5.76784e-07
 Reference value :  5.77070e-07
 Reference value :  5.77212e-07
 Reference value :  5.77260e-07
 Reference value :  5.77440e-07
 Reference value :  5.77814e-07
 Reference value :  5.78191e-07
 Reference value :  5.78522e-07
 Reference value :  5.78870e-07
 Reference value :  5.79235e-07
 Reference value :  5.79300e-07
 Reference value :  5.79646e-07
 Reference value :  5.80057e-07
 Reference value :  5.80461e-07
 Reference value :  5.80870e-07
 Reference value :  5.81278e-07
 Reference value :  5.81682e-07
 Reference value :  5.82092e-07
 Reference value :  5.82503e-07
 Reference value :  5.82808e-07
 Reference value :  5.82976e-07
 Reference value :  5.83091e-07
 Reference value :  5.83501e-07
 Reference value :  5.83909e-07
 Reference value :  5.84314e-07
 Reference value :  5.84724e-07
 Reference value :  5.85088e-07
 Reference value :  5.85468e-07
 Reference value :  5.85878e-07
 Reference value :  5.86286e-07
 Reference value :  5.86694e-07
 Reference value :  5.87101e-07
 Reference value :  5.87506e-07
 Reference value :  5.87911e-07
 Reference value :  5.88298e-07
 Reference value :  5.88600e-07
 Reference value :  5.89008e-07
 Reference value :  5.89414e-07
 Reference value :  5.89823e-07
 Reference value :  5.90230e-07
 Reference value :  5.90640e-07
 Reference value :  5.91048e-07
 Reference value :  5.91459e-07
 Reference value :  5.91869e-07
 Reference value :  5.92273e-07
 Reference value :  5.92549e-07
 Reference value :  5.92957e-07
 Reference value :  5.93363e-07
 Reference value :  5.93772e-07
 Reference value :  5.94182e-07
 Reference value :  5.94592e-07
 Reference value :  5.94982e-07
 Reference value :  5.95375e-07
 Reference value :  5.95782e-07
 Reference value :  5.96192e-07
 Reference value :  5.96600e-07
 Reference value :  5.97010e-07
 Reference value :  5.97382e-07
 Reference value :  5.97754e-07
 Reference value :  5.98163e-07
 Reference value :  5.98573e-07
 Reference value :  5.98982e-07
 Reference value :  5.99392e-07
 Reference value :  5.99801e-07
 Reference value :  6.00211e-07
 Reference value :  6.00612e-07
 Reference value :  6.01021e-07
 Reference value :  6.01431e-07
 Reference value :  6.01840e-07
 Reference value :  6.02205e-07
 Reference value :  6.02531e-07
 Reference value :  6.02939e-07
 Reference value :  6.03349e-07
 Reference value :  6.03758e-07
 Reference value :  6.04167e-07
 Reference value :  6.04533e-07
 Reference value :  6.04806e-07
 Reference value :  6.05147e-07
 Reference value :  6.05556e-07
 Reference value :  6.05965e-07
 Reference value :  6.06375e-07
 Reference value :  6.06784e-07
 Reference value :  6.07193e-07
 Reference value :  6.07602e-07
 Reference value :  6.08011e-07
 Reference value :  6.08421e-07
 Reference value :  6.08830e-07
 Reference value :  6.09240e-07
 Reference value :  6.09650e-07
 Reference value :  6.10030e-07
 Reference value :  6.10439e-07
 Reference value :  6.10849e-07
 Reference value :  6.11259e-07
 Reference value :  6.11670e-07
 Reference value :  6.12080e-07
 Reference value :  6.12484e-07
 Reference value :  6.12781e-07
 Reference value :  6.12963e-07
 Reference value :  6.13119e-07
 Reference value :  6.13410e-07
 Reference value :  6.13712e-07
 Reference value :  6.13973e-07
 Reference value :  6.14241e-07
 Reference value :  6.14533e-07
 Reference value :  6.14851e-07
 Reference value :  6.15168e-07
 Reference value :  6.15486e-07
 Reference value :  6.15764e-07
 Reference value :  6.15837e-07
 Reference value :  6.16090e-07
 Reference value :  6.16355e-07
 Reference value :  6.16628e-07
 Reference value :  6.16886e-07
 Reference value :  6.17132e-07
 Reference value :  6.17350e-07
 Reference value :  6.17660e-07
 Reference value :  6.18071e-07
 Reference value :  6.18486e-07
 Reference value :  6.18900e-07
 Reference value :  6.19278e-07
 Reference value :  6.19690e-07
 Reference value :  6.20105e-07
 Reference value :  6.20519e-07
 Reference value :  6.20933e-07
 Reference value :  6.21341e-07
 Reference value :  6.21720e-07
 Reference value :  6.22131e-07
 Reference value :  6.22319e-07
 Reference value :  6.22490e-07
 Reference value :  6.22851e-07
 Reference value :  6.23261e-07
 Reference value :  6.23608e-07
 Reference value :  6.23946e-07
 Reference value :  6.24359e-07
 Reference value :  6.24770e-07
 Reference value :  6.25181e-07
 Reference value :  6.25592e-07
 Reference value :  6.26009e-07
 Reference value :  6.26423e-07
 Reference value :  6.26837e-07
 Reference value :  6.27227e-07
 Reference value :  6.27637e-07
 Reference value :  6.28049e-07
 Reference value :  6.28365e-07
 Reference value :  6.28780e-07
 Reference value :  6.29195e-07
 Reference value :  6.29610e-07
 Reference value :  6.30020e-07
 Reference value :  6.30431e-07
 Reference value :  6.30720e-07
 Reference value :  6.30980e-07
 Reference value :  6.31307e-07
 Reference value :  6.31628e-07
 Reference value :  6.31917e-07
 Reference value :  6.32213e-07
 Reference value :  6.32485e-07
 Reference value :  6.32764e-07
 Reference value :  6.33025e-07
 Reference value :  6.33291e-07
 Reference value :  6.33543e-07
 Reference value :  6.33689e-07
 Reference value :  6.33880e-07
 Reference value :  6.34283e-07
 Reference value :  6.34700e-07
 Reference value :  6.35114e-07
 Reference value :  6.35530e-07
 Reference value :  6.35945e-07
 Reference value :  6.36360e-07
 Reference value :  6.36766e-07
 Reference value :  6.37156e-07
 Reference value :  6.37462e-07
 Reference value :  6.37871e-07
 Reference value :  6.38206e-07
 Reference value :  6.38298e-07
 Reference value :  6.38426e-07
 Reference value :  6.38651e-07
 Reference value :  6.38894e-07
 Reference value :  6.39158e-07
 Reference value :  6.39431e-07
 Reference value :  6.39697e-07
 Reference value :  6.39860e-07
 Reference value :  6.40081e-07
 Reference value :  6.40299e-07
 Reference value :  6.40507e-07
 Reference value :  6.40760e-07
 Reference value :  6.41000e-07
 Reference value :  6.41232e-07
 Reference value :  6.41447e-07
 Reference value :  6.41671e-07
 Reference value :  6.41890e-07
 Reference value :  6.42228e-07
 Reference value :  6.42638e-07
 Reference value :  6.42978e-07
 Reference value :  6.43309e-07
 Reference value :  6.43720e-07
 Reference value :  6.44130e-07
 Reference value :  6.44540e-07
 Reference value :  6.44950e-07
 Reference value :  6.45184e-07
 Reference value :  6.45517e-07
 Reference value :  6.45923e-07
 Reference value :  6.46331e-07
 Reference value :  6.46739e-07
 Reference value :  6.47150e-07
 Reference value :  6.47521e-07
 Reference value :  6.47930e-07
 Reference value :  6.48338e-07
 Reference value :  6.48747e-07
 Reference value :  6.49160e-07
 Reference value :  6.49570e-07
 Reference value :  6.49883e-07
 Reference value :  6.50241e-07
 Reference value :  6.50652e-07
 Reference value :  6.51063e-07
 Reference value :  6.51474e-07
 Reference value :  6.51881e-07
 Reference value :  6.52294e-07
 Reference value :  6.52704e-07
 Reference value :  6.52894e-07
 Reference value :  6.53069e-07
 Reference value :  6.53290e-07
 Reference value :  6.53486e-07
 Reference value :  6.53720e-07
 Reference value :  6.53985e-07
 Reference value :  6.54230e-07
 Reference value :  6.54495e-07
 Reference value :  6.54750e-07
 Reference value :  6.55016e-07
 Reference value :  6.55254e-07
 Reference value :  6.55501e-07
 Reference value :  6.55835e-07
 Reference value :  6.56170e-07
 Reference value :  6.56574e-07
 Reference value :  6.56980e-07
 Reference value :  6.57391e-07
 Reference value :  6.57801e-07
 Reference value :  6.58212e-07
 Reference value :  6.58607e-07
 Reference value :  6.59018e-07
 Reference value :  6.59430e-07
 Reference value :  6.59840e-07
 Reference value :  6.60200e-07
 Reference value :  6.60613e-07
 Reference value :  6.61025e-07
 Reference value :  6.61395e-07
 Reference value :  6.61805e-07
 Reference value :  6.62210e-07
 Reference value :  6.62620e-07
 Reference value :  6.62878e-07
 Reference value :  6.63144e-07
 Reference value :  6.63417e-07
 Reference value :  6.63667e-07
 Reference value :  6.63934e-07
 Reference value :  6.64201e-07
 Reference value :  6.64464e-07
 Reference value :  6.64660e-07
 Reference value :  6.64894e-07
 Reference value :  6.65123e-07
 Reference value :  6.65360e-07
 Reference value :  6.65461e-07
 Reference value :  6.65876e-07
 Reference value :  6.66292e-07
 Reference value :  6.66710e-07
 Reference value :  6.67125e-07
 Reference value :  6.67540e-07
 Reference value :  6.67955e-07
 Reference value :  6.68371e-07
 Reference value :  6.68751e-07
 Reference value :  6.69089e-07
 Reference value :  6.69504e-07
 Reference value :  6.69921e-07
 Reference value :  6.70277e-07
 Reference value :  6.70690e-07
 Reference value :  6.71105e-07
 Reference value :  6.71520e-07
 Reference value :  6.71938e-07
 Reference value :  6.72354e-07
 Reference value :  6.72768e-07
 Reference value :  6.73182e-07
 Reference value :  6.73598e-07
 Reference value :  6.74013e-07
 Reference value :  6.74391e-07
 Reference value :  6.74800e-07
 Reference value :  6.75095e-07
 Reference value :  6.75506e-07
 Reference value :  6.75920e-07
 Reference value :  6.76336e-07
 Reference value :  6.76751e-07
 Reference value :  6.77169e-07
 Reference value :  6.77585e-07
 Reference value :  6.78001e-07
 Reference value :  6.78417e-07
 Reference value :  6.78831e-07
 Reference value :  6.79141e-07
 Reference value :  6.79524e-07
 Reference value :  6.79866e-07
 Reference value :  6.80220e-07
 Reference value :  6.80634e-07
 Reference value :  6.81031e-07
 Reference value :  6.81440e-07
 Reference value :  6.81855e-07
 Reference value :  6.82258e-07
 Reference value :  6.82671e-07
 Reference value :  6.83051e-07
 Reference value :  6.83470e-07
 Reference value :  6.83886e-07
 Reference value :  6.84301e-07
 Reference value :  6.84713e-07
 Reference value :  6.85127e-07
 Reference value :  6.85531e-07
 Reference value :  6.85949e-07
 Reference value :  6.86360e-07
 Reference value :  6.86770e-07
 Reference value :  6.87185e-07
 Reference value :  6.87600e-07
 Reference value :  6.88013e-07
 Reference value :  6.88430e-07
 Reference value :  6.88796e-07
 Reference value :  6.89128e-07
 Reference value :  6.89488e-07
 Reference value :  6.89902e-07
 Reference value :  6.90319e-07
 Reference value :  6.90730e-07
 Reference value :  6.91142e-07
 Reference value :  6.91559e-07
 Reference value :  6.91975e-07
 Reference value :  6.92390e-07
 Reference value :  6.92806e-07
 Reference value :  6.93218e-07
 Reference value :  6.93630e-07
 Reference value :  6.94044e-07
 Reference value :  6.94450e-07
 Reference value :  6.94866e-07
 Reference value :  6.95282e-07
 Reference value :  6.95666e-07
 Reference value :  6.96080e-07
 Reference value :  6.96496e-07
 Reference value :  6.96911e-07
 Reference value :  6.97329e-07
 Reference value :  6.97746e-07
 Reference value :  6.98161e-07
 Reference value :  6.98579e-07
 Reference value :  6.98976e-07
 Reference value :  6.99388e-07
 Reference value :  6.99801e-07
 Reference value :  7.00220e-07
 Reference value :  7.00561e-07
 Reference value :  7.00909e-07
 Reference value :  7.01301e-07
 Reference value :  7.01718e-07
 Reference value :  7.02131e-07
 Reference value :  7.02548e-07
 Reference value :  7.02963e-07
 Reference value :  7.03380e-07
 Reference value :  7.03795e-07
 Reference value :  7.04210e-07
 Reference value :  7.04590e-07
 Reference value :  7.04890e-07
 Reference value :  7.05300e-07
 Reference value :  7.05510e-07
 Reference value :  7.05781e-07
 Reference value :  7.06097e-07
 Reference value :  7.06385e-07
 Reference value :  7.06670e-07
 Reference value :  7.06941e-07
 Reference value :  7.07213e-07
 Reference value :  7.07479e-07
 Reference value :  7.07700e-07
 Reference value :  7.07979e-07
 Reference value :  7.08192e-07
 Reference value :  7.08381e-07
 Reference value :  7.08621e-07
 Reference value :  7.08870e-07
 Reference value :  7.09127e-07
 Reference value :  7.09537e-07
 Reference value :  7.09948e-07
 Reference value :  7.10355e-07
 Reference value :  7.10764e-07
 Reference value :  7.11173e-07
 Reference value :  7.11581e-07
 Reference value :  7.11860e-07
 Reference value :  7.12268e-07
 Reference value :  7.12568e-07
 Reference value :  7.12784e-07
 Reference value :  7.13002e-07
 Reference value :  7.13183e-07
 Reference value :  7.13587e-07
 Reference value :  7.13990e-07
 Reference value :  7.14404e-07
 Reference value :  7.14820e-07
 Reference value :  7.15235e-07
 Reference value :  7.15540e-07
 Reference value :  7.15811e-07
 Reference value :  7.16225e-07
 Reference value :  7.16636e-07
 Reference value :  7.16997e-07
 Reference value :  7.17410e-07
 Reference value :  7.17827e-07
 Reference value :  7.18240e-07
 Reference value :  7.18656e-07
 Reference value :  7.19070e-07
 Reference value :  7.19481e-07
 Reference value :  7.19851e-07
 Reference value :  7.20256e-07
 Reference value :  7.20664e-07
 Reference value :  7.21078e-07
 Reference value :  7.21441e-07
 Reference value :  7.21733e-07
 Reference value :  7.22090e-07
 Reference value :  7.22403e-07
 Reference value :  7.22817e-07
 Reference value :  7.23182e-07
 Reference value :  7.23318e-07
 Reference value :  7.23654e-07
 Reference value :  7.24070e-07
 Reference value :  7.24427e-07
 Reference value :  7.24681e-07
 Reference value :  7.24890e-07
 Reference value :  7.25125e-07
 Reference value :  7.25340e-07
 Reference value :  7.25621e-07
 Reference value :  7.25860e-07
 Reference value :  7.26131e-07
 Reference value :  7.26333e-07
 Reference value :  7.26694e-07
 Reference value :  7.26936e-07
 Reference value :  7.27111e-07
 Reference value :  7.27346e-07
 Reference value :  7.27597e-07
 Reference value :  7.27792e-07
 Reference value :  7.28006e-07
 Reference value :  7.28281e-07
 Reference value :  7.28503e-07
 Reference value :  7.28595e-07
 Reference value :  7.28690e-07
 Reference value :  7.28743e-07
 Reference value :  7.28747e-07
 Reference value :  7.28750e-07
 Reference value :  7.28752e-07
 Reference value :  7.28780e-07
 Reference value :  7.28864e-07
 Reference value :  7.28891e-07
 Reference value :  7.29026e-07
 Reference value :  7.29167e-07
 Reference value :  7.29216e-07
 Reference value :  7.29241e-07
 Reference value :  7.29333e-07
 Reference value :  7.29388e-07
 Reference value :  7.29551e-07
 Reference value :  7.29600e-07
 Reference value :  7.29741e-07
 Reference value :  7.29811e-07
 Reference value :  7.29880e-07
 Reference value :  7.29926e-07
 Reference value :  7.30124e-07
 Reference value :  7.30349e-07
 Reference value :  7.30759e-07
 Reference value :  7.31141e-07
 Reference value :  7.31496e-07
 Reference value :  7.31831e-07
 Reference value :  7.32233e-07
 Reference value :  7.32517e-07
 Reference value :  7.32754e-07
 Reference value :  7.32998e-07
 Reference value :  7.33174e-07
 Reference value :  7.33581e-07
 Reference value :  7.33996e-07
 Reference value :  7.34387e-07
 Reference value :  7.34800e-07
 Reference value :  7.35210e-07
 Reference value :  7.35507e-07
 Reference value :  7.35817e-07
 Reference value :  7.36165e-07
 Reference value :  7.36432e-07
 Reference value :  7.36815e-07
 Reference value :  7.37075e-07
 Reference value :  7.37487e-07
 Reference value :  7.37894e-07
 Reference value :  7.38300e-07
 Reference value :  7.38611e-07
 Reference value :  7.38830e-07
 Reference value :  7.39137e-07
 Reference value :  7.39443e-07
 Reference value :  7.39690e-07
 Reference value :  7.39906e-07
 Reference value :  7.40161e-07
 Reference value :  7.40445e-07
 Reference value :  7.40733e-07
 Reference value :  7.40945e-07
 Reference value :  7.41163e-07
 Reference value :  7.41403e-07
 Reference value :  7.41676e-07
 Reference value :  7.42021e-07
 Reference value :  7.42240e-07
 Reference value :  7.42479e-07
 Reference value :  7.42722e-07
 Reference value :  7.42973e-07
 Reference value :  7.43209e-07
 Reference value :  7.43451e-07
 Reference value :  7.43700e-07
 Reference value :  7.43974e-07
 Reference value :  7.44207e-07
 Reference value :  7.44440e-07
 Reference value :  7.44672e-07
 Reference value :  7.44675e-07
 Reference value :  7.44678e-07
 Reference value :  7.44680e-07
 Reference value :  7.44709e-07
 Reference value :  7.44787e-07
 Reference value :  7.44790e-07
 Reference value :  7.44792e-07
 Reference value :  7.44795e-07
 Reference value :  7.44817e-07
 Reference value :  7.45009e-07
 Reference value :  7.45231e-07
 Reference value :  7.45353e-07
 Reference value :  7.45357e-07
 Reference value :  7.45360e-07
 Reference value :  7.45388e-07
 Reference value :  7.45670e-07
 Reference value :  7.45850e-07
 Reference value :  7.46160e-07
 Reference value :  7.46508e-07
 Reference value :  7.46886e-07
 Reference value :  7.47011e-07
 Reference value :  7.47020e-07
 Reference value :  7.47261e-07
 Reference value :  7.47640e-07
 Reference value :  7.47945e-07
 Reference value :  7.48348e-07
 Reference value :  7.48641e-07
 Reference value :  7.48760e-07
 Reference value :  7.48950e-07
 Reference value :  7.49356e-07
 Reference value :  7.49761e-07
 Reference value :  7.50171e-07
 Reference value :  7.50580e-07
 Reference value :  7.50981e-07
 Reference value :  7.51333e-07
 Reference value :  7.51691e-07
 Reference value :  7.51879e-07
 Reference value :  7.52110e-07
 Reference value :  7.52520e-07
 Reference value :  7.52926e-07
 Reference value :  7.53336e-07
 Reference value :  7.53700e-07
 Reference value :  7.54018e-07
 Reference value :  7.54427e-07
 Reference value :  7.54690e-07
 Reference value :  7.54724e-07
 Reference value :  7.54961e-07
 Reference value :  7.55376e-07
 Reference value :  7.55788e-07
 Reference value :  7.56201e-07
 Reference value :  7.56512e-07
 Reference value :  7.56648e-07
 Reference value :  7.56824e-07
 Reference value :  7.57134e-07
 Reference value :  7.57499e-07
 Reference value :  7.57913e-07
 Reference value :  7.58330e-07
 Reference value :  7.58745e-07
 Reference value :  7.59114e-07
 Reference value :  7.59525e-07
 Reference value :  7.59737e-07
 Reference value :  7.59920e-07
 Reference value :  7.60279e-07
 Reference value :  7.60684e-07
 Reference value :  7.61047e-07
 Reference value :  7.61456e-07
 Reference value :  7.61867e-07
 Reference value :  7.62276e-07
 Reference value :  7.62684e-07
 Reference value :  7.63093e-07
 Reference value :  7.63391e-07
 Reference value :  7.63481e-07
 Reference value :  7.63610e-07
 Reference value :  7.63990e-07
 Reference value :  7.64220e-07
 Reference value :  7.64410e-07
 Reference value :  7.64413e-07
 Reference value :  7.64418e-07
 Reference value :  7.64420e-07
 Reference value :  7.64607e-07
 Reference value :  7.64851e-07
 Reference value :  7.65106e-07
 Reference value :  7.65320e-07
 Reference value :  7.65560e-07
 Reference value :  7.65797e-07
 Reference value :  7.65984e-07
 Reference value :  7.66128e-07
 Reference value :  7.66323e-07
 Reference value :  7.66623e-07
 Reference value :  7.67031e-07
 Reference value :  7.67447e-07
 Reference value :  7.67861e-07
 Reference value :  7.68269e-07
 Reference value :  7.68376e-07
 Reference value :  7.68450e-07
 Reference value :  7.68854e-07
 Reference value :  7.69261e-07
 Reference value :  7.69680e-07
 Reference value :  7.70091e-07
 Reference value :  7.70507e-07
 Reference value :  7.70790e-07
 Reference value :  7.70905e-07
 Reference value :  7.71140e-07
 Reference value :  7.71551e-07
 Reference value :  7.71967e-07
 Reference value :  7.72380e-07
 Reference value :  7.72795e-07
 Reference value :  7.73210e-07
 Reference value :  7.73625e-07
 Reference value :  7.73910e-07
 Reference value :  7.74056e-07
 Reference value :  7.74228e-07
 Reference value :  7.74632e-07
 Reference value :  7.74977e-07
 Reference value :  7.75318e-07
 Reference value :  7.75727e-07
 Reference value :  7.76142e-07
 Reference value :  7.76555e-07
 Reference value :  7.76970e-07
 Reference value :  7.77384e-07
 Reference value :  7.77551e-07
 Reference value :  7.77726e-07
 Reference value :  7.77844e-07
 Reference value :  7.78049e-07
 Reference value :  7.78330e-07
 Reference value :  7.78581e-07
 Reference value :  7.78841e-07
 Reference value :  7.79136e-07
 Reference value :  7.79282e-07
 Reference value :  7.79286e-07
 Reference value :  7.79587e-07
 Reference value :  7.79819e-07
 Reference value :  7.80067e-07
 Reference value :  7.80277e-07
 Reference value :  7.80683e-07
 Reference value :  7.81095e-07
 Reference value :  7.81507e-07
 Reference value :  7.81918e-07
 Reference value :  7.82060e-07
 Reference value :  7.82273e-07
 Reference value :  7.82434e-07
 Reference value :  7.82752e-07
 Reference value :  7.83011e-07
 Reference value :  7.83418e-07
 Reference value :  7.83804e-07
 Reference value :  7.84211e-07
 Reference value :  7.84620e-07
 Reference value :  7.85025e-07
 Reference value :  7.85330e-07
 Reference value :  7.85620e-07
 Reference value :  7.85850e-07
 Reference value :  7.85961e-07
 Reference value :  7.86320e-07
 Reference value :  7.86728e-07
 Reference value :  7.87137e-07
 Reference value :  7.87514e-07
 Reference value :  7.87599e-07
 Reference value :  7.87601e-07
 Reference value :  7.87603e-07
 Reference value :  7.87815e-07
 Reference value :  7.88058e-07
 Reference value :  7.88174e-07
 Reference value :  7.88499e-07
 Reference value :  7.88907e-07
 Reference value :  7.89316e-07
 Reference value :  7.89546e-07
 Reference value :  7.89791e-07
 Reference value :  7.90022e-07
 Reference value :  7.90437e-07
 Reference value :  7.90776e-07
 Reference value :  7.91187e-07
 Reference value :  7.91600e-07
 Reference value :  7.91991e-07
 Reference value :  7.92289e-07
 Reference value :  7.92701e-07
 Reference value :  7.93116e-07
 Reference value :  7.93528e-07
 Reference value :  7.93655e-07
 Reference value :  7.93868e-07
 Reference value :  7.94030e-07
 Reference value :  7.94438e-07
 Reference value :  7.94838e-07
 Reference value :  7.95187e-07
 Reference value :  7.95587e-07
 Reference value :  7.95804e-07
 Reference value :  7.96035e-07
 Reference value :  7.96300e-07
 Reference value :  7.96709e-07
 Reference value :  7.97116e-07
 Reference value :  7.97529e-07
 Reference value :  7.97940e-07
 Reference value :  7.98354e-07
 Reference value :  7.98757e-07
 Reference value :  7.99170e-07
 Reference value :  7.99564e-07
 Reference value :  7.99744e-07
 Reference value :  7.99881e-07
 Reference value :  8.00291e-07
 Reference value :  8.00707e-07
 Reference value :  8.01120e-07
 Reference value :  8.01536e-07
 Reference value :  8.01950e-07
 Reference value :  8.02363e-07
 Reference value :  8.02770e-07
 Reference value :  8.03183e-07
 Reference value :  8.03402e-07
 Reference value :  8.03503e-07
 Reference value :  8.03916e-07
 Reference value :  8.04288e-07
 Reference value :  8.04607e-07
 Reference value :  8.05021e-07
 Reference value :  8.05340e-07
 Reference value :  8.05495e-07
 Reference value :  8.05734e-07
 Reference value :  8.06132e-07
 Reference value :  8.06545e-07
 Reference value :  8.06958e-07
 Reference value :  8.07364e-07
 Reference value :  8.07765e-07
 Reference value :  8.08172e-07
 Reference value :  8.08549e-07
 Reference value :  8.08855e-07
 Reference value :  8.09105e-07
 Reference value :  8.09138e-07
 Reference value :  8.09140e-07
 Reference value :  8.09143e-07
 Reference value :  8.09147e-07
 Reference value :  8.09263e-07
 Reference value :  8.09470e-07
 Reference value :  8.09550e-07
 Reference value :  8.09552e-07
 Reference value :  8.09556e-07
 Reference value :  8.09560e-07
 Reference value :  8.09651e-07
 Reference value :  8.09866e-07
 Reference value :  8.10117e-07
 Reference value :  8.10411e-07
 Reference value :  8.10566e-07
 Reference value :  8.10854e-07
 Reference value :  8.11191e-07
 Reference value :  8.11590e-07
 Reference value :  8.11840e-07
 Reference value :  8.12091e-07
 Reference value :  8.12260e-07
 Reference value :  8.12494e-07
 Reference value :  8.12772e-07
 Reference value :  8.12910e-07
 Reference value :  8.13021e-07
 Reference value :  8.13067e-07
 Reference value :  8.13253e-07
 Reference value :  8.13664e-07
 Reference value :  8.14075e-07
 Reference value :  8.14477e-07
 Reference value :  8.14889e-07
 Reference value :  8.15300e-07
 Reference value :  8.15691e-07
 Reference value :  8.15901e-07
 Reference value :  8.16080e-07
 Reference value :  8.16437e-07
 Reference value :  8.16833e-07
 Reference value :  8.17242e-07
 Reference value :  8.17652e-07
 Reference value :  8.18061e-07
 Reference value :  8.18471e-07
 Reference value :  8.18808e-07
 Reference value :  8.18965e-07
 Reference value :  8.19136e-07
 Reference value :  8.19543e-07
 Reference value :  8.19950e-07
 Reference value :  8.20301e-07
 Reference value :  8.20597e-07
 Reference value :  8.21004e-07
 Reference value :  8.21420e-07
 Reference value :  8.21811e-07
 Reference value :  8.21840e-07
 Reference value :  8.22001e-07
 Reference value :  8.22411e-07
 Reference value :  8.22820e-07
 Reference value :  8.23230e-07
 Reference value :  8.23588e-07
 Reference value :  8.23924e-07
 Reference value :  8.24335e-07
 Reference value :  8.24746e-07
 Reference value :  8.25133e-07
 Reference value :  8.25522e-07
 Reference value :  8.25930e-07
 Reference value :  8.26337e-07
 Reference value :  8.26746e-07
 Reference value :  8.27158e-07
 Reference value :  8.27530e-07
 Reference value :  8.27939e-07
 Reference value :  8.28286e-07
 Reference value :  8.28620e-07
 Reference value :  8.29030e-07
 Reference value :  8.29435e-07
 Reference value :  8.29809e-07
 Reference value :  8.30214e-07
 Reference value :  8.30623e-07
 Reference value :  8.30996e-07
 Reference value :  8.31332e-07
 Reference value :  8.31743e-07
 Reference value :  8.32069e-07
 Reference value :  8.32452e-07
 Reference value :  8.32864e-07
 Reference value :  8.33271e-07
 Reference value :  8.33657e-07
 Reference value :  8.34058e-07
 Reference value :  8.34466e-07
 Reference value :  8.34875e-07
 Reference value :  8.35261e-07
 Reference value :  8.35671e-07
 Reference value :  8.36081e-07
 Reference value :  8.36491e-07
 Reference value :  8.36901e-07
 Reference value :  8.37311e-07
 Reference value :  8.37720e-07
 Reference value :  8.38130e-07
 Reference value :  8.38491e-07
 Reference value :  8.38900e-07
 Reference value :  8.39310e-07
 Reference value :  8.39717e-07
 Reference value :  8.40124e-07
 Reference value :  8.40534e-07
 Reference value :  8.40944e-07
 Reference value :  8.41352e-07
 Reference value :  8.41764e-07
 Reference value :  8.42164e-07
 Reference value :  8.42570e-07
 Reference value :  8.42917e-07
 Reference value :  8.43228e-07
 Reference value :  8.43633e-07
 Reference value :  8.44010e-07
 Reference value :  8.44420e-07
 Reference value :  8.44830e-07
 Reference value :  8.45236e-07
 Reference value :  8.45642e-07
 Reference value :  8.46051e-07
 Reference value :  8.46208e-07
 Reference value :  8.46580e-07
 Reference value :  8.46995e-07
 Reference value :  8.47407e-07
 Reference value :  8.47821e-07
 Reference value :  8.48233e-07
 Reference value :  8.48540e-07
 Reference value :  8.48927e-07
 Reference value :  8.49340e-07
 Reference value :  8.49751e-07
 Reference value :  8.50167e-07
 Reference value :  8.50580e-07
 Reference value :  8.50996e-07
 Reference value :  8.51389e-07
 Reference value :  8.51801e-07
 Reference value :  8.52111e-07
 Reference value :  8.52527e-07
 Reference value :  8.52933e-07
 Reference value :  8.53224e-07
 Reference value :  8.53628e-07
 Reference value :  8.54034e-07
 Reference value :  8.54283e-07
 Reference value :  8.54533e-07
 Reference value :  8.54814e-07
 Reference value :  8.55108e-07
 Reference value :  8.55381e-07
 Reference value :  8.55646e-07
 Reference value :  8.55929e-07
 Reference value :  8.56092e-07
 Reference value :  8.56238e-07
 Reference value :  8.56410e-07
 Reference value :  8.56610e-07
 Reference value :  8.56800e-07
 Reference value :  8.56980e-07
 Reference value :  8.57121e-07
 Reference value :  8.57381e-07
 Reference value :  8.57639e-07
 Reference value :  8.57906e-07
 Reference value :  8.58082e-07
 Reference value :  8.58488e-07
 Reference value :  8.58897e-07
 Reference value :  8.59309e-07
 Reference value :  8.59542e-07
 Reference value :  8.59770e-07
 Reference value :  8.60050e-07
 Reference value :  8.60300e-07
 Reference value :  8.60403e-07
 Reference value :  8.60634e-07
 Reference value :  8.61031e-07
 Reference value :  8.61437e-07
 Reference value :  8.61841e-07
 Reference value :  8.62095e-07
 Reference value :  8.62420e-07
 Reference value :  8.62629e-07
 Reference value :  8.62790e-07
 Reference value :  8.62988e-07
 Reference value :  8.63260e-07
 Reference value :  8.63497e-07
 Reference value :  8.63761e-07
 Reference value :  8.64026e-07
 Reference value :  8.64289e-07
 Reference value :  8.64555e-07
 Reference value :  8.64780e-07
 Reference value :  8.65079e-07
 Reference value :  8.65331e-07
 Reference value :  8.65571e-07
 Reference value :  8.65735e-07
 Reference value :  8.66116e-07
 Reference value :  8.66523e-07
 Reference value :  8.66930e-07
 Reference value :  8.67337e-07
 Reference value :  8.67740e-07
 Reference value :  8.68148e-07
 Reference value :  8.68443e-07
 Reference value :  8.68652e-07
 Reference value :  8.69050e-07
 Reference value :  8.69458e-07
 Reference value :  8.69614e-07
 Reference value :  8.69910e-07
 Reference value :  8.70311e-07
 Reference value :  8.70720e-07
 Reference value :  8.71127e-07
 Reference value :  8.71530e-07
 Reference value :  8.71936e-07
 Reference value :  8.72303e-07
 Reference value :  8.72696e-07
 Reference value :  8.73102e-07
 Reference value :  8.73510e-07
 Reference value :  8.73915e-07
 Reference value :  8.74310e-07
 Reference value :  8.74712e-07
 Reference value :  8.75010e-07
 Reference value :  8.75350e-07
 Reference value :  8.75720e-07
 Reference value :  8.76123e-07
 Reference value :  8.76530e-07
 Reference value :  8.76929e-07
 Reference value :  8.77331e-07
 Reference value :  8.77660e-07
 Reference value :  8.77837e-07
 Reference value :  8.78168e-07
 Reference value :  8.78562e-07
 Reference value :  8.78809e-07
 Reference value :  8.79039e-07
 Reference value :  8.79260e-07
 Reference value :  8.79528e-07
 Reference value :  8.79790e-07
 Reference value :  8.80034e-07
 Reference value :  8.80340e-07
 Reference value :  8.80542e-07
 Reference value :  8.80840e-07
 Reference value :  8.81168e-07
 Reference value :  8.81390e-07
 Reference value :  8.81582e-07
 Reference value :  8.81777e-07
 Reference value :  8.82006e-07
 Reference value :  8.82147e-07
 Reference value :  8.82150e-07
 Reference value :  8.82151e-07
 Reference value :  8.82154e-07
 Reference value :  8.82311e-07
 Reference value :  8.82530e-07
 Reference value :  8.82632e-07
 Reference value :  8.82858e-07
 Reference value :  8.83070e-07
 Reference value :  8.83260e-07
 Reference value :  8.83408e-07
 Reference value :  8.83616e-07
 Reference value :  8.83834e-07
 Reference value :  8.84015e-07
 Reference value :  8.84237e-07
 Reference value :  8.84511e-07
 Reference value :  8.84760e-07
 Reference value :  8.85041e-07
 Reference value :  8.85270e-07
 Reference value :  8.85503e-07
 Reference value :  8.85731e-07
 Reference value :  8.85884e-07
 Reference value :  8.85887e-07
 Reference value :  8.85890e-07
 Reference value :  8.85891e-07
 Reference value :  8.85920e-07
 Reference value :  8.86121e-07
 Reference value :  8.86204e-07
 Reference value :  8.86299e-07
 Reference value :  8.86349e-07
 Reference value :  8.86490e-07
 Reference value :  8.86585e-07
 Reference value :  8.86716e-07
 Reference value :  8.86830e-07
 Reference value :  8.86971e-07
 Reference value :  8.87104e-07
 Reference value :  8.87256e-07
 Reference value :  8.87320e-07
 Reference value :  8.87360e-07
 Reference value :  8.87400e-07
 Reference value :  8.87402e-07
 Reference value :  8.87513e-07
 Reference value :  8.87763e-07
 Reference value :  8.88159e-07
 Reference value :  8.88502e-07
 Reference value :  8.88670e-07
 Reference value :  8.89022e-07
 Reference value :  8.89235e-07
 Reference value :  8.89641e-07
 Reference value :  8.90050e-07
 Reference value :  8.90314e-07
 Reference value :  8.90722e-07
 Reference value :  8.91038e-07
 Reference value :  8.91313e-07
 Reference value :  8.91719e-07
 Reference value :  8.92130e-07
 Reference value :  8.92535e-07
 Reference value :  8.92947e-07
 Reference value :  8.93360e-07
 Reference value :  8.93771e-07
 Reference value :  8.94146e-07
 Reference value :  8.94557e-07
 Reference value :  8.94968e-07
 Reference value :  8.95380e-07
 Reference value :  8.95750e-07
 Reference value :  8.96024e-07
 Reference value :  8.96358e-07
 Reference value :  8.96666e-07
 Reference value :  8.97046e-07
 Reference value :  8.97450e-07
 Reference value :  8.97837e-07
 Reference value :  8.98249e-07
 Reference value :  8.98660e-07
 Reference value :  8.99074e-07
 Reference value :  8.99419e-07
 Reference value :  8.99609e-07
 Reference value :  8.99843e-07
 Reference value :  9.00145e-07
 Reference value :  9.00426e-07
 Reference value :  9.00705e-07
 Reference value :  9.00978e-07
 Reference value :  9.01233e-07
 Reference value :  9.01488e-07
 Reference value :  9.01698e-07
 Reference value :  9.01895e-07
 Reference value :  9.01905e-07
 Reference value :  9.02150e-07
 Reference value :  9.02375e-07
 Reference value :  9.02494e-07
 Reference value :  9.02870e-07
 Reference value :  9.03251e-07
 Reference value :  9.03603e-07
 Reference value :  9.03987e-07
 Reference value :  9.04398e-07
 Reference value :  9.04725e-07
 Reference value :  9.04973e-07
 Reference value :  9.05241e-07
 Reference value :  9.05495e-07
 Reference value :  9.05906e-07
 Reference value :  9.06315e-07
 Reference value :  9.06722e-07
 Reference value :  9.07135e-07
 Reference value :  9.07549e-07
 Reference value :  9.07950e-07
 Reference value :  9.08236e-07
 Reference value :  9.08484e-07
 Reference value :  9.08740e-07
 Reference value :  9.08948e-07
 Reference value :  9.09353e-07
 Reference value :  9.09764e-07
 Reference value :  9.10174e-07
 Reference value :  9.10584e-07
 Reference value :  9.10963e-07
 Reference value :  9.11204e-07
 Reference value :  9.11364e-07
 Reference value :  9.11740e-07
 Reference value :  9.12140e-07
 Reference value :  9.12545e-07
 Reference value :  9.12953e-07
 Reference value :  9.13365e-07
 Reference value :  9.13777e-07
 Reference value :  9.14187e-07
 Reference value :  9.14594e-07
 Reference value :  9.15003e-07
 Reference value :  9.15412e-07
 Reference value :  9.15822e-07
 Reference value :  9.16235e-07
 Reference value :  9.16642e-07
 Reference value :  9.16894e-07
 Reference value :  9.17175e-07
 Reference value :  9.17571e-07
 Reference value :  9.17981e-07
 Reference value :  9.18391e-07
 Reference value :  9.18801e-07
 Reference value :  9.19213e-07
 Reference value :  9.19622e-07
 Reference value :  9.19931e-07
 Reference value :  9.20306e-07
 Reference value :  9.20691e-07
 Reference value :  9.21101e-07
 Reference value :  9.21391e-07
 Reference value :  9.21665e-07
 Reference value :  9.21936e-07
 Reference value :  9.22163e-07
 Reference value :  9.22459e-07
 Reference value :  9.22510e-07
 Reference value :  9.22512e-07
 Reference value :  9.22800e-07
 Reference value :  9.23051e-07
 Reference value :  9.23311e-07
 Reference value :  9.23581e-07
 Reference value :  9.23818e-07
 Reference value :  9.24069e-07
 Reference value :  9.24380e-07
 Reference value :  9.24790e-07
 Reference value :  9.25200e-07
 Reference value :  9.25608e-07
 Reference value :  9.26018e-07
 Reference value :  9.26425e-07
 Reference value :  9.26795e-07
 Reference value :  9.26974e-07
 Reference value :  9.27370e-07
 Reference value :  9.27780e-07
 Reference value :  9.28185e-07
 Reference value :  9.28592e-07
 Reference value :  9.28883e-07
 Reference value :  9.29181e-07
 Reference value :  9.29561e-07
 Reference value :  9.29967e-07
 Reference value :  9.30378e-07
 Reference value :  9.30781e-07
 Reference value :  9.31190e-07
 Reference value :  9.31420e-07
 Reference value :  9.31619e-07
 Reference value :  9.31807e-07
 Reference value :  9.32130e-07
 Reference value :  9.32478e-07
 Reference value :  9.32880e-07
 Reference value :  9.33132e-07
 Reference value :  9.33511e-07
 Reference value :  9.33920e-07
 Reference value :  9.34240e-07
 Reference value :  9.34649e-07
 Reference value :  9.34764e-07
 Reference value :  9.35170e-07
 Reference value :  9.35580e-07
 Reference value :  9.35990e-07
 Reference value :  9.36394e-07
 Reference value :  9.36804e-07
 Reference value :  9.37171e-07
 Reference value :  9.37481e-07
 Reference value :  9.37890e-07
 Reference value :  9.38300e-07
 Reference value :  9.38710e-07
 Reference value :  9.39098e-07
 Reference value :  9.39506e-07
 Reference value :  9.39916e-07
 Reference value :  9.40279e-07
 Reference value :  9.40595e-07
 Reference value :  9.40931e-07
 Reference value :  9.41337e-07
 Reference value :  9.41741e-07
 Reference value :  9.42151e-07
 Reference value :  9.42561e-07
 Reference value :  9.42894e-07
 Reference value :  9.43295e-07
 Reference value :  9.43704e-07
 Reference value :  9.44114e-07
 Reference value :  9.44521e-07
 Reference value :  9.44930e-07
 Reference value :  9.45340e-07
 Reference value :  9.45730e-07
 Reference value :  9.46123e-07
 Reference value :  9.46530e-07
 Reference value :  9.46937e-07
 Reference value :  9.47344e-07
 Reference value :  9.47755e-07
 Reference value :  9.48161e-07
 Reference value :  9.48514e-07
 Reference value :  9.48671e-07
 Reference value :  9.49070e-07
 Reference value :  9.49475e-07
 Reference value :  9.49885e-07
 Reference value :  9.50295e-07
 Reference value :  9.50706e-07
 Reference value :  9.51117e-07
 Reference value :  9.51485e-07
 Reference value :  9.51866e-07
 Reference value :  9.52262e-07
 Reference value :  9.52672e-07
 Reference value :  9.53080e-07
 Reference value :  9.53491e-07
 Reference value :  9.53902e-07
 Reference value :  9.54310e-07
 Reference value :  9.54720e-07
 Reference value :  9.55094e-07
 Reference value :  9.55504e-07
 Reference value :  9.55910e-07
 Reference value :  9.56317e-07
 Reference value :  9.56610e-07
 Reference value :  9.56997e-07
 Reference value :  9.57402e-07
 Reference value :  9.57811e-07
 Reference value :  9.58221e-07
 Reference value :  9.58631e-07
 Reference value :  9.59041e-07
 Reference value :  9.59452e-07
 Reference value :  9.59864e-07
 Reference value :  9.60141e-07
 Reference value :  9.60417e-07
 Reference value :  9.60825e-07
 Reference value :  9.61233e-07
 Reference value :  9.61641e-07
 Reference value :  9.61910e-07
 Reference value :  9.62301e-07
 Reference value :  9.62710e-07
 Reference value :  9.63120e-07
 Reference value :  9.63370e-07
 Reference value :  9.63628e-07
 Reference value :  9.63767e-07
 Reference value :  9.63871e-07
 Reference value :  9.64055e-07
 Reference value :  9.64319e-07
 Reference value :  9.64358e-07
 Reference value :  9.64551e-07
 Reference value :  9.64813e-07
 Reference value :  9.65049e-07
 Reference value :  9.65250e-07
 Reference value :  9.65514e-07
 Reference value :  9.65752e-07
 Reference value :  9.65889e-07
 Reference value :  9.66014e-07
 Reference value :  9.66038e-07
 Reference value :  9.66040e-07
 Reference value :  9.66068e-07
 Reference value :  9.66321e-07
 Reference value :  9.66535e-07
 Reference value :  9.66807e-07
 Reference value :  9.67151e-07
 Reference value :  9.67350e-07
 Reference value :  9.67573e-07
 Reference value :  9.67820e-07
 Reference value :  9.68061e-07
 Reference value :  9.68305e-07
 Reference value :  9.68544e-07
 Reference value :  9.68784e-07
 Reference value :  9.69051e-07
 Reference value :  9.69284e-07
 Reference value :  9.69500e-07
 Reference value :  9.69703e-07
 Reference value :  9.69929e-07
 Reference value :  9.69970e-07
 Reference value :  9.69971e-07
 Reference value :  9.69974e-07
 Reference value :  9.69978e-07
 Reference value :  9.69980e-07
 Reference value :  9.69983e-07
 Reference value :  9.69987e-07
 Reference value :  9.69990e-07
 Reference value :  9.70122e-07
 Reference value :  9.70350e-07
 Reference value :  9.70531e-07
 Reference value :  9.70677e-07
 Reference value :  9.70680e-07
 Reference value :  9.70771e-07
 Reference value :  9.71060e-07
 Reference value :  9.71456e-07
 Reference value :  9.71791e-07
 Reference value :  9.72148e-07
 Reference value :  9.72434e-07
 Reference value :  9.72631e-07
 Reference value :  9.72874e-07
 Reference value :  9.73279e-07
 Reference value :  9.73681e-07
 Reference value :  9.74063e-07
 Reference value :  9.74457e-07
 Reference value :  9.74861e-07
 Reference value :  9.75170e-07
 Reference value :  9.75530e-07
 Reference value :  9.75940e-07
 Reference value :  9.76350e-07
 Reference value :  9.76760e-07
 Reference value :  9.77118e-07
 Reference value :  9.77230e-07
 Reference value :  9.77642e-07
 Reference value :  9.78053e-07
 Reference value :  9.78468e-07
 Reference value :  9.78872e-07
 Reference value :  9.79283e-07
 Reference value :  9.79700e-07
 Reference value :  9.80080e-07
 Reference value :  9.80409e-07
 Reference value :  9.80820e-07
 Reference value :  9.81202e-07
 Reference value :  9.81611e-07
 Reference value :  9.82023e-07
 Reference value :  9.82440e-07
 Reference value :  9.82853e-07
 Reference value :  9.83266e-07
 Reference value :  9.83680e-07
 Reference value :  9.84090e-07
 Reference value :  9.84288e-07
 Reference value :  9.84600e-07
 Reference value :  9.85006e-07
 Reference value :  9.85332e-07
 Reference value :  9.85569e-07
 Reference value :  9.85980e-07
 Reference value :  9.86387e-07
 Reference value :  9.86799e-07
 Reference value :  9.87210e-07
 Reference value :  9.87619e-07
 Reference value :  9.88026e-07
 Reference value :  9.88440e-07
 Reference value :  9.88802e-07
 Reference value :  9.89189e-07
 Reference value :  9.89421e-07
 Reference value :  9.89680e-07
 Reference value :  9.89943e-07
 Reference value :  9.90198e-07
 Reference value :  9.90449e-07
 Reference value :  9.90534e-07
 Reference value :  9.90537e-07
 Reference value :  9.90719e-07
 Reference value :  9.90902e-07
 Reference value :  9.91099e-07
 Reference value :  9.91432e-07
 Reference value :  9.91842e-07
 Reference value :  9.92188e-07
 Reference value :  9.92565e-07
 Reference value :  9.92980e-07
 Reference value :  9.93393e-07
 Reference value :  9.93623e-07
 Reference value :  9.93912e-07
 Reference value :  9.94321e-07
 Reference value :  9.94705e-07
 Reference value :  9.95111e-07
 Reference value :  9.95525e-07
 Reference value :  9.95936e-07
 Reference value :  9.96331e-07
 Reference value :  9.96620e-07
 Reference value :  9.97030e-07
 Reference value :  9.97440e-07
 Reference value :  9.97851e-07
 Reference value :  9.98221e-07
 Reference value :  9.98635e-07
 Reference value :  9.99050e-07
 Reference value :  9.99461e-07
 Reference value :  9.99877e-07
 Reference value :  1.00029e-06
 Reference value :  1.00070e-06
 Reference value :  1.00112e-06
 Reference value :  1.00153e-06
 Reference value :  1.00194e-06
 Reference value :  1.00233e-06
 Reference value :  1.00275e-06
 Reference value :  1.00316e-06
 Reference value :  1.00358e-06
 Reference value :  1.00399e-06
 Reference value :  1.00440e-06
 Reference value :  1.00476e-06
 Reference value :  1.00498e-06
 Reference value :  1.00537e-06
 Reference value :  1.00578e-06
 Reference value :  1.00620e-06
 Reference value :  1.00661e-06
 Reference value :  1.00702e-06
 Reference value :  1.00736e-06
 Reference value :  1.00770e-06
 Reference value :  1.00811e-06
 Reference value :  1.00852e-06
 Reference value :  1.00885e-06
 Reference value :  1.00907e-06
 Reference value :  1.00935e-06
 Reference value :  1.00960e-06
 Reference value :  1.00965e-06
 Reference value :  1.00989e-06
 Reference value :  1.01017e-06
 Reference value :  1.01042e-06
 Reference value :  1.01071e-06
 Reference value :  1.01094e-06
 Reference value :  1.01115e-06
 Reference value :  1.01138e-06
 Reference value :  1.01163e-06
 Reference value :  1.01190e-06
 Reference value :  1.01213e-06
 Reference value :  1.01240e-06
 Reference value :  1.01266e-06
 Reference value :  1.01307e-06
 Reference value :  1.01348e-06
 Reference value :  1.01390e-06
 Reference value :  1.01431e-06
 Reference value :  1.01472e-06
 Reference value :  1.01513e-06
 Reference value :  1.01543e-06
 Reference value :  1.01581e-06
 Reference value :  1.01602e-06
 Reference value :  1.01617e-06
 Reference value :  1.01637e-06
 Reference value :  1.01676e-06
 Reference value :  1.01690e-06
 Reference value :  1.01724e-06
 Reference value :  1.01757e-06
 Reference value :  1.01794e-06
 Reference value :  1.01834e-06
 Reference value :  1.01874e-06
 Reference value :  1.01915e-06
 Reference value :  1.01944e-06
 Reference value :  1.01970e-06
 Reference value :  1.01986e-06
 Reference value :  1.02019e-06
 Reference value :  1.02059e-06
 Reference value :  1.02099e-06
 Reference value :  1.02140e-06
 Reference value :  1.02181e-06
 Reference value :  1.02222e-06
 Reference value :  1.02263e-06
 Reference value :  1.02304e-06
 Reference value :  1.02344e-06
 Reference value :  1.02370e-06
 Reference value :  1.02390e-06
 Reference value :  1.02415e-06
 Reference value :  1.02449e-06
 Reference value :  1.02490e-06
 Reference value :  1.02530e-06
 Reference value :  1.02571e-06
 Reference value :  1.02612e-06
 Reference value :  1.02652e-06
 Reference value :  1.02688e-06
 Reference value :  1.02717e-06
 Reference value :  1.02758e-06
 Reference value :  1.02798e-06
 Reference value :  1.02830e-06
 Reference value :  1.02853e-06
 Reference value :  1.02875e-06
 Reference value :  1.02909e-06
 Reference value :  1.02930e-06
 Reference value :  1.02958e-06
 Reference value :  1.02998e-06
 Reference value :  1.03039e-06
 Reference value :  1.03079e-06
 Reference value :  1.03120e-06
 Reference value :  1.03161e-06
 Reference value :  1.03195e-06
 Reference value :  1.03218e-06
 Reference value :  1.03220e-06
 Reference value :  1.03252e-06
 Reference value :  1.03293e-06
 Reference value :  1.03333e-06
 Reference value :  1.03374e-06
 Reference value :  1.03415e-06
 Reference value :  1.03456e-06
 Reference value :  1.03481e-06
 Reference value :  1.03506e-06
 Reference value :  1.03518e-06
 Reference value :  1.03529e-06
 Reference value :  1.03539e-06
 Reference value :  1.03539e-06
 Reference value :  1.03548e-06
 Reference value :  1.03577e-06
 Reference value :  1.03602e-06
 Reference value :  1.03629e-06
 Reference value :  1.03646e-06
 Reference value :  1.03656e-06
 Reference value :  1.03686e-06
 Reference value :  1.03726e-06
 Reference value :  1.03766e-06
 Reference value :  1.03796e-06
 Reference value :  1.03832e-06
 Reference value :  1.03867e-06
 Reference value :  1.03905e-06
 Reference value :  1.03942e-06
 Reference value :  1.03962e-06
 Reference value :  1.03991e-06
 Reference value :  1.04024e-06
 Reference value :  1.04042e-06
 Reference value :  1.04054e-06
 Reference value :  1.04076e-06
 Reference value :  1.04104e-06
 Reference value :  1.04133e-06
 Reference value :  1.04159e-06
 Reference value :  1.04181e-06
 Reference value :  1.04203e-06
 Reference value :  1.04240e-06
 Reference value :  1.04265e-06
 Reference value :  1.04287e-06
 Reference value :  1.04304e-06
 Reference value :  1.04319e-06
 Reference value :  1.04336e-06
 Reference value :  1.04358e-06
 Reference value :  1.04383e-06
 Reference value :  1.04409e-06
 Reference value :  1.04431e-06
 Reference value :  1.04453e-06
 Reference value :  1.04473e-06
 Reference value :  1.04493e-06
 Reference value :  1.04515e-06
 Reference value :  1.04515e-06
 Reference value :  1.04515e-06
 Reference value :  1.04515e-06
 Reference value :  1.04516e-06
 Reference value :  1.04516e-06
 Reference value :  1.04516e-06
 Reference value :  1.04534e-06
 Reference value :  1.04555e-06
 Reference value :  1.04578e-06
 Reference value :  1.04597e-06
 Reference value :  1.04616e-06
 Reference value :  1.04634e-06
 Reference value :  1.04654e-06
 Reference value :  1.04670e-06
 Reference value :  1.04691e-06
 Reference value :  1.04692e-06
 Reference value :  1.04693e-06
 Reference value :  1.04695e-06
 Reference value :  1.04710e-06
 Reference value :  1.04747e-06
 Reference value :  1.04785e-06
 Reference value :  1.04823e-06
 Reference value :  1.04858e-06
 Reference value :  1.04894e-06
 Reference value :  1.04933e-06
 Reference value :  1.04974e-06
 Reference value :  1.05014e-06
 Reference value :  1.05054e-06
 Reference value :  1.05095e-06
 Reference value :  1.05137e-06
 Reference value :  1.05178e-06
 Reference value :  1.05219e-06
 Reference value :  1.05260e-06
 Reference value :  1.05299e-06
 Reference value :  1.05339e-06
 Reference value :  1.05380e-06
 Reference value :  1.05421e-06
 Reference value :  1.05462e-06
 Reference value :  1.05503e-06
 Reference value :  1.05515e-06
 Reference value :  1.05555e-06
 Reference value :  1.05595e-06
 Reference value :  1.05636e-06
 Reference value :  1.05677e-06
 Reference value :  1.05718e-06
 Reference value :  1.05759e-06
 Reference value :  1.05800e-06
 Reference value :  1.05839e-06
 Reference value :  1.05878e-06
 Reference value :  1.05918e-06
 Reference value :  1.05950e-06
 Reference value :  1.05986e-06
 Reference value :  1.06008e-06
 Reference value :  1.06023e-06
 Reference value :  1.06045e-06
 Reference value :  1.06071e-06
 Reference value :  1.06099e-06
 Reference value :  1.06125e-06
 Reference value :  1.06150e-06
 Reference value :  1.06172e-06
 Reference value :  1.06198e-06
 Reference value :  1.06223e-06
 Reference value :  1.06260e-06
 Reference value :  1.06301e-06
 Reference value :  1.06342e-06
 Reference value :  1.06383e-06
 Reference value :  1.06424e-06
 Reference value :  1.06465e-06
 Reference value :  1.06506e-06
 Reference value :  1.06547e-06
 Reference value :  1.06588e-06
 Reference value :  1.06629e-06
 Reference value :  1.06670e-06
 Reference value :  1.06709e-06
 Reference value :  1.06749e-06
 Reference value :  1.06791e-06
 Reference value :  1.06829e-06
 Reference value :  1.06868e-06
 Reference value :  1.06897e-06
 Reference value :  1.06938e-06
 Reference value :  1.06978e-06
 Reference value :  1.07019e-06
 Reference value :  1.07060e-06
 Reference value :  1.07102e-06
 Reference value :  1.07143e-06
 Reference value :  1.07184e-06
 Reference value :  1.07224e-06
 Reference value :  1.07265e-06
 Reference value :  1.07306e-06
 Reference value :  1.07347e-06
 Reference value :  1.07388e-06
 Reference value :  1.07429e-06
 Reference value :  1.07471e-06
 Reference value :  1.07512e-06
 Reference value :  1.07553e-06
 Reference value :  1.07593e-06
 Reference value :  1.07628e-06
 Reference value :  1.07669e-06
 Reference value :  1.07710e-06
 Reference value :  1.07752e-06
 Reference value :  1.07793e-06
 Reference value :  1.07834e-06
 Reference value :  1.07871e-06
 Reference value :  1.07910e-06
 Reference value :  1.07951e-06
 Reference value :  1.07992e-06
 Reference value :  1.08033e-06
 Reference value :  1.08074e-06
 Reference value :  1.08115e-06
 Reference value :  1.08155e-06
 Reference value :  1.08196e-06
 Reference value :  1.08237e-06
 Reference value :  1.08278e-06
 Reference value :  1.08309e-06
 Reference value :  1.08347e-06
 Reference value :  1.08388e-06
 Reference value :  1.08417e-06
 Reference value :  1.08455e-06
 Reference value :  1.08496e-06
 Reference value :  1.08537e-06
 Reference value :  1.08578e-06
 Reference value :  1.08613e-06
 Reference value :  1.08621e-06
 Reference value :  1.08662e-06
 Reference value :  1.08699e-06
 Reference value :  1.08740e-06
 Reference value :  1.08781e-06
 Reference value :  1.08822e-06
 Reference value :  1.08863e-06
 Reference value :  1.08904e-06
 Reference value :  1.08936e-06
 Reference value :  1.08962e-06
 Reference value :  1.08987e-06
 Reference value :  1.09011e-06
 Reference value :  1.09039e-06
 Reference value :  1.09065e-06
 Reference value :  1.09092e-06
 Reference value :  1.09118e-06
 Reference value :  1.09139e-06
 Reference value :  1.09161e-06
 Reference value :  1.09179e-06
 Reference value :  1.09207e-06
 Reference value :  1.09229e-06
 Reference value :  1.09255e-06
 Reference value :  1.09279e-06
 Reference value :  1.09299e-06
 Reference value :  1.09318e-06
 Reference value :  1.09358e-06
 Reference value :  1.09398e-06
 Reference value :  1.09439e-06
 Reference value :  1.09480e-06
 Reference value :  1.09517e-06
 Reference value :  1.09537e-06
 Reference value :  1.09574e-06
 Reference value :  1.09615e-06
 Reference value :  1.09656e-06
 Reference value :  1.09694e-06
 Reference value :  1.09735e-06
 Reference value :  1.09772e-06
 Reference value :  1.09812e-06
 Reference value :  1.09853e-06
 Reference value :  1.09894e-06
 Reference value :  1.09935e-06
 Reference value :  1.09976e-06
 Reference value :  1.10017e-06
 Reference value :  1.10058e-06
 Reference value :  1.10099e-06
 Reference value :  1.10139e-06
 Reference value :  1.10180e-06
 Reference value :  1.10221e-06
 Reference value :  1.10261e-06
 Reference value :  1.10302e-06
 Reference value :  1.10343e-06
 Reference value :  1.10384e-06
 Reference value :  1.10425e-06
 Reference value :  1.10460e-06
 Reference value :  1.10481e-06
 Reference value :  1.10507e-06
 Reference value :  1.10528e-06
 Reference value :  1.10548e-06
 Reference value :  1.10576e-06
 Reference value :  1.10603e-06
 Reference value :  1.10627e-06
 Reference value :  1.10654e-06
 Reference value :  1.10687e-06
 Reference value :  1.10728e-06
 Reference value :  1.10753e-06
 Reference value :  1.10786e-06
 Reference value :  1.10827e-06
 Reference value :  1.10855e-06
 Reference value :  1.10880e-06
 Reference value :  1.10907e-06
 Reference value :  1.10938e-06
 Reference value :  1.10966e-06
 Reference value :  1.10996e-06
 Reference value :  1.11029e-06
 Reference value :  1.11054e-06
 Reference value :  1.11080e-06
 Reference value :  1.11103e-06
 Reference value :  1.11128e-06
 Reference value :  1.11154e-06
 Reference value :  1.11175e-06
 Reference value :  1.11192e-06
 Reference value :  1.11232e-06
 Reference value :  1.11273e-06
 Reference value :  1.11314e-06
 Reference value :  1.11353e-06
 Reference value :  1.11392e-06
 Reference value :  1.11433e-06
 Reference value :  1.11473e-06
 Reference value :  1.11514e-06
 Reference value :  1.11555e-06
 Reference value :  1.11592e-06
 Reference value :  1.11632e-06
 Reference value :  1.11672e-06
 Reference value :  1.11713e-06
 Reference value :  1.11754e-06
 Reference value :  1.11793e-06
 Reference value :  1.11834e-06
 Reference value :  1.11875e-06
 Reference value :  1.11916e-06
 Reference value :  1.11957e-06
 Reference value :  1.11979e-06
 Reference value :  1.12019e-06
 Reference value :  1.12060e-06
 Reference value :  1.12100e-06
 Reference value :  1.12141e-06
 Reference value :  1.12183e-06
 Reference value :  1.12223e-06
 Reference value :  1.12265e-06
 Reference value :  1.12306e-06
 Reference value :  1.12347e-06
 Reference value :  1.12388e-06
 Reference value :  1.12429e-06
 Reference value :  1.12469e-06
 Reference value :  1.12510e-06
 Reference value :  1.12552e-06
 Reference value :  1.12589e-06
 Reference value :  1.12621e-06
 Reference value :  1.12637e-06
 Reference value :  1.12637e-06
 Reference value :  1.12638e-06
 Reference value :  1.12644e-06
 Reference value :  1.12663e-06
 Reference value :  1.12663e-06
 Reference value :  1.12664e-06
 Reference value :  1.12686e-06
 Reference value :  1.12709e-06
 Reference value :  1.12732e-06
 Reference value :  1.12743e-06
 Reference value :  1.12751e-06
 Reference value :  1.12779e-06
 Reference value :  1.12817e-06
 Reference value :  1.12858e-06
 Reference value :  1.12899e-06
 Reference value :  1.12935e-06
 Reference value :  1.12949e-06
 Reference value :  1.12973e-06
 Reference value :  1.13013e-06
 Reference value :  1.13038e-06
 Reference value :  1.13066e-06
 Reference value :  1.13107e-06
 Reference value :  1.13143e-06
 Reference value :  1.13176e-06
 Reference value :  1.13191e-06
 Reference value :  1.13203e-06
 Reference value :  1.13241e-06
 Reference value :  1.13282e-06
 Reference value :  1.13321e-06
 Reference value :  1.13362e-06
 Reference value :  1.13401e-06
 Reference value :  1.13418e-06
 Reference value :  1.13429e-06
 Reference value :  1.13470e-06
 Reference value :  1.13510e-06
 Reference value :  1.13548e-06
 Reference value :  1.13588e-06
 Reference value :  1.13628e-06
 Reference value :  1.13646e-06
 Reference value :  1.13659e-06
 Reference value :  1.13700e-06
 Reference value :  1.13741e-06
 Reference value :  1.13782e-06
 Reference value :  1.13823e-06
 Reference value :  1.13863e-06
 Reference value :  1.13904e-06
 Reference value :  1.13945e-06
 Reference value :  1.13980e-06
 Reference value :  1.14003e-06
 Reference value :  1.14018e-06
 Reference value :  1.14059e-06
 Reference value :  1.14100e-06
 Reference value :  1.14140e-06
 Reference value :  1.14171e-06
 Reference value :  1.14196e-06
 Reference value :  1.14237e-06
 Reference value :  1.14274e-06
 Reference value :  1.14276e-06
 Reference value :  1.14298e-06
 Reference value :  1.14333e-06
 Reference value :  1.14368e-06
 Reference value :  1.14403e-06
 Reference value :  1.14442e-06
 Reference value :  1.14470e-06
 Reference value :  1.14480e-06
 Reference value :  1.14517e-06
 Reference value :  1.14557e-06
 Reference value :  1.14598e-06
 Reference value :  1.14639e-06
 Reference value :  1.14679e-06
 Reference value :  1.14716e-06
 Reference value :  1.14749e-06
 Reference value :  1.14771e-06
 Reference value :  1.14776e-06
 Reference value :  1.14802e-06
 Reference value :  1.14843e-06
 Reference value :  1.14884e-06
 Reference value :  1.14925e-06
 Reference value :  1.14966e-06
 Reference value :  1.15004e-06
 Reference value :  1.15045e-06
 Reference value :  1.15086e-06
 Reference value :  1.15127e-06
 Reference value :  1.15164e-06
 Reference value :  1.15196e-06
 Reference value :  1.15234e-06
 Reference value :  1.15275e-06
 Reference value :  1.15303e-06
 Reference value :  1.15328e-06
 Reference value :  1.15352e-06
 Reference value :  1.15380e-06
 Reference value :  1.15407e-06
 Reference value :  1.15436e-06
 Reference value :  1.15462e-06
 Reference value :  1.15488e-06
 Reference value :  1.15511e-06
 Reference value :  1.15539e-06
 Reference value :  1.15566e-06
 Reference value :  1.15590e-06
 Reference value :  1.15612e-06
 Reference value :  1.15653e-06
 Reference value :  1.15695e-06
 Reference value :  1.15735e-06
 Reference value :  1.15777e-06
 Reference value :  1.15788e-06
 Reference value :  1.15829e-06
 Reference value :  1.15853e-06
 Reference value :  1.15894e-06
 Reference value :  1.15935e-06
 Reference value :  1.15976e-06
 Reference value :  1.16017e-06
 Reference value :  1.16054e-06
 Reference value :  1.16095e-06
 Reference value :  1.16136e-06
 Reference value :  1.16177e-06
 Reference value :  1.16218e-06
 Reference value :  1.16257e-06
 Reference value :  1.16294e-06
 Reference value :  1.16329e-06
 Reference value :  1.16362e-06
 Reference value :  1.16404e-06
 Reference value :  1.16431e-06
 Reference value :  1.16472e-06
 Reference value :  1.16511e-06
 Reference value :  1.16552e-06
 Reference value :  1.16593e-06
 Reference value :  1.16634e-06
 Reference value :  1.16675e-06
 Reference value :  1.16716e-06
 Reference value :  1.16758e-06
 Reference value :  1.16799e-06
 Reference value :  1.16840e-06
 Reference value :  1.16881e-06
 Reference value :  1.16923e-06
 Reference value :  1.16964e-06
 Reference value :  1.17004e-06
 Reference value :  1.17045e-06
 Reference value :  1.17086e-06
 Reference value :  1.17127e-06
 Reference value :  1.17168e-06
 Reference value :  1.17208e-06
 Reference value :  1.17249e-06
 Reference value :  1.17290e-06
 Reference value :  1.17331e-06
 Reference value :  1.17372e-06
 Reference value :  1.17413e-06
 Reference value :  1.17445e-06
 Reference value :  1.17482e-06
 Reference value :  1.17523e-06
 Reference value :  1.17564e-06
 Reference value :  1.17605e-06
 Reference value :  1.17646e-06
 Reference value :  1.17687e-06
 Reference value :  1.17727e-06
 Reference value :  1.17765e-06
 Reference value :  1.17806e-06
 Reference value :  1.17848e-06
 Reference value :  1.17889e-06
 Reference value :  1.17930e-06
 Reference value :  1.17970e-06
 Reference value :  1.17985e-06
 Reference value :  1.18026e-06
 Reference value :  1.18053e-06
 Reference value :  1.18077e-06
 Reference value :  1.18107e-06
 Reference value :  1.18135e-06
 Reference value :  1.18163e-06
 Reference value :  1.18193e-06
 Reference value :  1.18222e-06
 Reference value :  1.18252e-06
 Reference value :  1.18278e-06
 Reference value :  1.18303e-06
 Reference value :  1.18330e-06
 Reference value :  1.18353e-06
 Reference value :  1.18379e-06
 Reference value :  1.18419e-06
 Reference value :  1.18460e-06
 Reference value :  1.18501e-06
 Reference value :  1.18541e-06
 Reference value :  1.18581e-06
 Reference value :  1.18615e-06
 Reference value :  1.18634e-06
 Reference value :  1.18672e-06
 Reference value :  1.18709e-06
 Reference value :  1.18740e-06
 Reference value :  1.18778e-06
 Reference value :  1.18818e-06
 Reference value :  1.18856e-06
 Reference value :  1.18895e-06
 Reference value :  1.18936e-06
 Reference value :  1.18977e-06
 Reference value :  1.19018e-06
 Reference value :  1.19058e-06
 Reference value :  1.19098e-06
 Reference value :  1.19139e-06
 Reference value :  1.19180e-06
 Reference value :  1.19221e-06
 Reference value :  1.19262e-06
 Reference value :  1.19303e-06
 Reference value :  1.19343e-06
 Reference value :  1.19384e-06
 Reference value :  1.19424e-06
 Reference value :  1.19465e-06
 Reference value :  1.19506e-06
 Reference value :  1.19547e-06
 Reference value :  1.19586e-06
 Reference value :  1.19623e-06
 Reference value :  1.19653e-06
 Reference value :  1.19668e-06
 Reference value :  1.19679e-06
 Reference value :  1.19702e-06
 Reference value :  1.19728e-06
 Reference value :  1.19755e-06
 Reference value :  1.19781e-06
 Reference value :  1.19804e-06
 Reference value :  1.19827e-06
 Reference value :  1.19853e-06
 Reference value :  1.19874e-06
 Reference value :  1.19902e-06
 Reference value :  1.19925e-06
 Reference value :  1.19945e-06
 Reference value :  1.19980e-06
 Reference value :  1.20019e-06
 Reference value :  1.20056e-06
 Reference value :  1.20097e-06
 Reference value :  1.20137e-06
 Reference value :  1.20178e-06
 Reference value :  1.20218e-06
 Reference value :  1.20259e-06
 Reference value :  1.20285e-06
 Reference value :  1.20310e-06
 Reference value :  1.20333e-06
 Reference value :  1.20356e-06
 Reference value :  1.20397e-06
 Reference value :  1.20438e-06
 Reference value :  1.20479e-06
 Reference value :  1.20520e-06
 Reference value :  1.20554e-06
 Reference value :  1.20591e-06
 Reference value :  1.20617e-06
 Reference value :  1.20658e-06
 Reference value :  1.20698e-06
 Reference value :  1.20738e-06
 Reference value :  1.20770e-06
 Reference value :  1.20806e-06
 Reference value :  1.20847e-06
 Reference value :  1.20864e-06
 Reference value :  1.20893e-06
 Reference value :  1.20934e-06
 Reference value :  1.20970e-06
 Reference value :  1.21010e-06
 Reference value :  1.21051e-06
 Reference value :  1.21092e-06
 Reference value :  1.21133e-06
 Reference value :  1.21174e-06
 Reference value :  1.21216e-06
 Reference value :  1.21257e-06
 Reference value :  1.21298e-06
 Reference value :  1.21339e-06
 Reference value :  1.21381e-06
 Reference value :  1.21421e-06
 Reference value :  1.21463e-06
 Reference value :  1.21504e-06
 Reference value :  1.21543e-06
 Reference value :  1.21577e-06
 Reference value :  1.21596e-06
 Reference value :  1.21637e-06
 Reference value :  1.21673e-06
 Reference value :  1.21702e-06
 Reference value :  1.21726e-06
 Reference value :  1.21751e-06
 Reference value :  1.21770e-06
 Reference value :  1.21797e-06
 Reference value :  1.21822e-06
 Reference value :  1.21847e-06
 Reference value :  1.21874e-06
 Reference value :  1.21897e-06
 Reference value :  1.21915e-06
 Reference value :  1.21937e-06
 Reference value :  1.21978e-06
 Reference value :  1.22017e-06
 Reference value :  1.22055e-06
 Reference value :  1.22097e-06
 Reference value :  1.22138e-06
 Reference value :  1.22179e-06
 Reference value :  1.22212e-06
 Reference value :  1.22235e-06
 Reference value :  1.22272e-06
 Reference value :  1.22312e-06
 Reference value :  1.22352e-06
 Reference value :  1.22393e-06
 Reference value :  1.22434e-06
 Reference value :  1.22475e-06
 Reference value :  1.22517e-06
 Reference value :  1.22557e-06
 Reference value :  1.22598e-06
 Reference value :  1.22640e-06
 Reference value :  1.22681e-06
 Reference value :  1.22722e-06
 Reference value :  1.22763e-06
 Reference value :  1.22803e-06
 Reference value :  1.22830e-06
 Reference value :  1.22865e-06
 Reference value :  1.22879e-06
 Reference value :  1.22917e-06
 Reference value :  1.22951e-06
 Reference value :  1.22985e-06
 Reference value :  1.23023e-06
 Reference value :  1.23037e-06
 Reference value :  1.23057e-06
 Reference value :  1.23096e-06
 Reference value :  1.23135e-06
 Reference value :  1.23175e-06
 Reference value :  1.23215e-06
 Reference value :  1.23257e-06
 Reference value :  1.23298e-06
 Reference value :  1.23339e-06
 Reference value :  1.23381e-06
 Reference value :  1.23422e-06
 Reference value :  1.23463e-06
 Reference value :  1.23504e-06
 Reference value :  1.23545e-06
 Reference value :  1.23587e-06
 Reference value :  1.23627e-06
 Reference value :  1.23668e-06
 Reference value :  1.23709e-06
 Reference value :  1.23751e-06
 Reference value :  1.23774e-06
 Reference value :  1.23816e-06
 Reference value :  1.23857e-06
 Reference value :  1.23898e-06
 Reference value :  1.23939e-06
 Reference value :  1.23980e-06
 Reference value :  1.24008e-06
 Reference value :  1.24048e-06
 Reference value :  1.24088e-06
 Reference value :  1.24130e-06
 Reference value :  1.24171e-06
 Reference value :  1.24210e-06
 Reference value :  1.24251e-06
 Reference value :  1.24292e-06
 Reference value :  1.24329e-06
 Reference value :  1.24371e-06
 Reference value :  1.24411e-06
 Reference value :  1.24453e-06
 Reference value :  1.24494e-06
 Reference value :  1.24535e-06
 Reference value :  1.24576e-06
 Reference value :  1.24617e-06
 Reference value :  1.24659e-06
 Reference value :  1.24700e-06
 Reference value :  1.24727e-06
 Reference value :  1.24767e-06
 Reference value :  1.24808e-06
 Reference value :  1.24846e-06
 Reference value :  1.24887e-06
 Reference value :  1.24927e-06
 Reference value :  1.24968e-06
 Reference value :  1.25009e-06
 Reference value :  1.25049e-06
 Reference value :  1.25076e-06
 Reference value :  1.25116e-06
 Reference value :  1.25155e-06
 Reference value :  1.25195e-06
 Reference value :  1.25207e-06
 Reference value :  1.25232e-06
 Reference value :  1.25272e-06
 Reference value :  1.25313e-06
 Reference value :  1.25338e-06
 Reference value :  1.25357e-06
 Reference value :  1.25379e-06
 Reference value :  1.25404e-06
 Reference value :  1.25430e-06
 Reference value :  1.25457e-06
 Reference value :  1.25484e-06
 Reference value :  1.25507e-06
 Reference value :  1.25534e-06
 Reference value :  1.25569e-06
 Reference value :  1.25590e-06
 Reference value :  1.25615e-06
 Reference value :  1.25639e-06
 Reference value :  1.25657e-06
 Reference value :  1.25680e-06
 Reference value :  1.25703e-06
 Reference value :  1.25729e-06
 Reference value :  1.25752e-06
 Reference value :  1.25772e-06
 Reference value :  1.25795e-06
 Reference value :  1.25817e-06
 Reference value :  1.25839e-06
 Reference value :  1.25860e-06
 Reference value :  1.25882e-06
 Reference value :  1.25903e-06
 Reference value :  1.25911e-06
 Reference value :  1.25911e-06
 Reference value :  1.25916e-06
 Reference value :  1.25938e-06
 Reference value :  1.25960e-06
 Reference value :  1.25979e-06
 Reference value :  1.26002e-06
 Reference value :  1.26022e-06
 Reference value :  1.26044e-06
 Reference value :  1.26062e-06
 Reference value :  1.26085e-06
 Reference value :  1.26099e-06
 Reference value :  1.26119e-06
 Reference value :  1.26138e-06
 Reference value :  1.26139e-06
 Reference value :  1.26157e-06
 Reference value :  1.26169e-06
 Reference value :  1.26187e-06
 Reference value :  1.26209e-06
 Reference value :  1.26231e-06
 Reference value :  1.26250e-06
 Reference value :  1.26261e-06
 Reference value :  1.26278e-06
 Reference value :  1.26298e-06
 Reference value :  1.26320e-06
 Reference value :  1.26360e-06
 Reference value :  1.26384e-06
 Reference value :  1.26419e-06
 Reference value :  1.26440e-06
 Reference value :  1.26470e-06
 Reference value :  1.26509e-06
 Reference value :  1.26542e-06
 Reference value :  1.26577e-06
 Reference value :  1.26614e-06
 Reference value :  1.26637e-06
 Reference value :  1.26677e-06
 Reference value :  1.26717e-06
 Reference value :  1.26758e-06
 Reference value :  1.26799e-06
 Reference value :  1.26839e-06
 Reference value :  1.26880e-06
 Reference value :  1.26921e-06
 Reference value :  1.26960e-06
 Reference value :  1.27001e-06
 Reference value :  1.27041e-06
 Reference value :  1.27082e-06
 Reference value :  1.27122e-06
 Reference value :  1.27163e-06
 Reference value :  1.27203e-06
 Reference value :  1.27244e-06
 Reference value :  1.27285e-06
 Reference value :  1.27314e-06
 Reference value :  1.27350e-06
 Reference value :  1.27390e-06
 Reference value :  1.27431e-06
 Reference value :  1.27472e-06
 Reference value :  1.27513e-06
 Reference value :  1.27554e-06
 Reference value :  1.27595e-06
 Reference value :  1.27636e-06
 Reference value :  1.27676e-06
 Reference value :  1.27716e-06
 Reference value :  1.27757e-06
 Reference value :  1.27791e-06
 Reference value :  1.27821e-06
 Reference value :  1.27834e-06
 Reference value :  1.27874e-06
 Reference value :  1.27912e-06
 Reference value :  1.27952e-06
 Reference value :  1.27993e-06
 Reference value :  1.28034e-06
 Reference value :  1.28074e-06
 Reference value :  1.28084e-06
 Reference value :  1.28116e-06
 Reference value :  1.28156e-06
 Reference value :  1.28178e-06
 Reference value :  1.28199e-06
 Reference value :  1.28225e-06
 Reference value :  1.28250e-06
 Reference value :  1.28278e-06
 Reference value :  1.28301e-06
 Reference value :  1.28329e-06
 Reference value :  1.28350e-06
 Reference value :  1.28387e-06
 Reference value :  1.28412e-06
 Reference value :  1.28433e-06
 Reference value :  1.28457e-06
 Reference value :  1.28480e-06
 Reference value :  1.28502e-06
 Reference value :  1.28528e-06
 Reference value :  1.28549e-06
 Reference value :  1.28578e-06
 Reference value :  1.28601e-06
 Reference value :  1.28620e-06
 Reference value :  1.28640e-06
 Reference value :  1.28659e-06
 Reference value :  1.28683e-06
 Reference value :  1.28687e-06
 Reference value :  1.28687e-06
 Reference value :  1.28687e-06
 Reference value :  1.28687e-06
 Reference value :  1.28688e-06
 Reference value :  1.28688e-06
 Reference value :  1.28688e-06
 Reference value :  1.28689e-06
 Reference value :  1.28689e-06
 Reference value :  1.28702e-06
 Reference value :  1.28723e-06
 Reference value :  1.28738e-06
 Reference value :  1.28757e-06
 Reference value :  1.28771e-06
 Reference value :  1.28793e-06
 Reference value :  1.28815e-06
 Reference value :  1.28833e-06
 Reference value :  1.28854e-06
 Reference value :  1.28893e-06
 Reference value :  1.28934e-06
 Reference value :  1.28971e-06
 Reference value :  1.29010e-06
 Reference value :  1.29045e-06
 Reference value :  1.29081e-06
 Reference value :  1.29102e-06
 Reference value :  1.29131e-06
 Reference value :  1.29172e-06
 Reference value :  1.29213e-06
 Reference value :  1.29240e-06
 Reference value :  1.29281e-06
 Reference value :  1.29322e-06
 Reference value :  1.29353e-06
 Reference value :  1.29373e-06
 Reference value :  1.29395e-06
 Reference value :  1.29420e-06
 Reference value :  1.29448e-06
 Reference value :  1.29473e-06
 Reference value :  1.29500e-06
 Reference value :  1.29529e-06
 Reference value :  1.29553e-06
 Reference value :  1.29576e-06
 Reference value :  1.29595e-06
 Reference value :  1.29613e-06
 Reference value :  1.29637e-06
 Reference value :  1.29663e-06
 Reference value :  1.29686e-06
 Reference value :  1.29705e-06
 Reference value :  1.29743e-06
 Reference value :  1.29784e-06
 Reference value :  1.29826e-06
 Reference value :  1.29867e-06
 Reference value :  1.29907e-06
 Reference value :  1.29922e-06
 Reference value :  1.29958e-06
 Reference value :  1.29996e-06
 Reference value :  1.30032e-06
 Reference value :  1.30054e-06
 Reference value :  1.30095e-06
 Reference value :  1.30136e-06
 Reference value :  1.30177e-06
 Reference value :  1.30218e-06
 Reference value :  1.30259e-06
 Reference value :  1.30300e-06
 Reference value :  1.30339e-06
 Reference value :  1.30380e-06
 Reference value :  1.30418e-06
 Reference value :  1.30459e-06
 Reference value :  1.30500e-06
 Reference value :  1.30541e-06
 Reference value :  1.30582e-06
 Reference value :  1.30623e-06
 Reference value :  1.30664e-06
 Reference value :  1.30705e-06
 Reference value :  1.30745e-06
 Reference value :  1.30775e-06
 Reference value :  1.30816e-06
 Reference value :  1.30857e-06
 Reference value :  1.30898e-06
 Reference value :  1.30939e-06
 Reference value :  1.30976e-06
 Reference value :  1.31018e-06
 Reference value :  1.31059e-06
 Reference value :  1.31099e-06
 Reference value :  1.31140e-06
 Reference value :  1.31181e-06
 Reference value :  1.31219e-06
 Reference value :  1.31260e-06
 Reference value :  1.31302e-06
 Reference value :  1.31339e-06
 Reference value :  1.31380e-06
 Reference value :  1.31421e-06
 Reference value :  1.31462e-06
 Reference value :  1.31503e-06
 Reference value :  1.31544e-06
 Reference value :  1.31574e-06
 Reference value :  1.31609e-06
 Reference value :  1.31649e-06
 Reference value :  1.31689e-06
 Reference value :  1.31730e-06
 Reference value :  1.31770e-06
 Reference value :  1.31811e-06
 Reference value :  1.31852e-06
 Reference value :  1.31893e-06
 Reference value :  1.31934e-06
 Reference value :  1.31975e-06
 Reference value :  1.32016e-06
 Reference value :  1.32057e-06
 Reference value :  1.32098e-06
 Reference value :  1.32139e-06
 Reference value :  1.32180e-06
 Reference value :  1.32218e-06
 Reference value :  1.32259e-06
 Reference value :  1.32301e-06
 Reference value :  1.32338e-06
 Reference value :  1.32379e-06
 Reference value :  1.32410e-06
 Reference value :  1.32445e-06
 Reference value :  1.32486e-06
 Reference value :  1.32527e-06
 Reference value :  1.32567e-06
 Reference value :  1.32608e-06
 Reference value :  1.32650e-06
 Reference value :  1.32690e-06
 Reference value :  1.32731e-06
 Reference value :  1.32773e-06
 Reference value :  1.32814e-06
 Reference value :  1.32854e-06
 Reference value :  1.32896e-06
 Reference value :  1.32936e-06
 Reference value :  1.32977e-06
 Reference value :  1.33018e-06
 Reference value :  1.33052e-06
 Reference value :  1.33068e-06
 Reference value :  1.33075e-06
 Reference value :  1.33099e-06
 Reference value :  1.33125e-06
 Reference value :  1.33149e-06
 Reference value :  1.33169e-06
 Reference value :  1.33197e-06
 Reference value :  1.33219e-06
 Reference value :  1.33248e-06
 Reference value :  1.33267e-06
 Reference value :  1.33290e-06
 Reference value :  1.33313e-06
 Reference value :  1.33341e-06
 Reference value :  1.33375e-06
 Reference value :  1.33413e-06
 Reference value :  1.33454e-06
 Reference value :  1.33495e-06
 Reference value :  1.33536e-06
 Reference value :  1.33577e-06
 Reference value :  1.33602e-06
 Reference value :  1.33643e-06
 Reference value :  1.33684e-06
 Reference value :  1.33724e-06
 Reference value :  1.33765e-06
 Reference value :  1.33806e-06
 Reference value :  1.33847e-06
 Reference value :  1.33888e-06
 Reference value :  1.33929e-06
 Reference value :  1.33970e-06
 Reference value :  1.34011e-06
 Reference value :  1.34052e-06
 Reference value :  1.34093e-06
 Reference value :  1.34134e-06
 Reference value :  1.34175e-06
 Reference value :  1.34216e-06
 Reference value :  1.34257e-06
 Reference value :  1.34298e-06
 Reference value :  1.34339e-06
 Reference value :  1.34380e-06
 Reference value :  1.34421e-06
 Reference value :  1.34462e-06
 Reference value :  1.34503e-06
 Reference value :  1.34544e-06
 Reference value :  1.34585e-06
 Reference value :  1.34626e-06
 Reference value :  1.34658e-06
 Reference value :  1.34692e-06
 Reference value :  1.34733e-06
 Reference value :  1.34774e-06
 Reference value :  1.34797e-06
 Reference value :  1.34819e-06
 Reference value :  1.34846e-06
 Reference value :  1.34871e-06
 Reference value :  1.34899e-06
 Reference value :  1.34928e-06
 Reference value :  1.34955e-06
 Reference value :  1.34973e-06
 Reference value :  1.34990e-06
 Reference value :  1.35016e-06
 Reference value :  1.35041e-06
 Reference value :  1.35066e-06
 Reference value :  1.35086e-06
 Reference value :  1.35109e-06
 Reference value :  1.35147e-06
 Reference value :  1.35186e-06
 Reference value :  1.35227e-06
 Reference value :  1.35261e-06
 Reference value :  1.35296e-06
 Reference value :  1.35335e-06
 Reference value :  1.35376e-06
 Reference value :  1.35417e-06
 Reference value :  1.35459e-06
 Reference value :  1.35496e-06
 Reference value :  1.35517e-06
 Reference value :  1.35539e-06
 Reference value :  1.35564e-06
 Reference value :  1.35604e-06
 Reference value :  1.35643e-06
 Reference value :  1.35684e-06
 Reference value :  1.35725e-06
 Reference value :  1.35765e-06
 Reference value :  1.35806e-06
 Reference value :  1.35847e-06
 Reference value :  1.35888e-06
 Reference value :  1.35919e-06
 Reference value :  1.35958e-06
 Reference value :  1.35998e-06
 Reference value :  1.36035e-06
 Reference value :  1.36076e-06
 Reference value :  1.36117e-06
 Reference value :  1.36158e-06
 Reference value :  1.36199e-06
 Reference value :  1.36240e-06
 Reference value :  1.36281e-06
 Reference value :  1.36322e-06
 Reference value :  1.36363e-06
 Reference value :  1.36404e-06
 Reference value :  1.36445e-06
 Reference value :  1.36486e-06
 Reference value :  1.36527e-06
 Reference value :  1.36566e-06
 Reference value :  1.36605e-06
 Reference value :  1.36645e-06
 Reference value :  1.36660e-06
 Reference value :  1.36701e-06
 Reference value :  1.36742e-06
 Reference value :  1.36781e-06
 Reference value :  1.36816e-06
 Reference value :  1.36850e-06
 Reference value :  1.36890e-06
 Reference value :  1.36916e-06
 Reference value :  1.36932e-06
 Reference value :  1.36961e-06
 Reference value :  1.36989e-06
 Reference value :  1.37012e-06
 Reference value :  1.37041e-06
 Reference value :  1.37067e-06
 Reference value :  1.37094e-06
 Reference value :  1.37116e-06
 Reference value :  1.37129e-06
 Reference value :  1.37157e-06
 Reference value :  1.37180e-06
 Reference value :  1.37204e-06
 Reference value :  1.37229e-06
 Reference value :  1.37270e-06
 Reference value :  1.37312e-06
 Reference value :  1.37353e-06
 Reference value :  1.37393e-06
 Reference value :  1.37428e-06
 Reference value :  1.37463e-06
 Reference value :  1.37504e-06
 Reference value :  1.37546e-06
 Reference value :  1.37575e-06
 Reference value :  1.37599e-06
 Reference value :  1.37622e-06
 Reference value :  1.37658e-06
 Reference value :  1.37697e-06
 Reference value :  1.37738e-06
 Reference value :  1.37748e-06
 Reference value :  1.37789e-06
 Reference value :  1.37831e-06
 Reference value :  1.37872e-06
 Reference value :  1.37913e-06
 Reference value :  1.37954e-06
 Reference value :  1.37992e-06
 Reference value :  1.38014e-06
 Reference value :  1.38038e-06
 Reference value :  1.38065e-06
 Reference value :  1.38106e-06
 Reference value :  1.38147e-06
 Reference value :  1.38188e-06
 Reference value :  1.38229e-06
 Reference value :  1.38270e-06
 Reference value :  1.38311e-06
 Reference value :  1.38344e-06
 Reference value :  1.38369e-06
 Reference value :  1.38396e-06
 Reference value :  1.38405e-06
 Reference value :  1.38429e-06
 Reference value :  1.38460e-06
 Reference value :  1.38486e-06
 Reference value :  1.38516e-06
 Reference value :  1.38540e-06
 Reference value :  1.38565e-06
 Reference value :  1.38591e-06
 Reference value :  1.38606e-06
 Reference value :  1.38622e-06
 Reference value :  1.38657e-06
 Reference value :  1.38695e-06
 Reference value :  1.38725e-06
 Reference value :  1.38766e-06
 Reference value :  1.38807e-06
 Reference value :  1.38849e-06
 Reference value :  1.38888e-06
 Reference value :  1.38929e-06
 Reference value :  1.38971e-06
 Reference value :  1.39011e-06
 Reference value :  1.39053e-06
 Reference value :  1.39083e-06
 Reference value :  1.39122e-06
 Reference value :  1.39163e-06
 Reference value :  1.39199e-06
 Reference value :  1.39235e-06
 Reference value :  1.39276e-06
 Reference value :  1.39317e-06
 Reference value :  1.39358e-06
 Reference value :  1.39399e-06
 Reference value :  1.39439e-06
 Reference value :  1.39480e-06
 Reference value :  1.39521e-06
 Reference value :  1.39553e-06
 Reference value :  1.39591e-06
 Reference value :  1.39632e-06
 Reference value :  1.39673e-06
 Reference value :  1.39714e-06
 Reference value :  1.39754e-06
 Reference value :  1.39795e-06
 Reference value :  1.39833e-06
 Reference value :  1.39874e-06
 Reference value :  1.39915e-06
 Reference value :  1.39956e-06
 Reference value :  1.39996e-06
 Reference value :  1.40037e-06
 Reference value :  1.40078e-06
 Reference value :  1.40119e-06
 Reference value :  1.40158e-06
 Reference value :  1.40199e-06
 Reference value :  1.40239e-06
 Reference value :  1.40280e-06
 Reference value :  1.40321e-06
 Reference value :  1.40362e-06
 Reference value :  1.40402e-06
 Reference value :  1.40443e-06
 Reference value :  1.40484e-06
 Reference value :  1.40525e-06
 Reference value :  1.40566e-06
 Reference value :  1.40605e-06
 Reference value :  1.40644e-06
 Reference value :  1.40684e-06
 Reference value :  1.40725e-06
 Reference value :  1.40766e-06
 Reference value :  1.40807e-06
 Reference value :  1.40848e-06
 Reference value :  1.40889e-06
 Reference value :  1.40929e-06
 Reference value :  1.40970e-06
 Reference value :  1.41010e-06
 Reference value :  1.41051e-06
 Reference value :  1.41090e-06
 Reference value :  1.41131e-06
 Reference value :  1.41172e-06
 Reference value :  1.41210e-06
 Reference value :  1.41241e-06
 Reference value :  1.41281e-06
 Reference value :  1.41322e-06
 Reference value :  1.41363e-06
 Reference value :  1.41402e-06
 Reference value :  1.41439e-06
 Reference value :  1.41478e-06
 Reference value :  1.41502e-06
 Reference value :  1.41520e-06
 Reference value :  1.41548e-06
 Reference value :  1.41575e-06
 Reference value :  1.41602e-06
 Reference value :  1.41631e-06
 Reference value :  1.41659e-06
 Reference value :  1.41686e-06
 Reference value :  1.41712e-06
 Reference value :  1.41740e-06
 Reference value :  1.41759e-06
 Reference value :  1.41782e-06
 Reference value :  1.41819e-06
 Reference value :  1.41860e-06
 Reference value :  1.41891e-06
 Reference value :  1.41926e-06
 Reference value :  1.41967e-06
 Reference value :  1.42007e-06
 Reference value :  1.42048e-06
 Reference value :  1.42089e-06
 Reference value :  1.42127e-06
 Reference value :  1.42168e-06
 Reference value :  1.42194e-06
 Reference value :  1.42234e-06
 Reference value :  1.42275e-06
 Reference value :  1.42316e-06
 Reference value :  1.42357e-06
 Reference value :  1.42398e-06
 Reference value :  1.42439e-06
 Reference value :  1.42480e-06
 Reference value :  1.42520e-06
 Reference value :  1.42561e-06
 Reference value :  1.42602e-06
 Reference value :  1.42643e-06
 Reference value :  1.42684e-06
 Reference value :  1.42725e-06
 Reference value :  1.42766e-06
 Reference value :  1.42807e-06
 Reference value :  1.42848e-06
 Reference value :  1.42889e-06
 Reference value :  1.42930e-06
 Reference value :  1.42971e-06
 Reference value :  1.43012e-06
 Reference value :  1.43052e-06
 Reference value :  1.43093e-06
 Reference value :  1.43134e-06
 Reference value :  1.43175e-06
 Reference value :  1.43216e-06
 Reference value :  1.43247e-06
 Reference value :  1.43272e-06
 Reference value :  1.43297e-06
 Reference value :  1.43322e-06
 Reference value :  1.43350e-06
 Reference value :  1.43377e-06
 Reference value :  1.43407e-06
 Reference value :  1.43426e-06
 Reference value :  1.43452e-06
 Reference value :  1.43478e-06
 Reference value :  1.43504e-06
 Reference value :  1.43522e-06
 Reference value :  1.43547e-06
 Reference value :  1.43587e-06
 Reference value :  1.43625e-06
 Reference value :  1.43666e-06
 Reference value :  1.43707e-06
 Reference value :  1.43748e-06
 Reference value :  1.43789e-06
 Reference value :  1.43829e-06
 Reference value :  1.43870e-06
 Reference value :  1.43910e-06
 Reference value :  1.43937e-06
 Reference value :  1.43974e-06
 Reference value :  1.44015e-06
 Reference value :  1.44055e-06
 Reference value :  1.44096e-06
 Reference value :  1.44137e-06
 Reference value :  1.44178e-06
 Reference value :  1.44211e-06
 Reference value :  1.44248e-06
 Reference value :  1.44288e-06
 Reference value :  1.44327e-06
 Reference value :  1.44364e-06
 Reference value :  1.44405e-06
 Reference value :  1.44446e-06
 Reference value :  1.44487e-06
 Reference value :  1.44528e-06
 Reference value :  1.44569e-06
 Reference value :  1.44609e-06
 Reference value :  1.44650e-06
 Reference value :  1.44691e-06
 Reference value :  1.44732e-06
 Reference value :  1.44773e-06
 Reference value :  1.44814e-06
 Reference value :  1.44849e-06
 Reference value :  1.44889e-06
 Reference value :  1.44929e-06
 Reference value :  1.44953e-06
 Reference value :  1.44991e-06
 Reference value :  1.45032e-06
 Reference value :  1.45071e-06
 Reference value :  1.45111e-06
 Reference value :  1.45122e-06
 Reference value :  1.45143e-06
 Reference value :  1.45171e-06
 Reference value :  1.45210e-06
 Reference value :  1.45251e-06
 Reference value :  1.45276e-06
 Reference value :  1.45301e-06
 Reference value :  1.45320e-06
 Reference value :  1.45347e-06
 Reference value :  1.45376e-06
 Reference value :  1.45403e-06
 Reference value :  1.45427e-06
 Reference value :  1.45449e-06
 Reference value :  1.45484e-06
 Reference value :  1.45506e-06
 Reference value :  1.45527e-06
 Reference value :  1.45547e-06
 Reference value :  1.45567e-06
 Reference value :  1.45582e-06
 Reference value :  1.45607e-06
 Reference value :  1.45630e-06
 Reference value :  1.45653e-06
 Reference value :  1.45675e-06
 Reference value :  1.45698e-06
 Reference value :  1.45717e-06
 Reference value :  1.45717e-06
 Reference value :  1.45717e-06
 Reference value :  1.45717e-06
 Reference value :  1.45731e-06
 Reference value :  1.45731e-06
 Reference value :  1.45732e-06
 Reference value :  1.45733e-06
 Reference value :  1.45753e-06
 Reference value :  1.45764e-06
 Reference value :  1.45765e-06
 Reference value :  1.45773e-06
 Reference value :  1.45785e-06
 Reference value :  1.45796e-06
 Reference value :  1.45797e-06
 Reference value :  1.45798e-06
 Reference value :  1.45799e-06
 Reference value :  1.45805e-06
 Reference value :  1.45816e-06
 Reference value :  1.45824e-06
 Reference value :  1.45842e-06
 Reference value :  1.45867e-06
 Reference value :  1.45901e-06
 Reference value :  1.45922e-06
 Reference value :  1.45957e-06
 Reference value :  1.45997e-06
 Reference value :  1.46039e-06
 Reference value :  1.46073e-06
 Reference value :  1.46107e-06
 Reference value :  1.46146e-06
 Reference value :  1.46187e-06
 Reference value :  1.46229e-06
 Reference value :  1.46271e-06
 Reference value :  1.46312e-06
 Reference value :  1.46353e-06
 Reference value :  1.46394e-06
 Reference value :  1.46436e-06
 Reference value :  1.46478e-06
 Reference value :  1.46515e-06
 Reference value :  1.46557e-06
 Reference value :  1.46599e-06
 Reference value :  1.46638e-06
 Reference value :  1.46680e-06
 Reference value :  1.46718e-06
 Reference value :  1.46759e-06
 Reference value :  1.46801e-06
 Reference value :  1.46843e-06
 Reference value :  1.46870e-06
 Reference value :  1.46903e-06
 Reference value :  1.46940e-06
 Reference value :  1.46972e-06
 Reference value :  1.47014e-06
 Reference value :  1.47055e-06
 Reference value :  1.47097e-06
 Reference value :  1.47128e-06
 Reference value :  1.47152e-06
 Reference value :  1.47171e-06
 Reference value :  1.47198e-06
 Reference value :  1.47231e-06
 Reference value :  1.47272e-06
 Reference value :  1.47313e-06
 Reference value :  1.47354e-06
 Reference value :  1.47396e-06
 Reference value :  1.47437e-06
 Reference value :  1.47475e-06
 Reference value :  1.47516e-06
 Reference value :  1.47558e-06
 Reference value :  1.47599e-06
 Reference value :  1.47640e-06
 Reference value :  1.47681e-06
 Reference value :  1.47723e-06
 Reference value :  1.47764e-06
 Reference value :  1.47804e-06
 Reference value :  1.47845e-06
 Reference value :  1.47883e-06
 Reference value :  1.47924e-06
 Reference value :  1.47965e-06
 Reference value :  1.48006e-06
 Reference value :  1.48047e-06
 Reference value :  1.48088e-06
 Reference value :  1.48129e-06
 Reference value :  1.48170e-06
 Reference value :  1.48212e-06
 Reference value :  1.48253e-06
 Reference value :  1.48294e-06
 Reference value :  1.48336e-06
 Reference value :  1.48369e-06
 Reference value :  1.48408e-06
 Reference value :  1.48424e-06
 Reference value :  1.48453e-06
 Reference value :  1.48487e-06
 Reference value :  1.48528e-06
 Reference value :  1.48568e-06
 Reference value :  1.48609e-06
 Reference value :  1.48649e-06
 Reference value :  1.48690e-06
 Reference value :  1.48730e-06
 Reference value :  1.48771e-06
 Reference value :  1.48808e-06
 Reference value :  1.48849e-06
 Reference value :  1.48890e-06
 Reference value :  1.48928e-06
 Reference value :  1.48969e-06
 Reference value :  1.49009e-06
 Reference value :  1.49046e-06
 Reference value :  1.49084e-06
 Reference value :  1.49125e-06
 Reference value :  1.49166e-06
 Reference value :  1.49206e-06
 Reference value :  1.49246e-06
 Reference value :  1.49287e-06
 Reference value :  1.49328e-06
 Reference value :  1.49365e-06
 Reference value :  1.49396e-06
 Reference value :  1.49437e-06
 Reference value :  1.49478e-06
 Reference value :  1.49519e-06
 Reference value :  1.49547e-06
 Reference value :  1.49586e-06
 Reference value :  1.49627e-06
 Reference value :  1.49662e-06
 Reference value :  1.49675e-06
 Reference value :  1.49716e-06
 Reference value :  1.49755e-06
 Reference value :  1.49795e-06
 Reference value :  1.49836e-06
 Reference value :  1.49877e-06
 Reference value :  1.49918e-06
 Reference value :  1.49958e-06
 Reference value :  1.49998e-06
 Reference value :  1.50039e-06
 Reference value :  1.50080e-06
 Reference value :  1.50121e-06
 Reference value :  1.50161e-06
 Reference value :  1.50201e-06
 Reference value :  1.50242e-06
 Reference value :  1.50280e-06
 Reference value :  1.50321e-06
 Reference value :  1.50359e-06
 Reference value :  1.50400e-06
 Reference value :  1.50440e-06
 Reference value :  1.50481e-06
 Reference value :  1.50522e-06
 Reference value :  1.50563e-06
 Reference value :  1.50603e-06
 Reference value :  1.50624e-06
 Reference value :  1.50638e-06
 Reference value :  1.50657e-06
 Reference value :  1.50679e-06
 Reference value :  1.50704e-06
 Reference value :  1.50732e-06
 Reference value :  1.50761e-06
 Reference value :  1.50791e-06
 Reference value :  1.50813e-06
 Reference value :  1.50834e-06
 Reference value :  1.50863e-06
 Reference value :  1.50887e-06
 Reference value :  1.50913e-06
 Reference value :  1.50939e-06
 Reference value :  1.50956e-06
 Reference value :  1.50980e-06
 Reference value :  1.51020e-06
 Reference value :  1.51062e-06
 Reference value :  1.51103e-06
 Reference value :  1.51143e-06
 Reference value :  1.51183e-06
 Reference value :  1.51222e-06
 Reference value :  1.51263e-06
 Reference value :  1.51304e-06
 Reference value :  1.51345e-06
 Reference value :  1.51370e-06
 Reference value :  1.51402e-06
 Reference value :  1.51443e-06
 Reference value :  1.51484e-06
 Reference value :  1.51523e-06
 Reference value :  1.51553e-06
 Reference value :  1.51593e-06
 Reference value :  1.51635e-06
 Reference value :  1.51648e-06
 Reference value :  1.51677e-06
 Reference value :  1.51716e-06
 Reference value :  1.51747e-06
 Reference value :  1.51783e-06
 Reference value :  1.51823e-06
 Reference value :  1.51843e-06
 Reference value :  1.51862e-06
 Reference value :  1.51901e-06
 Reference value :  1.51942e-06
 Reference value :  1.51982e-06
 Reference value :  1.52023e-06
 Reference value :  1.52064e-06
 Reference value :  1.52103e-06
 Reference value :  1.52142e-06
 Reference value :  1.52183e-06
 Reference value :  1.52222e-06
 Reference value :  1.52261e-06
 Reference value :  1.52301e-06
 Reference value :  1.52341e-06
 Reference value :  1.52382e-06
 Reference value :  1.52423e-06
 Reference value :  1.52464e-06
 Reference value :  1.52505e-06
 Reference value :  1.52546e-06
 Reference value :  1.52587e-06
 Reference value :  1.52628e-06
 Reference value :  1.52669e-06
 Reference value :  1.52709e-06
 Reference value :  1.52748e-06
 Reference value :  1.52788e-06
 Reference value :  1.52829e-06
 Reference value :  1.52870e-06
 Reference value :  1.52911e-06
 Reference value :  1.52952e-06
 Reference value :  1.52992e-06
 Reference value :  1.53033e-06
 Reference value :  1.53074e-06
 Reference value :  1.53115e-06
 Reference value :  1.53156e-06
 Reference value :  1.53196e-06
 Reference value :  1.53237e-06
 Reference value :  1.53278e-06
 Reference value :  1.53319e-06
 Reference value :  1.53360e-06
 Reference value :  1.53400e-06
 Reference value :  1.53441e-06
 Reference value :  1.53482e-06
 Reference value :  1.53522e-06
 Reference value :  1.53563e-06
 Reference value :  1.53600e-06
 Reference value :  1.53618e-06
 Reference value :  1.53635e-06
 Reference value :  1.53641e-06
 Reference value :  1.53670e-06
 Reference value :  1.53697e-06
 Reference value :  1.53729e-06
 Reference value :  1.53761e-06
 Reference value :  1.53791e-06
 Reference value :  1.53808e-06
 Reference value :  1.53835e-06
 Reference value :  1.53861e-06
 Reference value :  1.53887e-06
 Reference value :  1.53907e-06
 Reference value :  1.53935e-06
 Reference value :  1.53976e-06
 Reference value :  1.54017e-06
 Reference value :  1.54058e-06
 Reference value :  1.54099e-06
 Reference value :  1.54140e-06
 Reference value :  1.54181e-06
 Reference value :  1.54222e-06
 Reference value :  1.54261e-06
 Reference value :  1.54303e-06
 Reference value :  1.54344e-06
 Reference value :  1.54385e-06
 Reference value :  1.54427e-06
 Reference value :  1.54467e-06
 Reference value :  1.54508e-06
 Reference value :  1.54548e-06
 Reference value :  1.54583e-06
 Reference value :  1.54624e-06
 Reference value :  1.54666e-06
 Reference value :  1.54700e-06
 Reference value :  1.54725e-06
 Reference value :  1.54766e-06
 Reference value :  1.54807e-06
 Reference value :  1.54848e-06
 Reference value :  1.54889e-06
 Reference value :  1.54930e-06
 Reference value :  1.54971e-06
 Reference value :  1.55000e-06
 Reference value :  1.55034e-06
 Reference value :  1.55075e-06
 Reference value :  1.55115e-06
 Reference value :  1.55156e-06
 Reference value :  1.55197e-06
 Reference value :  1.55238e-06
 Reference value :  1.55279e-06
 Reference value :  1.55320e-06
 Reference value :  1.55359e-06
 Reference value :  1.55398e-06
 Reference value :  1.55435e-06
 Reference value :  1.55447e-06
 Reference value :  1.55489e-06
 Reference value :  1.55530e-06
 Reference value :  1.55571e-06
 Reference value :  1.55612e-06
 Reference value :  1.55653e-06
 Reference value :  1.55694e-06
 Reference value :  1.55735e-06
 Reference value :  1.55774e-06
 Reference value :  1.55815e-06
 Reference value :  1.55856e-06
 Reference value :  1.55897e-06
 Reference value :  1.55938e-06
 Reference value :  1.55979e-06
 Reference value :  1.56021e-06
 Reference value :  1.56062e-06
 Reference value :  1.56103e-06
 Reference value :  1.56144e-06
 Reference value :  1.56183e-06
 Reference value :  1.56212e-06
 Reference value :  1.56246e-06
 Reference value :  1.56286e-06
 Reference value :  1.56327e-06
 Reference value :  1.56361e-06
 Reference value :  1.56396e-06
 Reference value :  1.56436e-06
 Reference value :  1.56477e-06
 Reference value :  1.56518e-06
 Reference value :  1.56560e-06
 Reference value :  1.56601e-06
 Reference value :  1.56642e-06
 Reference value :  1.56683e-06
 Reference value :  1.56724e-06
 Reference value :  1.56761e-06
 Reference value :  1.56796e-06
 Reference value :  1.56837e-06
 Reference value :  1.56876e-06
 Reference value :  1.56917e-06
 Reference value :  1.56933e-06
 Reference value :  1.56972e-06
 Reference value :  1.57013e-06
 Reference value :  1.57055e-06
 Reference value :  1.57096e-06
 Reference value :  1.57137e-06
 Reference value :  1.57178e-06
 Reference value :  1.57220e-06
 Reference value :  1.57261e-06
 Reference value :  1.57302e-06
 Reference value :  1.57343e-06
 Reference value :  1.57384e-06
 Reference value :  1.57425e-06
 Reference value :  1.57467e-06
 Reference value :  1.57498e-06
 Reference value :  1.57539e-06
 Reference value :  1.57580e-06
 Reference value :  1.57617e-06
 Reference value :  1.57647e-06
 Reference value :  1.57689e-06
 Reference value :  1.57729e-06
 Reference value :  1.57771e-06
 Reference value :  1.57812e-06
 Reference value :  1.57851e-06
 Reference value :  1.57892e-06
 Reference value :  1.57934e-06
 Reference value :  1.57975e-06
 Reference value :  1.58013e-06
 Reference value :  1.58053e-06
 Reference value :  1.58095e-06
 Reference value :  1.58135e-06
 Reference value :  1.58175e-06
 Reference value :  1.58212e-06
 Reference value :  1.58253e-06
 Reference value :  1.58291e-06
 Reference value :  1.58332e-06
 Reference value :  1.58373e-06
 Reference value :  1.58414e-06
 Reference value :  1.58455e-06
 Reference value :  1.58496e-06
 Reference value :  1.58537e-06
 Reference value :  1.58578e-06
 Reference value :  1.58620e-06
 Reference value :  1.58658e-06
 Reference value :  1.58689e-06
 Reference value :  1.58730e-06
 Reference value :  1.58771e-06
 Reference value :  1.58812e-06
 Reference value :  1.58849e-06
 Reference value :  1.58881e-06
 Reference value :  1.58923e-06
 Reference value :  1.58964e-06
 Reference value :  1.59005e-06
 Reference value :  1.59046e-06
 Reference value :  1.59076e-06
 Reference value :  1.59095e-06
 Reference value :  1.59122e-06
 Reference value :  1.59151e-06
 Reference value :  1.59175e-06
 Reference value :  1.59202e-06
 Reference value :  1.59231e-06
 Reference value :  1.59257e-06
 Reference value :  1.59287e-06
 Reference value :  1.59306e-06
 Reference value :  1.59327e-06
 Reference value :  1.59365e-06
 Reference value :  1.59406e-06
 Reference value :  1.59447e-06
 Reference value :  1.59489e-06
 Reference value :  1.59530e-06
 Reference value :  1.59545e-06
 Reference value :  1.59585e-06
 Reference value :  1.59627e-06
 Reference value :  1.59667e-06
 Reference value :  1.59708e-06
 Reference value :  1.59750e-06
 Reference value :  1.59791e-06
 Reference value :  1.59832e-06
 Reference value :  1.59873e-06
 Reference value :  1.59914e-06
 Reference value :  1.59956e-06
 Reference value :  1.59997e-06
 Reference value :  1.60038e-06
 Reference value :  1.60080e-06
 Reference value :  1.60121e-06
 Reference value :  1.60162e-06
 Reference value :  1.60203e-06
 Reference value :  1.60244e-06
 Reference value :  1.60284e-06
 Reference value :  1.60323e-06
 Reference value :  1.60364e-06
 Reference value :  1.60405e-06
 Reference value :  1.60446e-06
 Reference value :  1.60486e-06
 Reference value :  1.60523e-06
 Reference value :  1.60565e-06
 Reference value :  1.60606e-06
 Reference value :  1.60647e-06
 Reference value :  1.60689e-06
 Reference value :  1.60730e-06
 Reference value :  1.60771e-06
 Reference value :  1.60812e-06
 Reference value :  1.60854e-06
 Reference value :  1.60892e-06
 Reference value :  1.60933e-06
 Reference value :  1.60974e-06
 Reference value :  1.61011e-06
 Reference value :  1.61030e-06
 Reference value :  1.61069e-06
 Reference value :  1.61110e-06
 Reference value :  1.61150e-06
 Reference value :  1.61180e-06
 Reference value :  1.61220e-06
 Reference value :  1.61261e-06
 Reference value :  1.61302e-06
 Reference value :  1.61343e-06
 Reference value :  1.61383e-06
 Reference value :  1.61424e-06
 Reference value :  1.61462e-06
 Reference value :  1.61503e-06
 Reference value :  1.61543e-06
 Reference value :  1.61583e-06
 Reference value :  1.61624e-06
 Reference value :  1.61666e-06
 Reference value :  1.61704e-06
 Reference value :  1.61746e-06
 Reference value :  1.61787e-06
 Reference value :  1.61826e-06
 Reference value :  1.61867e-06
 Reference value :  1.61908e-06
 Reference value :  1.61949e-06
 Reference value :  1.61991e-06
 Reference value :  1.62032e-06
 Reference value :  1.62073e-06
 Reference value :  1.62115e-06
 Reference value :  1.62154e-06
 Reference value :  1.62195e-06
 Reference value :  1.62232e-06
 Reference value :  1.62273e-06
 Reference value :  1.62315e-06
 Reference value :  1.62356e-06
 Reference value :  1.62397e-06
 Reference value :  1.62438e-06
 Reference value :  1.62479e-06
 Reference value :  1.62520e-06
 Reference value :  1.62562e-06
 Reference value :  1.62603e-06
 Reference value :  1.62644e-06
 Reference value :  1.62685e-06
 Reference value :  1.62726e-06
 Reference value :  1.62763e-06
 Reference value :  1.62788e-06
 Reference value :  1.62818e-06
 Reference value :  1.62859e-06
 Reference value :  1.62901e-06
 Reference value :  1.62940e-06
 Reference value :  1.62981e-06
 Reference value :  1.63023e-06
 Reference value :  1.63063e-06
 Reference value :  1.63103e-06
 Reference value :  1.63144e-06
 Reference value :  1.63185e-06
 Reference value :  1.63227e-06
 Reference value :  1.63268e-06
 Reference value :  1.63309e-06
 Reference value :  1.63351e-06
 Reference value :  1.63392e-06
 Reference value :  1.63433e-06
 Reference value :  1.63475e-06
 Reference value :  1.63508e-06
 Reference value :  1.63543e-06
 Reference value :  1.63584e-06
 Reference value :  1.63625e-06
 Reference value :  1.63666e-06
 Reference value :  1.63701e-06
 Reference value :  1.63735e-06
 Reference value :  1.63770e-06
 Reference value :  1.63790e-06
 Reference value :  1.63814e-06
 Reference value :  1.63842e-06
 Reference value :  1.63848e-06
 Reference value :  1.63872e-06
 Reference value :  1.63896e-06
 Reference value :  1.63922e-06
 Reference value :  1.63944e-06
 Reference value :  1.63973e-06
 Reference value :  1.63999e-06
 Reference value :  1.64018e-06
 Reference value :  1.64039e-06
 Reference value :  1.64080e-06
 Reference value :  1.64121e-06
 Reference value :  1.64162e-06
 Reference value :  1.64203e-06
 Reference value :  1.64242e-06
 Reference value :  1.64283e-06
 Reference value :  1.64324e-06
 Reference value :  1.64365e-06
 Reference value :  1.64406e-06
 Reference value :  1.64447e-06
 Reference value :  1.64488e-06
 Reference value :  1.64529e-06
 Reference value :  1.64570e-06
 Reference value :  1.64611e-06
 Reference value :  1.64636e-06
 Reference value :  1.64677e-06
 Reference value :  1.64718e-06
 Reference value :  1.64759e-06
 Reference value :  1.64800e-06
 Reference value :  1.64841e-06
 Reference value :  1.64882e-06
 Reference value :  1.64923e-06
 Reference value :  1.64964e-06
 Reference value :  1.65004e-06
 Reference value :  1.65045e-06
 Reference value :  1.65086e-06
 Reference value :  1.65127e-06
 Reference value :  1.65168e-06
 Reference value :  1.65207e-06
 Reference value :  1.65248e-06
 Reference value :  1.65289e-06
 Reference value :  1.65330e-06
 Reference value :  1.65371e-06
 Reference value :  1.65412e-06
 Reference value :  1.65451e-06
 Reference value :  1.65492e-06
 Reference value :  1.65533e-06
 Reference value :  1.65574e-06
 Reference value :  1.65615e-06
 Reference value :  1.65656e-06
 Reference value :  1.65697e-06
 Reference value :  1.65738e-06
 Reference value :  1.65779e-06
 Reference value :  1.65810e-06
 Reference value :  1.65843e-06
 Reference value :  1.65883e-06
 Reference value :  1.65924e-06
 Reference value :  1.65965e-06
 Reference value :  1.65995e-06
 Reference value :  1.66029e-06
 Reference value :  1.66046e-06
 Reference value :  1.66087e-06
 Reference value :  1.66128e-06
 Reference value :  1.66169e-06
 Reference value :  1.66210e-06
 Reference value :  1.66251e-06
 Reference value :  1.66291e-06
 Reference value :  1.66333e-06
 Reference value :  1.66373e-06
 Reference value :  1.66411e-06
 Reference value :  1.66449e-06
 Reference value :  1.66490e-06
 Reference value :  1.66531e-06
 Reference value :  1.66572e-06
 Reference value :  1.66613e-06
 Reference value :  1.66654e-06
 Reference value :  1.66695e-06
 Reference value :  1.66735e-06
 Reference value :  1.66774e-06
 Reference value :  1.66814e-06
 Reference value :  1.66855e-06
 Reference value :  1.66897e-06
 Reference value :  1.66938e-06
 Reference value :  1.66979e-06
 Reference value :  1.67020e-06
 Reference value :  1.67061e-06
 Reference value :  1.67102e-06
 Reference value :  1.67143e-06
 Reference value :  1.67184e-06
 Reference value :  1.67224e-06
 Reference value :  1.67265e-06
 Reference value :  1.67306e-06
 Reference value :  1.67346e-06
 Reference value :  1.67387e-06
 Reference value :  1.67428e-06
 Reference value :  1.67469e-06
 Reference value :  1.67511e-06
 Reference value :  1.67552e-06
 Reference value :  1.67593e-06
 Reference value :  1.67633e-06
 Reference value :  1.67672e-06
 Reference value :  1.67713e-06
 Reference value :  1.67754e-06
 Reference value :  1.67795e-06
 Reference value :  1.67836e-06
 Reference value :  1.67877e-06
 Reference value :  1.67918e-06
 Reference value :  1.67958e-06
 Reference value :  1.67999e-06
 Reference value :  1.68041e-06
 Reference value :  1.68082e-06
 Reference value :  1.68123e-06
 Reference value :  1.68157e-06
 Reference value :  1.68182e-06
 Reference value :  1.68208e-06
 Reference value :  1.68231e-06
 Reference value :  1.68252e-06
 Reference value :  1.68276e-06
 Reference value :  1.68303e-06
 Reference value :  1.68325e-06
 Reference value :  1.68338e-06
 Reference value :  1.68352e-06
 Reference value :  1.68378e-06
 Reference value :  1.68402e-06
 Reference value :  1.68432e-06
 Reference value :  1.68454e-06
 Reference value :  1.68476e-06
 Reference value :  1.68517e-06
 Reference value :  1.68558e-06
 Reference value :  1.68587e-06
 Reference value :  1.68607e-06
 Reference value :  1.68642e-06
 Reference value :  1.68683e-06
 Reference value :  1.68716e-06
 Reference value :  1.68744e-06
 Reference value :  1.68759e-06
 Reference value :  1.68778e-06
 Reference value :  1.68819e-06
 Reference value :  1.68854e-06
 Reference value :  1.68875e-06
 Reference value :  1.68895e-06
 Reference value :  1.68916e-06
 Reference value :  1.68949e-06
 Reference value :  1.68963e-06
 Reference value :  1.68978e-06
 Reference value :  1.68994e-06
 Reference value :  1.69023e-06
 Reference value :  1.69051e-06
 Reference value :  1.69073e-06
 Reference value :  1.69096e-06
 Reference value :  1.69125e-06
 Reference value :  1.69153e-06
 Reference value :  1.69167e-06
 Reference value :  1.69181e-06
 Reference value :  1.69213e-06
 Reference value :  1.69254e-06
 Reference value :  1.69292e-06
 Reference value :  1.69333e-06
 Reference value :  1.69374e-06
 Reference value :  1.69415e-06
 Reference value :  1.69452e-06
 Reference value :  1.69494e-06
 Reference value :  1.69535e-06
 Reference value :  1.69574e-06
 Reference value :  1.69615e-06
 Reference value :  1.69656e-06
 Reference value :  1.69684e-06
 Reference value :  1.69707e-06
 Reference value :  1.69720e-06
 Reference value :  1.69760e-06
 Reference value :  1.69801e-06
 Reference value :  1.69842e-06
 Reference value :  1.69883e-06
 Reference value :  1.69924e-06
 Reference value :  1.69965e-06
 Reference value :  1.70005e-06
 Reference value :  1.70042e-06
 Reference value :  1.70071e-06
 Reference value :  1.70112e-06
 Reference value :  1.70135e-06
 Reference value :  1.70159e-06
 Reference value :  1.70172e-06
 Reference value :  1.70203e-06
 Reference value :  1.70242e-06
 Reference value :  1.70283e-06
 Reference value :  1.70322e-06
 Reference value :  1.70363e-06
 Reference value :  1.70404e-06
 Reference value :  1.70445e-06
 Reference value :  1.70486e-06
 Reference value :  1.70516e-06
 Reference value :  1.70535e-06
 Reference value :  1.70574e-06
 Reference value :  1.70614e-06
 Reference value :  1.70655e-06
 Reference value :  1.70696e-06
 Reference value :  1.70712e-06
 Reference value :  1.70753e-06
 Reference value :  1.70794e-06
 Reference value :  1.70835e-06
 Reference value :  1.70876e-06
 Reference value :  1.70917e-06
 Reference value :  1.70959e-06
 Reference value :  1.71000e-06
 Reference value :  1.71041e-06
 Reference value :  1.71082e-06
 Reference value :  1.71123e-06
 Reference value :  1.71164e-06
 Reference value :  1.71205e-06
 Reference value :  1.71245e-06
 Reference value :  1.71286e-06
 Reference value :  1.71328e-06
 Reference value :  1.71369e-06
 Reference value :  1.71408e-06
 Reference value :  1.71449e-06
 Reference value :  1.71491e-06
 Reference value :  1.71532e-06
 Reference value :  1.71573e-06
 Reference value :  1.71615e-06
 Reference value :  1.71656e-06
 Reference value :  1.71697e-06
 Reference value :  1.71736e-06
 Reference value :  1.71770e-06
 Reference value :  1.71811e-06
 Reference value :  1.71849e-06
 Reference value :  1.71890e-06
 Reference value :  1.71924e-06
 Reference value :  1.71964e-06
 Reference value :  1.72005e-06
 Reference value :  1.72047e-06
 Reference value :  1.72088e-06
 Reference value :  1.72129e-06
 Reference value :  1.72171e-06
 Reference value :  1.72212e-06
 Reference value :  1.72253e-06
 Reference value :  1.72294e-06
 Reference value :  1.72335e-06
 Reference value :  1.72370e-06
 Reference value :  1.72408e-06
 Reference value :  1.72421e-06
 Reference value :  1.72452e-06
 Reference value :  1.72493e-06
 Reference value :  1.72534e-06
 Reference value :  1.72575e-06
 Reference value :  1.72610e-06
 Reference value :  1.72645e-06
 Reference value :  1.72686e-06
 Reference value :  1.72727e-06
 Reference value :  1.72767e-06
 Reference value :  1.72808e-06
 Reference value :  1.72849e-06
 Reference value :  1.72890e-06
 Reference value :  1.72931e-06
 Reference value :  1.72969e-06
 Reference value :  1.73008e-06
 Reference value :  1.73049e-06
 Reference value :  1.73090e-06
 Reference value :  1.73131e-06
 Reference value :  1.73171e-06
 Reference value :  1.73212e-06
 Reference value :  1.73252e-06
 Reference value :  1.73294e-06
 Reference value :  1.73335e-06
 Reference value :  1.73376e-06
 Reference value :  1.73417e-06
 Reference value :  1.73458e-06
 Reference value :  1.73495e-06
 Reference value :  1.73536e-06
 Reference value :  1.73577e-06
 Reference value :  1.73618e-06
 Reference value :  1.73659e-06
 Reference value :  1.73700e-06
 Reference value :  1.73740e-06
 Reference value :  1.73781e-06
 Reference value :  1.73822e-06
 Reference value :  1.73864e-06
 Reference value :  1.73904e-06
 Reference value :  1.73946e-06
 Reference value :  1.73987e-06
 Reference value :  1.74028e-06
 Reference value :  1.74069e-06
 Reference value :  1.74105e-06
 Reference value :  1.74145e-06
 Reference value :  1.74167e-06
 Reference value :  1.74185e-06
 Reference value :  1.74215e-06
 Reference value :  1.74243e-06
 Reference value :  1.74268e-06
 Reference value :  1.74294e-06
 Reference value :  1.74320e-06
 Reference value :  1.74348e-06
 Reference value :  1.74374e-06
 Reference value :  1.74399e-06
 Reference value :  1.74418e-06
 Reference value :  1.74438e-06
 Reference value :  1.74479e-06
 Reference value :  1.74520e-06
 Reference value :  1.74561e-06
 Reference value :  1.74595e-06
 Reference value :  1.74623e-06
 Reference value :  1.74664e-06
 Reference value :  1.74706e-06
 Reference value :  1.74735e-06
 Reference value :  1.74774e-06
 Reference value :  1.74815e-06
 Reference value :  1.74847e-06
 Reference value :  1.74876e-06
 Reference value :  1.74907e-06
 Reference value :  1.74948e-06
 Reference value :  1.74989e-06
 Reference value :  1.75026e-06
 Reference value :  1.75067e-06
 Reference value :  1.75108e-06
 Reference value :  1.75149e-06
 Reference value :  1.75187e-06
 Reference value :  1.75228e-06
 Reference value :  1.75269e-06
 Reference value :  1.75309e-06
 Reference value :  1.75349e-06
 Reference value :  1.75391e-06
 Reference value :  1.75432e-06
 Reference value :  1.75473e-06
 Reference value :  1.75514e-06
 Reference value :  1.75555e-06
 Reference value :  1.75596e-06
 Reference value :  1.75637e-06
 Reference value :  1.75678e-06
 Reference value :  1.75719e-06
 Reference value :  1.75760e-06
 Reference value :  1.75801e-06
 Reference value :  1.75842e-06
 Reference value :  1.75877e-06
 Reference value :  1.75885e-06
 Reference value :  1.75926e-06
 Reference value :  1.75965e-06
 Reference value :  1.76006e-06
 Reference value :  1.76047e-06
 Reference value :  1.76088e-06
 Reference value :  1.76125e-06
 Reference value :  1.76155e-06
 Reference value :  1.76184e-06
 Reference value :  1.76211e-06
 Reference value :  1.76243e-06
 Reference value :  1.76271e-06
 Reference value :  1.76291e-06
 Reference value :  1.76300e-06
 Reference value :  1.76304e-06
 Reference value :  1.76319e-06
 Reference value :  1.76341e-06
 Reference value :  1.76361e-06
 Reference value :  1.76373e-06
 Reference value :  1.76385e-06
 Reference value :  1.76425e-06
 Reference value :  1.76466e-06
 Reference value :  1.76507e-06
 Reference value :  1.76548e-06
 Reference value :  1.76589e-06
 Reference value :  1.76620e-06
 Reference value :  1.76636e-06
 Reference value :  1.76661e-06
 Reference value :  1.76702e-06
 Reference value :  1.76743e-06
 Reference value :  1.76784e-06
 Reference value :  1.76816e-06
 Reference value :  1.76852e-06
 Reference value :  1.76893e-06
 Reference value :  1.76911e-06
 Reference value :  1.76926e-06
 Reference value :  1.76964e-06
 Reference value :  1.77005e-06
 Reference value :  1.77046e-06
 Reference value :  1.77087e-06
 Reference value :  1.77122e-06
 Reference value :  1.77124e-06
 Reference value :  1.77131e-06
 Reference value :  1.77144e-06
 Reference value :  1.77159e-06
 Reference value :  1.77193e-06
 Reference value :  1.77234e-06
 Reference value :  1.77272e-06
 Reference value :  1.77286e-06
 Reference value :  1.77303e-06
 Reference value :  1.77345e-06
 Reference value :  1.77384e-06
 Reference value :  1.77425e-06
 Reference value :  1.77466e-06
 Reference value :  1.77507e-06
 Reference value :  1.77549e-06
 Reference value :  1.77590e-06
 Reference value :  1.77631e-06
 Reference value :  1.77649e-06
 Reference value :  1.77659e-06
 Reference value :  1.77694e-06
 Reference value :  1.77735e-06
 Reference value :  1.77773e-06
 Reference value :  1.77813e-06
 Reference value :  1.77854e-06
 Reference value :  1.77895e-06
 Reference value :  1.77935e-06
 Reference value :  1.77946e-06
 Reference value :  1.77967e-06
 Reference value :  1.78008e-06
 Reference value :  1.78048e-06
 Reference value :  1.78089e-06
 Reference value :  1.78127e-06
 Reference value :  1.78160e-06
 Reference value :  1.78175e-06
 Reference value :  1.78197e-06
 Reference value :  1.78238e-06
 Reference value :  1.78279e-06
 Reference value :  1.78320e-06
 Reference value :  1.78361e-06
 Reference value :  1.78402e-06
 Reference value :  1.78443e-06
 Reference value :  1.78466e-06
 Reference value :  1.78501e-06
 Reference value :  1.78509e-06
 Reference value :  1.78535e-06
 Reference value :  1.78575e-06
 Reference value :  1.78616e-06
 Reference value :  1.78656e-06
 Reference value :  1.78697e-06
 Reference value :  1.78738e-06
 Reference value :  1.78779e-06
 Reference value :  1.78810e-06
 Reference value :  1.78844e-06
 Reference value :  1.78885e-06
 Reference value :  1.78926e-06
 Reference value :  1.78959e-06
 Reference value :  1.78968e-06
 Reference value :  1.79009e-06
 Reference value :  1.79050e-06
 Reference value :  1.79091e-06
 Reference value :  1.79131e-06
 Reference value :  1.79172e-06
 Reference value :  1.79209e-06
 Reference value :  1.79250e-06
 Reference value :  1.79288e-06
 Reference value :  1.79317e-06
 Reference value :  1.79339e-06
 Reference value :  1.79380e-06
 Reference value :  1.79421e-06
 Reference value :  1.79462e-06
 Reference value :  1.79503e-06
 Reference value :  1.79537e-06
 Reference value :  1.79577e-06
 Reference value :  1.79618e-06
 Reference value :  1.79659e-06
 Reference value :  1.79700e-06
 Reference value :  1.79741e-06
 Reference value :  1.79782e-06
 Reference value :  1.79823e-06
 Reference value :  1.79864e-06
 Reference value :  1.79905e-06
 Reference value :  1.79946e-06
 Reference value :  1.79987e-06
 Reference value :  1.80026e-06
 Reference value :  1.80064e-06
 Reference value :  1.80104e-06
 Reference value :  1.80145e-06
 Reference value :  1.80186e-06
 Reference value :  1.80223e-06
 Reference value :  1.80264e-06
 Reference value :  1.80305e-06
 Reference value :  1.80346e-06
 Reference value :  1.80385e-06
 Reference value :  1.80423e-06
 Reference value :  1.80464e-06
 Reference value :  1.80504e-06
 Reference value :  1.80545e-06
 Reference value :  1.80586e-06
 Reference value :  1.80626e-06
 Reference value :  1.80668e-06
 Reference value :  1.80709e-06
 Reference value :  1.80750e-06
 Reference value :  1.80791e-06
 Reference value :  1.80832e-06
 Reference value :  1.80873e-06
 Reference value :  1.80914e-06
 Reference value :  1.80955e-06
 Reference value :  1.80996e-06
 Reference value :  1.81037e-06
 Reference value :  1.81078e-06
 Reference value :  1.81118e-06
 Reference value :  1.81159e-06
 Reference value :  1.81200e-06
 Reference value :  1.81242e-06
 Reference value :  1.81281e-06
 Reference value :  1.81310e-06
 Reference value :  1.81351e-06
 Reference value :  1.81392e-06
 Reference value :  1.81427e-06
 Reference value :  1.81461e-06
 Reference value :  1.81502e-06
 Reference value :  1.81531e-06
 Reference value :  1.81566e-06
 Reference value :  1.81601e-06
 Reference value :  1.81639e-06
 Reference value :  1.81674e-06
 Reference value :  1.81713e-06
 Reference value :  1.81752e-06
 Reference value :  1.81792e-06
 Reference value :  1.81833e-06
 Reference value :  1.81874e-06
 Reference value :  1.81914e-06
 Reference value :  1.81951e-06
 Reference value :  1.81976e-06
 Reference value :  1.82003e-06
 Reference value :  1.82017e-06
 Reference value :  1.82030e-06
 Reference value :  1.82050e-06
 Reference value :  1.82068e-06
 Reference value :  1.82084e-06
 Reference value :  1.82102e-06
 Reference value :  1.82118e-06
 Reference value :  1.82132e-06
 Reference value :  1.82143e-06
 Reference value :  1.82162e-06
 Reference value :  1.82185e-06
 Reference value :  1.82210e-06
 Reference value :  1.82251e-06
 Reference value :  1.82291e-06
 Reference value :  1.82332e-06
 Reference value :  1.82371e-06
 Reference value :  1.82412e-06
 Reference value :  1.82453e-06
 Reference value :  1.82494e-06
 Reference value :  1.82527e-06
 Reference value :  1.82568e-06
 Reference value :  1.82609e-06
 Reference value :  1.82635e-06
 Reference value :  1.82672e-06
 Reference value :  1.82713e-06
 Reference value :  1.82753e-06
 Reference value :  1.82794e-06
 Reference value :  1.82835e-06
 Reference value :  1.82876e-06
 Reference value :  1.82916e-06
 Reference value :  1.82946e-06
 Reference value :  1.82970e-06
 Reference value :  1.83011e-06
 Reference value :  1.83052e-06
 Reference value :  1.83093e-06
 Reference value :  1.83134e-06
 Reference value :  1.83175e-06
 Reference value :  1.83216e-06
 Reference value :  1.83257e-06
 Reference value :  1.83299e-06
 Reference value :  1.83340e-06
 Reference value :  1.83373e-06
 Reference value :  1.83408e-06
 Reference value :  1.83449e-06
 Reference value :  1.83490e-06
 Reference value :  1.83520e-06
 Reference value :  1.83560e-06
 Reference value :  1.83601e-06
 Reference value :  1.83642e-06
 Reference value :  1.83682e-06
 Reference value :  1.83719e-06
 Reference value :  1.83760e-06
 Reference value :  1.83801e-06
 Reference value :  1.83842e-06
 Reference value :  1.83883e-06
 Reference value :  1.83924e-06
 Reference value :  1.83965e-06
 Reference value :  1.84006e-06
 Reference value :  1.84047e-06
 Reference value :  1.84089e-06
 Reference value :  1.84118e-06
 Reference value :  1.84142e-06
 Reference value :  1.84163e-06
 Reference value :  1.84197e-06
 Reference value :  1.84238e-06
 Reference value :  1.84279e-06
 Reference value :  1.84320e-06
 Reference value :  1.84361e-06
 Reference value :  1.84402e-06
 Reference value :  1.84442e-06
 Reference value :  1.84458e-06
 Reference value :  1.84499e-06
 Reference value :  1.84540e-06
 Reference value :  1.84576e-06
 Reference value :  1.84597e-06
 Reference value :  1.84619e-06
 Reference value :  1.84634e-06
 Reference value :  1.84672e-06
 Reference value :  1.84713e-06
 Reference value :  1.84753e-06
 Reference value :  1.84791e-06
 Reference value :  1.84831e-06
 Reference value :  1.84871e-06
 Reference value :  1.84907e-06
 Reference value :  1.84941e-06
 Reference value :  1.84982e-06
 Reference value :  1.85024e-06
 Reference value :  1.85055e-06
 Reference value :  1.85094e-06
 Reference value :  1.85135e-06
 Reference value :  1.85177e-06
 Reference value :  1.85218e-06
 Reference value :  1.85259e-06
 Reference value :  1.85301e-06
 Reference value :  1.85342e-06
 Reference value :  1.85382e-06
 Reference value :  1.85423e-06
 Reference value :  1.85464e-06
 Reference value :  1.85506e-06
 Reference value :  1.85547e-06
 Reference value :  1.85589e-06
 Reference value :  1.85630e-06
 Reference value :  1.85668e-06
 Reference value :  1.85710e-06
 Reference value :  1.85739e-06
 Reference value :  1.85779e-06
 Reference value :  1.85815e-06
 Reference value :  1.85849e-06
 Reference value :  1.85879e-06
 Reference value :  1.85919e-06
 Reference value :  1.85961e-06
 Reference value :  1.86001e-06
 Reference value :  1.86040e-06
 Reference value :  1.86081e-06
 Reference value :  1.86122e-06
 Reference value :  1.86164e-06
 Reference value :  1.86205e-06
 Reference value :  1.86247e-06
 Reference value :  1.86288e-06
 Reference value :  1.86329e-06
 Reference value :  1.86371e-06
 Reference value :  1.86412e-06
 Reference value :  1.86453e-06
 Reference value :  1.86495e-06
 Reference value :  1.86536e-06
 Reference value :  1.86578e-06
 Reference value :  1.86619e-06
 Reference value :  1.86660e-06
 Reference value :  1.86701e-06
 Reference value :  1.86740e-06
 Reference value :  1.86782e-06
 Reference value :  1.86823e-06
 Reference value :  1.86864e-06
 Reference value :  1.86906e-06
 Reference value :  1.86947e-06
 Reference value :  1.86988e-06
 Reference value :  1.87030e-06
 Reference value :  1.87071e-06
 Reference value :  1.87112e-06
 Reference value :  1.87154e-06
 Reference value :  1.87195e-06
 Reference value :  1.87236e-06
 Reference value :  1.87277e-06
 Reference value :  1.87316e-06
 Reference value :  1.87329e-06
 Reference value :  1.87370e-06
 Reference value :  1.87411e-06
 Reference value :  1.87452e-06
 Reference value :  1.87494e-06
 Reference value :  1.87535e-06
 Reference value :  1.87576e-06
 Reference value :  1.87618e-06
 Reference value :  1.87658e-06
 Reference value :  1.87700e-06
 Reference value :  1.87741e-06
 Reference value :  1.87782e-06
 Reference value :  1.87823e-06
 Reference value :  1.87864e-06
 Reference value :  1.87906e-06
 Reference value :  1.87946e-06
 Reference value :  1.87987e-06
 Reference value :  1.88029e-06
 Reference value :  1.88070e-06
 Reference value :  1.88111e-06
 Reference value :  1.88151e-06
 Reference value :  1.88192e-06
 Reference value :  1.88234e-06
 Reference value :  1.88269e-06
 Reference value :  1.88304e-06
 Reference value :  1.88345e-06
 Reference value :  1.88386e-06
 Reference value :  1.88415e-06
 Reference value :  1.88453e-06
 Reference value :  1.88494e-06
 Reference value :  1.88530e-06
 Reference value :  1.88570e-06
 Reference value :  1.88611e-06
 Reference value :  1.88652e-06
 Reference value :  1.88694e-06
 Reference value :  1.88735e-06
 Reference value :  1.88777e-06
 Reference value :  1.88818e-06
 Reference value :  1.88860e-06
 Reference value :  1.88901e-06
 Reference value :  1.88935e-06
 Reference value :  1.88976e-06
 Reference value :  1.89017e-06
 Reference value :  1.89058e-06
 Reference value :  1.89100e-06
 Reference value :  1.89141e-06
 Reference value :  1.89182e-06
 Reference value :  1.89223e-06
 Reference value :  1.89264e-06
 Reference value :  1.89306e-06
 Reference value :  1.89347e-06
 Reference value :  1.89389e-06
 Reference value :  1.89430e-06
 Reference value :  1.89471e-06
 Reference value :  1.89512e-06
 Reference value :  1.89553e-06
 Reference value :  1.89595e-06
 Reference value :  1.89636e-06
 Reference value :  1.89678e-06
 Reference value :  1.89719e-06
 Reference value :  1.89752e-06
 Reference value :  1.89775e-06
 Reference value :  1.89804e-06
 Reference value :  1.89822e-06
 Reference value :  1.89850e-06
 Reference value :  1.89883e-06
 Reference value :  1.89915e-06
 Reference value :  1.89945e-06
 Reference value :  1.89968e-06
 Reference value :  1.89992e-06
 Reference value :  1.90020e-06
 Reference value :  1.90049e-06
 Reference value :  1.90072e-06
 Reference value :  1.90084e-06
 Reference value :  1.90099e-06
 Reference value :  1.90120e-06
 Reference value :  1.90145e-06
 Reference value :  1.90172e-06
 Reference value :  1.90201e-06
 Reference value :  1.90232e-06
 Reference value :  1.90258e-06
 Reference value :  1.90285e-06
 Reference value :  1.90309e-06
 Reference value :  1.90330e-06
 Reference value :  1.90352e-06
 Reference value :  1.90384e-06
 Reference value :  1.90416e-06
 Reference value :  1.90457e-06
 Reference value :  1.90499e-06
 Reference value :  1.90527e-06
 Reference value :  1.90567e-06
 Reference value :  1.90604e-06
 Reference value :  1.90645e-06
 Reference value :  1.90685e-06
 Reference value :  1.90702e-06
 Reference value :  1.90726e-06
 Reference value :  1.90746e-06
 Reference value :  1.90786e-06
 Reference value :  1.90827e-06
 Reference value :  1.90866e-06
 Reference value :  1.90906e-06
 Reference value :  1.90945e-06
 Reference value :  1.90986e-06
 Reference value :  1.91027e-06
 Reference value :  1.91068e-06
 Reference value :  1.91108e-06
 Reference value :  1.91150e-06
 Reference value :  1.91191e-06
 Reference value :  1.91232e-06
 Reference value :  1.91274e-06
 Reference value :  1.91315e-06
 Reference value :  1.91356e-06
 Reference value :  1.91398e-06
 Reference value :  1.91439e-06
 Reference value :  1.91480e-06
 Reference value :  1.91522e-06
 Reference value :  1.91563e-06
 Reference value :  1.91603e-06
 Reference value :  1.91642e-06
 Reference value :  1.91684e-06
 Reference value :  1.91711e-06
 Reference value :  1.91743e-06
 Reference value :  1.91781e-06
 Reference value :  1.91822e-06
 Reference value :  1.91864e-06
 Reference value :  1.91905e-06
 Reference value :  1.91946e-06
 Reference value :  1.91988e-06
 Reference value :  1.92029e-06
 Reference value :  1.92070e-06
 Reference value :  1.92111e-06
 Reference value :  1.92152e-06
 Reference value :  1.92194e-06
 Reference value :  1.92233e-06
 Reference value :  1.92275e-06
 Reference value :  1.92316e-06
 Reference value :  1.92356e-06
 Reference value :  1.92387e-06
 Reference value :  1.92410e-06
 Reference value :  1.92443e-06
 Reference value :  1.92485e-06
 Reference value :  1.92525e-06
 Reference value :  1.92566e-06
 Reference value :  1.92607e-06
 Reference value :  1.92648e-06
 Reference value :  1.92690e-06
 Reference value :  1.92731e-06
 Reference value :  1.92771e-06
 Reference value :  1.92806e-06
 Reference value :  1.92839e-06
 Reference value :  1.92880e-06
 Reference value :  1.92919e-06
 Reference value :  1.92949e-06
 Reference value :  1.92987e-06
 Reference value :  1.93027e-06
 Reference value :  1.93067e-06
 Reference value :  1.93107e-06
 Reference value :  1.93148e-06
 Reference value :  1.93189e-06
 Reference value :  1.93231e-06
 Reference value :  1.93272e-06
 Reference value :  1.93313e-06
 Reference value :  1.93354e-06
 Reference value :  1.93394e-06
 Reference value :  1.93434e-06
 Reference value :  1.93476e-06
 Reference value :  1.93503e-06
 Reference value :  1.93527e-06
 Reference value :  1.93567e-06
 Reference value :  1.93608e-06
 Reference value :  1.93647e-06
 Reference value :  1.93686e-06
 Reference value :  1.93727e-06
 Reference value :  1.93768e-06
 Reference value :  1.93809e-06
 Reference value :  1.93849e-06
 Reference value :  1.93890e-06
 Reference value :  1.93931e-06
 Reference value :  1.93972e-06
 Reference value :  1.94013e-06
 Reference value :  1.94054e-06
 Reference value :  1.94095e-06
 Reference value :  1.94135e-06
 Reference value :  1.94176e-06
 Reference value :  1.94212e-06
 Reference value :  1.94252e-06
 Reference value :  1.94293e-06
 Reference value :  1.94333e-06
 Reference value :  1.94374e-06
 Reference value :  1.94415e-06
 Reference value :  1.94456e-06
 Reference value :  1.94497e-06
 Reference value :  1.94538e-06
 Reference value :  1.94579e-06
 Reference value :  1.94620e-06
 Reference value :  1.94660e-06
 Reference value :  1.94701e-06
 Reference value :  1.94739e-06
 Reference value :  1.94755e-06
 Reference value :  1.94796e-06
 Reference value :  1.94837e-06
 Reference value :  1.94878e-06
 Reference value :  1.94919e-06
 Reference value :  1.94952e-06
 Reference value :  1.94992e-06
 Reference value :  1.95033e-06
 Reference value :  1.95071e-06
 Reference value :  1.95112e-06
 Reference value :  1.95153e-06
 Reference value :  1.95194e-06
 Reference value :  1.95235e-06
 Reference value :  1.95272e-06
 Reference value :  1.95304e-06
 Reference value :  1.95335e-06
 Reference value :  1.95361e-06
 Reference value :  1.95375e-06
 Reference value :  1.95406e-06
 Reference value :  1.95435e-06
 Reference value :  1.95464e-06
 Reference value :  1.95490e-06
 Reference value :  1.95516e-06
 Reference value :  1.95538e-06
 Reference value :  1.95565e-06
 Reference value :  1.95587e-06
 Reference value :  1.95593e-06
 Reference value :  1.95618e-06
 Reference value :  1.95659e-06
 Reference value :  1.95698e-06
 Reference value :  1.95738e-06
 Reference value :  1.95779e-06
 Reference value :  1.95820e-06
 Reference value :  1.95861e-06
 Reference value :  1.95900e-06
 Reference value :  1.95942e-06
 Reference value :  1.95981e-06
 Reference value :  1.96023e-06
 Reference value :  1.96064e-06
 Reference value :  1.96105e-06
 Reference value :  1.96144e-06
 Reference value :  1.96186e-06
 Reference value :  1.96227e-06
 Reference value :  1.96268e-06
 Reference value :  1.96309e-06
 Reference value :  1.96350e-06
 Reference value :  1.96392e-06
 Reference value :  1.96433e-06
 Reference value :  1.96472e-06
 Reference value :  1.96513e-06
 Reference value :  1.96554e-06
 Reference value :  1.96595e-06
 Reference value :  1.96637e-06
 Reference value :  1.96678e-06
 Reference value :  1.96719e-06
 Reference value :  1.96761e-06
 Reference value :  1.96802e-06
 Reference value :  1.96844e-06
 Reference value :  1.96885e-06
 Reference value :  1.96926e-06
 Reference value :  1.96963e-06
 Reference value :  1.96979e-06
 Reference value :  1.97019e-06
 Reference value :  1.97060e-06
 Reference value :  1.97102e-06
 Reference value :  1.97130e-06
 Reference value :  1.97155e-06
 Reference value :  1.97177e-06
 Reference value :  1.97216e-06
 Reference value :  1.97258e-06
 Reference value :  1.97299e-06
 Reference value :  1.97340e-06
 Reference value :  1.97382e-06
 Reference value :  1.97423e-06
 Reference value :  1.97461e-06
 Reference value :  1.97499e-06
 Reference value :  1.97512e-06
 Reference value :  1.97529e-06
 Reference value :  1.97555e-06
 Reference value :  1.97565e-06
 Reference value :  1.97586e-06
 Reference value :  1.97618e-06
 Reference value :  1.97647e-06
 Reference value :  1.97673e-06
 Reference value :  1.97704e-06
 Reference value :  1.97727e-06
 Reference value :  1.97749e-06
 Reference value :  1.97768e-06
 Reference value :  1.97804e-06
 Reference value :  1.97845e-06
 Reference value :  1.97887e-06
 Reference value :  1.97928e-06
 Reference value :  1.97969e-06
 Reference value :  1.98011e-06
 Reference value :  1.98049e-06
 Reference value :  1.98090e-06
 Reference value :  1.98117e-06
 Reference value :  1.98158e-06
 Reference value :  1.98200e-06
 Reference value :  1.98241e-06
 Reference value :  1.98282e-06
 Reference value :  1.98324e-06
 Reference value :  1.98365e-06
 Reference value :  1.98407e-06
 Reference value :  1.98448e-06
 Reference value :  1.98490e-06
 Reference value :  1.98531e-06
 Reference value :  1.98573e-06
 Reference value :  1.98614e-06
 Reference value :  1.98652e-06
 Reference value :  1.98693e-06
 Reference value :  1.98735e-06
 Reference value :  1.98776e-06
 Reference value :  1.98818e-06
 Reference value :  1.98859e-06
 Reference value :  1.98901e-06
 Reference value :  1.98942e-06
 Reference value :  1.98984e-06
 Reference value :  1.99025e-06
 Reference value :  1.99065e-06
 Reference value :  1.99107e-06
 Reference value :  1.99148e-06
 Reference value :  1.99190e-06
 Reference value :  1.99231e-06
 Reference value :  1.99272e-06
 Reference value :  1.99314e-06
 Reference value :  1.99355e-06
 Reference value :  1.99397e-06
 Reference value :  1.99437e-06
 Reference value :  1.99478e-06
 Reference value :  1.99520e-06
 Reference value :  1.99560e-06
 Reference value :  1.99601e-06
 Reference value :  1.99643e-06
 Reference value :  1.99685e-06
 Reference value :  1.99726e-06
 Reference value :  1.99768e-06
 Reference value :  1.99803e-06
 Reference value :  1.99806e-06
 Reference value :  1.99847e-06
 Reference value :  1.99884e-06
 Reference value :  1.99919e-06
 Reference value :  1.99949e-06
 Reference value :  1.99990e-06
 Reference value :  2.00030e-06
 Reference value :  2.00071e-06
 Reference value :  2.00110e-06
 Reference value :  2.00151e-06
 Reference value :  2.00191e-06
 Reference value :  2.00233e-06
 Reference value :  2.00274e-06
 Reference value :  2.00315e-06
 Reference value :  2.00356e-06
 Reference value :  2.00397e-06
 Reference value :  2.00437e-06
 Reference value :  2.00475e-06
 Reference value :  2.00514e-06
 Reference value :  2.00555e-06
 Reference value :  2.00596e-06
 Reference value :  2.00637e-06
 Reference value :  2.00678e-06
 Reference value :  2.00719e-06
 Reference value :  2.00759e-06
 Reference value :  2.00800e-06
 Reference value :  2.00841e-06
 Reference value :  2.00881e-06
 Reference value :  2.00923e-06
 Reference value :  2.00935e-06
 Reference value :  2.00976e-06
 Reference value :  2.01017e-06
 Reference value :  2.01058e-06
 Reference value :  2.01098e-06
 Reference value :  2.01139e-06
 Reference value :  2.01181e-06
 Reference value :  2.01222e-06
 Reference value :  2.01263e-06
 Reference value :  2.01304e-06
 Reference value :  2.01345e-06
 Reference value :  2.01386e-06
 Reference value :  2.01428e-06
 Reference value :  2.01468e-06
 Reference value :  2.01509e-06
 Reference value :  2.01550e-06
 Reference value :  2.01592e-06
 Reference value :  2.01629e-06
 Reference value :  2.01669e-06
 Reference value :  2.01711e-06
 Reference value :  2.01752e-06
 Reference value :  2.01793e-06
 Reference value :  2.01834e-06
 Reference value :  2.01872e-06
 Reference value :  2.01911e-06
 Reference value :  2.01953e-06
 Reference value :  2.01994e-06
 Reference value :  2.02035e-06
 Reference value :  2.02075e-06
 Reference value :  2.02116e-06
 Reference value :  2.02158e-06
 Reference value :  2.02199e-06
 Reference value :  2.02240e-06
 Reference value :  2.02281e-06
 Reference value :  2.02301e-06
 Reference value :  2.02327e-06
 Reference value :  2.02355e-06
 Reference value :  2.02385e-06
 Reference value :  2.02404e-06
 Reference value :  2.02433e-06
 Reference value :  2.02465e-06
 Reference value :  2.02497e-06
 Reference value :  2.02526e-06
 Reference value :  2.02536e-06
 Reference value :  2.02561e-06
 Reference value :  2.02585e-06
 Reference value :  2.02615e-06
 Reference value :  2.02656e-06
 Reference value :  2.02697e-06
 Reference value :  2.02737e-06
 Reference value :  2.02778e-06
 Reference value :  2.02819e-06
 Reference value :  2.02860e-06
 Reference value :  2.02901e-06
 Reference value :  2.02942e-06
 Reference value :  2.02984e-06
 Reference value :  2.03025e-06
 Reference value :  2.03065e-06
 Reference value :  2.03107e-06
 Reference value :  2.03148e-06
 Reference value :  2.03189e-06
 Reference value :  2.03231e-06
 Reference value :  2.03268e-06
 Reference value :  2.03309e-06
 Reference value :  2.03350e-06
 Reference value :  2.03391e-06
 Reference value :  2.03431e-06
 Reference value :  2.03472e-06
 Reference value :  2.03514e-06
 Reference value :  2.03555e-06
 Reference value :  2.03596e-06
 Reference value :  2.03637e-06
 Reference value :  2.03676e-06
 Reference value :  2.03717e-06
 Reference value :  2.03759e-06
 Reference value :  2.03800e-06
 Reference value :  2.03841e-06
 Reference value :  2.03882e-06
 Reference value :  2.03923e-06
 Reference value :  2.03964e-06
 Reference value :  2.04006e-06
 Reference value :  2.04043e-06
 Reference value :  2.04084e-06
 Reference value :  2.04125e-06
 Reference value :  2.04166e-06
 Reference value :  2.04206e-06
 Reference value :  2.04245e-06
 Reference value :  2.04287e-06
 Reference value :  2.04328e-06
 Reference value :  2.04370e-06
 Reference value :  2.04411e-06
 Reference value :  2.04452e-06
 Reference value :  2.04485e-06
 Reference value :  2.04502e-06
 Reference value :  2.04528e-06
 Reference value :  2.04558e-06
 Reference value :  2.04582e-06
 Reference value :  2.04597e-06
 Reference value :  2.04625e-06
 Reference value :  2.04650e-06
 Reference value :  2.04669e-06
 Reference value :  2.04687e-06
 Reference value :  2.04710e-06
 Reference value :  2.04725e-06
 Reference value :  2.04748e-06
 Reference value :  2.04774e-06
 Reference value :  2.04798e-06
 Reference value :  2.04822e-06
 Reference value :  2.04863e-06
 Reference value :  2.04902e-06
 Reference value :  2.04931e-06
 Reference value :  2.04972e-06
 Reference value :  2.05013e-06
 Reference value :  2.05054e-06
 Reference value :  2.05095e-06
 Reference value :  2.05136e-06
 Reference value :  2.05176e-06
 Reference value :  2.05218e-06
 Reference value :  2.05258e-06
 Reference value :  2.05299e-06
 Reference value :  2.05340e-06
 Reference value :  2.05380e-06
 Reference value :  2.05421e-06
 Reference value :  2.05463e-06
 Reference value :  2.05503e-06
 Reference value :  2.05544e-06
 Reference value :  2.05585e-06
 Reference value :  2.05623e-06
 Reference value :  2.05656e-06
 Reference value :  2.05696e-06
 Reference value :  2.05737e-06
 Reference value :  2.05778e-06
 Reference value :  2.05819e-06
 Reference value :  2.05860e-06
 Reference value :  2.05901e-06
 Reference value :  2.05942e-06
 Reference value :  2.05983e-06
 Reference value :  2.06024e-06
 Reference value :  2.06065e-06
 Reference value :  2.06107e-06
 Reference value :  2.06148e-06
 Reference value :  2.06181e-06
 Reference value :  2.06222e-06
 Reference value :  2.06261e-06
 Reference value :  2.06302e-06
 Reference value :  2.06343e-06
 Reference value :  2.06384e-06
 Reference value :  2.06425e-06
 Reference value :  2.06466e-06
 Reference value :  2.06507e-06
 Reference value :  2.06548e-06
 Reference value :  2.06590e-06
 Reference value :  2.06630e-06
 Reference value :  2.06672e-06
 Reference value :  2.06713e-06
 Reference value :  2.06742e-06
 Reference value :  2.06772e-06
 Reference value :  2.06813e-06
 Reference value :  2.06850e-06
 Reference value :  2.06879e-06
 Reference value :  2.06920e-06
 Reference value :  2.06961e-06
 Reference value :  2.07001e-06
 Reference value :  2.07027e-06
 Reference value :  2.07060e-06
 Reference value :  2.07084e-06
 Reference value :  2.07109e-06
 Reference value :  2.07134e-06
 Reference value :  2.07159e-06
 Reference value :  2.07184e-06
 Reference value :  2.07195e-06
 Reference value :  2.07218e-06
 Reference value :  2.07238e-06
 Reference value :  2.07275e-06
 Reference value :  2.07300e-06
 Reference value :  2.07319e-06
 Reference value :  2.07341e-06
 Reference value :  2.07362e-06
 Reference value :  2.07385e-06
 Reference value :  2.07411e-06
 Reference value :  2.07432e-06
 Reference value :  2.07461e-06
 Reference value :  2.07483e-06
 Reference value :  2.07506e-06
 Reference value :  2.07528e-06
 Reference value :  2.07548e-06
 Reference value :  2.07570e-06
 Reference value :  2.07593e-06
 Reference value :  2.07593e-06
 Reference value :  2.07593e-06
 Reference value :  2.07594e-06
 Reference value :  2.07594e-06
 Reference value :  2.07594e-06
 Reference value :  2.07595e-06
 Reference value :  2.07607e-06
 Reference value :  2.07630e-06
 Reference value :  2.07645e-06
 Reference value :  2.07670e-06
 Reference value :  2.07688e-06
 Reference value :  2.07708e-06
 Reference value :  2.07727e-06
 Reference value :  2.07744e-06
 Reference value :  2.07744e-06
 Reference value :  2.07745e-06
 Reference value :  2.07757e-06
 Reference value :  2.07776e-06
 Reference value :  2.07793e-06
 Reference value :  2.07832e-06
 Reference value :  2.07840e-06
 Reference value :  2.07881e-06
 Reference value :  2.07916e-06
 Reference value :  2.07949e-06
 Reference value :  2.07985e-06
 Reference value :  2.08018e-06
 Reference value :  2.08041e-06
 Reference value :  2.08060e-06
 Reference value :  2.08081e-06
 Reference value :  2.08100e-06
 Reference value :  2.08127e-06
 Reference value :  2.08154e-06
 Reference value :  2.08175e-06
 Reference value :  2.08195e-06
 Reference value :  2.08220e-06
 Reference value :  2.08244e-06
 Reference value :  2.08266e-06
 Reference value :  2.08291e-06
 Reference value :  2.08332e-06
 Reference value :  2.08370e-06
 Reference value :  2.08411e-06
 Reference value :  2.08452e-06
 Reference value :  2.08491e-06
 Reference value :  2.08532e-06
 Reference value :  2.08573e-06
 Reference value :  2.08614e-06
 Reference value :  2.08653e-06
 Reference value :  2.08694e-06
 Reference value :  2.08734e-06
 Reference value :  2.08775e-06
 Reference value :  2.08816e-06
 Reference value :  2.08850e-06
 Reference value :  2.08884e-06
 Reference value :  2.08925e-06
 Reference value :  2.08966e-06
 Reference value :  2.09006e-06
 Reference value :  2.09047e-06
 Reference value :  2.09088e-06
 Reference value :  2.09125e-06
 Reference value :  2.09165e-06
 Reference value :  2.09206e-06
 Reference value :  2.09248e-06
 Reference value :  2.09276e-06
 Reference value :  2.09300e-06
 Reference value :  2.09312e-06
 Reference value :  2.09353e-06
 Reference value :  2.09394e-06
 Reference value :  2.09435e-06
 Reference value :  2.09476e-06
 Reference value :  2.09517e-06
 Reference value :  2.09558e-06
 Reference value :  2.09598e-06
 Reference value :  2.09639e-06
 Reference value :  2.09678e-06
 Reference value :  2.09717e-06
 Reference value :  2.09758e-06
 Reference value :  2.09799e-06
 Reference value :  2.09840e-06
 Reference value :  2.09881e-06
 Reference value :  2.09921e-06
 Reference value :  2.09962e-06
 Reference value :  2.10004e-06
 Reference value :  2.10045e-06
 Reference value :  2.10086e-06
 Reference value :  2.10127e-06
 Reference value :  2.10167e-06
 Reference value :  2.10209e-06
 Reference value :  2.10250e-06
 Reference value :  2.10291e-06
 Reference value :  2.10324e-06
 Reference value :  2.10364e-06
 Reference value :  2.10393e-06
 Reference value :  2.10429e-06
 Reference value :  2.10444e-06
 Reference value :  2.10485e-06
 Reference value :  2.10512e-06
 Reference value :  2.10553e-06
 Reference value :  2.10594e-06
 Reference value :  2.10635e-06
 Reference value :  2.10676e-06
 Reference value :  2.10715e-06
 Reference value :  2.10739e-06
 Reference value :  2.10779e-06
 Reference value :  2.10819e-06
 Reference value :  2.10860e-06
 Reference value :  2.10901e-06
 Reference value :  2.10942e-06
 Reference value :  2.10984e-06
 Reference value :  2.11025e-06
 Reference value :  2.11066e-06
 Reference value :  2.11107e-06
 Reference value :  2.11148e-06
 Reference value :  2.11189e-06
 Reference value :  2.11230e-06
 Reference value :  2.11263e-06
 Reference value :  2.11298e-06
 Reference value :  2.11339e-06
 Reference value :  2.11380e-06
 Reference value :  2.11421e-06
 Reference value :  2.11462e-06
 Reference value :  2.11500e-06
 Reference value :  2.11541e-06
 Reference value :  2.11582e-06
 Reference value :  2.11623e-06
 Reference value :  2.11662e-06
 Reference value :  2.11703e-06
 Reference value :  2.11744e-06
 Reference value :  2.11785e-06
 Reference value :  2.11826e-06
 Reference value :  2.11868e-06
 Reference value :  2.11909e-06
 Reference value :  2.11949e-06
 Reference value :  2.11990e-06
 Reference value :  2.12027e-06
 Reference value :  2.12067e-06
 Reference value :  2.12108e-06
 Reference value :  2.12149e-06
 Reference value :  2.12190e-06
 Reference value :  2.12231e-06
 Reference value :  2.12272e-06
 Reference value :  2.12314e-06
 Reference value :  2.12355e-06
 Reference value :  2.12396e-06
 Reference value :  2.12437e-06
 Reference value :  2.12472e-06
 Reference value :  2.12499e-06
 Reference value :  2.12535e-06
 Reference value :  2.12576e-06
 Reference value :  2.12617e-06
 Reference value :  2.12658e-06
 Reference value :  2.12699e-06
 Reference value :  2.12734e-06
 Reference value :  2.12769e-06
 Reference value :  2.12810e-06
 Reference value :  2.12839e-06
 Reference value :  2.12878e-06
 Reference value :  2.12919e-06
 Reference value :  2.12946e-06
 Reference value :  2.12964e-06
 Reference value :  2.12988e-06
 Reference value :  2.13019e-06
 Reference value :  2.13058e-06
 Reference value :  2.13070e-06
 Reference value :  2.13111e-06
 Reference value :  2.13151e-06
 Reference value :  2.13181e-06
 Reference value :  2.13202e-06
 Reference value :  2.13232e-06
 Reference value :  2.13270e-06
 Reference value :  2.13311e-06
 Reference value :  2.13352e-06
 Reference value :  2.13394e-06
 Reference value :  2.13435e-06
 Reference value :  2.13465e-06
 Reference value :  2.13479e-06
 Reference value :  2.13504e-06
 Reference value :  2.13545e-06
 Reference value :  2.13571e-06
 Reference value :  2.13611e-06
 Reference value :  2.13652e-06
 Reference value :  2.13693e-06
 Reference value :  2.13713e-06
 Reference value :  2.13738e-06
 Reference value :  2.13763e-06
 Reference value :  2.13788e-06
 Reference value :  2.13814e-06
 Reference value :  2.13840e-06
 Reference value :  2.13867e-06
 Reference value :  2.13895e-06
 Reference value :  2.13922e-06
 Reference value :  2.13949e-06
 Reference value :  2.13974e-06
 Reference value :  2.14002e-06
 Reference value :  2.14022e-06
 Reference value :  2.14054e-06
 Reference value :  2.14078e-06
 Reference value :  2.14099e-06
 Reference value :  2.14122e-06
 Reference value :  2.14147e-06
 Reference value :  2.14171e-06
 Reference value :  2.14193e-06
 Reference value :  2.14220e-06
 Reference value :  2.14242e-06
 Reference value :  2.14265e-06
 Reference value :  2.14288e-06
 Reference value :  2.14309e-06
 Reference value :  2.14331e-06
 Reference value :  2.14342e-06
 Reference value :  2.14343e-06
 Reference value :  2.14343e-06
 Reference value :  2.14343e-06
 Reference value :  2.14349e-06
 Reference value :  2.14370e-06
 Reference value :  2.14394e-06
 Reference value :  2.14402e-06
 Reference value :  2.14408e-06
 Reference value :  2.14430e-06
 Reference value :  2.14447e-06
 Reference value :  2.14455e-06
 Reference value :  2.14472e-06
 Reference value :  2.14472e-06
 Reference value :  2.14484e-06
 Reference value :  2.14501e-06
 Reference value :  2.14515e-06
 Reference value :  2.14537e-06
 Reference value :  2.14561e-06
 Reference value :  2.14582e-06
 Reference value :  2.14602e-06
 Reference value :  2.14620e-06
 Reference value :  2.14640e-06
 Reference value :  2.14648e-06
 Reference value :  2.14667e-06
 Reference value :  2.14702e-06
 Reference value :  2.14736e-06
 Reference value :  2.14759e-06
 Reference value :  2.14784e-06
 Reference value :  2.14824e-06
 Reference value :  2.14865e-06
 Reference value :  2.14905e-06
 Reference value :  2.14936e-06
 Reference value :  2.14977e-06
 Reference value :  2.15016e-06
 Reference value :  2.15056e-06
 Reference value :  2.15096e-06
 Reference value :  2.15134e-06
 Reference value :  2.15175e-06
 Reference value :  2.15214e-06
 Reference value :  2.15227e-06
 Reference value :  2.15268e-06
 Reference value :  2.15308e-06
 Reference value :  2.15349e-06
 Reference value :  2.15390e-06
 Reference value :  2.15429e-06
 Reference value :  2.15470e-06
 Reference value :  2.15511e-06
 Reference value :  2.15551e-06
 Reference value :  2.15592e-06
 Reference value :  2.15632e-06
 Reference value :  2.15673e-06
 Reference value :  2.15714e-06
 Reference value :  2.15750e-06
 Reference value :  2.15779e-06
 Reference value :  2.15820e-06
 Reference value :  2.15858e-06
 Reference value :  2.15899e-06
 Reference value :  2.15939e-06
 Reference value :  2.15979e-06
 Reference value :  2.16020e-06
 Reference value :  2.16060e-06
 Reference value :  2.16082e-06
 Reference value :  2.16108e-06
 Reference value :  2.16134e-06
 Reference value :  2.16163e-06
 Reference value :  2.16193e-06
 Reference value :  2.16215e-06
 Reference value :  2.16237e-06
 Reference value :  2.16267e-06
 Reference value :  2.16292e-06
 Reference value :  2.16319e-06
 Reference value :  2.16333e-06
 Reference value :  2.16355e-06
 Reference value :  2.16395e-06
 Reference value :  2.16435e-06
 Reference value :  2.16476e-06
 Reference value :  2.16517e-06
 Reference value :  2.16558e-06
 Reference value :  2.16596e-06
 Reference value :  2.16637e-06
 Reference value :  2.16667e-06
 Reference value :  2.16701e-06
 Reference value :  2.16741e-06
 Reference value :  2.16782e-06
 Reference value :  2.16822e-06
 Reference value :  2.16864e-06
 Reference value :  2.16905e-06
 Reference value :  2.16931e-06
 Reference value :  2.16950e-06
 Reference value :  2.16968e-06
 Reference value :  2.16997e-06
 Reference value :  2.17026e-06
 Reference value :  2.17052e-06
 Reference value :  2.17084e-06
 Reference value :  2.17113e-06
 Reference value :  2.17143e-06
 Reference value :  2.17161e-06
 Reference value :  2.17164e-06
 Reference value :  2.17189e-06
 Reference value :  2.17204e-06
 Reference value :  2.17205e-06
 Reference value :  2.17223e-06
 Reference value :  2.17254e-06
 Reference value :  2.17293e-06
 Reference value :  2.17332e-06
 Reference value :  2.17373e-06
 Reference value :  2.17413e-06
 Reference value :  2.17450e-06
 Reference value :  2.17469e-06
 Reference value :  2.17493e-06
 Reference value :  2.17520e-06
 Reference value :  2.17561e-06
 Reference value :  2.17601e-06
 Reference value :  2.17635e-06
 Reference value :  2.17670e-06
 Reference value :  2.17709e-06
 Reference value :  2.17750e-06
 Reference value :  2.17787e-06
 Reference value :  2.17828e-06
 Reference value :  2.17859e-06
 Reference value :  2.17882e-06
 Reference value :  2.17923e-06
 Reference value :  2.17960e-06
 Reference value :  2.18000e-06
 Reference value :  2.18042e-06
 Reference value :  2.18083e-06
 Reference value :  2.18123e-06
 Reference value :  2.18157e-06
 Reference value :  2.18192e-06
 Reference value :  2.18233e-06
 Reference value :  2.18274e-06
 Reference value :  2.18288e-06
 Reference value :  2.18315e-06
 Reference value :  2.18334e-06
 Reference value :  2.18349e-06
 Reference value :  2.18376e-06
 Reference value :  2.18404e-06
 Reference value :  2.18427e-06
 Reference value :  2.18455e-06
 Reference value :  2.18483e-06
 Reference value :  2.18512e-06
 Reference value :  2.18540e-06
 Reference value :  2.18560e-06
 Reference value :  2.18573e-06
 Reference value :  2.18594e-06
 Reference value :  2.18621e-06
 Reference value :  2.18650e-06
 Reference value :  2.18674e-06
 Reference value :  2.18699e-06
 Reference value :  2.18720e-06
 Reference value :  2.18737e-06
 Reference value :  2.18778e-06
 Reference value :  2.18815e-06
 Reference value :  2.18855e-06
 Reference value :  2.18894e-06
 Reference value :  2.18935e-06
 Reference value :  2.18977e-06
 Reference value :  2.19018e-06
 Reference value :  2.19059e-06
 Reference value :  2.19087e-06
 Reference value :  2.19110e-06
 Reference value :  2.19151e-06
 Reference value :  2.19193e-06
 Reference value :  2.19234e-06
 Reference value :  2.19275e-06
 Reference value :  2.19306e-06
 Reference value :  2.19334e-06
 Reference value :  2.19363e-06
 Reference value :  2.19390e-06
 Reference value :  2.19416e-06
 Reference value :  2.19446e-06
 Reference value :  2.19474e-06
 Reference value :  2.19506e-06
 Reference value :  2.19536e-06
 Reference value :  2.19564e-06
 Reference value :  2.19582e-06
 Reference value :  2.19605e-06
 Reference value :  2.19627e-06
 Reference value :  2.19668e-06
 Reference value :  2.19709e-06
 Reference value :  2.19750e-06
 Reference value :  2.19792e-06
 Reference value :  2.19827e-06
 Reference value :  2.19867e-06
 Reference value :  2.19908e-06
 Reference value :  2.19938e-06
 Reference value :  2.19972e-06
 Reference value :  2.20012e-06
 Reference value :  2.20047e-06
 Reference value :  2.20079e-06
 Reference value :  2.20120e-06
 Reference value :  2.20161e-06
 Reference value :  2.20202e-06
 Reference value :  2.20244e-06
 Reference value :  2.20285e-06
 Reference value :  2.20326e-06
 Reference value :  2.20367e-06
 Reference value :  2.20408e-06
 Reference value :  2.20449e-06
 Reference value :  2.20490e-06
 Reference value :  2.20502e-06
 Reference value :  2.20543e-06
 Reference value :  2.20584e-06
 Reference value :  2.20626e-06
 Reference value :  2.20666e-06
 Reference value :  2.20708e-06
 Reference value :  2.20749e-06
 Reference value :  2.20790e-06
 Reference value :  2.20829e-06
 Reference value :  2.20870e-06
 Reference value :  2.20911e-06
 Reference value :  2.20952e-06
 Reference value :  2.20983e-06
 Reference value :  2.21017e-06
 Reference value :  2.21041e-06
 Reference value :  2.21059e-06
 Reference value :  2.21086e-06
 Reference value :  2.21113e-06
 Reference value :  2.21139e-06
 Reference value :  2.21167e-06
 Reference value :  2.21195e-06
 Reference value :  2.21219e-06
 Reference value :  2.21244e-06
 Reference value :  2.21272e-06
 Reference value :  2.21297e-06
 Reference value :  2.21320e-06
 Reference value :  2.21339e-06
 Reference value :  2.21380e-06
 Reference value :  2.21412e-06
 Reference value :  2.21430e-06
 Reference value :  2.21452e-06
 Reference value :  2.21484e-06
 Reference value :  2.21515e-06
 Reference value :  2.21536e-06
 Reference value :  2.21547e-06
 Reference value :  2.21563e-06
 Reference value :  2.21586e-06
 Reference value :  2.21607e-06
 Reference value :  2.21631e-06
 Reference value :  2.21657e-06
 Reference value :  2.21685e-06
 Reference value :  2.21703e-06
 Reference value :  2.21722e-06
 Reference value :  2.21751e-06
 Reference value :  2.21792e-06
 Reference value :  2.21833e-06
 Reference value :  2.21875e-06
 Reference value :  2.21916e-06
 Reference value :  2.21957e-06
 Reference value :  2.21978e-06
 Reference value :  2.22000e-06
 Reference value :  2.22040e-06
 Reference value :  2.22081e-06
 Reference value :  2.22123e-06
 Reference value :  2.22164e-06
 Reference value :  2.22203e-06
 Reference value :  2.22244e-06
 Reference value :  2.22282e-06
 Reference value :  2.22324e-06
 Reference value :  2.22365e-06
 Reference value :  2.22406e-06
 Reference value :  2.22448e-06
 Reference value :  2.22489e-06
 Reference value :  2.22531e-06
 Reference value :  2.22572e-06
 Reference value :  2.22613e-06
 Reference value :  2.22638e-06
 Reference value :  2.22665e-06
 Reference value :  2.22706e-06
 Reference value :  2.22742e-06
 Reference value :  2.22783e-06
 Reference value :  2.22824e-06
 Reference value :  2.22865e-06
 Reference value :  2.22896e-06
 Reference value :  2.22933e-06
 Reference value :  2.22975e-06
 Reference value :  2.23016e-06
 Reference value :  2.23057e-06
 Reference value :  2.23098e-06
 Reference value :  2.23138e-06
 Reference value :  2.23154e-06
 Reference value :  2.23195e-06
 Reference value :  2.23237e-06
 Reference value :  2.23278e-06
 Reference value :  2.23320e-06
 Reference value :  2.23362e-06
 Reference value :  2.23402e-06
 Reference value :  2.23443e-06
 Reference value :  2.23484e-06
 Reference value :  2.23522e-06
 Reference value :  2.23547e-06
 Reference value :  2.23589e-06
 Reference value :  2.23630e-06
 Reference value :  2.23667e-06
 Reference value :  2.23677e-06
 Reference value :  2.23711e-06
 Reference value :  2.23748e-06
 Reference value :  2.23776e-06
 Reference value :  2.23798e-06
 Reference value :  2.23816e-06
 Reference value :  2.23844e-06
 Reference value :  2.23874e-06
 Reference value :  2.23901e-06
 Reference value :  2.23927e-06
 Reference value :  2.23950e-06
 Reference value :  2.23975e-06
 Reference value :  2.24012e-06
 Reference value :  2.24034e-06
 Reference value :  2.24057e-06
 Reference value :  2.24082e-06
 Reference value :  2.24106e-06
 Reference value :  2.24126e-06
 Reference value :  2.24147e-06
 Reference value :  2.24169e-06
 Reference value :  2.24197e-06
 Reference value :  2.24220e-06
 Reference value :  2.24243e-06
 Reference value :  2.24252e-06
 Reference value :  2.24252e-06
 Reference value :  2.24253e-06
 Reference value :  2.24257e-06
 Reference value :  2.24280e-06
 Reference value :  2.24300e-06
 Reference value :  2.24316e-06
 Reference value :  2.24332e-06
 Reference value :  2.24353e-06
 Reference value :  2.24367e-06
 Reference value :  2.24368e-06
 Reference value :  2.24387e-06
 Reference value :  2.24409e-06
 Reference value :  2.24419e-06
 Reference value :  2.24437e-06
 Reference value :  2.24439e-06
 Reference value :  2.24452e-06
 Reference value :  2.24465e-06
 Reference value :  2.24478e-06
 Reference value :  2.24499e-06
 Reference value :  2.24520e-06
 Reference value :  2.24543e-06
 Reference value :  2.24555e-06
 Reference value :  2.24571e-06
 Reference value :  2.24592e-06
 Reference value :  2.24608e-06
 Reference value :  2.24642e-06
 Reference value :  2.24679e-06
 Reference value :  2.24717e-06
 Reference value :  2.24740e-06
 Reference value :  2.24774e-06
 Reference value :  2.24809e-06
 Reference value :  2.24849e-06
 Reference value :  2.24885e-06
 Reference value :  2.24926e-06
 Reference value :  2.24967e-06
 Reference value :  2.25009e-06
 Reference value :  2.25050e-06
 Reference value :  2.25089e-06
 Reference value :  2.25125e-06
 Reference value :  2.25152e-06
 Reference value :  2.25193e-06
 Reference value :  2.25231e-06
 Reference value :  2.25266e-06
 Reference value :  2.25299e-06
 Reference value :  2.25338e-06
 Reference value :  2.25379e-06
 Reference value :  2.25419e-06
 Reference value :  2.25460e-06
 Reference value :  2.25477e-06
 Reference value :  2.25506e-06
 Reference value :  2.25545e-06
 Reference value :  2.25586e-06
 Reference value :  2.25621e-06
 Reference value :  2.25657e-06
 Reference value :  2.25689e-06
 Reference value :  2.25725e-06
 Reference value :  2.25766e-06
 Reference value :  2.25807e-06
 Reference value :  2.25849e-06
 Reference value :  2.25890e-06
 Reference value :  2.25932e-06
 Reference value :  2.25973e-06
 Reference value :  2.26014e-06
 Reference value :  2.26056e-06
 Reference value :  2.26097e-06
 Reference value :  2.26139e-06
 Reference value :  2.26179e-06
 Reference value :  2.26220e-06
 Reference value :  2.26262e-06
 Reference value :  2.26303e-06
 Reference value :  2.26344e-06
 Reference value :  2.26385e-06
 Reference value :  2.26427e-06
 Reference value :  2.26468e-06
 Reference value :  2.26509e-06
 Reference value :  2.26547e-06
 Reference value :  2.26589e-06
 Reference value :  2.26629e-06
 Reference value :  2.26670e-06
 Reference value :  2.26712e-06
 Reference value :  2.26754e-06
 Reference value :  2.26795e-06
 Reference value :  2.26836e-06
 Reference value :  2.26878e-06
 Reference value :  2.26919e-06
 Reference value :  2.26960e-06
 Reference value :  2.27002e-06
 Reference value :  2.27043e-06
 Reference value :  2.27084e-06
 Reference value :  2.27125e-06
 Reference value :  2.27148e-06
 Reference value :  2.27177e-06
 Reference value :  2.27218e-06
 Reference value :  2.27260e-06
 Reference value :  2.27301e-06
 Reference value :  2.27343e-06
 Reference value :  2.27384e-06
 Reference value :  2.27426e-06
 Reference value :  2.27466e-06
 Reference value :  2.27485e-06
 Reference value :  2.27501e-06
 Reference value :  2.27523e-06
 Reference value :  2.27546e-06
 Reference value :  2.27576e-06
 Reference value :  2.27605e-06
 Reference value :  2.27631e-06
 Reference value :  2.27658e-06
 Reference value :  2.27686e-06
 Reference value :  2.27710e-06
 Reference value :  2.27732e-06
 Reference value :  2.27759e-06
 Reference value :  2.27782e-06
 Reference value :  2.27802e-06
 Reference value :  2.27844e-06
 Reference value :  2.27885e-06
 Reference value :  2.27927e-06
 Reference value :  2.27960e-06
 Reference value :  2.27994e-06
 Reference value :  2.28036e-06
 Reference value :  2.28077e-06
 Reference value :  2.28119e-06
 Reference value :  2.28160e-06
 Reference value :  2.28194e-06
 Reference value :  2.28219e-06
 Reference value :  2.28261e-06
 Reference value :  2.28302e-06
 Reference value :  2.28343e-06
 Reference value :  2.28381e-06
 Reference value :  2.28423e-06
 Reference value :  2.28439e-06
 Reference value :  2.28480e-06
 Reference value :  2.28522e-06
 Reference value :  2.28563e-06
 Reference value :  2.28605e-06
 Reference value :  2.28646e-06
 Reference value :  2.28684e-06
 Reference value :  2.28726e-06
 Reference value :  2.28766e-06
 Reference value :  2.28808e-06
 Reference value :  2.28849e-06
 Reference value :  2.28890e-06
 Reference value :  2.28930e-06
 Reference value :  2.28972e-06
 Reference value :  2.29013e-06
 Reference value :  2.29055e-06
 Reference value :  2.29096e-06
 Reference value :  2.29128e-06
 Reference value :  2.29156e-06
 Reference value :  2.29195e-06
 Reference value :  2.29231e-06
 Reference value :  2.29263e-06
 Reference value :  2.29293e-06
 Reference value :  2.29334e-06
 Reference value :  2.29374e-06
 Reference value :  2.29414e-06
 Reference value :  2.29424e-06
 Reference value :  2.29465e-06
 Reference value :  2.29506e-06
 Reference value :  2.29548e-06
 Reference value :  2.29590e-06
 Reference value :  2.29629e-06
 Reference value :  2.29652e-06
 Reference value :  2.29677e-06
 Reference value :  2.29696e-06
 Reference value :  2.29724e-06
 Reference value :  2.29750e-06
 Reference value :  2.29776e-06
 Reference value :  2.29799e-06
 Reference value :  2.29822e-06
 Reference value :  2.29856e-06
 Reference value :  2.29883e-06
 Reference value :  2.29907e-06
 Reference value :  2.29931e-06
 Reference value :  2.29954e-06
 Reference value :  2.29978e-06
 Reference value :  2.30005e-06
 Reference value :  2.30026e-06
 Reference value :  2.30053e-06
 Reference value :  2.30068e-06
 Reference value :  2.30090e-06
 Reference value :  2.30111e-06
 Reference value :  2.30134e-06
 Reference value :  2.30158e-06
 Reference value :  2.30162e-06
 Reference value :  2.30162e-06
 Reference value :  2.30163e-06
 Reference value :  2.30167e-06
 Reference value :  2.30167e-06
 Reference value :  2.30168e-06
 Reference value :  2.30188e-06
 Reference value :  2.30205e-06
 Reference value :  2.30228e-06
 Reference value :  2.30246e-06
 Reference value :  2.30267e-06
 Reference value :  2.30286e-06
 Reference value :  2.30302e-06
 Reference value :  2.30318e-06
 Reference value :  2.30337e-06
 Reference value :  2.30348e-06
 Reference value :  2.30365e-06
 Reference value :  2.30365e-06
 Reference value :  2.30370e-06
 Reference value :  2.30404e-06
 Reference value :  2.30437e-06
 Reference value :  2.30477e-06
 Reference value :  2.30511e-06
 Reference value :  2.30552e-06
 Reference value :  2.30574e-06
 Reference value :  2.30598e-06
 Reference value :  2.30629e-06
 Reference value :  2.30648e-06
 Reference value :  2.30667e-06
 Reference value :  2.30672e-06
 Reference value :  2.30697e-06
 Reference value :  2.30726e-06
 Reference value :  2.30758e-06
 Reference value :  2.30789e-06
 Reference value :  2.30819e-06
 Reference value :  2.30838e-06
 Reference value :  2.30864e-06
 Reference value :  2.30885e-06
 Reference value :  2.30906e-06
 Reference value :  2.30938e-06
 Reference value :  2.30974e-06
 Reference value :  2.31016e-06
 Reference value :  2.31057e-06
 Reference value :  2.31098e-06
 Reference value :  2.31139e-06
 Reference value :  2.31178e-06
 Reference value :  2.31217e-06
 Reference value :  2.31232e-06
 Reference value :  2.31273e-06
 Reference value :  2.31314e-06
 Reference value :  2.31356e-06
 Reference value :  2.31397e-06
 Reference value :  2.31419e-06
 Reference value :  2.31434e-06
 Reference value :  2.31467e-06
 Reference value :  2.31508e-06
 Reference value :  2.31549e-06
 Reference value :  2.31591e-06
 Reference value :  2.31632e-06
 Reference value :  2.31674e-06
 Reference value :  2.31715e-06
 Reference value :  2.31757e-06
 Reference value :  2.31794e-06
 Reference value :  2.31835e-06
 Reference value :  2.31877e-06
 Reference value :  2.31918e-06
 Reference value :  2.31944e-06
 Reference value :  2.31985e-06
 Reference value :  2.32026e-06
 Reference value :  2.32068e-06
 Reference value :  2.32109e-06
 Reference value :  2.32144e-06
 Reference value :  2.32185e-06
 Reference value :  2.32227e-06
 Reference value :  2.32268e-06
 Reference value :  2.32309e-06
 Reference value :  2.32350e-06
 Reference value :  2.32392e-06
 Reference value :  2.32433e-06
 Reference value :  2.32475e-06
 Reference value :  2.32517e-06
 Reference value :  2.32558e-06
 Reference value :  2.32599e-06
 Reference value :  2.32639e-06
 Reference value :  2.32673e-06
 Reference value :  2.32713e-06
 Reference value :  2.32754e-06
 Reference value :  2.32796e-06
 Reference value :  2.32837e-06
 Reference value :  2.32879e-06
 Reference value :  2.32920e-06
 Reference value :  2.32954e-06
 Reference value :  2.32996e-06
 Reference value :  2.33037e-06
 Reference value :  2.33074e-06
 Reference value :  2.33115e-06
 Reference value :  2.33156e-06
 Reference value :  2.33197e-06
 Reference value :  2.33239e-06
 Reference value :  2.33280e-06
 Reference value :  2.33322e-06
 Reference value :  2.33355e-06
 Reference value :  2.33388e-06
 Reference value :  2.33428e-06
 Reference value :  2.33469e-06
 Reference value :  2.33510e-06
 Reference value :  2.33551e-06
 Reference value :  2.33592e-06
 Reference value :  2.33634e-06
 Reference value :  2.33675e-06
 Reference value :  2.33717e-06
 Reference value :  2.33758e-06
 Reference value :  2.33800e-06
 Reference value :  2.33841e-06
 Reference value :  2.33879e-06
 Reference value :  2.33897e-06
 Reference value :  2.33928e-06
 Reference value :  2.33954e-06
 Reference value :  2.33994e-06
 Reference value :  2.34035e-06
 Reference value :  2.34076e-06
 Reference value :  2.34117e-06
 Reference value :  2.34150e-06
 Reference value :  2.34191e-06
 Reference value :  2.34232e-06
 Reference value :  2.34270e-06
 Reference value :  2.34311e-06
 Reference value :  2.34352e-06
 Reference value :  2.34393e-06
 Reference value :  2.34434e-06
 Reference value :  2.34471e-06
 Reference value :  2.34505e-06
 Reference value :  2.34546e-06
 Reference value :  2.34580e-06
 Reference value :  2.34621e-06
 Reference value :  2.34661e-06
 Reference value :  2.34702e-06
 Reference value :  2.34743e-06
 Reference value :  2.34783e-06
 Reference value :  2.34824e-06
 Reference value :  2.34865e-06
 Reference value :  2.34905e-06
 Reference value :  2.34939e-06
 Reference value :  2.34961e-06
 Reference value :  2.34982e-06
 Reference value :  2.35010e-06
 Reference value :  2.35032e-06
 Reference value :  2.35052e-06
 Reference value :  2.35080e-06
 Reference value :  2.35107e-06
 Reference value :  2.35136e-06
 Reference value :  2.35161e-06
 Reference value :  2.35180e-06
 Reference value :  2.35200e-06
 Reference value :  2.35226e-06
 Reference value :  2.35252e-06
 Reference value :  2.35281e-06
 Reference value :  2.35304e-06
 Reference value :  2.35328e-06
 Reference value :  2.35348e-06
 Reference value :  2.35389e-06
 Reference value :  2.35429e-06
 Reference value :  2.35467e-06
 Reference value :  2.35471e-06
 Reference value :  2.35491e-06
 Reference value :  2.35513e-06
 Reference value :  2.35531e-06
 Reference value :  2.35571e-06
 Reference value :  2.35612e-06
 Reference value :  2.35653e-06
 Reference value :  2.35693e-06
 Reference value :  2.35734e-06
 Reference value :  2.35775e-06
 Reference value :  2.35816e-06
 Reference value :  2.35856e-06
 Reference value :  2.35893e-06
 Reference value :  2.35915e-06
 Reference value :  2.35945e-06
 Reference value :  2.35969e-06
 Reference value :  2.36004e-06
 Reference value :  2.36044e-06
 Reference value :  2.36085e-06
 Reference value :  2.36126e-06
 Reference value :  2.36166e-06
 Reference value :  2.36207e-06
 Reference value :  2.36248e-06
 Reference value :  2.36287e-06
 Reference value :  2.36327e-06
 Reference value :  2.36367e-06
 Reference value :  2.36408e-06
 Reference value :  2.36448e-06
 Reference value :  2.36489e-06
 Reference value :  2.36530e-06
 Reference value :  2.36571e-06
 Reference value :  2.36609e-06
 Reference value :  2.36649e-06
 Reference value :  2.36690e-06
 Reference value :  2.36730e-06
 Reference value :  2.36771e-06
 Reference value :  2.36812e-06
 Reference value :  2.36852e-06
 Reference value :  2.36893e-06
 Reference value :  2.36934e-06
 Reference value :  2.36975e-06
 Reference value :  2.37015e-06
 Reference value :  2.37056e-06
 Reference value :  2.37097e-06
 Reference value :  2.37134e-06
 Reference value :  2.37175e-06
 Reference value :  2.37186e-06
 Reference value :  2.37226e-06
 Reference value :  2.37266e-06
 Reference value :  2.37307e-06
 Reference value :  2.37348e-06
 Reference value :  2.37389e-06
 Reference value :  2.37430e-06
 Reference value :  2.37471e-06
 Reference value :  2.37511e-06
 Reference value :  2.37552e-06
 Reference value :  2.37592e-06
 Reference value :  2.37630e-06
 Reference value :  2.37670e-06
 Reference value :  2.37706e-06
 Reference value :  2.37745e-06
 Reference value :  2.37786e-06
 Reference value :  2.37824e-06
 Reference value :  2.37858e-06
 Reference value :  2.37892e-06
 Reference value :  2.37932e-06
 Reference value :  2.37973e-06
 Reference value :  2.38013e-06
 Reference value :  2.38054e-06
 Reference value :  2.38094e-06
 Reference value :  2.38134e-06
 Reference value :  2.38175e-06
 Reference value :  2.38215e-06
 Reference value :  2.38256e-06
 Reference value :  2.38296e-06
 Reference value :  2.38337e-06
 Reference value :  2.38377e-06
 Reference value :  2.38418e-06
 Reference value :  2.38451e-06
 Reference value :  2.38460e-06
 Reference value :  2.38467e-06
 Reference value :  2.38481e-06
 Reference value :  2.38499e-06
 Reference value :  2.38516e-06
 Reference value :  2.38534e-06
 Reference value :  2.38549e-06
 Reference value :  2.38569e-06
 Reference value :  2.38578e-06
 Reference value :  2.38583e-06
 Reference value :  2.38591e-06
 Reference value :  2.38597e-06
 Reference value :  2.38603e-06
 Reference value :  2.38629e-06
 Reference value :  2.38668e-06
 Reference value :  2.38709e-06
 Reference value :  2.38729e-06
 Reference value :  2.38738e-06
 Reference value :  2.38778e-06
 Reference value :  2.38802e-06
 Reference value :  2.38843e-06
 Reference value :  2.38884e-06
 Reference value :  2.38924e-06
 Reference value :  2.38940e-06
 Reference value :  2.38940e-06
 Reference value :  2.38962e-06
 Reference value :  2.39003e-06
 Reference value :  2.39044e-06
 Reference value :  2.39085e-06
 Reference value :  2.39126e-06
 Reference value :  2.39161e-06
 Reference value :  2.39182e-06
 Reference value :  2.39197e-06
 Reference value :  2.39237e-06
 Reference value :  2.39278e-06
 Reference value :  2.39308e-06
 Reference value :  2.39331e-06
 Reference value :  2.39346e-06
 Reference value :  2.39348e-06
 Reference value :  2.39364e-06
 Reference value :  2.39404e-06
 Reference value :  2.39441e-06
 Reference value :  2.39481e-06
 Reference value :  2.39515e-06
 Reference value :  2.39544e-06
 Reference value :  2.39558e-06
 Reference value :  2.39572e-06
 Reference value :  2.39613e-06
 Reference value :  2.39654e-06
 Reference value :  2.39692e-06
 Reference value :  2.39733e-06
 Reference value :  2.39773e-06
 Reference value :  2.39814e-06
 Reference value :  2.39854e-06
 Reference value :  2.39882e-06
 Reference value :  2.39896e-06
 Reference value :  2.39913e-06
 Reference value :  2.39953e-06
 Reference value :  2.39977e-06
 Reference value :  2.40012e-06
 Reference value :  2.40037e-06
 Reference value :  2.40060e-06
 Reference value :  2.40084e-06
 Reference value :  2.40115e-06
 Reference value :  2.40126e-06
 Reference value :  2.40127e-06
 Reference value :  2.40127e-06
 Reference value :  2.40127e-06
 Reference value :  2.40130e-06
 Reference value :  2.40145e-06
 Reference value :  2.40151e-06
 Reference value :  2.40157e-06
 Reference value :  2.40195e-06
 Reference value :  2.40208e-06
 Reference value :  2.40236e-06
 Reference value :  2.40277e-06
 Reference value :  2.40318e-06
 Reference value :  2.40359e-06
 Reference value :  2.40383e-06
 Reference value :  2.40395e-06
 Reference value :  2.40399e-06
 Reference value :  2.40412e-06
 Reference value :  2.40435e-06
 Reference value :  2.40469e-06
 Reference value :  2.40510e-06
 Reference value :  2.40551e-06
 Reference value :  2.40578e-06
 Reference value :  2.40603e-06
 Reference value :  2.40625e-06
 Reference value :  2.40653e-06
 Reference value :  2.40682e-06
 Reference value :  2.40711e-06
 Reference value :  2.40739e-06
 Reference value :  2.40764e-06
 Reference value :  2.40792e-06
 Reference value :  2.40819e-06
 Reference value :  2.40847e-06
 Reference value :  2.40870e-06
 Reference value :  2.40896e-06
 Reference value :  2.40918e-06
 Reference value :  2.40954e-06
 Reference value :  2.40979e-06
 Reference value :  2.40995e-06
 Reference value :  2.41018e-06
 Reference value :  2.41033e-06
 Reference value :  2.41057e-06
 Reference value :  2.41081e-06
 Reference value :  2.41105e-06
 Reference value :  2.41130e-06
 Reference value :  2.41154e-06
 Reference value :  2.41170e-06
 Reference value :  2.41170e-06
 Reference value :  2.41170e-06
 Reference value :  2.41171e-06
 Reference value :  2.41171e-06
 Reference value :  2.41171e-06
 Reference value :  2.41172e-06
 Reference value :  2.41172e-06
 Reference value :  2.41172e-06
 Reference value :  2.41172e-06
 Reference value :  2.41173e-06
 Reference value :  2.41173e-06
 Reference value :  2.41189e-06
 Reference value :  2.41209e-06
 Reference value :  2.41223e-06
 Reference value :  2.41241e-06
 Reference value :  2.41259e-06
 Reference value :  2.41260e-06
 Reference value :  2.41277e-06
 Reference value :  2.41286e-06
 Reference value :  2.41307e-06
 Reference value :  2.41342e-06
 Reference value :  2.41376e-06
 Reference value :  2.41416e-06
 Reference value :  2.41457e-06
 Reference value :  2.41496e-06
 Reference value :  2.41531e-06
 Reference value :  2.41568e-06
 Reference value :  2.41588e-06
 Reference value :  2.41625e-06
 Reference value :  2.41657e-06
 Reference value :  2.41679e-06
 Reference value :  2.41720e-06
 Reference value :  2.41761e-06
 Reference value :  2.41802e-06
 Reference value :  2.41843e-06
 Reference value :  2.41880e-06
 Reference value :  2.41921e-06
 Reference value :  2.41961e-06
 Reference value :  2.42003e-06
 Reference value :  2.42043e-06
 Reference value :  2.42084e-06
 Reference value :  2.42122e-06
 Reference value :  2.42163e-06
 Reference value :  2.42199e-06
 Reference value :  2.42239e-06
 Reference value :  2.42281e-06
 Reference value :  2.42317e-06
 Reference value :  2.42349e-06
 Reference value :  2.42385e-06
 Reference value :  2.42426e-06
 Reference value :  2.42467e-06
 Reference value :  2.42508e-06
 Reference value :  2.42549e-06
 Reference value :  2.42579e-06
 Reference value :  2.42616e-06
 Reference value :  2.42657e-06
 Reference value :  2.42696e-06
 Reference value :  2.42737e-06
 Reference value :  2.42778e-06
 Reference value :  2.42819e-06
 Reference value :  2.42857e-06
 Reference value :  2.42898e-06
 Reference value :  2.42926e-06
 Reference value :  2.42966e-06
 Reference value :  2.43007e-06
 Reference value :  2.43048e-06
 Reference value :  2.43089e-06
 Reference value :  2.43130e-06
 Reference value :  2.43171e-06
 Reference value :  2.43212e-06
 Reference value :  2.43253e-06
 Reference value :  2.43294e-06
 Reference value :  2.43335e-06
 Reference value :  2.43376e-06
 Reference value :  2.43416e-06
 Reference value :  2.43433e-06
 Reference value :  2.43474e-06
 Reference value :  2.43515e-06
 Reference value :  2.43555e-06
 Reference value :  2.43596e-06
 Reference value :  2.43637e-06
 Reference value :  2.43673e-06
 Reference value :  2.43712e-06
 Reference value :  2.43753e-06
 Reference value :  2.43794e-06
 Reference value :  2.43834e-06
 Reference value :  2.43875e-06
 Reference value :  2.43916e-06
 Reference value :  2.43954e-06
 Reference value :  2.43991e-06
 Reference value :  2.44032e-06
 Reference value :  2.44073e-06
 Reference value :  2.44114e-06
 Reference value :  2.44155e-06
 Reference value :  2.44196e-06
 Reference value :  2.44236e-06
 Reference value :  2.44275e-06
 Reference value :  2.44316e-06
 Reference value :  2.44357e-06
 Reference value :  2.44397e-06
 Reference value :  2.44438e-06
 Reference value :  2.44479e-06
 Reference value :  2.44513e-06
 Reference value :  2.44548e-06
 Reference value :  2.44553e-06
 Reference value :  2.44553e-06
 Reference value :  2.44593e-06
 Reference value :  2.44630e-06
 Reference value :  2.44669e-06
 Reference value :  2.44710e-06
 Reference value :  2.44740e-06
 Reference value :  2.44771e-06
 Reference value :  2.44804e-06
 Reference value :  2.44844e-06
 Reference value :  2.44885e-06
 Reference value :  2.44926e-06
 Reference value :  2.44949e-06
 Reference value :  2.44984e-06
 Reference value :  2.45025e-06
 Reference value :  2.45066e-06
 Reference value :  2.45107e-06
 Reference value :  2.45142e-06
 Reference value :  2.45183e-06
 Reference value :  2.45224e-06
 Reference value :  2.45234e-06
 Reference value :  2.45268e-06
 Reference value :  2.45308e-06
 Reference value :  2.45348e-06
 Reference value :  2.45390e-06
 Reference value :  2.45426e-06
 Reference value :  2.45466e-06
 Reference value :  2.45507e-06
 Reference value :  2.45543e-06
 Reference value :  2.45565e-06
 Reference value :  2.45581e-06
 Reference value :  2.45594e-06
 Reference value :  2.45616e-06
 Reference value :  2.45639e-06
 Reference value :  2.45639e-06
 Reference value :  2.45653e-06
 Reference value :  2.45685e-06
 Reference value :  2.45709e-06
 Reference value :  2.45735e-06
 Reference value :  2.45757e-06
 Reference value :  2.45770e-06
 Reference value :  2.45797e-06
 Reference value :  2.45838e-06
 Reference value :  2.45880e-06
 Reference value :  2.45921e-06
 Reference value :  2.45962e-06
 Reference value :  2.45980e-06
 Reference value :  2.46015e-06
 Reference value :  2.46056e-06
 Reference value :  2.46097e-06
 Reference value :  2.46139e-06
 Reference value :  2.46174e-06
 Reference value :  2.46180e-06
 Reference value :  2.46222e-06
 Reference value :  2.46262e-06
 Reference value :  2.46303e-06
 Reference value :  2.46341e-06
 Reference value :  2.46382e-06
 Reference value :  2.46424e-06
 Reference value :  2.46465e-06
 Reference value :  2.46506e-06
 Reference value :  2.46544e-06
 Reference value :  2.46585e-06
 Reference value :  2.46627e-06
 Reference value :  2.46667e-06
 Reference value :  2.46709e-06
 Reference value :  2.46750e-06
 Reference value :  2.46779e-06
 Reference value :  2.46818e-06
 Reference value :  2.46860e-06
 Reference value :  2.46902e-06
 Reference value :  2.46939e-06
 Reference value :  2.46980e-06
 Reference value :  2.47011e-06
 Reference value :  2.47049e-06
 Reference value :  2.47090e-06
 Reference value :  2.47132e-06
 Reference value :  2.47168e-06
 Reference value :  2.47209e-06
 Reference value :  2.47227e-06
 Reference value :  2.47244e-06
 Reference value :  2.47266e-06
 Reference value :  2.47289e-06
 Reference value :  2.47311e-06
 Reference value :  2.47339e-06
 Reference value :  2.47365e-06
 Reference value :  2.47394e-06
 Reference value :  2.47422e-06
 Reference value :  2.47447e-06
 Reference value :  2.47473e-06
 Reference value :  2.47497e-06
 Reference value :  2.47521e-06
 Reference value :  2.47541e-06
 Reference value :  2.47579e-06
 Reference value :  2.47613e-06
 Reference value :  2.47654e-06
 Reference value :  2.47695e-06
 Reference value :  2.47736e-06
 Reference value :  2.47778e-06
 Reference value :  2.47819e-06
 Reference value :  2.47861e-06
 Reference value :  2.47884e-06
 Reference value :  2.47918e-06
 Reference value :  2.47959e-06
 Reference value :  2.48000e-06
 Reference value :  2.48041e-06
 Reference value :  2.48081e-06
 Reference value :  2.48123e-06
 Reference value :  2.48164e-06
 Reference value :  2.48205e-06
 Reference value :  2.48247e-06
 Reference value :  2.48289e-06
 Reference value :  2.48330e-06
 Reference value :  2.48372e-06
 Reference value :  2.48402e-06
 Reference value :  2.48428e-06
 Reference value :  2.48469e-06
 Reference value :  2.48510e-06
 Reference value :  2.48552e-06
 Reference value :  2.48593e-06
 Reference value :  2.48635e-06
 Reference value :  2.48676e-06
 Reference value :  2.48714e-06
 Reference value :  2.48755e-06
 Reference value :  2.48797e-06
 Reference value :  2.48837e-06
 Reference value :  2.48878e-06
 Reference value :  2.48920e-06
 Reference value :  2.48958e-06
 Reference value :  2.48990e-06
 Reference value :  2.49013e-06
 Reference value :  2.49037e-06
 Reference value :  2.49065e-06
 Reference value :  2.49091e-06
 Reference value :  2.49117e-06
 Reference value :  2.49136e-06
 Reference value :  2.49161e-06
 Reference value :  2.49186e-06
 Reference value :  2.49209e-06
 Reference value :  2.49236e-06
 Reference value :  2.49264e-06
 Reference value :  2.49286e-06
 Reference value :  2.49313e-06
 Reference value :  2.49333e-06
 Reference value :  2.49371e-06
 Reference value :  2.49412e-06
 Reference value :  2.49454e-06
 Reference value :  2.49495e-06
 Reference value :  2.49536e-06
 Reference value :  2.49578e-06
 Reference value :  2.49597e-06
 Reference value :  2.49631e-06
 Reference value :  2.49667e-06
 Reference value :  2.49691e-06
 Reference value :  2.49707e-06
 Reference value :  2.49738e-06
 Reference value :  2.49779e-06
 Reference value :  2.49820e-06
 Reference value :  2.49860e-06
 Reference value :  2.49902e-06
 Reference value :  2.49942e-06
 Reference value :  2.49983e-06
 Reference value :  2.50012e-06
 Reference value :  2.50026e-06
 Reference value :  2.50047e-06
 Reference value :  2.50075e-06
 Reference value :  2.50100e-06
 Reference value :  2.50126e-06
 Reference value :  2.50155e-06
 Reference value :  2.50183e-06
 Reference value :  2.50214e-06
 Reference value :  2.50245e-06
 Reference value :  2.50274e-06
 Reference value :  2.50304e-06
 Reference value :  2.50313e-06
 Reference value :  2.50336e-06
 Reference value :  2.50363e-06
 Reference value :  2.50384e-06
 Reference value :  2.50407e-06
 Reference value :  2.50430e-06
 Reference value :  2.50452e-06
 Reference value :  2.50475e-06
 Reference value :  2.50493e-06
 Reference value :  2.50513e-06
 Reference value :  2.50549e-06
 Reference value :  2.50588e-06
 Reference value :  2.50629e-06
 Reference value :  2.50670e-06
 Reference value :  2.50711e-06
 Reference value :  2.50751e-06
 Reference value :  2.50779e-06
 Reference value :  2.50820e-06
 Reference value :  2.50840e-06
 Reference value :  2.50872e-06
 Reference value :  2.50913e-06
 Reference value :  2.50944e-06
 Reference value :  2.50979e-06
 Reference value :  2.51020e-06
 Reference value :  2.51061e-06
 Reference value :  2.51102e-06
 Reference value :  2.51140e-06
 Reference value :  2.51177e-06
 Reference value :  2.51194e-06
 Reference value :  2.51216e-06
 Reference value :  2.51237e-06
 Reference value :  2.51260e-06
 Reference value :  2.51284e-06
 Reference value :  2.51308e-06
 Reference value :  2.51336e-06
 Reference value :  2.51363e-06
 Reference value :  2.51390e-06
 Reference value :  2.51413e-06
 Reference value :  2.51436e-06
 Reference value :  2.51460e-06
 Reference value :  2.51486e-06
 Reference value :  2.51510e-06
 Reference value :  2.51547e-06
 Reference value :  2.51582e-06
 Reference value :  2.51623e-06
 Reference value :  2.51664e-06
 Reference value :  2.51705e-06
 Reference value :  2.51745e-06
 Reference value :  2.51769e-06
 Reference value :  2.51808e-06
 Reference value :  2.51849e-06
 Reference value :  2.51890e-06
 Reference value :  2.51931e-06
 Reference value :  2.51972e-06
 Reference value :  2.52013e-06
 Reference value :  2.52054e-06
 Reference value :  2.52095e-06
 Reference value :  2.52135e-06
 Reference value :  2.52176e-06
 Reference value :  2.52217e-06
 Reference value :  2.52258e-06
 Reference value :  2.52295e-06
 Reference value :  2.52336e-06
 Reference value :  2.52377e-06
 Reference value :  2.52418e-06
 Reference value :  2.52456e-06
 Reference value :  2.52470e-06
 Reference value :  2.52511e-06
 Reference value :  2.52552e-06
 Reference value :  2.52589e-06
 Reference value :  2.52630e-06
 Reference value :  2.52670e-06
 Reference value :  2.52711e-06
 Reference value :  2.52752e-06
 Reference value :  2.52790e-06
 Reference value :  2.52806e-06
 Reference value :  2.52847e-06
 Reference value :  2.52887e-06
 Reference value :  2.52914e-06
 Reference value :  2.52953e-06
 Reference value :  2.52994e-06
 Reference value :  2.53035e-06
 Reference value :  2.53076e-06
 Reference value :  2.53111e-06
 Reference value :  2.53144e-06
 Reference value :  2.53184e-06
 Reference value :  2.53225e-06
 Reference value :  2.53266e-06
 Reference value :  2.53295e-06
 Reference value :  2.53311e-06
 Reference value :  2.53332e-06
 Reference value :  2.53352e-06
 Reference value :  2.53366e-06
 Reference value :  2.53383e-06
 Reference value :  2.53409e-06
 Reference value :  2.53433e-06
 Reference value :  2.53467e-06
 Reference value :  2.53504e-06
 Reference value :  2.53544e-06
 Reference value :  2.53580e-06
 Reference value :  2.53621e-06
 Reference value :  2.53659e-06
 Reference value :  2.53700e-06
 Reference value :  2.53740e-06
 Reference value :  2.53759e-06
 Reference value :  2.53800e-06
 Reference value :  2.53841e-06
 Reference value :  2.53881e-06
 Reference value :  2.53915e-06
 Reference value :  2.53956e-06
 Reference value :  2.53996e-06
 Reference value :  2.54037e-06
 Reference value :  2.54078e-06
 Reference value :  2.54115e-06
 Reference value :  2.54156e-06
 Reference value :  2.54197e-06
 Reference value :  2.54238e-06
 Reference value :  2.54279e-06
 Reference value :  2.54319e-06
 Reference value :  2.54360e-06
 Reference value :  2.54400e-06
 Reference value :  2.54441e-06
 Reference value :  2.54482e-06
 Reference value :  2.54522e-06
 Reference value :  2.54560e-06
 Reference value :  2.54601e-06
 Reference value :  2.54643e-06
 Reference value :  2.54683e-06
 Reference value :  2.54724e-06
 Reference value :  2.54764e-06
 Reference value :  2.54802e-06
 Reference value :  2.54843e-06
 Reference value :  2.54876e-06
 Reference value :  2.54916e-06
 Reference value :  2.54957e-06
 Reference value :  2.54997e-06
 Reference value :  2.55038e-06
 Reference value :  2.55079e-06
 Reference value :  2.55120e-06
 Reference value :  2.55161e-06
 Reference value :  2.55195e-06
 Reference value :  2.55229e-06
 Reference value :  2.55269e-06
 Reference value :  2.55303e-06
 Reference value :  2.55330e-06
 Reference value :  2.55361e-06
 Reference value :  2.55391e-06
 Reference value :  2.55432e-06
 Reference value :  2.55473e-06
 Reference value :  2.55514e-06
 Reference value :  2.55555e-06
 Reference value :  2.55596e-06
 Reference value :  2.55637e-06
 Reference value :  2.55675e-06
 Reference value :  2.55714e-06
 Reference value :  2.55744e-06
 Reference value :  2.55785e-06
 Reference value :  2.55825e-06
 Reference value :  2.55866e-06
 Reference value :  2.55906e-06
 Reference value :  2.55938e-06
 Reference value :  2.55955e-06
 Reference value :  2.55977e-06
 Reference value :  2.56004e-06
 Reference value :  2.56029e-06
 Reference value :  2.56054e-06
 Reference value :  2.56075e-06
 Reference value :  2.56089e-06
 Reference value :  2.56105e-06
 Reference value :  2.56123e-06
 Reference value :  2.56139e-06
 Reference value :  2.56154e-06
 Reference value :  2.56174e-06
 Reference value :  2.56186e-06
 Reference value :  2.56193e-06
 Reference value :  2.56220e-06
 Reference value :  2.56235e-06
 Reference value :  2.56262e-06
 Reference value :  2.56286e-06
 Reference value :  2.56302e-06
 Reference value :  2.56339e-06
 Reference value :  2.56380e-06
 Reference value :  2.56420e-06
 Reference value :  2.56461e-06
 Reference value :  2.56501e-06
 Reference value :  2.56526e-06
 Reference value :  2.56559e-06
 Reference value :  2.56591e-06
 Reference value :  2.56630e-06
 Reference value :  2.56667e-06
 Reference value :  2.56706e-06
 Reference value :  2.56740e-06
 Reference value :  2.56780e-06
 Reference value :  2.56821e-06
 Reference value :  2.56862e-06
 Reference value :  2.56901e-06
 Reference value :  2.56942e-06
 Reference value :  2.56983e-06
 Reference value :  2.57024e-06
 Reference value :  2.57065e-06
 Reference value :  2.57106e-06
 Reference value :  2.57144e-06
 Reference value :  2.57174e-06
 Reference value :  2.57215e-06
 Reference value :  2.57256e-06
 Reference value :  2.57297e-06
 Reference value :  2.57338e-06
 Reference value :  2.57369e-06
 Reference value :  2.57406e-06
 Reference value :  2.57443e-06
 Reference value :  2.57484e-06
 Reference value :  2.57524e-06
 Reference value :  2.57562e-06
 Reference value :  2.57599e-06
 Reference value :  2.57640e-06
 Reference value :  2.57680e-06
 Reference value :  2.57713e-06
 Reference value :  2.57720e-06
 Reference value :  2.57760e-06
 Reference value :  2.57801e-06
 Reference value :  2.57842e-06
 Reference value :  2.57882e-06
 Reference value :  2.57919e-06
 Reference value :  2.57960e-06
 Reference value :  2.58001e-06
 Reference value :  2.58042e-06
 Reference value :  2.58082e-06
 Reference value :  2.58123e-06
 Reference value :  2.58164e-06
 Reference value :  2.58205e-06
 Reference value :  2.58246e-06
 Reference value :  2.58287e-06
 Reference value :  2.58328e-06
 Reference value :  2.58369e-06
 Reference value :  2.58410e-06
 Reference value :  2.58451e-06
 Reference value :  2.58492e-06
 Reference value :  2.58532e-06
 Reference value :  2.58573e-06
 Reference value :  2.58614e-06
 Reference value :  2.58656e-06
 Reference value :  2.58697e-06
 Reference value :  2.58738e-06
 Reference value :  2.58774e-06
 Reference value :  2.58815e-06
 Reference value :  2.58856e-06
 Reference value :  2.58897e-06
 Reference value :  2.58938e-06
 Reference value :  2.58979e-06
 Reference value :  2.59020e-06
 Reference value :  2.59060e-06
 Reference value :  2.59102e-06
 Reference value :  2.59143e-06
 Reference value :  2.59181e-06
 Reference value :  2.59222e-06
 Reference value :  2.59263e-06
 Reference value :  2.59304e-06
 Reference value :  2.59345e-06
 Reference value :  2.59386e-06
 Reference value :  2.59427e-06
 Reference value :  2.59468e-06
 Reference value :  2.59509e-06
 Reference value :  2.59550e-06
 Reference value :  2.59591e-06
 Reference value :  2.59632e-06
 Reference value :  2.59664e-06
 Reference value :  2.59700e-06
 Reference value :  2.59738e-06
 Reference value :  2.59779e-06
 Reference value :  2.59820e-06
 Reference value :  2.59844e-06
 Reference value :  2.59859e-06
 Reference value :  2.59880e-06
 Reference value :  2.59910e-06
 Reference value :  2.59935e-06
 Reference value :  2.59962e-06
 Reference value :  2.59989e-06
No. of Data Rows : 3380011
tk                  =  4.73639e-09
tk                  =  7.61099e-09
tk                  =  1.04859e-08
tk                  =  1.33593e-08
tk                  =  1.62332e-08
tk                  =  1.91066e-08
tk                  =  2.19814e-08
tk                  =  2.48554e-08
tk                  =  2.77306e-08
tk                  =  3.06037e-08
tk                  =  3.34785e-08
tk                  =  3.63520e-08
tk                  =  3.92261e-08
tk                  =  4.20996e-08
tk                  =  4.49730e-08
tk                  =  4.78472e-08
tk                  =  5.07212e-08
tk                  =  5.35946e-08
tk                  =  5.64677e-08
tk                  =  5.93414e-08
tk                  =  6.22157e-08
tk                  =  6.50903e-08
tk                  =  6.79639e-08
tk                  =  7.08382e-08
tk                  =  7.37122e-08
tk                  =  7.65859e-08
tk                  =  7.94604e-08
tk                  =  8.23342e-08
tk                  =  8.52082e-08
tk                  =  8.80828e-08
tk                  =  9.09568e-08
tk                  =  9.38316e-08
tk                  =  9.67051e-08
tk                  =  9.95802e-08
tk                  =  1.02455e-07
tk                  =  1.05329e-07
tk                  =  1.08203e-07
tk                  =  1.11077e-07
tk                  =  1.13952e-07
tk                  =  1.16824e-07
tk                  =  1.19699e-07
tk                  =  1.22572e-07
tk                  =  1.25446e-07
tk                  =  1.28321e-07
tk                  =  1.31195e-07
tk                  =  1.34067e-07
tk                  =  1.36941e-07
tk                  =  1.39815e-07
tk                  =  1.42688e-07
tk                  =  1.45563e-07
tk                  =  1.48438e-07
tk                  =  1.51312e-07
tk                  =  1.54186e-07
tk                  =  1.57061e-07
tk                  =  1.59935e-07
tk                  =  1.62808e-07
tk                  =  1.65682e-07
tk                  =  1.68557e-07
tk                  =  1.71431e-07
tk                  =  1.74305e-07
tk                  =  1.77180e-07
tk                  =  1.80054e-07
tk                  =  1.82929e-07
tk                  =  1.85802e-07
tk                  =  1.88676e-07
tk                  =  1.91550e-07
tk                  =  1.94424e-07
tk                  =  1.97297e-07
tk                  =  2.00171e-07
tk                  =  2.03045e-07
tk                  =  2.05919e-07
tk                  =  2.08793e-07
tk                  =  2.11667e-07
tk                  =  2.14540e-07
tk                  =  2.17415e-07
tk                  =  2.20289e-07
tk                  =  2.23163e-07
tk                  =  2.26037e-07
tk                  =  2.28911e-07
tk                  =  2.31785e-07
tk                  =  2.34659e-07
tk                  =  2.37532e-07
tk                  =  2.40406e-07
tk                  =  2.43281e-07
tk                  =  2.46154e-07
tk                  =  2.49028e-07
tk                  =  2.51902e-07
tk                  =  2.54778e-07
tk                  =  2.57652e-07
tk                  =  2.60526e-07
tk                  =  2.63401e-07
tk                  =  2.66274e-07
tk                  =  2.69149e-07
tk                  =  2.72023e-07
tk                  =  2.74897e-07
tk                  =  2.77770e-07
tk                  =  2.80645e-07
tk                  =  2.83519e-07
tk                  =  2.86395e-07
tk                  =  2.89269e-07
tk                  =  2.92143e-07
tk                  =  2.95017e-07
tk                  =  2.97892e-07
tk                  =  3.00766e-07
tk                  =  3.03640e-07
tk                  =  3.06515e-07
tk                  =  3.09388e-07
tk                  =  3.12262e-07
tk                  =  3.15136e-07
tk                  =  3.18011e-07
tk                  =  3.20885e-07
tk                  =  3.23757e-07
tk                  =  3.26632e-07
tk                  =  3.29505e-07
tk                  =  3.32381e-07
tk                  =  3.35254e-07
tk                  =  3.38129e-07
tk                  =  3.41002e-07
tk                  =  3.43877e-07
tk                  =  3.46750e-07
tk                  =  3.49624e-07
tk                  =  3.52498e-07
tk                  =  3.55372e-07
tk                  =  3.58245e-07
tk                  =  3.61120e-07
tk                  =  3.63994e-07
tk                  =  3.66867e-07
tk                  =  3.69741e-07
tk                  =  3.72614e-07
tk                  =  3.75489e-07
tk                  =  3.78362e-07
tk                  =  3.81237e-07
tk                  =  3.84112e-07
tk                  =  3.86985e-07
tk                  =  3.89859e-07
tk                  =  3.92734e-07
tk                  =  3.95608e-07
tk                  =  3.98481e-07
tk                  =  4.01356e-07
tk                  =  4.04229e-07
tk                  =  4.07104e-07
tk                  =  4.09977e-07
tk                  =  4.12850e-07
tk                  =  4.15725e-07
tk                  =  4.18598e-07
tk                  =  4.21472e-07
tk                  =  4.24346e-07
tk                  =  4.27219e-07
tk                  =  4.30094e-07
tk                  =  4.32968e-07
tk                  =  4.35843e-07
tk                  =  4.38717e-07
tk                  =  4.41591e-07
tk                  =  4.44465e-07
tk                  =  4.47338e-07
tk                  =  4.50214e-07
tk                  =  4.53088e-07
tk                  =  4.55962e-07
tk                  =  4.58836e-07
tk                  =  4.61709e-07
tk                  =  4.64583e-07
tk                  =  4.67456e-07
tk                  =  4.70330e-07
tk                  =  4.73205e-07
tk                  =  4.76080e-07
tk                  =  4.78954e-07
tk                  =  4.81827e-07
tk                  =  4.84701e-07
tk                  =  4.87575e-07
tk                  =  4.90448e-07
tk                  =  4.93322e-07
tk                  =  4.96196e-07
tk                  =  4.99070e-07
tk                  =  5.01943e-07
tk                  =  5.04818e-07
tk                  =  5.07691e-07
tk                  =  5.10566e-07
tk                  =  5.13439e-07
tk                  =  5.16313e-07
tk                  =  5.19187e-07
tk                  =  5.22062e-07
tk                  =  5.24936e-07
tk                  =  5.27810e-07
tk                  =  5.30684e-07
tk                  =  5.33559e-07
tk                  =  5.36434e-07
tk                  =  5.39308e-07
tk                  =  5.42182e-07
tk                  =  5.45056e-07
tk                  =  5.47930e-07
tk                  =  5.50803e-07
tk                  =  5.53678e-07
tk                  =  5.56552e-07
tk                  =  5.59426e-07
tk                  =  5.62300e-07
tk                  =  5.65174e-07
tk                  =  5.68047e-07
tk                  =  5.70920e-07
tk                  =  5.73795e-07
tk                  =  5.76669e-07
tk                  =  5.79543e-07
tk                  =  5.82416e-07
tk                  =  5.85289e-07
tk                  =  5.88164e-07
tk                  =  5.91037e-07
tk                  =  5.93911e-07
tk                  =  5.96785e-07
tk                  =  5.99660e-07
tk                  =  6.02535e-07
tk                  =  6.05408e-07
tk                  =  6.08281e-07
tk                  =  6.11155e-07
tk                  =  6.14028e-07
tk                  =  6.16903e-07
tk                  =  6.19777e-07
tk                  =  6.22651e-07
tk                  =  6.25525e-07
tk                  =  6.28399e-07
tk                  =  6.31273e-07
tk                  =  6.34147e-07
tk                  =  6.37020e-07
tk                  =  6.39895e-07
tk                  =  6.42769e-07
tk                  =  6.45643e-07
tk                  =  6.48517e-07
tk                  =  6.51390e-07
tk                  =  6.54264e-07
tk                  =  6.57138e-07
tk                  =  6.60011e-07
tk                  =  6.62885e-07
tk                  =  6.65760e-07
tk                  =  6.68635e-07
tk                  =  6.71508e-07
tk                  =  6.74382e-07
tk                  =  6.77257e-07
tk                  =  6.80131e-07
tk                  =  6.83006e-07
tk                  =  6.85880e-07
tk                  =  6.88755e-07
tk                  =  6.91629e-07
tk                  =  6.94503e-07
tk                  =  6.97378e-07
tk                  =  7.00251e-07
tk                  =  7.03125e-07
tk                  =  7.05999e-07
tk                  =  7.08873e-07
tk                  =  7.11747e-07
tk                  =  7.14622e-07
tk                  =  7.17498e-07
tk                  =  7.20371e-07
tk                  =  7.23244e-07
tk                  =  7.26119e-07
tk                  =  7.28993e-07
tk                  =  7.31867e-07
tk                  =  7.34742e-07
tk                  =  7.37616e-07
tk                  =  7.40490e-07
tk                  =  7.43364e-07
tk                  =  7.46239e-07
tk                  =  7.49112e-07
tk                  =  7.51986e-07
tk                  =  7.54860e-07
tk                  =  7.57735e-07
tk                  =  7.60609e-07
tk                  =  7.63483e-07
tk                  =  7.66357e-07
tk                  =  7.69231e-07
tk                  =  7.72105e-07
tk                  =  7.74980e-07
tk                  =  7.77854e-07
tk                  =  7.80729e-07
tk                  =  7.83603e-07
tk                  =  7.86477e-07
tk                  =  7.89351e-07
tk                  =  7.92224e-07
tk                  =  7.95099e-07
tk                  =  7.97971e-07
tk                  =  8.00846e-07
tk                  =  8.03719e-07
tk                  =  8.06594e-07
tk                  =  8.09468e-07
tk                  =  8.12342e-07
tk                  =  8.15216e-07
tk                  =  8.18091e-07
tk                  =  8.20965e-07
tk                  =  8.23840e-07
tk                  =  8.26714e-07
tk                  =  8.29588e-07
tk                  =  8.32461e-07
tk                  =  8.35335e-07
tk                  =  8.38209e-07
tk                  =  8.41084e-07
tk                  =  8.43957e-07
tk                  =  8.46832e-07
tk                  =  8.49705e-07
tk                  =  8.52579e-07
tk                  =  8.55454e-07
tk                  =  8.58328e-07
tk                  =  8.61202e-07
tk                  =  8.64076e-07
tk                  =  8.66951e-07
tk                  =  8.69825e-07
tk                  =  8.72700e-07
tk                  =  8.75574e-07
tk                  =  8.78447e-07
tk                  =  8.81321e-07
tk                  =  8.84195e-07
tk                  =  8.87071e-07
tk                  =  8.89944e-07
tk                  =  8.92818e-07
tk                  =  8.95692e-07
tk                  =  8.98565e-07
tk                  =  9.01440e-07
tk                  =  9.04314e-07
tk                  =  9.07187e-07
tk                  =  9.10062e-07
tk                  =  9.12937e-07
tk                  =  9.15810e-07
tk                  =  9.18684e-07
tk                  =  9.21558e-07
tk                  =  9.24433e-07
tk                  =  9.27308e-07
tk                  =  9.30182e-07
tk                  =  9.33056e-07
tk                  =  9.35930e-07
tk                  =  9.38804e-07
tk                  =  9.41678e-07
tk                  =  9.44551e-07
tk                  =  9.47424e-07
tk                  =  9.50298e-07
tk                  =  9.53171e-07
tk                  =  9.56044e-07
tk                  =  9.58918e-07
tk                  =  9.61793e-07
tk                  =  9.64666e-07
tk                  =  9.67541e-07
tk                  =  9.70415e-07
tk                  =  9.73289e-07
tk                  =  9.76163e-07
tk                  =  9.79039e-07
tk                  =  9.81913e-07
tk                  =  9.84787e-07
tk                  =  9.87660e-07
tk                  =  9.90535e-07
tk                  =  9.93409e-07
tk                  =  9.96282e-07
tk                  =  9.99155e-07
tk                  =  1.00203e-06
tk                  =  1.00490e-06
tk                  =  1.00778e-06
tk                  =  1.01065e-06
tk                  =  1.01353e-06
tk                  =  1.01640e-06
tk                  =  1.01927e-06
tk                  =  1.02215e-06
tk                  =  1.02502e-06
tk                  =  1.02790e-06
tk                  =  1.03077e-06
tk                  =  1.03364e-06
tk                  =  1.03652e-06
tk                  =  1.03939e-06
tk                  =  1.04227e-06
tk                  =  1.04514e-06
tk                  =  1.04802e-06
tk                  =  1.05089e-06
tk                  =  1.05376e-06
tk                  =  1.05664e-06
tk                  =  1.05951e-06
tk                  =  1.06239e-06
tk                  =  1.06526e-06
tk                  =  1.06814e-06
tk                  =  1.07101e-06
tk                  =  1.07388e-06
tk                  =  1.07676e-06
tk                  =  1.07963e-06
tk                  =  1.08251e-06
tk                  =  1.08538e-06
tk                  =  1.08825e-06
tk                  =  1.09113e-06
tk                  =  1.09400e-06
tk                  =  1.09688e-06
tk                  =  1.09975e-06
tk                  =  1.10263e-06
tk                  =  1.10550e-06
tk                  =  1.10837e-06
tk                  =  1.11125e-06
tk                  =  1.11412e-06
tk                  =  1.11699e-06
tk                  =  1.11987e-06
tk                  =  1.12274e-06
tk                  =  1.12562e-06
tk                  =  1.12849e-06
tk                  =  1.13137e-06
tk                  =  1.13424e-06
tk                  =  1.13711e-06
tk                  =  1.13999e-06
tk                  =  1.14286e-06
tk                  =  1.14574e-06
tk                  =  1.14861e-06
tk                  =  1.15148e-06
tk                  =  1.15436e-06
tk                  =  1.15723e-06
tk                  =  1.16011e-06
tk                  =  1.16298e-06
tk                  =  1.16586e-06
tk                  =  1.16873e-06
tk                  =  1.17161e-06
tk                  =  1.17448e-06
tk                  =  1.17735e-06
tk                  =  1.18023e-06
tk                  =  1.18310e-06
tk                  =  1.18598e-06
tk                  =  1.18885e-06
tk                  =  1.19172e-06
tk                  =  1.19460e-06
tk                  =  1.19747e-06
tk                  =  1.20035e-06
tk                  =  1.20322e-06
tk                  =  1.20609e-06
tk                  =  1.20897e-06
tk                  =  1.21184e-06
tk                  =  1.21472e-06
tk                  =  1.21759e-06
tk                  =  1.22046e-06
tk                  =  1.22334e-06
tk                  =  1.22621e-06
tk                  =  1.22909e-06
tk                  =  1.23196e-06
tk                  =  1.23483e-06
tk                  =  1.23771e-06
tk                  =  1.24058e-06
tk                  =  1.24346e-06
tk                  =  1.24633e-06
tk                  =  1.24920e-06
tk                  =  1.25208e-06
tk                  =  1.25495e-06
tk                  =  1.25783e-06
tk                  =  1.26070e-06
tk                  =  1.26357e-06
tk                  =  1.26645e-06
tk                  =  1.26932e-06
tk                  =  1.27220e-06
tk                  =  1.27507e-06
tk                  =  1.27794e-06
tk                  =  1.28082e-06
tk                  =  1.28369e-06
tk                  =  1.28656e-06
tk                  =  1.28944e-06
tk                  =  1.29231e-06
tk                  =  1.29519e-06
tk                  =  1.29806e-06
tk                  =  1.30094e-06
tk                  =  1.30381e-06
tk                  =  1.30668e-06
tk                  =  1.30956e-06
tk                  =  1.31243e-06
tk                  =  1.31531e-06
tk                  =  1.31818e-06
tk                  =  1.32105e-06
tk                  =  1.32393e-06
tk                  =  1.32680e-06
tk                  =  1.32968e-06
tk                  =  1.33255e-06
tk                  =  1.33542e-06
tk                  =  1.33830e-06
tk                  =  1.34117e-06
tk                  =  1.34405e-06
tk                  =  1.34692e-06
tk                  =  1.34979e-06
tk                  =  1.35267e-06
tk                  =  1.35554e-06
tk                  =  1.35842e-06
tk                  =  1.36129e-06
tk                  =  1.36416e-06
tk                  =  1.36704e-06
tk                  =  1.36991e-06
tk                  =  1.37279e-06
tk                  =  1.37566e-06
tk                  =  1.37854e-06
tk                  =  1.38141e-06
tk                  =  1.38428e-06
tk                  =  1.38716e-06
tk                  =  1.39003e-06
tk                  =  1.39291e-06
tk                  =  1.39578e-06
tk                  =  1.39865e-06
tk                  =  1.40153e-06
tk                  =  1.40440e-06
tk                  =  1.40727e-06
tk                  =  1.41015e-06
tk                  =  1.41302e-06
tk                  =  1.41590e-06
tk                  =  1.41877e-06
tk                  =  1.42165e-06
tk                  =  1.42452e-06
tk                  =  1.42739e-06
tk                  =  1.43027e-06
tk                  =  1.43314e-06
tk                  =  1.43602e-06
tk                  =  1.43889e-06
tk                  =  1.44176e-06
tk                  =  1.44464e-06
tk                  =  1.44751e-06
tk                  =  1.45038e-06
tk                  =  1.45326e-06
tk                  =  1.45613e-06
tk                  =  1.45900e-06
tk                  =  1.46188e-06
tk                  =  1.46475e-06
tk                  =  1.46763e-06
tk                  =  1.47050e-06
tk                  =  1.47338e-06
tk                  =  1.47625e-06
tk                  =  1.47912e-06
tk                  =  1.48200e-06
tk                  =  1.48487e-06
tk                  =  1.48775e-06
tk                  =  1.49062e-06
tk                  =  1.49349e-06
tk                  =  1.49637e-06
tk                  =  1.49924e-06
tk                  =  1.50212e-06
tk                  =  1.50499e-06
tk                  =  1.50786e-06
tk                  =  1.51074e-06
tk                  =  1.51361e-06
tk                  =  1.51649e-06
tk                  =  1.51936e-06
tk                  =  1.52223e-06
tk                  =  1.52511e-06
tk                  =  1.52798e-06
tk                  =  1.53086e-06
tk                  =  1.53373e-06
tk                  =  1.53661e-06
tk                  =  1.53948e-06
tk                  =  1.54235e-06
tk                  =  1.54523e-06
tk                  =  1.54810e-06
tk                  =  1.55098e-06
tk                  =  1.55385e-06
tk                  =  1.55672e-06
tk                  =  1.55960e-06
tk                  =  1.56247e-06
tk                  =  1.56535e-06
tk                  =  1.56822e-06
tk                  =  1.57109e-06
tk                  =  1.57397e-06
tk                  =  1.57684e-06
tk                  =  1.57972e-06
tk                  =  1.58259e-06
tk                  =  1.58546e-06
tk                  =  1.58834e-06
tk                  =  1.59121e-06
tk                  =  1.59409e-06
tk                  =  1.59696e-06
tk                  =  1.59983e-06
tk                  =  1.60271e-06
tk                  =  1.60558e-06
tk                  =  1.60846e-06
tk                  =  1.61133e-06
tk                  =  1.61421e-06
tk                  =  1.61708e-06
tk                  =  1.61995e-06
tk                  =  1.62283e-06
tk                  =  1.62570e-06
tk                  =  1.62858e-06
tk                  =  1.63145e-06
tk                  =  1.63432e-06
tk                  =  1.63720e-06
tk                  =  1.64007e-06
tk                  =  1.64295e-06
tk                  =  1.64582e-06
tk                  =  1.64869e-06
tk                  =  1.65157e-06
tk                  =  1.65444e-06
tk                  =  1.65732e-06
tk                  =  1.66019e-06
tk                  =  1.66307e-06
tk                  =  1.66594e-06
tk                  =  1.66881e-06
tk                  =  1.67169e-06
tk                  =  1.67456e-06
tk                  =  1.67744e-06
tk                  =  1.68031e-06
tk                  =  1.68319e-06
tk                  =  1.68606e-06
tk                  =  1.68893e-06
tk                  =  1.69181e-06
tk                  =  1.69468e-06
tk                  =  1.69755e-06
tk                  =  1.70043e-06
tk                  =  1.70330e-06
tk                  =  1.70618e-06
tk                  =  1.70905e-06
tk                  =  1.71193e-06
tk                  =  1.71480e-06
tk                  =  1.71767e-06
tk                  =  1.72055e-06
tk                  =  1.72342e-06
tk                  =  1.72630e-06
tk                  =  1.72917e-06
tk                  =  1.73204e-06
tk                  =  1.73492e-06
tk                  =  1.73779e-06
tk                  =  1.74067e-06
tk                  =  1.74354e-06
tk                  =  1.74642e-06
tk                  =  1.74929e-06
tk                  =  1.75216e-06
tk                  =  1.75504e-06
tk                  =  1.75791e-06
tk                  =  1.76078e-06
tk                  =  1.76366e-06
tk                  =  1.76653e-06
tk                  =  1.76941e-06
tk                  =  1.77228e-06
tk                  =  1.77516e-06
tk                  =  1.77803e-06
tk                  =  1.78090e-06
tk                  =  1.78378e-06
tk                  =  1.78665e-06
tk                  =  1.78953e-06
tk                  =  1.79240e-06
tk                  =  1.79527e-06
tk                  =  1.79815e-06
tk                  =  1.80102e-06
tk                  =  1.80389e-06
tk                  =  1.80677e-06
tk                  =  1.80964e-06
tk                  =  1.81252e-06
tk                  =  1.81539e-06
tk                  =  1.81827e-06
tk                  =  1.82114e-06
tk                  =  1.82401e-06
tk                  =  1.82689e-06
tk                  =  1.82976e-06
tk                  =  1.83264e-06
tk                  =  1.83551e-06
tk                  =  1.83838e-06
tk                  =  1.84126e-06
tk                  =  1.84413e-06
tk                  =  1.84700e-06
tk                  =  1.84988e-06
tk                  =  1.85275e-06
tk                  =  1.85563e-06
tk                  =  1.85850e-06
tk                  =  1.86137e-06
tk                  =  1.86425e-06
tk                  =  1.86712e-06
tk                  =  1.87000e-06
tk                  =  1.87287e-06
tk                  =  1.87575e-06
tk                  =  1.87862e-06
tk                  =  1.88149e-06
tk                  =  1.88437e-06
tk                  =  1.88724e-06
tk                  =  1.89012e-06
tk                  =  1.89299e-06
tk                  =  1.89586e-06
tk                  =  1.89874e-06
tk                  =  1.90161e-06
tk                  =  1.90449e-06
tk                  =  1.90736e-06
tk                  =  1.91023e-06
tk                  =  1.91311e-06
tk                  =  1.91598e-06
tk                  =  1.91886e-06
tk                  =  1.92173e-06
tk                  =  1.92461e-06
tk                  =  1.92748e-06
tk                  =  1.93035e-06
tk                  =  1.93323e-06
tk                  =  1.93610e-06
tk                  =  1.93897e-06
tk                  =  1.94185e-06
tk                  =  1.94472e-06
tk                  =  1.94760e-06
tk                  =  1.95047e-06
tk                  =  1.95335e-06
tk                  =  1.95622e-06
tk                  =  1.95909e-06
tk                  =  1.96197e-06
tk                  =  1.96484e-06
tk                  =  1.96772e-06
tk                  =  1.97059e-06
tk                  =  1.97346e-06
tk                  =  1.97634e-06
tk                  =  1.97921e-06
tk                  =  1.98209e-06
tk                  =  1.98496e-06
tk                  =  1.98784e-06
tk                  =  1.99071e-06
tk                  =  1.99358e-06
tk                  =  1.99646e-06
tk                  =  1.99933e-06
tk                  =  2.00221e-06
tk                  =  2.00508e-06
tk                  =  2.00795e-06
tk                  =  2.01083e-06
tk                  =  2.01370e-06
tk                  =  2.01658e-06
tk                  =  2.01945e-06
tk                  =  2.02233e-06
tk                  =  2.02520e-06
tk                  =  2.02807e-06
tk                  =  2.03095e-06
tk                  =  2.03382e-06
tk                  =  2.03670e-06
tk                  =  2.03957e-06
tk                  =  2.04244e-06
tk                  =  2.04532e-06
tk                  =  2.04819e-06
tk                  =  2.05107e-06
tk                  =  2.05394e-06
tk                  =  2.05682e-06
tk                  =  2.05969e-06
tk                  =  2.06256e-06
tk                  =  2.06544e-06
tk                  =  2.06831e-06
tk                  =  2.07119e-06
tk                  =  2.07406e-06
tk                  =  2.07693e-06
tk                  =  2.07981e-06
tk                  =  2.08268e-06
tk                  =  2.08556e-06
tk                  =  2.08843e-06
tk                  =  2.09130e-06
tk                  =  2.09418e-06
tk                  =  2.09705e-06
tk                  =  2.09993e-06
tk                  =  2.10280e-06
tk                  =  2.10567e-06
tk                  =  2.10855e-06
tk                  =  2.11142e-06
tk                  =  2.11430e-06
tk                  =  2.11717e-06
tk                  =  2.12004e-06
tk                  =  2.12292e-06
tk                  =  2.12579e-06
tk                  =  2.12867e-06
tk                  =  2.13154e-06
tk                  =  2.13441e-06
tk                  =  2.13729e-06
tk                  =  2.14016e-06
tk                  =  2.14303e-06
tk                  =  2.14591e-06
tk                  =  2.14878e-06
tk                  =  2.15166e-06
tk                  =  2.15453e-06
tk                  =  2.15740e-06
tk                  =  2.16028e-06
tk                  =  2.16315e-06
tk                  =  2.16602e-06
tk                  =  2.16890e-06
tk                  =  2.17177e-06
tk                  =  2.17465e-06
tk                  =  2.17752e-06
tk                  =  2.18039e-06
tk                  =  2.18327e-06
tk                  =  2.18614e-06
tk                  =  2.18902e-06
tk                  =  2.19189e-06
tk                  =  2.19476e-06
tk                  =  2.19764e-06
tk                  =  2.20051e-06
tk                  =  2.20339e-06
tk                  =  2.20626e-06
tk                  =  2.20913e-06
tk                  =  2.21201e-06
qw0                 =  -1.39270e-02
qw1                 =  -4.16187e-02
m_period = 2.8740587891e-09
m_f_osc = 3.4793999476e+08
m_period_startup16 = 2.8740491250e-09
m_period_b00 = 2.8739980417e-09
m_period_b01 = 2.8741000000e-09
m_period_b02 = 2.8740083333e-09
m_period_b03 = 2.8740583333e-09
m_period_b04 = 2.8739729167e-09
m_period_b05 = 2.8741291667e-09
m_period_b06 = 2.8740354167e-09
m_period_b07 = 2.8741270833e-09
m_period_b08 = 2.8741041667e-09
m_period_b09 = 2.8740416667e-09
m_period_b10 = 2.8739791667e-09
m_period_b11 = 2.8740833333e-09
m_period_b12 = 2.8740833333e-09
m_period_b13 = 2.8740625000e-09
m_period_b14 = 2.8741250000e-09
m_period_b15 = 2.8739166667e-09
m_sigma_1 = 6.7173935109e-13
m_sigma_2 = 7.9048746118e-13
m_sigma_4 = 1.0155189039e-12
m_sigma_8 = 1.3271635322e-12
m_sigma_16 = 1.6463472870e-12
m_sigma_32 = 2.4653705729e-12
m_sigma_64 = 3.0893457287e-12
m_sigma_128 = 3.5594155973e-12
m_sigma_startup16_1 = 6.1455337441e-13
m_sigma_startup16_2 = 7.3940312801e-13
m_sigma_startup16_4 = 1.0013253397e-12
m_sigma_startup16_8 = 1.3517616489e-12
m_i_ring_a = 1.8818497713e-05
m_p_active_w = 6.2101042456e-05
m_e_per_cycle_j = 1.7848204688e-13
m_c_eff_node_f = 3.2779071969e-15
m_vsup_v = 3.3000000001e+00
Note: Simulation executed from .control section 

