
Note: No compatibility mode selected!


Circuit: * ring-liveness-tap-phase-buffered-static @ tt_27c_3.30v -- generated by sim/harness, do not edit

Doing analysis at TEMP = 27.000000 and TNOM = 27.000000

Using SPARSE 1.3 as Direct Linear Solver

Initial Transient Solution
--------------------------

Node                                   Voltage
----                                   -------
vsup                                       3.3
en                                         3.3
vddr1                                      3.3
xg1.py                                 1.58325
n11                                          0
g10                                1.24708e-07
xg1.nm                            -2.09037e-38
xg1.ny                            -1.95069e-38
x11.py                                     3.3
n12                                        3.3
g11                                          0
x11.ny                             2.35462e-08
x12.py                                     3.3
n13                                1.24708e-07
g12                                        3.3
x12.ny                             1.06256e-07
x13.py                                     3.3
n14                                        3.3
g13                                1.24708e-07
x13.ny                             2.35463e-08
x14.py                                     3.3
ro1                                1.24708e-07
g14                                        3.3
x14.ny                             1.06256e-07
vddb1                                      3.3
ro1b                                       3.3
xsr1.clkb                          1.84515e-08
clk                                        3.3
xsr1.m                             1.18322e-07
xsr1.mb                                    3.3
rst_n                                      3.3
xsr1.mmid                          1.58497e-09
xsr1.mc                            7.75181e-08
xsr1.s                                     3.3
ring_bit1                          1.84515e-08
xsr1.qb                                    3.3
xsr1.s2mid                         1.58496e-09
q1                                 -9.2686e-16
x1                                       -1.65
bx1#branch                                   0
vr1#branch                          9.2686e-06
vrst#branch                                  0
vclk#branch                                  0
vb1#branch                         8.12675e-12
vn14#branch                                  0
vn13#branch                                  0
vn12#branch                                  0
vn11#branch                                  0
vn10#branch                        9.27317e-24
ven#branch                                   0
vsup#branch                       -9.26864e-06

 Reference value :  3.09250e-10
 Reference value :  6.54500e-10
 Reference value :  1.03010e-09
 Reference value :  1.42850e-09
 Reference value :  1.83000e-09
 Reference value :  2.23250e-09
 Reference value :  2.56070e-09
 Reference value :  2.83070e-09
 Reference value :  3.22250e-09
 Reference value :  3.62550e-09
 Reference value :  4.02350e-09
 Reference value :  4.34450e-09
 Reference value :  4.59750e-09
 Reference value :  4.86070e-09
 Reference value :  5.11000e-09
 Reference value :  5.38650e-09
 Reference value :  5.63250e-09
 Reference value :  5.87150e-09
 Reference value :  6.12070e-09
 Reference value :  6.37070e-09
 Reference value :  6.59030e-09
 Reference value :  6.82850e-09
 Reference value :  7.09850e-09
 Reference value :  7.24925e-09
 Reference value :  7.48450e-09
 Reference value :  7.70450e-09
 Reference value :  7.90000e-09
 Reference value :  8.12070e-09
 Reference value :  8.39925e-09
 Reference value :  8.58150e-09
 Reference value :  8.79850e-09
 Reference value :  9.20150e-09
 Reference value :  9.60070e-09
 Reference value :  9.97010e-09
 Reference value :  1.03765e-08
 Reference value :  1.06592e-08
 Reference value :  1.10503e-08
 Reference value :  1.14592e-08
 Reference value :  1.18655e-08
 Reference value :  1.22701e-08
 Reference value :  1.26765e-08
 Reference value :  1.29492e-08
 Reference value :  1.32592e-08
 Reference value :  1.36585e-08
 Reference value :  1.40592e-08
 Reference value :  1.44625e-08
 Reference value :  1.48625e-08
 Reference value :  1.52692e-08
 Reference value :  1.56735e-08
 Reference value :  1.60400e-08
 Reference value :  1.63503e-08
 Reference value :  1.67407e-08
 Reference value :  1.71485e-08
 Reference value :  1.75565e-08
 Reference value :  1.79603e-08
 Reference value :  1.83607e-08
 Reference value :  1.87692e-08
 Reference value :  1.91745e-08
 Reference value :  1.95755e-08
 Reference value :  1.99803e-08
 Reference value :  2.03892e-08
 Reference value :  2.07935e-08
 Reference value :  2.12000e-08
 Reference value :  2.15015e-08
 Reference value :  2.18403e-08
 Reference value :  2.22345e-08
 Reference value :  2.26403e-08
 Reference value :  2.30301e-08
 Reference value :  2.34355e-08
 Reference value :  2.37215e-08
 Reference value :  2.41103e-08
 Reference value :  2.45192e-08
 Reference value :  2.49235e-08
 Reference value :  2.53307e-08
 Reference value :  2.57392e-08
 Reference value :  2.61425e-08
 Reference value :  2.65500e-08
 Reference value :  2.69545e-08
 Reference value :  2.73585e-08
 Reference value :  2.77601e-08
 Reference value :  2.81685e-08
 Reference value :  2.85365e-08
 Reference value :  2.89425e-08
 Reference value :  2.93475e-08
 Reference value :  2.97507e-08
 Reference value :  3.01592e-08
 Reference value :  3.05603e-08
 Reference value :  3.09692e-08
 Reference value :  3.13765e-08
 Reference value :  3.17815e-08
 Reference value :  3.21845e-08
 Reference value :  3.25901e-08
 Reference value :  3.29975e-08
 Reference value :  3.34007e-08
 Reference value :  3.38025e-08
 Reference value :  3.42103e-08
 Reference value :  3.46155e-08
 Reference value :  3.49835e-08
 Reference value :  3.53225e-08
 Reference value :  3.56592e-08
 Reference value :  3.60485e-08
 Reference value :  3.64507e-08
 Reference value :  3.68601e-08
 Reference value :  3.72685e-08
 Reference value :  3.76715e-08
 Reference value :  3.80765e-08
 Reference value :  3.84807e-08
 Reference value :  3.88865e-08
 Reference value :  3.92907e-08
 Reference value :  3.96992e-08
 Reference value :  4.01055e-08
 Reference value :  4.05115e-08
 Reference value :  4.08765e-08
 Reference value :  4.12803e-08
 Reference value :  4.16865e-08
 Reference value :  4.20907e-08
 Reference value :  4.24992e-08
 Reference value :  4.28907e-08
 Reference value :  4.32965e-08
 Reference value :  4.36915e-08
 Reference value :  4.40992e-08
 Reference value :  4.45015e-08
 Reference value :  4.49092e-08
 Reference value :  4.53135e-08
 Reference value :  4.57201e-08
 Reference value :  4.61225e-08
 Reference value :  4.65100e-08
 Reference value :  4.67775e-08
 Reference value :  4.71725e-08
 Reference value :  4.75765e-08
 Reference value :  4.79735e-08
 Reference value :  4.83801e-08
 Reference value :  4.87392e-08
 Reference value :  4.90665e-08
 Reference value :  4.94707e-08
 Reference value :  4.98600e-08
 Reference value :  5.02655e-08
 Reference value :  5.05735e-08
 Reference value :  5.09085e-08
 Reference value :  5.13155e-08
 Reference value :  5.17165e-08
 Reference value :  5.20675e-08
 Reference value :  5.22992e-08
 Reference value :  5.25465e-08
 Reference value :  5.28485e-08
 Reference value :  5.32325e-08
 Reference value :  5.35403e-08
 Reference value :  5.37655e-08
 Reference value :  5.40065e-08
 Reference value :  5.42803e-08
 Reference value :  5.45545e-08
 Reference value :  5.48503e-08
 Reference value :  5.51175e-08
 Reference value :  5.53785e-08
 Reference value :  5.56055e-08
 Reference value :  5.59135e-08
 Reference value :  5.62055e-08
 Reference value :  5.64292e-08
 Reference value :  5.66435e-08
 Reference value :  5.68900e-08
 Reference value :  5.70100e-08
 Reference value :  5.71103e-08
 Reference value :  5.72592e-08
 Reference value :  5.74555e-08
 Reference value :  5.75535e-08
 Reference value :  5.76600e-08
 Reference value :  5.76615e-08
 Reference value :  5.76655e-08
 Reference value :  5.76692e-08
 Reference value :  5.78065e-08
 Reference value :  5.79255e-08
 Reference value :  5.80507e-08
 Reference value :  5.82107e-08
 Reference value :  5.82145e-08
 Reference value :  5.82655e-08
 Reference value :  5.82685e-08
 Reference value :  5.82703e-08
 Reference value :  5.82755e-08
 Reference value :  5.84815e-08
 Reference value :  5.86445e-08
 Reference value :  5.86915e-08
 Reference value :  5.87700e-08
 Reference value :  5.88935e-08
 Reference value :  5.89435e-08
 Reference value :  5.90075e-08
 Reference value :  5.93385e-08
 Reference value :  5.96755e-08
 Reference value :  6.00092e-08
 Reference value :  6.04092e-08
 Reference value :  6.08075e-08
 Reference value :  6.12055e-08
 Reference value :  6.16075e-08
 Reference value :  6.20115e-08
 Reference value :  6.24165e-08
 Reference value :  6.28225e-08
 Reference value :  6.32292e-08
 Reference value :  6.36245e-08
 Reference value :  6.39107e-08
 Reference value :  6.41255e-08
 Reference value :  6.42292e-08
 Reference value :  6.43365e-08
 Reference value :  6.45575e-08
 Reference value :  6.48215e-08
 Reference value :  6.51445e-08
 Reference value :  6.54525e-08
 Reference value :  6.57465e-08
 Reference value :  6.60065e-08
 Reference value :  6.62045e-08
 Reference value :  6.64992e-08
 Reference value :  6.67555e-08
 Reference value :  6.69115e-08
 Reference value :  6.71555e-08
 Reference value :  6.73603e-08
 Reference value :  6.77100e-08
 Reference value :  6.78807e-08
 Reference value :  6.82792e-08
 Reference value :  6.86803e-08
 Reference value :  6.89692e-08
 Reference value :  6.93403e-08
 Reference value :  6.96945e-08
 Reference value :  7.00092e-08
 Reference value :  7.03325e-08
 Reference value :  7.05792e-08
 Reference value :  7.09803e-08
 Reference value :  7.13835e-08
 Reference value :  7.17815e-08
 Reference value :  7.21835e-08
 Reference value :  7.25845e-08
 Reference value :  7.27815e-08
 Reference value :  7.29800e-08
 Reference value :  7.33675e-08
 Reference value :  7.37675e-08
 Reference value :  7.41285e-08
 Reference value :  7.44545e-08
 Reference value :  7.48545e-08
 Reference value :  7.52575e-08
 Reference value :  7.56592e-08
 Reference value :  7.60603e-08
 Reference value :  7.64601e-08
 Reference value :  7.68600e-08
 Reference value :  7.72592e-08
 Reference value :  7.76601e-08
 Reference value :  7.80615e-08
 Reference value :  7.84635e-08
 Reference value :  7.88655e-08
 Reference value :  7.92175e-08
 Reference value :  7.95300e-08
 Reference value :  7.99307e-08
 Reference value :  8.03335e-08
 Reference value :  8.07385e-08
 Reference value :  8.11092e-08
 Reference value :  8.15100e-08
 Reference value :  8.18485e-08
 Reference value :  8.22501e-08
 Reference value :  8.26500e-08
 Reference value :  8.30515e-08
 Reference value :  8.34545e-08
 Reference value :  8.38535e-08
 Reference value :  8.42555e-08
 Reference value :  8.46575e-08
 Reference value :  8.50175e-08
 Reference value :  8.54200e-08
 Reference value :  8.58103e-08
 Reference value :  8.62107e-08
 Reference value :  8.66155e-08
 Reference value :  8.70103e-08
 Reference value :  8.74103e-08
 Reference value :  8.78125e-08
 Reference value :  8.82155e-08
 Reference value :  8.86135e-08
 Reference value :  8.90175e-08
 Reference value :  8.94203e-08
 Reference value :  8.98155e-08
 Reference value :  9.02101e-08
 Reference value :  9.06092e-08
 Reference value :  9.10101e-08
 Reference value :  9.14125e-08
 Reference value :  9.18115e-08
 Reference value :  9.22007e-08
 Reference value :  9.26007e-08
 Reference value :  9.29245e-08
 Reference value :  9.32801e-08
 Reference value :  9.36792e-08
 Reference value :  9.39603e-08
 Reference value :  9.43407e-08
 Reference value :  9.47425e-08
 Reference value :  9.51455e-08
 Reference value :  9.55475e-08
 Reference value :  9.59455e-08
 Reference value :  9.63107e-08
 Reference value :  9.67115e-08
 Reference value :  9.70735e-08
 Reference value :  9.74765e-08
 Reference value :  9.78792e-08
 Reference value :  9.82801e-08
 Reference value :  9.86807e-08
 Reference value :  9.90800e-08
 Reference value :  9.94807e-08
 Reference value :  9.98845e-08
 Reference value :  1.00289e-07
 Reference value :  1.00689e-07
 Reference value :  1.01090e-07
 Reference value :  1.01454e-07
 Reference value :  1.01856e-07
 Reference value :  1.02246e-07
 Reference value :  1.02649e-07
 Reference value :  1.03051e-07
 Reference value :  1.03450e-07
 Reference value :  1.03851e-07
 Reference value :  1.04153e-07
 Reference value :  1.04526e-07
 Reference value :  1.04928e-07
 Reference value :  1.05330e-07
 Reference value :  1.05617e-07
 Reference value :  1.05880e-07
 Reference value :  1.06057e-07
 Reference value :  1.06321e-07
 Reference value :  1.06594e-07
 Reference value :  1.06874e-07
 Reference value :  1.07128e-07
 Reference value :  1.07420e-07
 Reference value :  1.07721e-07
 Reference value :  1.07993e-07
 Reference value :  1.08240e-07
 Reference value :  1.08440e-07
 Reference value :  1.08651e-07
 Reference value :  1.08910e-07
 Reference value :  1.09156e-07
 Reference value :  1.09384e-07
 Reference value :  1.09627e-07
 Reference value :  1.09852e-07
 Reference value :  1.10241e-07
 Reference value :  1.10644e-07
 Reference value :  1.11045e-07
 Reference value :  1.11448e-07
 Reference value :  1.11850e-07
 Reference value :  1.12217e-07
 Reference value :  1.12619e-07
 Reference value :  1.13012e-07
 Reference value :  1.13340e-07
 Reference value :  1.13539e-07
 Reference value :  1.13761e-07
 Reference value :  1.14000e-07
 Reference value :  1.14188e-07
 Reference value :  1.14442e-07
 Reference value :  1.14616e-07
 Reference value :  1.14889e-07
 Reference value :  1.15157e-07
 Reference value :  1.15451e-07
 Reference value :  1.15686e-07
 Reference value :  1.15941e-07
 Reference value :  1.16171e-07
 Reference value :  1.16338e-07
 Reference value :  1.16542e-07
 Reference value :  1.16720e-07
 Reference value :  1.17091e-07
 Reference value :  1.17495e-07
 Reference value :  1.17895e-07
 Reference value :  1.18269e-07
 Reference value :  1.18509e-07
 Reference value :  1.18670e-07
 Reference value :  1.18810e-07
 Reference value :  1.18978e-07
 Reference value :  1.19310e-07
 Reference value :  1.19712e-07
 Reference value :  1.20119e-07
 Reference value :  1.20477e-07
 Reference value :  1.20502e-07
 Reference value :  1.20749e-07
 Reference value :  1.21059e-07
 Reference value :  1.21406e-07
 Reference value :  1.21807e-07
 Reference value :  1.22210e-07
 Reference value :  1.22341e-07
 Reference value :  1.22492e-07
 Reference value :  1.22894e-07
 Reference value :  1.23297e-07
 Reference value :  1.23700e-07
 Reference value :  1.24101e-07
 Reference value :  1.24500e-07
 Reference value :  1.24864e-07
 Reference value :  1.25050e-07
 Reference value :  1.25172e-07
 Reference value :  1.25576e-07
 Reference value :  1.25980e-07
 Reference value :  1.26387e-07
 Reference value :  1.26790e-07
 Reference value :  1.27196e-07
 Reference value :  1.27487e-07
 Reference value :  1.27540e-07
 Reference value :  1.27756e-07
 Reference value :  1.28157e-07
 Reference value :  1.28557e-07
 Reference value :  1.28925e-07
 Reference value :  1.29230e-07
 Reference value :  1.29405e-07
 Reference value :  1.29630e-07
 Reference value :  1.30030e-07
 Reference value :  1.30430e-07
 Reference value :  1.30831e-07
 Reference value :  1.31232e-07
 Reference value :  1.31637e-07
 Reference value :  1.32040e-07
 Reference value :  1.32313e-07
 Reference value :  1.32466e-07
 Reference value :  1.32568e-07
 Reference value :  1.32806e-07
 Reference value :  1.33082e-07
 Reference value :  1.33340e-07
 Reference value :  1.33600e-07
 Reference value :  1.33851e-07
 Reference value :  1.34110e-07
 Reference value :  1.34333e-07
 Reference value :  1.34464e-07
 Reference value :  1.34593e-07
 Reference value :  1.34937e-07
 Reference value :  1.35201e-07
 Reference value :  1.35587e-07
 Reference value :  1.35987e-07
 Reference value :  1.36311e-07
 Reference value :  1.36486e-07
 Reference value :  1.36731e-07
 Reference value :  1.37134e-07
 Reference value :  1.37538e-07
 Reference value :  1.37941e-07
 Reference value :  1.38342e-07
 Reference value :  1.38739e-07
 Reference value :  1.39138e-07
 Reference value :  1.39422e-07
 Reference value :  1.39520e-07
 Reference value :  1.39526e-07
 Reference value :  1.39529e-07
 Reference value :  1.39530e-07
 Reference value :  1.39786e-07
 Reference value :  1.40013e-07
 Reference value :  1.40220e-07
 Reference value :  1.40572e-07
 Reference value :  1.40975e-07
 Reference value :  1.41331e-07
 Reference value :  1.41731e-07
 Reference value :  1.42132e-07
 Reference value :  1.42487e-07
 Reference value :  1.42888e-07
 Reference value :  1.43290e-07
 Reference value :  1.43690e-07
 Reference value :  1.44092e-07
 Reference value :  1.44491e-07
 Reference value :  1.44893e-07
 Reference value :  1.45295e-07
 Reference value :  1.45696e-07
 Reference value :  1.46089e-07
 Reference value :  1.46453e-07
 Reference value :  1.46835e-07
 Reference value :  1.47234e-07
 Reference value :  1.47635e-07
 Reference value :  1.47920e-07
 Reference value :  1.48203e-07
 Reference value :  1.48600e-07
 Reference value :  1.49002e-07
 Reference value :  1.49404e-07
 Reference value :  1.49807e-07
 Reference value :  1.50208e-07
 Reference value :  1.50575e-07
 Reference value :  1.50954e-07
 Reference value :  1.51213e-07
 Reference value :  1.51602e-07
 Reference value :  1.51918e-07
 Reference value :  1.52266e-07
 Reference value :  1.52668e-07
 Reference value :  1.53064e-07
 Reference value :  1.53464e-07
 Reference value :  1.53866e-07
 Reference value :  1.54229e-07
 Reference value :  1.54628e-07
 Reference value :  1.55030e-07
 Reference value :  1.55430e-07
 Reference value :  1.55830e-07
 Reference value :  1.56161e-07
 Reference value :  1.56540e-07
 Reference value :  1.56940e-07
 Reference value :  1.57320e-07
 Reference value :  1.57665e-07
 Reference value :  1.58067e-07
 Reference value :  1.58467e-07
 Reference value :  1.58865e-07
 Reference value :  1.59265e-07
 Reference value :  1.59631e-07
 Reference value :  1.60031e-07
 Reference value :  1.60431e-07
 Reference value :  1.60833e-07
 Reference value :  1.61234e-07
 Reference value :  1.61634e-07
 Reference value :  1.61974e-07
 Reference value :  1.62302e-07
 Reference value :  1.62700e-07
 Reference value :  1.63101e-07
 Reference value :  1.63503e-07
 Reference value :  1.63901e-07
 Reference value :  1.64301e-07
 Reference value :  1.64701e-07
 Reference value :  1.65083e-07
 Reference value :  1.65484e-07
 Reference value :  1.65873e-07
 Reference value :  1.66233e-07
 Reference value :  1.66620e-07
 Reference value :  1.67021e-07
 Reference value :  1.67420e-07
 Reference value :  1.67812e-07
 Reference value :  1.68211e-07
 Reference value :  1.68611e-07
 Reference value :  1.69015e-07
 Reference value :  1.69418e-07
 Reference value :  1.69811e-07
 Reference value :  1.70206e-07
 Reference value :  1.70606e-07
 Reference value :  1.71007e-07
 Reference value :  1.71407e-07
 Reference value :  1.71810e-07
 Reference value :  1.72210e-07
 Reference value :  1.72611e-07
 Reference value :  1.73009e-07
 Reference value :  1.73410e-07
 Reference value :  1.73810e-07
 Reference value :  1.74210e-07
 Reference value :  1.74611e-07
 Reference value :  1.75015e-07
 Reference value :  1.75417e-07
 Reference value :  1.75757e-07
 Reference value :  1.76085e-07
 Reference value :  1.76437e-07
 Reference value :  1.76611e-07
 Reference value :  1.77000e-07
 Reference value :  1.77380e-07
 Reference value :  1.77783e-07
 Reference value :  1.78070e-07
 Reference value :  1.78287e-07
 Reference value :  1.78566e-07
 Reference value :  1.78960e-07
 Reference value :  1.79360e-07
 Reference value :  1.79761e-07
 Reference value :  1.80163e-07
 Reference value :  1.80448e-07
 Reference value :  1.80685e-07
 Reference value :  1.80891e-07
 Reference value :  1.81162e-07
 Reference value :  1.81410e-07
 Reference value :  1.81667e-07
 Reference value :  1.81933e-07
 Reference value :  1.82186e-07
 Reference value :  1.82425e-07
 Reference value :  1.82774e-07
 Reference value :  1.82996e-07
 Reference value :  1.83236e-07
 Reference value :  1.83466e-07
 Reference value :  1.83701e-07
 Reference value :  1.83826e-07
 Reference value :  1.84083e-07
 Reference value :  1.84287e-07
 Reference value :  1.84590e-07
 Reference value :  1.84806e-07
 Reference value :  1.84966e-07
 Reference value :  1.85051e-07
 Reference value :  1.85053e-07
 Reference value :  1.85056e-07
 Reference value :  1.85060e-07
 Reference value :  1.85061e-07
 Reference value :  1.85210e-07
 Reference value :  1.85425e-07
 Reference value :  1.85659e-07
 Reference value :  1.85881e-07
 Reference value :  1.85921e-07
 Reference value :  1.86060e-07
 Reference value :  1.86200e-07
 Reference value :  1.86401e-07
 Reference value :  1.86570e-07
 Reference value :  1.86773e-07
 Reference value :  1.86986e-07
 Reference value :  1.87159e-07
 Reference value :  1.87201e-07
 Reference value :  1.87294e-07
 Reference value :  1.87511e-07
 Reference value :  1.87692e-07
 Reference value :  1.87874e-07
 Reference value :  1.87910e-07
 Reference value :  1.88087e-07
 Reference value :  1.88418e-07
 Reference value :  1.88794e-07
 Reference value :  1.89101e-07
 Reference value :  1.89276e-07
 Reference value :  1.89526e-07
 Reference value :  1.89925e-07
 Reference value :  1.90258e-07
 Reference value :  1.90560e-07
 Reference value :  1.90958e-07
 Reference value :  1.91358e-07
 Reference value :  1.91750e-07
 Reference value :  1.92154e-07
 Reference value :  1.92557e-07
 Reference value :  1.92960e-07
 Reference value :  1.93358e-07
 Reference value :  1.93745e-07
 Reference value :  1.94146e-07
 Reference value :  1.94508e-07
 Reference value :  1.94910e-07
 Reference value :  1.95309e-07
 Reference value :  1.95711e-07
 Reference value :  1.96112e-07
 Reference value :  1.96513e-07
 Reference value :  1.96892e-07
 Reference value :  1.97293e-07
 Reference value :  1.97697e-07
 Reference value :  1.98100e-07
 Reference value :  1.98502e-07
 Reference value :  1.98901e-07
 Reference value :  1.99217e-07
 Reference value :  1.99560e-07
 Reference value :  1.99962e-07
 Reference value :  2.00273e-07
 Reference value :  2.00631e-07
 Reference value :  2.01030e-07
 Reference value :  2.01433e-07
 Reference value :  2.01833e-07
 Reference value :  2.02235e-07
 Reference value :  2.02600e-07
 Reference value :  2.03000e-07
 Reference value :  2.03403e-07
 Reference value :  2.03805e-07
 Reference value :  2.04210e-07
 Reference value :  2.04557e-07
 Reference value :  2.04944e-07
 Reference value :  2.05346e-07
 Reference value :  2.05733e-07
 Reference value :  2.06132e-07
 Reference value :  2.06525e-07
 Reference value :  2.06928e-07
 Reference value :  2.07330e-07
 Reference value :  2.07731e-07
 Reference value :  2.08130e-07
 Reference value :  2.08531e-07
 Reference value :  2.08900e-07
 Reference value :  2.09303e-07
 Reference value :  2.09708e-07
 Reference value :  2.10111e-07
 Reference value :  2.10512e-07
 Reference value :  2.10914e-07
 Reference value :  2.11312e-07
 Reference value :  2.11713e-07
 Reference value :  2.12115e-07
 Reference value :  2.12520e-07
 Reference value :  2.12921e-07
 Reference value :  2.13321e-07
 Reference value :  2.13660e-07
 Reference value :  2.13990e-07
 Reference value :  2.14390e-07
 Reference value :  2.14627e-07
 Reference value :  2.14861e-07
 Reference value :  2.15118e-07
 Reference value :  2.15345e-07
 Reference value :  2.15631e-07
 Reference value :  2.15933e-07
 Reference value :  2.16212e-07
 Reference value :  2.16409e-07
 Reference value :  2.16651e-07
 Reference value :  2.16863e-07
 Reference value :  2.17076e-07
 Reference value :  2.17331e-07
 Reference value :  2.17731e-07
 Reference value :  2.18136e-07
 Reference value :  2.18540e-07
 Reference value :  2.18925e-07
 Reference value :  2.19320e-07
 Reference value :  2.19722e-07
 Reference value :  2.20123e-07
 Reference value :  2.20513e-07
 Reference value :  2.20911e-07
 Reference value :  2.21315e-07
 Reference value :  2.21717e-07
 Reference value :  2.22010e-07
 Reference value :  2.22380e-07
 Reference value :  2.22780e-07
 Reference value :  2.23097e-07
 Reference value :  2.23444e-07
 Reference value :  2.23673e-07
 Reference value :  2.23918e-07
 Reference value :  2.24182e-07
 Reference value :  2.24425e-07
 Reference value :  2.24691e-07
 Reference value :  2.24960e-07
 Reference value :  2.25225e-07
 Reference value :  2.25450e-07
 Reference value :  2.25681e-07
 Reference value :  2.25921e-07
 Reference value :  2.26132e-07
 Reference value :  2.26335e-07
 Reference value :  2.26740e-07
 Reference value :  2.27141e-07
 Reference value :  2.27541e-07
 Reference value :  2.27943e-07
 Reference value :  2.28346e-07
 Reference value :  2.28750e-07
 Reference value :  2.29147e-07
 Reference value :  2.29551e-07
 Reference value :  2.29955e-07
 Reference value :  2.30190e-07
 Reference value :  2.30577e-07
 Reference value :  2.30789e-07
 Reference value :  2.31019e-07
 Reference value :  2.31264e-07
 Reference value :  2.31555e-07
 Reference value :  2.31760e-07
 Reference value :  2.31915e-07
 Reference value :  2.32172e-07
 Reference value :  2.32468e-07
 Reference value :  2.32621e-07
 Reference value :  2.32821e-07
 Reference value :  2.33061e-07
 Reference value :  2.33334e-07
 Reference value :  2.33573e-07
 Reference value :  2.33801e-07
 Reference value :  2.34010e-07
 Reference value :  2.34267e-07
 Reference value :  2.34668e-07
 Reference value :  2.35068e-07
 Reference value :  2.35458e-07
 Reference value :  2.35860e-07
 Reference value :  2.36262e-07
 Reference value :  2.36569e-07
 Reference value :  2.36837e-07
 Reference value :  2.37240e-07
 Reference value :  2.37643e-07
 Reference value :  2.38040e-07
 Reference value :  2.38440e-07
 Reference value :  2.38843e-07
 Reference value :  2.39246e-07
 Reference value :  2.39650e-07
 Reference value :  2.40052e-07
 Reference value :  2.40455e-07
 Reference value :  2.40860e-07
 Reference value :  2.41261e-07
 Reference value :  2.41538e-07
 Reference value :  2.41940e-07
 Reference value :  2.42341e-07
 Reference value :  2.42654e-07
 Reference value :  2.42998e-07
 Reference value :  2.43400e-07
 Reference value :  2.43804e-07
 Reference value :  2.44176e-07
 Reference value :  2.44580e-07
 Reference value :  2.44980e-07
 Reference value :  2.45383e-07
 Reference value :  2.45789e-07
 Reference value :  2.46191e-07
 Reference value :  2.46596e-07
 Reference value :  2.46999e-07
 Reference value :  2.47326e-07
 Reference value :  2.47698e-07
 Reference value :  2.48063e-07
 Reference value :  2.48458e-07
 Reference value :  2.48860e-07
 Reference value :  2.49265e-07
 Reference value :  2.49670e-07
 Reference value :  2.50072e-07
 Reference value :  2.50471e-07
 Reference value :  2.50873e-07
 Reference value :  2.51277e-07
 Reference value :  2.51681e-07
 Reference value :  2.52085e-07
 Reference value :  2.52490e-07
 Reference value :  2.52870e-07
 Reference value :  2.53256e-07
 Reference value :  2.53660e-07
 Reference value :  2.54060e-07
 Reference value :  2.54460e-07
 Reference value :  2.54861e-07
 Reference value :  2.55267e-07
 Reference value :  2.55670e-07
 Reference value :  2.55995e-07
 Reference value :  2.56332e-07
 Reference value :  2.56729e-07
 Reference value :  2.57120e-07
 Reference value :  2.57521e-07
 Reference value :  2.57927e-07
 Reference value :  2.58331e-07
 Reference value :  2.58735e-07
 Reference value :  2.59136e-07
 Reference value :  2.59533e-07
 Reference value :  2.59935e-07
 Reference value :  2.60339e-07
 Reference value :  2.60741e-07
 Reference value :  2.61146e-07
 Reference value :  2.61548e-07
 Reference value :  2.61951e-07
 Reference value :  2.62353e-07
 Reference value :  2.62728e-07
 Reference value :  2.63131e-07
 Reference value :  2.63535e-07
 Reference value :  2.63940e-07
 Reference value :  2.64345e-07
 Reference value :  2.64750e-07
 Reference value :  2.65152e-07
 Reference value :  2.65554e-07
 Reference value :  2.65950e-07
 Reference value :  2.66164e-07
 Reference value :  2.66521e-07
 Reference value :  2.66924e-07
 Reference value :  2.67291e-07
 Reference value :  2.67580e-07
 Reference value :  2.67982e-07
 Reference value :  2.68336e-07
 Reference value :  2.68740e-07
 Reference value :  2.69120e-07
 Reference value :  2.69515e-07
 Reference value :  2.69920e-07
 Reference value :  2.70317e-07
 Reference value :  2.70719e-07
 Reference value :  2.71115e-07
 Reference value :  2.71515e-07
 Reference value :  2.71917e-07
 Reference value :  2.72319e-07
 Reference value :  2.72721e-07
 Reference value :  2.73125e-07
 Reference value :  2.73529e-07
 Reference value :  2.73930e-07
 Reference value :  2.74333e-07
 Reference value :  2.74734e-07
 Reference value :  2.75135e-07
 Reference value :  2.75540e-07
 Reference value :  2.75942e-07
 Reference value :  2.76347e-07
 Reference value :  2.76745e-07
 Reference value :  2.77147e-07
 Reference value :  2.77551e-07
 Reference value :  2.77953e-07
 Reference value :  2.78359e-07
 Reference value :  2.78761e-07
 Reference value :  2.79165e-07
 Reference value :  2.79569e-07
 Reference value :  2.79968e-07
 Reference value :  2.80370e-07
 Reference value :  2.80750e-07
 Reference value :  2.81020e-07
 Reference value :  2.81420e-07
 Reference value :  2.81823e-07
 Reference value :  2.82221e-07
 Reference value :  2.82611e-07
 Reference value :  2.82966e-07
 Reference value :  2.83366e-07
 Reference value :  2.83741e-07
 Reference value :  2.84146e-07
 Reference value :  2.84548e-07
 Reference value :  2.84947e-07
 Reference value :  2.85342e-07
 Reference value :  2.85645e-07
 Reference value :  2.85870e-07
 Reference value :  2.86128e-07
 Reference value :  2.86405e-07
 Reference value :  2.86659e-07
 Reference value :  2.86893e-07
 Reference value :  2.87049e-07
 Reference value :  2.87183e-07
 Reference value :  2.87391e-07
 Reference value :  2.87540e-07
 Reference value :  2.87739e-07
 Reference value :  2.87890e-07
 Reference value :  2.88102e-07
 Reference value :  2.88244e-07
 Reference value :  2.88289e-07
 Reference value :  2.88371e-07
 Reference value :  2.88547e-07
 Reference value :  2.88761e-07
 Reference value :  2.88943e-07
 Reference value :  2.89163e-07
 Reference value :  2.89425e-07
 Reference value :  2.89674e-07
 Reference value :  2.89925e-07
 Reference value :  2.90254e-07
 Reference value :  2.90650e-07
 Reference value :  2.91043e-07
 Reference value :  2.91444e-07
 Reference value :  2.91750e-07
 Reference value :  2.92150e-07
 Reference value :  2.92476e-07
 Reference value :  2.92666e-07
 Reference value :  2.92853e-07
 Reference value :  2.93249e-07
 Reference value :  2.93644e-07
 Reference value :  2.94041e-07
 Reference value :  2.94442e-07
 Reference value :  2.94844e-07
 Reference value :  2.95246e-07
 Reference value :  2.95650e-07
 Reference value :  2.96049e-07
 Reference value :  2.96440e-07
 Reference value :  2.96839e-07
 Reference value :  2.97240e-07
 Reference value :  2.97641e-07
 Reference value :  2.98009e-07
 Reference value :  2.98411e-07
 Reference value :  2.98815e-07
 Reference value :  2.99210e-07
 Reference value :  2.99528e-07
 Reference value :  2.99853e-07
 Reference value :  3.00254e-07
 Reference value :  3.00655e-07
 Reference value :  3.01060e-07
 Reference value :  3.01463e-07
 Reference value :  3.01866e-07
 Reference value :  3.02241e-07
 Reference value :  3.02643e-07
 Reference value :  3.03027e-07
 Reference value :  3.03410e-07
 Reference value :  3.03811e-07
 Reference value :  3.04212e-07
 Reference value :  3.04617e-07
 Reference value :  3.05021e-07
 Reference value :  3.05313e-07
 Reference value :  3.05717e-07
 Reference value :  3.06120e-07
 Reference value :  3.06523e-07
 Reference value :  3.06919e-07
 Reference value :  3.07321e-07
 Reference value :  3.07722e-07
 Reference value :  3.08090e-07
 Reference value :  3.08491e-07
 Reference value :  3.08892e-07
 Reference value :  3.09294e-07
 Reference value :  3.09627e-07
 Reference value :  3.09970e-07
 Reference value :  3.10374e-07
 Reference value :  3.10718e-07
 Reference value :  3.11045e-07
 Reference value :  3.11411e-07
 Reference value :  3.11815e-07
 Reference value :  3.12217e-07
 Reference value :  3.12620e-07
 Reference value :  3.13024e-07
 Reference value :  3.13429e-07
 Reference value :  3.13831e-07
 Reference value :  3.14230e-07
 Reference value :  3.14631e-07
 Reference value :  3.15035e-07
 Reference value :  3.15437e-07
 Reference value :  3.15840e-07
 Reference value :  3.16237e-07
 Reference value :  3.16631e-07
 Reference value :  3.17034e-07
 Reference value :  3.17431e-07
 Reference value :  3.17835e-07
 Reference value :  3.18240e-07
 Reference value :  3.18643e-07
 Reference value :  3.19049e-07
 Reference value :  3.19451e-07
 Reference value :  3.19854e-07
 Reference value :  3.20251e-07
 Reference value :  3.20654e-07
 Reference value :  3.21059e-07
 Reference value :  3.21462e-07
 Reference value :  3.21866e-07
 Reference value :  3.22223e-07
 Reference value :  3.22627e-07
 Reference value :  3.23030e-07
 Reference value :  3.23433e-07
 Reference value :  3.23805e-07
 Reference value :  3.24208e-07
 Reference value :  3.24483e-07
 Reference value :  3.24884e-07
 Reference value :  3.25287e-07
 Reference value :  3.25690e-07
 Reference value :  3.26090e-07
 Reference value :  3.26484e-07
 Reference value :  3.26884e-07
 Reference value :  3.27289e-07
 Reference value :  3.27690e-07
 Reference value :  3.28094e-07
 Reference value :  3.28498e-07
 Reference value :  3.28893e-07
 Reference value :  3.29270e-07
 Reference value :  3.29670e-07
 Reference value :  3.30058e-07
 Reference value :  3.30459e-07
 Reference value :  3.30862e-07
 Reference value :  3.31266e-07
 Reference value :  3.31670e-07
 Reference value :  3.32071e-07
 Reference value :  3.32475e-07
 Reference value :  3.32878e-07
 Reference value :  3.33281e-07
 Reference value :  3.33681e-07
 Reference value :  3.34084e-07
 Reference value :  3.34465e-07
 Reference value :  3.34759e-07
 Reference value :  3.35159e-07
 Reference value :  3.35543e-07
 Reference value :  3.35809e-07
 Reference value :  3.36210e-07
 Reference value :  3.36613e-07
 Reference value :  3.37010e-07
 Reference value :  3.37409e-07
 Reference value :  3.37802e-07
 Reference value :  3.38204e-07
 Reference value :  3.38608e-07
 Reference value :  3.39010e-07
 Reference value :  3.39410e-07
 Reference value :  3.39811e-07
 Reference value :  3.40213e-07
 Reference value :  3.40603e-07
 Reference value :  3.41002e-07
 Reference value :  3.41408e-07
 Reference value :  3.41810e-07
 Reference value :  3.42210e-07
 Reference value :  3.42611e-07
 Reference value :  3.43013e-07
 Reference value :  3.43418e-07
 Reference value :  3.43820e-07
 Reference value :  3.44223e-07
 Reference value :  3.44625e-07
 Reference value :  3.45027e-07
 Reference value :  3.45430e-07
 Reference value :  3.45833e-07
 Reference value :  3.46238e-07
 Reference value :  3.46600e-07
 Reference value :  3.46999e-07
 Reference value :  3.47402e-07
 Reference value :  3.47806e-07
 Reference value :  3.48210e-07
 Reference value :  3.48588e-07
 Reference value :  3.48990e-07
 Reference value :  3.49313e-07
 Reference value :  3.49663e-07
 Reference value :  3.50067e-07
 Reference value :  3.50467e-07
 Reference value :  3.50748e-07
 Reference value :  3.50990e-07
 Reference value :  3.51249e-07
 Reference value :  3.51500e-07
 Reference value :  3.51670e-07
 Reference value :  3.51927e-07
 Reference value :  3.52190e-07
 Reference value :  3.52416e-07
 Reference value :  3.52606e-07
 Reference value :  3.52861e-07
 Reference value :  3.53082e-07
 Reference value :  3.53158e-07
 Reference value :  3.53271e-07
 Reference value :  3.53603e-07
 Reference value :  3.54003e-07
 Reference value :  3.54381e-07
 Reference value :  3.54670e-07
 Reference value :  3.54882e-07
 Reference value :  3.55242e-07
 Reference value :  3.55647e-07
 Reference value :  3.56047e-07
 Reference value :  3.56338e-07
 Reference value :  3.56540e-07
 Reference value :  3.56637e-07
 Reference value :  3.56778e-07
 Reference value :  3.57012e-07
 Reference value :  3.57267e-07
 Reference value :  3.57553e-07
 Reference value :  3.57819e-07
 Reference value :  3.58061e-07
 Reference value :  3.58264e-07
 Reference value :  3.58551e-07
 Reference value :  3.58860e-07
 Reference value :  3.59091e-07
 Reference value :  3.59289e-07
 Reference value :  3.59563e-07
 Reference value :  3.59790e-07
 Reference value :  3.59990e-07
 Reference value :  3.60206e-07
 Reference value :  3.60413e-07
 Reference value :  3.60639e-07
 Reference value :  3.60840e-07
 Reference value :  3.61065e-07
 Reference value :  3.61265e-07
 Reference value :  3.61490e-07
 Reference value :  3.61664e-07
 Reference value :  3.61880e-07
 Reference value :  3.62104e-07
 Reference value :  3.62299e-07
 Reference value :  3.62497e-07
 Reference value :  3.62694e-07
 Reference value :  3.62914e-07
 Reference value :  3.63101e-07
 Reference value :  3.63289e-07
 Reference value :  3.63540e-07
 Reference value :  3.63703e-07
 Reference value :  3.63891e-07
 Reference value :  3.64158e-07
 Reference value :  3.64397e-07
 Reference value :  3.64660e-07
 Reference value :  3.64858e-07
 Reference value :  3.65095e-07
 Reference value :  3.65321e-07
 Reference value :  3.65548e-07
 Reference value :  3.65771e-07
 Reference value :  3.65811e-07
 Reference value :  3.65814e-07
 Reference value :  3.65818e-07
 Reference value :  3.65991e-07
 Reference value :  3.66111e-07
 Reference value :  3.66340e-07
 Reference value :  3.66343e-07
 Reference value :  3.66346e-07
 Reference value :  3.66350e-07
 Reference value :  3.66351e-07
 Reference value :  3.66355e-07
 Reference value :  3.66359e-07
 Reference value :  3.66381e-07
 Reference value :  3.66660e-07
 Reference value :  3.66916e-07
 Reference value :  3.67110e-07
 Reference value :  3.67329e-07
 Reference value :  3.67730e-07
 Reference value :  3.68070e-07
 Reference value :  3.68417e-07
 Reference value :  3.68767e-07
 Reference value :  3.68902e-07
 Reference value :  3.69160e-07
 Reference value :  3.69561e-07
 Reference value :  3.69965e-07
 Reference value :  3.70264e-07
 Reference value :  3.70668e-07
 Reference value :  3.71070e-07
 Reference value :  3.71470e-07
 Reference value :  3.71871e-07
 Reference value :  3.72276e-07
 Reference value :  3.72680e-07
 Reference value :  3.73085e-07
 Reference value :  3.73486e-07
 Reference value :  3.73890e-07
 Reference value :  3.74280e-07
 Reference value :  3.74681e-07
 Reference value :  3.75083e-07
 Reference value :  3.75478e-07
 Reference value :  3.75880e-07
 Reference value :  3.76181e-07
 Reference value :  3.76409e-07
 Reference value :  3.76811e-07
 Reference value :  3.77180e-07
 Reference value :  3.77519e-07
 Reference value :  3.77911e-07
 Reference value :  3.78314e-07
 Reference value :  3.78567e-07
 Reference value :  3.78748e-07
 Reference value :  3.79031e-07
 Reference value :  3.79431e-07
 Reference value :  3.79831e-07
 Reference value :  3.80107e-07
 Reference value :  3.80491e-07
 Reference value :  3.80895e-07
 Reference value :  3.81180e-07
 Reference value :  3.81415e-07
 Reference value :  3.81615e-07
 Reference value :  3.81880e-07
 Reference value :  3.82171e-07
 Reference value :  3.82455e-07
 Reference value :  3.82688e-07
 Reference value :  3.82947e-07
 Reference value :  3.83180e-07
 Reference value :  3.83489e-07
 Reference value :  3.83730e-07
 Reference value :  3.83958e-07
 Reference value :  3.84198e-07
 Reference value :  3.84419e-07
 Reference value :  3.84643e-07
 Reference value :  3.84909e-07
 Reference value :  3.85130e-07
 Reference value :  3.85423e-07
 Reference value :  3.85610e-07
 Reference value :  3.85802e-07
 Reference value :  3.85918e-07
 Reference value :  3.85920e-07
 Reference value :  3.85922e-07
 Reference value :  3.85926e-07
 Reference value :  3.85929e-07
 Reference value :  3.85930e-07
 Reference value :  3.85933e-07
 Reference value :  3.85936e-07
 Reference value :  3.86131e-07
 Reference value :  3.86269e-07
 Reference value :  3.86491e-07
 Reference value :  3.86725e-07
 Reference value :  3.86926e-07
 Reference value :  3.87091e-07
 Reference value :  3.87238e-07
 Reference value :  3.87441e-07
 Reference value :  3.87561e-07
 Reference value :  3.87722e-07
 Reference value :  3.87950e-07
 Reference value :  3.88139e-07
 Reference value :  3.88181e-07
 Reference value :  3.88389e-07
 Reference value :  3.88592e-07
 Reference value :  3.88921e-07
 Reference value :  3.89257e-07
 Reference value :  3.89611e-07
 Reference value :  3.89944e-07
 Reference value :  3.90342e-07
 Reference value :  3.90739e-07
 Reference value :  3.91130e-07
 Reference value :  3.91530e-07
 Reference value :  3.91880e-07
 Reference value :  3.92189e-07
 Reference value :  3.92581e-07
 Reference value :  3.92982e-07
 Reference value :  3.93322e-07
 Reference value :  3.93620e-07
 Reference value :  3.94021e-07
 Reference value :  3.94421e-07
 Reference value :  3.94821e-07
 Reference value :  3.95220e-07
 Reference value :  3.95621e-07
 Reference value :  3.96023e-07
 Reference value :  3.96426e-07
 Reference value :  3.96829e-07
 Reference value :  3.97226e-07
 Reference value :  3.97626e-07
 Reference value :  3.98029e-07
 Reference value :  3.98411e-07
 Reference value :  3.98784e-07
 Reference value :  3.99181e-07
 Reference value :  3.99582e-07
 Reference value :  3.99983e-07
 Reference value :  4.00376e-07
 Reference value :  4.00776e-07
 Reference value :  4.01178e-07
 Reference value :  4.01533e-07
 Reference value :  4.01804e-07
 Reference value :  4.02203e-07
 Reference value :  4.02606e-07
 Reference value :  4.03003e-07
 Reference value :  4.03403e-07
 Reference value :  4.03804e-07
 Reference value :  4.04205e-07
 Reference value :  4.04603e-07
 Reference value :  4.04963e-07
 Reference value :  4.05255e-07
 Reference value :  4.05595e-07
 Reference value :  4.05995e-07
 Reference value :  4.06395e-07
 Reference value :  4.06796e-07
 Reference value :  4.07198e-07
 Reference value :  4.07600e-07
 Reference value :  4.08000e-07
 Reference value :  4.08402e-07
 Reference value :  4.08803e-07
 Reference value :  4.09125e-07
 Reference value :  4.09382e-07
 Reference value :  4.09624e-07
 Reference value :  4.09857e-07
 Reference value :  4.10139e-07
 Reference value :  4.10441e-07
 Reference value :  4.10751e-07
 Reference value :  4.11041e-07
 Reference value :  4.11305e-07
 Reference value :  4.11517e-07
 Reference value :  4.11700e-07
 Reference value :  4.11961e-07
 Reference value :  4.12168e-07
 Reference value :  4.12419e-07
 Reference value :  4.12651e-07
 Reference value :  4.12852e-07
 Reference value :  4.13085e-07
 Reference value :  4.13486e-07
 Reference value :  4.13819e-07
 Reference value :  4.14156e-07
 Reference value :  4.14555e-07
 Reference value :  4.14942e-07
 Reference value :  4.15225e-07
 Reference value :  4.15624e-07
 Reference value :  4.16025e-07
 Reference value :  4.16346e-07
 Reference value :  4.16570e-07
 Reference value :  4.16964e-07
 Reference value :  4.17364e-07
 Reference value :  4.17760e-07
 Reference value :  4.18160e-07
 Reference value :  4.18558e-07
 Reference value :  4.18960e-07
 Reference value :  4.19358e-07
 Reference value :  4.19760e-07
 Reference value :  4.20132e-07
 Reference value :  4.20381e-07
 Reference value :  4.20597e-07
 Reference value :  4.20851e-07
 Reference value :  4.21036e-07
 Reference value :  4.21232e-07
 Reference value :  4.21631e-07
 Reference value :  4.22008e-07
 Reference value :  4.22270e-07
 Reference value :  4.22668e-07
 Reference value :  4.23064e-07
 Reference value :  4.23350e-07
 Reference value :  4.23634e-07
 Reference value :  4.24034e-07
 Reference value :  4.24430e-07
 Reference value :  4.24830e-07
 Reference value :  4.25230e-07
 Reference value :  4.25626e-07
 Reference value :  4.26022e-07
 Reference value :  4.26421e-07
 Reference value :  4.26822e-07
 Reference value :  4.27221e-07
 Reference value :  4.27623e-07
 Reference value :  4.27997e-07
 Reference value :  4.28398e-07
 Reference value :  4.28798e-07
 Reference value :  4.29193e-07
 Reference value :  4.29592e-07
 Reference value :  4.29991e-07
 Reference value :  4.30388e-07
 Reference value :  4.30788e-07
 Reference value :  4.31189e-07
 Reference value :  4.31588e-07
 Reference value :  4.31988e-07
 Reference value :  4.32384e-07
 Reference value :  4.32784e-07
 Reference value :  4.33164e-07
 Reference value :  4.33540e-07
 Reference value :  4.33841e-07
 Reference value :  4.34120e-07
 Reference value :  4.34518e-07
 Reference value :  4.34916e-07
 Reference value :  4.35314e-07
 Reference value :  4.35713e-07
 Reference value :  4.35984e-07
 Reference value :  4.36231e-07
 Reference value :  4.36402e-07
 Reference value :  4.36696e-07
 Reference value :  4.36999e-07
 Reference value :  4.37190e-07
 Reference value :  4.37450e-07
 Reference value :  4.37725e-07
 Reference value :  4.38013e-07
 Reference value :  4.38274e-07
 Reference value :  4.38499e-07
 Reference value :  4.38735e-07
 Reference value :  4.38970e-07
 Reference value :  4.39221e-07
 Reference value :  4.39449e-07
 Reference value :  4.39665e-07
 Reference value :  4.39918e-07
 Reference value :  4.40315e-07
 Reference value :  4.40711e-07
 Reference value :  4.41111e-07
 Reference value :  4.41509e-07
 Reference value :  4.41910e-07
 Reference value :  4.42204e-07
 Reference value :  4.42391e-07
 Reference value :  4.42637e-07
 Reference value :  4.42883e-07
 Reference value :  4.43095e-07
 Reference value :  4.43336e-07
 Reference value :  4.43613e-07
 Reference value :  4.43909e-07
 Reference value :  4.44181e-07
 Reference value :  4.44428e-07
 Reference value :  4.44630e-07
 Reference value :  4.44884e-07
 Reference value :  4.45061e-07
 Reference value :  4.45258e-07
 Reference value :  4.45631e-07
 Reference value :  4.46031e-07
 Reference value :  4.46430e-07
 Reference value :  4.46830e-07
 Reference value :  4.47230e-07
 Reference value :  4.47631e-07
 Reference value :  4.48032e-07
 Reference value :  4.48431e-07
 Reference value :  4.48830e-07
 Reference value :  4.49225e-07
 Reference value :  4.49585e-07
 Reference value :  4.49820e-07
 Reference value :  4.50209e-07
 Reference value :  4.50610e-07
 Reference value :  4.51006e-07
 Reference value :  4.51405e-07
 Reference value :  4.51805e-07
 Reference value :  4.52203e-07
 Reference value :  4.52603e-07
 Reference value :  4.52970e-07
 Reference value :  4.53370e-07
 Reference value :  4.53771e-07
 Reference value :  4.54172e-07
 Reference value :  4.54573e-07
 Reference value :  4.54971e-07
 Reference value :  4.55371e-07
 Reference value :  4.55769e-07
 Reference value :  4.56150e-07
 Reference value :  4.56433e-07
 Reference value :  4.56800e-07
 Reference value :  4.57200e-07
 Reference value :  4.57478e-07
 Reference value :  4.57859e-07
 Reference value :  4.58258e-07
 Reference value :  4.58657e-07
 Reference value :  4.59060e-07
 Reference value :  4.59461e-07
 Reference value :  4.59863e-07
 Reference value :  4.60260e-07
 Reference value :  4.60659e-07
 Reference value :  4.61055e-07
 Reference value :  4.61453e-07
 Reference value :  4.61854e-07
 Reference value :  4.62169e-07
 Reference value :  4.62565e-07
 Reference value :  4.62951e-07
 Reference value :  4.63348e-07
 Reference value :  4.63724e-07
 Reference value :  4.64122e-07
 Reference value :  4.64521e-07
 Reference value :  4.64923e-07
 Reference value :  4.65295e-07
 Reference value :  4.65692e-07
 Reference value :  4.65970e-07
 Reference value :  4.66368e-07
 Reference value :  4.66766e-07
 Reference value :  4.67141e-07
 Reference value :  4.67530e-07
 Reference value :  4.67931e-07
 Reference value :  4.68331e-07
 Reference value :  4.68732e-07
 Reference value :  4.69131e-07
 Reference value :  4.69531e-07
 Reference value :  4.69931e-07
 Reference value :  4.70331e-07
 Reference value :  4.70693e-07
 Reference value :  4.71084e-07
 Reference value :  4.71487e-07
 Reference value :  4.71884e-07
 Reference value :  4.72270e-07
 Reference value :  4.72670e-07
 Reference value :  4.73070e-07
 Reference value :  4.73467e-07
 Reference value :  4.73870e-07
 Reference value :  4.74271e-07
 Reference value :  4.74671e-07
 Reference value :  4.75071e-07
 Reference value :  4.75452e-07
 Reference value :  4.75852e-07
 Reference value :  4.76253e-07
 Reference value :  4.76654e-07
 Reference value :  4.77040e-07
 Reference value :  4.77386e-07
 Reference value :  4.77786e-07
 Reference value :  4.78183e-07
 Reference value :  4.78580e-07
 Reference value :  4.78979e-07
 Reference value :  4.79380e-07
 Reference value :  4.79776e-07
 Reference value :  4.80175e-07
 Reference value :  4.80575e-07
 Reference value :  4.80888e-07
 Reference value :  4.81233e-07
 Reference value :  4.81632e-07
 Reference value :  4.81960e-07
 Reference value :  4.82292e-07
 Reference value :  4.82689e-07
 Reference value :  4.83090e-07
 Reference value :  4.83489e-07
 Reference value :  4.83888e-07
 Reference value :  4.84281e-07
 Reference value :  4.84679e-07
 Reference value :  4.85060e-07
 Reference value :  4.85301e-07
 Reference value :  4.85537e-07
 Reference value :  4.85806e-07
 Reference value :  4.86066e-07
 Reference value :  4.86328e-07
 Reference value :  4.86583e-07
 Reference value :  4.86860e-07
 Reference value :  4.87129e-07
 Reference value :  4.87370e-07
 Reference value :  4.87610e-07
 Reference value :  4.87877e-07
 Reference value :  4.88271e-07
 Reference value :  4.88550e-07
 Reference value :  4.88723e-07
 Reference value :  4.88994e-07
 Reference value :  4.89270e-07
 Reference value :  4.89551e-07
 Reference value :  4.89817e-07
 Reference value :  4.90067e-07
 Reference value :  4.90331e-07
 Reference value :  4.90581e-07
 Reference value :  4.90781e-07
 Reference value :  4.90980e-07
 Reference value :  4.91220e-07
 Reference value :  4.91406e-07
 Reference value :  4.91631e-07
 Reference value :  4.91722e-07
 Reference value :  4.91941e-07
 Reference value :  4.92153e-07
 Reference value :  4.92386e-07
 Reference value :  4.92777e-07
 Reference value :  4.93180e-07
 Reference value :  4.93579e-07
 Reference value :  4.93980e-07
 Reference value :  4.94323e-07
 Reference value :  4.94578e-07
 Reference value :  4.94826e-07
 Reference value :  4.95115e-07
 Reference value :  4.95375e-07
 Reference value :  4.95650e-07
 Reference value :  4.95930e-07
 Reference value :  4.96200e-07
 Reference value :  4.96470e-07
 Reference value :  4.96687e-07
 Reference value :  4.96947e-07
 Reference value :  4.97180e-07
 Reference value :  4.97381e-07
 Reference value :  4.97730e-07
 Reference value :  4.98121e-07
 Reference value :  4.98406e-07
 Reference value :  4.98760e-07
 Reference value :  4.99160e-07
 Reference value :  4.99464e-07
 Reference value :  4.99837e-07
 Reference value :  5.00094e-07
 Reference value :  5.00451e-07
 Reference value :  5.00852e-07
 Reference value :  5.01245e-07
 Reference value :  5.01649e-07
 Reference value :  5.02050e-07
 Reference value :  5.02451e-07
 Reference value :  5.02820e-07
 Reference value :  5.03224e-07
 Reference value :  5.03625e-07
 Reference value :  5.04027e-07
 Reference value :  5.04428e-07
 Reference value :  5.04830e-07
 Reference value :  5.05233e-07
 Reference value :  5.05638e-07
 Reference value :  5.06041e-07
 Reference value :  5.06409e-07
 Reference value :  5.06809e-07
 Reference value :  5.07210e-07
 Reference value :  5.07610e-07
 Reference value :  5.07931e-07
 Reference value :  5.08284e-07
 Reference value :  5.08681e-07
 Reference value :  5.09086e-07
 Reference value :  5.09489e-07
 Reference value :  5.09854e-07
 Reference value :  5.10256e-07
 Reference value :  5.10659e-07
 Reference value :  5.11061e-07
 Reference value :  5.11466e-07
 Reference value :  5.11870e-07
 Reference value :  5.12271e-07
 Reference value :  5.12674e-07
 Reference value :  5.13066e-07
 Reference value :  5.13468e-07
 Reference value :  5.13868e-07
 Reference value :  5.14270e-07
 Reference value :  5.14659e-07
 Reference value :  5.15058e-07
 Reference value :  5.15410e-07
 Reference value :  5.15800e-07
 Reference value :  5.16199e-07
 Reference value :  5.16599e-07
 Reference value :  5.17001e-07
 Reference value :  5.17402e-07
 Reference value :  5.17794e-07
 Reference value :  5.18196e-07
 Reference value :  5.18600e-07
 Reference value :  5.18971e-07
 Reference value :  5.19370e-07
 Reference value :  5.19772e-07
 Reference value :  5.20175e-07
 Reference value :  5.20579e-07
 Reference value :  5.20979e-07
 Reference value :  5.21377e-07
 Reference value :  5.21764e-07
 Reference value :  5.22164e-07
 Reference value :  5.22570e-07
 Reference value :  5.22936e-07
 Reference value :  5.23234e-07
 Reference value :  5.23636e-07
 Reference value :  5.24010e-07
 Reference value :  5.24308e-07
 Reference value :  5.24685e-07
 Reference value :  5.25088e-07
 Reference value :  5.25491e-07
 Reference value :  5.25891e-07
 Reference value :  5.26292e-07
 Reference value :  5.26690e-07
 Reference value :  5.27090e-07
 Reference value :  5.27492e-07
 Reference value :  5.27894e-07
 Reference value :  5.28300e-07
 Reference value :  5.28702e-07
 Reference value :  5.29102e-07
 Reference value :  5.29503e-07
 Reference value :  5.29906e-07
 Reference value :  5.30310e-07
 Reference value :  5.30707e-07
 Reference value :  5.31079e-07
 Reference value :  5.31480e-07
 Reference value :  5.31806e-07
 Reference value :  5.32060e-07
 Reference value :  5.32277e-07
 Reference value :  5.32480e-07
 Reference value :  5.32731e-07
 Reference value :  5.33025e-07
 Reference value :  5.33271e-07
 Reference value :  5.33523e-07
 Reference value :  5.33801e-07
 Reference value :  5.33987e-07
 Reference value :  5.34031e-07
 Reference value :  5.34210e-07
 Reference value :  5.34490e-07
 Reference value :  5.34750e-07
 Reference value :  5.35030e-07
 Reference value :  5.35300e-07
 Reference value :  5.35564e-07
 Reference value :  5.35673e-07
 Reference value :  5.35780e-07
 Reference value :  5.36008e-07
 Reference value :  5.36293e-07
 Reference value :  5.36526e-07
 Reference value :  5.36824e-07
 Reference value :  5.37228e-07
 Reference value :  5.37587e-07
 Reference value :  5.37802e-07
 Reference value :  5.38087e-07
 Reference value :  5.38489e-07
 Reference value :  5.38763e-07
 Reference value :  5.38998e-07
 Reference value :  5.39394e-07
 Reference value :  5.39797e-07
 Reference value :  5.40199e-07
 Reference value :  5.40599e-07
 Reference value :  5.41000e-07
 Reference value :  5.41401e-07
 Reference value :  5.41797e-07
 Reference value :  5.42199e-07
 Reference value :  5.42601e-07
 Reference value :  5.42893e-07
 Reference value :  5.43223e-07
 Reference value :  5.43620e-07
 Reference value :  5.43940e-07
 Reference value :  5.44274e-07
 Reference value :  5.44660e-07
 Reference value :  5.45040e-07
 Reference value :  5.45443e-07
 Reference value :  5.45844e-07
 Reference value :  5.46247e-07
 Reference value :  5.46650e-07
 Reference value :  5.47053e-07
 Reference value :  5.47458e-07
 Reference value :  5.47860e-07
 Reference value :  5.48262e-07
 Reference value :  5.48669e-07
 Reference value :  5.49069e-07
 Reference value :  5.49472e-07
 Reference value :  5.49871e-07
 Reference value :  5.50274e-07
 Reference value :  5.50646e-07
 Reference value :  5.51050e-07
 Reference value :  5.51454e-07
 Reference value :  5.51859e-07
 Reference value :  5.52261e-07
 Reference value :  5.52598e-07
 Reference value :  5.52931e-07
 Reference value :  5.53335e-07
 Reference value :  5.53737e-07
 Reference value :  5.54103e-07
 Reference value :  5.54499e-07
 Reference value :  5.54901e-07
 Reference value :  5.55303e-07
 Reference value :  5.55707e-07
 Reference value :  5.56110e-07
 Reference value :  5.56511e-07
 Reference value :  5.56916e-07
 Reference value :  5.57320e-07
 Reference value :  5.57720e-07
 Reference value :  5.58122e-07
 Reference value :  5.58523e-07
 Reference value :  5.58902e-07
 Reference value :  5.59282e-07
 Reference value :  5.59683e-07
 Reference value :  5.60086e-07
 Reference value :  5.60488e-07
 Reference value :  5.60890e-07
 Reference value :  5.61290e-07
 Reference value :  5.61684e-07
 Reference value :  5.62087e-07
 Reference value :  5.62490e-07
 Reference value :  5.62868e-07
 Reference value :  5.63270e-07
 Reference value :  5.63671e-07
 Reference value :  5.64073e-07
 Reference value :  5.64460e-07
 Reference value :  5.64861e-07
 Reference value :  5.65261e-07
 Reference value :  5.65645e-07
 Reference value :  5.66046e-07
 Reference value :  5.66413e-07
 Reference value :  5.66811e-07
 Reference value :  5.67104e-07
 Reference value :  5.67361e-07
 Reference value :  5.67579e-07
 Reference value :  5.67847e-07
 Reference value :  5.68091e-07
 Reference value :  5.68319e-07
 Reference value :  5.68595e-07
 Reference value :  5.68821e-07
 Reference value :  5.69060e-07
 Reference value :  5.69335e-07
 Reference value :  5.69511e-07
 Reference value :  5.69733e-07
 Reference value :  5.69980e-07
 Reference value :  5.70171e-07
 Reference value :  5.70571e-07
 Reference value :  5.70930e-07
 Reference value :  5.71331e-07
 Reference value :  5.71712e-07
 Reference value :  5.72091e-07
 Reference value :  5.72470e-07
 Reference value :  5.72862e-07
 Reference value :  5.73217e-07
 Reference value :  5.73394e-07
 Reference value :  5.73529e-07
 Reference value :  5.73700e-07
 Reference value :  5.73967e-07
 Reference value :  5.74303e-07
 Reference value :  5.74670e-07
 Reference value :  5.74828e-07
 Reference value :  5.75201e-07
 Reference value :  5.75580e-07
 Reference value :  5.75847e-07
 Reference value :  5.76020e-07
 Reference value :  5.76300e-07
 Reference value :  5.76587e-07
 Reference value :  5.76811e-07
 Reference value :  5.77005e-07
 Reference value :  5.77284e-07
 Reference value :  5.77491e-07
 Reference value :  5.77537e-07
 Reference value :  5.77540e-07
 Reference value :  5.77542e-07
 Reference value :  5.77761e-07
 Reference value :  5.77917e-07
 Reference value :  5.78047e-07
 Reference value :  5.78161e-07
 Reference value :  5.78400e-07
 Reference value :  5.78630e-07
 Reference value :  5.78838e-07
 Reference value :  5.79073e-07
 Reference value :  5.79310e-07
 Reference value :  5.79520e-07
 Reference value :  5.79742e-07
 Reference value :  5.79957e-07
 Reference value :  5.80180e-07
 Reference value :  5.80382e-07
 Reference value :  5.80547e-07
 Reference value :  5.80550e-07
 Reference value :  5.80551e-07
 Reference value :  5.80555e-07
 Reference value :  5.80559e-07
 Reference value :  5.80561e-07
 Reference value :  5.80564e-07
 Reference value :  5.80770e-07
 Reference value :  5.81011e-07
 Reference value :  5.81178e-07
 Reference value :  5.81255e-07
 Reference value :  5.81440e-07
 Reference value :  5.81623e-07
 Reference value :  5.81770e-07
 Reference value :  5.81992e-07
 Reference value :  5.82196e-07
 Reference value :  5.82300e-07
 Reference value :  5.82341e-07
 Reference value :  5.82599e-07
 Reference value :  5.82920e-07
 Reference value :  5.83310e-07
 Reference value :  5.83642e-07
 Reference value :  5.84044e-07
 Reference value :  5.84380e-07
 Reference value :  5.84777e-07
 Reference value :  5.85124e-07
 Reference value :  5.85450e-07
 Reference value :  5.85800e-07
 Reference value :  5.86180e-07
 Reference value :  5.86586e-07
 Reference value :  5.86990e-07
 Reference value :  5.87397e-07
 Reference value :  5.87805e-07
 Reference value :  5.88212e-07
 Reference value :  5.88620e-07
 Reference value :  5.89030e-07
 Reference value :  5.89437e-07
 Reference value :  5.89839e-07
 Reference value :  5.90200e-07
 Reference value :  5.90600e-07
 Reference value :  5.90990e-07
 Reference value :  5.91397e-07
 Reference value :  5.91789e-07
 Reference value :  5.92196e-07
 Reference value :  5.92601e-07
 Reference value :  5.93010e-07
 Reference value :  5.93417e-07
 Reference value :  5.93802e-07
 Reference value :  5.94210e-07
 Reference value :  5.94618e-07
 Reference value :  5.94988e-07
 Reference value :  5.95395e-07
 Reference value :  5.95777e-07
 Reference value :  5.96070e-07
 Reference value :  5.96479e-07
 Reference value :  5.96885e-07
 Reference value :  5.97289e-07
 Reference value :  5.97697e-07
 Reference value :  5.98102e-07
 Reference value :  5.98464e-07
 Reference value :  5.98870e-07
 Reference value :  5.99279e-07
 Reference value :  5.99687e-07
 Reference value :  6.00097e-07
 Reference value :  6.00505e-07
 Reference value :  6.00802e-07
 Reference value :  6.01179e-07
 Reference value :  6.01584e-07
 Reference value :  6.01986e-07
 Reference value :  6.02393e-07
 Reference value :  6.02800e-07
 Reference value :  6.03210e-07
 Reference value :  6.03581e-07
 Reference value :  6.03985e-07
 Reference value :  6.04391e-07
 Reference value :  6.04799e-07
 Reference value :  6.05202e-07
 Reference value :  6.05611e-07
 Reference value :  6.06020e-07
 Reference value :  6.06429e-07
 Reference value :  6.06835e-07
 Reference value :  6.07212e-07
 Reference value :  6.07620e-07
 Reference value :  6.08010e-07
 Reference value :  6.08320e-07
 Reference value :  6.08532e-07
 Reference value :  6.08800e-07
 Reference value :  6.09057e-07
 Reference value :  6.09307e-07
 Reference value :  6.09537e-07
 Reference value :  6.09783e-07
 Reference value :  6.10054e-07
 Reference value :  6.10290e-07
 Reference value :  6.10517e-07
 Reference value :  6.10788e-07
 Reference value :  6.11015e-07
 Reference value :  6.11296e-07
 Reference value :  6.11492e-07
 Reference value :  6.11648e-07
 Reference value :  6.12049e-07
 Reference value :  6.12392e-07
 Reference value :  6.12798e-07
 Reference value :  6.13204e-07
 Reference value :  6.13558e-07
 Reference value :  6.13940e-07
 Reference value :  6.14308e-07
 Reference value :  6.14521e-07
 Reference value :  6.14731e-07
 Reference value :  6.14951e-07
 Reference value :  6.15197e-07
 Reference value :  6.15524e-07
 Reference value :  6.15893e-07
 Reference value :  6.16300e-07
 Reference value :  6.16698e-07
 Reference value :  6.17098e-07
 Reference value :  6.17396e-07
 Reference value :  6.17751e-07
 Reference value :  6.17981e-07
 Reference value :  6.18331e-07
 Reference value :  6.18735e-07
 Reference value :  6.19135e-07
 Reference value :  6.19543e-07
 Reference value :  6.19951e-07
 Reference value :  6.20333e-07
 Reference value :  6.20556e-07
 Reference value :  6.20809e-07
 Reference value :  6.21070e-07
 Reference value :  6.21250e-07
 Reference value :  6.21550e-07
 Reference value :  6.21820e-07
 Reference value :  6.22085e-07
 Reference value :  6.22292e-07
 Reference value :  6.22516e-07
 Reference value :  6.22805e-07
 Reference value :  6.23065e-07
 Reference value :  6.23304e-07
 Reference value :  6.23700e-07
 Reference value :  6.24107e-07
 Reference value :  6.24511e-07
 Reference value :  6.24919e-07
 Reference value :  6.25326e-07
 Reference value :  6.25733e-07
 Reference value :  6.26101e-07
 Reference value :  6.26508e-07
 Reference value :  6.26783e-07
 Reference value :  6.27096e-07
 Reference value :  6.27501e-07
 Reference value :  6.27903e-07
 Reference value :  6.28311e-07
 Reference value :  6.28714e-07
 Reference value :  6.29080e-07
 Reference value :  6.29392e-07
 Reference value :  6.29800e-07
 Reference value :  6.30205e-07
 Reference value :  6.30611e-07
 Reference value :  6.31020e-07
 Reference value :  6.31425e-07
 Reference value :  6.31834e-07
 Reference value :  6.32243e-07
 Reference value :  6.32646e-07
 Reference value :  6.33051e-07
 Reference value :  6.33457e-07
 Reference value :  6.33865e-07
 Reference value :  6.34273e-07
 Reference value :  6.34678e-07
 Reference value :  6.35086e-07
 Reference value :  6.35492e-07
 Reference value :  6.35900e-07
 Reference value :  6.36307e-07
 Reference value :  6.36715e-07
 Reference value :  6.37123e-07
 Reference value :  6.37510e-07
 Reference value :  6.37918e-07
 Reference value :  6.38270e-07
 Reference value :  6.38674e-07
 Reference value :  6.39080e-07
 Reference value :  6.39488e-07
 Reference value :  6.39834e-07
 Reference value :  6.40175e-07
 Reference value :  6.40579e-07
 Reference value :  6.40987e-07
 Reference value :  6.41390e-07
 Reference value :  6.41797e-07
 Reference value :  6.42201e-07
 Reference value :  6.42606e-07
 Reference value :  6.43013e-07
 Reference value :  6.43422e-07
 Reference value :  6.43831e-07
 Reference value :  6.44240e-07
 Reference value :  6.44581e-07
 Reference value :  6.44910e-07
 Reference value :  6.45313e-07
 Reference value :  6.45721e-07
 Reference value :  6.46130e-07
 Reference value :  6.46538e-07
 Reference value :  6.46944e-07
 Reference value :  6.47343e-07
 Reference value :  6.47750e-07
 Reference value :  6.48160e-07
 Reference value :  6.48569e-07
 Reference value :  6.48979e-07
 Reference value :  6.49387e-07
 Reference value :  6.49794e-07
 Reference value :  6.50201e-07
 Reference value :  6.50583e-07
 Reference value :  6.50992e-07
 Reference value :  6.51400e-07
 Reference value :  6.51808e-07
 Reference value :  6.52212e-07
 Reference value :  6.52616e-07
 Reference value :  6.53021e-07
 Reference value :  6.53429e-07
 Reference value :  6.53835e-07
 Reference value :  6.54207e-07
 Reference value :  6.54530e-07
 Reference value :  6.54863e-07
 Reference value :  6.55270e-07
 Reference value :  6.55680e-07
 Reference value :  6.56085e-07
 Reference value :  6.56490e-07
 Reference value :  6.56881e-07
 Reference value :  6.57286e-07
 Reference value :  6.57687e-07
 Reference value :  6.57969e-07
 Reference value :  6.58300e-07
 Reference value :  6.58700e-07
 Reference value :  6.59070e-07
 Reference value :  6.59452e-07
 Reference value :  6.59666e-07
 Reference value :  6.59915e-07
 Reference value :  6.60260e-07
 Reference value :  6.60668e-07
 Reference value :  6.60981e-07
 Reference value :  6.61181e-07
 Reference value :  6.61410e-07
 Reference value :  6.61639e-07
 Reference value :  6.61920e-07
 Reference value :  6.62191e-07
 Reference value :  6.62441e-07
 Reference value :  6.62680e-07
 Reference value :  6.62835e-07
 Reference value :  6.63200e-07
 Reference value :  6.63325e-07
 Reference value :  6.63543e-07
 Reference value :  6.63790e-07
 Reference value :  6.64011e-07
 Reference value :  6.64231e-07
 Reference value :  6.64510e-07
 Reference value :  6.64728e-07
 Reference value :  6.65021e-07
 Reference value :  6.65225e-07
 Reference value :  6.65390e-07
 Reference value :  6.65567e-07
 Reference value :  6.65776e-07
 Reference value :  6.66000e-07
 Reference value :  6.66151e-07
 Reference value :  6.66153e-07
 Reference value :  6.66156e-07
 Reference value :  6.66160e-07
 Reference value :  6.66161e-07
 Reference value :  6.66163e-07
 Reference value :  6.66212e-07
 Reference value :  6.66308e-07
 Reference value :  6.66456e-07
 Reference value :  6.66672e-07
 Reference value :  6.66901e-07
 Reference value :  6.67039e-07
 Reference value :  6.67161e-07
 Reference value :  6.67337e-07
 Reference value :  6.67469e-07
 Reference value :  6.67497e-07
 Reference value :  6.67500e-07
 Reference value :  6.67608e-07
 Reference value :  6.67870e-07
 Reference value :  6.68091e-07
 Reference value :  6.68401e-07
 Reference value :  6.68796e-07
 Reference value :  6.69132e-07
 Reference value :  6.69530e-07
 Reference value :  6.69871e-07
 Reference value :  6.70160e-07
 Reference value :  6.70363e-07
 Reference value :  6.70623e-07
 Reference value :  6.70890e-07
 Reference value :  6.71143e-07
 Reference value :  6.71367e-07
 Reference value :  6.71630e-07
 Reference value :  6.71860e-07
 Reference value :  6.71994e-07
 Reference value :  6.72143e-07
 Reference value :  6.72290e-07
 Reference value :  6.72468e-07
 Reference value :  6.72622e-07
 Reference value :  6.72793e-07
 Reference value :  6.72972e-07
 Reference value :  6.73120e-07
 Reference value :  6.73200e-07
 Reference value :  6.73405e-07
 Reference value :  6.73558e-07
 Reference value :  6.73867e-07
 Reference value :  6.74275e-07
 Reference value :  6.74683e-07
 Reference value :  6.75070e-07
 Reference value :  6.75476e-07
 Reference value :  6.75883e-07
 Reference value :  6.76280e-07
 Reference value :  6.76680e-07
 Reference value :  6.76850e-07
 Reference value :  6.77044e-07
 Reference value :  6.77336e-07
 Reference value :  6.77629e-07
 Reference value :  6.78011e-07
 Reference value :  6.78416e-07
 Reference value :  6.78822e-07
 Reference value :  6.79225e-07
 Reference value :  6.79632e-07
 Reference value :  6.80040e-07
 Reference value :  6.80450e-07
 Reference value :  6.80860e-07
 Reference value :  6.81256e-07
 Reference value :  6.81663e-07
 Reference value :  6.82070e-07
 Reference value :  6.82404e-07
 Reference value :  6.82804e-07
 Reference value :  6.83204e-07
 Reference value :  6.83613e-07
 Reference value :  6.84021e-07
 Reference value :  6.84420e-07
 Reference value :  6.84822e-07
 Reference value :  6.85230e-07
 Reference value :  6.85599e-07
 Reference value :  6.86008e-07
 Reference value :  6.86413e-07
 Reference value :  6.86821e-07
 Reference value :  6.87231e-07
 Reference value :  6.87612e-07
 Reference value :  6.88016e-07
 Reference value :  6.88422e-07
 Reference value :  6.88830e-07
 Reference value :  6.89225e-07
 Reference value :  6.89632e-07
 Reference value :  6.90040e-07
 Reference value :  6.90445e-07
 Reference value :  6.90852e-07
 Reference value :  6.91241e-07
 Reference value :  6.91645e-07
 Reference value :  6.92053e-07
 Reference value :  6.92462e-07
 Reference value :  6.92871e-07
 Reference value :  6.93279e-07
 Reference value :  6.93682e-07
 Reference value :  6.94087e-07
 Reference value :  6.94494e-07
 Reference value :  6.94903e-07
 Reference value :  6.95278e-07
 Reference value :  6.95685e-07
 Reference value :  6.96091e-07
 Reference value :  6.96475e-07
 Reference value :  6.96879e-07
 Reference value :  6.97279e-07
 Reference value :  6.97668e-07
 Reference value :  6.97964e-07
 Reference value :  6.98371e-07
 Reference value :  6.98730e-07
 Reference value :  6.99122e-07
 Reference value :  6.99530e-07
 Reference value :  6.99939e-07
 Reference value :  7.00348e-07
 Reference value :  7.00602e-07
 Reference value :  7.00849e-07
 Reference value :  7.01095e-07
 Reference value :  7.01299e-07
 Reference value :  7.01507e-07
 Reference value :  7.01681e-07
 Reference value :  7.02087e-07
 Reference value :  7.02458e-07
 Reference value :  7.02861e-07
 Reference value :  7.03270e-07
 Reference value :  7.03680e-07
 Reference value :  7.04089e-07
 Reference value :  7.04476e-07
 Reference value :  7.04881e-07
 Reference value :  7.05290e-07
 Reference value :  7.05700e-07
 Reference value :  7.06079e-07
 Reference value :  7.06488e-07
 Reference value :  7.06895e-07
 Reference value :  7.07304e-07
 Reference value :  7.07710e-07
 Reference value :  7.08112e-07
 Reference value :  7.08518e-07
 Reference value :  7.08926e-07
 Reference value :  7.09332e-07
 Reference value :  7.09690e-07
 Reference value :  7.10099e-07
 Reference value :  7.10506e-07
 Reference value :  7.10912e-07
 Reference value :  7.11279e-07
 Reference value :  7.11504e-07
 Reference value :  7.11662e-07
 Reference value :  7.11787e-07
 Reference value :  7.11916e-07
 Reference value :  7.12080e-07
 Reference value :  7.12230e-07
 Reference value :  7.12423e-07
 Reference value :  7.12590e-07
 Reference value :  7.12740e-07
 Reference value :  7.12901e-07
 Reference value :  7.13105e-07
 Reference value :  7.13368e-07
 Reference value :  7.13622e-07
 Reference value :  7.13895e-07
 Reference value :  7.14077e-07
 Reference value :  7.14203e-07
 Reference value :  7.14561e-07
 Reference value :  7.14929e-07
 Reference value :  7.15070e-07
 Reference value :  7.15292e-07
 Reference value :  7.15389e-07
 Reference value :  7.15772e-07
 Reference value :  7.16174e-07
 Reference value :  7.16520e-07
 Reference value :  7.16560e-07
 Reference value :  7.16704e-07
 Reference value :  7.17100e-07
 Reference value :  7.17451e-07
 Reference value :  7.17856e-07
 Reference value :  7.18241e-07
 Reference value :  7.18620e-07
 Reference value :  7.18831e-07
 Reference value :  7.18996e-07
 Reference value :  7.19254e-07
 Reference value :  7.19656e-07
 Reference value :  7.19995e-07
 Reference value :  7.20333e-07
 Reference value :  7.20731e-07
 Reference value :  7.21135e-07
 Reference value :  7.21488e-07
 Reference value :  7.21708e-07
 Reference value :  7.21870e-07
 Reference value :  7.22270e-07
 Reference value :  7.22673e-07
 Reference value :  7.23077e-07
 Reference value :  7.23437e-07
 Reference value :  7.23591e-07
 Reference value :  7.23680e-07
 Reference value :  7.24078e-07
 Reference value :  7.24443e-07
 Reference value :  7.24836e-07
 Reference value :  7.25223e-07
 Reference value :  7.25621e-07
 Reference value :  7.25987e-07
 Reference value :  7.25991e-07
 Reference value :  7.26247e-07
 Reference value :  7.26646e-07
 Reference value :  7.27047e-07
 Reference value :  7.27448e-07
 Reference value :  7.27843e-07
 Reference value :  7.28154e-07
 Reference value :  7.28490e-07
 Reference value :  7.28810e-07
 Reference value :  7.29196e-07
 Reference value :  7.29294e-07
 Reference value :  7.29351e-07
 Reference value :  7.29705e-07
 Reference value :  7.30102e-07
 Reference value :  7.30502e-07
 Reference value :  7.30906e-07
 Reference value :  7.31310e-07
 Reference value :  7.31713e-07
 Reference value :  7.32110e-07
 Reference value :  7.32320e-07
 Reference value :  7.32531e-07
 Reference value :  7.32790e-07
 Reference value :  7.33188e-07
 Reference value :  7.33588e-07
 Reference value :  7.33990e-07
 Reference value :  7.34361e-07
 Reference value :  7.34547e-07
 Reference value :  7.34690e-07
 Reference value :  7.35066e-07
 Reference value :  7.35470e-07
 Reference value :  7.35786e-07
 Reference value :  7.36150e-07
 Reference value :  7.36553e-07
 Reference value :  7.36960e-07
 Reference value :  7.37219e-07
 Reference value :  7.37286e-07
 Reference value :  7.37561e-07
 Reference value :  7.37965e-07
 Reference value :  7.38370e-07
 Reference value :  7.38713e-07
 Reference value :  7.39032e-07
 Reference value :  7.39433e-07
 Reference value :  7.39783e-07
 Reference value :  7.40094e-07
 Reference value :  7.40492e-07
 Reference value :  7.40897e-07
 Reference value :  7.41300e-07
 Reference value :  7.41690e-07
 Reference value :  7.42090e-07
 Reference value :  7.42490e-07
 Reference value :  7.42892e-07
 Reference value :  7.43293e-07
 Reference value :  7.43661e-07
 Reference value :  7.44062e-07
 Reference value :  7.44462e-07
 Reference value :  7.44865e-07
 Reference value :  7.45266e-07
 Reference value :  7.45630e-07
 Reference value :  7.46023e-07
 Reference value :  7.46425e-07
 Reference value :  7.46830e-07
 Reference value :  7.47192e-07
 Reference value :  7.47596e-07
 Reference value :  7.47999e-07
 Reference value :  7.48400e-07
 Reference value :  7.48800e-07
 Reference value :  7.49200e-07
 Reference value :  7.49603e-07
 Reference value :  7.50007e-07
 Reference value :  7.50410e-07
 Reference value :  7.50801e-07
 Reference value :  7.51201e-07
 Reference value :  7.51603e-07
 Reference value :  7.51997e-07
 Reference value :  7.52369e-07
 Reference value :  7.52762e-07
 Reference value :  7.53153e-07
 Reference value :  7.53550e-07
 Reference value :  7.53938e-07
 Reference value :  7.54337e-07
 Reference value :  7.54740e-07
 Reference value :  7.55000e-07
 Reference value :  7.55266e-07
 Reference value :  7.55555e-07
 Reference value :  7.55840e-07
 Reference value :  7.56151e-07
 Reference value :  7.56421e-07
 Reference value :  7.56703e-07
 Reference value :  7.56960e-07
 Reference value :  7.57229e-07
 Reference value :  7.57489e-07
 Reference value :  7.57754e-07
 Reference value :  7.57996e-07
 Reference value :  7.58209e-07
 Reference value :  7.58602e-07
 Reference value :  7.59008e-07
 Reference value :  7.59408e-07
 Reference value :  7.59809e-07
 Reference value :  7.60209e-07
 Reference value :  7.60608e-07
 Reference value :  7.60975e-07
 Reference value :  7.61375e-07
 Reference value :  7.61692e-07
 Reference value :  7.62051e-07
 Reference value :  7.62452e-07
 Reference value :  7.62789e-07
 Reference value :  7.63128e-07
 Reference value :  7.63529e-07
 Reference value :  7.63931e-07
 Reference value :  7.64334e-07
 Reference value :  7.64738e-07
 Reference value :  7.65140e-07
 Reference value :  7.65541e-07
 Reference value :  7.65938e-07
 Reference value :  7.66310e-07
 Reference value :  7.66689e-07
 Reference value :  7.67087e-07
 Reference value :  7.67490e-07
 Reference value :  7.67885e-07
 Reference value :  7.68283e-07
 Reference value :  7.68685e-07
 Reference value :  7.69088e-07
 Reference value :  7.69480e-07
 Reference value :  7.69741e-07
 Reference value :  7.70003e-07
 Reference value :  7.70260e-07
 Reference value :  7.70521e-07
 Reference value :  7.70790e-07
 Reference value :  7.71054e-07
 Reference value :  7.71310e-07
 Reference value :  7.71587e-07
 Reference value :  7.71795e-07
 Reference value :  7.72018e-07
 Reference value :  7.72249e-07
 Reference value :  7.72454e-07
 Reference value :  7.72668e-07
 Reference value :  7.72865e-07
 Reference value :  7.73085e-07
 Reference value :  7.73330e-07
 Reference value :  7.73562e-07
 Reference value :  7.73747e-07
 Reference value :  7.74151e-07
 Reference value :  7.74555e-07
 Reference value :  7.74959e-07
 Reference value :  7.75318e-07
 Reference value :  7.75718e-07
 Reference value :  7.76122e-07
 Reference value :  7.76489e-07
 Reference value :  7.76883e-07
 Reference value :  7.77090e-07
 Reference value :  7.77410e-07
 Reference value :  7.77811e-07
 Reference value :  7.78217e-07
 Reference value :  7.78600e-07
 Reference value :  7.78905e-07
 Reference value :  7.79280e-07
 Reference value :  7.79684e-07
 Reference value :  7.80089e-07
 Reference value :  7.80486e-07
 Reference value :  7.80888e-07
 Reference value :  7.81292e-07
 Reference value :  7.81697e-07
 Reference value :  7.82101e-07
 Reference value :  7.82506e-07
 Reference value :  7.82765e-07
 Reference value :  7.83012e-07
 Reference value :  7.83296e-07
 Reference value :  7.83488e-07
 Reference value :  7.83747e-07
 Reference value :  7.84001e-07
 Reference value :  7.84244e-07
 Reference value :  7.84515e-07
 Reference value :  7.84742e-07
 Reference value :  7.84969e-07
 Reference value :  7.85206e-07
 Reference value :  7.85455e-07
 Reference value :  7.85668e-07
 Reference value :  7.85860e-07
 Reference value :  7.86258e-07
 Reference value :  7.86660e-07
 Reference value :  7.87063e-07
 Reference value :  7.87470e-07
 Reference value :  7.87877e-07
 Reference value :  7.88280e-07
 Reference value :  7.88554e-07
 Reference value :  7.88783e-07
 Reference value :  7.88983e-07
 Reference value :  7.89390e-07
 Reference value :  7.89793e-07
 Reference value :  7.90198e-07
 Reference value :  7.90552e-07
 Reference value :  7.90956e-07
 Reference value :  7.91341e-07
 Reference value :  7.91747e-07
 Reference value :  7.92152e-07
 Reference value :  7.92560e-07
 Reference value :  7.92961e-07
 Reference value :  7.93302e-07
 Reference value :  7.93602e-07
 Reference value :  7.93866e-07
 Reference value :  7.94271e-07
 Reference value :  7.94671e-07
 Reference value :  7.95080e-07
 Reference value :  7.95487e-07
 Reference value :  7.95894e-07
 Reference value :  7.96268e-07
 Reference value :  7.96670e-07
 Reference value :  7.97075e-07
 Reference value :  7.97480e-07
 Reference value :  7.97864e-07
 Reference value :  7.98268e-07
 Reference value :  7.98673e-07
 Reference value :  7.99081e-07
 Reference value :  7.99488e-07
 Reference value :  7.99853e-07
 Reference value :  8.00260e-07
 Reference value :  8.00560e-07
 Reference value :  8.00931e-07
 Reference value :  8.01340e-07
 Reference value :  8.01740e-07
 Reference value :  8.02144e-07
 Reference value :  8.02550e-07
 Reference value :  8.02953e-07
 Reference value :  8.03349e-07
 Reference value :  8.03750e-07
 Reference value :  8.04159e-07
 Reference value :  8.04444e-07
 Reference value :  8.04818e-07
 Reference value :  8.05223e-07
 Reference value :  8.05541e-07
 Reference value :  8.05891e-07
 Reference value :  8.06298e-07
 Reference value :  8.06701e-07
 Reference value :  8.07109e-07
 Reference value :  8.07515e-07
 Reference value :  8.07921e-07
 Reference value :  8.08295e-07
 Reference value :  8.08698e-07
 Reference value :  8.09103e-07
 Reference value :  8.09510e-07
 Reference value :  8.09910e-07
 Reference value :  8.10311e-07
 Reference value :  8.10712e-07
 Reference value :  8.11118e-07
 Reference value :  8.11521e-07
 Reference value :  8.11930e-07
 Reference value :  8.12335e-07
 Reference value :  8.12740e-07
 Reference value :  8.13147e-07
 Reference value :  8.13554e-07
 Reference value :  8.13959e-07
 Reference value :  8.14362e-07
 Reference value :  8.14770e-07
 Reference value :  8.15140e-07
 Reference value :  8.15526e-07
 Reference value :  8.15923e-07
 Reference value :  8.16330e-07
 Reference value :  8.16736e-07
 Reference value :  8.17137e-07
 Reference value :  8.17540e-07
 Reference value :  8.17947e-07
 Reference value :  8.18354e-07
 Reference value :  8.18761e-07
 Reference value :  8.19168e-07
 Reference value :  8.19573e-07
 Reference value :  8.19974e-07
 Reference value :  8.20347e-07
 Reference value :  8.20744e-07
 Reference value :  8.21121e-07
 Reference value :  8.21511e-07
 Reference value :  8.21910e-07
 Reference value :  8.22314e-07
 Reference value :  8.22711e-07
 Reference value :  8.23117e-07
 Reference value :  8.23523e-07
 Reference value :  8.23930e-07
 Reference value :  8.24340e-07
 Reference value :  8.24742e-07
 Reference value :  8.25150e-07
 Reference value :  8.25493e-07
 Reference value :  8.25825e-07
 Reference value :  8.26230e-07
 Reference value :  8.26636e-07
 Reference value :  8.27044e-07
 Reference value :  8.27451e-07
 Reference value :  8.27853e-07
 Reference value :  8.28101e-07
 Reference value :  8.28355e-07
 Reference value :  8.28500e-07
 Reference value :  8.28691e-07
 Reference value :  8.28910e-07
 Reference value :  8.29069e-07
 Reference value :  8.29217e-07
 Reference value :  8.29329e-07
 Reference value :  8.29481e-07
 Reference value :  8.29612e-07
 Reference value :  8.29737e-07
 Reference value :  8.29898e-07
 Reference value :  8.30126e-07
 Reference value :  8.30354e-07
 Reference value :  8.30574e-07
 Reference value :  8.30830e-07
 Reference value :  8.31050e-07
 Reference value :  8.31324e-07
 Reference value :  8.31498e-07
 Reference value :  8.31699e-07
 Reference value :  8.31891e-07
 Reference value :  8.32086e-07
 Reference value :  8.32450e-07
 Reference value :  8.32854e-07
 Reference value :  8.33260e-07
 Reference value :  8.33656e-07
 Reference value :  8.34060e-07
 Reference value :  8.34464e-07
 Reference value :  8.34641e-07
 Reference value :  8.34776e-07
 Reference value :  8.34886e-07
 Reference value :  8.35030e-07
 Reference value :  8.35431e-07
 Reference value :  8.35821e-07
 Reference value :  8.36226e-07
 Reference value :  8.36631e-07
 Reference value :  8.37036e-07
 Reference value :  8.37440e-07
 Reference value :  8.37846e-07
 Reference value :  8.38252e-07
 Reference value :  8.38660e-07
 Reference value :  8.39069e-07
 Reference value :  8.39438e-07
 Reference value :  8.39840e-07
 Reference value :  8.40150e-07
 Reference value :  8.40397e-07
 Reference value :  8.40794e-07
 Reference value :  8.41200e-07
 Reference value :  8.41604e-07
 Reference value :  8.42011e-07
 Reference value :  8.42414e-07
 Reference value :  8.42820e-07
 Reference value :  8.43226e-07
 Reference value :  8.43631e-07
 Reference value :  8.43987e-07
 Reference value :  8.44201e-07
 Reference value :  8.44427e-07
 Reference value :  8.44691e-07
 Reference value :  8.44955e-07
 Reference value :  8.45205e-07
 Reference value :  8.45460e-07
 Reference value :  8.45714e-07
 Reference value :  8.45940e-07
 Reference value :  8.46193e-07
 Reference value :  8.46366e-07
 Reference value :  8.46571e-07
 Reference value :  8.46830e-07
 Reference value :  8.47130e-07
 Reference value :  8.47496e-07
 Reference value :  8.47899e-07
 Reference value :  8.48301e-07
 Reference value :  8.48701e-07
 Reference value :  8.49084e-07
 Reference value :  8.49283e-07
 Reference value :  8.49493e-07
 Reference value :  8.49893e-07
 Reference value :  8.50277e-07
 Reference value :  8.50679e-07
 Reference value :  8.51071e-07
 Reference value :  8.51472e-07
 Reference value :  8.51874e-07
 Reference value :  8.52240e-07
 Reference value :  8.52639e-07
 Reference value :  8.53037e-07
 Reference value :  8.53440e-07
 Reference value :  8.53841e-07
 Reference value :  8.54242e-07
 Reference value :  8.54523e-07
 Reference value :  8.54859e-07
 Reference value :  8.55260e-07
 Reference value :  8.55630e-07
 Reference value :  8.55867e-07
 Reference value :  8.56140e-07
 Reference value :  8.56444e-07
 Reference value :  8.56846e-07
 Reference value :  8.57246e-07
 Reference value :  8.57650e-07
 Reference value :  8.58051e-07
 Reference value :  8.58455e-07
 Reference value :  8.58858e-07
 Reference value :  8.59260e-07
 Reference value :  8.59664e-07
 Reference value :  8.60068e-07
 Reference value :  8.60437e-07
 Reference value :  8.60828e-07
 Reference value :  8.61216e-07
 Reference value :  8.61619e-07
 Reference value :  8.62016e-07
 Reference value :  8.62420e-07
 Reference value :  8.62821e-07
 Reference value :  8.63224e-07
 Reference value :  8.63629e-07
 Reference value :  8.64031e-07
 Reference value :  8.64435e-07
 Reference value :  8.64838e-07
 Reference value :  8.65241e-07
 Reference value :  8.65645e-07
 Reference value :  8.65931e-07
 Reference value :  8.66320e-07
 Reference value :  8.66479e-07
 Reference value :  8.66730e-07
 Reference value :  8.67129e-07
 Reference value :  8.67531e-07
 Reference value :  8.67795e-07
 Reference value :  8.68196e-07
 Reference value :  8.68600e-07
 Reference value :  8.68958e-07
 Reference value :  8.69360e-07
 Reference value :  8.69765e-07
 Reference value :  8.70167e-07
 Reference value :  8.70460e-07
 Reference value :  8.70673e-07
 Reference value :  8.70916e-07
 Reference value :  8.71191e-07
 Reference value :  8.71461e-07
 Reference value :  8.71739e-07
 Reference value :  8.72030e-07
 Reference value :  8.72315e-07
 Reference value :  8.72619e-07
 Reference value :  8.72918e-07
 Reference value :  8.73161e-07
 Reference value :  8.73449e-07
 Reference value :  8.73714e-07
 Reference value :  8.73933e-07
 Reference value :  8.74091e-07
 Reference value :  8.74492e-07
 Reference value :  8.74895e-07
 Reference value :  8.75295e-07
 Reference value :  8.75699e-07
 Reference value :  8.76101e-07
 Reference value :  8.76506e-07
 Reference value :  8.76910e-07
 Reference value :  8.77311e-07
 Reference value :  8.77599e-07
 Reference value :  8.77928e-07
 Reference value :  8.78330e-07
 Reference value :  8.78727e-07
 Reference value :  8.79131e-07
 Reference value :  8.79535e-07
 Reference value :  8.79939e-07
 Reference value :  8.80340e-07
 Reference value :  8.80744e-07
 Reference value :  8.81149e-07
 Reference value :  8.81551e-07
 Reference value :  8.81957e-07
 Reference value :  8.82324e-07
 Reference value :  8.82729e-07
 Reference value :  8.83091e-07
 Reference value :  8.83488e-07
 Reference value :  8.83889e-07
 Reference value :  8.84290e-07
 Reference value :  8.84695e-07
 Reference value :  8.85100e-07
 Reference value :  8.85504e-07
 Reference value :  8.85908e-07
 Reference value :  8.86305e-07
 Reference value :  8.86710e-07
 Reference value :  8.87110e-07
 Reference value :  8.87515e-07
 Reference value :  8.87802e-07
 Reference value :  8.88168e-07
 Reference value :  8.88570e-07
 Reference value :  8.88970e-07
 Reference value :  8.89356e-07
 Reference value :  8.89759e-07
 Reference value :  8.90161e-07
 Reference value :  8.90565e-07
 Reference value :  8.90956e-07
 Reference value :  8.91360e-07
 Reference value :  8.91761e-07
 Reference value :  8.92162e-07
 Reference value :  8.92567e-07
 Reference value :  8.92907e-07
 Reference value :  8.93248e-07
 Reference value :  8.93627e-07
 Reference value :  8.94029e-07
 Reference value :  8.94401e-07
 Reference value :  8.94803e-07
 Reference value :  8.95205e-07
 Reference value :  8.95599e-07
 Reference value :  8.96000e-07
 Reference value :  8.96403e-07
 Reference value :  8.96807e-07
 Reference value :  8.97187e-07
 Reference value :  8.97587e-07
 Reference value :  8.97989e-07
 Reference value :  8.98391e-07
 Reference value :  8.98792e-07
 Reference value :  8.99197e-07
 Reference value :  8.99550e-07
 Reference value :  8.99954e-07
 Reference value :  9.00352e-07
 Reference value :  9.00755e-07
 Reference value :  9.01153e-07
 Reference value :  9.01558e-07
 Reference value :  9.01961e-07
 Reference value :  9.02365e-07
 Reference value :  9.02766e-07
 Reference value :  9.03167e-07
 Reference value :  9.03534e-07
 Reference value :  9.03933e-07
 Reference value :  9.04335e-07
 Reference value :  9.04719e-07
 Reference value :  9.05121e-07
 Reference value :  9.05526e-07
 Reference value :  9.05928e-07
 Reference value :  9.06301e-07
 Reference value :  9.06682e-07
 Reference value :  9.07070e-07
 Reference value :  9.07472e-07
 Reference value :  9.07871e-07
 Reference value :  9.08272e-07
 Reference value :  9.08676e-07
 Reference value :  9.09079e-07
 Reference value :  9.09480e-07
 Reference value :  9.09842e-07
 Reference value :  9.10246e-07
 Reference value :  9.10650e-07
 Reference value :  9.11054e-07
 Reference value :  9.11460e-07
 Reference value :  9.11860e-07
 Reference value :  9.12263e-07
 Reference value :  9.12591e-07
 Reference value :  9.12941e-07
 Reference value :  9.13341e-07
 Reference value :  9.13742e-07
 Reference value :  9.14146e-07
 Reference value :  9.14549e-07
 Reference value :  9.14910e-07
 Reference value :  9.15312e-07
 Reference value :  9.15715e-07
 Reference value :  9.16120e-07
 Reference value :  9.16523e-07
 Reference value :  9.16929e-07
 Reference value :  9.17331e-07
 Reference value :  9.17717e-07
 Reference value :  9.18003e-07
 Reference value :  9.18392e-07
 Reference value :  9.18775e-07
 Reference value :  9.19161e-07
 Reference value :  9.19563e-07
 Reference value :  9.19965e-07
 Reference value :  9.20327e-07
 Reference value :  9.20730e-07
 Reference value :  9.21133e-07
 Reference value :  9.21537e-07
 Reference value :  9.21938e-07
 Reference value :  9.22341e-07
 Reference value :  9.22747e-07
 Reference value :  9.23149e-07
 Reference value :  9.23550e-07
 Reference value :  9.23953e-07
 Reference value :  9.24355e-07
 Reference value :  9.24760e-07
 Reference value :  9.25161e-07
 Reference value :  9.25567e-07
 Reference value :  9.25969e-07
 Reference value :  9.26370e-07
 Reference value :  9.26771e-07
 Reference value :  9.27173e-07
 Reference value :  9.27579e-07
 Reference value :  9.27982e-07
 Reference value :  9.28388e-07
 Reference value :  9.28790e-07
 Reference value :  9.29192e-07
 Reference value :  9.29596e-07
 Reference value :  9.30000e-07
 Reference value :  9.30404e-07
 Reference value :  9.30810e-07
 Reference value :  9.31212e-07
 Reference value :  9.31587e-07
 Reference value :  9.31989e-07
 Reference value :  9.32390e-07
 Reference value :  9.32790e-07
 Reference value :  9.33191e-07
 Reference value :  9.33596e-07
 Reference value :  9.34000e-07
 Reference value :  9.34405e-07
 Reference value :  9.34808e-07
 Reference value :  9.35210e-07
 Reference value :  9.35613e-07
 Reference value :  9.36003e-07
 Reference value :  9.36409e-07
 Reference value :  9.36811e-07
 Reference value :  9.37217e-07
 Reference value :  9.37599e-07
 Reference value :  9.37889e-07
 Reference value :  9.38290e-07
 Reference value :  9.38691e-07
 Reference value :  9.39096e-07
 Reference value :  9.39500e-07
 Reference value :  9.39901e-07
 Reference value :  9.40305e-07
 Reference value :  9.40697e-07
 Reference value :  9.41100e-07
 Reference value :  9.41502e-07
 Reference value :  9.41907e-07
 Reference value :  9.42311e-07
 Reference value :  9.42716e-07
 Reference value :  9.43062e-07
 Reference value :  9.43390e-07
 Reference value :  9.43770e-07
 Reference value :  9.44075e-07
 Reference value :  9.44271e-07
 Reference value :  9.44521e-07
 Reference value :  9.44780e-07
 Reference value :  9.45031e-07
 Reference value :  9.45313e-07
 Reference value :  9.45590e-07
 Reference value :  9.45897e-07
 Reference value :  9.46127e-07
 Reference value :  9.46371e-07
 Reference value :  9.46556e-07
 Reference value :  9.46747e-07
 Reference value :  9.46965e-07
 Reference value :  9.47286e-07
 Reference value :  9.47690e-07
 Reference value :  9.48092e-07
 Reference value :  9.48495e-07
 Reference value :  9.48900e-07
 Reference value :  9.49301e-07
 Reference value :  9.49592e-07
 Reference value :  9.49849e-07
 Reference value :  9.50075e-07
 Reference value :  9.50400e-07
 Reference value :  9.50804e-07
 Reference value :  9.51203e-07
 Reference value :  9.51610e-07
 Reference value :  9.52010e-07
 Reference value :  9.52411e-07
 Reference value :  9.52687e-07
 Reference value :  9.53034e-07
 Reference value :  9.53439e-07
 Reference value :  9.53806e-07
 Reference value :  9.54201e-07
 Reference value :  9.54551e-07
 Reference value :  9.54779e-07
 Reference value :  9.55039e-07
 Reference value :  9.55271e-07
 Reference value :  9.55537e-07
 Reference value :  9.55804e-07
 Reference value :  9.56074e-07
 Reference value :  9.56318e-07
 Reference value :  9.56554e-07
 Reference value :  9.56790e-07
 Reference value :  9.57037e-07
 Reference value :  9.57276e-07
 Reference value :  9.57479e-07
 Reference value :  9.57821e-07
 Reference value :  9.58222e-07
 Reference value :  9.58627e-07
 Reference value :  9.59026e-07
 Reference value :  9.59430e-07
 Reference value :  9.59832e-07
 Reference value :  9.60238e-07
 Reference value :  9.60640e-07
 Reference value :  9.61041e-07
 Reference value :  9.61319e-07
 Reference value :  9.61561e-07
 Reference value :  9.61770e-07
 Reference value :  9.62152e-07
 Reference value :  9.62406e-07
 Reference value :  9.62805e-07
 Reference value :  9.63207e-07
 Reference value :  9.63605e-07
 Reference value :  9.64008e-07
 Reference value :  9.64410e-07
 Reference value :  9.64812e-07
 Reference value :  9.65219e-07
 Reference value :  9.65598e-07
 Reference value :  9.65795e-07
 Reference value :  9.66042e-07
 Reference value :  9.66270e-07
 Reference value :  9.66672e-07
 Reference value :  9.67073e-07
 Reference value :  9.67478e-07
 Reference value :  9.67881e-07
 Reference value :  9.68288e-07
 Reference value :  9.68690e-07
 Reference value :  9.69093e-07
 Reference value :  9.69496e-07
 Reference value :  9.69897e-07
 Reference value :  9.70169e-07
 Reference value :  9.70510e-07
 Reference value :  9.70915e-07
 Reference value :  9.71315e-07
 Reference value :  9.71720e-07
 Reference value :  9.72121e-07
 Reference value :  9.72523e-07
 Reference value :  9.72928e-07
 Reference value :  9.73330e-07
 Reference value :  9.73735e-07
 Reference value :  9.74140e-07
 Reference value :  9.74517e-07
 Reference value :  9.74918e-07
 Reference value :  9.75316e-07
 Reference value :  9.75720e-07
 Reference value :  9.76120e-07
 Reference value :  9.76525e-07
 Reference value :  9.76931e-07
 Reference value :  9.77337e-07
 Reference value :  9.77740e-07
 Reference value :  9.78142e-07
 Reference value :  9.78548e-07
 Reference value :  9.78928e-07
 Reference value :  9.79331e-07
 Reference value :  9.79736e-07
 Reference value :  9.80141e-07
 Reference value :  9.80544e-07
 Reference value :  9.80947e-07
 Reference value :  9.81279e-07
 Reference value :  9.81624e-07
 Reference value :  9.82028e-07
 Reference value :  9.82430e-07
 Reference value :  9.82832e-07
 Reference value :  9.83234e-07
 Reference value :  9.83637e-07
 Reference value :  9.84040e-07
 Reference value :  9.84443e-07
 Reference value :  9.84847e-07
 Reference value :  9.85251e-07
 Reference value :  9.85658e-07
 Reference value :  9.86062e-07
 Reference value :  9.86462e-07
 Reference value :  9.86741e-07
 Reference value :  9.87139e-07
 Reference value :  9.87523e-07
 Reference value :  9.87928e-07
 Reference value :  9.88330e-07
 Reference value :  9.88736e-07
 Reference value :  9.89140e-07
 Reference value :  9.89543e-07
 Reference value :  9.89949e-07
 Reference value :  9.90352e-07
 Reference value :  9.90758e-07
 Reference value :  9.91162e-07
 Reference value :  9.91568e-07
 Reference value :  9.91970e-07
 Reference value :  9.92344e-07
 Reference value :  9.92747e-07
 Reference value :  9.93150e-07
 Reference value :  9.93553e-07
 Reference value :  9.93960e-07
 Reference value :  9.94363e-07
 Reference value :  9.94766e-07
 Reference value :  9.95170e-07
 Reference value :  9.95568e-07
 Reference value :  9.95971e-07
 Reference value :  9.96376e-07
 Reference value :  9.96780e-07
 Reference value :  9.97173e-07
 Reference value :  9.97579e-07
 Reference value :  9.97981e-07
 Reference value :  9.98384e-07
 Reference value :  9.98789e-07
 Reference value :  9.99170e-07
 Reference value :  9.99574e-07
 Reference value :  9.99956e-07
 Reference value :  1.00034e-06
 Reference value :  1.00074e-06
 Reference value :  1.00115e-06
 Reference value :  1.00142e-06
 Reference value :  1.00166e-06
 Reference value :  1.00192e-06
 Reference value :  1.00221e-06
 Reference value :  1.00246e-06
 Reference value :  1.00274e-06
 Reference value :  1.00301e-06
 Reference value :  1.00324e-06
 Reference value :  1.00353e-06
 Reference value :  1.00370e-06
 Reference value :  1.00384e-06
 Reference value :  1.00398e-06
 Reference value :  1.00413e-06
 Reference value :  1.00441e-06
 Reference value :  1.00472e-06
 Reference value :  1.00503e-06
 Reference value :  1.00533e-06
 Reference value :  1.00555e-06
 Reference value :  1.00581e-06
 Reference value :  1.00598e-06
 Reference value :  1.00605e-06
 Reference value :  1.00627e-06
 Reference value :  1.00667e-06
 Reference value :  1.00707e-06
 Reference value :  1.00744e-06
 Reference value :  1.00784e-06
 Reference value :  1.00824e-06
 Reference value :  1.00847e-06
 Reference value :  1.00879e-06
 Reference value :  1.00919e-06
 Reference value :  1.00957e-06
 Reference value :  1.00982e-06
 Reference value :  1.01023e-06
 Reference value :  1.01063e-06
 Reference value :  1.01103e-06
 Reference value :  1.01143e-06
 Reference value :  1.01184e-06
 Reference value :  1.01219e-06
 Reference value :  1.01259e-06
 Reference value :  1.01299e-06
 Reference value :  1.01339e-06
 Reference value :  1.01379e-06
 Reference value :  1.01420e-06
 Reference value :  1.01460e-06
 Reference value :  1.01500e-06
 Reference value :  1.01540e-06
 Reference value :  1.01580e-06
 Reference value :  1.01621e-06
 Reference value :  1.01661e-06
 Reference value :  1.01701e-06
 Reference value :  1.01742e-06
 Reference value :  1.01782e-06
 Reference value :  1.01822e-06
 Reference value :  1.01862e-06
 Reference value :  1.01903e-06
 Reference value :  1.01937e-06
 Reference value :  1.01978e-06
 Reference value :  1.02017e-06
 Reference value :  1.02057e-06
 Reference value :  1.02098e-06
 Reference value :  1.02137e-06
 Reference value :  1.02178e-06
 Reference value :  1.02218e-06
 Reference value :  1.02255e-06
 Reference value :  1.02295e-06
 Reference value :  1.02336e-06
 Reference value :  1.02376e-06
 Reference value :  1.02416e-06
 Reference value :  1.02456e-06
 Reference value :  1.02495e-06
 Reference value :  1.02536e-06
 Reference value :  1.02576e-06
 Reference value :  1.02616e-06
 Reference value :  1.02657e-06
 Reference value :  1.02692e-06
 Reference value :  1.02722e-06
 Reference value :  1.02762e-06
 Reference value :  1.02802e-06
 Reference value :  1.02842e-06
 Reference value :  1.02883e-06
 Reference value :  1.02923e-06
 Reference value :  1.02963e-06
 Reference value :  1.03003e-06
 Reference value :  1.03043e-06
 Reference value :  1.03083e-06
 Reference value :  1.03124e-06
 Reference value :  1.03161e-06
 Reference value :  1.03200e-06
 Reference value :  1.03240e-06
 Reference value :  1.03279e-06
 Reference value :  1.03319e-06
 Reference value :  1.03358e-06
 Reference value :  1.03398e-06
 Reference value :  1.03438e-06
 Reference value :  1.03478e-06
 Reference value :  1.03519e-06
 Reference value :  1.03559e-06
 Reference value :  1.03599e-06
 Reference value :  1.03639e-06
 Reference value :  1.03679e-06
 Reference value :  1.03720e-06
 Reference value :  1.03760e-06
 Reference value :  1.03800e-06
 Reference value :  1.03840e-06
 Reference value :  1.03881e-06
 Reference value :  1.03921e-06
 Reference value :  1.03961e-06
 Reference value :  1.04002e-06
 Reference value :  1.04042e-06
 Reference value :  1.04082e-06
 Reference value :  1.04123e-06
 Reference value :  1.04163e-06
 Reference value :  1.04203e-06
 Reference value :  1.04244e-06
 Reference value :  1.04281e-06
 Reference value :  1.04321e-06
 Reference value :  1.04361e-06
 Reference value :  1.04401e-06
 Reference value :  1.04439e-06
 Reference value :  1.04479e-06
 Reference value :  1.04519e-06
 Reference value :  1.04560e-06
 Reference value :  1.04600e-06
 Reference value :  1.04640e-06
 Reference value :  1.04681e-06
 Reference value :  1.04721e-06
 Reference value :  1.04761e-06
 Reference value :  1.04801e-06
 Reference value :  1.04841e-06
 Reference value :  1.04882e-06
 Reference value :  1.04922e-06
 Reference value :  1.04962e-06
 Reference value :  1.05003e-06
 Reference value :  1.05043e-06
 Reference value :  1.05083e-06
 Reference value :  1.05123e-06
 Reference value :  1.05164e-06
 Reference value :  1.05204e-06
 Reference value :  1.05232e-06
 Reference value :  1.05270e-06
 Reference value :  1.05310e-06
 Reference value :  1.05351e-06
 Reference value :  1.05391e-06
 Reference value :  1.05431e-06
 Reference value :  1.05455e-06
 Reference value :  1.05481e-06
 Reference value :  1.05510e-06
 Reference value :  1.05536e-06
 Reference value :  1.05563e-06
 Reference value :  1.05578e-06
 Reference value :  1.05596e-06
 Reference value :  1.05617e-06
 Reference value :  1.05640e-06
 Reference value :  1.05659e-06
 Reference value :  1.05699e-06
 Reference value :  1.05739e-06
 Reference value :  1.05779e-06
 Reference value :  1.05819e-06
 Reference value :  1.05859e-06
 Reference value :  1.05899e-06
 Reference value :  1.05940e-06
 Reference value :  1.05964e-06
 Reference value :  1.05997e-06
 Reference value :  1.06037e-06
 Reference value :  1.06076e-06
 Reference value :  1.06116e-06
 Reference value :  1.06157e-06
 Reference value :  1.06189e-06
 Reference value :  1.06214e-06
 Reference value :  1.06244e-06
 Reference value :  1.06271e-06
 Reference value :  1.06300e-06
 Reference value :  1.06330e-06
 Reference value :  1.06359e-06
 Reference value :  1.06389e-06
 Reference value :  1.06413e-06
 Reference value :  1.06442e-06
 Reference value :  1.06468e-06
 Reference value :  1.06490e-06
 Reference value :  1.06510e-06
 Reference value :  1.06550e-06
 Reference value :  1.06590e-06
 Reference value :  1.06630e-06
 Reference value :  1.06665e-06
 Reference value :  1.06704e-06
 Reference value :  1.06744e-06
 Reference value :  1.06783e-06
 Reference value :  1.06823e-06
 Reference value :  1.06863e-06
 Reference value :  1.06903e-06
 Reference value :  1.06944e-06
 Reference value :  1.06984e-06
 Reference value :  1.07024e-06
 Reference value :  1.07064e-06
 Reference value :  1.07104e-06
 Reference value :  1.07144e-06
 Reference value :  1.07184e-06
 Reference value :  1.07225e-06
 Reference value :  1.07265e-06
 Reference value :  1.07305e-06
 Reference value :  1.07334e-06
 Reference value :  1.07373e-06
 Reference value :  1.07413e-06
 Reference value :  1.07453e-06
 Reference value :  1.07494e-06
 Reference value :  1.07534e-06
 Reference value :  1.07574e-06
 Reference value :  1.07614e-06
 Reference value :  1.07655e-06
 Reference value :  1.07695e-06
 Reference value :  1.07730e-06
 Reference value :  1.07770e-06
 Reference value :  1.07810e-06
 Reference value :  1.07850e-06
 Reference value :  1.07890e-06
 Reference value :  1.07920e-06
 Reference value :  1.07945e-06
 Reference value :  1.07969e-06
 Reference value :  1.08004e-06
 Reference value :  1.08042e-06
 Reference value :  1.08083e-06
 Reference value :  1.08123e-06
 Reference value :  1.08163e-06
 Reference value :  1.08203e-06
 Reference value :  1.08228e-06
 Reference value :  1.08268e-06
 Reference value :  1.08308e-06
 Reference value :  1.08347e-06
 Reference value :  1.08388e-06
 Reference value :  1.08428e-06
 Reference value :  1.08464e-06
 Reference value :  1.08505e-06
 Reference value :  1.08544e-06
 Reference value :  1.08585e-06
 Reference value :  1.08625e-06
 Reference value :  1.08666e-06
 Reference value :  1.08706e-06
 Reference value :  1.08746e-06
 Reference value :  1.08786e-06
 Reference value :  1.08826e-06
 Reference value :  1.08867e-06
 Reference value :  1.08905e-06
 Reference value :  1.08945e-06
 Reference value :  1.08984e-06
 Reference value :  1.09020e-06
 Reference value :  1.09060e-06
 Reference value :  1.09100e-06
 Reference value :  1.09141e-06
 Reference value :  1.09181e-06
 Reference value :  1.09222e-06
 Reference value :  1.09262e-06
 Reference value :  1.09302e-06
 Reference value :  1.09332e-06
 Reference value :  1.09363e-06
 Reference value :  1.09402e-06
 Reference value :  1.09442e-06
 Reference value :  1.09480e-06
 Reference value :  1.09520e-06
 Reference value :  1.09561e-06
 Reference value :  1.09601e-06
 Reference value :  1.09641e-06
 Reference value :  1.09681e-06
 Reference value :  1.09721e-06
 Reference value :  1.09753e-06
 Reference value :  1.09789e-06
 Reference value :  1.09829e-06
 Reference value :  1.09869e-06
 Reference value :  1.09909e-06
 Reference value :  1.09949e-06
 Reference value :  1.09989e-06
 Reference value :  1.10030e-06
 Reference value :  1.10070e-06
 Reference value :  1.10110e-06
 Reference value :  1.10149e-06
 Reference value :  1.10188e-06
 Reference value :  1.10229e-06
 Reference value :  1.10269e-06
 Reference value :  1.10309e-06
 Reference value :  1.10349e-06
 Reference value :  1.10390e-06
 Reference value :  1.10430e-06
 Reference value :  1.10470e-06
 Reference value :  1.10510e-06
 Reference value :  1.10550e-06
 Reference value :  1.10591e-06
 Reference value :  1.10631e-06
 Reference value :  1.10671e-06
 Reference value :  1.10711e-06
 Reference value :  1.10752e-06
 Reference value :  1.10792e-06
 Reference value :  1.10832e-06
 Reference value :  1.10872e-06
 Reference value :  1.10913e-06
 Reference value :  1.10953e-06
 Reference value :  1.10993e-06
 Reference value :  1.11033e-06
 Reference value :  1.11073e-06
 Reference value :  1.11113e-06
 Reference value :  1.11154e-06
 Reference value :  1.11194e-06
 Reference value :  1.11234e-06
 Reference value :  1.11274e-06
 Reference value :  1.11315e-06
 Reference value :  1.11355e-06
 Reference value :  1.11392e-06
 Reference value :  1.11432e-06
 Reference value :  1.11469e-06
 Reference value :  1.11509e-06
 Reference value :  1.11549e-06
 Reference value :  1.11589e-06
 Reference value :  1.11630e-06
 Reference value :  1.11670e-06
 Reference value :  1.11710e-06
 Reference value :  1.11750e-06
 Reference value :  1.11791e-06
 Reference value :  1.11831e-06
 Reference value :  1.11871e-06
 Reference value :  1.11912e-06
 Reference value :  1.11950e-06
 Reference value :  1.11991e-06
 Reference value :  1.12031e-06
 Reference value :  1.12071e-06
 Reference value :  1.12112e-06
 Reference value :  1.12152e-06
 Reference value :  1.12192e-06
 Reference value :  1.12233e-06
 Reference value :  1.12271e-06
 Reference value :  1.12300e-06
 Reference value :  1.12340e-06
 Reference value :  1.12381e-06
 Reference value :  1.12421e-06
 Reference value :  1.12461e-06
 Reference value :  1.12501e-06
 Reference value :  1.12541e-06
 Reference value :  1.12582e-06
 Reference value :  1.12620e-06
 Reference value :  1.12660e-06
 Reference value :  1.12700e-06
 Reference value :  1.12740e-06
 Reference value :  1.12780e-06
 Reference value :  1.12821e-06
 Reference value :  1.12861e-06
 Reference value :  1.12901e-06
 Reference value :  1.12941e-06
 Reference value :  1.12982e-06
 Reference value :  1.13022e-06
 Reference value :  1.13062e-06
 Reference value :  1.13102e-06
 Reference value :  1.13142e-06
 Reference value :  1.13183e-06
 Reference value :  1.13223e-06
 Reference value :  1.13263e-06
 Reference value :  1.13304e-06
 Reference value :  1.13344e-06
 Reference value :  1.13384e-06
 Reference value :  1.13424e-06
 Reference value :  1.13464e-06
 Reference value :  1.13504e-06
 Reference value :  1.13544e-06
 Reference value :  1.13584e-06
 Reference value :  1.13624e-06
 Reference value :  1.13664e-06
 Reference value :  1.13705e-06
 Reference value :  1.13745e-06
 Reference value :  1.13785e-06
 Reference value :  1.13826e-06
 Reference value :  1.13864e-06
 Reference value :  1.13902e-06
 Reference value :  1.13942e-06
 Reference value :  1.13980e-06
 Reference value :  1.14020e-06
 Reference value :  1.14060e-06
 Reference value :  1.14101e-06
 Reference value :  1.14141e-06
 Reference value :  1.14178e-06
 Reference value :  1.14217e-06
 Reference value :  1.14258e-06
 Reference value :  1.14298e-06
 Reference value :  1.14338e-06
 Reference value :  1.14379e-06
 Reference value :  1.14419e-06
 Reference value :  1.14459e-06
 Reference value :  1.14499e-06
 Reference value :  1.14539e-06
 Reference value :  1.14580e-06
 Reference value :  1.14620e-06
 Reference value :  1.14657e-06
 Reference value :  1.14697e-06
 Reference value :  1.14737e-06
 Reference value :  1.14777e-06
 Reference value :  1.14810e-06
 Reference value :  1.14845e-06
 Reference value :  1.14885e-06
 Reference value :  1.14925e-06
 Reference value :  1.14966e-06
 Reference value :  1.15006e-06
 Reference value :  1.15046e-06
 Reference value :  1.15086e-06
 Reference value :  1.15124e-06
 Reference value :  1.15164e-06
 Reference value :  1.15205e-06
 Reference value :  1.15245e-06
 Reference value :  1.15286e-06
 Reference value :  1.15326e-06
 Reference value :  1.15366e-06
 Reference value :  1.15406e-06
 Reference value :  1.15446e-06
 Reference value :  1.15487e-06
 Reference value :  1.15527e-06
 Reference value :  1.15567e-06
 Reference value :  1.15607e-06
 Reference value :  1.15648e-06
 Reference value :  1.15688e-06
 Reference value :  1.15728e-06
 Reference value :  1.15769e-06
 Reference value :  1.15809e-06
 Reference value :  1.15849e-06
 Reference value :  1.15889e-06
 Reference value :  1.15930e-06
 Reference value :  1.15970e-06
 Reference value :  1.16010e-06
 Reference value :  1.16050e-06
 Reference value :  1.16091e-06
 Reference value :  1.16131e-06
 Reference value :  1.16171e-06
 Reference value :  1.16212e-06
 Reference value :  1.16252e-06
 Reference value :  1.16292e-06
 Reference value :  1.16332e-06
 Reference value :  1.16370e-06
 Reference value :  1.16411e-06
 Reference value :  1.16451e-06
 Reference value :  1.16491e-06
 Reference value :  1.16531e-06
 Reference value :  1.16571e-06
 Reference value :  1.16612e-06
 Reference value :  1.16652e-06
 Reference value :  1.16693e-06
 Reference value :  1.16733e-06
 Reference value :  1.16773e-06
 Reference value :  1.16813e-06
 Reference value :  1.16853e-06
 Reference value :  1.16894e-06
 Reference value :  1.16934e-06
 Reference value :  1.16974e-06
 Reference value :  1.17015e-06
 Reference value :  1.17055e-06
 Reference value :  1.17095e-06
 Reference value :  1.17135e-06
 Reference value :  1.17175e-06
 Reference value :  1.17216e-06
 Reference value :  1.17256e-06
 Reference value :  1.17297e-06
 Reference value :  1.17337e-06
 Reference value :  1.17364e-06
 Reference value :  1.17404e-06
 Reference value :  1.17444e-06
 Reference value :  1.17484e-06
 Reference value :  1.17525e-06
 Reference value :  1.17565e-06
 Reference value :  1.17605e-06
 Reference value :  1.17643e-06
 Reference value :  1.17680e-06
 Reference value :  1.17720e-06
 Reference value :  1.17760e-06
 Reference value :  1.17800e-06
 Reference value :  1.17840e-06
 Reference value :  1.17881e-06
 Reference value :  1.17921e-06
 Reference value :  1.17961e-06
 Reference value :  1.18002e-06
 Reference value :  1.18042e-06
 Reference value :  1.18082e-06
 Reference value :  1.18122e-06
 Reference value :  1.18162e-06
 Reference value :  1.18203e-06
 Reference value :  1.18243e-06
 Reference value :  1.18283e-06
 Reference value :  1.18321e-06
 Reference value :  1.18361e-06
 Reference value :  1.18401e-06
 Reference value :  1.18441e-06
 Reference value :  1.18479e-06
 Reference value :  1.18520e-06
 Reference value :  1.18560e-06
 Reference value :  1.18600e-06
 Reference value :  1.18640e-06
 Reference value :  1.18681e-06
 Reference value :  1.18721e-06
 Reference value :  1.18761e-06
 Reference value :  1.18801e-06
 Reference value :  1.18842e-06
 Reference value :  1.18880e-06
 Reference value :  1.18920e-06
 Reference value :  1.18960e-06
 Reference value :  1.18995e-06
 Reference value :  1.19035e-06
 Reference value :  1.19075e-06
 Reference value :  1.19115e-06
 Reference value :  1.19156e-06
 Reference value :  1.19196e-06
 Reference value :  1.19235e-06
 Reference value :  1.19266e-06
 Reference value :  1.19289e-06
 Reference value :  1.19317e-06
 Reference value :  1.19345e-06
 Reference value :  1.19369e-06
 Reference value :  1.19395e-06
 Reference value :  1.19422e-06
 Reference value :  1.19450e-06
 Reference value :  1.19474e-06
 Reference value :  1.19499e-06
 Reference value :  1.19522e-06
 Reference value :  1.19545e-06
 Reference value :  1.19571e-06
 Reference value :  1.19611e-06
 Reference value :  1.19650e-06
 Reference value :  1.19679e-06
 Reference value :  1.19720e-06
 Reference value :  1.19760e-06
 Reference value :  1.19799e-06
 Reference value :  1.19840e-06
 Reference value :  1.19880e-06
 Reference value :  1.19917e-06
 Reference value :  1.19957e-06
 Reference value :  1.19991e-06
 Reference value :  1.20023e-06
 Reference value :  1.20063e-06
 Reference value :  1.20099e-06
 Reference value :  1.20115e-06
 Reference value :  1.20135e-06
 Reference value :  1.20175e-06
 Reference value :  1.20215e-06
 Reference value :  1.20256e-06
 Reference value :  1.20296e-06
 Reference value :  1.20330e-06
 Reference value :  1.20356e-06
 Reference value :  1.20380e-06
 Reference value :  1.20403e-06
 Reference value :  1.20426e-06
 Reference value :  1.20430e-06
 Reference value :  1.20441e-06
 Reference value :  1.20460e-06
 Reference value :  1.20484e-06
 Reference value :  1.20520e-06
 Reference value :  1.20543e-06
 Reference value :  1.20566e-06
 Reference value :  1.20590e-06
 Reference value :  1.20612e-06
 Reference value :  1.20634e-06
 Reference value :  1.20662e-06
 Reference value :  1.20682e-06
 Reference value :  1.20710e-06
 Reference value :  1.20734e-06
 Reference value :  1.20754e-06
 Reference value :  1.20773e-06
 Reference value :  1.20796e-06
 Reference value :  1.20817e-06
 Reference value :  1.20840e-06
 Reference value :  1.20840e-06
 Reference value :  1.20840e-06
 Reference value :  1.20840e-06
 Reference value :  1.20847e-06
 Reference value :  1.20866e-06
 Reference value :  1.20880e-06
 Reference value :  1.20893e-06
 Reference value :  1.20905e-06
 Reference value :  1.20905e-06
 Reference value :  1.20924e-06
 Reference value :  1.20942e-06
 Reference value :  1.20963e-06
 Reference value :  1.20974e-06
 Reference value :  1.20989e-06
 Reference value :  1.20996e-06
 Reference value :  1.21010e-06
 Reference value :  1.21010e-06
 Reference value :  1.21024e-06
 Reference value :  1.21055e-06
 Reference value :  1.21095e-06
 Reference value :  1.21131e-06
 Reference value :  1.21159e-06
 Reference value :  1.21197e-06
 Reference value :  1.21237e-06
 Reference value :  1.21274e-06
 Reference value :  1.21314e-06
 Reference value :  1.21355e-06
 Reference value :  1.21381e-06
 Reference value :  1.21411e-06
 Reference value :  1.21451e-06
 Reference value :  1.21491e-06
 Reference value :  1.21531e-06
 Reference value :  1.21571e-06
 Reference value :  1.21611e-06
 Reference value :  1.21634e-06
 Reference value :  1.21669e-06
 Reference value :  1.21710e-06
 Reference value :  1.21749e-06
 Reference value :  1.21790e-06
 Reference value :  1.21830e-06
 Reference value :  1.21870e-06
 Reference value :  1.21910e-06
 Reference value :  1.21951e-06
 Reference value :  1.21991e-06
 Reference value :  1.22015e-06
 Reference value :  1.22039e-06
 Reference value :  1.22079e-06
 Reference value :  1.22120e-06
 Reference value :  1.22154e-06
 Reference value :  1.22188e-06
 Reference value :  1.22228e-06
 Reference value :  1.22269e-06
 Reference value :  1.22302e-06
 Reference value :  1.22329e-06
 Reference value :  1.22367e-06
 Reference value :  1.22407e-06
 Reference value :  1.22448e-06
 Reference value :  1.22488e-06
 Reference value :  1.22528e-06
 Reference value :  1.22569e-06
 Reference value :  1.22609e-06
 Reference value :  1.22650e-06
 Reference value :  1.22690e-06
 Reference value :  1.22731e-06
 Reference value :  1.22771e-06
 Reference value :  1.22811e-06
 Reference value :  1.22850e-06
 Reference value :  1.22890e-06
 Reference value :  1.22931e-06
 Reference value :  1.22971e-06
 Reference value :  1.23011e-06
 Reference value :  1.23051e-06
 Reference value :  1.23091e-06
 Reference value :  1.23131e-06
 Reference value :  1.23172e-06
 Reference value :  1.23205e-06
 Reference value :  1.23245e-06
 Reference value :  1.23283e-06
 Reference value :  1.23323e-06
 Reference value :  1.23356e-06
 Reference value :  1.23390e-06
 Reference value :  1.23428e-06
 Reference value :  1.23469e-06
 Reference value :  1.23505e-06
 Reference value :  1.23545e-06
 Reference value :  1.23586e-06
 Reference value :  1.23626e-06
 Reference value :  1.23667e-06
 Reference value :  1.23707e-06
 Reference value :  1.23747e-06
 Reference value :  1.23787e-06
 Reference value :  1.23827e-06
 Reference value :  1.23868e-06
 Reference value :  1.23908e-06
 Reference value :  1.23948e-06
 Reference value :  1.23987e-06
 Reference value :  1.24028e-06
 Reference value :  1.24068e-06
 Reference value :  1.24109e-06
 Reference value :  1.24149e-06
 Reference value :  1.24190e-06
 Reference value :  1.24230e-06
 Reference value :  1.24270e-06
 Reference value :  1.24310e-06
 Reference value :  1.24350e-06
 Reference value :  1.24391e-06
 Reference value :  1.24431e-06
 Reference value :  1.24472e-06
 Reference value :  1.24512e-06
 Reference value :  1.24552e-06
 Reference value :  1.24593e-06
 Reference value :  1.24633e-06
 Reference value :  1.24674e-06
 Reference value :  1.24714e-06
 Reference value :  1.24752e-06
 Reference value :  1.24793e-06
 Reference value :  1.24823e-06
 Reference value :  1.24861e-06
 Reference value :  1.24902e-06
 Reference value :  1.24942e-06
 Reference value :  1.24982e-06
 Reference value :  1.25019e-06
 Reference value :  1.25059e-06
 Reference value :  1.25100e-06
 Reference value :  1.25140e-06
 Reference value :  1.25181e-06
 Reference value :  1.25221e-06
 Reference value :  1.25261e-06
 Reference value :  1.25302e-06
 Reference value :  1.25331e-06
 Reference value :  1.25357e-06
 Reference value :  1.25377e-06
 Reference value :  1.25404e-06
 Reference value :  1.25431e-06
 Reference value :  1.25457e-06
 Reference value :  1.25485e-06
 Reference value :  1.25511e-06
 Reference value :  1.25533e-06
 Reference value :  1.25552e-06
 Reference value :  1.25578e-06
 Reference value :  1.25601e-06
 Reference value :  1.25631e-06
 Reference value :  1.25649e-06
 Reference value :  1.25669e-06
 Reference value :  1.25688e-06
 Reference value :  1.25718e-06
 Reference value :  1.25746e-06
 Reference value :  1.25782e-06
 Reference value :  1.25822e-06
 Reference value :  1.25862e-06
 Reference value :  1.25903e-06
 Reference value :  1.25943e-06
 Reference value :  1.25983e-06
 Reference value :  1.26024e-06
 Reference value :  1.26048e-06
 Reference value :  1.26074e-06
 Reference value :  1.26113e-06
 Reference value :  1.26153e-06
 Reference value :  1.26194e-06
 Reference value :  1.26234e-06
 Reference value :  1.26274e-06
 Reference value :  1.26314e-06
 Reference value :  1.26355e-06
 Reference value :  1.26395e-06
 Reference value :  1.26435e-06
 Reference value :  1.26475e-06
 Reference value :  1.26516e-06
 Reference value :  1.26556e-06
 Reference value :  1.26596e-06
 Reference value :  1.26636e-06
 Reference value :  1.26677e-06
 Reference value :  1.26717e-06
 Reference value :  1.26758e-06
 Reference value :  1.26798e-06
 Reference value :  1.26838e-06
 Reference value :  1.26878e-06
 Reference value :  1.26916e-06
 Reference value :  1.26957e-06
 Reference value :  1.26990e-06
 Reference value :  1.27024e-06
 Reference value :  1.27064e-06
 Reference value :  1.27104e-06
 Reference value :  1.27144e-06
 Reference value :  1.27185e-06
 Reference value :  1.27224e-06
 Reference value :  1.27265e-06
 Reference value :  1.27306e-06
 Reference value :  1.27346e-06
 Reference value :  1.27386e-06
 Reference value :  1.27427e-06
 Reference value :  1.27467e-06
 Reference value :  1.27507e-06
 Reference value :  1.27548e-06
 Reference value :  1.27588e-06
 Reference value :  1.27628e-06
 Reference value :  1.27668e-06
 Reference value :  1.27709e-06
 Reference value :  1.27749e-06
 Reference value :  1.27789e-06
 Reference value :  1.27830e-06
 Reference value :  1.27870e-06
 Reference value :  1.27911e-06
 Reference value :  1.27951e-06
 Reference value :  1.27991e-06
 Reference value :  1.28032e-06
 Reference value :  1.28065e-06
 Reference value :  1.28098e-06
 Reference value :  1.28136e-06
 Reference value :  1.28174e-06
 Reference value :  1.28211e-06
 Reference value :  1.28251e-06
 Reference value :  1.28292e-06
 Reference value :  1.28332e-06
 Reference value :  1.28372e-06
 Reference value :  1.28413e-06
 Reference value :  1.28453e-06
 Reference value :  1.28494e-06
 Reference value :  1.28534e-06
 Reference value :  1.28574e-06
 Reference value :  1.28615e-06
 Reference value :  1.28654e-06
 Reference value :  1.28695e-06
 Reference value :  1.28735e-06
 Reference value :  1.28776e-06
 Reference value :  1.28816e-06
 Reference value :  1.28856e-06
 Reference value :  1.28896e-06
 Reference value :  1.28936e-06
 Reference value :  1.28977e-06
 Reference value :  1.29018e-06
 Reference value :  1.29058e-06
 Reference value :  1.29098e-06
 Reference value :  1.29135e-06
 Reference value :  1.29175e-06
 Reference value :  1.29216e-06
 Reference value :  1.29256e-06
 Reference value :  1.29297e-06
 Reference value :  1.29337e-06
 Reference value :  1.29376e-06
 Reference value :  1.29415e-06
 Reference value :  1.29455e-06
 Reference value :  1.29476e-06
 Reference value :  1.29493e-06
 Reference value :  1.29520e-06
 Reference value :  1.29549e-06
 Reference value :  1.29576e-06
 Reference value :  1.29605e-06
 Reference value :  1.29636e-06
 Reference value :  1.29663e-06
 Reference value :  1.29686e-06
 Reference value :  1.29712e-06
 Reference value :  1.29737e-06
 Reference value :  1.29758e-06
 Reference value :  1.29782e-06
 Reference value :  1.29822e-06
 Reference value :  1.29863e-06
 Reference value :  1.29903e-06
 Reference value :  1.29943e-06
 Reference value :  1.29984e-06
 Reference value :  1.30024e-06
 Reference value :  1.30064e-06
 Reference value :  1.30104e-06
 Reference value :  1.30145e-06
 Reference value :  1.30183e-06
 Reference value :  1.30223e-06
 Reference value :  1.30264e-06
 Reference value :  1.30304e-06
 Reference value :  1.30344e-06
 Reference value :  1.30377e-06
 Reference value :  1.30409e-06
 Reference value :  1.30449e-06
 Reference value :  1.30489e-06
 Reference value :  1.30530e-06
 Reference value :  1.30570e-06
 Reference value :  1.30610e-06
 Reference value :  1.30650e-06
 Reference value :  1.30687e-06
 Reference value :  1.30727e-06
 Reference value :  1.30767e-06
 Reference value :  1.30808e-06
 Reference value :  1.30848e-06
 Reference value :  1.30877e-06
 Reference value :  1.30908e-06
 Reference value :  1.30949e-06
 Reference value :  1.30989e-06
 Reference value :  1.31029e-06
 Reference value :  1.31069e-06
 Reference value :  1.31109e-06
 Reference value :  1.31149e-06
 Reference value :  1.31189e-06
 Reference value :  1.31229e-06
 Reference value :  1.31270e-06
 Reference value :  1.31310e-06
 Reference value :  1.31351e-06
 Reference value :  1.31391e-06
 Reference value :  1.31431e-06
 Reference value :  1.31472e-06
 Reference value :  1.31512e-06
 Reference value :  1.31552e-06
 Reference value :  1.31593e-06
 Reference value :  1.31632e-06
 Reference value :  1.31671e-06
 Reference value :  1.31710e-06
 Reference value :  1.31748e-06
 Reference value :  1.31788e-06
 Reference value :  1.31815e-06
 Reference value :  1.31855e-06
 Reference value :  1.31896e-06
 Reference value :  1.31936e-06
 Reference value :  1.31976e-06
 Reference value :  1.32016e-06
 Reference value :  1.32057e-06
 Reference value :  1.32097e-06
 Reference value :  1.32137e-06
 Reference value :  1.32178e-06
 Reference value :  1.32218e-06
 Reference value :  1.32258e-06
 Reference value :  1.32299e-06
 Reference value :  1.32339e-06
 Reference value :  1.32369e-06
 Reference value :  1.32405e-06
 Reference value :  1.32445e-06
 Reference value :  1.32482e-06
 Reference value :  1.32522e-06
 Reference value :  1.32562e-06
 Reference value :  1.32602e-06
 Reference value :  1.32643e-06
 Reference value :  1.32683e-06
 Reference value :  1.32724e-06
 Reference value :  1.32764e-06
 Reference value :  1.32804e-06
 Reference value :  1.32842e-06
 Reference value :  1.32870e-06
 Reference value :  1.32910e-06
 Reference value :  1.32950e-06
 Reference value :  1.32990e-06
 Reference value :  1.33031e-06
 Reference value :  1.33071e-06
 Reference value :  1.33112e-06
 Reference value :  1.33152e-06
 Reference value :  1.33192e-06
 Reference value :  1.33232e-06
 Reference value :  1.33272e-06
 Reference value :  1.33311e-06
 Reference value :  1.33341e-06
 Reference value :  1.33369e-06
 Reference value :  1.33407e-06
 Reference value :  1.33447e-06
 Reference value :  1.33487e-06
 Reference value :  1.33527e-06
 Reference value :  1.33568e-06
 Reference value :  1.33608e-06
 Reference value :  1.33648e-06
 Reference value :  1.33688e-06
 Reference value :  1.33729e-06
 Reference value :  1.33769e-06
 Reference value :  1.33809e-06
 Reference value :  1.33849e-06
 Reference value :  1.33890e-06
 Reference value :  1.33930e-06
 Reference value :  1.33971e-06
 Reference value :  1.34011e-06
 Reference value :  1.34051e-06
 Reference value :  1.34089e-06
 Reference value :  1.34126e-06
 Reference value :  1.34165e-06
 Reference value :  1.34205e-06
 Reference value :  1.34246e-06
 Reference value :  1.34280e-06
 Reference value :  1.34313e-06
 Reference value :  1.34353e-06
 Reference value :  1.34393e-06
 Reference value :  1.34433e-06
 Reference value :  1.34474e-06
 Reference value :  1.34514e-06
 Reference value :  1.34549e-06
 Reference value :  1.34588e-06
 Reference value :  1.34628e-06
 Reference value :  1.34662e-06
 Reference value :  1.34702e-06
 Reference value :  1.34743e-06
 Reference value :  1.34783e-06
 Reference value :  1.34822e-06
 Reference value :  1.34863e-06
 Reference value :  1.34903e-06
 Reference value :  1.34943e-06
 Reference value :  1.34983e-06
 Reference value :  1.35022e-06
 Reference value :  1.35047e-06
 Reference value :  1.35088e-06
 Reference value :  1.35128e-06
 Reference value :  1.35166e-06
 Reference value :  1.35207e-06
 Reference value :  1.35246e-06
 Reference value :  1.35249e-06
 Reference value :  1.35288e-06
 Reference value :  1.35329e-06
 Reference value :  1.35365e-06
 Reference value :  1.35386e-06
 Reference value :  1.35410e-06
 Reference value :  1.35436e-06
 Reference value :  1.35465e-06
 Reference value :  1.35491e-06
 Reference value :  1.35511e-06
 Reference value :  1.35526e-06
 Reference value :  1.35542e-06
 Reference value :  1.35561e-06
 Reference value :  1.35575e-06
 Reference value :  1.35588e-06
 Reference value :  1.35609e-06
 Reference value :  1.35632e-06
 Reference value :  1.35656e-06
 Reference value :  1.35680e-06
 Reference value :  1.35702e-06
 Reference value :  1.35731e-06
 Reference value :  1.35754e-06
 Reference value :  1.35777e-06
 Reference value :  1.35797e-06
 Reference value :  1.35808e-06
 Reference value :  1.35808e-06
 Reference value :  1.35809e-06
 Reference value :  1.35809e-06
 Reference value :  1.35816e-06
 Reference value :  1.35832e-06
 Reference value :  1.35848e-06
 Reference value :  1.35867e-06
 Reference value :  1.35868e-06
 Reference value :  1.35887e-06
 Reference value :  1.35904e-06
 Reference value :  1.35913e-06
 Reference value :  1.35932e-06
 Reference value :  1.35939e-06
 Reference value :  1.35955e-06
 Reference value :  1.35976e-06
 Reference value :  1.35989e-06
 Reference value :  1.35996e-06
 Reference value :  1.35996e-06
 Reference value :  1.36015e-06
 Reference value :  1.36050e-06
 Reference value :  1.36083e-06
 Reference value :  1.36122e-06
 Reference value :  1.36158e-06
 Reference value :  1.36191e-06
 Reference value :  1.36232e-06
 Reference value :  1.36272e-06
 Reference value :  1.36313e-06
 Reference value :  1.36354e-06
 Reference value :  1.36395e-06
 Reference value :  1.36435e-06
 Reference value :  1.36475e-06
 Reference value :  1.36515e-06
 Reference value :  1.36556e-06
 Reference value :  1.36590e-06
 Reference value :  1.36628e-06
 Reference value :  1.36666e-06
 Reference value :  1.36706e-06
 Reference value :  1.36747e-06
 Reference value :  1.36787e-06
 Reference value :  1.36828e-06
 Reference value :  1.36869e-06
 Reference value :  1.36909e-06
 Reference value :  1.36948e-06
 Reference value :  1.36989e-06
 Reference value :  1.37029e-06
 Reference value :  1.37070e-06
 Reference value :  1.37111e-06
 Reference value :  1.37152e-06
 Reference value :  1.37192e-06
 Reference value :  1.37232e-06
 Reference value :  1.37266e-06
 Reference value :  1.37287e-06
 Reference value :  1.37322e-06
 Reference value :  1.37362e-06
 Reference value :  1.37402e-06
 Reference value :  1.37427e-06
 Reference value :  1.37466e-06
 Reference value :  1.37507e-06
 Reference value :  1.37541e-06
 Reference value :  1.37573e-06
 Reference value :  1.37586e-06
 Reference value :  1.37598e-06
 Reference value :  1.37599e-06
 Reference value :  1.37633e-06
 Reference value :  1.37673e-06
 Reference value :  1.37714e-06
 Reference value :  1.37728e-06
 Reference value :  1.37744e-06
 Reference value :  1.37778e-06
 Reference value :  1.37818e-06
 Reference value :  1.37845e-06
 Reference value :  1.37885e-06
 Reference value :  1.37911e-06
 Reference value :  1.37928e-06
 Reference value :  1.37941e-06
 Reference value :  1.37981e-06
 Reference value :  1.38021e-06
 Reference value :  1.38061e-06
 Reference value :  1.38101e-06
 Reference value :  1.38142e-06
 Reference value :  1.38182e-06
 Reference value :  1.38222e-06
 Reference value :  1.38240e-06
 Reference value :  1.38254e-06
 Reference value :  1.38293e-06
 Reference value :  1.38334e-06
 Reference value :  1.38374e-06
 Reference value :  1.38414e-06
 Reference value :  1.38454e-06
 Reference value :  1.38479e-06
 Reference value :  1.38495e-06
 Reference value :  1.38529e-06
 Reference value :  1.38569e-06
 Reference value :  1.38607e-06
 Reference value :  1.38646e-06
 Reference value :  1.38687e-06
 Reference value :  1.38704e-06
 Reference value :  1.38715e-06
 Reference value :  1.38755e-06
 Reference value :  1.38795e-06
 Reference value :  1.38835e-06
 Reference value :  1.38874e-06
 Reference value :  1.38914e-06
 Reference value :  1.38954e-06
 Reference value :  1.38994e-06
 Reference value :  1.39034e-06
 Reference value :  1.39074e-06
 Reference value :  1.39109e-06
 Reference value :  1.39123e-06
 Reference value :  1.39142e-06
 Reference value :  1.39182e-06
 Reference value :  1.39219e-06
 Reference value :  1.39258e-06
 Reference value :  1.39298e-06
 Reference value :  1.39339e-06
 Reference value :  1.39379e-06
 Reference value :  1.39407e-06
 Reference value :  1.39419e-06
 Reference value :  1.39442e-06
 Reference value :  1.39482e-06
 Reference value :  1.39522e-06
 Reference value :  1.39562e-06
 Reference value :  1.39602e-06
 Reference value :  1.39641e-06
 Reference value :  1.39668e-06
 Reference value :  1.39684e-06
 Reference value :  1.39704e-06
 Reference value :  1.39744e-06
 Reference value :  1.39785e-06
 Reference value :  1.39825e-06
 Reference value :  1.39866e-06
 Reference value :  1.39900e-06
 Reference value :  1.39934e-06
 Reference value :  1.39972e-06
 Reference value :  1.39992e-06
 Reference value :  1.40012e-06
 Reference value :  1.40051e-06
 Reference value :  1.40091e-06
 Reference value :  1.40132e-06
 Reference value :  1.40172e-06
 Reference value :  1.40213e-06
 Reference value :  1.40253e-06
 Reference value :  1.40291e-06
 Reference value :  1.40331e-06
 Reference value :  1.40371e-06
 Reference value :  1.40406e-06
 Reference value :  1.40435e-06
 Reference value :  1.40470e-06
 Reference value :  1.40511e-06
 Reference value :  1.40551e-06
 Reference value :  1.40592e-06
 Reference value :  1.40632e-06
 Reference value :  1.40673e-06
 Reference value :  1.40714e-06
 Reference value :  1.40754e-06
 Reference value :  1.40792e-06
 Reference value :  1.40832e-06
 Reference value :  1.40873e-06
 Reference value :  1.40913e-06
 Reference value :  1.40953e-06
 Reference value :  1.40994e-06
 Reference value :  1.41031e-06
 Reference value :  1.41072e-06
 Reference value :  1.41113e-06
 Reference value :  1.41153e-06
 Reference value :  1.41193e-06
 Reference value :  1.41234e-06
 Reference value :  1.41274e-06
 Reference value :  1.41315e-06
 Reference value :  1.41355e-06
 Reference value :  1.41396e-06
 Reference value :  1.41436e-06
 Reference value :  1.41477e-06
 Reference value :  1.41517e-06
 Reference value :  1.41558e-06
 Reference value :  1.41598e-06
 Reference value :  1.41639e-06
 Reference value :  1.41679e-06
 Reference value :  1.41717e-06
 Reference value :  1.41748e-06
 Reference value :  1.41788e-06
 Reference value :  1.41828e-06
 Reference value :  1.41869e-06
 Reference value :  1.41909e-06
 Reference value :  1.41950e-06
 Reference value :  1.41991e-06
 Reference value :  1.42028e-06
 Reference value :  1.42068e-06
 Reference value :  1.42105e-06
 Reference value :  1.42146e-06
 Reference value :  1.42186e-06
 Reference value :  1.42227e-06
 Reference value :  1.42268e-06
 Reference value :  1.42308e-06
 Reference value :  1.42345e-06
 Reference value :  1.42377e-06
 Reference value :  1.42417e-06
 Reference value :  1.42457e-06
 Reference value :  1.42498e-06
 Reference value :  1.42538e-06
 Reference value :  1.42579e-06
 Reference value :  1.42619e-06
 Reference value :  1.42660e-06
 Reference value :  1.42700e-06
 Reference value :  1.42741e-06
 Reference value :  1.42782e-06
 Reference value :  1.42822e-06
 Reference value :  1.42858e-06
 Reference value :  1.42898e-06
 Reference value :  1.42937e-06
 Reference value :  1.42977e-06
 Reference value :  1.43018e-06
 Reference value :  1.43058e-06
 Reference value :  1.43099e-06
 Reference value :  1.43140e-06
 Reference value :  1.43180e-06
 Reference value :  1.43221e-06
 Reference value :  1.43259e-06
 Reference value :  1.43299e-06
 Reference value :  1.43340e-06
 Reference value :  1.43381e-06
 Reference value :  1.43421e-06
 Reference value :  1.43462e-06
 Reference value :  1.43502e-06
 Reference value :  1.43543e-06
 Reference value :  1.43583e-06
 Reference value :  1.43620e-06
 Reference value :  1.43642e-06
 Reference value :  1.43664e-06
 Reference value :  1.43693e-06
 Reference value :  1.43724e-06
 Reference value :  1.43751e-06
 Reference value :  1.43778e-06
 Reference value :  1.43810e-06
 Reference value :  1.43842e-06
 Reference value :  1.43872e-06
 Reference value :  1.43903e-06
 Reference value :  1.43912e-06
 Reference value :  1.43920e-06
 Reference value :  1.43948e-06
 Reference value :  1.43976e-06
 Reference value :  1.43995e-06
 Reference value :  1.44015e-06
 Reference value :  1.44039e-06
 Reference value :  1.44065e-06
 Reference value :  1.44105e-06
 Reference value :  1.44145e-06
 Reference value :  1.44181e-06
 Reference value :  1.44221e-06
 Reference value :  1.44261e-06
 Reference value :  1.44302e-06
 Reference value :  1.44341e-06
 Reference value :  1.44377e-06
 Reference value :  1.44405e-06
 Reference value :  1.44429e-06
 Reference value :  1.44449e-06
 Reference value :  1.44485e-06
 Reference value :  1.44516e-06
 Reference value :  1.44556e-06
 Reference value :  1.44595e-06
 Reference value :  1.44625e-06
 Reference value :  1.44665e-06
 Reference value :  1.44704e-06
 Reference value :  1.44743e-06
 Reference value :  1.44783e-06
 Reference value :  1.44823e-06
 Reference value :  1.44863e-06
 Reference value :  1.44886e-06
 Reference value :  1.44911e-06
 Reference value :  1.44951e-06
 Reference value :  1.44990e-06
 Reference value :  1.45030e-06
 Reference value :  1.45071e-06
 Reference value :  1.45111e-06
 Reference value :  1.45151e-06
 Reference value :  1.45191e-06
 Reference value :  1.45230e-06
 Reference value :  1.45271e-06
 Reference value :  1.45308e-06
 Reference value :  1.45348e-06
 Reference value :  1.45388e-06
 Reference value :  1.45428e-06
 Reference value :  1.45460e-06
 Reference value :  1.45487e-06
 Reference value :  1.45514e-06
 Reference value :  1.45540e-06
 Reference value :  1.45563e-06
 Reference value :  1.45589e-06
 Reference value :  1.45615e-06
 Reference value :  1.45639e-06
 Reference value :  1.45665e-06
 Reference value :  1.45688e-06
 Reference value :  1.45710e-06
 Reference value :  1.45736e-06
 Reference value :  1.45775e-06
 Reference value :  1.45809e-06
 Reference value :  1.45849e-06
 Reference value :  1.45889e-06
 Reference value :  1.45918e-06
 Reference value :  1.45952e-06
 Reference value :  1.45992e-06
 Reference value :  1.46029e-06
 Reference value :  1.46068e-06
 Reference value :  1.46105e-06
 Reference value :  1.46136e-06
 Reference value :  1.46176e-06
 Reference value :  1.46216e-06
 Reference value :  1.46256e-06
 Reference value :  1.46296e-06
 Reference value :  1.46333e-06
 Reference value :  1.46373e-06
 Reference value :  1.46413e-06
 Reference value :  1.46453e-06
 Reference value :  1.46493e-06
 Reference value :  1.46533e-06
 Reference value :  1.46560e-06
 Reference value :  1.46600e-06
 Reference value :  1.46638e-06
 Reference value :  1.46678e-06
 Reference value :  1.46714e-06
 Reference value :  1.46746e-06
 Reference value :  1.46786e-06
 Reference value :  1.46826e-06
 Reference value :  1.46866e-06
 Reference value :  1.46905e-06
 Reference value :  1.46942e-06
 Reference value :  1.46982e-06
 Reference value :  1.47022e-06
 Reference value :  1.47062e-06
 Reference value :  1.47102e-06
 Reference value :  1.47142e-06
 Reference value :  1.47182e-06
 Reference value :  1.47221e-06
 Reference value :  1.47261e-06
 Reference value :  1.47301e-06
 Reference value :  1.47341e-06
 Reference value :  1.47381e-06
 Reference value :  1.47421e-06
 Reference value :  1.47461e-06
 Reference value :  1.47501e-06
 Reference value :  1.47538e-06
 Reference value :  1.47578e-06
 Reference value :  1.47615e-06
 Reference value :  1.47654e-06
 Reference value :  1.47695e-06
 Reference value :  1.47735e-06
 Reference value :  1.47775e-06
 Reference value :  1.47815e-06
 Reference value :  1.47855e-06
 Reference value :  1.47894e-06
 Reference value :  1.47934e-06
 Reference value :  1.47973e-06
 Reference value :  1.47996e-06
 Reference value :  1.48020e-06
 Reference value :  1.48047e-06
 Reference value :  1.48072e-06
 Reference value :  1.48091e-06
 Reference value :  1.48126e-06
 Reference value :  1.48166e-06
 Reference value :  1.48207e-06
 Reference value :  1.48247e-06
 Reference value :  1.48288e-06
 Reference value :  1.48328e-06
 Reference value :  1.48368e-06
 Reference value :  1.48408e-06
 Reference value :  1.48449e-06
 Reference value :  1.48486e-06
 Reference value :  1.48516e-06
 Reference value :  1.48556e-06
 Reference value :  1.48596e-06
 Reference value :  1.48630e-06
 Reference value :  1.48668e-06
 Reference value :  1.48706e-06
 Reference value :  1.48746e-06
 Reference value :  1.48769e-06
 Reference value :  1.48783e-06
 Reference value :  1.48802e-06
 Reference value :  1.48835e-06
 Reference value :  1.48875e-06
 Reference value :  1.48915e-06
 Reference value :  1.48955e-06
 Reference value :  1.48995e-06
 Reference value :  1.49028e-06
 Reference value :  1.49063e-06
 Reference value :  1.49103e-06
 Reference value :  1.49144e-06
 Reference value :  1.49184e-06
 Reference value :  1.49224e-06
 Reference value :  1.49264e-06
 Reference value :  1.49303e-06
 Reference value :  1.49344e-06
 Reference value :  1.49384e-06
 Reference value :  1.49424e-06
 Reference value :  1.49463e-06
 Reference value :  1.49503e-06
 Reference value :  1.49543e-06
 Reference value :  1.49583e-06
 Reference value :  1.49624e-06
 Reference value :  1.49664e-06
 Reference value :  1.49704e-06
 Reference value :  1.49745e-06
 Reference value :  1.49785e-06
 Reference value :  1.49822e-06
 Reference value :  1.49862e-06
 Reference value :  1.49903e-06
 Reference value :  1.49943e-06
 Reference value :  1.49983e-06
 Reference value :  1.50024e-06
 Reference value :  1.50064e-06
 Reference value :  1.50104e-06
 Reference value :  1.50144e-06
 Reference value :  1.50185e-06
 Reference value :  1.50225e-06
 Reference value :  1.50265e-06
 Reference value :  1.50305e-06
 Reference value :  1.50345e-06
 Reference value :  1.50385e-06
 Reference value :  1.50425e-06
 Reference value :  1.50465e-06
 Reference value :  1.50506e-06
 Reference value :  1.50546e-06
 Reference value :  1.50586e-06
 Reference value :  1.50627e-06
 Reference value :  1.50667e-06
 Reference value :  1.50707e-06
 Reference value :  1.50747e-06
 Reference value :  1.50787e-06
 Reference value :  1.50827e-06
 Reference value :  1.50868e-06
 Reference value :  1.50906e-06
 Reference value :  1.50935e-06
 Reference value :  1.50975e-06
 Reference value :  1.51015e-06
 Reference value :  1.51055e-06
 Reference value :  1.51093e-06
 Reference value :  1.51133e-06
 Reference value :  1.51174e-06
 Reference value :  1.51214e-06
 Reference value :  1.51254e-06
 Reference value :  1.51294e-06
 Reference value :  1.51333e-06
 Reference value :  1.51373e-06
 Reference value :  1.51414e-06
 Reference value :  1.51454e-06
 Reference value :  1.51494e-06
 Reference value :  1.51532e-06
 Reference value :  1.51562e-06
 Reference value :  1.51602e-06
 Reference value :  1.51643e-06
 Reference value :  1.51683e-06
 Reference value :  1.51723e-06
 Reference value :  1.51763e-06
 Reference value :  1.51804e-06
 Reference value :  1.51844e-06
 Reference value :  1.51884e-06
 Reference value :  1.51924e-06
 Reference value :  1.51964e-06
 Reference value :  1.52000e-06
 Reference value :  1.52040e-06
 Reference value :  1.52080e-06
 Reference value :  1.52120e-06
 Reference value :  1.52161e-06
 Reference value :  1.52201e-06
 Reference value :  1.52241e-06
 Reference value :  1.52281e-06
 Reference value :  1.52319e-06
 Reference value :  1.52359e-06
 Reference value :  1.52399e-06
 Reference value :  1.52439e-06
 Reference value :  1.52479e-06
 Reference value :  1.52513e-06
 Reference value :  1.52538e-06
 Reference value :  1.52564e-06
 Reference value :  1.52596e-06
 Reference value :  1.52625e-06
 Reference value :  1.52652e-06
 Reference value :  1.52679e-06
 Reference value :  1.52708e-06
 Reference value :  1.52737e-06
 Reference value :  1.52766e-06
 Reference value :  1.52789e-06
 Reference value :  1.52812e-06
 Reference value :  1.52832e-06
 Reference value :  1.52860e-06
 Reference value :  1.52887e-06
 Reference value :  1.52902e-06
 Reference value :  1.52942e-06
 Reference value :  1.52982e-06
 Reference value :  1.53023e-06
 Reference value :  1.53063e-06
 Reference value :  1.53103e-06
 Reference value :  1.53143e-06
 Reference value :  1.53173e-06
 Reference value :  1.53211e-06
 Reference value :  1.53252e-06
 Reference value :  1.53289e-06
 Reference value :  1.53327e-06
 Reference value :  1.53362e-06
 Reference value :  1.53384e-06
 Reference value :  1.53406e-06
 Reference value :  1.53440e-06
 Reference value :  1.53481e-06
 Reference value :  1.53521e-06
 Reference value :  1.53561e-06
 Reference value :  1.53601e-06
 Reference value :  1.53641e-06
 Reference value :  1.53682e-06
 Reference value :  1.53720e-06
 Reference value :  1.53749e-06
 Reference value :  1.53789e-06
 Reference value :  1.53829e-06
 Reference value :  1.53856e-06
 Reference value :  1.53875e-06
 Reference value :  1.53900e-06
 Reference value :  1.53941e-06
 Reference value :  1.53981e-06
 Reference value :  1.54021e-06
 Reference value :  1.54061e-06
 Reference value :  1.54102e-06
 Reference value :  1.54141e-06
 Reference value :  1.54181e-06
 Reference value :  1.54219e-06
 Reference value :  1.54260e-06
 Reference value :  1.54300e-06
 Reference value :  1.54325e-06
 Reference value :  1.54353e-06
 Reference value :  1.54390e-06
 Reference value :  1.54431e-06
 Reference value :  1.54470e-06
 Reference value :  1.54509e-06
 Reference value :  1.54550e-06
 Reference value :  1.54590e-06
 Reference value :  1.54630e-06
 Reference value :  1.54653e-06
 Reference value :  1.54679e-06
 Reference value :  1.54704e-06
 Reference value :  1.54726e-06
 Reference value :  1.54744e-06
 Reference value :  1.54780e-06
 Reference value :  1.54820e-06
 Reference value :  1.54860e-06
 Reference value :  1.54900e-06
 Reference value :  1.54940e-06
 Reference value :  1.54980e-06
 Reference value :  1.55021e-06
 Reference value :  1.55051e-06
 Reference value :  1.55078e-06
 Reference value :  1.55118e-06
 Reference value :  1.55158e-06
 Reference value :  1.55198e-06
 Reference value :  1.55239e-06
 Reference value :  1.55279e-06
 Reference value :  1.55319e-06
 Reference value :  1.55359e-06
 Reference value :  1.55395e-06
 Reference value :  1.55427e-06
 Reference value :  1.55465e-06
 Reference value :  1.55503e-06
 Reference value :  1.55543e-06
 Reference value :  1.55583e-06
 Reference value :  1.55624e-06
 Reference value :  1.55664e-06
 Reference value :  1.55704e-06
 Reference value :  1.55745e-06
 Reference value :  1.55785e-06
 Reference value :  1.55826e-06
 Reference value :  1.55866e-06
 Reference value :  1.55906e-06
 Reference value :  1.55946e-06
 Reference value :  1.55987e-06
 Reference value :  1.56022e-06
 Reference value :  1.56051e-06
 Reference value :  1.56091e-06
 Reference value :  1.56132e-06
 Reference value :  1.56172e-06
 Reference value :  1.56212e-06
 Reference value :  1.56252e-06
 Reference value :  1.56293e-06
 Reference value :  1.56332e-06
 Reference value :  1.56372e-06
 Reference value :  1.56412e-06
 Reference value :  1.56450e-06
 Reference value :  1.56490e-06
 Reference value :  1.56530e-06
 Reference value :  1.56570e-06
 Reference value :  1.56611e-06
 Reference value :  1.56651e-06
 Reference value :  1.56692e-06
 Reference value :  1.56729e-06
 Reference value :  1.56767e-06
 Reference value :  1.56798e-06
 Reference value :  1.56821e-06
 Reference value :  1.56849e-06
 Reference value :  1.56873e-06
 Reference value :  1.56899e-06
 Reference value :  1.56928e-06
 Reference value :  1.56954e-06
 Reference value :  1.56979e-06
 Reference value :  1.57008e-06
 Reference value :  1.57033e-06
 Reference value :  1.57054e-06
 Reference value :  1.57077e-06
 Reference value :  1.57118e-06
 Reference value :  1.57158e-06
 Reference value :  1.57198e-06
 Reference value :  1.57239e-06
 Reference value :  1.57279e-06
 Reference value :  1.57319e-06
 Reference value :  1.57360e-06
 Reference value :  1.57400e-06
 Reference value :  1.57436e-06
 Reference value :  1.57476e-06
 Reference value :  1.57517e-06
 Reference value :  1.57557e-06
 Reference value :  1.57597e-06
 Reference value :  1.57637e-06
 Reference value :  1.57661e-06
 Reference value :  1.57691e-06
 Reference value :  1.57729e-06
 Reference value :  1.57766e-06
 Reference value :  1.57806e-06
 Reference value :  1.57846e-06
 Reference value :  1.57886e-06
 Reference value :  1.57927e-06
 Reference value :  1.57966e-06
 Reference value :  1.58003e-06
 Reference value :  1.58044e-06
 Reference value :  1.58084e-06
 Reference value :  1.58124e-06
 Reference value :  1.58164e-06
 Reference value :  1.58204e-06
 Reference value :  1.58245e-06
 Reference value :  1.58285e-06
 Reference value :  1.58318e-06
 Reference value :  1.58351e-06
 Reference value :  1.58391e-06
 Reference value :  1.58431e-06
 Reference value :  1.58471e-06
 Reference value :  1.58512e-06
 Reference value :  1.58552e-06
 Reference value :  1.58592e-06
 Reference value :  1.58632e-06
 Reference value :  1.58673e-06
 Reference value :  1.58711e-06
 Reference value :  1.58751e-06
 Reference value :  1.58791e-06
 Reference value :  1.58832e-06
 Reference value :  1.58872e-06
 Reference value :  1.58912e-06
 Reference value :  1.58952e-06
 Reference value :  1.58990e-06
 Reference value :  1.59027e-06
 Reference value :  1.59067e-06
 Reference value :  1.59107e-06
 Reference value :  1.59147e-06
 Reference value :  1.59188e-06
 Reference value :  1.59228e-06
 Reference value :  1.59268e-06
 Reference value :  1.59308e-06
 Reference value :  1.59348e-06
 Reference value :  1.59388e-06
 Reference value :  1.59428e-06
 Reference value :  1.59469e-06
 Reference value :  1.59509e-06
 Reference value :  1.59549e-06
 Reference value :  1.59590e-06
 Reference value :  1.59629e-06
 Reference value :  1.59669e-06
 Reference value :  1.59709e-06
 Reference value :  1.59749e-06
 Reference value :  1.59790e-06
 Reference value :  1.59830e-06
 Reference value :  1.59870e-06
 Reference value :  1.59910e-06
 Reference value :  1.59951e-06
 Reference value :  1.59991e-06
 Reference value :  1.60031e-06
 Reference value :  1.60072e-06
 Reference value :  1.60112e-06
 Reference value :  1.60152e-06
 Reference value :  1.60188e-06
 Reference value :  1.60209e-06
 Reference value :  1.60248e-06
 Reference value :  1.60287e-06
 Reference value :  1.60322e-06
 Reference value :  1.60362e-06
 Reference value :  1.60403e-06
 Reference value :  1.60443e-06
 Reference value :  1.60483e-06
 Reference value :  1.60522e-06
 Reference value :  1.60562e-06
 Reference value :  1.60602e-06
 Reference value :  1.60643e-06
 Reference value :  1.60683e-06
 Reference value :  1.60723e-06
 Reference value :  1.60763e-06
 Reference value :  1.60801e-06
 Reference value :  1.60831e-06
 Reference value :  1.60871e-06
 Reference value :  1.60911e-06
 Reference value :  1.60951e-06
 Reference value :  1.60991e-06
 Reference value :  1.61032e-06
 Reference value :  1.61072e-06
 Reference value :  1.61112e-06
 Reference value :  1.61153e-06
 Reference value :  1.61193e-06
 Reference value :  1.61234e-06
 Reference value :  1.61274e-06
 Reference value :  1.61314e-06
 Reference value :  1.61354e-06
 Reference value :  1.61394e-06
 Reference value :  1.61435e-06
 Reference value :  1.61473e-06
 Reference value :  1.61513e-06
 Reference value :  1.61554e-06
 Reference value :  1.61594e-06
 Reference value :  1.61634e-06
 Reference value :  1.61675e-06
 Reference value :  1.61715e-06
 Reference value :  1.61755e-06
 Reference value :  1.61796e-06
 Reference value :  1.61836e-06
 Reference value :  1.61876e-06
 Reference value :  1.61917e-06
 Reference value :  1.61957e-06
 Reference value :  1.61997e-06
 Reference value :  1.62038e-06
 Reference value :  1.62078e-06
 Reference value :  1.62118e-06
 Reference value :  1.62145e-06
 Reference value :  1.62171e-06
 Reference value :  1.62199e-06
 Reference value :  1.62227e-06
 Reference value :  1.62256e-06
 Reference value :  1.62285e-06
 Reference value :  1.62313e-06
 Reference value :  1.62339e-06
 Reference value :  1.62365e-06
 Reference value :  1.62391e-06
 Reference value :  1.62411e-06
 Reference value :  1.62435e-06
 Reference value :  1.62466e-06
 Reference value :  1.62498e-06
 Reference value :  1.62530e-06
 Reference value :  1.62570e-06
 Reference value :  1.62610e-06
 Reference value :  1.62650e-06
 Reference value :  1.62690e-06
 Reference value :  1.62730e-06
 Reference value :  1.62770e-06
 Reference value :  1.62810e-06
 Reference value :  1.62845e-06
 Reference value :  1.62875e-06
 Reference value :  1.62915e-06
 Reference value :  1.62955e-06
 Reference value :  1.62995e-06
 Reference value :  1.63035e-06
 Reference value :  1.63076e-06
 Reference value :  1.63114e-06
 Reference value :  1.63141e-06
 Reference value :  1.63182e-06
 Reference value :  1.63222e-06
 Reference value :  1.63262e-06
 Reference value :  1.63303e-06
 Reference value :  1.63343e-06
 Reference value :  1.63379e-06
 Reference value :  1.63419e-06
 Reference value :  1.63460e-06
 Reference value :  1.63500e-06
 Reference value :  1.63540e-06
 Reference value :  1.63580e-06
 Reference value :  1.63620e-06
 Reference value :  1.63660e-06
 Reference value :  1.63700e-06
 Reference value :  1.63738e-06
 Reference value :  1.63779e-06
 Reference value :  1.63819e-06
 Reference value :  1.63859e-06
 Reference value :  1.63899e-06
 Reference value :  1.63936e-06
 Reference value :  1.63976e-06
 Reference value :  1.64016e-06
 Reference value :  1.64056e-06
 Reference value :  1.64096e-06
 Reference value :  1.64136e-06
 Reference value :  1.64176e-06
 Reference value :  1.64216e-06
 Reference value :  1.64256e-06
 Reference value :  1.64296e-06
 Reference value :  1.64337e-06
 Reference value :  1.64377e-06
 Reference value :  1.64417e-06
 Reference value :  1.64458e-06
 Reference value :  1.64497e-06
 Reference value :  1.64537e-06
 Reference value :  1.64577e-06
 Reference value :  1.64617e-06
 Reference value :  1.64658e-06
 Reference value :  1.64698e-06
 Reference value :  1.64738e-06
 Reference value :  1.64778e-06
 Reference value :  1.64818e-06
 Reference value :  1.64859e-06
 Reference value :  1.64899e-06
 Reference value :  1.64939e-06
 Reference value :  1.64977e-06
 Reference value :  1.65005e-06
 Reference value :  1.65041e-06
 Reference value :  1.65081e-06
 Reference value :  1.65121e-06
 Reference value :  1.65161e-06
 Reference value :  1.65190e-06
 Reference value :  1.65231e-06
 Reference value :  1.65271e-06
 Reference value :  1.65311e-06
 Reference value :  1.65352e-06
 Reference value :  1.65392e-06
 Reference value :  1.65432e-06
 Reference value :  1.65457e-06
 Reference value :  1.65483e-06
 Reference value :  1.65509e-06
 Reference value :  1.65535e-06
 Reference value :  1.65552e-06
 Reference value :  1.65579e-06
 Reference value :  1.65604e-06
 Reference value :  1.65629e-06
 Reference value :  1.65657e-06
 Reference value :  1.65680e-06
 Reference value :  1.65698e-06
 Reference value :  1.65719e-06
 Reference value :  1.65759e-06
 Reference value :  1.65799e-06
 Reference value :  1.65839e-06
 Reference value :  1.65879e-06
 Reference value :  1.65919e-06
 Reference value :  1.65959e-06
 Reference value :  1.65997e-06
 Reference value :  1.66019e-06
 Reference value :  1.66057e-06
 Reference value :  1.66097e-06
 Reference value :  1.66137e-06
 Reference value :  1.66177e-06
 Reference value :  1.66217e-06
 Reference value :  1.66257e-06
 Reference value :  1.66297e-06
 Reference value :  1.66337e-06
 Reference value :  1.66378e-06
 Reference value :  1.66418e-06
 Reference value :  1.66458e-06
 Reference value :  1.66497e-06
 Reference value :  1.66538e-06
 Reference value :  1.66578e-06
 Reference value :  1.66617e-06
 Reference value :  1.66658e-06
 Reference value :  1.66698e-06
 Reference value :  1.66738e-06
 Reference value :  1.66778e-06
 Reference value :  1.66818e-06
 Reference value :  1.66858e-06
 Reference value :  1.66898e-06
 Reference value :  1.66938e-06
 Reference value :  1.66979e-06
 Reference value :  1.67019e-06
 Reference value :  1.67059e-06
 Reference value :  1.67099e-06
 Reference value :  1.67139e-06
 Reference value :  1.67179e-06
 Reference value :  1.67217e-06
 Reference value :  1.67257e-06
 Reference value :  1.67288e-06
 Reference value :  1.67325e-06
 Reference value :  1.67365e-06
 Reference value :  1.67405e-06
 Reference value :  1.67444e-06
 Reference value :  1.67484e-06
 Reference value :  1.67524e-06
 Reference value :  1.67558e-06
 Reference value :  1.67598e-06
 Reference value :  1.67638e-06
 Reference value :  1.67678e-06
 Reference value :  1.67718e-06
 Reference value :  1.67758e-06
 Reference value :  1.67798e-06
 Reference value :  1.67838e-06
 Reference value :  1.67877e-06
 Reference value :  1.67906e-06
 Reference value :  1.67945e-06
 Reference value :  1.67985e-06
 Reference value :  1.68025e-06
 Reference value :  1.68065e-06
 Reference value :  1.68106e-06
 Reference value :  1.68146e-06
 Reference value :  1.68186e-06
 Reference value :  1.68218e-06
 Reference value :  1.68255e-06
 Reference value :  1.68295e-06
 Reference value :  1.68327e-06
 Reference value :  1.68359e-06
 Reference value :  1.68397e-06
 Reference value :  1.68437e-06
 Reference value :  1.68465e-06
 Reference value :  1.68487e-06
 Reference value :  1.68509e-06
 Reference value :  1.68535e-06
 Reference value :  1.68562e-06
 Reference value :  1.68586e-06
 Reference value :  1.68604e-06
 Reference value :  1.68618e-06
 Reference value :  1.68633e-06
 Reference value :  1.68657e-06
 Reference value :  1.68668e-06
 Reference value :  1.68676e-06
 Reference value :  1.68692e-06
 Reference value :  1.68714e-06
 Reference value :  1.68736e-06
 Reference value :  1.68761e-06
 Reference value :  1.68783e-06
 Reference value :  1.68809e-06
 Reference value :  1.68832e-06
 Reference value :  1.68853e-06
 Reference value :  1.68860e-06
 Reference value :  1.68861e-06
 Reference value :  1.68861e-06
 Reference value :  1.68871e-06
 Reference value :  1.68871e-06
 Reference value :  1.68871e-06
 Reference value :  1.68872e-06
 Reference value :  1.68872e-06
 Reference value :  1.68872e-06
 Reference value :  1.68883e-06
 Reference value :  1.68899e-06
 Reference value :  1.68909e-06
 Reference value :  1.68921e-06
 Reference value :  1.68930e-06
 Reference value :  1.68940e-06
 Reference value :  1.68941e-06
 Reference value :  1.68957e-06
 Reference value :  1.68978e-06
 Reference value :  1.68995e-06
 Reference value :  1.69015e-06
 Reference value :  1.69045e-06
 Reference value :  1.69078e-06
 Reference value :  1.69112e-06
 Reference value :  1.69135e-06
 Reference value :  1.69156e-06
 Reference value :  1.69189e-06
 Reference value :  1.69218e-06
 Reference value :  1.69238e-06
 Reference value :  1.69258e-06
 Reference value :  1.69279e-06
 Reference value :  1.69314e-06
 Reference value :  1.69354e-06
 Reference value :  1.69391e-06
 Reference value :  1.69419e-06
 Reference value :  1.69459e-06
 Reference value :  1.69491e-06
 Reference value :  1.69522e-06
 Reference value :  1.69561e-06
 Reference value :  1.69601e-06
 Reference value :  1.69641e-06
 Reference value :  1.69681e-06
 Reference value :  1.69721e-06
 Reference value :  1.69761e-06
 Reference value :  1.69801e-06
 Reference value :  1.69840e-06
 Reference value :  1.69881e-06
 Reference value :  1.69921e-06
 Reference value :  1.69961e-06
 Reference value :  1.69998e-06
 Reference value :  1.70038e-06
 Reference value :  1.70078e-06
 Reference value :  1.70118e-06
 Reference value :  1.70158e-06
 Reference value :  1.70198e-06
 Reference value :  1.70237e-06
 Reference value :  1.70266e-06
 Reference value :  1.70303e-06
 Reference value :  1.70343e-06
 Reference value :  1.70383e-06
 Reference value :  1.70423e-06
 Reference value :  1.70464e-06
 Reference value :  1.70503e-06
 Reference value :  1.70543e-06
 Reference value :  1.70580e-06
 Reference value :  1.70620e-06
 Reference value :  1.70660e-06
 Reference value :  1.70694e-06
 Reference value :  1.70733e-06
 Reference value :  1.70772e-06
 Reference value :  1.70807e-06
 Reference value :  1.70836e-06
 Reference value :  1.70876e-06
 Reference value :  1.70914e-06
 Reference value :  1.70954e-06
 Reference value :  1.70994e-06
 Reference value :  1.71034e-06
 Reference value :  1.71073e-06
 Reference value :  1.71113e-06
 Reference value :  1.71140e-06
 Reference value :  1.71166e-06
 Reference value :  1.71192e-06
 Reference value :  1.71216e-06
 Reference value :  1.71247e-06
 Reference value :  1.71275e-06
 Reference value :  1.71304e-06
 Reference value :  1.71325e-06
 Reference value :  1.71353e-06
 Reference value :  1.71384e-06
 Reference value :  1.71410e-06
 Reference value :  1.71430e-06
 Reference value :  1.71454e-06
 Reference value :  1.71479e-06
 Reference value :  1.71501e-06
 Reference value :  1.71526e-06
 Reference value :  1.71553e-06
 Reference value :  1.71594e-06
 Reference value :  1.71630e-06
 Reference value :  1.71669e-06
 Reference value :  1.71709e-06
 Reference value :  1.71749e-06
 Reference value :  1.71789e-06
 Reference value :  1.71829e-06
 Reference value :  1.71869e-06
 Reference value :  1.71891e-06
 Reference value :  1.71914e-06
 Reference value :  1.71937e-06
 Reference value :  1.71977e-06
 Reference value :  1.72016e-06
 Reference value :  1.72056e-06
 Reference value :  1.72096e-06
 Reference value :  1.72136e-06
 Reference value :  1.72176e-06
 Reference value :  1.72206e-06
 Reference value :  1.72229e-06
 Reference value :  1.72267e-06
 Reference value :  1.72307e-06
 Reference value :  1.72347e-06
 Reference value :  1.72381e-06
 Reference value :  1.72414e-06
 Reference value :  1.72454e-06
 Reference value :  1.72494e-06
 Reference value :  1.72534e-06
 Reference value :  1.72570e-06
 Reference value :  1.72588e-06
 Reference value :  1.72603e-06
 Reference value :  1.72631e-06
 Reference value :  1.72663e-06
 Reference value :  1.72685e-06
 Reference value :  1.72714e-06
 Reference value :  1.72739e-06
 Reference value :  1.72754e-06
 Reference value :  1.72765e-06
 Reference value :  1.72784e-06
 Reference value :  1.72808e-06
 Reference value :  1.72835e-06
 Reference value :  1.72862e-06
 Reference value :  1.72887e-06
 Reference value :  1.72904e-06
 Reference value :  1.72918e-06
 Reference value :  1.72943e-06
 Reference value :  1.72966e-06
 Reference value :  1.72990e-06
 Reference value :  1.73007e-06
 Reference value :  1.73031e-06
 Reference value :  1.73052e-06
 Reference value :  1.73073e-06
 Reference value :  1.73084e-06
 Reference value :  1.73109e-06
 Reference value :  1.73146e-06
 Reference value :  1.73176e-06
 Reference value :  1.73204e-06
 Reference value :  1.73244e-06
 Reference value :  1.73283e-06
 Reference value :  1.73324e-06
 Reference value :  1.73361e-06
 Reference value :  1.73382e-06
 Reference value :  1.73414e-06
 Reference value :  1.73448e-06
 Reference value :  1.73487e-06
 Reference value :  1.73526e-06
 Reference value :  1.73566e-06
 Reference value :  1.73607e-06
 Reference value :  1.73643e-06
 Reference value :  1.73683e-06
 Reference value :  1.73722e-06
 Reference value :  1.73762e-06
 Reference value :  1.73802e-06
 Reference value :  1.73842e-06
 Reference value :  1.73882e-06
 Reference value :  1.73922e-06
 Reference value :  1.73961e-06
 Reference value :  1.74001e-06
 Reference value :  1.74041e-06
 Reference value :  1.74081e-06
 Reference value :  1.74121e-06
 Reference value :  1.74161e-06
 Reference value :  1.74201e-06
 Reference value :  1.74240e-06
 Reference value :  1.74279e-06
 Reference value :  1.74307e-06
 Reference value :  1.74347e-06
 Reference value :  1.74386e-06
 Reference value :  1.74426e-06
 Reference value :  1.74466e-06
 Reference value :  1.74505e-06
 Reference value :  1.74545e-06
 Reference value :  1.74578e-06
 Reference value :  1.74618e-06
 Reference value :  1.74651e-06
 Reference value :  1.74691e-06
 Reference value :  1.74731e-06
 Reference value :  1.74771e-06
 Reference value :  1.74809e-06
 Reference value :  1.74842e-06
 Reference value :  1.74876e-06
 Reference value :  1.74914e-06
 Reference value :  1.74954e-06
 Reference value :  1.74994e-06
 Reference value :  1.75034e-06
 Reference value :  1.75074e-06
 Reference value :  1.75110e-06
 Reference value :  1.75149e-06
 Reference value :  1.75189e-06
 Reference value :  1.75229e-06
 Reference value :  1.75269e-06
 Reference value :  1.75308e-06
 Reference value :  1.75348e-06
 Reference value :  1.75388e-06
 Reference value :  1.75428e-06
 Reference value :  1.75458e-06
 Reference value :  1.75495e-06
 Reference value :  1.75535e-06
 Reference value :  1.75575e-06
 Reference value :  1.75615e-06
 Reference value :  1.75655e-06
 Reference value :  1.75695e-06
 Reference value :  1.75733e-06
 Reference value :  1.75773e-06
 Reference value :  1.75813e-06
 Reference value :  1.75851e-06
 Reference value :  1.75891e-06
 Reference value :  1.75930e-06
 Reference value :  1.75970e-06
 Reference value :  1.76010e-06
 Reference value :  1.76050e-06
 Reference value :  1.76090e-06
 Reference value :  1.76130e-06
 Reference value :  1.76169e-06
 Reference value :  1.76209e-06
 Reference value :  1.76249e-06
 Reference value :  1.76289e-06
 Reference value :  1.76329e-06
 Reference value :  1.76369e-06
 Reference value :  1.76399e-06
 Reference value :  1.76415e-06
 Reference value :  1.76435e-06
 Reference value :  1.76461e-06
 Reference value :  1.76488e-06
 Reference value :  1.76514e-06
 Reference value :  1.76541e-06
 Reference value :  1.76565e-06
 Reference value :  1.76590e-06
 Reference value :  1.76610e-06
 Reference value :  1.76632e-06
 Reference value :  1.76658e-06
 Reference value :  1.76684e-06
 Reference value :  1.76724e-06
 Reference value :  1.76764e-06
 Reference value :  1.76804e-06
 Reference value :  1.76844e-06
 Reference value :  1.76870e-06
 Reference value :  1.76903e-06
 Reference value :  1.76943e-06
 Reference value :  1.76982e-06
 Reference value :  1.77022e-06
 Reference value :  1.77062e-06
 Reference value :  1.77092e-06
 Reference value :  1.77129e-06
 Reference value :  1.77169e-06
 Reference value :  1.77209e-06
 Reference value :  1.77249e-06
 Reference value :  1.77289e-06
 Reference value :  1.77329e-06
 Reference value :  1.77369e-06
 Reference value :  1.77408e-06
 Reference value :  1.77449e-06
 Reference value :  1.77488e-06
 Reference value :  1.77528e-06
 Reference value :  1.77569e-06
 Reference value :  1.77609e-06
 Reference value :  1.77648e-06
 Reference value :  1.77686e-06
 Reference value :  1.77716e-06
 Reference value :  1.77755e-06
 Reference value :  1.77795e-06
 Reference value :  1.77836e-06
 Reference value :  1.77876e-06
 Reference value :  1.77916e-06
 Reference value :  1.77956e-06
 Reference value :  1.77996e-06
 Reference value :  1.78036e-06
 Reference value :  1.78071e-06
 Reference value :  1.78111e-06
 Reference value :  1.78151e-06
 Reference value :  1.78191e-06
 Reference value :  1.78231e-06
 Reference value :  1.78271e-06
 Reference value :  1.78311e-06
 Reference value :  1.78351e-06
 Reference value :  1.78391e-06
 Reference value :  1.78431e-06
 Reference value :  1.78471e-06
 Reference value :  1.78511e-06
 Reference value :  1.78550e-06
 Reference value :  1.78590e-06
 Reference value :  1.78630e-06
 Reference value :  1.78670e-06
 Reference value :  1.78710e-06
 Reference value :  1.78751e-06
 Reference value :  1.78790e-06
 Reference value :  1.78830e-06
 Reference value :  1.78870e-06
 Reference value :  1.78880e-06
 Reference value :  1.78896e-06
 Reference value :  1.78931e-06
 Reference value :  1.78962e-06
 Reference value :  1.79000e-06
 Reference value :  1.79040e-06
 Reference value :  1.79057e-06
 Reference value :  1.79083e-06
 Reference value :  1.79118e-06
 Reference value :  1.79158e-06
 Reference value :  1.79193e-06
 Reference value :  1.79211e-06
 Reference value :  1.79231e-06
 Reference value :  1.79254e-06
 Reference value :  1.79279e-06
 Reference value :  1.79304e-06
 Reference value :  1.79325e-06
 Reference value :  1.79346e-06
 Reference value :  1.79378e-06
 Reference value :  1.79398e-06
 Reference value :  1.79421e-06
 Reference value :  1.79445e-06
 Reference value :  1.79466e-06
 Reference value :  1.79490e-06
 Reference value :  1.79512e-06
 Reference value :  1.79540e-06
 Reference value :  1.79564e-06
 Reference value :  1.79586e-06
 Reference value :  1.79590e-06
 Reference value :  1.79590e-06
 Reference value :  1.79591e-06
 Reference value :  1.79591e-06
 Reference value :  1.79599e-06
 Reference value :  1.79619e-06
 Reference value :  1.79639e-06
 Reference value :  1.79661e-06
 Reference value :  1.79682e-06
 Reference value :  1.79704e-06
 Reference value :  1.79713e-06
 Reference value :  1.79734e-06
 Reference value :  1.79746e-06
 Reference value :  1.79768e-06
 Reference value :  1.79787e-06
 Reference value :  1.79800e-06
 Reference value :  1.79811e-06
 Reference value :  1.79828e-06
 Reference value :  1.79846e-06
 Reference value :  1.79862e-06
 Reference value :  1.79862e-06
 Reference value :  1.79868e-06
 Reference value :  1.79890e-06
 Reference value :  1.79905e-06
 Reference value :  1.79927e-06
 Reference value :  1.79950e-06
 Reference value :  1.79986e-06
 Reference value :  1.80025e-06
 Reference value :  1.80066e-06
 Reference value :  1.80105e-06
 Reference value :  1.80144e-06
 Reference value :  1.80157e-06
 Reference value :  1.80193e-06
 Reference value :  1.80228e-06
 Reference value :  1.80264e-06
 Reference value :  1.80298e-06
 Reference value :  1.80337e-06
 Reference value :  1.80370e-06
 Reference value :  1.80398e-06
 Reference value :  1.80424e-06
 Reference value :  1.80452e-06
 Reference value :  1.80479e-06
 Reference value :  1.80508e-06
 Reference value :  1.80535e-06
 Reference value :  1.80563e-06
 Reference value :  1.80591e-06
 Reference value :  1.80614e-06
 Reference value :  1.80636e-06
 Reference value :  1.80656e-06
 Reference value :  1.80676e-06
 Reference value :  1.80696e-06
 Reference value :  1.80736e-06
 Reference value :  1.80777e-06
 Reference value :  1.80817e-06
 Reference value :  1.80858e-06
 Reference value :  1.80899e-06
 Reference value :  1.80931e-06
 Reference value :  1.80967e-06
 Reference value :  1.81008e-06
 Reference value :  1.81048e-06
 Reference value :  1.81079e-06
 Reference value :  1.81114e-06
 Reference value :  1.81149e-06
 Reference value :  1.81182e-06
 Reference value :  1.81223e-06
 Reference value :  1.81264e-06
 Reference value :  1.81305e-06
 Reference value :  1.81345e-06
 Reference value :  1.81386e-06
 Reference value :  1.81423e-06
 Reference value :  1.81459e-06
 Reference value :  1.81500e-06
 Reference value :  1.81541e-06
 Reference value :  1.81579e-06
 Reference value :  1.81620e-06
 Reference value :  1.81660e-06
 Reference value :  1.81700e-06
 Reference value :  1.81741e-06
 Reference value :  1.81781e-06
 Reference value :  1.81821e-06
 Reference value :  1.81862e-06
 Reference value :  1.81903e-06
 Reference value :  1.81944e-06
 Reference value :  1.81982e-06
 Reference value :  1.82023e-06
 Reference value :  1.82063e-06
 Reference value :  1.82104e-06
 Reference value :  1.82145e-06
 Reference value :  1.82186e-06
 Reference value :  1.82227e-06
 Reference value :  1.82267e-06
 Reference value :  1.82308e-06
 Reference value :  1.82349e-06
 Reference value :  1.82390e-06
 Reference value :  1.82431e-06
 Reference value :  1.82472e-06
 Reference value :  1.82513e-06
 Reference value :  1.82553e-06
 Reference value :  1.82594e-06
 Reference value :  1.82635e-06
 Reference value :  1.82676e-06
 Reference value :  1.82713e-06
 Reference value :  1.82754e-06
 Reference value :  1.82795e-06
 Reference value :  1.82835e-06
 Reference value :  1.82874e-06
 Reference value :  1.82911e-06
 Reference value :  1.82952e-06
 Reference value :  1.82993e-06
 Reference value :  1.83033e-06
 Reference value :  1.83066e-06
 Reference value :  1.83102e-06
 Reference value :  1.83142e-06
 Reference value :  1.83183e-06
 Reference value :  1.83224e-06
 Reference value :  1.83265e-06
 Reference value :  1.83306e-06
 Reference value :  1.83346e-06
 Reference value :  1.83387e-06
 Reference value :  1.83425e-06
 Reference value :  1.83455e-06
 Reference value :  1.83495e-06
 Reference value :  1.83535e-06
 Reference value :  1.83573e-06
 Reference value :  1.83613e-06
 Reference value :  1.83654e-06
 Reference value :  1.83687e-06
 Reference value :  1.83723e-06
 Reference value :  1.83763e-06
 Reference value :  1.83804e-06
 Reference value :  1.83845e-06
 Reference value :  1.83886e-06
 Reference value :  1.83923e-06
 Reference value :  1.83964e-06
 Reference value :  1.84005e-06
 Reference value :  1.84046e-06
 Reference value :  1.84087e-06
 Reference value :  1.84124e-06
 Reference value :  1.84164e-06
 Reference value :  1.84205e-06
 Reference value :  1.84245e-06
 Reference value :  1.84285e-06
 Reference value :  1.84326e-06
 Reference value :  1.84367e-06
 Reference value :  1.84408e-06
 Reference value :  1.84449e-06
 Reference value :  1.84490e-06
 Reference value :  1.84531e-06
 Reference value :  1.84570e-06
 Reference value :  1.84610e-06
 Reference value :  1.84639e-06
 Reference value :  1.84670e-06
 Reference value :  1.84710e-06
 Reference value :  1.84751e-06
 Reference value :  1.84787e-06
 Reference value :  1.84815e-06
 Reference value :  1.84825e-06
 Reference value :  1.84837e-06
 Reference value :  1.84857e-06
 Reference value :  1.84877e-06
 Reference value :  1.84892e-06
 Reference value :  1.84909e-06
 Reference value :  1.84926e-06
 Reference value :  1.84938e-06
 Reference value :  1.84953e-06
 Reference value :  1.84965e-06
 Reference value :  1.84973e-06
 Reference value :  1.84982e-06
 Reference value :  1.84997e-06
 Reference value :  1.85005e-06
 Reference value :  1.85018e-06
 Reference value :  1.85040e-06
 Reference value :  1.85079e-06
 Reference value :  1.85107e-06
 Reference value :  1.85126e-06
 Reference value :  1.85139e-06
 Reference value :  1.85160e-06
 Reference value :  1.85184e-06
 Reference value :  1.85215e-06
 Reference value :  1.85254e-06
 Reference value :  1.85285e-06
 Reference value :  1.85316e-06
 Reference value :  1.85353e-06
 Reference value :  1.85394e-06
 Reference value :  1.85427e-06
 Reference value :  1.85453e-06
 Reference value :  1.85468e-06
 Reference value :  1.85475e-06
 Reference value :  1.85513e-06
 Reference value :  1.85553e-06
 Reference value :  1.85592e-06
 Reference value :  1.85630e-06
 Reference value :  1.85667e-06
 Reference value :  1.85692e-06
 Reference value :  1.85732e-06
 Reference value :  1.85772e-06
 Reference value :  1.85812e-06
 Reference value :  1.85852e-06
 Reference value :  1.85892e-06
 Reference value :  1.85932e-06
 Reference value :  1.85972e-06
 Reference value :  1.86012e-06
 Reference value :  1.86052e-06
 Reference value :  1.86093e-06
 Reference value :  1.86133e-06
 Reference value :  1.86173e-06
 Reference value :  1.86211e-06
 Reference value :  1.86251e-06
 Reference value :  1.86291e-06
 Reference value :  1.86330e-06
 Reference value :  1.86370e-06
 Reference value :  1.86409e-06
 Reference value :  1.86450e-06
 Reference value :  1.86490e-06
 Reference value :  1.86530e-06
 Reference value :  1.86571e-06
 Reference value :  1.86611e-06
 Reference value :  1.86651e-06
 Reference value :  1.86691e-06
 Reference value :  1.86731e-06
 Reference value :  1.86771e-06
 Reference value :  1.86804e-06
 Reference value :  1.86844e-06
 Reference value :  1.86881e-06
 Reference value :  1.86921e-06
 Reference value :  1.86961e-06
 Reference value :  1.87001e-06
 Reference value :  1.87041e-06
 Reference value :  1.87082e-06
 Reference value :  1.87122e-06
 Reference value :  1.87162e-06
 Reference value :  1.87201e-06
 Reference value :  1.87237e-06
 Reference value :  1.87273e-06
 Reference value :  1.87304e-06
 Reference value :  1.87344e-06
 Reference value :  1.87385e-06
 Reference value :  1.87425e-06
 Reference value :  1.87465e-06
 Reference value :  1.87505e-06
 Reference value :  1.87546e-06
 Reference value :  1.87586e-06
 Reference value :  1.87626e-06
 Reference value :  1.87657e-06
 Reference value :  1.87694e-06
 Reference value :  1.87734e-06
 Reference value :  1.87775e-06
 Reference value :  1.87815e-06
 Reference value :  1.87855e-06
 Reference value :  1.87889e-06
 Reference value :  1.87923e-06
 Reference value :  1.87964e-06
 Reference value :  1.88004e-06
 Reference value :  1.88043e-06
 Reference value :  1.88081e-06
 Reference value :  1.88118e-06
 Reference value :  1.88158e-06
 Reference value :  1.88198e-06
 Reference value :  1.88239e-06
 Reference value :  1.88279e-06
 Reference value :  1.88319e-06
 Reference value :  1.88358e-06
 Reference value :  1.88399e-06
 Reference value :  1.88439e-06
 Reference value :  1.88479e-06
 Reference value :  1.88520e-06
 Reference value :  1.88558e-06
 Reference value :  1.88598e-06
 Reference value :  1.88638e-06
 Reference value :  1.88678e-06
 Reference value :  1.88718e-06
 Reference value :  1.88758e-06
 Reference value :  1.88798e-06
 Reference value :  1.88839e-06
 Reference value :  1.88878e-06
 Reference value :  1.88915e-06
 Reference value :  1.88955e-06
 Reference value :  1.88995e-06
 Reference value :  1.89034e-06
 Reference value :  1.89075e-06
 Reference value :  1.89115e-06
 Reference value :  1.89155e-06
 Reference value :  1.89196e-06
 Reference value :  1.89236e-06
 Reference value :  1.89276e-06
 Reference value :  1.89314e-06
 Reference value :  1.89354e-06
 Reference value :  1.89394e-06
 Reference value :  1.89435e-06
 Reference value :  1.89474e-06
 Reference value :  1.89511e-06
 Reference value :  1.89551e-06
 Reference value :  1.89591e-06
 Reference value :  1.89631e-06
 Reference value :  1.89671e-06
 Reference value :  1.89711e-06
 Reference value :  1.89751e-06
 Reference value :  1.89782e-06
 Reference value :  1.89806e-06
 Reference value :  1.89833e-06
 Reference value :  1.89858e-06
 Reference value :  1.89886e-06
 Reference value :  1.89918e-06
 Reference value :  1.89937e-06
 Reference value :  1.89950e-06
 Reference value :  1.89965e-06
 Reference value :  1.89976e-06
 Reference value :  1.89995e-06
 Reference value :  1.90011e-06
 Reference value :  1.90025e-06
 Reference value :  1.90034e-06
 Reference value :  1.90039e-06
 Reference value :  1.90061e-06
 Reference value :  1.90088e-06
 Reference value :  1.90110e-06
 Reference value :  1.90128e-06
 Reference value :  1.90160e-06
 Reference value :  1.90178e-06
 Reference value :  1.90196e-06
 Reference value :  1.90230e-06
 Reference value :  1.90268e-06
 Reference value :  1.90295e-06
 Reference value :  1.90318e-06
 Reference value :  1.90338e-06
 Reference value :  1.90367e-06
 Reference value :  1.90395e-06
 Reference value :  1.90412e-06
 Reference value :  1.90445e-06
 Reference value :  1.90484e-06
 Reference value :  1.90521e-06
 Reference value :  1.90543e-06
 Reference value :  1.90582e-06
 Reference value :  1.90615e-06
 Reference value :  1.90638e-06
 Reference value :  1.90659e-06
 Reference value :  1.90691e-06
 Reference value :  1.90731e-06
 Reference value :  1.90772e-06
 Reference value :  1.90812e-06
 Reference value :  1.90852e-06
 Reference value :  1.90893e-06
 Reference value :  1.90926e-06
 Reference value :  1.90948e-06
 Reference value :  1.90972e-06
 Reference value :  1.90995e-06
 Reference value :  1.91032e-06
 Reference value :  1.91072e-06
 Reference value :  1.91112e-06
 Reference value :  1.91152e-06
 Reference value :  1.91193e-06
 Reference value :  1.91233e-06
 Reference value :  1.91256e-06
 Reference value :  1.91280e-06
 Reference value :  1.91303e-06
 Reference value :  1.91343e-06
 Reference value :  1.91384e-06
 Reference value :  1.91424e-06
 Reference value :  1.91460e-06
 Reference value :  1.91492e-06
 Reference value :  1.91532e-06
 Reference value :  1.91561e-06
 Reference value :  1.91581e-06
 Reference value :  1.91605e-06
 Reference value :  1.91645e-06
 Reference value :  1.91685e-06
 Reference value :  1.91725e-06
 Reference value :  1.91760e-06
 Reference value :  1.91792e-06
 Reference value :  1.91816e-06
 Reference value :  1.91856e-06
 Reference value :  1.91897e-06
 Reference value :  1.91937e-06
 Reference value :  1.91977e-06
 Reference value :  1.92006e-06
 Reference value :  1.92045e-06
 Reference value :  1.92085e-06
 Reference value :  1.92121e-06
 Reference value :  1.92161e-06
 Reference value :  1.92199e-06
 Reference value :  1.92239e-06
 Reference value :  1.92277e-06
 Reference value :  1.92316e-06
 Reference value :  1.92356e-06
 Reference value :  1.92396e-06
 Reference value :  1.92435e-06
 Reference value :  1.92476e-06
 Reference value :  1.92516e-06
 Reference value :  1.92557e-06
 Reference value :  1.92597e-06
 Reference value :  1.92637e-06
 Reference value :  1.92677e-06
 Reference value :  1.92718e-06
 Reference value :  1.92758e-06
 Reference value :  1.92798e-06
 Reference value :  1.92839e-06
 Reference value :  1.92878e-06
 Reference value :  1.92919e-06
 Reference value :  1.92959e-06
 Reference value :  1.92999e-06
 Reference value :  1.93040e-06
 Reference value :  1.93080e-06
 Reference value :  1.93120e-06
 Reference value :  1.93161e-06
 Reference value :  1.93201e-06
 Reference value :  1.93242e-06
 Reference value :  1.93282e-06
 Reference value :  1.93321e-06
 Reference value :  1.93358e-06
 Reference value :  1.93398e-06
 Reference value :  1.93431e-06
 Reference value :  1.93450e-06
 Reference value :  1.93471e-06
 Reference value :  1.93495e-06
 Reference value :  1.93519e-06
 Reference value :  1.93540e-06
 Reference value :  1.93575e-06
 Reference value :  1.93615e-06
 Reference value :  1.93655e-06
 Reference value :  1.93696e-06
 Reference value :  1.93736e-06
 Reference value :  1.93764e-06
 Reference value :  1.93796e-06
 Reference value :  1.93836e-06
 Reference value :  1.93876e-06
 Reference value :  1.93916e-06
 Reference value :  1.93957e-06
 Reference value :  1.93997e-06
 Reference value :  1.94035e-06
 Reference value :  1.94074e-06
 Reference value :  1.94108e-06
 Reference value :  1.94141e-06
 Reference value :  1.94180e-06
 Reference value :  1.94221e-06
 Reference value :  1.94261e-06
 Reference value :  1.94301e-06
 Reference value :  1.94341e-06
 Reference value :  1.94368e-06
 Reference value :  1.94408e-06
 Reference value :  1.94445e-06
 Reference value :  1.94485e-06
 Reference value :  1.94526e-06
 Reference value :  1.94566e-06
 Reference value :  1.94603e-06
 Reference value :  1.94643e-06
 Reference value :  1.94683e-06
 Reference value :  1.94723e-06
 Reference value :  1.94763e-06
 Reference value :  1.94804e-06
 Reference value :  1.94844e-06
 Reference value :  1.94885e-06
 Reference value :  1.94925e-06
 Reference value :  1.94965e-06
 Reference value :  1.95005e-06
 Reference value :  1.95046e-06
 Reference value :  1.95086e-06
 Reference value :  1.95127e-06
 Reference value :  1.95163e-06
 Reference value :  1.95203e-06
 Reference value :  1.95243e-06
 Reference value :  1.95281e-06
 Reference value :  1.95321e-06
 Reference value :  1.95359e-06
 Reference value :  1.95399e-06
 Reference value :  1.95439e-06
 Reference value :  1.95480e-06
 Reference value :  1.95520e-06
 Reference value :  1.95560e-06
 Reference value :  1.95601e-06
 Reference value :  1.95641e-06
 Reference value :  1.95667e-06
 Reference value :  1.95708e-06
 Reference value :  1.95744e-06
 Reference value :  1.95783e-06
 Reference value :  1.95823e-06
 Reference value :  1.95863e-06
 Reference value :  1.95904e-06
 Reference value :  1.95943e-06
 Reference value :  1.95983e-06
 Reference value :  1.96023e-06
 Reference value :  1.96063e-06
 Reference value :  1.96092e-06
 Reference value :  1.96119e-06
 Reference value :  1.96146e-06
 Reference value :  1.96171e-06
 Reference value :  1.96191e-06
 Reference value :  1.96214e-06
 Reference value :  1.96238e-06
 Reference value :  1.96262e-06
 Reference value :  1.96288e-06
 Reference value :  1.96313e-06
 Reference value :  1.96335e-06
 Reference value :  1.96368e-06
 Reference value :  1.96395e-06
 Reference value :  1.96435e-06
 Reference value :  1.96475e-06
 Reference value :  1.96514e-06
 Reference value :  1.96555e-06
 Reference value :  1.96592e-06
 Reference value :  1.96629e-06
 Reference value :  1.96656e-06
 Reference value :  1.96695e-06
 Reference value :  1.96735e-06
 Reference value :  1.96771e-06
 Reference value :  1.96796e-06
 Reference value :  1.96836e-06
 Reference value :  1.96876e-06
 Reference value :  1.96916e-06
 Reference value :  1.96956e-06
 Reference value :  1.96996e-06
 Reference value :  1.97036e-06
 Reference value :  1.97077e-06
 Reference value :  1.97117e-06
 Reference value :  1.97157e-06
 Reference value :  1.97186e-06
 Reference value :  1.97213e-06
 Reference value :  1.97237e-06
 Reference value :  1.97272e-06
 Reference value :  1.97312e-06
 Reference value :  1.97350e-06
 Reference value :  1.97390e-06
 Reference value :  1.97420e-06
 Reference value :  1.97443e-06
 Reference value :  1.97483e-06
 Reference value :  1.97520e-06
 Reference value :  1.97528e-06
 Reference value :  1.97551e-06
 Reference value :  1.97591e-06
 Reference value :  1.97631e-06
 Reference value :  1.97672e-06
 Reference value :  1.97710e-06
 Reference value :  1.97730e-06
 Reference value :  1.97754e-06
 Reference value :  1.97780e-06
 Reference value :  1.97808e-06
 Reference value :  1.97836e-06
 Reference value :  1.97865e-06
 Reference value :  1.97887e-06
 Reference value :  1.97914e-06
 Reference value :  1.97940e-06
 Reference value :  1.97966e-06
 Reference value :  1.97993e-06
 Reference value :  1.98019e-06
 Reference value :  1.98043e-06
 Reference value :  1.98065e-06
 Reference value :  1.98100e-06
 Reference value :  1.98117e-06
 Reference value :  1.98134e-06
 Reference value :  1.98159e-06
 Reference value :  1.98178e-06
 Reference value :  1.98203e-06
 Reference value :  1.98227e-06
 Reference value :  1.98251e-06
 Reference value :  1.98277e-06
 Reference value :  1.98300e-06
 Reference value :  1.98321e-06
 Reference value :  1.98343e-06
 Reference value :  1.98347e-06
 Reference value :  1.98347e-06
 Reference value :  1.98348e-06
 Reference value :  1.98348e-06
 Reference value :  1.98366e-06
 Reference value :  1.98388e-06
 Reference value :  1.98412e-06
 Reference value :  1.98434e-06
 Reference value :  1.98457e-06
 Reference value :  1.98478e-06
 Reference value :  1.98498e-06
 Reference value :  1.98503e-06
 Reference value :  1.98513e-06
 Reference value :  1.98513e-06
 Reference value :  1.98513e-06
 Reference value :  1.98517e-06
 Reference value :  1.98517e-06
 Reference value :  1.98533e-06
 Reference value :  1.98556e-06
 Reference value :  1.98572e-06
 Reference value :  1.98586e-06
 Reference value :  1.98603e-06
 Reference value :  1.98636e-06
 Reference value :  1.98657e-06
 Reference value :  1.98683e-06
 Reference value :  1.98723e-06
 Reference value :  1.98763e-06
 Reference value :  1.98795e-06
 Reference value :  1.98834e-06
 Reference value :  1.98875e-06
 Reference value :  1.98914e-06
 Reference value :  1.98949e-06
 Reference value :  1.98989e-06
 Reference value :  1.99029e-06
 Reference value :  1.99069e-06
 Reference value :  1.99105e-06
 Reference value :  1.99145e-06
 Reference value :  1.99185e-06
 Reference value :  1.99212e-06
 Reference value :  1.99240e-06
 Reference value :  1.99262e-06
 Reference value :  1.99291e-06
 Reference value :  1.99317e-06
 Reference value :  1.99341e-06
 Reference value :  1.99371e-06
 Reference value :  1.99397e-06
 Reference value :  1.99427e-06
 Reference value :  1.99446e-06
 Reference value :  1.99467e-06
 Reference value :  1.99494e-06
 Reference value :  1.99517e-06
 Reference value :  1.99539e-06
 Reference value :  1.99571e-06
 Reference value :  1.99611e-06
 Reference value :  1.99638e-06
 Reference value :  1.99678e-06
 Reference value :  1.99718e-06
 Reference value :  1.99748e-06
 Reference value :  1.99777e-06
 Reference value :  1.99798e-06
 Reference value :  1.99823e-06
 Reference value :  1.99838e-06
 Reference value :  1.99861e-06
 Reference value :  1.99893e-06
 Reference value :  1.99917e-06
 Reference value :  1.99958e-06
 Reference value :  1.99998e-06
 Reference value :  2.00031e-06
 Reference value :  2.00047e-06
 Reference value :  2.00080e-06
 Reference value :  2.00120e-06
 Reference value :  2.00160e-06
 Reference value :  2.00200e-06
 Reference value :  2.00237e-06
 Reference value :  2.00260e-06
 Reference value :  2.00280e-06
 Reference value :  2.00307e-06
 Reference value :  2.00335e-06
 Reference value :  2.00353e-06
 Reference value :  2.00376e-06
 Reference value :  2.00401e-06
 Reference value :  2.00420e-06
 Reference value :  2.00432e-06
 Reference value :  2.00451e-06
 Reference value :  2.00472e-06
 Reference value :  2.00496e-06
 Reference value :  2.00513e-06
 Reference value :  2.00517e-06
 Reference value :  2.00531e-06
 Reference value :  2.00554e-06
 Reference value :  2.00577e-06
 Reference value :  2.00599e-06
 Reference value :  2.00622e-06
 Reference value :  2.00634e-06
 Reference value :  2.00638e-06
 Reference value :  2.00639e-06
 Reference value :  2.00639e-06
 Reference value :  2.00639e-06
 Reference value :  2.00639e-06
 Reference value :  2.00640e-06
 Reference value :  2.00640e-06
 Reference value :  2.00640e-06
 Reference value :  2.00644e-06
 Reference value :  2.00658e-06
 Reference value :  2.00681e-06
 Reference value :  2.00696e-06
 Reference value :  2.00701e-06
 Reference value :  2.00703e-06
 Reference value :  2.00703e-06
 Reference value :  2.00703e-06
 Reference value :  2.00704e-06
 Reference value :  2.00716e-06
 Reference value :  2.00721e-06
 Reference value :  2.00728e-06
 Reference value :  2.00763e-06
 Reference value :  2.00792e-06
 Reference value :  2.00824e-06
 Reference value :  2.00858e-06
 Reference value :  2.00888e-06
 Reference value :  2.00928e-06
 Reference value :  2.00961e-06
 Reference value :  2.00979e-06
 Reference value :  2.00995e-06
 Reference value :  2.01035e-06
 Reference value :  2.01075e-06
 Reference value :  2.01115e-06
 Reference value :  2.01155e-06
 Reference value :  2.01196e-06
 Reference value :  2.01235e-06
 Reference value :  2.01275e-06
 Reference value :  2.01308e-06
 Reference value :  2.01312e-06
 Reference value :  2.01346e-06
 Reference value :  2.01386e-06
 Reference value :  2.01426e-06
 Reference value :  2.01466e-06
 Reference value :  2.01500e-06
 Reference value :  2.01516e-06
 Reference value :  2.01531e-06
 Reference value :  2.01562e-06
 Reference value :  2.01602e-06
 Reference value :  2.01642e-06
 Reference value :  2.01682e-06
 Reference value :  2.01723e-06
 Reference value :  2.01751e-06
 Reference value :  2.01758e-06
 Reference value :  2.01758e-06
 Reference value :  2.01759e-06
 Reference value :  2.01759e-06
 Reference value :  2.01759e-06
 Reference value :  2.01774e-06
 Reference value :  2.01802e-06
 Reference value :  2.01824e-06
 Reference value :  2.01848e-06
 Reference value :  2.01870e-06
 Reference value :  2.01892e-06
 Reference value :  2.01926e-06
 Reference value :  2.01961e-06
 Reference value :  2.02002e-06
 Reference value :  2.02041e-06
 Reference value :  2.02047e-06
 Reference value :  2.02087e-06
 Reference value :  2.02115e-06
 Reference value :  2.02153e-06
 Reference value :  2.02189e-06
 Reference value :  2.02229e-06
 Reference value :  2.02269e-06
 Reference value :  2.02309e-06
 Reference value :  2.02349e-06
 Reference value :  2.02377e-06
 Reference value :  2.02416e-06
 Reference value :  2.02456e-06
 Reference value :  2.02496e-06
 Reference value :  2.02536e-06
 Reference value :  2.02576e-06
 Reference value :  2.02612e-06
 Reference value :  2.02652e-06
 Reference value :  2.02692e-06
 Reference value :  2.02732e-06
 Reference value :  2.02769e-06
 Reference value :  2.02809e-06
 Reference value :  2.02848e-06
 Reference value :  2.02889e-06
 Reference value :  2.02928e-06
 Reference value :  2.02968e-06
 Reference value :  2.03007e-06
 Reference value :  2.03047e-06
 Reference value :  2.03087e-06
 Reference value :  2.03127e-06
 Reference value :  2.03162e-06
 Reference value :  2.03202e-06
 Reference value :  2.03241e-06
 Reference value :  2.03281e-06
 Reference value :  2.03321e-06
 Reference value :  2.03361e-06
 Reference value :  2.03401e-06
 Reference value :  2.03441e-06
 Reference value :  2.03481e-06
 Reference value :  2.03521e-06
 Reference value :  2.03561e-06
 Reference value :  2.03601e-06
 Reference value :  2.03641e-06
 Reference value :  2.03681e-06
 Reference value :  2.03721e-06
 Reference value :  2.03762e-06
 Reference value :  2.03802e-06
 Reference value :  2.03837e-06
 Reference value :  2.03864e-06
 Reference value :  2.03904e-06
 Reference value :  2.03944e-06
 Reference value :  2.03984e-06
 Reference value :  2.04025e-06
 Reference value :  2.04064e-06
 Reference value :  2.04103e-06
 Reference value :  2.04141e-06
 Reference value :  2.04181e-06
 Reference value :  2.04221e-06
 Reference value :  2.04261e-06
 Reference value :  2.04302e-06
 Reference value :  2.04342e-06
 Reference value :  2.04382e-06
 Reference value :  2.04422e-06
 Reference value :  2.04462e-06
 Reference value :  2.04502e-06
 Reference value :  2.04542e-06
 Reference value :  2.04576e-06
 Reference value :  2.04609e-06
 Reference value :  2.04649e-06
 Reference value :  2.04689e-06
 Reference value :  2.04713e-06
 Reference value :  2.04737e-06
 Reference value :  2.04764e-06
 Reference value :  2.04787e-06
 Reference value :  2.04807e-06
 Reference value :  2.04836e-06
 Reference value :  2.04868e-06
 Reference value :  2.04895e-06
 Reference value :  2.04908e-06
 Reference value :  2.04924e-06
 Reference value :  2.04951e-06
 Reference value :  2.04979e-06
 Reference value :  2.05002e-06
 Reference value :  2.05024e-06
 Reference value :  2.05047e-06
 Reference value :  2.05076e-06
 Reference value :  2.05115e-06
 Reference value :  2.05155e-06
 Reference value :  2.05195e-06
 Reference value :  2.05235e-06
 Reference value :  2.05275e-06
 Reference value :  2.05314e-06
 Reference value :  2.05355e-06
 Reference value :  2.05395e-06
 Reference value :  2.05418e-06
 Reference value :  2.05432e-06
 Reference value :  2.05452e-06
 Reference value :  2.05476e-06
 Reference value :  2.05500e-06
 Reference value :  2.05525e-06
 Reference value :  2.05551e-06
 Reference value :  2.05580e-06
 Reference value :  2.05612e-06
 Reference value :  2.05639e-06
 Reference value :  2.05670e-06
 Reference value :  2.05682e-06
 Reference value :  2.05705e-06
 Reference value :  2.05724e-06
 Reference value :  2.05744e-06
 Reference value :  2.05757e-06
 Reference value :  2.05779e-06
 Reference value :  2.05802e-06
 Reference value :  2.05823e-06
 Reference value :  2.05846e-06
 Reference value :  2.05881e-06
 Reference value :  2.05921e-06
 Reference value :  2.05961e-06
 Reference value :  2.06001e-06
 Reference value :  2.06041e-06
 Reference value :  2.06081e-06
 Reference value :  2.06121e-06
 Reference value :  2.06161e-06
 Reference value :  2.06185e-06
 Reference value :  2.06213e-06
 Reference value :  2.06253e-06
 Reference value :  2.06292e-06
 Reference value :  2.06332e-06
 Reference value :  2.06360e-06
 Reference value :  2.06400e-06
 Reference value :  2.06440e-06
 Reference value :  2.06479e-06
 Reference value :  2.06516e-06
 Reference value :  2.06556e-06
 Reference value :  2.06596e-06
 Reference value :  2.06630e-06
 Reference value :  2.06663e-06
 Reference value :  2.06702e-06
 Reference value :  2.06742e-06
 Reference value :  2.06777e-06
 Reference value :  2.06817e-06
 Reference value :  2.06857e-06
 Reference value :  2.06897e-06
 Reference value :  2.06937e-06
 Reference value :  2.06977e-06
 Reference value :  2.07016e-06
 Reference value :  2.07056e-06
 Reference value :  2.07096e-06
 Reference value :  2.07136e-06
 Reference value :  2.07176e-06
 Reference value :  2.07214e-06
 Reference value :  2.07250e-06
 Reference value :  2.07283e-06
 Reference value :  2.07315e-06
 Reference value :  2.07354e-06
 Reference value :  2.07392e-06
 Reference value :  2.07432e-06
 Reference value :  2.07472e-06
 Reference value :  2.07512e-06
 Reference value :  2.07551e-06
 Reference value :  2.07588e-06
 Reference value :  2.07628e-06
 Reference value :  2.07668e-06
 Reference value :  2.07708e-06
 Reference value :  2.07749e-06
 Reference value :  2.07788e-06
 Reference value :  2.07828e-06
 Reference value :  2.07867e-06
 Reference value :  2.07907e-06
 Reference value :  2.07948e-06
 Reference value :  2.07984e-06
 Reference value :  2.08024e-06
 Reference value :  2.08064e-06
 Reference value :  2.08092e-06
 Reference value :  2.08129e-06
 Reference value :  2.08168e-06
 Reference value :  2.08206e-06
 Reference value :  2.08244e-06
 Reference value :  2.08283e-06
 Reference value :  2.08320e-06
 Reference value :  2.08360e-06
 Reference value :  2.08400e-06
 Reference value :  2.08440e-06
 Reference value :  2.08480e-06
 Reference value :  2.08521e-06
 Reference value :  2.08561e-06
 Reference value :  2.08600e-06
 Reference value :  2.08640e-06
 Reference value :  2.08680e-06
 Reference value :  2.08719e-06
 Reference value :  2.08758e-06
 Reference value :  2.08792e-06
 Reference value :  2.08825e-06
 Reference value :  2.08865e-06
 Reference value :  2.08904e-06
 Reference value :  2.08945e-06
 Reference value :  2.08985e-06
 Reference value :  2.09025e-06
 Reference value :  2.09063e-06
 Reference value :  2.09092e-06
 Reference value :  2.09132e-06
 Reference value :  2.09171e-06
 Reference value :  2.09208e-06
 Reference value :  2.09248e-06
 Reference value :  2.09288e-06
 Reference value :  2.09328e-06
 Reference value :  2.09368e-06
 Reference value :  2.09408e-06
 Reference value :  2.09448e-06
 Reference value :  2.09488e-06
 Reference value :  2.09528e-06
 Reference value :  2.09568e-06
 Reference value :  2.09608e-06
 Reference value :  2.09648e-06
 Reference value :  2.09687e-06
 Reference value :  2.09727e-06
 Reference value :  2.09767e-06
 Reference value :  2.09808e-06
 Reference value :  2.09848e-06
 Reference value :  2.09887e-06
 Reference value :  2.09922e-06
 Reference value :  2.09947e-06
 Reference value :  2.09975e-06
 Reference value :  2.10006e-06
 Reference value :  2.10035e-06
 Reference value :  2.10062e-06
 Reference value :  2.10089e-06
 Reference value :  2.10115e-06
 Reference value :  2.10139e-06
 Reference value :  2.10164e-06
 Reference value :  2.10191e-06
 Reference value :  2.10218e-06
 Reference value :  2.10239e-06
 Reference value :  2.10261e-06
 Reference value :  2.10299e-06
 Reference value :  2.10336e-06
 Reference value :  2.10361e-06
 Reference value :  2.10400e-06
 Reference value :  2.10440e-06
 Reference value :  2.10480e-06
 Reference value :  2.10520e-06
 Reference value :  2.10560e-06
 Reference value :  2.10600e-06
 Reference value :  2.10640e-06
 Reference value :  2.10680e-06
 Reference value :  2.10721e-06
 Reference value :  2.10752e-06
 Reference value :  2.10791e-06
 Reference value :  2.10831e-06
 Reference value :  2.10869e-06
 Reference value :  2.10898e-06
 Reference value :  2.10911e-06
 Reference value :  2.10933e-06
 Reference value :  2.10960e-06
 Reference value :  2.10979e-06
 Reference value :  2.11007e-06
 Reference value :  2.11032e-06
 Reference value :  2.11058e-06
 Reference value :  2.11085e-06
 Reference value :  2.11110e-06
 Reference value :  2.11135e-06
 Reference value :  2.11149e-06
 Reference value :  2.11176e-06
 Reference value :  2.11195e-06
 Reference value :  2.11214e-06
 Reference value :  2.11241e-06
 Reference value :  2.11264e-06
 Reference value :  2.11290e-06
 Reference value :  2.11330e-06
 Reference value :  2.11370e-06
 Reference value :  2.11405e-06
 Reference value :  2.11428e-06
 Reference value :  2.11460e-06
 Reference value :  2.11500e-06
 Reference value :  2.11527e-06
 Reference value :  2.11558e-06
 Reference value :  2.11598e-06
 Reference value :  2.11638e-06
 Reference value :  2.11678e-06
 Reference value :  2.11719e-06
 Reference value :  2.11759e-06
 Reference value :  2.11800e-06
 Reference value :  2.11840e-06
 Reference value :  2.11880e-06
 Reference value :  2.11921e-06
 Reference value :  2.11961e-06
 Reference value :  2.11998e-06
 Reference value :  2.12039e-06
 Reference value :  2.12079e-06
 Reference value :  2.12120e-06
 Reference value :  2.12161e-06
 Reference value :  2.12201e-06
 Reference value :  2.12241e-06
 Reference value :  2.12279e-06
 Reference value :  2.12319e-06
 Reference value :  2.12357e-06
 Reference value :  2.12398e-06
 Reference value :  2.12432e-06
 Reference value :  2.12463e-06
 Reference value :  2.12503e-06
 Reference value :  2.12543e-06
 Reference value :  2.12584e-06
 Reference value :  2.12624e-06
 Reference value :  2.12665e-06
 Reference value :  2.12705e-06
 Reference value :  2.12746e-06
 Reference value :  2.12781e-06
 Reference value :  2.12820e-06
 Reference value :  2.12861e-06
 Reference value :  2.12901e-06
 Reference value :  2.12942e-06
 Reference value :  2.12981e-06
 Reference value :  2.13021e-06
 Reference value :  2.13061e-06
 Reference value :  2.13098e-06
 Reference value :  2.13138e-06
 Reference value :  2.13170e-06
 Reference value :  2.13206e-06
 Reference value :  2.13247e-06
 Reference value :  2.13287e-06
 Reference value :  2.13322e-06
 Reference value :  2.13362e-06
 Reference value :  2.13402e-06
 Reference value :  2.13437e-06
 Reference value :  2.13469e-06
 Reference value :  2.13506e-06
 Reference value :  2.13547e-06
 Reference value :  2.13587e-06
 Reference value :  2.13614e-06
 Reference value :  2.13639e-06
 Reference value :  2.13664e-06
 Reference value :  2.13688e-06
 Reference value :  2.13717e-06
 Reference value :  2.13741e-06
 Reference value :  2.13763e-06
 Reference value :  2.13789e-06
 Reference value :  2.13817e-06
 Reference value :  2.13840e-06
 Reference value :  2.13863e-06
 Reference value :  2.13888e-06
 Reference value :  2.13911e-06
 Reference value :  2.13934e-06
 Reference value :  2.13966e-06
 Reference value :  2.14007e-06
 Reference value :  2.14047e-06
 Reference value :  2.14088e-06
 Reference value :  2.14116e-06
 Reference value :  2.14134e-06
 Reference value :  2.14148e-06
 Reference value :  2.14161e-06
 Reference value :  2.14177e-06
 Reference value :  2.14207e-06
 Reference value :  2.14233e-06
 Reference value :  2.14264e-06
 Reference value :  2.14292e-06
 Reference value :  2.14321e-06
 Reference value :  2.14347e-06
 Reference value :  2.14364e-06
 Reference value :  2.14375e-06
 Reference value :  2.14391e-06
 Reference value :  2.14419e-06
 Reference value :  2.14443e-06
 Reference value :  2.14469e-06
 Reference value :  2.14510e-06
 Reference value :  2.14550e-06
 Reference value :  2.14590e-06
 Reference value :  2.14630e-06
 Reference value :  2.14670e-06
 Reference value :  2.14711e-06
 Reference value :  2.14729e-06
 Reference value :  2.14768e-06
 Reference value :  2.14808e-06
 Reference value :  2.14848e-06
 Reference value :  2.14888e-06
 Reference value :  2.14928e-06
 Reference value :  2.14968e-06
 Reference value :  2.15009e-06
 Reference value :  2.15045e-06
 Reference value :  2.15075e-06
 Reference value :  2.15102e-06
 Reference value :  2.15126e-06
 Reference value :  2.15165e-06
 Reference value :  2.15206e-06
 Reference value :  2.15246e-06
 Reference value :  2.15286e-06
 Reference value :  2.15311e-06
 Reference value :  2.15347e-06
 Reference value :  2.15387e-06
 Reference value :  2.15427e-06
 Reference value :  2.15467e-06
 Reference value :  2.15507e-06
 Reference value :  2.15547e-06
 Reference value :  2.15587e-06
 Reference value :  2.15627e-06
 Reference value :  2.15667e-06
 Reference value :  2.15708e-06
 Reference value :  2.15746e-06
 Reference value :  2.15784e-06
 Reference value :  2.15820e-06
 Reference value :  2.15859e-06
 Reference value :  2.15899e-06
 Reference value :  2.15939e-06
 Reference value :  2.15980e-06
 Reference value :  2.16018e-06
 Reference value :  2.16058e-06
 Reference value :  2.16098e-06
 Reference value :  2.16139e-06
 Reference value :  2.16179e-06
 Reference value :  2.16219e-06
 Reference value :  2.16259e-06
 Reference value :  2.16299e-06
 Reference value :  2.16339e-06
 Reference value :  2.16380e-06
 Reference value :  2.16420e-06
 Reference value :  2.16461e-06
 Reference value :  2.16500e-06
 Reference value :  2.16539e-06
 Reference value :  2.16578e-06
 Reference value :  2.16618e-06
 Reference value :  2.16658e-06
 Reference value :  2.16699e-06
 Reference value :  2.16738e-06
 Reference value :  2.16766e-06
 Reference value :  2.16804e-06
 Reference value :  2.16845e-06
 Reference value :  2.16885e-06
 Reference value :  2.16925e-06
 Reference value :  2.16966e-06
 Reference value :  2.17006e-06
 Reference value :  2.17046e-06
 Reference value :  2.17086e-06
 Reference value :  2.17127e-06
 Reference value :  2.17167e-06
 Reference value :  2.17207e-06
 Reference value :  2.17247e-06
 Reference value :  2.17285e-06
 Reference value :  2.17325e-06
 Reference value :  2.17365e-06
 Reference value :  2.17405e-06
 Reference value :  2.17445e-06
 Reference value :  2.17484e-06
 Reference value :  2.17513e-06
 Reference value :  2.17550e-06
 Reference value :  2.17589e-06
 Reference value :  2.17629e-06
 Reference value :  2.17669e-06
 Reference value :  2.17708e-06
 Reference value :  2.17748e-06
 Reference value :  2.17778e-06
 Reference value :  2.17813e-06
 Reference value :  2.17853e-06
 Reference value :  2.17874e-06
 Reference value :  2.17891e-06
 Reference value :  2.17914e-06
 Reference value :  2.17944e-06
 Reference value :  2.17972e-06
 Reference value :  2.17998e-06
 Reference value :  2.18021e-06
 Reference value :  2.18050e-06
 Reference value :  2.18080e-06
 Reference value :  2.18110e-06
 Reference value :  2.18138e-06
 Reference value :  2.18162e-06
 Reference value :  2.18187e-06
 Reference value :  2.18208e-06
 Reference value :  2.18229e-06
 Reference value :  2.18269e-06
 Reference value :  2.18305e-06
 Reference value :  2.18345e-06
 Reference value :  2.18385e-06
 Reference value :  2.18426e-06
 Reference value :  2.18466e-06
 Reference value :  2.18506e-06
 Reference value :  2.18547e-06
 Reference value :  2.18586e-06
 Reference value :  2.18627e-06
 Reference value :  2.18667e-06
 Reference value :  2.18708e-06
 Reference value :  2.18744e-06
 Reference value :  2.18784e-06
 Reference value :  2.18824e-06
 Reference value :  2.18864e-06
 Reference value :  2.18897e-06
 Reference value :  2.18920e-06
 Reference value :  2.18943e-06
 Reference value :  2.18978e-06
 Reference value :  2.19017e-06
 Reference value :  2.19058e-06
 Reference value :  2.19098e-06
 Reference value :  2.19138e-06
 Reference value :  2.19178e-06
 Reference value :  2.19218e-06
 Reference value :  2.19258e-06
 Reference value :  2.19299e-06
 Reference value :  2.19339e-06
 Reference value :  2.19379e-06
 Reference value :  2.19420e-06
 Reference value :  2.19460e-06
 Reference value :  2.19500e-06
 Reference value :  2.19540e-06
 Reference value :  2.19580e-06
 Reference value :  2.19621e-06
 Reference value :  2.19661e-06
 Reference value :  2.19695e-06
 Reference value :  2.19728e-06
 Reference value :  2.19768e-06
 Reference value :  2.19809e-06
 Reference value :  2.19849e-06
 Reference value :  2.19889e-06
 Reference value :  2.19927e-06
 Reference value :  2.19961e-06
 Reference value :  2.19993e-06
 Reference value :  2.20033e-06
 Reference value :  2.20072e-06
 Reference value :  2.20112e-06
 Reference value :  2.20152e-06
 Reference value :  2.20193e-06
 Reference value :  2.20233e-06
 Reference value :  2.20273e-06
 Reference value :  2.20313e-06
 Reference value :  2.20353e-06
 Reference value :  2.20393e-06
 Reference value :  2.20434e-06
 Reference value :  2.20474e-06
 Reference value :  2.20514e-06
 Reference value :  2.20554e-06
 Reference value :  2.20594e-06
 Reference value :  2.20634e-06
 Reference value :  2.20674e-06
 Reference value :  2.20715e-06
 Reference value :  2.20755e-06
 Reference value :  2.20795e-06
 Reference value :  2.20835e-06
 Reference value :  2.20876e-06
 Reference value :  2.20915e-06
 Reference value :  2.20955e-06
 Reference value :  2.20995e-06
 Reference value :  2.21036e-06
 Reference value :  2.21076e-06
 Reference value :  2.21116e-06
 Reference value :  2.21154e-06
 Reference value :  2.21190e-06
 Reference value :  2.21230e-06
 Reference value :  2.21271e-06
 Reference value :  2.21307e-06
 Reference value :  2.21328e-06
 Reference value :  2.21346e-06
 Reference value :  2.21370e-06
 Reference value :  2.21384e-06
 Reference value :  2.21407e-06
 Reference value :  2.21446e-06
 Reference value :  2.21486e-06
 Reference value :  2.21527e-06
 Reference value :  2.21567e-06
 Reference value :  2.21607e-06
 Reference value :  2.21648e-06
 Reference value :  2.21688e-06
 Reference value :  2.21728e-06
 Reference value :  2.21763e-06
 Reference value :  2.21786e-06
 Reference value :  2.21825e-06
 Reference value :  2.21865e-06
 Reference value :  2.21905e-06
 Reference value :  2.21945e-06
 Reference value :  2.21986e-06
 Reference value :  2.22026e-06
 Reference value :  2.22061e-06
 Reference value :  2.22093e-06
 Reference value :  2.22134e-06
 Reference value :  2.22174e-06
 Reference value :  2.22214e-06
 Reference value :  2.22251e-06
 Reference value :  2.22291e-06
 Reference value :  2.22326e-06
 Reference value :  2.22360e-06
 Reference value :  2.22400e-06
 Reference value :  2.22440e-06
 Reference value :  2.22480e-06
 Reference value :  2.22520e-06
 Reference value :  2.22559e-06
 Reference value :  2.22598e-06
 Reference value :  2.22639e-06
 Reference value :  2.22675e-06
 Reference value :  2.22716e-06
 Reference value :  2.22756e-06
 Reference value :  2.22796e-06
 Reference value :  2.22836e-06
 Reference value :  2.22875e-06
 Reference value :  2.22915e-06
 Reference value :  2.22955e-06
 Reference value :  2.22995e-06
 Reference value :  2.23036e-06
 Reference value :  2.23076e-06
 Reference value :  2.23116e-06
 Reference value :  2.23156e-06
 Reference value :  2.23193e-06
 Reference value :  2.23233e-06
 Reference value :  2.23274e-06
 Reference value :  2.23314e-06
 Reference value :  2.23354e-06
 Reference value :  2.23394e-06
 Reference value :  2.23434e-06
 Reference value :  2.23473e-06
 Reference value :  2.23512e-06
 Reference value :  2.23553e-06
 Reference value :  2.23593e-06
 Reference value :  2.23634e-06
 Reference value :  2.23672e-06
 Reference value :  2.23712e-06
 Reference value :  2.23752e-06
 Reference value :  2.23790e-06
 Reference value :  2.23819e-06
 Reference value :  2.23860e-06
 Reference value :  2.23900e-06
 Reference value :  2.23940e-06
 Reference value :  2.23980e-06
 Reference value :  2.24017e-06
 Reference value :  2.24037e-06
 Reference value :  2.24059e-06
 Reference value :  2.24084e-06
 Reference value :  2.24108e-06
 Reference value :  2.24132e-06
 Reference value :  2.24156e-06
 Reference value :  2.24182e-06
 Reference value :  2.24210e-06
 Reference value :  2.24235e-06
 Reference value :  2.24260e-06
 Reference value :  2.24285e-06
 Reference value :  2.24310e-06
 Reference value :  2.24326e-06
 Reference value :  2.24357e-06
 Reference value :  2.24397e-06
 Reference value :  2.24435e-06
 Reference value :  2.24472e-06
 Reference value :  2.24509e-06
 Reference value :  2.24549e-06
 Reference value :  2.24577e-06
 Reference value :  2.24612e-06
 Reference value :  2.24648e-06
 Reference value :  2.24688e-06
 Reference value :  2.24729e-06
 Reference value :  2.24769e-06
 Reference value :  2.24796e-06
 Reference value :  2.24829e-06
 Reference value :  2.24869e-06
 Reference value :  2.24909e-06
 Reference value :  2.24949e-06
 Reference value :  2.24990e-06
 Reference value :  2.25030e-06
 Reference value :  2.25070e-06
 Reference value :  2.25110e-06
 Reference value :  2.25150e-06
 Reference value :  2.25190e-06
 Reference value :  2.25230e-06
 Reference value :  2.25271e-06
 Reference value :  2.25311e-06
 Reference value :  2.25351e-06
 Reference value :  2.25391e-06
 Reference value :  2.25430e-06
 Reference value :  2.25469e-06
 Reference value :  2.25509e-06
 Reference value :  2.25549e-06
 Reference value :  2.25589e-06
 Reference value :  2.25630e-06
 Reference value :  2.25655e-06
 Reference value :  2.25682e-06
 Reference value :  2.25713e-06
 Reference value :  2.25742e-06
 Reference value :  2.25769e-06
 Reference value :  2.25801e-06
 Reference value :  2.25831e-06
 Reference value :  2.25861e-06
 Reference value :  2.25889e-06
 Reference value :  2.25908e-06
 Reference value :  2.25931e-06
 Reference value :  2.25953e-06
 Reference value :  2.25979e-06
 Reference value :  2.26019e-06
 Reference value :  2.26059e-06
 Reference value :  2.26099e-06
 Reference value :  2.26139e-06
 Reference value :  2.26180e-06
 Reference value :  2.26219e-06
 Reference value :  2.26259e-06
 Reference value :  2.26299e-06
 Reference value :  2.26339e-06
 Reference value :  2.26379e-06
 Reference value :  2.26419e-06
 Reference value :  2.26456e-06
 Reference value :  2.26497e-06
 Reference value :  2.26537e-06
 Reference value :  2.26577e-06
 Reference value :  2.26592e-06
 Reference value :  2.26633e-06
 Reference value :  2.26671e-06
 Reference value :  2.26707e-06
 Reference value :  2.26745e-06
 Reference value :  2.26785e-06
 Reference value :  2.26825e-06
 Reference value :  2.26853e-06
 Reference value :  2.26893e-06
 Reference value :  2.26933e-06
 Reference value :  2.26973e-06
 Reference value :  2.27013e-06
 Reference value :  2.27054e-06
 Reference value :  2.27093e-06
 Reference value :  2.27133e-06
 Reference value :  2.27173e-06
 Reference value :  2.27213e-06
 Reference value :  2.27253e-06
 Reference value :  2.27294e-06
 Reference value :  2.27334e-06
 Reference value :  2.27374e-06
 Reference value :  2.27414e-06
 Reference value :  2.27454e-06
 Reference value :  2.27494e-06
 Reference value :  2.27535e-06
 Reference value :  2.27575e-06
 Reference value :  2.27615e-06
 Reference value :  2.27655e-06
 Reference value :  2.27691e-06
 Reference value :  2.27714e-06
 Reference value :  2.27743e-06
 Reference value :  2.27769e-06
 Reference value :  2.27790e-06
 Reference value :  2.27815e-06
 Reference value :  2.27840e-06
 Reference value :  2.27867e-06
 Reference value :  2.27892e-06
 Reference value :  2.27915e-06
 Reference value :  2.27942e-06
 Reference value :  2.27961e-06
 Reference value :  2.27979e-06
 Reference value :  2.28018e-06
 Reference value :  2.28058e-06
 Reference value :  2.28085e-06
 Reference value :  2.28124e-06
 Reference value :  2.28164e-06
 Reference value :  2.28192e-06
 Reference value :  2.28216e-06
 Reference value :  2.28236e-06
 Reference value :  2.28276e-06
 Reference value :  2.28316e-06
 Reference value :  2.28356e-06
 Reference value :  2.28396e-06
 Reference value :  2.28437e-06
 Reference value :  2.28475e-06
 Reference value :  2.28508e-06
 Reference value :  2.28532e-06
 Reference value :  2.28551e-06
 Reference value :  2.28568e-06
 Reference value :  2.28608e-06
 Reference value :  2.28648e-06
 Reference value :  2.28688e-06
 Reference value :  2.28717e-06
 Reference value :  2.28755e-06
 Reference value :  2.28783e-06
 Reference value :  2.28797e-06
 Reference value :  2.28814e-06
 Reference value :  2.28854e-06
 Reference value :  2.28892e-06
 Reference value :  2.28920e-06
 Reference value :  2.28961e-06
 Reference value :  2.29001e-06
 Reference value :  2.29041e-06
 Reference value :  2.29082e-06
 Reference value :  2.29118e-06
 Reference value :  2.29142e-06
 Reference value :  2.29166e-06
 Reference value :  2.29192e-06
 Reference value :  2.29232e-06
 Reference value :  2.29272e-06
 Reference value :  2.29312e-06
 Reference value :  2.29352e-06
 Reference value :  2.29388e-06
 Reference value :  2.29410e-06
 Reference value :  2.29427e-06
 Reference value :  2.29461e-06
 Reference value :  2.29501e-06
 Reference value :  2.29542e-06
 Reference value :  2.29582e-06
 Reference value :  2.29620e-06
 Reference value :  2.29660e-06
 Reference value :  2.29700e-06
 Reference value :  2.29726e-06
 Reference value :  2.29748e-06
 Reference value :  2.29783e-06
 Reference value :  2.29820e-06
 Reference value :  2.29860e-06
 Reference value :  2.29900e-06
 Reference value :  2.29936e-06
 Reference value :  2.29975e-06
 Reference value :  2.30013e-06
 Reference value :  2.30053e-06
 Reference value :  2.30093e-06
 Reference value :  2.30131e-06
 Reference value :  2.30172e-06
 Reference value :  2.30200e-06
 Reference value :  2.30239e-06
 Reference value :  2.30279e-06
 Reference value :  2.30319e-06
 Reference value :  2.30359e-06
 Reference value :  2.30399e-06
 Reference value :  2.30440e-06
 Reference value :  2.30480e-06
 Reference value :  2.30520e-06
 Reference value :  2.30561e-06
 Reference value :  2.30601e-06
 Reference value :  2.30640e-06
 Reference value :  2.30680e-06
 Reference value :  2.30721e-06
 Reference value :  2.30761e-06
 Reference value :  2.30802e-06
 Reference value :  2.30841e-06
 Reference value :  2.30882e-06
 Reference value :  2.30922e-06
 Reference value :  2.30956e-06
 Reference value :  2.30990e-06
 Reference value :  2.31027e-06
 Reference value :  2.31067e-06
 Reference value :  2.31107e-06
 Reference value :  2.31147e-06
 Reference value :  2.31187e-06
 Reference value :  2.31222e-06
 Reference value :  2.31254e-06
 Reference value :  2.31294e-06
 Reference value :  2.31335e-06
 Reference value :  2.31375e-06
 Reference value :  2.31415e-06
 Reference value :  2.31455e-06
 Reference value :  2.31495e-06
 Reference value :  2.31535e-06
 Reference value :  2.31576e-06
 Reference value :  2.31616e-06
 Reference value :  2.31656e-06
 Reference value :  2.31697e-06
 Reference value :  2.31736e-06
 Reference value :  2.31776e-06
 Reference value :  2.31817e-06
 Reference value :  2.31857e-06
 Reference value :  2.31897e-06
 Reference value :  2.31938e-06
 Reference value :  2.31978e-06
 Reference value :  2.32018e-06
 Reference value :  2.32057e-06
 Reference value :  2.32097e-06
 Reference value :  2.32137e-06
 Reference value :  2.32177e-06
 Reference value :  2.32217e-06
 Reference value :  2.32255e-06
 Reference value :  2.32292e-06
 Reference value :  2.32332e-06
 Reference value :  2.32372e-06
 Reference value :  2.32412e-06
 Reference value :  2.32452e-06
 Reference value :  2.32492e-06
 Reference value :  2.32533e-06
 Reference value :  2.32573e-06
 Reference value :  2.32612e-06
 Reference value :  2.32653e-06
 Reference value :  2.32688e-06
 Reference value :  2.32719e-06
 Reference value :  2.32760e-06
 Reference value :  2.32800e-06
 Reference value :  2.32840e-06
 Reference value :  2.32880e-06
 Reference value :  2.32920e-06
 Reference value :  2.32961e-06
 Reference value :  2.33001e-06
 Reference value :  2.33041e-06
 Reference value :  2.33081e-06
 Reference value :  2.33121e-06
 Reference value :  2.33161e-06
 Reference value :  2.33201e-06
 Reference value :  2.33242e-06
 Reference value :  2.33282e-06
 Reference value :  2.33322e-06
 Reference value :  2.33363e-06
 Reference value :  2.33402e-06
 Reference value :  2.33443e-06
 Reference value :  2.33481e-06
 Reference value :  2.33521e-06
 Reference value :  2.33561e-06
 Reference value :  2.33601e-06
 Reference value :  2.33641e-06
 Reference value :  2.33682e-06
 Reference value :  2.33722e-06
 Reference value :  2.33752e-06
 Reference value :  2.33789e-06
 Reference value :  2.33830e-06
 Reference value :  2.33870e-06
 Reference value :  2.33910e-06
 Reference value :  2.33950e-06
 Reference value :  2.33991e-06
 Reference value :  2.34031e-06
 Reference value :  2.34071e-06
 Reference value :  2.34111e-06
 Reference value :  2.34152e-06
 Reference value :  2.34192e-06
 Reference value :  2.34232e-06
 Reference value :  2.34272e-06
 Reference value :  2.34313e-06
 Reference value :  2.34353e-06
 Reference value :  2.34393e-06
 Reference value :  2.34429e-06
 Reference value :  2.34469e-06
 Reference value :  2.34510e-06
 Reference value :  2.34550e-06
 Reference value :  2.34583e-06
 Reference value :  2.34621e-06
 Reference value :  2.34661e-06
 Reference value :  2.34701e-06
 Reference value :  2.34739e-06
 Reference value :  2.34776e-06
 Reference value :  2.34816e-06
 Reference value :  2.34856e-06
 Reference value :  2.34896e-06
 Reference value :  2.34936e-06
 Reference value :  2.34976e-06
 Reference value :  2.35017e-06
 Reference value :  2.35057e-06
 Reference value :  2.35097e-06
 Reference value :  2.35121e-06
 Reference value :  2.35149e-06
 Reference value :  2.35166e-06
 Reference value :  2.35192e-06
 Reference value :  2.35220e-06
 Reference value :  2.35250e-06
 Reference value :  2.35281e-06
 Reference value :  2.35311e-06
 Reference value :  2.35335e-06
 Reference value :  2.35357e-06
 Reference value :  2.35384e-06
 Reference value :  2.35403e-06
 Reference value :  2.35442e-06
 Reference value :  2.35482e-06
 Reference value :  2.35522e-06
 Reference value :  2.35560e-06
 Reference value :  2.35600e-06
 Reference value :  2.35640e-06
 Reference value :  2.35680e-06
 Reference value :  2.35720e-06
 Reference value :  2.35749e-06
 Reference value :  2.35783e-06
 Reference value :  2.35822e-06
 Reference value :  2.35858e-06
 Reference value :  2.35896e-06
 Reference value :  2.35935e-06
 Reference value :  2.35974e-06
 Reference value :  2.36012e-06
 Reference value :  2.36042e-06
 Reference value :  2.36082e-06
 Reference value :  2.36106e-06
 Reference value :  2.36131e-06
 Reference value :  2.36172e-06
 Reference value :  2.36212e-06
 Reference value :  2.36245e-06
 Reference value :  2.36285e-06
 Reference value :  2.36325e-06
 Reference value :  2.36360e-06
 Reference value :  2.36399e-06
 Reference value :  2.36440e-06
 Reference value :  2.36480e-06
 Reference value :  2.36510e-06
 Reference value :  2.36549e-06
 Reference value :  2.36589e-06
 Reference value :  2.36629e-06
 Reference value :  2.36670e-06
 Reference value :  2.36710e-06
 Reference value :  2.36750e-06
 Reference value :  2.36790e-06
 Reference value :  2.36831e-06
 Reference value :  2.36867e-06
 Reference value :  2.36904e-06
 Reference value :  2.36942e-06
 Reference value :  2.36983e-06
 Reference value :  2.37023e-06
 Reference value :  2.37063e-06
 Reference value :  2.37102e-06
 Reference value :  2.37142e-06
 Reference value :  2.37183e-06
 Reference value :  2.37223e-06
 Reference value :  2.37263e-06
 Reference value :  2.37303e-06
 Reference value :  2.37343e-06
 Reference value :  2.37383e-06
 Reference value :  2.37417e-06
 Reference value :  2.37449e-06
 Reference value :  2.37488e-06
 Reference value :  2.37529e-06
 Reference value :  2.37568e-06
 Reference value :  2.37609e-06
 Reference value :  2.37649e-06
 Reference value :  2.37689e-06
 Reference value :  2.37729e-06
 Reference value :  2.37769e-06
 Reference value :  2.37809e-06
 Reference value :  2.37849e-06
 Reference value :  2.37890e-06
 Reference value :  2.37930e-06
 Reference value :  2.37970e-06
 Reference value :  2.38010e-06
 Reference value :  2.38050e-06
 Reference value :  2.38090e-06
 Reference value :  2.38130e-06
 Reference value :  2.38149e-06
 Reference value :  2.38167e-06
 Reference value :  2.38194e-06
 Reference value :  2.38221e-06
 Reference value :  2.38251e-06
 Reference value :  2.38274e-06
 Reference value :  2.38299e-06
 Reference value :  2.38327e-06
 Reference value :  2.38351e-06
 Reference value :  2.38380e-06
 Reference value :  2.38408e-06
 Reference value :  2.38434e-06
 Reference value :  2.38462e-06
 Reference value :  2.38491e-06
 Reference value :  2.38511e-06
 Reference value :  2.38532e-06
 Reference value :  2.38566e-06
 Reference value :  2.38588e-06
 Reference value :  2.38610e-06
 Reference value :  2.38638e-06
 Reference value :  2.38664e-06
 Reference value :  2.38688e-06
 Reference value :  2.38714e-06
 Reference value :  2.38740e-06
 Reference value :  2.38765e-06
 Reference value :  2.38787e-06
 Reference value :  2.38809e-06
 Reference value :  2.38833e-06
 Reference value :  2.38857e-06
 Reference value :  2.38879e-06
 Reference value :  2.38891e-06
 Reference value :  2.38927e-06
 Reference value :  2.38967e-06
 Reference value :  2.39007e-06
 Reference value :  2.39048e-06
 Reference value :  2.39053e-06
 Reference value :  2.39053e-06
 Reference value :  2.39091e-06
 Reference value :  2.39132e-06
 Reference value :  2.39158e-06
 Reference value :  2.39173e-06
 Reference value :  2.39192e-06
 Reference value :  2.39211e-06
 Reference value :  2.39241e-06
 Reference value :  2.39282e-06
 Reference value :  2.39323e-06
 Reference value :  2.39364e-06
 Reference value :  2.39404e-06
 Reference value :  2.39445e-06
 Reference value :  2.39486e-06
 Reference value :  2.39527e-06
 Reference value :  2.39564e-06
 Reference value :  2.39594e-06
 Reference value :  2.39609e-06
 Reference value :  2.39632e-06
 Reference value :  2.39672e-06
 Reference value :  2.39713e-06
 Reference value :  2.39754e-06
 Reference value :  2.39794e-06
 Reference value :  2.39831e-06
 Reference value :  2.39871e-06
 Reference value :  2.39912e-06
 Reference value :  2.39952e-06
 Reference value :  2.39977e-06
 Reference value :  2.40011e-06
 Reference value :  2.40051e-06
 Reference value :  2.40091e-06
 Reference value :  2.40132e-06
 Reference value :  2.40163e-06
 Reference value :  2.40198e-06
 Reference value :  2.40239e-06
 Reference value :  2.40279e-06
 Reference value :  2.40320e-06
 Reference value :  2.40360e-06
 Reference value :  2.40401e-06
 Reference value :  2.40442e-06
 Reference value :  2.40475e-06
 Reference value :  2.40515e-06
 Reference value :  2.40554e-06
 Reference value :  2.40593e-06
 Reference value :  2.40633e-06
 Reference value :  2.40673e-06
 Reference value :  2.40714e-06
 Reference value :  2.40755e-06
 Reference value :  2.40795e-06
 Reference value :  2.40836e-06
 Reference value :  2.40877e-06
 Reference value :  2.40917e-06
 Reference value :  2.40958e-06
 Reference value :  2.40999e-06
 Reference value :  2.41036e-06
 Reference value :  2.41076e-06
 Reference value :  2.41117e-06
 Reference value :  2.41153e-06
 Reference value :  2.41194e-06
 Reference value :  2.41234e-06
 Reference value :  2.41274e-06
 Reference value :  2.41315e-06
 Reference value :  2.41356e-06
 Reference value :  2.41397e-06
 Reference value :  2.41437e-06
 Reference value :  2.41478e-06
 Reference value :  2.41519e-06
 Reference value :  2.41559e-06
 Reference value :  2.41599e-06
 Reference value :  2.41630e-06
 Reference value :  2.41668e-06
 Reference value :  2.41708e-06
 Reference value :  2.41749e-06
 Reference value :  2.41789e-06
 Reference value :  2.41830e-06
 Reference value :  2.41870e-06
 Reference value :  2.41911e-06
 Reference value :  2.41951e-06
 Reference value :  2.41992e-06
 Reference value :  2.42032e-06
 Reference value :  2.42073e-06
 Reference value :  2.42114e-06
 Reference value :  2.42154e-06
 Reference value :  2.42195e-06
 Reference value :  2.42236e-06
 Reference value :  2.42276e-06
 Reference value :  2.42312e-06
 Reference value :  2.42347e-06
 Reference value :  2.42386e-06
 Reference value :  2.42426e-06
 Reference value :  2.42466e-06
 Reference value :  2.42507e-06
 Reference value :  2.42548e-06
 Reference value :  2.42588e-06
 Reference value :  2.42629e-06
 Reference value :  2.42665e-06
 Reference value :  2.42697e-06
 Reference value :  2.42737e-06
 Reference value :  2.42778e-06
 Reference value :  2.42819e-06
 Reference value :  2.42858e-06
 Reference value :  2.42899e-06
 Reference value :  2.42940e-06
 Reference value :  2.42980e-06
 Reference value :  2.43020e-06
 Reference value :  2.43050e-06
 Reference value :  2.43084e-06
 Reference value :  2.43123e-06
 Reference value :  2.43162e-06
 Reference value :  2.43203e-06
 Reference value :  2.43205e-06
 Reference value :  2.43237e-06
 Reference value :  2.43258e-06
 Reference value :  2.43280e-06
 Reference value :  2.43306e-06
 Reference value :  2.43332e-06
 Reference value :  2.43361e-06
 Reference value :  2.43381e-06
 Reference value :  2.43401e-06
 Reference value :  2.43433e-06
 Reference value :  2.43463e-06
 Reference value :  2.43487e-06
 Reference value :  2.43506e-06
 Reference value :  2.43524e-06
 Reference value :  2.43539e-06
 Reference value :  2.43542e-06
 Reference value :  2.43542e-06
 Reference value :  2.43542e-06
 Reference value :  2.43543e-06
 Reference value :  2.43543e-06
 Reference value :  2.43543e-06
 Reference value :  2.43543e-06
 Reference value :  2.43544e-06
 Reference value :  2.43544e-06
 Reference value :  2.43544e-06
 Reference value :  2.43552e-06
 Reference value :  2.43570e-06
 Reference value :  2.43591e-06
 Reference value :  2.43612e-06
 Reference value :  2.43621e-06
 Reference value :  2.43634e-06
 Reference value :  2.43635e-06
 Reference value :  2.43636e-06
 Reference value :  2.43657e-06
 Reference value :  2.43670e-06
 Reference value :  2.43691e-06
 Reference value :  2.43719e-06
 Reference value :  2.43736e-06
 Reference value :  2.43754e-06
 Reference value :  2.43775e-06
 Reference value :  2.43799e-06
 Reference value :  2.43824e-06
 Reference value :  2.43856e-06
 Reference value :  2.43896e-06
 Reference value :  2.43936e-06
 Reference value :  2.43956e-06
 Reference value :  2.43985e-06
 Reference value :  2.44025e-06
 Reference value :  2.44065e-06
 Reference value :  2.44105e-06
 Reference value :  2.44145e-06
 Reference value :  2.44173e-06
 Reference value :  2.44194e-06
 Reference value :  2.44216e-06
 Reference value :  2.44243e-06
 Reference value :  2.44269e-06
 Reference value :  2.44295e-06
 Reference value :  2.44319e-06
 Reference value :  2.44340e-06
 Reference value :  2.44366e-06
 Reference value :  2.44402e-06
 Reference value :  2.44422e-06
 Reference value :  2.44444e-06
 Reference value :  2.44467e-06
 Reference value :  2.44490e-06
 Reference value :  2.44513e-06
 Reference value :  2.44538e-06
 Reference value :  2.44562e-06
 Reference value :  2.44590e-06
 Reference value :  2.44612e-06
 Reference value :  2.44632e-06
 Reference value :  2.44648e-06
 Reference value :  2.44668e-06
 Reference value :  2.44683e-06
 Reference value :  2.44683e-06
 Reference value :  2.44683e-06
 Reference value :  2.44684e-06
 Reference value :  2.44704e-06
 Reference value :  2.44724e-06
 Reference value :  2.44746e-06
 Reference value :  2.44750e-06
 Reference value :  2.44750e-06
 Reference value :  2.44750e-06
 Reference value :  2.44772e-06
 Reference value :  2.44784e-06
 Reference value :  2.44806e-06
 Reference value :  2.44819e-06
 Reference value :  2.44840e-06
 Reference value :  2.44851e-06
 Reference value :  2.44851e-06
 Reference value :  2.44851e-06
 Reference value :  2.44867e-06
 Reference value :  2.44906e-06
 Reference value :  2.44939e-06
 Reference value :  2.44976e-06
 Reference value :  2.45009e-06
 Reference value :  2.45030e-06
 Reference value :  2.45052e-06
 Reference value :  2.45085e-06
 Reference value :  2.45125e-06
 Reference value :  2.45160e-06
 Reference value :  2.45199e-06
 Reference value :  2.45239e-06
 Reference value :  2.45280e-06
 Reference value :  2.45320e-06
 Reference value :  2.45361e-06
 Reference value :  2.45401e-06
 Reference value :  2.45442e-06
 Reference value :  2.45478e-06
 Reference value :  2.45519e-06
 Reference value :  2.45551e-06
 Reference value :  2.45592e-06
 Reference value :  2.45622e-06
 Reference value :  2.45660e-06
 Reference value :  2.45701e-06
 Reference value :  2.45741e-06
 Reference value :  2.45782e-06
 Reference value :  2.45821e-06
 Reference value :  2.45857e-06
 Reference value :  2.45893e-06
 Reference value :  2.45931e-06
 Reference value :  2.45972e-06
 Reference value :  2.46011e-06
 Reference value :  2.46052e-06
 Reference value :  2.46092e-06
 Reference value :  2.46133e-06
 Reference value :  2.46173e-06
 Reference value :  2.46206e-06
 Reference value :  2.46239e-06
 Reference value :  2.46279e-06
 Reference value :  2.46315e-06
 Reference value :  2.46348e-06
 Reference value :  2.46388e-06
 Reference value :  2.46428e-06
 Reference value :  2.46468e-06
 Reference value :  2.46509e-06
 Reference value :  2.46545e-06
 Reference value :  2.46577e-06
 Reference value :  2.46617e-06
 Reference value :  2.46657e-06
 Reference value :  2.46694e-06
 Reference value :  2.46735e-06
 Reference value :  2.46775e-06
 Reference value :  2.46816e-06
 Reference value :  2.46856e-06
 Reference value :  2.46896e-06
 Reference value :  2.46922e-06
 Reference value :  2.46946e-06
 Reference value :  2.46974e-06
 Reference value :  2.47002e-06
 Reference value :  2.47025e-06
 Reference value :  2.47055e-06
 Reference value :  2.47083e-06
 Reference value :  2.47109e-06
 Reference value :  2.47134e-06
 Reference value :  2.47158e-06
 Reference value :  2.47181e-06
 Reference value :  2.47199e-06
 Reference value :  2.47239e-06
 Reference value :  2.47278e-06
 Reference value :  2.47305e-06
 Reference value :  2.47337e-06
 Reference value :  2.47377e-06
 Reference value :  2.47417e-06
 Reference value :  2.47457e-06
 Reference value :  2.47482e-06
 Reference value :  2.47522e-06
 Reference value :  2.47557e-06
 Reference value :  2.47597e-06
 Reference value :  2.47638e-06
 Reference value :  2.47675e-06
 Reference value :  2.47713e-06
 Reference value :  2.47754e-06
 Reference value :  2.47794e-06
 Reference value :  2.47835e-06
 Reference value :  2.47875e-06
 Reference value :  2.47914e-06
 Reference value :  2.47953e-06
 Reference value :  2.47993e-06
 Reference value :  2.48034e-06
 Reference value :  2.48074e-06
 Reference value :  2.48110e-06
 Reference value :  2.48150e-06
 Reference value :  2.48190e-06
 Reference value :  2.48230e-06
 Reference value :  2.48271e-06
 Reference value :  2.48311e-06
 Reference value :  2.48352e-06
 Reference value :  2.48385e-06
 Reference value :  2.48405e-06
 Reference value :  2.48420e-06
 Reference value :  2.48442e-06
 Reference value :  2.48465e-06
 Reference value :  2.48484e-06
 Reference value :  2.48511e-06
 Reference value :  2.48534e-06
 Reference value :  2.48556e-06
 Reference value :  2.48576e-06
 Reference value :  2.48600e-06
 Reference value :  2.48620e-06
 Reference value :  2.48651e-06
 Reference value :  2.48675e-06
 Reference value :  2.48695e-06
 Reference value :  2.48729e-06
 Reference value :  2.48770e-06
 Reference value :  2.48811e-06
 Reference value :  2.48851e-06
 Reference value :  2.48892e-06
 Reference value :  2.48932e-06
 Reference value :  2.48972e-06
 Reference value :  2.49013e-06
 Reference value :  2.49050e-06
 Reference value :  2.49083e-06
 Reference value :  2.49106e-06
 Reference value :  2.49141e-06
 Reference value :  2.49182e-06
 Reference value :  2.49222e-06
 Reference value :  2.49263e-06
 Reference value :  2.49301e-06
 Reference value :  2.49330e-06
 Reference value :  2.49361e-06
 Reference value :  2.49402e-06
 Reference value :  2.49443e-06
 Reference value :  2.49483e-06
 Reference value :  2.49522e-06
 Reference value :  2.49563e-06
 Reference value :  2.49603e-06
 Reference value :  2.49644e-06
 Reference value :  2.49685e-06
 Reference value :  2.49725e-06
 Reference value :  2.49766e-06
 Reference value :  2.49807e-06
 Reference value :  2.49847e-06
 Reference value :  2.49888e-06
 Reference value :  2.49929e-06
 Reference value :  2.49969e-06
 Reference value :  2.50010e-06
 Reference value :  2.50051e-06
 Reference value :  2.50091e-06
 Reference value :  2.50132e-06
 Reference value :  2.50172e-06
 Reference value :  2.50213e-06
 Reference value :  2.50250e-06
 Reference value :  2.50291e-06
 Reference value :  2.50331e-06
 Reference value :  2.50369e-06
 Reference value :  2.50409e-06
 Reference value :  2.50449e-06
 Reference value :  2.50490e-06
 Reference value :  2.50530e-06
 Reference value :  2.50571e-06
 Reference value :  2.50612e-06
 Reference value :  2.50646e-06
 Reference value :  2.50675e-06
 Reference value :  2.50704e-06
 Reference value :  2.50724e-06
 Reference value :  2.50746e-06
 Reference value :  2.50773e-06
 Reference value :  2.50799e-06
 Reference value :  2.50827e-06
 Reference value :  2.50834e-06
 Reference value :  2.50848e-06
 Reference value :  2.50869e-06
 Reference value :  2.50895e-06
 Reference value :  2.50921e-06
 Reference value :  2.50945e-06
 Reference value :  2.50971e-06
 Reference value :  2.50990e-06
 Reference value :  2.51019e-06
 Reference value :  2.51060e-06
 Reference value :  2.51099e-06
 Reference value :  2.51140e-06
 Reference value :  2.51176e-06
 Reference value :  2.51217e-06
 Reference value :  2.51257e-06
 Reference value :  2.51275e-06
 Reference value :  2.51309e-06
 Reference value :  2.51350e-06
 Reference value :  2.51389e-06
 Reference value :  2.51430e-06
 Reference value :  2.51470e-06
 Reference value :  2.51511e-06
 Reference value :  2.51551e-06
 Reference value :  2.51591e-06
 Reference value :  2.51631e-06
 Reference value :  2.51672e-06
 Reference value :  2.51712e-06
 Reference value :  2.51753e-06
 Reference value :  2.51793e-06
 Reference value :  2.51834e-06
 Reference value :  2.51873e-06
 Reference value :  2.51914e-06
 Reference value :  2.51954e-06
 Reference value :  2.51988e-06
 Reference value :  2.52028e-06
 Reference value :  2.52069e-06
 Reference value :  2.52109e-06
 Reference value :  2.52149e-06
 Reference value :  2.52189e-06
 Reference value :  2.52230e-06
 Reference value :  2.52269e-06
 Reference value :  2.52309e-06
 Reference value :  2.52350e-06
 Reference value :  2.52384e-06
 Reference value :  2.52424e-06
 Reference value :  2.52465e-06
 Reference value :  2.52505e-06
 Reference value :  2.52545e-06
 Reference value :  2.52586e-06
 Reference value :  2.52626e-06
 Reference value :  2.52667e-06
 Reference value :  2.52707e-06
 Reference value :  2.52747e-06
 Reference value :  2.52788e-06
 Reference value :  2.52827e-06
 Reference value :  2.52853e-06
 Reference value :  2.52894e-06
 Reference value :  2.52934e-06
 Reference value :  2.52962e-06
 Reference value :  2.53001e-06
 Reference value :  2.53042e-06
 Reference value :  2.53080e-06
 Reference value :  2.53120e-06
 Reference value :  2.53158e-06
 Reference value :  2.53188e-06
 Reference value :  2.53218e-06
 Reference value :  2.53258e-06
 Reference value :  2.53295e-06
 Reference value :  2.53315e-06
 Reference value :  2.53333e-06
 Reference value :  2.53361e-06
 Reference value :  2.53388e-06
 Reference value :  2.53416e-06
 Reference value :  2.53446e-06
 Reference value :  2.53472e-06
 Reference value :  2.53499e-06
 Reference value :  2.53523e-06
 Reference value :  2.53547e-06
 Reference value :  2.53574e-06
 Reference value :  2.53596e-06
 Reference value :  2.53619e-06
 Reference value :  2.53660e-06
 Reference value :  2.53700e-06
 Reference value :  2.53740e-06
 Reference value :  2.53781e-06
 Reference value :  2.53821e-06
 Reference value :  2.53862e-06
 Reference value :  2.53902e-06
 Reference value :  2.53943e-06
 Reference value :  2.53983e-06
 Reference value :  2.54022e-06
 Reference value :  2.54045e-06
 Reference value :  2.54086e-06
 Reference value :  2.54126e-06
 Reference value :  2.54163e-06
 Reference value :  2.54204e-06
 Reference value :  2.54244e-06
 Reference value :  2.54284e-06
 Reference value :  2.54325e-06
 Reference value :  2.54365e-06
 Reference value :  2.54405e-06
 Reference value :  2.54446e-06
 Reference value :  2.54486e-06
 Reference value :  2.54526e-06
 Reference value :  2.54566e-06
 Reference value :  2.54604e-06
 Reference value :  2.54645e-06
 Reference value :  2.54685e-06
 Reference value :  2.54725e-06
 Reference value :  2.54765e-06
 Reference value :  2.54806e-06
 Reference value :  2.54846e-06
 Reference value :  2.54887e-06
 Reference value :  2.54926e-06
 Reference value :  2.54964e-06
 Reference value :  2.55002e-06
 Reference value :  2.55043e-06
 Reference value :  2.55080e-06
 Reference value :  2.55111e-06
 Reference value :  2.55152e-06
 Reference value :  2.55186e-06
 Reference value :  2.55218e-06
 Reference value :  2.55257e-06
 Reference value :  2.55296e-06
 Reference value :  2.55335e-06
 Reference value :  2.55375e-06
 Reference value :  2.55412e-06
 Reference value :  2.55442e-06
 Reference value :  2.55483e-06
 Reference value :  2.55513e-06
 Reference value :  2.55551e-06
 Reference value :  2.55591e-06
 Reference value :  2.55630e-06
 Reference value :  2.55671e-06
 Reference value :  2.55707e-06
 Reference value :  2.55748e-06
 Reference value :  2.55785e-06
 Reference value :  2.55825e-06
 Reference value :  2.55866e-06
 Reference value :  2.55901e-06
 Reference value :  2.55941e-06
 Reference value :  2.55981e-06
 Reference value :  2.56022e-06
 Reference value :  2.56062e-06
 Reference value :  2.56103e-06
 Reference value :  2.56143e-06
 Reference value :  2.56183e-06
 Reference value :  2.56223e-06
 Reference value :  2.56263e-06
 Reference value :  2.56304e-06
 Reference value :  2.56344e-06
 Reference value :  2.56369e-06
 Reference value :  2.56394e-06
 Reference value :  2.56421e-06
 Reference value :  2.56447e-06
 Reference value :  2.56473e-06
 Reference value :  2.56498e-06
 Reference value :  2.56523e-06
 Reference value :  2.56551e-06
 Reference value :  2.56574e-06
 Reference value :  2.56596e-06
 Reference value :  2.56622e-06
 Reference value :  2.56644e-06
 Reference value :  2.56670e-06
 Reference value :  2.56672e-06
 Reference value :  2.56690e-06
 Reference value :  2.56710e-06
 Reference value :  2.56731e-06
 Reference value :  2.56748e-06
 Reference value :  2.56781e-06
 Reference value :  2.56808e-06
 Reference value :  2.56842e-06
 Reference value :  2.56878e-06
 Reference value :  2.56911e-06
 Reference value :  2.56951e-06
 Reference value :  2.56990e-06
 Reference value :  2.57019e-06
 Reference value :  2.57052e-06
 Reference value :  2.57074e-06
 Reference value :  2.57110e-06
 Reference value :  2.57141e-06
 Reference value :  2.57181e-06
 Reference value :  2.57217e-06
 Reference value :  2.57249e-06
 Reference value :  2.57289e-06
 Reference value :  2.57329e-06
 Reference value :  2.57369e-06
 Reference value :  2.57409e-06
 Reference value :  2.57442e-06
 Reference value :  2.57476e-06
 Reference value :  2.57516e-06
 Reference value :  2.57556e-06
 Reference value :  2.57596e-06
 Reference value :  2.57636e-06
 Reference value :  2.57676e-06
 Reference value :  2.57715e-06
 Reference value :  2.57755e-06
 Reference value :  2.57792e-06
 Reference value :  2.57825e-06
 Reference value :  2.57864e-06
 Reference value :  2.57903e-06
 Reference value :  2.57942e-06
 Reference value :  2.57982e-06
 Reference value :  2.58022e-06
 Reference value :  2.58062e-06
 Reference value :  2.58102e-06
 Reference value :  2.58142e-06
 Reference value :  2.58180e-06
 Reference value :  2.58220e-06
 Reference value :  2.58257e-06
 Reference value :  2.58297e-06
 Reference value :  2.58334e-06
 Reference value :  2.58364e-06
 Reference value :  2.58400e-06
 Reference value :  2.58440e-06
 Reference value :  2.58461e-06
 Reference value :  2.58485e-06
 Reference value :  2.58515e-06
 Reference value :  2.58546e-06
 Reference value :  2.58565e-06
 Reference value :  2.58586e-06
 Reference value :  2.58610e-06
 Reference value :  2.58624e-06
 Reference value :  2.58636e-06
 Reference value :  2.58651e-06
 Reference value :  2.58664e-06
 Reference value :  2.58676e-06
 Reference value :  2.58697e-06
 Reference value :  2.58710e-06
 Reference value :  2.58722e-06
 Reference value :  2.58737e-06
 Reference value :  2.58743e-06
 Reference value :  2.58744e-06
 Reference value :  2.58744e-06
 Reference value :  2.58744e-06
 Reference value :  2.58745e-06
 Reference value :  2.58745e-06
 Reference value :  2.58745e-06
 Reference value :  2.58746e-06
 Reference value :  2.58746e-06
 Reference value :  2.58762e-06
 Reference value :  2.58780e-06
 Reference value :  2.58799e-06
 Reference value :  2.58817e-06
 Reference value :  2.58820e-06
 Reference value :  2.58824e-06
 Reference value :  2.58846e-06
 Reference value :  2.58859e-06
 Reference value :  2.58876e-06
 Reference value :  2.58897e-06
 Reference value :  2.58919e-06
 Reference value :  2.58934e-06
 Reference value :  2.58949e-06
 Reference value :  2.58983e-06
 Reference value :  2.59022e-06
 Reference value :  2.59056e-06
 Reference value :  2.59089e-06
 Reference value :  2.59130e-06
 Reference value :  2.59162e-06
 Reference value :  2.59202e-06
 Reference value :  2.59242e-06
 Reference value :  2.59282e-06
 Reference value :  2.59319e-06
 Reference value :  2.59359e-06
 Reference value :  2.59399e-06
 Reference value :  2.59433e-06
 Reference value :  2.59461e-06
 Reference value :  2.59486e-06
 Reference value :  2.59512e-06
 Reference value :  2.59537e-06
 Reference value :  2.59563e-06
 Reference value :  2.59589e-06
 Reference value :  2.59616e-06
 Reference value :  2.59641e-06
 Reference value :  2.59653e-06
 Reference value :  2.59674e-06
 Reference value :  2.59696e-06
 Reference value :  2.59714e-06
 Reference value :  2.59737e-06
 Reference value :  2.59776e-06
 Reference value :  2.59816e-06
 Reference value :  2.59857e-06
 Reference value :  2.59897e-06
 Reference value :  2.59934e-06
 Reference value :  2.59972e-06
No. of Data Rows : 3380011
tk                  =  4.73699e-09
tk                  =  7.61082e-09
tk                  =  1.04846e-08
tk                  =  1.33580e-08
tk                  =  1.62315e-08
tk                  =  1.91044e-08
tk                  =  2.19791e-08
tk                  =  2.48535e-08
tk                  =  2.77270e-08
tk                  =  3.06003e-08
tk                  =  3.34742e-08
tk                  =  3.63483e-08
tk                  =  3.92220e-08
tk                  =  4.20959e-08
tk                  =  4.49693e-08
tk                  =  4.78431e-08
tk                  =  5.07170e-08
tk                  =  5.35909e-08
tk                  =  5.64641e-08
tk                  =  5.93386e-08
tk                  =  6.22127e-08
tk                  =  6.50861e-08
tk                  =  6.79602e-08
tk                  =  7.08349e-08
tk                  =  7.37097e-08
tk                  =  7.65824e-08
tk                  =  7.94569e-08
tk                  =  8.23308e-08
tk                  =  8.52050e-08
tk                  =  8.80795e-08
tk                  =  9.09529e-08
tk                  =  9.38262e-08
tk                  =  9.67009e-08
tk                  =  9.95743e-08
tk                  =  1.02448e-07
tk                  =  1.05323e-07
tk                  =  1.08196e-07
tk                  =  1.11071e-07
tk                  =  1.13945e-07
tk                  =  1.16819e-07
tk                  =  1.19695e-07
tk                  =  1.22569e-07
tk                  =  1.25442e-07
tk                  =  1.28316e-07
tk                  =  1.31191e-07
tk                  =  1.34064e-07
tk                  =  1.36938e-07
tk                  =  1.39812e-07
tk                  =  1.42686e-07
tk                  =  1.45559e-07
tk                  =  1.48432e-07
tk                  =  1.51307e-07
tk                  =  1.54180e-07
tk                  =  1.57054e-07
tk                  =  1.59929e-07
tk                  =  1.62802e-07
tk                  =  1.65676e-07
tk                  =  1.68550e-07
tk                  =  1.71424e-07
tk                  =  1.74298e-07
tk                  =  1.77172e-07
tk                  =  1.80046e-07
tk                  =  1.82920e-07
tk                  =  1.85793e-07
tk                  =  1.88667e-07
tk                  =  1.91541e-07
tk                  =  1.94416e-07
tk                  =  1.97290e-07
tk                  =  2.00164e-07
tk                  =  2.03037e-07
tk                  =  2.05911e-07
tk                  =  2.08785e-07
tk                  =  2.11659e-07
tk                  =  2.14532e-07
tk                  =  2.17407e-07
tk                  =  2.20280e-07
tk                  =  2.23154e-07
tk                  =  2.26028e-07
tk                  =  2.28902e-07
tk                  =  2.31776e-07
tk                  =  2.34649e-07
tk                  =  2.37523e-07
tk                  =  2.40397e-07
tk                  =  2.43272e-07
tk                  =  2.46145e-07
tk                  =  2.49019e-07
tk                  =  2.51893e-07
tk                  =  2.54766e-07
tk                  =  2.57641e-07
tk                  =  2.60515e-07
tk                  =  2.63390e-07
tk                  =  2.66263e-07
tk                  =  2.69137e-07
tk                  =  2.72011e-07
tk                  =  2.74885e-07
tk                  =  2.77760e-07
tk                  =  2.80634e-07
tk                  =  2.83507e-07
tk                  =  2.86382e-07
tk                  =  2.89257e-07
tk                  =  2.92130e-07
tk                  =  2.95004e-07
tk                  =  2.97878e-07
tk                  =  3.00752e-07
tk                  =  3.03626e-07
tk                  =  3.06499e-07
tk                  =  3.09373e-07
tk                  =  3.12248e-07
tk                  =  3.15122e-07
tk                  =  3.17996e-07
tk                  =  3.20870e-07
tk                  =  3.23744e-07
tk                  =  3.26618e-07
tk                  =  3.29492e-07
tk                  =  3.32367e-07
tk                  =  3.35242e-07
tk                  =  3.38115e-07
tk                  =  3.40990e-07
tk                  =  3.43864e-07
tk                  =  3.46738e-07
tk                  =  3.49612e-07
tk                  =  3.52486e-07
tk                  =  3.55360e-07
tk                  =  3.58235e-07
tk                  =  3.61109e-07
tk                  =  3.63983e-07
tk                  =  3.66857e-07
tk                  =  3.69731e-07
tk                  =  3.72604e-07
tk                  =  3.75479e-07
tk                  =  3.78354e-07
tk                  =  3.81227e-07
tk                  =  3.84101e-07
tk                  =  3.86974e-07
tk                  =  3.89849e-07
tk                  =  3.92722e-07
tk                  =  3.95597e-07
tk                  =  3.98472e-07
tk                  =  4.01346e-07
tk                  =  4.04220e-07
tk                  =  4.07094e-07
tk                  =  4.09969e-07
tk                  =  4.12842e-07
tk                  =  4.15717e-07
tk                  =  4.18590e-07
tk                  =  4.21465e-07
tk                  =  4.24339e-07
tk                  =  4.27212e-07
tk                  =  4.30087e-07
tk                  =  4.32962e-07
tk                  =  4.35836e-07
tk                  =  4.38709e-07
tk                  =  4.41583e-07
tk                  =  4.44456e-07
tk                  =  4.47331e-07
tk                  =  4.50205e-07
tk                  =  4.53079e-07
tk                  =  4.55954e-07
tk                  =  4.58827e-07
tk                  =  4.61701e-07
tk                  =  4.64574e-07
tk                  =  4.67448e-07
tk                  =  4.70322e-07
tk                  =  4.73196e-07
tk                  =  4.76070e-07
tk                  =  4.78945e-07
tk                  =  4.81818e-07
tk                  =  4.84692e-07
tk                  =  4.87567e-07
tk                  =  4.90441e-07
tk                  =  4.93314e-07
tk                  =  4.96189e-07
tk                  =  4.99063e-07
tk                  =  5.01938e-07
tk                  =  5.04811e-07
tk                  =  5.07685e-07
tk                  =  5.10558e-07
tk                  =  5.13433e-07
tk                  =  5.16308e-07
tk                  =  5.19181e-07
tk                  =  5.22056e-07
tk                  =  5.24930e-07
tk                  =  5.27804e-07
tk                  =  5.30678e-07
tk                  =  5.33551e-07
tk                  =  5.36426e-07
tk                  =  5.39300e-07
tk                  =  5.42175e-07
tk                  =  5.45049e-07
tk                  =  5.47923e-07
tk                  =  5.50798e-07
tk                  =  5.53672e-07
tk                  =  5.56546e-07
tk                  =  5.59420e-07
tk                  =  5.62294e-07
tk                  =  5.65167e-07
tk                  =  5.68042e-07
tk                  =  5.70916e-07
tk                  =  5.73791e-07
tk                  =  5.76665e-07
tk                  =  5.79539e-07
tk                  =  5.82413e-07
tk                  =  5.85286e-07
tk                  =  5.88162e-07
tk                  =  5.91035e-07
tk                  =  5.93909e-07
tk                  =  5.96783e-07
tk                  =  5.99657e-07
tk                  =  6.02531e-07
tk                  =  6.05405e-07
tk                  =  6.08279e-07
tk                  =  6.11154e-07
tk                  =  6.14027e-07
tk                  =  6.16901e-07
tk                  =  6.19774e-07
tk                  =  6.22647e-07
tk                  =  6.25522e-07
tk                  =  6.28396e-07
tk                  =  6.31270e-07
tk                  =  6.34143e-07
tk                  =  6.37017e-07
tk                  =  6.39891e-07
tk                  =  6.42766e-07
tk                  =  6.45640e-07
tk                  =  6.48513e-07
tk                  =  6.51388e-07
tk                  =  6.54261e-07
tk                  =  6.57135e-07
tk                  =  6.60010e-07
tk                  =  6.62884e-07
tk                  =  6.65758e-07
tk                  =  6.68631e-07
tk                  =  6.71506e-07
tk                  =  6.74380e-07
tk                  =  6.77254e-07
tk                  =  6.80128e-07
tk                  =  6.83002e-07
tk                  =  6.85876e-07
tk                  =  6.88750e-07
tk                  =  6.91624e-07
tk                  =  6.94498e-07
tk                  =  6.97373e-07
tk                  =  7.00247e-07
tk                  =  7.03120e-07
tk                  =  7.05995e-07
tk                  =  7.08868e-07
tk                  =  7.11743e-07
tk                  =  7.14617e-07
tk                  =  7.17491e-07
tk                  =  7.20366e-07
tk                  =  7.23239e-07
tk                  =  7.26113e-07
tk                  =  7.28987e-07
tk                  =  7.31862e-07
tk                  =  7.34735e-07
tk                  =  7.37609e-07
tk                  =  7.40483e-07
tk                  =  7.43356e-07
tk                  =  7.46231e-07
tk                  =  7.49105e-07
tk                  =  7.51979e-07
tk                  =  7.54852e-07
tk                  =  7.57727e-07
tk                  =  7.60602e-07
tk                  =  7.63475e-07
tk                  =  7.66350e-07
tk                  =  7.69224e-07
tk                  =  7.72098e-07
tk                  =  7.74973e-07
tk                  =  7.77847e-07
tk                  =  7.80721e-07
tk                  =  7.83595e-07
tk                  =  7.86468e-07
tk                  =  7.89343e-07
tk                  =  7.92217e-07
tk                  =  7.95090e-07
tk                  =  7.97965e-07
tk                  =  8.00840e-07
tk                  =  8.03714e-07
tk                  =  8.06588e-07
tk                  =  8.09461e-07
tk                  =  8.12335e-07
tk                  =  8.15209e-07
tk                  =  8.18083e-07
tk                  =  8.20958e-07
tk                  =  8.23831e-07
tk                  =  8.26705e-07
tk                  =  8.29579e-07
tk                  =  8.32454e-07
tk                  =  8.35328e-07
tk                  =  8.38203e-07
tk                  =  8.41077e-07
tk                  =  8.43951e-07
tk                  =  8.46825e-07
tk                  =  8.49699e-07
tk                  =  8.52574e-07
tk                  =  8.55449e-07
tk                  =  8.58323e-07
tk                  =  8.61198e-07
tk                  =  8.64070e-07
tk                  =  8.66946e-07
tk                  =  8.69820e-07
tk                  =  8.72694e-07
tk                  =  8.75568e-07
tk                  =  8.78442e-07
tk                  =  8.81316e-07
tk                  =  8.84190e-07
tk                  =  8.87064e-07
tk                  =  8.89938e-07
tk                  =  8.92812e-07
tk                  =  8.95686e-07
tk                  =  8.98560e-07
tk                  =  9.01435e-07
tk                  =  9.04309e-07
tk                  =  9.07183e-07
tk                  =  9.10057e-07
tk                  =  9.12931e-07
tk                  =  9.15805e-07
tk                  =  9.18679e-07
tk                  =  9.21553e-07
tk                  =  9.24426e-07
tk                  =  9.27301e-07
tk                  =  9.30175e-07
tk                  =  9.33048e-07
tk                  =  9.35923e-07
tk                  =  9.38797e-07
tk                  =  9.41671e-07
tk                  =  9.44545e-07
tk                  =  9.47420e-07
tk                  =  9.50294e-07
tk                  =  9.53168e-07
tk                  =  9.56042e-07
tk                  =  9.58916e-07
tk                  =  9.61792e-07
tk                  =  9.64666e-07
tk                  =  9.67540e-07
tk                  =  9.70414e-07
tk                  =  9.73287e-07
tk                  =  9.76162e-07
tk                  =  9.79035e-07
tk                  =  9.81910e-07
tk                  =  9.84784e-07
tk                  =  9.87657e-07
tk                  =  9.90531e-07
tk                  =  9.93404e-07
tk                  =  9.96278e-07
tk                  =  9.99152e-07
tk                  =  1.00203e-06
tk                  =  1.00490e-06
tk                  =  1.00777e-06
tk                  =  1.01065e-06
tk                  =  1.01352e-06
tk                  =  1.01640e-06
tk                  =  1.01927e-06
tk                  =  1.02214e-06
tk                  =  1.02502e-06
tk                  =  1.02789e-06
tk                  =  1.03077e-06
tk                  =  1.03364e-06
tk                  =  1.03651e-06
tk                  =  1.03939e-06
tk                  =  1.04226e-06
tk                  =  1.04513e-06
tk                  =  1.04801e-06
tk                  =  1.05088e-06
tk                  =  1.05376e-06
tk                  =  1.05663e-06
tk                  =  1.05950e-06
tk                  =  1.06238e-06
tk                  =  1.06525e-06
tk                  =  1.06813e-06
tk                  =  1.07100e-06
tk                  =  1.07387e-06
tk                  =  1.07675e-06
tk                  =  1.07962e-06
tk                  =  1.08250e-06
tk                  =  1.08537e-06
tk                  =  1.08825e-06
tk                  =  1.09112e-06
tk                  =  1.09399e-06
tk                  =  1.09687e-06
tk                  =  1.09974e-06
tk                  =  1.10262e-06
tk                  =  1.10549e-06
tk                  =  1.10836e-06
tk                  =  1.11124e-06
tk                  =  1.11411e-06
tk                  =  1.11699e-06
tk                  =  1.11986e-06
tk                  =  1.12273e-06
tk                  =  1.12561e-06
tk                  =  1.12848e-06
tk                  =  1.13136e-06
tk                  =  1.13423e-06
tk                  =  1.13711e-06
tk                  =  1.13998e-06
tk                  =  1.14285e-06
tk                  =  1.14573e-06
tk                  =  1.14860e-06
tk                  =  1.15147e-06
tk                  =  1.15435e-06
tk                  =  1.15722e-06
tk                  =  1.16010e-06
tk                  =  1.16297e-06
tk                  =  1.16584e-06
tk                  =  1.16872e-06
tk                  =  1.17159e-06
tk                  =  1.17447e-06
tk                  =  1.17734e-06
tk                  =  1.18021e-06
tk                  =  1.18309e-06
tk                  =  1.18596e-06
tk                  =  1.18884e-06
tk                  =  1.19171e-06
tk                  =  1.19459e-06
tk                  =  1.19746e-06
tk                  =  1.20033e-06
tk                  =  1.20321e-06
tk                  =  1.20608e-06
tk                  =  1.20896e-06
tk                  =  1.21183e-06
tk                  =  1.21471e-06
tk                  =  1.21758e-06
tk                  =  1.22045e-06
tk                  =  1.22333e-06
tk                  =  1.22620e-06
tk                  =  1.22908e-06
tk                  =  1.23195e-06
tk                  =  1.23482e-06
tk                  =  1.23770e-06
tk                  =  1.24057e-06
tk                  =  1.24345e-06
tk                  =  1.24632e-06
tk                  =  1.24919e-06
tk                  =  1.25207e-06
tk                  =  1.25494e-06
tk                  =  1.25782e-06
tk                  =  1.26069e-06
tk                  =  1.26357e-06
tk                  =  1.26644e-06
tk                  =  1.26931e-06
tk                  =  1.27219e-06
tk                  =  1.27506e-06
tk                  =  1.27794e-06
tk                  =  1.28081e-06
tk                  =  1.28368e-06
tk                  =  1.28656e-06
tk                  =  1.28943e-06
tk                  =  1.29231e-06
tk                  =  1.29518e-06
tk                  =  1.29806e-06
tk                  =  1.30093e-06
tk                  =  1.30380e-06
tk                  =  1.30668e-06
tk                  =  1.30955e-06
tk                  =  1.31243e-06
tk                  =  1.31530e-06
tk                  =  1.31817e-06
tk                  =  1.32105e-06
tk                  =  1.32392e-06
tk                  =  1.32680e-06
tk                  =  1.32967e-06
tk                  =  1.33254e-06
tk                  =  1.33542e-06
tk                  =  1.33829e-06
tk                  =  1.34117e-06
tk                  =  1.34404e-06
tk                  =  1.34691e-06
tk                  =  1.34979e-06
tk                  =  1.35266e-06
tk                  =  1.35554e-06
tk                  =  1.35841e-06
tk                  =  1.36128e-06
tk                  =  1.36416e-06
tk                  =  1.36703e-06
tk                  =  1.36991e-06
tk                  =  1.37278e-06
tk                  =  1.37565e-06
tk                  =  1.37853e-06
tk                  =  1.38140e-06
tk                  =  1.38428e-06
tk                  =  1.38715e-06
tk                  =  1.39002e-06
tk                  =  1.39290e-06
tk                  =  1.39577e-06
tk                  =  1.39865e-06
tk                  =  1.40152e-06
tk                  =  1.40439e-06
tk                  =  1.40727e-06
tk                  =  1.41014e-06
tk                  =  1.41302e-06
tk                  =  1.41589e-06
tk                  =  1.41876e-06
tk                  =  1.42164e-06
tk                  =  1.42451e-06
tk                  =  1.42739e-06
tk                  =  1.43026e-06
tk                  =  1.43313e-06
tk                  =  1.43601e-06
tk                  =  1.43888e-06
tk                  =  1.44176e-06
tk                  =  1.44463e-06
tk                  =  1.44750e-06
tk                  =  1.45038e-06
tk                  =  1.45325e-06
tk                  =  1.45613e-06
tk                  =  1.45900e-06
tk                  =  1.46187e-06
tk                  =  1.46475e-06
tk                  =  1.46762e-06
tk                  =  1.47050e-06
tk                  =  1.47337e-06
tk                  =  1.47625e-06
tk                  =  1.47912e-06
tk                  =  1.48199e-06
tk                  =  1.48487e-06
tk                  =  1.48774e-06
tk                  =  1.49061e-06
tk                  =  1.49349e-06
tk                  =  1.49636e-06
tk                  =  1.49924e-06
tk                  =  1.50211e-06
tk                  =  1.50499e-06
tk                  =  1.50786e-06
tk                  =  1.51073e-06
tk                  =  1.51361e-06
tk                  =  1.51648e-06
tk                  =  1.51936e-06
tk                  =  1.52223e-06
tk                  =  1.52510e-06
tk                  =  1.52798e-06
tk                  =  1.53085e-06
tk                  =  1.53373e-06
tk                  =  1.53660e-06
tk                  =  1.53947e-06
tk                  =  1.54235e-06
tk                  =  1.54522e-06
tk                  =  1.54809e-06
tk                  =  1.55097e-06
tk                  =  1.55384e-06
tk                  =  1.55672e-06
tk                  =  1.55959e-06
tk                  =  1.56246e-06
tk                  =  1.56534e-06
tk                  =  1.56821e-06
tk                  =  1.57109e-06
tk                  =  1.57396e-06
tk                  =  1.57683e-06
tk                  =  1.57971e-06
tk                  =  1.58258e-06
tk                  =  1.58546e-06
tk                  =  1.58833e-06
tk                  =  1.59120e-06
tk                  =  1.59408e-06
tk                  =  1.59695e-06
tk                  =  1.59983e-06
tk                  =  1.60270e-06
tk                  =  1.60558e-06
tk                  =  1.60845e-06
tk                  =  1.61132e-06
tk                  =  1.61420e-06
tk                  =  1.61707e-06
tk                  =  1.61995e-06
tk                  =  1.62282e-06
tk                  =  1.62569e-06
tk                  =  1.62857e-06
tk                  =  1.63144e-06
tk                  =  1.63432e-06
tk                  =  1.63719e-06
tk                  =  1.64006e-06
tk                  =  1.64294e-06
tk                  =  1.64581e-06
tk                  =  1.64868e-06
tk                  =  1.65156e-06
tk                  =  1.65443e-06
tk                  =  1.65731e-06
tk                  =  1.66018e-06
tk                  =  1.66305e-06
tk                  =  1.66593e-06
tk                  =  1.66880e-06
tk                  =  1.67168e-06
tk                  =  1.67455e-06
tk                  =  1.67743e-06
tk                  =  1.68030e-06
tk                  =  1.68317e-06
tk                  =  1.68605e-06
tk                  =  1.68892e-06
tk                  =  1.69179e-06
tk                  =  1.69467e-06
tk                  =  1.69754e-06
tk                  =  1.70042e-06
tk                  =  1.70329e-06
tk                  =  1.70616e-06
tk                  =  1.70904e-06
tk                  =  1.71191e-06
tk                  =  1.71479e-06
tk                  =  1.71766e-06
tk                  =  1.72053e-06
tk                  =  1.72341e-06
tk                  =  1.72628e-06
tk                  =  1.72915e-06
tk                  =  1.73203e-06
tk                  =  1.73490e-06
tk                  =  1.73778e-06
tk                  =  1.74065e-06
tk                  =  1.74352e-06
tk                  =  1.74640e-06
tk                  =  1.74927e-06
tk                  =  1.75215e-06
tk                  =  1.75502e-06
tk                  =  1.75790e-06
tk                  =  1.76077e-06
tk                  =  1.76364e-06
tk                  =  1.76652e-06
tk                  =  1.76939e-06
tk                  =  1.77227e-06
tk                  =  1.77514e-06
tk                  =  1.77802e-06
tk                  =  1.78089e-06
tk                  =  1.78376e-06
tk                  =  1.78664e-06
tk                  =  1.78951e-06
tk                  =  1.79239e-06
tk                  =  1.79526e-06
tk                  =  1.79814e-06
tk                  =  1.80101e-06
tk                  =  1.80388e-06
tk                  =  1.80676e-06
tk                  =  1.80963e-06
tk                  =  1.81250e-06
tk                  =  1.81538e-06
tk                  =  1.81825e-06
tk                  =  1.82113e-06
tk                  =  1.82400e-06
tk                  =  1.82688e-06
tk                  =  1.82975e-06
tk                  =  1.83262e-06
tk                  =  1.83550e-06
tk                  =  1.83837e-06
tk                  =  1.84124e-06
tk                  =  1.84412e-06
tk                  =  1.84699e-06
tk                  =  1.84987e-06
tk                  =  1.85274e-06
tk                  =  1.85562e-06
tk                  =  1.85849e-06
tk                  =  1.86136e-06
tk                  =  1.86424e-06
tk                  =  1.86711e-06
tk                  =  1.86998e-06
tk                  =  1.87286e-06
tk                  =  1.87573e-06
tk                  =  1.87861e-06
tk                  =  1.88148e-06
tk                  =  1.88435e-06
tk                  =  1.88723e-06
tk                  =  1.89010e-06
tk                  =  1.89297e-06
tk                  =  1.89585e-06
tk                  =  1.89872e-06
tk                  =  1.90160e-06
tk                  =  1.90447e-06
tk                  =  1.90735e-06
tk                  =  1.91022e-06
tk                  =  1.91309e-06
tk                  =  1.91597e-06
tk                  =  1.91884e-06
tk                  =  1.92172e-06
tk                  =  1.92459e-06
tk                  =  1.92747e-06
tk                  =  1.93034e-06
tk                  =  1.93321e-06
tk                  =  1.93609e-06
tk                  =  1.93896e-06
tk                  =  1.94184e-06
tk                  =  1.94471e-06
tk                  =  1.94758e-06
tk                  =  1.95046e-06
tk                  =  1.95333e-06
tk                  =  1.95621e-06
tk                  =  1.95908e-06
tk                  =  1.96196e-06
tk                  =  1.96483e-06
tk                  =  1.96770e-06
tk                  =  1.97058e-06
tk                  =  1.97345e-06
tk                  =  1.97632e-06
tk                  =  1.97920e-06
tk                  =  1.98207e-06
tk                  =  1.98495e-06
tk                  =  1.98782e-06
tk                  =  1.99069e-06
tk                  =  1.99357e-06
tk                  =  1.99644e-06
tk                  =  1.99932e-06
tk                  =  2.00219e-06
tk                  =  2.00506e-06
tk                  =  2.00794e-06
tk                  =  2.01081e-06
tk                  =  2.01369e-06
tk                  =  2.01656e-06
tk                  =  2.01943e-06
tk                  =  2.02231e-06
tk                  =  2.02518e-06
tk                  =  2.02806e-06
tk                  =  2.03093e-06
tk                  =  2.03380e-06
tk                  =  2.03668e-06
tk                  =  2.03955e-06
tk                  =  2.04243e-06
tk                  =  2.04530e-06
tk                  =  2.04818e-06
tk                  =  2.05105e-06
tk                  =  2.05392e-06
tk                  =  2.05680e-06
tk                  =  2.05967e-06
tk                  =  2.06255e-06
tk                  =  2.06542e-06
tk                  =  2.06829e-06
tk                  =  2.07117e-06
tk                  =  2.07404e-06
tk                  =  2.07692e-06
tk                  =  2.07979e-06
tk                  =  2.08266e-06
tk                  =  2.08554e-06
tk                  =  2.08841e-06
tk                  =  2.09129e-06
tk                  =  2.09416e-06
tk                  =  2.09703e-06
tk                  =  2.09991e-06
tk                  =  2.10278e-06
tk                  =  2.10565e-06
tk                  =  2.10853e-06
tk                  =  2.11140e-06
tk                  =  2.11428e-06
tk                  =  2.11715e-06
tk                  =  2.12002e-06
tk                  =  2.12290e-06
tk                  =  2.12577e-06
tk                  =  2.12865e-06
tk                  =  2.13152e-06
tk                  =  2.13439e-06
tk                  =  2.13727e-06
tk                  =  2.14014e-06
tk                  =  2.14302e-06
tk                  =  2.14589e-06
tk                  =  2.14876e-06
tk                  =  2.15164e-06
tk                  =  2.15451e-06
tk                  =  2.15739e-06
tk                  =  2.16026e-06
tk                  =  2.16313e-06
tk                  =  2.16601e-06
tk                  =  2.16888e-06
tk                  =  2.17176e-06
tk                  =  2.17463e-06
tk                  =  2.17750e-06
tk                  =  2.18038e-06
tk                  =  2.18325e-06
tk                  =  2.18613e-06
tk                  =  2.18900e-06
tk                  =  2.19187e-06
tk                  =  2.19475e-06
tk                  =  2.19762e-06
tk                  =  2.20049e-06
tk                  =  2.20337e-06
tk                  =  2.20624e-06
tk                  =  2.20912e-06
tk                  =  2.21199e-06
qw0                 =  -1.39269e-02
qw1                 =  -4.16186e-02
m_period = 2.8740419922e-09
m_f_osc = 3.4794202824e+08
m_period_startup16 = 2.8737512500e-09
m_period_b00 = 2.8739418750e-09
m_period_b01 = 2.8739041667e-09
m_period_b02 = 2.8740895833e-09
m_period_b03 = 2.8740875000e-09
m_period_b04 = 2.8740000000e-09
m_period_b05 = 2.8740812500e-09
m_period_b06 = 2.8741645833e-09
m_period_b07 = 2.8739604167e-09
m_period_b08 = 2.8741041667e-09
m_period_b09 = 2.8740625000e-09
m_period_b10 = 2.8740208333e-09
m_period_b11 = 2.8739791667e-09
m_period_b12 = 2.8740833333e-09
m_period_b13 = 2.8739791667e-09
m_period_b14 = 2.8740416667e-09
m_period_b15 = 2.8739791667e-09
m_sigma_1 = 6.9104867696e-13
m_sigma_2 = 8.4743739748e-13
m_sigma_4 = 1.0481282697e-12
m_sigma_8 = 1.2941073597e-12
m_sigma_16 = 1.7659813776e-12
m_sigma_32 = 2.4474363417e-12
m_sigma_64 = 3.1022700242e-12
m_sigma_128 = 3.9140641625e-12
m_sigma_startup16_1 = 4.3637728325e-13
m_sigma_startup16_2 = 6.3540431822e-13
m_sigma_startup16_4 = 6.5745710594e-13
m_sigma_startup16_8 = 8.2873678974e-13
m_i_ring_a = 1.8818566921e-05
m_p_active_w = 6.2101270839e-05
m_e_per_cycle_j = 1.7848166016e-13
m_c_eff_node_f = 3.2779000946e-15
m_vsup_v = 3.3000000001e+00
Note: Simulation executed from .control section 

