
Note: No compatibility mode selected!


Circuit: * ring-liveness-tap-phase-clk-high @ tt_27c_3.30v -- generated by sim/harness, do not edit

Doing analysis at TEMP = 27.000000 and TNOM = 27.000000

Using SPARSE 1.3 as Direct Linear Solver

Initial Transient Solution
--------------------------

Node                                   Voltage
----                                   -------
vsup                                       3.3
en                                         3.3
vddr1                                      3.3
xg1.py                                 1.58325
n11                                          0
g10                                2.77051e-07
xg1.nm                             1.98871e-62
xg1.ny                             1.85648e-62
x11.py                                     3.3
n12                                        3.3
g11                                          0
x11.ny                             2.35462e-08
x12.py                                     3.3
n13                                1.24708e-07
g12                                        3.3
x12.ny                             1.06256e-07
x13.py                                     3.3
n14                                        3.3
g13                                1.24708e-07
x13.ny                             2.35463e-08
x14.py                                     3.3
ro1                                2.77051e-07
g14                                        3.3
x14.ny                             2.36059e-07
xsr1.clkb                          1.84515e-08
clk                                        3.3
xsr1.m                                     3.3
xsr1.mb                            1.11721e-07
rst_n                                      3.3
xsr1.mmid                          5.58603e-08
xsr1.mc                                    3.3
xsr1.s                             1.48392e-07
ring_bit1                                  3.3
xsr1.qb                            6.72865e-08
xsr1.s2mid                         3.36433e-08
q1                                 -9.2686e-16
x1                                       -1.65
bx1#branch                                   0
vr1#branch                          9.2686e-06
vrst#branch                                  0
vclk#branch                                  0
vn14#branch                                  0
vn13#branch                                  0
vn12#branch                                  0
vn11#branch                                  0
vn10#branch                        5.28156e-24
ven#branch                                   0
vsup#branch                       -9.26865e-06

 Reference value :  3.20700e-10
 Reference value :  7.27500e-10
 Reference value :  1.05150e-09
 Reference value :  1.46070e-09
 Reference value :  1.87650e-09
 Reference value :  2.29010e-09
 Reference value :  2.68030e-09
 Reference value :  3.09030e-09
 Reference value :  3.50550e-09
 Reference value :  3.91925e-09
 Reference value :  4.22010e-09
 Reference value :  4.59070e-09
 Reference value :  5.00450e-09
 Reference value :  5.41750e-09
 Reference value :  5.82750e-09
 Reference value :  6.24030e-09
 Reference value :  6.64010e-09
 Reference value :  7.05150e-09
 Reference value :  7.46750e-09
 Reference value :  7.88000e-09
 Reference value :  8.29350e-09
 Reference value :  8.70350e-09
 Reference value :  9.11000e-09
 Reference value :  9.48650e-09
 Reference value :  9.90000e-09
 Reference value :  1.03103e-08
 Reference value :  1.07245e-08
 Reference value :  1.11400e-08
 Reference value :  1.15535e-08
 Reference value :  1.19692e-08
 Reference value :  1.23800e-08
 Reference value :  1.27915e-08
 Reference value :  1.31685e-08
 Reference value :  1.35003e-08
 Reference value :  1.36992e-08
 Reference value :  1.39800e-08
 Reference value :  1.42625e-08
 Reference value :  1.45475e-08
 Reference value :  1.48035e-08
 Reference value :  1.50835e-08
 Reference value :  1.53625e-08
 Reference value :  1.56407e-08
 Reference value :  1.59135e-08
 Reference value :  1.61301e-08
 Reference value :  1.63465e-08
 Reference value :  1.65975e-08
 Reference value :  1.67635e-08
 Reference value :  1.69225e-08
 Reference value :  1.71075e-08
 Reference value :  1.73015e-08
 Reference value :  1.74685e-08
 Reference value :  1.78685e-08
 Reference value :  1.82725e-08
 Reference value :  1.86800e-08
 Reference value :  1.90565e-08
 Reference value :  1.94701e-08
 Reference value :  1.98807e-08
 Reference value :  2.02892e-08
 Reference value :  2.07007e-08
 Reference value :  2.11175e-08
 Reference value :  2.15285e-08
 Reference value :  2.19401e-08
 Reference value :  2.23555e-08
 Reference value :  2.27535e-08
 Reference value :  2.31692e-08
 Reference value :  2.35707e-08
 Reference value :  2.39855e-08
 Reference value :  2.43985e-08
 Reference value :  2.46703e-08
 Reference value :  2.49485e-08
 Reference value :  2.52392e-08
 Reference value :  2.55225e-08
 Reference value :  2.57455e-08
 Reference value :  2.59475e-08
 Reference value :  2.61835e-08
 Reference value :  2.64207e-08
 Reference value :  2.66800e-08
 Reference value :  2.69935e-08
 Reference value :  2.72203e-08
 Reference value :  2.74345e-08
 Reference value :  2.76675e-08
 Reference value :  2.80800e-08
 Reference value :  2.84801e-08
 Reference value :  2.88901e-08
 Reference value :  2.92625e-08
 Reference value :  2.96701e-08
 Reference value :  3.00292e-08
 Reference value :  3.03945e-08
 Reference value :  3.06245e-08
 Reference value :  3.08275e-08
 Reference value :  3.10403e-08
 Reference value :  3.14301e-08
 Reference value :  3.18400e-08
 Reference value :  3.22503e-08
 Reference value :  3.25935e-08
 Reference value :  3.28845e-08
 Reference value :  3.32935e-08
 Reference value :  3.37003e-08
 Reference value :  3.40765e-08
 Reference value :  3.43065e-08
 Reference value :  3.45115e-08
 Reference value :  3.47445e-08
 Reference value :  3.48175e-08
 Reference value :  3.52092e-08
 Reference value :  3.56015e-08
 Reference value :  3.59400e-08
 Reference value :  3.62755e-08
 Reference value :  3.66835e-08
 Reference value :  3.69501e-08
 Reference value :  3.72892e-08
 Reference value :  3.76925e-08
 Reference value :  3.81075e-08
 Reference value :  3.85192e-08
 Reference value :  3.89292e-08
 Reference value :  3.93415e-08
 Reference value :  3.97201e-08
 Reference value :  4.00745e-08
 Reference value :  4.04775e-08
 Reference value :  4.08901e-08
 Reference value :  4.13045e-08
 Reference value :  4.17145e-08
 Reference value :  4.21255e-08
 Reference value :  4.25400e-08
 Reference value :  4.29501e-08
 Reference value :  4.33103e-08
 Reference value :  4.36275e-08
 Reference value :  4.39503e-08
 Reference value :  4.43603e-08
 Reference value :  4.47745e-08
 Reference value :  4.51892e-08
 Reference value :  4.56015e-08
 Reference value :  4.60165e-08
 Reference value :  4.64303e-08
 Reference value :  4.68392e-08
 Reference value :  4.72203e-08
 Reference value :  4.75215e-08
 Reference value :  4.79307e-08
 Reference value :  4.83415e-08
 Reference value :  4.87455e-08
 Reference value :  4.91592e-08
 Reference value :  4.95685e-08
 Reference value :  4.99785e-08
 Reference value :  5.03907e-08
 Reference value :  5.08003e-08
 Reference value :  5.12103e-08
 Reference value :  5.15992e-08
 Reference value :  5.19800e-08
 Reference value :  5.23935e-08
 Reference value :  5.27915e-08
 Reference value :  5.32055e-08
 Reference value :  5.36201e-08
 Reference value :  5.40035e-08
 Reference value :  5.44107e-08
 Reference value :  5.48207e-08
 Reference value :  5.52301e-08
 Reference value :  5.56425e-08
 Reference value :  5.59792e-08
 Reference value :  5.61692e-08
 Reference value :  5.63735e-08
 Reference value :  5.66200e-08
 Reference value :  5.69025e-08
 Reference value :  5.72000e-08
 Reference value :  5.74715e-08
 Reference value :  5.77735e-08
 Reference value :  5.80285e-08
 Reference value :  5.81101e-08
 Reference value :  5.82415e-08
 Reference value :  5.83592e-08
 Reference value :  5.85035e-08
 Reference value :  5.86615e-08
 Reference value :  5.87807e-08
 Reference value :  5.89615e-08
 Reference value :  5.90875e-08
 Reference value :  5.91935e-08
 Reference value :  5.93235e-08
 Reference value :  5.95001e-08
 Reference value :  5.97292e-08
 Reference value :  5.99555e-08
 Reference value :  6.01807e-08
 Reference value :  6.05955e-08
 Reference value :  6.10103e-08
 Reference value :  6.14255e-08
 Reference value :  6.18407e-08
 Reference value :  6.21807e-08
 Reference value :  6.23765e-08
 Reference value :  6.24903e-08
 Reference value :  6.28045e-08
 Reference value :  6.32275e-08
 Reference value :  6.36403e-08
 Reference value :  6.40625e-08
 Reference value :  6.44865e-08
 Reference value :  6.49100e-08
 Reference value :  6.53215e-08
 Reference value :  6.57385e-08
 Reference value :  6.61585e-08
 Reference value :  6.64845e-08
 Reference value :  6.66755e-08
 Reference value :  6.70192e-08
 Reference value :  6.74385e-08
 Reference value :  6.78555e-08
 Reference value :  6.82785e-08
 Reference value :  6.86985e-08
 Reference value :  6.91207e-08
 Reference value :  6.95392e-08
 Reference value :  6.99601e-08
 Reference value :  7.03745e-08
 Reference value :  7.07935e-08
 Reference value :  7.12100e-08
 Reference value :  7.16335e-08
 Reference value :  7.20555e-08
 Reference value :  7.24785e-08
 Reference value :  7.29001e-08
 Reference value :  7.33203e-08
 Reference value :  7.37403e-08
 Reference value :  7.41645e-08
 Reference value :  7.45785e-08
 Reference value :  7.49865e-08
 Reference value :  7.54007e-08
 Reference value :  7.57145e-08
 Reference value :  7.61035e-08
 Reference value :  7.65275e-08
 Reference value :  7.69403e-08
 Reference value :  7.73301e-08
 Reference value :  7.77503e-08
 Reference value :  7.81735e-08
 Reference value :  7.85955e-08
 Reference value :  7.90185e-08
 Reference value :  7.94401e-08
 Reference value :  7.98615e-08
 Reference value :  8.02825e-08
 Reference value :  8.07055e-08
 Reference value :  8.11085e-08
 Reference value :  8.14145e-08
 Reference value :  8.18392e-08
 Reference value :  8.22555e-08
 Reference value :  8.26785e-08
 Reference value :  8.31001e-08
 Reference value :  8.34903e-08
 Reference value :  8.39092e-08
 Reference value :  8.42607e-08
 Reference value :  8.46655e-08
 Reference value :  8.50825e-08
 Reference value :  8.55085e-08
 Reference value :  8.59207e-08
 Reference value :  8.63315e-08
 Reference value :  8.67555e-08
 Reference value :  8.71607e-08
 Reference value :  8.75215e-08
 Reference value :  8.79465e-08
 Reference value :  8.83685e-08
 Reference value :  8.87107e-08
 Reference value :  8.91300e-08
 Reference value :  8.94100e-08
 Reference value :  8.98065e-08
 Reference value :  9.02201e-08
 Reference value :  9.04575e-08
 Reference value :  9.07292e-08
 Reference value :  9.10975e-08
 Reference value :  9.14400e-08
 Reference value :  9.16901e-08
 Reference value :  9.19107e-08
 Reference value :  9.21675e-08
 Reference value :  9.24555e-08
 Reference value :  9.27401e-08
 Reference value :  9.29907e-08
 Reference value :  9.32507e-08
 Reference value :  9.34785e-08
 Reference value :  9.38675e-08
 Reference value :  9.41635e-08
 Reference value :  9.44100e-08
 Reference value :  9.46415e-08
 Reference value :  9.47985e-08
 Reference value :  9.50175e-08
 Reference value :  9.53101e-08
 Reference value :  9.55325e-08
 Reference value :  9.58200e-08
 Reference value :  9.60135e-08
 Reference value :  9.62475e-08
 Reference value :  9.64592e-08
 Reference value :  9.66901e-08
 Reference value :  9.68503e-08
 Reference value :  9.70535e-08
 Reference value :  9.72765e-08
 Reference value :  9.74725e-08
 Reference value :  9.74755e-08
 Reference value :  9.74792e-08
 Reference value :  9.74803e-08
 Reference value :  9.74825e-08
 Reference value :  9.74865e-08
 Reference value :  9.77003e-08
 Reference value :  9.79165e-08
 Reference value :  9.80665e-08
 Reference value :  9.80900e-08
 Reference value :  9.82892e-08
 Reference value :  9.82985e-08
 Reference value :  9.83003e-08
 Reference value :  9.83035e-08
 Reference value :  9.84500e-08
 Reference value :  9.87692e-08
 Reference value :  9.91525e-08
 Reference value :  9.94915e-08
 Reference value :  9.98925e-08
 Reference value :  1.00298e-07
 Reference value :  1.00642e-07
 Reference value :  1.01054e-07
 Reference value :  1.01294e-07
 Reference value :  1.01537e-07
 Reference value :  1.01911e-07
 Reference value :  1.02325e-07
 Reference value :  1.02654e-07
 Reference value :  1.03031e-07
 Reference value :  1.03438e-07
 Reference value :  1.03851e-07
 Reference value :  1.04270e-07
 Reference value :  1.04689e-07
 Reference value :  1.05091e-07
 Reference value :  1.05501e-07
 Reference value :  1.05911e-07
 Reference value :  1.06330e-07
 Reference value :  1.06744e-07
 Reference value :  1.07160e-07
 Reference value :  1.07577e-07
 Reference value :  1.07989e-07
 Reference value :  1.08403e-07
 Reference value :  1.08659e-07
 Reference value :  1.08916e-07
 Reference value :  1.09143e-07
 Reference value :  1.09440e-07
 Reference value :  1.09695e-07
 Reference value :  1.09972e-07
 Reference value :  1.10269e-07
 Reference value :  1.10597e-07
 Reference value :  1.10805e-07
 Reference value :  1.11040e-07
 Reference value :  1.11243e-07
 Reference value :  1.11465e-07
 Reference value :  1.11687e-07
 Reference value :  1.11980e-07
 Reference value :  1.12341e-07
 Reference value :  1.12651e-07
 Reference value :  1.13070e-07
 Reference value :  1.13484e-07
 Reference value :  1.13900e-07
 Reference value :  1.14265e-07
 Reference value :  1.14575e-07
 Reference value :  1.14988e-07
 Reference value :  1.15401e-07
 Reference value :  1.15802e-07
 Reference value :  1.16213e-07
 Reference value :  1.16621e-07
 Reference value :  1.16917e-07
 Reference value :  1.17172e-07
 Reference value :  1.17488e-07
 Reference value :  1.17843e-07
 Reference value :  1.18260e-07
 Reference value :  1.18636e-07
 Reference value :  1.19049e-07
 Reference value :  1.19465e-07
 Reference value :  1.19881e-07
 Reference value :  1.20300e-07
 Reference value :  1.20718e-07
 Reference value :  1.21137e-07
 Reference value :  1.21551e-07
 Reference value :  1.21969e-07
 Reference value :  1.22361e-07
 Reference value :  1.22760e-07
 Reference value :  1.23170e-07
 Reference value :  1.23586e-07
 Reference value :  1.24003e-07
 Reference value :  1.24420e-07
 Reference value :  1.24838e-07
 Reference value :  1.25251e-07
 Reference value :  1.25670e-07
 Reference value :  1.26082e-07
 Reference value :  1.26501e-07
 Reference value :  1.26919e-07
 Reference value :  1.27335e-07
 Reference value :  1.27747e-07
 Reference value :  1.28160e-07
 Reference value :  1.28574e-07
 Reference value :  1.28991e-07
 Reference value :  1.29410e-07
 Reference value :  1.29826e-07
 Reference value :  1.30243e-07
 Reference value :  1.30653e-07
 Reference value :  1.30930e-07
 Reference value :  1.31198e-07
 Reference value :  1.31450e-07
 Reference value :  1.31680e-07
 Reference value :  1.31942e-07
 Reference value :  1.32216e-07
 Reference value :  1.32519e-07
 Reference value :  1.32778e-07
 Reference value :  1.32990e-07
 Reference value :  1.33219e-07
 Reference value :  1.33468e-07
 Reference value :  1.33619e-07
 Reference value :  1.33802e-07
 Reference value :  1.34214e-07
 Reference value :  1.34631e-07
 Reference value :  1.35050e-07
 Reference value :  1.35360e-07
 Reference value :  1.35748e-07
 Reference value :  1.36159e-07
 Reference value :  1.36574e-07
 Reference value :  1.36991e-07
 Reference value :  1.37407e-07
 Reference value :  1.37824e-07
 Reference value :  1.38228e-07
 Reference value :  1.38575e-07
 Reference value :  1.38824e-07
 Reference value :  1.39231e-07
 Reference value :  1.39646e-07
 Reference value :  1.40051e-07
 Reference value :  1.40430e-07
 Reference value :  1.40721e-07
 Reference value :  1.41137e-07
 Reference value :  1.41413e-07
 Reference value :  1.41792e-07
 Reference value :  1.42210e-07
 Reference value :  1.42612e-07
 Reference value :  1.43030e-07
 Reference value :  1.43446e-07
 Reference value :  1.43860e-07
 Reference value :  1.44277e-07
 Reference value :  1.44630e-07
 Reference value :  1.44899e-07
 Reference value :  1.45270e-07
 Reference value :  1.45651e-07
 Reference value :  1.46068e-07
 Reference value :  1.46481e-07
 Reference value :  1.46900e-07
 Reference value :  1.47315e-07
 Reference value :  1.47732e-07
 Reference value :  1.48147e-07
 Reference value :  1.48550e-07
 Reference value :  1.48907e-07
 Reference value :  1.49308e-07
 Reference value :  1.49705e-07
 Reference value :  1.50117e-07
 Reference value :  1.50531e-07
 Reference value :  1.50891e-07
 Reference value :  1.51151e-07
 Reference value :  1.51420e-07
 Reference value :  1.51719e-07
 Reference value :  1.52015e-07
 Reference value :  1.52270e-07
 Reference value :  1.52564e-07
 Reference value :  1.52869e-07
 Reference value :  1.53139e-07
 Reference value :  1.53427e-07
 Reference value :  1.53656e-07
 Reference value :  1.53846e-07
 Reference value :  1.54143e-07
 Reference value :  1.54395e-07
 Reference value :  1.54693e-07
 Reference value :  1.54963e-07
 Reference value :  1.55200e-07
 Reference value :  1.55371e-07
 Reference value :  1.55491e-07
 Reference value :  1.55909e-07
 Reference value :  1.56324e-07
 Reference value :  1.56742e-07
 Reference value :  1.57035e-07
 Reference value :  1.57223e-07
 Reference value :  1.57513e-07
 Reference value :  1.57925e-07
 Reference value :  1.58327e-07
 Reference value :  1.58620e-07
 Reference value :  1.59031e-07
 Reference value :  1.59442e-07
 Reference value :  1.59842e-07
 Reference value :  1.60259e-07
 Reference value :  1.60675e-07
 Reference value :  1.61090e-07
 Reference value :  1.61503e-07
 Reference value :  1.61920e-07
 Reference value :  1.62230e-07
 Reference value :  1.62591e-07
 Reference value :  1.63007e-07
 Reference value :  1.63421e-07
 Reference value :  1.63839e-07
 Reference value :  1.64255e-07
 Reference value :  1.64670e-07
 Reference value :  1.65070e-07
 Reference value :  1.65486e-07
 Reference value :  1.65901e-07
 Reference value :  1.66274e-07
 Reference value :  1.66680e-07
 Reference value :  1.67097e-07
 Reference value :  1.67513e-07
 Reference value :  1.67931e-07
 Reference value :  1.68343e-07
 Reference value :  1.68750e-07
 Reference value :  1.69166e-07
 Reference value :  1.69555e-07
 Reference value :  1.69960e-07
 Reference value :  1.70379e-07
 Reference value :  1.70794e-07
 Reference value :  1.71210e-07
 Reference value :  1.71623e-07
 Reference value :  1.72021e-07
 Reference value :  1.72440e-07
 Reference value :  1.72856e-07
 Reference value :  1.73270e-07
 Reference value :  1.73685e-07
 Reference value :  1.74101e-07
 Reference value :  1.74510e-07
 Reference value :  1.74923e-07
 Reference value :  1.75156e-07
 Reference value :  1.75409e-07
 Reference value :  1.75690e-07
 Reference value :  1.75969e-07
 Reference value :  1.76244e-07
 Reference value :  1.76516e-07
 Reference value :  1.76780e-07
 Reference value :  1.77025e-07
 Reference value :  1.77285e-07
 Reference value :  1.77571e-07
 Reference value :  1.77817e-07
 Reference value :  1.78014e-07
 Reference value :  1.78290e-07
 Reference value :  1.78707e-07
 Reference value :  1.79110e-07
 Reference value :  1.79525e-07
 Reference value :  1.79941e-07
 Reference value :  1.80239e-07
 Reference value :  1.80620e-07
 Reference value :  1.81036e-07
 Reference value :  1.81337e-07
 Reference value :  1.81590e-07
 Reference value :  1.81781e-07
 Reference value :  1.82194e-07
 Reference value :  1.82618e-07
 Reference value :  1.83040e-07
 Reference value :  1.83457e-07
 Reference value :  1.83876e-07
 Reference value :  1.84203e-07
 Reference value :  1.84490e-07
 Reference value :  1.84797e-07
 Reference value :  1.85051e-07
 Reference value :  1.85278e-07
 Reference value :  1.85539e-07
 Reference value :  1.85750e-07
 Reference value :  1.86005e-07
 Reference value :  1.86260e-07
 Reference value :  1.86670e-07
 Reference value :  1.87084e-07
 Reference value :  1.87478e-07
 Reference value :  1.87856e-07
 Reference value :  1.88190e-07
 Reference value :  1.88425e-07
 Reference value :  1.88436e-07
 Reference value :  1.88439e-07
 Reference value :  1.88606e-07
 Reference value :  1.88845e-07
 Reference value :  1.89097e-07
 Reference value :  1.89311e-07
 Reference value :  1.89570e-07
 Reference value :  1.89810e-07
 Reference value :  1.89871e-07
 Reference value :  1.90062e-07
 Reference value :  1.90336e-07
 Reference value :  1.90562e-07
 Reference value :  1.90982e-07
 Reference value :  1.91406e-07
 Reference value :  1.91816e-07
 Reference value :  1.92235e-07
 Reference value :  1.92659e-07
 Reference value :  1.93060e-07
 Reference value :  1.93481e-07
 Reference value :  1.93902e-07
 Reference value :  1.94132e-07
 Reference value :  1.94477e-07
 Reference value :  1.94900e-07
 Reference value :  1.95323e-07
 Reference value :  1.95700e-07
 Reference value :  1.95940e-07
 Reference value :  1.96211e-07
 Reference value :  1.96514e-07
 Reference value :  1.96785e-07
 Reference value :  1.96981e-07
 Reference value :  1.97271e-07
 Reference value :  1.97339e-07
 Reference value :  1.97406e-07
 Reference value :  1.97427e-07
 Reference value :  1.97547e-07
 Reference value :  1.97716e-07
 Reference value :  1.97861e-07
 Reference value :  1.97954e-07
 Reference value :  1.97958e-07
 Reference value :  1.98270e-07
 Reference value :  1.98671e-07
 Reference value :  1.98870e-07
 Reference value :  1.99260e-07
 Reference value :  1.99631e-07
 Reference value :  2.00005e-07
 Reference value :  2.00140e-07
 Reference value :  2.00161e-07
 Reference value :  2.00509e-07
 Reference value :  2.00921e-07
 Reference value :  2.01301e-07
 Reference value :  2.01726e-07
 Reference value :  2.02150e-07
 Reference value :  2.02551e-07
 Reference value :  2.02709e-07
 Reference value :  2.02849e-07
 Reference value :  2.03226e-07
 Reference value :  2.03636e-07
 Reference value :  2.04040e-07
 Reference value :  2.04453e-07
 Reference value :  2.04845e-07
 Reference value :  2.05048e-07
 Reference value :  2.05242e-07
 Reference value :  2.05591e-07
 Reference value :  2.06004e-07
 Reference value :  2.06415e-07
 Reference value :  2.06827e-07
 Reference value :  2.07100e-07
 Reference value :  2.07307e-07
 Reference value :  2.07431e-07
 Reference value :  2.07844e-07
 Reference value :  2.08254e-07
 Reference value :  2.08653e-07
 Reference value :  2.09068e-07
 Reference value :  2.09470e-07
 Reference value :  2.09801e-07
 Reference value :  2.10012e-07
 Reference value :  2.10043e-07
 Reference value :  2.10047e-07
 Reference value :  2.10141e-07
 Reference value :  2.10400e-07
 Reference value :  2.10606e-07
 Reference value :  2.10821e-07
 Reference value :  2.11237e-07
 Reference value :  2.11650e-07
 Reference value :  2.12018e-07
 Reference value :  2.12440e-07
 Reference value :  2.12626e-07
 Reference value :  2.12822e-07
 Reference value :  2.13101e-07
 Reference value :  2.13522e-07
 Reference value :  2.13944e-07
 Reference value :  2.14364e-07
 Reference value :  2.14780e-07
 Reference value :  2.14902e-07
 Reference value :  2.15022e-07
 Reference value :  2.15260e-07
 Reference value :  2.15661e-07
 Reference value :  2.16075e-07
 Reference value :  2.16494e-07
 Reference value :  2.16874e-07
 Reference value :  2.17234e-07
 Reference value :  2.17610e-07
 Reference value :  2.17870e-07
 Reference value :  2.18049e-07
 Reference value :  2.18245e-07
 Reference value :  2.18642e-07
 Reference value :  2.18987e-07
 Reference value :  2.19264e-07
 Reference value :  2.19670e-07
 Reference value :  2.20083e-07
 Reference value :  2.20460e-07
 Reference value :  2.20877e-07
 Reference value :  2.21292e-07
 Reference value :  2.21711e-07
 Reference value :  2.22121e-07
 Reference value :  2.22540e-07
 Reference value :  2.22958e-07
 Reference value :  2.23371e-07
 Reference value :  2.23790e-07
 Reference value :  2.24208e-07
 Reference value :  2.24610e-07
 Reference value :  2.25025e-07
 Reference value :  2.25421e-07
 Reference value :  2.25832e-07
 Reference value :  2.26250e-07
 Reference value :  2.26665e-07
 Reference value :  2.27084e-07
 Reference value :  2.27500e-07
 Reference value :  2.27912e-07
 Reference value :  2.28331e-07
 Reference value :  2.28750e-07
 Reference value :  2.29167e-07
 Reference value :  2.29583e-07
 Reference value :  2.29997e-07
 Reference value :  2.30410e-07
 Reference value :  2.30805e-07
 Reference value :  2.31210e-07
 Reference value :  2.31477e-07
 Reference value :  2.31710e-07
 Reference value :  2.31974e-07
 Reference value :  2.32185e-07
 Reference value :  2.32383e-07
 Reference value :  2.32541e-07
 Reference value :  2.32722e-07
 Reference value :  2.32910e-07
 Reference value :  2.33018e-07
 Reference value :  2.33139e-07
 Reference value :  2.33244e-07
 Reference value :  2.33374e-07
 Reference value :  2.33431e-07
 Reference value :  2.33601e-07
 Reference value :  2.33780e-07
 Reference value :  2.33945e-07
 Reference value :  2.34071e-07
 Reference value :  2.34281e-07
 Reference value :  2.34430e-07
 Reference value :  2.34495e-07
 Reference value :  2.34643e-07
 Reference value :  2.34771e-07
 Reference value :  2.34852e-07
 Reference value :  2.35180e-07
 Reference value :  2.35593e-07
 Reference value :  2.36007e-07
 Reference value :  2.36421e-07
 Reference value :  2.36664e-07
 Reference value :  2.36807e-07
 Reference value :  2.37017e-07
 Reference value :  2.37259e-07
 Reference value :  2.37441e-07
 Reference value :  2.37652e-07
 Reference value :  2.38070e-07
 Reference value :  2.38354e-07
 Reference value :  2.38761e-07
 Reference value :  2.39127e-07
 Reference value :  2.39524e-07
 Reference value :  2.39915e-07
 Reference value :  2.40332e-07
 Reference value :  2.40750e-07
 Reference value :  2.41170e-07
 Reference value :  2.41582e-07
 Reference value :  2.41915e-07
 Reference value :  2.42178e-07
 Reference value :  2.42438e-07
 Reference value :  2.42660e-07
 Reference value :  2.42864e-07
 Reference value :  2.43274e-07
 Reference value :  2.43680e-07
 Reference value :  2.44094e-07
 Reference value :  2.44510e-07
 Reference value :  2.44868e-07
 Reference value :  2.45212e-07
 Reference value :  2.45409e-07
 Reference value :  2.45650e-07
 Reference value :  2.45887e-07
 Reference value :  2.46035e-07
 Reference value :  2.46405e-07
 Reference value :  2.46821e-07
 Reference value :  2.47240e-07
 Reference value :  2.47659e-07
 Reference value :  2.48076e-07
 Reference value :  2.48490e-07
 Reference value :  2.48779e-07
 Reference value :  2.49031e-07
 Reference value :  2.49226e-07
 Reference value :  2.49466e-07
 Reference value :  2.49675e-07
 Reference value :  2.49980e-07
 Reference value :  2.50369e-07
 Reference value :  2.50720e-07
 Reference value :  2.51067e-07
 Reference value :  2.51482e-07
 Reference value :  2.51900e-07
 Reference value :  2.52312e-07
 Reference value :  2.52727e-07
 Reference value :  2.53098e-07
 Reference value :  2.53434e-07
 Reference value :  2.53850e-07
 Reference value :  2.54186e-07
 Reference value :  2.54425e-07
 Reference value :  2.54636e-07
 Reference value :  2.54844e-07
 Reference value :  2.55170e-07
 Reference value :  2.55583e-07
 Reference value :  2.56005e-07
 Reference value :  2.56393e-07
 Reference value :  2.56742e-07
 Reference value :  2.56900e-07
 Reference value :  2.57252e-07
 Reference value :  2.57559e-07
 Reference value :  2.57957e-07
 Reference value :  2.58309e-07
 Reference value :  2.58650e-07
 Reference value :  2.58911e-07
 Reference value :  2.59103e-07
 Reference value :  2.59211e-07
 Reference value :  2.59517e-07
 Reference value :  2.59940e-07
 Reference value :  2.60330e-07
 Reference value :  2.60752e-07
 Reference value :  2.61177e-07
 Reference value :  2.61600e-07
 Reference value :  2.61989e-07
 Reference value :  2.62380e-07
 Reference value :  2.62800e-07
 Reference value :  2.63220e-07
 Reference value :  2.63641e-07
 Reference value :  2.64061e-07
 Reference value :  2.64446e-07
 Reference value :  2.64652e-07
 Reference value :  2.64908e-07
 Reference value :  2.65188e-07
 Reference value :  2.65427e-07
 Reference value :  2.65599e-07
 Reference value :  2.65940e-07
 Reference value :  2.66358e-07
 Reference value :  2.66763e-07
 Reference value :  2.67180e-07
 Reference value :  2.67600e-07
 Reference value :  2.68020e-07
 Reference value :  2.68441e-07
 Reference value :  2.68686e-07
 Reference value :  2.69037e-07
 Reference value :  2.69459e-07
 Reference value :  2.69861e-07
 Reference value :  2.70272e-07
 Reference value :  2.70693e-07
 Reference value :  2.71115e-07
 Reference value :  2.71535e-07
 Reference value :  2.71944e-07
 Reference value :  2.72365e-07
 Reference value :  2.72781e-07
 Reference value :  2.73201e-07
 Reference value :  2.73620e-07
 Reference value :  2.74010e-07
 Reference value :  2.74423e-07
 Reference value :  2.74844e-07
 Reference value :  2.75220e-07
 Reference value :  2.75538e-07
 Reference value :  2.75957e-07
 Reference value :  2.76377e-07
 Reference value :  2.76800e-07
 Reference value :  2.77217e-07
 Reference value :  2.77631e-07
 Reference value :  2.78051e-07
 Reference value :  2.78472e-07
 Reference value :  2.78892e-07
 Reference value :  2.79277e-07
 Reference value :  2.79697e-07
 Reference value :  2.80080e-07
 Reference value :  2.80351e-07
 Reference value :  2.80540e-07
 Reference value :  2.80749e-07
 Reference value :  2.81000e-07
 Reference value :  2.81274e-07
 Reference value :  2.81686e-07
 Reference value :  2.82068e-07
 Reference value :  2.82489e-07
 Reference value :  2.82909e-07
 Reference value :  2.83330e-07
 Reference value :  2.83731e-07
 Reference value :  2.84151e-07
 Reference value :  2.84571e-07
 Reference value :  2.84990e-07
 Reference value :  2.85339e-07
 Reference value :  2.85541e-07
 Reference value :  2.85790e-07
 Reference value :  2.85993e-07
 Reference value :  2.86365e-07
 Reference value :  2.86780e-07
 Reference value :  2.87200e-07
 Reference value :  2.87621e-07
 Reference value :  2.88041e-07
 Reference value :  2.88462e-07
 Reference value :  2.88770e-07
 Reference value :  2.89000e-07
 Reference value :  2.89241e-07
 Reference value :  2.89455e-07
 Reference value :  2.89654e-07
 Reference value :  2.90074e-07
 Reference value :  2.90478e-07
 Reference value :  2.90878e-07
 Reference value :  2.91298e-07
 Reference value :  2.91717e-07
 Reference value :  2.92104e-07
 Reference value :  2.92350e-07
 Reference value :  2.92598e-07
 Reference value :  2.92860e-07
 Reference value :  2.93217e-07
 Reference value :  2.93631e-07
 Reference value :  2.93883e-07
 Reference value :  2.94283e-07
 Reference value :  2.94681e-07
 Reference value :  2.95095e-07
 Reference value :  2.95371e-07
 Reference value :  2.95571e-07
 Reference value :  2.95878e-07
 Reference value :  2.96291e-07
 Reference value :  2.96706e-07
 Reference value :  2.97021e-07
 Reference value :  2.97243e-07
 Reference value :  2.97420e-07
 Reference value :  2.97539e-07
 Reference value :  2.97626e-07
 Reference value :  2.97763e-07
 Reference value :  2.98000e-07
 Reference value :  2.98274e-07
 Reference value :  2.98527e-07
 Reference value :  2.98796e-07
 Reference value :  2.99025e-07
 Reference value :  2.99373e-07
 Reference value :  2.99648e-07
 Reference value :  2.99787e-07
 Reference value :  2.99919e-07
 Reference value :  3.00012e-07
 Reference value :  3.00022e-07
 Reference value :  3.00166e-07
 Reference value :  3.00342e-07
 Reference value :  3.00617e-07
 Reference value :  3.00821e-07
 Reference value :  3.01030e-07
 Reference value :  3.01138e-07
 Reference value :  3.01140e-07
 Reference value :  3.01142e-07
 Reference value :  3.01183e-07
 Reference value :  3.01412e-07
 Reference value :  3.01518e-07
 Reference value :  3.01739e-07
 Reference value :  3.01983e-07
 Reference value :  3.02187e-07
 Reference value :  3.02404e-07
 Reference value :  3.02481e-07
 Reference value :  3.02654e-07
 Reference value :  3.02880e-07
 Reference value :  3.02999e-07
 Reference value :  3.03141e-07
 Reference value :  3.03300e-07
 Reference value :  3.03425e-07
 Reference value :  3.03630e-07
 Reference value :  3.03673e-07
 Reference value :  3.03677e-07
 Reference value :  3.03680e-07
 Reference value :  3.03969e-07
 Reference value :  3.04365e-07
 Reference value :  3.04770e-07
 Reference value :  3.05000e-07
 Reference value :  3.05198e-07
 Reference value :  3.05459e-07
 Reference value :  3.05731e-07
 Reference value :  3.05932e-07
 Reference value :  3.06059e-07
 Reference value :  3.06226e-07
 Reference value :  3.06423e-07
 Reference value :  3.06657e-07
 Reference value :  3.07018e-07
 Reference value :  3.07020e-07
 Reference value :  3.07022e-07
 Reference value :  3.07025e-07
 Reference value :  3.07028e-07
 Reference value :  3.07030e-07
 Reference value :  3.07031e-07
 Reference value :  3.07035e-07
 Reference value :  3.07039e-07
 Reference value :  3.07040e-07
 Reference value :  3.07043e-07
 Reference value :  3.07056e-07
 Reference value :  3.07244e-07
 Reference value :  3.07462e-07
 Reference value :  3.07638e-07
 Reference value :  3.07833e-07
 Reference value :  3.08049e-07
 Reference value :  3.08234e-07
 Reference value :  3.08466e-07
 Reference value :  3.08580e-07
 Reference value :  3.08710e-07
 Reference value :  3.08793e-07
 Reference value :  3.08829e-07
 Reference value :  3.08830e-07
 Reference value :  3.08983e-07
 Reference value :  3.09362e-07
 Reference value :  3.09695e-07
 Reference value :  3.10106e-07
 Reference value :  3.10292e-07
 Reference value :  3.10550e-07
 Reference value :  3.10969e-07
 Reference value :  3.11345e-07
 Reference value :  3.11750e-07
 Reference value :  3.12115e-07
 Reference value :  3.12536e-07
 Reference value :  3.12952e-07
 Reference value :  3.13354e-07
 Reference value :  3.13778e-07
 Reference value :  3.14160e-07
 Reference value :  3.14581e-07
 Reference value :  3.15000e-07
 Reference value :  3.15423e-07
 Reference value :  3.15847e-07
 Reference value :  3.16271e-07
 Reference value :  3.16693e-07
 Reference value :  3.17096e-07
 Reference value :  3.17520e-07
 Reference value :  3.17929e-07
 Reference value :  3.18351e-07
 Reference value :  3.18775e-07
 Reference value :  3.19200e-07
 Reference value :  3.19620e-07
 Reference value :  3.20043e-07
 Reference value :  3.20469e-07
 Reference value :  3.20866e-07
 Reference value :  3.21290e-07
 Reference value :  3.21713e-07
 Reference value :  3.22134e-07
 Reference value :  3.22553e-07
 Reference value :  3.22978e-07
 Reference value :  3.23401e-07
 Reference value :  3.23824e-07
 Reference value :  3.24220e-07
 Reference value :  3.24526e-07
 Reference value :  3.24948e-07
 Reference value :  3.25371e-07
 Reference value :  3.25795e-07
 Reference value :  3.26206e-07
 Reference value :  3.26627e-07
 Reference value :  3.27051e-07
 Reference value :  3.27470e-07
 Reference value :  3.27890e-07
 Reference value :  3.28312e-07
 Reference value :  3.28737e-07
 Reference value :  3.29160e-07
 Reference value :  3.29583e-07
 Reference value :  3.30000e-07
 Reference value :  3.30420e-07
 Reference value :  3.30840e-07
 Reference value :  3.31264e-07
 Reference value :  3.31688e-07
 Reference value :  3.32038e-07
 Reference value :  3.32390e-07
 Reference value :  3.32802e-07
 Reference value :  3.33220e-07
 Reference value :  3.33605e-07
 Reference value :  3.34027e-07
 Reference value :  3.34438e-07
 Reference value :  3.34860e-07
 Reference value :  3.35282e-07
 Reference value :  3.35701e-07
 Reference value :  3.36126e-07
 Reference value :  3.36540e-07
 Reference value :  3.36962e-07
 Reference value :  3.37381e-07
 Reference value :  3.37769e-07
 Reference value :  3.38191e-07
 Reference value :  3.38615e-07
 Reference value :  3.39019e-07
 Reference value :  3.39441e-07
 Reference value :  3.39864e-07
 Reference value :  3.40287e-07
 Reference value :  3.40708e-07
 Reference value :  3.41102e-07
 Reference value :  3.41430e-07
 Reference value :  3.41728e-07
 Reference value :  3.41869e-07
 Reference value :  3.42042e-07
 Reference value :  3.42193e-07
 Reference value :  3.42361e-07
 Reference value :  3.42540e-07
 Reference value :  3.42676e-07
 Reference value :  3.42765e-07
 Reference value :  3.42901e-07
 Reference value :  3.43044e-07
 Reference value :  3.43204e-07
 Reference value :  3.43389e-07
 Reference value :  3.43580e-07
 Reference value :  3.43627e-07
 Reference value :  3.43831e-07
 Reference value :  3.44251e-07
 Reference value :  3.44674e-07
 Reference value :  3.45098e-07
 Reference value :  3.45486e-07
 Reference value :  3.45813e-07
 Reference value :  3.46192e-07
 Reference value :  3.46541e-07
 Reference value :  3.46910e-07
 Reference value :  3.47161e-07
 Reference value :  3.47404e-07
 Reference value :  3.47827e-07
 Reference value :  3.48237e-07
 Reference value :  3.48624e-07
 Reference value :  3.49048e-07
 Reference value :  3.49455e-07
 Reference value :  3.49876e-07
 Reference value :  3.50258e-07
 Reference value :  3.50673e-07
 Reference value :  3.51096e-07
 Reference value :  3.51519e-07
 Reference value :  3.51941e-07
 Reference value :  3.52362e-07
 Reference value :  3.52767e-07
 Reference value :  3.53066e-07
 Reference value :  3.53489e-07
 Reference value :  3.53885e-07
 Reference value :  3.54283e-07
 Reference value :  3.54706e-07
 Reference value :  3.55124e-07
 Reference value :  3.55549e-07
 Reference value :  3.55971e-07
 Reference value :  3.56395e-07
 Reference value :  3.56816e-07
 Reference value :  3.57240e-07
 Reference value :  3.57552e-07
 Reference value :  3.57848e-07
 Reference value :  3.58255e-07
 Reference value :  3.58485e-07
 Reference value :  3.58745e-07
 Reference value :  3.59032e-07
 Reference value :  3.59333e-07
 Reference value :  3.59587e-07
 Reference value :  3.59843e-07
 Reference value :  3.60141e-07
 Reference value :  3.60419e-07
 Reference value :  3.60680e-07
 Reference value :  3.60933e-07
 Reference value :  3.61212e-07
 Reference value :  3.61492e-07
 Reference value :  3.61781e-07
 Reference value :  3.62046e-07
 Reference value :  3.62385e-07
 Reference value :  3.62810e-07
 Reference value :  3.63201e-07
 Reference value :  3.63624e-07
 Reference value :  3.64039e-07
 Reference value :  3.64435e-07
 Reference value :  3.64854e-07
 Reference value :  3.65266e-07
 Reference value :  3.65690e-07
 Reference value :  3.66112e-07
 Reference value :  3.66536e-07
 Reference value :  3.66956e-07
 Reference value :  3.67380e-07
 Reference value :  3.67801e-07
 Reference value :  3.68213e-07
 Reference value :  3.68618e-07
 Reference value :  3.68920e-07
 Reference value :  3.69341e-07
 Reference value :  3.69751e-07
 Reference value :  3.70175e-07
 Reference value :  3.70575e-07
 Reference value :  3.70981e-07
 Reference value :  3.71400e-07
 Reference value :  3.71822e-07
 Reference value :  3.72245e-07
 Reference value :  3.72669e-07
 Reference value :  3.72980e-07
 Reference value :  3.73246e-07
 Reference value :  3.73513e-07
 Reference value :  3.73810e-07
 Reference value :  3.74030e-07
 Reference value :  3.74287e-07
 Reference value :  3.74585e-07
 Reference value :  3.74860e-07
 Reference value :  3.75041e-07
 Reference value :  3.75230e-07
 Reference value :  3.75442e-07
 Reference value :  3.75611e-07
 Reference value :  3.75829e-07
 Reference value :  3.75969e-07
 Reference value :  3.76121e-07
 Reference value :  3.76256e-07
 Reference value :  3.76564e-07
 Reference value :  3.76874e-07
 Reference value :  3.77084e-07
 Reference value :  3.77405e-07
 Reference value :  3.77697e-07
 Reference value :  3.77927e-07
 Reference value :  3.78204e-07
 Reference value :  3.78510e-07
 Reference value :  3.78931e-07
 Reference value :  3.79137e-07
 Reference value :  3.79472e-07
 Reference value :  3.79895e-07
 Reference value :  3.80315e-07
 Reference value :  3.80738e-07
 Reference value :  3.81152e-07
 Reference value :  3.81564e-07
 Reference value :  3.81990e-07
 Reference value :  3.82411e-07
 Reference value :  3.82812e-07
 Reference value :  3.83235e-07
 Reference value :  3.83658e-07
 Reference value :  3.84077e-07
 Reference value :  3.84499e-07
 Reference value :  3.84921e-07
 Reference value :  3.85320e-07
 Reference value :  3.85741e-07
 Reference value :  3.86164e-07
 Reference value :  3.86589e-07
 Reference value :  3.87010e-07
 Reference value :  3.87433e-07
 Reference value :  3.87857e-07
 Reference value :  3.88141e-07
 Reference value :  3.88371e-07
 Reference value :  3.88791e-07
 Reference value :  3.89210e-07
 Reference value :  3.89584e-07
 Reference value :  3.89910e-07
 Reference value :  3.90320e-07
 Reference value :  3.90740e-07
 Reference value :  3.91125e-07
 Reference value :  3.91547e-07
 Reference value :  3.91967e-07
 Reference value :  3.92390e-07
 Reference value :  3.92811e-07
 Reference value :  3.93236e-07
 Reference value :  3.93660e-07
 Reference value :  3.94072e-07
 Reference value :  3.94496e-07
 Reference value :  3.94920e-07
 Reference value :  3.95340e-07
 Reference value :  3.95760e-07
 Reference value :  3.96144e-07
 Reference value :  3.96560e-07
 Reference value :  3.96973e-07
 Reference value :  3.97311e-07
 Reference value :  3.97663e-07
 Reference value :  3.98080e-07
 Reference value :  3.98502e-07
 Reference value :  3.98911e-07
 Reference value :  3.99333e-07
 Reference value :  3.99756e-07
 Reference value :  4.00178e-07
 Reference value :  4.00600e-07
 Reference value :  4.01023e-07
 Reference value :  4.01434e-07
 Reference value :  4.01855e-07
 Reference value :  4.02278e-07
 Reference value :  4.02616e-07
 Reference value :  4.03019e-07
 Reference value :  4.03439e-07
 Reference value :  4.03838e-07
 Reference value :  4.04260e-07
 Reference value :  4.04675e-07
 Reference value :  4.05098e-07
 Reference value :  4.05520e-07
 Reference value :  4.05942e-07
 Reference value :  4.06365e-07
 Reference value :  4.06740e-07
 Reference value :  4.07036e-07
 Reference value :  4.07310e-07
 Reference value :  4.07574e-07
 Reference value :  4.07837e-07
 Reference value :  4.08124e-07
 Reference value :  4.08407e-07
 Reference value :  4.08718e-07
 Reference value :  4.08980e-07
 Reference value :  4.09189e-07
 Reference value :  4.09471e-07
 Reference value :  4.09784e-07
 Reference value :  4.09980e-07
 Reference value :  4.10211e-07
 Reference value :  4.10612e-07
 Reference value :  4.11031e-07
 Reference value :  4.11454e-07
 Reference value :  4.11870e-07
 Reference value :  4.12289e-07
 Reference value :  4.12672e-07
 Reference value :  4.13094e-07
 Reference value :  4.13460e-07
 Reference value :  4.13787e-07
 Reference value :  4.14210e-07
 Reference value :  4.14548e-07
 Reference value :  4.14870e-07
 Reference value :  4.15283e-07
 Reference value :  4.15700e-07
 Reference value :  4.16114e-07
 Reference value :  4.16452e-07
 Reference value :  4.16836e-07
 Reference value :  4.17249e-07
 Reference value :  4.17640e-07
 Reference value :  4.18058e-07
 Reference value :  4.18467e-07
 Reference value :  4.18880e-07
 Reference value :  4.19298e-07
 Reference value :  4.19711e-07
 Reference value :  4.20129e-07
 Reference value :  4.20547e-07
 Reference value :  4.20817e-07
 Reference value :  4.21199e-07
 Reference value :  4.21601e-07
 Reference value :  4.22012e-07
 Reference value :  4.22431e-07
 Reference value :  4.22850e-07
 Reference value :  4.23270e-07
 Reference value :  4.23686e-07
 Reference value :  4.24103e-07
 Reference value :  4.24520e-07
 Reference value :  4.24936e-07
 Reference value :  4.25353e-07
 Reference value :  4.25770e-07
 Reference value :  4.26179e-07
 Reference value :  4.26592e-07
 Reference value :  4.26973e-07
 Reference value :  4.27390e-07
 Reference value :  4.27803e-07
 Reference value :  4.28220e-07
 Reference value :  4.28640e-07
 Reference value :  4.29056e-07
 Reference value :  4.29473e-07
 Reference value :  4.29883e-07
 Reference value :  4.30290e-07
 Reference value :  4.30708e-07
 Reference value :  4.31120e-07
 Reference value :  4.31540e-07
 Reference value :  4.31956e-07
 Reference value :  4.32370e-07
 Reference value :  4.32788e-07
 Reference value :  4.33208e-07
 Reference value :  4.33605e-07
 Reference value :  4.34010e-07
 Reference value :  4.34430e-07
 Reference value :  4.34841e-07
 Reference value :  4.35261e-07
 Reference value :  4.35680e-07
 Reference value :  4.36099e-07
 Reference value :  4.36516e-07
 Reference value :  4.36935e-07
 Reference value :  4.37352e-07
 Reference value :  4.37769e-07
 Reference value :  4.38059e-07
 Reference value :  4.38326e-07
 Reference value :  4.38587e-07
 Reference value :  4.38794e-07
 Reference value :  4.39038e-07
 Reference value :  4.39333e-07
 Reference value :  4.39591e-07
 Reference value :  4.39820e-07
 Reference value :  4.40092e-07
 Reference value :  4.40441e-07
 Reference value :  4.40669e-07
 Reference value :  4.40910e-07
 Reference value :  4.41144e-07
 Reference value :  4.41385e-07
 Reference value :  4.41628e-07
 Reference value :  4.41881e-07
 Reference value :  4.42139e-07
 Reference value :  4.42406e-07
 Reference value :  4.42601e-07
 Reference value :  4.42797e-07
 Reference value :  4.42845e-07
 Reference value :  4.42849e-07
 Reference value :  4.42851e-07
 Reference value :  4.42853e-07
 Reference value :  4.42856e-07
 Reference value :  4.42859e-07
 Reference value :  4.42860e-07
 Reference value :  4.42862e-07
 Reference value :  4.42866e-07
 Reference value :  4.42967e-07
 Reference value :  4.43188e-07
 Reference value :  4.43360e-07
 Reference value :  4.43499e-07
 Reference value :  4.43587e-07
 Reference value :  4.43696e-07
 Reference value :  4.43733e-07
 Reference value :  4.43737e-07
 Reference value :  4.43740e-07
 Reference value :  4.43742e-07
 Reference value :  4.43746e-07
 Reference value :  4.43760e-07
 Reference value :  4.43941e-07
 Reference value :  4.44180e-07
 Reference value :  4.44443e-07
 Reference value :  4.44661e-07
 Reference value :  4.44916e-07
 Reference value :  4.45216e-07
 Reference value :  4.45572e-07
 Reference value :  4.45990e-07
 Reference value :  4.46400e-07
 Reference value :  4.46820e-07
 Reference value :  4.47115e-07
 Reference value :  4.47339e-07
 Reference value :  4.47558e-07
 Reference value :  4.47961e-07
 Reference value :  4.48382e-07
 Reference value :  4.48758e-07
 Reference value :  4.49142e-07
 Reference value :  4.49562e-07
 Reference value :  4.49925e-07
 Reference value :  4.50190e-07
 Reference value :  4.50449e-07
 Reference value :  4.50697e-07
 Reference value :  4.50965e-07
 Reference value :  4.51389e-07
 Reference value :  4.51810e-07
 Reference value :  4.52177e-07
 Reference value :  4.52600e-07
 Reference value :  4.53022e-07
 Reference value :  4.53440e-07
 Reference value :  4.53670e-07
 Reference value :  4.53905e-07
 Reference value :  4.54158e-07
 Reference value :  4.54472e-07
 Reference value :  4.54841e-07
 Reference value :  4.55210e-07
 Reference value :  4.55621e-07
 Reference value :  4.55976e-07
 Reference value :  4.56285e-07
 Reference value :  4.56541e-07
 Reference value :  4.56774e-07
 Reference value :  4.56996e-07
 Reference value :  4.57412e-07
 Reference value :  4.57797e-07
 Reference value :  4.58191e-07
 Reference value :  4.58570e-07
 Reference value :  4.58987e-07
 Reference value :  4.59229e-07
 Reference value :  4.59442e-07
 Reference value :  4.59539e-07
 Reference value :  4.59610e-07
 Reference value :  4.59680e-07
 Reference value :  4.59954e-07
 Reference value :  4.60197e-07
 Reference value :  4.60400e-07
 Reference value :  4.60580e-07
 Reference value :  4.60970e-07
 Reference value :  4.61228e-07
 Reference value :  4.61460e-07
 Reference value :  4.61700e-07
 Reference value :  4.62100e-07
 Reference value :  4.62511e-07
 Reference value :  4.62919e-07
 Reference value :  4.63339e-07
 Reference value :  4.63759e-07
 Reference value :  4.64141e-07
 Reference value :  4.64562e-07
 Reference value :  4.64875e-07
 Reference value :  4.65064e-07
 Reference value :  4.65261e-07
 Reference value :  4.65550e-07
 Reference value :  4.65821e-07
 Reference value :  4.66072e-07
 Reference value :  4.66359e-07
 Reference value :  4.66630e-07
 Reference value :  4.66869e-07
 Reference value :  4.67151e-07
 Reference value :  4.67424e-07
 Reference value :  4.67684e-07
 Reference value :  4.67881e-07
 Reference value :  4.68162e-07
 Reference value :  4.68559e-07
 Reference value :  4.68974e-07
 Reference value :  4.69393e-07
 Reference value :  4.69812e-07
 Reference value :  4.70202e-07
 Reference value :  4.70620e-07
 Reference value :  4.70872e-07
 Reference value :  4.71103e-07
 Reference value :  4.71331e-07
 Reference value :  4.71748e-07
 Reference value :  4.72166e-07
 Reference value :  4.72581e-07
 Reference value :  4.73000e-07
 Reference value :  4.73230e-07
 Reference value :  4.73380e-07
 Reference value :  4.73566e-07
 Reference value :  4.73842e-07
 Reference value :  4.74005e-07
 Reference value :  4.74292e-07
 Reference value :  4.74590e-07
 Reference value :  4.74841e-07
 Reference value :  4.75061e-07
 Reference value :  4.75300e-07
 Reference value :  4.75560e-07
 Reference value :  4.75780e-07
 Reference value :  4.76037e-07
 Reference value :  4.76247e-07
 Reference value :  4.76457e-07
 Reference value :  4.76872e-07
 Reference value :  4.77289e-07
 Reference value :  4.77700e-07
 Reference value :  4.78016e-07
 Reference value :  4.78255e-07
 Reference value :  4.78607e-07
 Reference value :  4.78840e-07
 Reference value :  4.79090e-07
 Reference value :  4.79350e-07
 Reference value :  4.79568e-07
 Reference value :  4.79851e-07
 Reference value :  4.80151e-07
 Reference value :  4.80458e-07
 Reference value :  4.80732e-07
 Reference value :  4.80919e-07
 Reference value :  4.81149e-07
 Reference value :  4.81220e-07
 Reference value :  4.81369e-07
 Reference value :  4.81442e-07
 Reference value :  4.81721e-07
 Reference value :  4.82131e-07
 Reference value :  4.82540e-07
 Reference value :  4.82957e-07
 Reference value :  4.83360e-07
 Reference value :  4.83763e-07
 Reference value :  4.84170e-07
 Reference value :  4.84585e-07
 Reference value :  4.84984e-07
 Reference value :  4.85400e-07
 Reference value :  4.85817e-07
 Reference value :  4.86233e-07
 Reference value :  4.86626e-07
 Reference value :  4.86925e-07
 Reference value :  4.87340e-07
 Reference value :  4.87757e-07
 Reference value :  4.88172e-07
 Reference value :  4.88579e-07
 Reference value :  4.88994e-07
 Reference value :  4.89408e-07
 Reference value :  4.89821e-07
 Reference value :  4.90153e-07
 Reference value :  4.90569e-07
 Reference value :  4.90941e-07
 Reference value :  4.91357e-07
 Reference value :  4.91598e-07
 Reference value :  4.91962e-07
 Reference value :  4.92237e-07
 Reference value :  4.92630e-07
 Reference value :  4.93047e-07
 Reference value :  4.93447e-07
 Reference value :  4.93761e-07
 Reference value :  4.94148e-07
 Reference value :  4.94562e-07
 Reference value :  4.94980e-07
 Reference value :  4.95394e-07
 Reference value :  4.95810e-07
 Reference value :  4.96227e-07
 Reference value :  4.96635e-07
 Reference value :  4.96955e-07
 Reference value :  4.97169e-07
 Reference value :  4.97426e-07
 Reference value :  4.97644e-07
 Reference value :  4.97937e-07
 Reference value :  4.98167e-07
 Reference value :  4.98391e-07
 Reference value :  4.98589e-07
 Reference value :  4.99004e-07
 Reference value :  4.99372e-07
 Reference value :  4.99788e-07
 Reference value :  5.00205e-07
 Reference value :  5.00621e-07
 Reference value :  5.01039e-07
 Reference value :  5.01356e-07
 Reference value :  5.01639e-07
 Reference value :  5.02055e-07
 Reference value :  5.02469e-07
 Reference value :  5.02842e-07
 Reference value :  5.03259e-07
 Reference value :  5.03674e-07
 Reference value :  5.04091e-07
 Reference value :  5.04509e-07
 Reference value :  5.04921e-07
 Reference value :  5.05338e-07
 Reference value :  5.05753e-07
 Reference value :  5.06170e-07
 Reference value :  5.06574e-07
 Reference value :  5.06948e-07
 Reference value :  5.07364e-07
 Reference value :  5.07778e-07
 Reference value :  5.08183e-07
 Reference value :  5.08596e-07
 Reference value :  5.09011e-07
 Reference value :  5.09430e-07
 Reference value :  5.09838e-07
 Reference value :  5.10178e-07
 Reference value :  5.10530e-07
 Reference value :  5.10945e-07
 Reference value :  5.11356e-07
 Reference value :  5.11760e-07
 Reference value :  5.12176e-07
 Reference value :  5.12591e-07
 Reference value :  5.13010e-07
 Reference value :  5.13425e-07
 Reference value :  5.13843e-07
 Reference value :  5.14234e-07
 Reference value :  5.14650e-07
 Reference value :  5.15067e-07
 Reference value :  5.15463e-07
 Reference value :  5.15688e-07
 Reference value :  5.15860e-07
 Reference value :  5.16121e-07
 Reference value :  5.16370e-07
 Reference value :  5.16438e-07
 Reference value :  5.16611e-07
 Reference value :  5.16920e-07
 Reference value :  5.17191e-07
 Reference value :  5.17486e-07
 Reference value :  5.17762e-07
 Reference value :  5.18101e-07
 Reference value :  5.18350e-07
 Reference value :  5.18767e-07
 Reference value :  5.19185e-07
 Reference value :  5.19561e-07
 Reference value :  5.19975e-07
 Reference value :  5.20388e-07
 Reference value :  5.20802e-07
 Reference value :  5.21221e-07
 Reference value :  5.21640e-07
 Reference value :  5.22048e-07
 Reference value :  5.22401e-07
 Reference value :  5.22810e-07
 Reference value :  5.23230e-07
 Reference value :  5.23540e-07
 Reference value :  5.23750e-07
 Reference value :  5.23971e-07
 Reference value :  5.24262e-07
 Reference value :  5.24531e-07
 Reference value :  5.24776e-07
 Reference value :  5.25030e-07
 Reference value :  5.25360e-07
 Reference value :  5.25775e-07
 Reference value :  5.26192e-07
 Reference value :  5.26613e-07
 Reference value :  5.27031e-07
 Reference value :  5.27414e-07
 Reference value :  5.27708e-07
 Reference value :  5.28123e-07
 Reference value :  5.28532e-07
 Reference value :  5.28950e-07
 Reference value :  5.29364e-07
 Reference value :  5.29768e-07
 Reference value :  5.30187e-07
 Reference value :  5.30591e-07
 Reference value :  5.31009e-07
 Reference value :  5.31420e-07
 Reference value :  5.31831e-07
 Reference value :  5.32187e-07
 Reference value :  5.32534e-07
 Reference value :  5.32944e-07
 Reference value :  5.33353e-07
 Reference value :  5.33771e-07
 Reference value :  5.34190e-07
 Reference value :  5.34609e-07
 Reference value :  5.35028e-07
 Reference value :  5.35444e-07
 Reference value :  5.35856e-07
 Reference value :  5.36273e-07
 Reference value :  5.36685e-07
 Reference value :  5.37050e-07
 Reference value :  5.37468e-07
 Reference value :  5.37824e-07
 Reference value :  5.38163e-07
 Reference value :  5.38581e-07
 Reference value :  5.39000e-07
 Reference value :  5.39293e-07
 Reference value :  5.39698e-07
 Reference value :  5.40085e-07
 Reference value :  5.40499e-07
 Reference value :  5.40860e-07
 Reference value :  5.41240e-07
 Reference value :  5.41651e-07
 Reference value :  5.42050e-07
 Reference value :  5.42468e-07
 Reference value :  5.42887e-07
 Reference value :  5.43306e-07
 Reference value :  5.43720e-07
 Reference value :  5.44089e-07
 Reference value :  5.44506e-07
 Reference value :  5.44901e-07
 Reference value :  5.45303e-07
 Reference value :  5.45711e-07
 Reference value :  5.46128e-07
 Reference value :  5.46546e-07
 Reference value :  5.46940e-07
 Reference value :  5.47358e-07
 Reference value :  5.47775e-07
 Reference value :  5.48152e-07
 Reference value :  5.48571e-07
 Reference value :  5.48990e-07
 Reference value :  5.49389e-07
 Reference value :  5.49807e-07
 Reference value :  5.50206e-07
 Reference value :  5.50621e-07
 Reference value :  5.50868e-07
 Reference value :  5.51272e-07
 Reference value :  5.51690e-07
 Reference value :  5.52085e-07
 Reference value :  5.52450e-07
 Reference value :  5.52748e-07
 Reference value :  5.52990e-07
 Reference value :  5.53078e-07
 Reference value :  5.53268e-07
 Reference value :  5.53530e-07
 Reference value :  5.53825e-07
 Reference value :  5.54130e-07
 Reference value :  5.54395e-07
 Reference value :  5.54562e-07
 Reference value :  5.54566e-07
 Reference value :  5.54739e-07
 Reference value :  5.54859e-07
 Reference value :  5.54993e-07
 Reference value :  5.55136e-07
 Reference value :  5.55377e-07
 Reference value :  5.55625e-07
 Reference value :  5.55970e-07
 Reference value :  5.56178e-07
 Reference value :  5.56420e-07
 Reference value :  5.56685e-07
 Reference value :  5.56911e-07
 Reference value :  5.57096e-07
 Reference value :  5.57299e-07
 Reference value :  5.57443e-07
 Reference value :  5.57616e-07
 Reference value :  5.57850e-07
 Reference value :  5.58007e-07
 Reference value :  5.58010e-07
 Reference value :  5.58011e-07
 Reference value :  5.58015e-07
 Reference value :  5.58019e-07
 Reference value :  5.58171e-07
 Reference value :  5.58383e-07
 Reference value :  5.58620e-07
 Reference value :  5.58638e-07
 Reference value :  5.58702e-07
 Reference value :  5.58858e-07
 Reference value :  5.59024e-07
 Reference value :  5.59191e-07
 Reference value :  5.59400e-07
 Reference value :  5.59481e-07
 Reference value :  5.59605e-07
 Reference value :  5.59762e-07
 Reference value :  5.59918e-07
 Reference value :  5.60075e-07
 Reference value :  5.60141e-07
 Reference value :  5.60337e-07
 Reference value :  5.60539e-07
 Reference value :  5.60791e-07
 Reference value :  5.60965e-07
 Reference value :  5.61220e-07
 Reference value :  5.61621e-07
 Reference value :  5.62005e-07
 Reference value :  5.62066e-07
 Reference value :  5.62490e-07
 Reference value :  5.62831e-07
 Reference value :  5.63153e-07
 Reference value :  5.63576e-07
 Reference value :  5.63930e-07
 Reference value :  5.64325e-07
 Reference value :  5.64749e-07
 Reference value :  5.65146e-07
 Reference value :  5.65544e-07
 Reference value :  5.65955e-07
 Reference value :  5.66374e-07
 Reference value :  5.66797e-07
 Reference value :  5.67220e-07
 Reference value :  5.67572e-07
 Reference value :  5.67914e-07
 Reference value :  5.68334e-07
 Reference value :  5.68732e-07
 Reference value :  5.69149e-07
 Reference value :  5.69570e-07
 Reference value :  5.69992e-07
 Reference value :  5.70407e-07
 Reference value :  5.70830e-07
 Reference value :  5.71246e-07
 Reference value :  5.71622e-07
 Reference value :  5.72045e-07
 Reference value :  5.72469e-07
 Reference value :  5.72890e-07
 Reference value :  5.73311e-07
 Reference value :  5.73621e-07
 Reference value :  5.74011e-07
 Reference value :  5.74436e-07
 Reference value :  5.74770e-07
 Reference value :  5.75135e-07
 Reference value :  5.75557e-07
 Reference value :  5.75955e-07
 Reference value :  5.76371e-07
 Reference value :  5.76782e-07
 Reference value :  5.77205e-07
 Reference value :  5.77629e-07
 Reference value :  5.78051e-07
 Reference value :  5.78470e-07
 Reference value :  5.78891e-07
 Reference value :  5.79311e-07
 Reference value :  5.79734e-07
 Reference value :  5.80158e-07
 Reference value :  5.80570e-07
 Reference value :  5.80986e-07
 Reference value :  5.81410e-07
 Reference value :  5.81831e-07
 Reference value :  5.82252e-07
 Reference value :  5.82678e-07
 Reference value :  5.83094e-07
 Reference value :  5.83519e-07
 Reference value :  5.83940e-07
 Reference value :  5.84333e-07
 Reference value :  5.84756e-07
 Reference value :  5.85180e-07
 Reference value :  5.85604e-07
 Reference value :  5.86028e-07
 Reference value :  5.86451e-07
 Reference value :  5.86697e-07
 Reference value :  5.86944e-07
 Reference value :  5.87179e-07
 Reference value :  5.87461e-07
 Reference value :  5.87730e-07
 Reference value :  5.87970e-07
 Reference value :  5.88253e-07
 Reference value :  5.88511e-07
 Reference value :  5.88746e-07
 Reference value :  5.88956e-07
 Reference value :  5.89160e-07
 Reference value :  5.89390e-07
 Reference value :  5.89620e-07
 Reference value :  5.89831e-07
 Reference value :  5.90020e-07
 Reference value :  5.90272e-07
 Reference value :  5.90481e-07
 Reference value :  5.90770e-07
 Reference value :  5.91191e-07
 Reference value :  5.91611e-07
 Reference value :  5.92036e-07
 Reference value :  5.92311e-07
 Reference value :  5.92681e-07
 Reference value :  5.92943e-07
 Reference value :  5.93170e-07
 Reference value :  5.93404e-07
 Reference value :  5.93812e-07
 Reference value :  5.94235e-07
 Reference value :  5.94658e-07
 Reference value :  5.95079e-07
 Reference value :  5.95429e-07
 Reference value :  5.95790e-07
 Reference value :  5.96201e-07
 Reference value :  5.96410e-07
 Reference value :  5.96583e-07
 Reference value :  5.96830e-07
 Reference value :  5.97251e-07
 Reference value :  5.97656e-07
 Reference value :  5.98080e-07
 Reference value :  5.98501e-07
 Reference value :  5.98926e-07
 Reference value :  5.99344e-07
 Reference value :  5.99676e-07
 Reference value :  5.99923e-07
 Reference value :  6.00218e-07
 Reference value :  6.00533e-07
 Reference value :  6.00764e-07
 Reference value :  6.01176e-07
 Reference value :  6.01597e-07
 Reference value :  6.01901e-07
 Reference value :  6.02106e-07
 Reference value :  6.02477e-07
 Reference value :  6.02900e-07
 Reference value :  6.03241e-07
 Reference value :  6.03455e-07
 Reference value :  6.03611e-07
 Reference value :  6.04021e-07
 Reference value :  6.04445e-07
 Reference value :  6.04862e-07
 Reference value :  6.05179e-07
 Reference value :  6.05458e-07
 Reference value :  6.05865e-07
 Reference value :  6.06289e-07
 Reference value :  6.06588e-07
 Reference value :  6.06795e-07
 Reference value :  6.06990e-07
 Reference value :  6.07281e-07
 Reference value :  6.07552e-07
 Reference value :  6.07797e-07
 Reference value :  6.08076e-07
 Reference value :  6.08345e-07
 Reference value :  6.08617e-07
 Reference value :  6.08680e-07
 Reference value :  6.08821e-07
 Reference value :  6.09076e-07
 Reference value :  6.09334e-07
 Reference value :  6.09606e-07
 Reference value :  6.09849e-07
 Reference value :  6.10010e-07
 Reference value :  6.10244e-07
 Reference value :  6.10645e-07
 Reference value :  6.11064e-07
 Reference value :  6.11487e-07
 Reference value :  6.11777e-07
 Reference value :  6.12020e-07
 Reference value :  6.12212e-07
 Reference value :  6.12602e-07
 Reference value :  6.13024e-07
 Reference value :  6.13398e-07
 Reference value :  6.13810e-07
 Reference value :  6.14232e-07
 Reference value :  6.14618e-07
 Reference value :  6.14896e-07
 Reference value :  6.15312e-07
 Reference value :  6.15666e-07
 Reference value :  6.15764e-07
 Reference value :  6.16097e-07
 Reference value :  6.16510e-07
 Reference value :  6.16921e-07
 Reference value :  6.17342e-07
 Reference value :  6.17729e-07
 Reference value :  6.18148e-07
 Reference value :  6.18568e-07
 Reference value :  6.18982e-07
 Reference value :  6.19404e-07
 Reference value :  6.19736e-07
 Reference value :  6.19993e-07
 Reference value :  6.20295e-07
 Reference value :  6.20579e-07
 Reference value :  6.20889e-07
 Reference value :  6.21218e-07
 Reference value :  6.21509e-07
 Reference value :  6.21796e-07
 Reference value :  6.22088e-07
 Reference value :  6.22390e-07
 Reference value :  6.22650e-07
 Reference value :  6.22880e-07
 Reference value :  6.23119e-07
 Reference value :  6.23371e-07
 Reference value :  6.23596e-07
 Reference value :  6.23829e-07
 Reference value :  6.24198e-07
 Reference value :  6.24610e-07
 Reference value :  6.25032e-07
 Reference value :  6.25456e-07
 Reference value :  6.25880e-07
 Reference value :  6.26301e-07
 Reference value :  6.26715e-07
 Reference value :  6.27088e-07
 Reference value :  6.27470e-07
 Reference value :  6.27891e-07
 Reference value :  6.28238e-07
 Reference value :  6.28461e-07
 Reference value :  6.28720e-07
 Reference value :  6.28953e-07
 Reference value :  6.29345e-07
 Reference value :  6.29752e-07
 Reference value :  6.30175e-07
 Reference value :  6.30599e-07
 Reference value :  6.30896e-07
 Reference value :  6.31297e-07
 Reference value :  6.31716e-07
 Reference value :  6.32120e-07
 Reference value :  6.32504e-07
 Reference value :  6.32730e-07
 Reference value :  6.32950e-07
 Reference value :  6.33190e-07
 Reference value :  6.33612e-07
 Reference value :  6.34037e-07
 Reference value :  6.34459e-07
 Reference value :  6.34881e-07
 Reference value :  6.35282e-07
 Reference value :  6.35707e-07
 Reference value :  6.36102e-07
 Reference value :  6.36362e-07
 Reference value :  6.36582e-07
 Reference value :  6.36730e-07
 Reference value :  6.37019e-07
 Reference value :  6.37374e-07
 Reference value :  6.37791e-07
 Reference value :  6.38211e-07
 Reference value :  6.38626e-07
 Reference value :  6.39014e-07
 Reference value :  6.39433e-07
 Reference value :  6.39847e-07
 Reference value :  6.40271e-07
 Reference value :  6.40684e-07
 Reference value :  6.41108e-07
 Reference value :  6.41526e-07
 Reference value :  6.41901e-07
 Reference value :  6.42110e-07
 Reference value :  6.42335e-07
 Reference value :  6.42595e-07
 Reference value :  6.42870e-07
 Reference value :  6.43141e-07
 Reference value :  6.43419e-07
 Reference value :  6.43680e-07
 Reference value :  6.43885e-07
 Reference value :  6.44195e-07
 Reference value :  6.44461e-07
 Reference value :  6.44719e-07
 Reference value :  6.44878e-07
 Reference value :  6.45295e-07
 Reference value :  6.45720e-07
 Reference value :  6.46106e-07
 Reference value :  6.46510e-07
 Reference value :  6.46926e-07
 Reference value :  6.47191e-07
 Reference value :  6.47543e-07
 Reference value :  6.47968e-07
 Reference value :  6.48383e-07
 Reference value :  6.48807e-07
 Reference value :  6.49221e-07
 Reference value :  6.49644e-07
 Reference value :  6.50062e-07
 Reference value :  6.50480e-07
 Reference value :  6.50900e-07
 Reference value :  6.51311e-07
 Reference value :  6.51692e-07
 Reference value :  6.52115e-07
 Reference value :  6.52537e-07
 Reference value :  6.52854e-07
 Reference value :  6.53233e-07
 Reference value :  6.53651e-07
 Reference value :  6.53981e-07
 Reference value :  6.54381e-07
 Reference value :  6.54801e-07
 Reference value :  6.55201e-07
 Reference value :  6.55623e-07
 Reference value :  6.56048e-07
 Reference value :  6.56470e-07
 Reference value :  6.56894e-07
 Reference value :  6.57315e-07
 Reference value :  6.57698e-07
 Reference value :  6.58120e-07
 Reference value :  6.58543e-07
 Reference value :  6.58882e-07
 Reference value :  6.59230e-07
 Reference value :  6.59621e-07
 Reference value :  6.59920e-07
 Reference value :  6.60340e-07
 Reference value :  6.60760e-07
 Reference value :  6.61181e-07
 Reference value :  6.61601e-07
 Reference value :  6.62022e-07
 Reference value :  6.62446e-07
 Reference value :  6.62863e-07
 Reference value :  6.63160e-07
 Reference value :  6.63570e-07
 Reference value :  6.63992e-07
 Reference value :  6.64382e-07
 Reference value :  6.64806e-07
 Reference value :  6.65228e-07
 Reference value :  6.65623e-07
 Reference value :  6.66038e-07
 Reference value :  6.66433e-07
 Reference value :  6.66855e-07
 Reference value :  6.67277e-07
 Reference value :  6.67627e-07
 Reference value :  6.68044e-07
 Reference value :  6.68460e-07
 Reference value :  6.68884e-07
 Reference value :  6.69304e-07
 Reference value :  6.69728e-07
 Reference value :  6.70150e-07
 Reference value :  6.70574e-07
 Reference value :  6.70994e-07
 Reference value :  6.71418e-07
 Reference value :  6.71840e-07
 Reference value :  6.72259e-07
 Reference value :  6.72676e-07
 Reference value :  6.73087e-07
 Reference value :  6.73506e-07
 Reference value :  6.73925e-07
 Reference value :  6.74306e-07
 Reference value :  6.74725e-07
 Reference value :  6.75150e-07
 Reference value :  6.75480e-07
 Reference value :  6.75732e-07
 Reference value :  6.76011e-07
 Reference value :  6.76318e-07
 Reference value :  6.76740e-07
 Reference value :  6.77152e-07
 Reference value :  6.77552e-07
 Reference value :  6.77910e-07
 Reference value :  6.78264e-07
 Reference value :  6.78592e-07
 Reference value :  6.78798e-07
 Reference value :  6.78972e-07
 Reference value :  6.79211e-07
 Reference value :  6.79500e-07
 Reference value :  6.79786e-07
 Reference value :  6.80069e-07
 Reference value :  6.80090e-07
 Reference value :  6.80092e-07
 Reference value :  6.80227e-07
 Reference value :  6.80494e-07
 Reference value :  6.80717e-07
 Reference value :  6.80861e-07
 Reference value :  6.80986e-07
 Reference value :  6.81023e-07
 Reference value :  6.81280e-07
 Reference value :  6.81555e-07
 Reference value :  6.81817e-07
 Reference value :  6.82110e-07
 Reference value :  6.82401e-07
 Reference value :  6.82630e-07
 Reference value :  6.82900e-07
 Reference value :  6.83161e-07
 Reference value :  6.83443e-07
 Reference value :  6.83660e-07
 Reference value :  6.84002e-07
 Reference value :  6.84280e-07
 Reference value :  6.84422e-07
 Reference value :  6.84539e-07
 Reference value :  6.84638e-07
 Reference value :  6.84868e-07
 Reference value :  6.85114e-07
 Reference value :  6.85336e-07
 Reference value :  6.85642e-07
 Reference value :  6.85848e-07
 Reference value :  6.86081e-07
 Reference value :  6.86316e-07
 Reference value :  6.86538e-07
 Reference value :  6.86722e-07
 Reference value :  6.86897e-07
 Reference value :  6.87014e-07
 Reference value :  6.87018e-07
 Reference value :  6.87020e-07
 Reference value :  6.87021e-07
 Reference value :  6.87025e-07
 Reference value :  6.87174e-07
 Reference value :  6.87391e-07
 Reference value :  6.87632e-07
 Reference value :  6.87672e-07
 Reference value :  6.87742e-07
 Reference value :  6.87901e-07
 Reference value :  6.88100e-07
 Reference value :  6.88290e-07
 Reference value :  6.88498e-07
 Reference value :  6.88740e-07
 Reference value :  6.88939e-07
 Reference value :  6.89059e-07
 Reference value :  6.89060e-07
 Reference value :  6.89063e-07
 Reference value :  6.89218e-07
 Reference value :  6.89429e-07
 Reference value :  6.89660e-07
 Reference value :  6.90006e-07
 Reference value :  6.90264e-07
 Reference value :  6.90449e-07
 Reference value :  6.90848e-07
 Reference value :  6.91194e-07
 Reference value :  6.91571e-07
 Reference value :  6.91948e-07
 Reference value :  6.92355e-07
 Reference value :  6.92751e-07
 Reference value :  6.93124e-07
 Reference value :  6.93440e-07
 Reference value :  6.93855e-07
 Reference value :  6.94269e-07
 Reference value :  6.94681e-07
 Reference value :  6.95099e-07
 Reference value :  6.95500e-07
 Reference value :  6.95917e-07
 Reference value :  6.96319e-07
 Reference value :  6.96691e-07
 Reference value :  6.97109e-07
 Reference value :  6.97524e-07
 Reference value :  6.97941e-07
 Reference value :  6.98353e-07
 Reference value :  6.98765e-07
 Reference value :  6.99181e-07
 Reference value :  6.99600e-07
 Reference value :  6.99884e-07
 Reference value :  7.00100e-07
 Reference value :  7.00371e-07
 Reference value :  7.00618e-07
 Reference value :  7.00826e-07
 Reference value :  7.01142e-07
 Reference value :  7.01447e-07
 Reference value :  7.01749e-07
 Reference value :  7.02074e-07
 Reference value :  7.02310e-07
 Reference value :  7.02559e-07
 Reference value :  7.02780e-07
 Reference value :  7.03098e-07
 Reference value :  7.03310e-07
 Reference value :  7.03577e-07
 Reference value :  7.03991e-07
 Reference value :  7.04375e-07
 Reference value :  7.04790e-07
 Reference value :  7.05189e-07
 Reference value :  7.05600e-07
 Reference value :  7.06015e-07
 Reference value :  7.06422e-07
 Reference value :  7.06836e-07
 Reference value :  7.07251e-07
 Reference value :  7.07530e-07
 Reference value :  7.07762e-07
 Reference value :  7.07959e-07
 Reference value :  7.08335e-07
 Reference value :  7.08668e-07
 Reference value :  7.09039e-07
 Reference value :  7.09458e-07
 Reference value :  7.09853e-07
 Reference value :  7.10274e-07
 Reference value :  7.10699e-07
 Reference value :  7.11121e-07
 Reference value :  7.11545e-07
 Reference value :  7.11964e-07
 Reference value :  7.12288e-07
 Reference value :  7.12556e-07
 Reference value :  7.12791e-07
 Reference value :  7.13102e-07
 Reference value :  7.13525e-07
 Reference value :  7.13941e-07
 Reference value :  7.14354e-07
 Reference value :  7.14777e-07
 Reference value :  7.15198e-07
 Reference value :  7.15471e-07
 Reference value :  7.15867e-07
 Reference value :  7.16290e-07
 Reference value :  7.16618e-07
 Reference value :  7.16894e-07
 Reference value :  7.17312e-07
 Reference value :  7.17722e-07
 Reference value :  7.18139e-07
 Reference value :  7.18560e-07
 Reference value :  7.18980e-07
 Reference value :  7.19401e-07
 Reference value :  7.19823e-07
 Reference value :  7.20243e-07
 Reference value :  7.20665e-07
 Reference value :  7.21088e-07
 Reference value :  7.21505e-07
 Reference value :  7.21903e-07
 Reference value :  7.22291e-07
 Reference value :  7.22691e-07
 Reference value :  7.23090e-07
 Reference value :  7.23417e-07
 Reference value :  7.23829e-07
 Reference value :  7.24249e-07
 Reference value :  7.24671e-07
 Reference value :  7.25091e-07
 Reference value :  7.25516e-07
 Reference value :  7.25939e-07
 Reference value :  7.26360e-07
 Reference value :  7.26768e-07
 Reference value :  7.27190e-07
 Reference value :  7.27613e-07
 Reference value :  7.28037e-07
 Reference value :  7.28457e-07
 Reference value :  7.28880e-07
 Reference value :  7.29301e-07
 Reference value :  7.29724e-07
 Reference value :  7.30147e-07
 Reference value :  7.30490e-07
 Reference value :  7.30905e-07
 Reference value :  7.31329e-07
 Reference value :  7.31747e-07
 Reference value :  7.32152e-07
 Reference value :  7.32574e-07
 Reference value :  7.32993e-07
 Reference value :  7.33416e-07
 Reference value :  7.33769e-07
 Reference value :  7.34120e-07
 Reference value :  7.34521e-07
 Reference value :  7.34940e-07
 Reference value :  7.35330e-07
 Reference value :  7.35477e-07
 Reference value :  7.35667e-07
 Reference value :  7.35928e-07
 Reference value :  7.36157e-07
 Reference value :  7.36420e-07
 Reference value :  7.36687e-07
 Reference value :  7.36950e-07
 Reference value :  7.37248e-07
 Reference value :  7.37553e-07
 Reference value :  7.37830e-07
 Reference value :  7.38090e-07
 Reference value :  7.38331e-07
 Reference value :  7.38502e-07
 Reference value :  7.38738e-07
 Reference value :  7.39054e-07
 Reference value :  7.39322e-07
 Reference value :  7.39588e-07
 Reference value :  7.39822e-07
 Reference value :  7.40083e-07
 Reference value :  7.40440e-07
 Reference value :  7.40695e-07
 Reference value :  7.40960e-07
 Reference value :  7.41230e-07
 Reference value :  7.41315e-07
 Reference value :  7.41330e-07
 Reference value :  7.41539e-07
 Reference value :  7.41814e-07
 Reference value :  7.42062e-07
 Reference value :  7.42350e-07
 Reference value :  7.42695e-07
 Reference value :  7.43111e-07
 Reference value :  7.43400e-07
 Reference value :  7.43721e-07
 Reference value :  7.44138e-07
 Reference value :  7.44560e-07
 Reference value :  7.44981e-07
 Reference value :  7.45240e-07
 Reference value :  7.45518e-07
 Reference value :  7.45838e-07
 Reference value :  7.46149e-07
 Reference value :  7.46426e-07
 Reference value :  7.46721e-07
 Reference value :  7.47013e-07
 Reference value :  7.47280e-07
 Reference value :  7.47611e-07
 Reference value :  7.47841e-07
 Reference value :  7.48071e-07
 Reference value :  7.48396e-07
 Reference value :  7.48655e-07
 Reference value :  7.48820e-07
 Reference value :  7.49049e-07
 Reference value :  7.49469e-07
 Reference value :  7.49891e-07
 Reference value :  7.50311e-07
 Reference value :  7.50700e-07
 Reference value :  7.51120e-07
 Reference value :  7.51402e-07
 Reference value :  7.51811e-07
 Reference value :  7.52234e-07
 Reference value :  7.52630e-07
 Reference value :  7.53051e-07
 Reference value :  7.53474e-07
 Reference value :  7.53878e-07
 Reference value :  7.54140e-07
 Reference value :  7.54394e-07
 Reference value :  7.54603e-07
 Reference value :  7.55023e-07
 Reference value :  7.55409e-07
 Reference value :  7.55830e-07
 Reference value :  7.56241e-07
 Reference value :  7.56663e-07
 Reference value :  7.57086e-07
 Reference value :  7.57507e-07
 Reference value :  7.57851e-07
 Reference value :  7.58200e-07
 Reference value :  7.58621e-07
 Reference value :  7.58994e-07
 Reference value :  7.59240e-07
 Reference value :  7.59470e-07
 Reference value :  7.59763e-07
 Reference value :  7.60187e-07
 Reference value :  7.60508e-07
 Reference value :  7.60865e-07
 Reference value :  7.61212e-07
 Reference value :  7.61625e-07
 Reference value :  7.62045e-07
 Reference value :  7.62464e-07
 Reference value :  7.62861e-07
 Reference value :  7.63145e-07
 Reference value :  7.63506e-07
 Reference value :  7.63930e-07
 Reference value :  7.64346e-07
 Reference value :  7.64768e-07
 Reference value :  7.65112e-07
 Reference value :  7.65460e-07
 Reference value :  7.65873e-07
 Reference value :  7.66294e-07
 Reference value :  7.66718e-07
 Reference value :  7.67130e-07
 Reference value :  7.67551e-07
 Reference value :  7.67957e-07
 Reference value :  7.68380e-07
 Reference value :  7.68800e-07
 Reference value :  7.69171e-07
 Reference value :  7.69592e-07
 Reference value :  7.70014e-07
 Reference value :  7.70431e-07
 Reference value :  7.70846e-07
 Reference value :  7.71260e-07
 Reference value :  7.71679e-07
 Reference value :  7.72097e-07
 Reference value :  7.72520e-07
 Reference value :  7.72932e-07
 Reference value :  7.73300e-07
 Reference value :  7.73721e-07
 Reference value :  7.74049e-07
 Reference value :  7.74230e-07
 Reference value :  7.74372e-07
 Reference value :  7.74467e-07
 Reference value :  7.74610e-07
 Reference value :  7.74820e-07
 Reference value :  7.75062e-07
 Reference value :  7.75323e-07
 Reference value :  7.75597e-07
 Reference value :  7.75869e-07
 Reference value :  7.76065e-07
 Reference value :  7.76281e-07
 Reference value :  7.76521e-07
 Reference value :  7.76760e-07
 Reference value :  7.76976e-07
 Reference value :  7.77141e-07
 Reference value :  7.77266e-07
 Reference value :  7.77495e-07
 Reference value :  7.77750e-07
 Reference value :  7.77941e-07
 Reference value :  7.78071e-07
 Reference value :  7.78473e-07
 Reference value :  7.78856e-07
 Reference value :  7.79231e-07
 Reference value :  7.79641e-07
 Reference value :  7.80065e-07
 Reference value :  7.80488e-07
 Reference value :  7.80662e-07
 Reference value :  7.80810e-07
 Reference value :  7.80930e-07
 Reference value :  7.81291e-07
 Reference value :  7.81700e-07
 Reference value :  7.82096e-07
 Reference value :  7.82383e-07
 Reference value :  7.82607e-07
 Reference value :  7.82894e-07
 Reference value :  7.83270e-07
 Reference value :  7.83567e-07
 Reference value :  7.83821e-07
 Reference value :  7.84015e-07
 Reference value :  7.84180e-07
 Reference value :  7.84213e-07
 Reference value :  7.84285e-07
 Reference value :  7.84516e-07
 Reference value :  7.84772e-07
 Reference value :  7.85020e-07
 Reference value :  7.85223e-07
 Reference value :  7.85618e-07
 Reference value :  7.85977e-07
 Reference value :  7.86140e-07
 Reference value :  7.86300e-07
 Reference value :  7.86702e-07
 Reference value :  7.87112e-07
 Reference value :  7.87530e-07
 Reference value :  7.87837e-07
 Reference value :  7.88043e-07
 Reference value :  7.88198e-07
 Reference value :  7.88391e-07
 Reference value :  7.88805e-07
 Reference value :  7.89189e-07
 Reference value :  7.89586e-07
 Reference value :  7.89980e-07
 Reference value :  7.90308e-07
 Reference value :  7.90578e-07
 Reference value :  7.90814e-07
 Reference value :  7.90986e-07
 Reference value :  7.91400e-07
 Reference value :  7.91822e-07
 Reference value :  7.92247e-07
 Reference value :  7.92670e-07
 Reference value :  7.93090e-07
 Reference value :  7.93512e-07
 Reference value :  7.93932e-07
 Reference value :  7.94270e-07
 Reference value :  7.94512e-07
 Reference value :  7.94665e-07
 Reference value :  7.95083e-07
 Reference value :  7.95500e-07
 Reference value :  7.95922e-07
 Reference value :  7.96325e-07
 Reference value :  7.96639e-07
 Reference value :  7.97061e-07
 Reference value :  7.97461e-07
 Reference value :  7.97680e-07
 Reference value :  7.97682e-07
 Reference value :  7.97964e-07
 Reference value :  7.98381e-07
 Reference value :  7.98790e-07
 Reference value :  7.99091e-07
 Reference value :  7.99282e-07
 Reference value :  7.99445e-07
 Reference value :  7.99622e-07
 Reference value :  7.99761e-07
 Reference value :  7.99763e-07
 Reference value :  8.00035e-07
 Reference value :  8.00315e-07
 Reference value :  8.00565e-07
 Reference value :  8.00967e-07
 Reference value :  8.01340e-07
 Reference value :  8.01505e-07
 Reference value :  8.01798e-07
 Reference value :  8.01919e-07
 Reference value :  8.02266e-07
 Reference value :  8.02686e-07
 Reference value :  8.03107e-07
 Reference value :  8.03511e-07
 Reference value :  8.03920e-07
 Reference value :  8.04239e-07
 Reference value :  8.04441e-07
 Reference value :  8.04620e-07
 Reference value :  8.04921e-07
 Reference value :  8.05215e-07
 Reference value :  8.05490e-07
 Reference value :  8.05752e-07
 Reference value :  8.06009e-07
 Reference value :  8.06310e-07
 Reference value :  8.06627e-07
 Reference value :  8.06940e-07
 Reference value :  8.07190e-07
 Reference value :  8.07490e-07
 Reference value :  8.07721e-07
 Reference value :  8.07950e-07
 Reference value :  8.08195e-07
 Reference value :  8.08397e-07
 Reference value :  8.08653e-07
 Reference value :  8.09072e-07
 Reference value :  8.09495e-07
 Reference value :  8.09906e-07
 Reference value :  8.10327e-07
 Reference value :  8.10741e-07
 Reference value :  8.11161e-07
 Reference value :  8.11581e-07
 Reference value :  8.11880e-07
 Reference value :  8.12076e-07
 Reference value :  8.12337e-07
 Reference value :  8.12611e-07
 Reference value :  8.12832e-07
 Reference value :  8.13100e-07
 Reference value :  8.13364e-07
 Reference value :  8.13626e-07
 Reference value :  8.13836e-07
 Reference value :  8.14071e-07
 Reference value :  8.14256e-07
 Reference value :  8.14488e-07
 Reference value :  8.14908e-07
 Reference value :  8.15330e-07
 Reference value :  8.15596e-07
 Reference value :  8.16013e-07
 Reference value :  8.16437e-07
 Reference value :  8.16856e-07
 Reference value :  8.17254e-07
 Reference value :  8.17651e-07
 Reference value :  8.18071e-07
 Reference value :  8.18489e-07
 Reference value :  8.18730e-07
 Reference value :  8.19150e-07
 Reference value :  8.19566e-07
 Reference value :  8.19980e-07
 Reference value :  8.20401e-07
 Reference value :  8.20822e-07
 Reference value :  8.21122e-07
 Reference value :  8.21531e-07
 Reference value :  8.21949e-07
 Reference value :  8.22360e-07
 Reference value :  8.22771e-07
 Reference value :  8.23194e-07
 Reference value :  8.23615e-07
 Reference value :  8.24031e-07
 Reference value :  8.24456e-07
 Reference value :  8.24877e-07
 Reference value :  8.25293e-07
 Reference value :  8.25714e-07
 Reference value :  8.26124e-07
 Reference value :  8.26546e-07
 Reference value :  8.26969e-07
 Reference value :  8.27390e-07
 Reference value :  8.27810e-07
 Reference value :  8.28231e-07
 Reference value :  8.28650e-07
 Reference value :  8.29072e-07
 Reference value :  8.29493e-07
 Reference value :  8.29888e-07
 Reference value :  8.30270e-07
 Reference value :  8.30690e-07
 Reference value :  8.31065e-07
 Reference value :  8.31382e-07
 Reference value :  8.31753e-07
 Reference value :  8.32170e-07
 Reference value :  8.32592e-07
 Reference value :  8.33014e-07
 Reference value :  8.33435e-07
 Reference value :  8.33857e-07
 Reference value :  8.34280e-07
 Reference value :  8.34698e-07
 Reference value :  8.35109e-07
 Reference value :  8.35530e-07
 Reference value :  8.35950e-07
 Reference value :  8.36371e-07
 Reference value :  8.36784e-07
 Reference value :  8.37203e-07
 Reference value :  8.37623e-07
 Reference value :  8.38045e-07
 Reference value :  8.38413e-07
 Reference value :  8.38689e-07
 Reference value :  8.39099e-07
 Reference value :  8.39461e-07
 Reference value :  8.39881e-07
 Reference value :  8.40290e-07
 Reference value :  8.40711e-07
 Reference value :  8.41130e-07
 Reference value :  8.41535e-07
 Reference value :  8.41919e-07
 Reference value :  8.42340e-07
 Reference value :  8.42741e-07
 Reference value :  8.43161e-07
 Reference value :  8.43586e-07
 Reference value :  8.44008e-07
 Reference value :  8.44425e-07
 Reference value :  8.44845e-07
 Reference value :  8.45270e-07
 Reference value :  8.45691e-07
 Reference value :  8.46113e-07
 Reference value :  8.46537e-07
 Reference value :  8.46915e-07
 Reference value :  8.47241e-07
 Reference value :  8.47651e-07
 Reference value :  8.48073e-07
 Reference value :  8.48495e-07
 Reference value :  8.48918e-07
 Reference value :  8.49334e-07
 Reference value :  8.49755e-07
 Reference value :  8.50172e-07
 Reference value :  8.50596e-07
 Reference value :  8.51017e-07
 Reference value :  8.51430e-07
 Reference value :  8.51851e-07
 Reference value :  8.52233e-07
 Reference value :  8.52653e-07
 Reference value :  8.53070e-07
 Reference value :  8.53491e-07
 Reference value :  8.53910e-07
 Reference value :  8.54330e-07
 Reference value :  8.54753e-07
 Reference value :  8.55173e-07
 Reference value :  8.55580e-07
 Reference value :  8.56000e-07
 Reference value :  8.56420e-07
 Reference value :  8.56841e-07
 Reference value :  8.57190e-07
 Reference value :  8.57543e-07
 Reference value :  8.57935e-07
 Reference value :  8.58357e-07
 Reference value :  8.58780e-07
 Reference value :  8.59200e-07
 Reference value :  8.59620e-07
 Reference value :  8.60006e-07
 Reference value :  8.60421e-07
 Reference value :  8.60834e-07
 Reference value :  8.61223e-07
 Reference value :  8.61644e-07
 Reference value :  8.61999e-07
 Reference value :  8.62411e-07
 Reference value :  8.62835e-07
 Reference value :  8.63256e-07
 Reference value :  8.63670e-07
 Reference value :  8.64085e-07
 Reference value :  8.64415e-07
 Reference value :  8.64789e-07
 Reference value :  8.65210e-07
 Reference value :  8.65600e-07
 Reference value :  8.66004e-07
 Reference value :  8.66421e-07
 Reference value :  8.66840e-07
 Reference value :  8.67261e-07
 Reference value :  8.67677e-07
 Reference value :  8.68081e-07
 Reference value :  8.68404e-07
 Reference value :  8.68817e-07
 Reference value :  8.69200e-07
 Reference value :  8.69619e-07
 Reference value :  8.70041e-07
 Reference value :  8.70461e-07
 Reference value :  8.70884e-07
 Reference value :  8.71308e-07
 Reference value :  8.71729e-07
 Reference value :  8.72142e-07
 Reference value :  8.72564e-07
 Reference value :  8.72880e-07
 Reference value :  8.73263e-07
 Reference value :  8.73680e-07
 Reference value :  8.74096e-07
 Reference value :  8.74509e-07
 Reference value :  8.74893e-07
 Reference value :  8.75315e-07
 Reference value :  8.75738e-07
 Reference value :  8.76157e-07
 Reference value :  8.76579e-07
 Reference value :  8.76990e-07
 Reference value :  8.77410e-07
 Reference value :  8.77831e-07
 Reference value :  8.78250e-07
 Reference value :  8.78670e-07
 Reference value :  8.79086e-07
 Reference value :  8.79504e-07
 Reference value :  8.79838e-07
 Reference value :  8.80104e-07
 Reference value :  8.80391e-07
 Reference value :  8.80678e-07
 Reference value :  8.80967e-07
 Reference value :  8.81270e-07
 Reference value :  8.81581e-07
 Reference value :  8.81853e-07
 Reference value :  8.82071e-07
 Reference value :  8.82350e-07
 Reference value :  8.82656e-07
 Reference value :  8.82900e-07
 Reference value :  8.83315e-07
 Reference value :  8.83734e-07
 Reference value :  8.84147e-07
 Reference value :  8.84555e-07
 Reference value :  8.84979e-07
 Reference value :  8.85399e-07
 Reference value :  8.85813e-07
 Reference value :  8.86234e-07
 Reference value :  8.86657e-07
 Reference value :  8.87073e-07
 Reference value :  8.87494e-07
 Reference value :  8.87907e-07
 Reference value :  8.88323e-07
 Reference value :  8.88657e-07
 Reference value :  8.89030e-07
 Reference value :  8.89450e-07
 Reference value :  8.89870e-07
 Reference value :  8.90290e-07
 Reference value :  8.90709e-07
 Reference value :  8.91127e-07
 Reference value :  8.91541e-07
 Reference value :  8.91949e-07
 Reference value :  8.92368e-07
 Reference value :  8.92790e-07
 Reference value :  8.93190e-07
 Reference value :  8.93608e-07
 Reference value :  8.93991e-07
 Reference value :  8.94411e-07
 Reference value :  8.94717e-07
 Reference value :  8.95091e-07
 Reference value :  8.95500e-07
 Reference value :  8.95920e-07
 Reference value :  8.96338e-07
 Reference value :  8.96754e-07
 Reference value :  8.97063e-07
 Reference value :  8.97454e-07
 Reference value :  8.97875e-07
 Reference value :  8.98290e-07
 Reference value :  8.98713e-07
 Reference value :  8.99134e-07
 Reference value :  8.99545e-07
 Reference value :  8.99960e-07
 Reference value :  9.00376e-07
 Reference value :  9.00793e-07
 Reference value :  9.01217e-07
 Reference value :  9.01638e-07
 Reference value :  9.02060e-07
 Reference value :  9.02477e-07
 Reference value :  9.02900e-07
 Reference value :  9.03320e-07
 Reference value :  9.03720e-07
 Reference value :  9.04124e-07
 Reference value :  9.04530e-07
 Reference value :  9.04947e-07
 Reference value :  9.05368e-07
 Reference value :  9.05787e-07
 Reference value :  9.06209e-07
 Reference value :  9.06631e-07
 Reference value :  9.07033e-07
 Reference value :  9.07340e-07
 Reference value :  9.07755e-07
 Reference value :  9.08171e-07
 Reference value :  9.08594e-07
 Reference value :  9.09010e-07
 Reference value :  9.09430e-07
 Reference value :  9.09684e-07
 Reference value :  9.10100e-07
 Reference value :  9.10493e-07
 Reference value :  9.10910e-07
 Reference value :  9.11080e-07
 Reference value :  9.11373e-07
 Reference value :  9.11789e-07
 Reference value :  9.12209e-07
 Reference value :  9.12624e-07
 Reference value :  9.12910e-07
 Reference value :  9.13106e-07
 Reference value :  9.13280e-07
 Reference value :  9.13487e-07
 Reference value :  9.13658e-07
 Reference value :  9.13848e-07
 Reference value :  9.14059e-07
 Reference value :  9.14250e-07
 Reference value :  9.14441e-07
 Reference value :  9.14597e-07
 Reference value :  9.14754e-07
 Reference value :  9.14828e-07
 Reference value :  9.15067e-07
 Reference value :  9.15219e-07
 Reference value :  9.15327e-07
 Reference value :  9.15330e-07
 Reference value :  9.15331e-07
 Reference value :  9.15566e-07
 Reference value :  9.15646e-07
 Reference value :  9.15650e-07
 Reference value :  9.15651e-07
 Reference value :  9.15653e-07
 Reference value :  9.15656e-07
 Reference value :  9.15660e-07
 Reference value :  9.15661e-07
 Reference value :  9.15690e-07
 Reference value :  9.15800e-07
 Reference value :  9.15803e-07
 Reference value :  9.15807e-07
 Reference value :  9.15810e-07
 Reference value :  9.15812e-07
 Reference value :  9.15845e-07
 Reference value :  9.16044e-07
 Reference value :  9.16331e-07
 Reference value :  9.16679e-07
 Reference value :  9.17081e-07
 Reference value :  9.17439e-07
 Reference value :  9.17838e-07
 Reference value :  9.18101e-07
 Reference value :  9.18336e-07
 Reference value :  9.18731e-07
 Reference value :  9.19041e-07
 Reference value :  9.19410e-07
 Reference value :  9.19754e-07
 Reference value :  9.20171e-07
 Reference value :  9.20585e-07
 Reference value :  9.20991e-07
 Reference value :  9.21414e-07
 Reference value :  9.21835e-07
 Reference value :  9.22249e-07
 Reference value :  9.22623e-07
 Reference value :  9.23020e-07
 Reference value :  9.23445e-07
 Reference value :  9.23851e-07
 Reference value :  9.24271e-07
 Reference value :  9.24671e-07
 Reference value :  9.25093e-07
 Reference value :  9.25516e-07
 Reference value :  9.25940e-07
 Reference value :  9.26355e-07
 Reference value :  9.26778e-07
 Reference value :  9.27196e-07
 Reference value :  9.27620e-07
 Reference value :  9.28040e-07
 Reference value :  9.28459e-07
 Reference value :  9.28857e-07
 Reference value :  9.29248e-07
 Reference value :  9.29670e-07
 Reference value :  9.30089e-07
 Reference value :  9.30511e-07
 Reference value :  9.30935e-07
 Reference value :  9.31360e-07
 Reference value :  9.31783e-07
 Reference value :  9.32207e-07
 Reference value :  9.32560e-07
 Reference value :  9.32900e-07
 Reference value :  9.33319e-07
 Reference value :  9.33730e-07
 Reference value :  9.34125e-07
 Reference value :  9.34479e-07
 Reference value :  9.34827e-07
 Reference value :  9.35247e-07
 Reference value :  9.35665e-07
 Reference value :  9.36087e-07
 Reference value :  9.36469e-07
 Reference value :  9.36890e-07
 Reference value :  9.37300e-07
 Reference value :  9.37721e-07
 Reference value :  9.38141e-07
 Reference value :  9.38561e-07
 Reference value :  9.38982e-07
 Reference value :  9.39405e-07
 Reference value :  9.39825e-07
 Reference value :  9.40247e-07
 Reference value :  9.40669e-07
 Reference value :  9.41090e-07
 Reference value :  9.41491e-07
 Reference value :  9.41910e-07
 Reference value :  9.42304e-07
 Reference value :  9.42720e-07
 Reference value :  9.43076e-07
 Reference value :  9.43479e-07
 Reference value :  9.43900e-07
 Reference value :  9.44323e-07
 Reference value :  9.44681e-07
 Reference value :  9.45031e-07
 Reference value :  9.45451e-07
 Reference value :  9.45873e-07
 Reference value :  9.46286e-07
 Reference value :  9.46708e-07
 Reference value :  9.47121e-07
 Reference value :  9.47544e-07
 Reference value :  9.47956e-07
 Reference value :  9.48377e-07
 Reference value :  9.48800e-07
 Reference value :  9.49221e-07
 Reference value :  9.49636e-07
 Reference value :  9.50051e-07
 Reference value :  9.50470e-07
 Reference value :  9.50893e-07
 Reference value :  9.51316e-07
 Reference value :  9.51738e-07
 Reference value :  9.52144e-07
 Reference value :  9.52547e-07
 Reference value :  9.52970e-07
 Reference value :  9.53385e-07
 Reference value :  9.53807e-07
 Reference value :  9.54208e-07
 Reference value :  9.54567e-07
 Reference value :  9.54990e-07
 Reference value :  9.55411e-07
 Reference value :  9.55834e-07
 Reference value :  9.56259e-07
 Reference value :  9.56680e-07
 Reference value :  9.57090e-07
 Reference value :  9.57509e-07
 Reference value :  9.57931e-07
 Reference value :  9.58354e-07
 Reference value :  9.58648e-07
 Reference value :  9.59054e-07
 Reference value :  9.59469e-07
 Reference value :  9.59889e-07
 Reference value :  9.60311e-07
 Reference value :  9.60580e-07
 Reference value :  9.60994e-07
 Reference value :  9.61414e-07
 Reference value :  9.61821e-07
 Reference value :  9.62070e-07
 Reference value :  9.62336e-07
 Reference value :  9.62478e-07
 Reference value :  9.62714e-07
 Reference value :  9.62895e-07
 Reference value :  9.63172e-07
 Reference value :  9.63477e-07
 Reference value :  9.63538e-07
 Reference value :  9.63683e-07
 Reference value :  9.63957e-07
 Reference value :  9.64220e-07
 Reference value :  9.64383e-07
 Reference value :  9.64502e-07
 Reference value :  9.64639e-07
 Reference value :  9.64769e-07
 Reference value :  9.65047e-07
 Reference value :  9.65320e-07
 Reference value :  9.65571e-07
 Reference value :  9.65843e-07
 Reference value :  9.65999e-07
 Reference value :  9.66171e-07
 Reference value :  9.66448e-07
 Reference value :  9.66741e-07
 Reference value :  9.66911e-07
 Reference value :  9.67029e-07
 Reference value :  9.67307e-07
 Reference value :  9.67601e-07
 Reference value :  9.67874e-07
 Reference value :  9.68176e-07
 Reference value :  9.68476e-07
 Reference value :  9.68754e-07
 Reference value :  9.69055e-07
 Reference value :  9.69291e-07
 Reference value :  9.69550e-07
 Reference value :  9.69835e-07
 Reference value :  9.69995e-07
 Reference value :  9.70135e-07
 Reference value :  9.70553e-07
 Reference value :  9.70964e-07
 Reference value :  9.71357e-07
 Reference value :  9.71780e-07
 Reference value :  9.72203e-07
 Reference value :  9.72621e-07
 Reference value :  9.73045e-07
 Reference value :  9.73465e-07
 Reference value :  9.73890e-07
 Reference value :  9.74139e-07
 Reference value :  9.74415e-07
 Reference value :  9.74750e-07
 Reference value :  9.75068e-07
 Reference value :  9.75198e-07
 Reference value :  9.75354e-07
 Reference value :  9.75641e-07
 Reference value :  9.75959e-07
 Reference value :  9.76261e-07
 Reference value :  9.76438e-07
 Reference value :  9.76626e-07
 Reference value :  9.76924e-07
 Reference value :  9.77165e-07
 Reference value :  9.77341e-07
 Reference value :  9.77607e-07
 Reference value :  9.78017e-07
 Reference value :  9.78439e-07
 Reference value :  9.78858e-07
 Reference value :  9.79282e-07
 Reference value :  9.79701e-07
 Reference value :  9.80125e-07
 Reference value :  9.80549e-07
 Reference value :  9.80970e-07
 Reference value :  9.81369e-07
 Reference value :  9.81776e-07
 Reference value :  9.82192e-07
 Reference value :  9.82617e-07
 Reference value :  9.82981e-07
 Reference value :  9.83226e-07
 Reference value :  9.83448e-07
 Reference value :  9.83664e-07
 Reference value :  9.84080e-07
 Reference value :  9.84497e-07
 Reference value :  9.84911e-07
 Reference value :  9.85220e-07
 Reference value :  9.85610e-07
 Reference value :  9.86010e-07
 Reference value :  9.86427e-07
 Reference value :  9.86644e-07
 Reference value :  9.87051e-07
 Reference value :  9.87471e-07
 Reference value :  9.87887e-07
 Reference value :  9.88304e-07
 Reference value :  9.88710e-07
 Reference value :  9.89128e-07
 Reference value :  9.89540e-07
 Reference value :  9.89955e-07
 Reference value :  9.90372e-07
 Reference value :  9.90784e-07
 Reference value :  9.91201e-07
 Reference value :  9.91611e-07
 Reference value :  9.92031e-07
 Reference value :  9.92449e-07
 Reference value :  9.92866e-07
 Reference value :  9.93261e-07
 Reference value :  9.93680e-07
 Reference value :  9.94099e-07
 Reference value :  9.94517e-07
 Reference value :  9.94936e-07
 Reference value :  9.95316e-07
 Reference value :  9.95734e-07
 Reference value :  9.96152e-07
 Reference value :  9.96572e-07
 Reference value :  9.96990e-07
 Reference value :  9.97410e-07
 Reference value :  9.97818e-07
 Reference value :  9.98235e-07
 Reference value :  9.98610e-07
 Reference value :  9.98928e-07
 Reference value :  9.99346e-07
 Reference value :  9.99738e-07
 Reference value :  1.00014e-06
 Reference value :  1.00050e-06
 Reference value :  1.00084e-06
 Reference value :  1.00125e-06
 Reference value :  1.00166e-06
 Reference value :  1.00208e-06
 Reference value :  1.00249e-06
 Reference value :  1.00291e-06
 Reference value :  1.00332e-06
 Reference value :  1.00352e-06
 Reference value :  1.00369e-06
 Reference value :  1.00397e-06
 Reference value :  1.00425e-06
 Reference value :  1.00453e-06
 Reference value :  1.00481e-06
 Reference value :  1.00508e-06
 Reference value :  1.00538e-06
 Reference value :  1.00568e-06
 Reference value :  1.00600e-06
 Reference value :  1.00626e-06
 Reference value :  1.00654e-06
 Reference value :  1.00673e-06
 Reference value :  1.00696e-06
 Reference value :  1.00731e-06
 Reference value :  1.00770e-06
 Reference value :  1.00811e-06
 Reference value :  1.00839e-06
 Reference value :  1.00878e-06
 Reference value :  1.00919e-06
 Reference value :  1.00961e-06
 Reference value :  1.01002e-06
 Reference value :  1.01044e-06
 Reference value :  1.01085e-06
 Reference value :  1.01127e-06
 Reference value :  1.01167e-06
 Reference value :  1.01209e-06
 Reference value :  1.01239e-06
 Reference value :  1.01268e-06
 Reference value :  1.01309e-06
 Reference value :  1.01350e-06
 Reference value :  1.01391e-06
 Reference value :  1.01432e-06
 Reference value :  1.01474e-06
 Reference value :  1.01515e-06
 Reference value :  1.01556e-06
 Reference value :  1.01596e-06
 Reference value :  1.01637e-06
 Reference value :  1.01678e-06
 Reference value :  1.01719e-06
 Reference value :  1.01760e-06
 Reference value :  1.01801e-06
 Reference value :  1.01843e-06
 Reference value :  1.01885e-06
 Reference value :  1.01926e-06
 Reference value :  1.01968e-06
 Reference value :  1.02009e-06
 Reference value :  1.02046e-06
 Reference value :  1.02084e-06
 Reference value :  1.02125e-06
 Reference value :  1.02162e-06
 Reference value :  1.02194e-06
 Reference value :  1.02235e-06
 Reference value :  1.02277e-06
 Reference value :  1.02318e-06
 Reference value :  1.02353e-06
 Reference value :  1.02385e-06
 Reference value :  1.02426e-06
 Reference value :  1.02455e-06
 Reference value :  1.02497e-06
 Reference value :  1.02538e-06
 Reference value :  1.02567e-06
 Reference value :  1.02606e-06
 Reference value :  1.02647e-06
 Reference value :  1.02682e-06
 Reference value :  1.02722e-06
 Reference value :  1.02764e-06
 Reference value :  1.02803e-06
 Reference value :  1.02844e-06
 Reference value :  1.02886e-06
 Reference value :  1.02927e-06
 Reference value :  1.02969e-06
 Reference value :  1.02995e-06
 Reference value :  1.03020e-06
 Reference value :  1.03046e-06
 Reference value :  1.03067e-06
 Reference value :  1.03093e-06
 Reference value :  1.03114e-06
 Reference value :  1.03154e-06
 Reference value :  1.03195e-06
 Reference value :  1.03222e-06
 Reference value :  1.03262e-06
 Reference value :  1.03304e-06
 Reference value :  1.03344e-06
 Reference value :  1.03379e-06
 Reference value :  1.03420e-06
 Reference value :  1.03460e-06
 Reference value :  1.03489e-06
 Reference value :  1.03523e-06
 Reference value :  1.03564e-06
 Reference value :  1.03606e-06
 Reference value :  1.03646e-06
 Reference value :  1.03688e-06
 Reference value :  1.03729e-06
 Reference value :  1.03770e-06
 Reference value :  1.03812e-06
 Reference value :  1.03853e-06
 Reference value :  1.03895e-06
 Reference value :  1.03934e-06
 Reference value :  1.03975e-06
 Reference value :  1.04015e-06
 Reference value :  1.04057e-06
 Reference value :  1.04098e-06
 Reference value :  1.04140e-06
 Reference value :  1.04180e-06
 Reference value :  1.04221e-06
 Reference value :  1.04263e-06
 Reference value :  1.04304e-06
 Reference value :  1.04346e-06
 Reference value :  1.04387e-06
 Reference value :  1.04429e-06
 Reference value :  1.04464e-06
 Reference value :  1.04506e-06
 Reference value :  1.04542e-06
 Reference value :  1.04576e-06
 Reference value :  1.04617e-06
 Reference value :  1.04659e-06
 Reference value :  1.04700e-06
 Reference value :  1.04731e-06
 Reference value :  1.04767e-06
 Reference value :  1.04808e-06
 Reference value :  1.04849e-06
 Reference value :  1.04890e-06
 Reference value :  1.04929e-06
 Reference value :  1.04971e-06
 Reference value :  1.05012e-06
 Reference value :  1.05053e-06
 Reference value :  1.05095e-06
 Reference value :  1.05136e-06
 Reference value :  1.05175e-06
 Reference value :  1.05217e-06
 Reference value :  1.05258e-06
 Reference value :  1.05297e-06
 Reference value :  1.05339e-06
 Reference value :  1.05377e-06
 Reference value :  1.05418e-06
 Reference value :  1.05459e-06
 Reference value :  1.05500e-06
 Reference value :  1.05542e-06
 Reference value :  1.05583e-06
 Reference value :  1.05624e-06
 Reference value :  1.05666e-06
 Reference value :  1.05707e-06
 Reference value :  1.05741e-06
 Reference value :  1.05776e-06
 Reference value :  1.05817e-06
 Reference value :  1.05856e-06
 Reference value :  1.05898e-06
 Reference value :  1.05939e-06
 Reference value :  1.05981e-06
 Reference value :  1.06021e-06
 Reference value :  1.06063e-06
 Reference value :  1.06104e-06
 Reference value :  1.06145e-06
 Reference value :  1.06187e-06
 Reference value :  1.06228e-06
 Reference value :  1.06269e-06
 Reference value :  1.06297e-06
 Reference value :  1.06325e-06
 Reference value :  1.06352e-06
 Reference value :  1.06379e-06
 Reference value :  1.06408e-06
 Reference value :  1.06435e-06
 Reference value :  1.06463e-06
 Reference value :  1.06494e-06
 Reference value :  1.06524e-06
 Reference value :  1.06533e-06
 Reference value :  1.06560e-06
 Reference value :  1.06587e-06
 Reference value :  1.06609e-06
 Reference value :  1.06621e-06
 Reference value :  1.06629e-06
 Reference value :  1.06670e-06
 Reference value :  1.06710e-06
 Reference value :  1.06752e-06
 Reference value :  1.06792e-06
 Reference value :  1.06821e-06
 Reference value :  1.06863e-06
 Reference value :  1.06893e-06
 Reference value :  1.06896e-06
 Reference value :  1.06899e-06
 Reference value :  1.06920e-06
 Reference value :  1.06962e-06
 Reference value :  1.07003e-06
 Reference value :  1.07045e-06
 Reference value :  1.07086e-06
 Reference value :  1.07118e-06
 Reference value :  1.07135e-06
 Reference value :  1.07160e-06
 Reference value :  1.07200e-06
 Reference value :  1.07241e-06
 Reference value :  1.07283e-06
 Reference value :  1.07309e-06
 Reference value :  1.07336e-06
 Reference value :  1.07350e-06
 Reference value :  1.07381e-06
 Reference value :  1.07423e-06
 Reference value :  1.07463e-06
 Reference value :  1.07505e-06
 Reference value :  1.07547e-06
 Reference value :  1.07581e-06
 Reference value :  1.07610e-06
 Reference value :  1.07622e-06
 Reference value :  1.07648e-06
 Reference value :  1.07677e-06
 Reference value :  1.07717e-06
 Reference value :  1.07758e-06
 Reference value :  1.07799e-06
 Reference value :  1.07840e-06
 Reference value :  1.07881e-06
 Reference value :  1.07917e-06
 Reference value :  1.07958e-06
 Reference value :  1.07998e-06
 Reference value :  1.08039e-06
 Reference value :  1.08079e-06
 Reference value :  1.08121e-06
 Reference value :  1.08162e-06
 Reference value :  1.08202e-06
 Reference value :  1.08243e-06
 Reference value :  1.08285e-06
 Reference value :  1.08324e-06
 Reference value :  1.08365e-06
 Reference value :  1.08406e-06
 Reference value :  1.08448e-06
 Reference value :  1.08489e-06
 Reference value :  1.08531e-06
 Reference value :  1.08573e-06
 Reference value :  1.08614e-06
 Reference value :  1.08638e-06
 Reference value :  1.08660e-06
 Reference value :  1.08688e-06
 Reference value :  1.08729e-06
 Reference value :  1.08770e-06
 Reference value :  1.08811e-06
 Reference value :  1.08852e-06
 Reference value :  1.08894e-06
 Reference value :  1.08932e-06
 Reference value :  1.08945e-06
 Reference value :  1.08964e-06
 Reference value :  1.09005e-06
 Reference value :  1.09046e-06
 Reference value :  1.09080e-06
 Reference value :  1.09114e-06
 Reference value :  1.09156e-06
 Reference value :  1.09188e-06
 Reference value :  1.09206e-06
 Reference value :  1.09228e-06
 Reference value :  1.09269e-06
 Reference value :  1.09310e-06
 Reference value :  1.09351e-06
 Reference value :  1.09390e-06
 Reference value :  1.09430e-06
 Reference value :  1.09449e-06
 Reference value :  1.09468e-06
 Reference value :  1.09481e-06
 Reference value :  1.09486e-06
 Reference value :  1.09486e-06
 Reference value :  1.09486e-06
 Reference value :  1.09509e-06
 Reference value :  1.09535e-06
 Reference value :  1.09552e-06
 Reference value :  1.09558e-06
 Reference value :  1.09570e-06
 Reference value :  1.09607e-06
 Reference value :  1.09647e-06
 Reference value :  1.09676e-06
 Reference value :  1.09716e-06
 Reference value :  1.09755e-06
 Reference value :  1.09767e-06
 Reference value :  1.09792e-06
 Reference value :  1.09818e-06
 Reference value :  1.09835e-06
 Reference value :  1.09839e-06
 Reference value :  1.09863e-06
 Reference value :  1.09885e-06
 Reference value :  1.09910e-06
 Reference value :  1.09935e-06
 Reference value :  1.09964e-06
 Reference value :  1.09990e-06
 Reference value :  1.10016e-06
 Reference value :  1.10043e-06
 Reference value :  1.10063e-06
 Reference value :  1.10083e-06
 Reference value :  1.10098e-06
 Reference value :  1.10116e-06
 Reference value :  1.10158e-06
 Reference value :  1.10199e-06
 Reference value :  1.10241e-06
 Reference value :  1.10282e-06
 Reference value :  1.10323e-06
 Reference value :  1.10363e-06
 Reference value :  1.10404e-06
 Reference value :  1.10445e-06
 Reference value :  1.10487e-06
 Reference value :  1.10526e-06
 Reference value :  1.10555e-06
 Reference value :  1.10570e-06
 Reference value :  1.10586e-06
 Reference value :  1.10626e-06
 Reference value :  1.10667e-06
 Reference value :  1.10704e-06
 Reference value :  1.10727e-06
 Reference value :  1.10760e-06
 Reference value :  1.10800e-06
 Reference value :  1.10828e-06
 Reference value :  1.10855e-06
 Reference value :  1.10884e-06
 Reference value :  1.10899e-06
 Reference value :  1.10912e-06
 Reference value :  1.10929e-06
 Reference value :  1.10949e-06
 Reference value :  1.10979e-06
 Reference value :  1.11008e-06
 Reference value :  1.11037e-06
 Reference value :  1.11060e-06
 Reference value :  1.11096e-06
 Reference value :  1.11136e-06
 Reference value :  1.11178e-06
 Reference value :  1.11200e-06
 Reference value :  1.11240e-06
 Reference value :  1.11281e-06
 Reference value :  1.11322e-06
 Reference value :  1.11364e-06
 Reference value :  1.11405e-06
 Reference value :  1.11447e-06
 Reference value :  1.11483e-06
 Reference value :  1.11512e-06
 Reference value :  1.11545e-06
 Reference value :  1.11581e-06
 Reference value :  1.11623e-06
 Reference value :  1.11664e-06
 Reference value :  1.11705e-06
 Reference value :  1.11745e-06
 Reference value :  1.11787e-06
 Reference value :  1.11829e-06
 Reference value :  1.11870e-06
 Reference value :  1.11912e-06
 Reference value :  1.11953e-06
 Reference value :  1.11995e-06
 Reference value :  1.12034e-06
 Reference value :  1.12076e-06
 Reference value :  1.12118e-06
 Reference value :  1.12160e-06
 Reference value :  1.12201e-06
 Reference value :  1.12242e-06
 Reference value :  1.12284e-06
 Reference value :  1.12326e-06
 Reference value :  1.12368e-06
 Reference value :  1.12410e-06
 Reference value :  1.12451e-06
 Reference value :  1.12492e-06
 Reference value :  1.12527e-06
 Reference value :  1.12568e-06
 Reference value :  1.12610e-06
 Reference value :  1.12652e-06
 Reference value :  1.12692e-06
 Reference value :  1.12733e-06
 Reference value :  1.12775e-06
 Reference value :  1.12813e-06
 Reference value :  1.12838e-06
 Reference value :  1.12879e-06
 Reference value :  1.12920e-06
 Reference value :  1.12960e-06
 Reference value :  1.12993e-06
 Reference value :  1.13031e-06
 Reference value :  1.13068e-06
 Reference value :  1.13109e-06
 Reference value :  1.13150e-06
 Reference value :  1.13190e-06
 Reference value :  1.13231e-06
 Reference value :  1.13271e-06
 Reference value :  1.13312e-06
 Reference value :  1.13354e-06
 Reference value :  1.13396e-06
 Reference value :  1.13437e-06
 Reference value :  1.13479e-06
 Reference value :  1.13521e-06
 Reference value :  1.13563e-06
 Reference value :  1.13601e-06
 Reference value :  1.13642e-06
 Reference value :  1.13679e-06
 Reference value :  1.13707e-06
 Reference value :  1.13736e-06
 Reference value :  1.13760e-06
 Reference value :  1.13785e-06
 Reference value :  1.13827e-06
 Reference value :  1.13869e-06
 Reference value :  1.13905e-06
 Reference value :  1.13945e-06
 Reference value :  1.13967e-06
 Reference value :  1.13984e-06
 Reference value :  1.14021e-06
 Reference value :  1.14044e-06
 Reference value :  1.14069e-06
 Reference value :  1.14093e-06
 Reference value :  1.14123e-06
 Reference value :  1.14150e-06
 Reference value :  1.14178e-06
 Reference value :  1.14203e-06
 Reference value :  1.14225e-06
 Reference value :  1.14249e-06
 Reference value :  1.14285e-06
 Reference value :  1.14310e-06
 Reference value :  1.14333e-06
 Reference value :  1.14355e-06
 Reference value :  1.14379e-06
 Reference value :  1.14403e-06
 Reference value :  1.14434e-06
 Reference value :  1.14457e-06
 Reference value :  1.14485e-06
 Reference value :  1.14508e-06
 Reference value :  1.14530e-06
 Reference value :  1.14549e-06
 Reference value :  1.14563e-06
 Reference value :  1.14578e-06
 Reference value :  1.14592e-06
 Reference value :  1.14604e-06
 Reference value :  1.14619e-06
 Reference value :  1.14631e-06
 Reference value :  1.14646e-06
 Reference value :  1.14659e-06
 Reference value :  1.14669e-06
 Reference value :  1.14674e-06
 Reference value :  1.14674e-06
 Reference value :  1.14675e-06
 Reference value :  1.14695e-06
 Reference value :  1.14719e-06
 Reference value :  1.14739e-06
 Reference value :  1.14757e-06
 Reference value :  1.14774e-06
 Reference value :  1.14788e-06
 Reference value :  1.14811e-06
 Reference value :  1.14831e-06
 Reference value :  1.14847e-06
 Reference value :  1.14851e-06
 Reference value :  1.14859e-06
 Reference value :  1.14878e-06
 Reference value :  1.14901e-06
 Reference value :  1.14924e-06
 Reference value :  1.14939e-06
 Reference value :  1.14951e-06
 Reference value :  1.14963e-06
 Reference value :  1.14977e-06
 Reference value :  1.15006e-06
 Reference value :  1.15029e-06
 Reference value :  1.15055e-06
 Reference value :  1.15070e-06
 Reference value :  1.15092e-06
 Reference value :  1.15128e-06
 Reference value :  1.15149e-06
 Reference value :  1.15174e-06
 Reference value :  1.15200e-06
 Reference value :  1.15224e-06
 Reference value :  1.15245e-06
 Reference value :  1.15274e-06
 Reference value :  1.15296e-06
 Reference value :  1.15327e-06
 Reference value :  1.15349e-06
 Reference value :  1.15369e-06
 Reference value :  1.15369e-06
 Reference value :  1.15369e-06
 Reference value :  1.15370e-06
 Reference value :  1.15370e-06
 Reference value :  1.15370e-06
 Reference value :  1.15371e-06
 Reference value :  1.15371e-06
 Reference value :  1.15371e-06
 Reference value :  1.15374e-06
 Reference value :  1.15386e-06
 Reference value :  1.15407e-06
 Reference value :  1.15417e-06
 Reference value :  1.15438e-06
 Reference value :  1.15455e-06
 Reference value :  1.15456e-06
 Reference value :  1.15456e-06
 Reference value :  1.15475e-06
 Reference value :  1.15497e-06
 Reference value :  1.15531e-06
 Reference value :  1.15565e-06
 Reference value :  1.15601e-06
 Reference value :  1.15636e-06
 Reference value :  1.15675e-06
 Reference value :  1.15712e-06
 Reference value :  1.15753e-06
 Reference value :  1.15792e-06
 Reference value :  1.15833e-06
 Reference value :  1.15876e-06
 Reference value :  1.15917e-06
 Reference value :  1.15959e-06
 Reference value :  1.16001e-06
 Reference value :  1.16043e-06
 Reference value :  1.16084e-06
 Reference value :  1.16126e-06
 Reference value :  1.16168e-06
 Reference value :  1.16210e-06
 Reference value :  1.16251e-06
 Reference value :  1.16288e-06
 Reference value :  1.16328e-06
 Reference value :  1.16370e-06
 Reference value :  1.16413e-06
 Reference value :  1.16454e-06
 Reference value :  1.16497e-06
 Reference value :  1.16538e-06
 Reference value :  1.16580e-06
 Reference value :  1.16620e-06
 Reference value :  1.16650e-06
 Reference value :  1.16692e-06
 Reference value :  1.16734e-06
 Reference value :  1.16776e-06
 Reference value :  1.16818e-06
 Reference value :  1.16859e-06
 Reference value :  1.16901e-06
 Reference value :  1.16943e-06
 Reference value :  1.16985e-06
 Reference value :  1.17027e-06
 Reference value :  1.17057e-06
 Reference value :  1.17094e-06
 Reference value :  1.17136e-06
 Reference value :  1.17177e-06
 Reference value :  1.17220e-06
 Reference value :  1.17262e-06
 Reference value :  1.17304e-06
 Reference value :  1.17345e-06
 Reference value :  1.17387e-06
 Reference value :  1.17428e-06
 Reference value :  1.17470e-06
 Reference value :  1.17505e-06
 Reference value :  1.17537e-06
 Reference value :  1.17578e-06
 Reference value :  1.17620e-06
 Reference value :  1.17661e-06
 Reference value :  1.17703e-06
 Reference value :  1.17742e-06
 Reference value :  1.17782e-06
 Reference value :  1.17824e-06
 Reference value :  1.17866e-06
 Reference value :  1.17908e-06
 Reference value :  1.17950e-06
 Reference value :  1.17992e-06
 Reference value :  1.18034e-06
 Reference value :  1.18076e-06
 Reference value :  1.18117e-06
 Reference value :  1.18159e-06
 Reference value :  1.18201e-06
 Reference value :  1.18242e-06
 Reference value :  1.18284e-06
 Reference value :  1.18326e-06
 Reference value :  1.18364e-06
 Reference value :  1.18406e-06
 Reference value :  1.18447e-06
 Reference value :  1.18486e-06
 Reference value :  1.18528e-06
 Reference value :  1.18570e-06
 Reference value :  1.18612e-06
 Reference value :  1.18654e-06
 Reference value :  1.18696e-06
 Reference value :  1.18733e-06
 Reference value :  1.18762e-06
 Reference value :  1.18797e-06
 Reference value :  1.18838e-06
 Reference value :  1.18880e-06
 Reference value :  1.18919e-06
 Reference value :  1.18961e-06
 Reference value :  1.19003e-06
 Reference value :  1.19045e-06
 Reference value :  1.19087e-06
 Reference value :  1.19129e-06
 Reference value :  1.19170e-06
 Reference value :  1.19204e-06
 Reference value :  1.19241e-06
 Reference value :  1.19281e-06
 Reference value :  1.19322e-06
 Reference value :  1.19364e-06
 Reference value :  1.19406e-06
 Reference value :  1.19448e-06
 Reference value :  1.19490e-06
 Reference value :  1.19532e-06
 Reference value :  1.19573e-06
 Reference value :  1.19611e-06
 Reference value :  1.19643e-06
 Reference value :  1.19684e-06
 Reference value :  1.19726e-06
 Reference value :  1.19758e-06
 Reference value :  1.19785e-06
 Reference value :  1.19813e-06
 Reference value :  1.19845e-06
 Reference value :  1.19868e-06
 Reference value :  1.19897e-06
 Reference value :  1.19927e-06
 Reference value :  1.19957e-06
 Reference value :  1.19977e-06
 Reference value :  1.20002e-06
 Reference value :  1.20024e-06
 Reference value :  1.20048e-06
 Reference value :  1.20078e-06
 Reference value :  1.20104e-06
 Reference value :  1.20131e-06
 Reference value :  1.20156e-06
 Reference value :  1.20180e-06
 Reference value :  1.20215e-06
 Reference value :  1.20257e-06
 Reference value :  1.20299e-06
 Reference value :  1.20341e-06
 Reference value :  1.20377e-06
 Reference value :  1.20398e-06
 Reference value :  1.20440e-06
 Reference value :  1.20480e-06
 Reference value :  1.20520e-06
 Reference value :  1.20547e-06
 Reference value :  1.20580e-06
 Reference value :  1.20622e-06
 Reference value :  1.20664e-06
 Reference value :  1.20706e-06
 Reference value :  1.20748e-06
 Reference value :  1.20790e-06
 Reference value :  1.20832e-06
 Reference value :  1.20874e-06
 Reference value :  1.20917e-06
 Reference value :  1.20943e-06
 Reference value :  1.20971e-06
 Reference value :  1.21000e-06
 Reference value :  1.21031e-06
 Reference value :  1.21062e-06
 Reference value :  1.21094e-06
 Reference value :  1.21125e-06
 Reference value :  1.21157e-06
 Reference value :  1.21184e-06
 Reference value :  1.21211e-06
 Reference value :  1.21240e-06
 Reference value :  1.21264e-06
 Reference value :  1.21282e-06
 Reference value :  1.21312e-06
 Reference value :  1.21338e-06
 Reference value :  1.21365e-06
 Reference value :  1.21392e-06
 Reference value :  1.21418e-06
 Reference value :  1.21446e-06
 Reference value :  1.21477e-06
 Reference value :  1.21502e-06
 Reference value :  1.21524e-06
 Reference value :  1.21540e-06
 Reference value :  1.21561e-06
 Reference value :  1.21588e-06
 Reference value :  1.21612e-06
 Reference value :  1.21639e-06
 Reference value :  1.21650e-06
 Reference value :  1.21683e-06
 Reference value :  1.21724e-06
 Reference value :  1.21765e-06
 Reference value :  1.21802e-06
 Reference value :  1.21839e-06
 Reference value :  1.21871e-06
 Reference value :  1.21912e-06
 Reference value :  1.21954e-06
 Reference value :  1.21992e-06
 Reference value :  1.22017e-06
 Reference value :  1.22044e-06
 Reference value :  1.22085e-06
 Reference value :  1.22126e-06
 Reference value :  1.22167e-06
 Reference value :  1.22209e-06
 Reference value :  1.22250e-06
 Reference value :  1.22292e-06
 Reference value :  1.22333e-06
 Reference value :  1.22374e-06
 Reference value :  1.22415e-06
 Reference value :  1.22456e-06
 Reference value :  1.22498e-06
 Reference value :  1.22539e-06
 Reference value :  1.22578e-06
 Reference value :  1.22619e-06
 Reference value :  1.22659e-06
 Reference value :  1.22700e-06
 Reference value :  1.22742e-06
 Reference value :  1.22783e-06
 Reference value :  1.22824e-06
 Reference value :  1.22865e-06
 Reference value :  1.22906e-06
 Reference value :  1.22947e-06
 Reference value :  1.22989e-06
 Reference value :  1.23030e-06
 Reference value :  1.23066e-06
 Reference value :  1.23107e-06
 Reference value :  1.23148e-06
 Reference value :  1.23189e-06
 Reference value :  1.23230e-06
 Reference value :  1.23266e-06
 Reference value :  1.23291e-06
 Reference value :  1.23319e-06
 Reference value :  1.23352e-06
 Reference value :  1.23383e-06
 Reference value :  1.23412e-06
 Reference value :  1.23434e-06
 Reference value :  1.23465e-06
 Reference value :  1.23495e-06
 Reference value :  1.23527e-06
 Reference value :  1.23556e-06
 Reference value :  1.23576e-06
 Reference value :  1.23603e-06
 Reference value :  1.23625e-06
 Reference value :  1.23647e-06
 Reference value :  1.23672e-06
 Reference value :  1.23687e-06
 Reference value :  1.23709e-06
 Reference value :  1.23736e-06
 Reference value :  1.23760e-06
 Reference value :  1.23786e-06
 Reference value :  1.23821e-06
 Reference value :  1.23863e-06
 Reference value :  1.23904e-06
 Reference value :  1.23942e-06
 Reference value :  1.23982e-06
 Reference value :  1.24022e-06
 Reference value :  1.24051e-06
 Reference value :  1.24093e-06
 Reference value :  1.24125e-06
 Reference value :  1.24150e-06
 Reference value :  1.24192e-06
 Reference value :  1.24233e-06
 Reference value :  1.24275e-06
 Reference value :  1.24317e-06
 Reference value :  1.24359e-06
 Reference value :  1.24401e-06
 Reference value :  1.24443e-06
 Reference value :  1.24485e-06
 Reference value :  1.24527e-06
 Reference value :  1.24569e-06
 Reference value :  1.24610e-06
 Reference value :  1.24643e-06
 Reference value :  1.24685e-06
 Reference value :  1.24725e-06
 Reference value :  1.24764e-06
 Reference value :  1.24806e-06
 Reference value :  1.24848e-06
 Reference value :  1.24890e-06
 Reference value :  1.24932e-06
 Reference value :  1.24974e-06
 Reference value :  1.25016e-06
 Reference value :  1.25058e-06
 Reference value :  1.25100e-06
 Reference value :  1.25142e-06
 Reference value :  1.25184e-06
 Reference value :  1.25225e-06
 Reference value :  1.25267e-06
 Reference value :  1.25309e-06
 Reference value :  1.25351e-06
 Reference value :  1.25393e-06
 Reference value :  1.25434e-06
 Reference value :  1.25476e-06
 Reference value :  1.25518e-06
 Reference value :  1.25560e-06
 Reference value :  1.25602e-06
 Reference value :  1.25644e-06
 Reference value :  1.25686e-06
 Reference value :  1.25728e-06
 Reference value :  1.25770e-06
 Reference value :  1.25812e-06
 Reference value :  1.25854e-06
 Reference value :  1.25896e-06
 Reference value :  1.25938e-06
 Reference value :  1.25980e-06
 Reference value :  1.26020e-06
 Reference value :  1.26058e-06
 Reference value :  1.26100e-06
 Reference value :  1.26140e-06
 Reference value :  1.26172e-06
 Reference value :  1.26213e-06
 Reference value :  1.26255e-06
 Reference value :  1.26297e-06
 Reference value :  1.26339e-06
 Reference value :  1.26364e-06
 Reference value :  1.26385e-06
 Reference value :  1.26401e-06
 Reference value :  1.26427e-06
 Reference value :  1.26468e-06
 Reference value :  1.26499e-06
 Reference value :  1.26518e-06
 Reference value :  1.26558e-06
 Reference value :  1.26599e-06
 Reference value :  1.26639e-06
 Reference value :  1.26667e-06
 Reference value :  1.26709e-06
 Reference value :  1.26751e-06
 Reference value :  1.26793e-06
 Reference value :  1.26836e-06
 Reference value :  1.26877e-06
 Reference value :  1.26919e-06
 Reference value :  1.26961e-06
 Reference value :  1.27003e-06
 Reference value :  1.27045e-06
 Reference value :  1.27087e-06
 Reference value :  1.27126e-06
 Reference value :  1.27166e-06
 Reference value :  1.27205e-06
 Reference value :  1.27247e-06
 Reference value :  1.27289e-06
 Reference value :  1.27323e-06
 Reference value :  1.27365e-06
 Reference value :  1.27406e-06
 Reference value :  1.27448e-06
 Reference value :  1.27490e-06
 Reference value :  1.27532e-06
 Reference value :  1.27574e-06
 Reference value :  1.27616e-06
 Reference value :  1.27653e-06
 Reference value :  1.27695e-06
 Reference value :  1.27737e-06
 Reference value :  1.27779e-06
 Reference value :  1.27821e-06
 Reference value :  1.27863e-06
 Reference value :  1.27905e-06
 Reference value :  1.27947e-06
 Reference value :  1.27986e-06
 Reference value :  1.28014e-06
 Reference value :  1.28046e-06
 Reference value :  1.28067e-06
 Reference value :  1.28094e-06
 Reference value :  1.28119e-06
 Reference value :  1.28141e-06
 Reference value :  1.28164e-06
 Reference value :  1.28206e-06
 Reference value :  1.28248e-06
 Reference value :  1.28288e-06
 Reference value :  1.28328e-06
 Reference value :  1.28370e-06
 Reference value :  1.28412e-06
 Reference value :  1.28454e-06
 Reference value :  1.28485e-06
 Reference value :  1.28507e-06
 Reference value :  1.28548e-06
 Reference value :  1.28590e-06
 Reference value :  1.28631e-06
 Reference value :  1.28673e-06
 Reference value :  1.28714e-06
 Reference value :  1.28757e-06
 Reference value :  1.28798e-06
 Reference value :  1.28840e-06
 Reference value :  1.28882e-06
 Reference value :  1.28917e-06
 Reference value :  1.28952e-06
 Reference value :  1.28988e-06
 Reference value :  1.29030e-06
 Reference value :  1.29072e-06
 Reference value :  1.29114e-06
 Reference value :  1.29156e-06
 Reference value :  1.29198e-06
 Reference value :  1.29241e-06
 Reference value :  1.29283e-06
 Reference value :  1.29325e-06
 Reference value :  1.29366e-06
 Reference value :  1.29392e-06
 Reference value :  1.29418e-06
 Reference value :  1.29448e-06
 Reference value :  1.29477e-06
 Reference value :  1.29505e-06
 Reference value :  1.29534e-06
 Reference value :  1.29565e-06
 Reference value :  1.29598e-06
 Reference value :  1.29627e-06
 Reference value :  1.29650e-06
 Reference value :  1.29677e-06
 Reference value :  1.29701e-06
 Reference value :  1.29723e-06
 Reference value :  1.29745e-06
 Reference value :  1.29762e-06
 Reference value :  1.29787e-06
 Reference value :  1.29829e-06
 Reference value :  1.29871e-06
 Reference value :  1.29913e-06
 Reference value :  1.29955e-06
 Reference value :  1.29996e-06
 Reference value :  1.30039e-06
 Reference value :  1.30081e-06
 Reference value :  1.30108e-06
 Reference value :  1.30138e-06
 Reference value :  1.30180e-06
 Reference value :  1.30222e-06
 Reference value :  1.30263e-06
 Reference value :  1.30305e-06
 Reference value :  1.30347e-06
 Reference value :  1.30388e-06
 Reference value :  1.30430e-06
 Reference value :  1.30467e-06
 Reference value :  1.30508e-06
 Reference value :  1.30548e-06
 Reference value :  1.30590e-06
 Reference value :  1.30632e-06
 Reference value :  1.30674e-06
 Reference value :  1.30715e-06
 Reference value :  1.30757e-06
 Reference value :  1.30793e-06
 Reference value :  1.30827e-06
 Reference value :  1.30861e-06
 Reference value :  1.30887e-06
 Reference value :  1.30914e-06
 Reference value :  1.30942e-06
 Reference value :  1.30969e-06
 Reference value :  1.30997e-06
 Reference value :  1.31023e-06
 Reference value :  1.31047e-06
 Reference value :  1.31071e-06
 Reference value :  1.31092e-06
 Reference value :  1.31112e-06
 Reference value :  1.31136e-06
 Reference value :  1.31165e-06
 Reference value :  1.31207e-06
 Reference value :  1.31249e-06
 Reference value :  1.31289e-06
 Reference value :  1.31331e-06
 Reference value :  1.31373e-06
 Reference value :  1.31415e-06
 Reference value :  1.31457e-06
 Reference value :  1.31499e-06
 Reference value :  1.31541e-06
 Reference value :  1.31581e-06
 Reference value :  1.31623e-06
 Reference value :  1.31661e-06
 Reference value :  1.31703e-06
 Reference value :  1.31745e-06
 Reference value :  1.31768e-06
 Reference value :  1.31810e-06
 Reference value :  1.31850e-06
 Reference value :  1.31892e-06
 Reference value :  1.31934e-06
 Reference value :  1.31976e-06
 Reference value :  1.32018e-06
 Reference value :  1.32056e-06
 Reference value :  1.32096e-06
 Reference value :  1.32138e-06
 Reference value :  1.32180e-06
 Reference value :  1.32222e-06
 Reference value :  1.32264e-06
 Reference value :  1.32304e-06
 Reference value :  1.32345e-06
 Reference value :  1.32387e-06
 Reference value :  1.32429e-06
 Reference value :  1.32471e-06
 Reference value :  1.32513e-06
 Reference value :  1.32556e-06
 Reference value :  1.32598e-06
 Reference value :  1.32640e-06
 Reference value :  1.32681e-06
 Reference value :  1.32723e-06
 Reference value :  1.32765e-06
 Reference value :  1.32807e-06
 Reference value :  1.32849e-06
 Reference value :  1.32890e-06
 Reference value :  1.32932e-06
 Reference value :  1.32974e-06
 Reference value :  1.33016e-06
 Reference value :  1.33058e-06
 Reference value :  1.33100e-06
 Reference value :  1.33142e-06
 Reference value :  1.33173e-06
 Reference value :  1.33212e-06
 Reference value :  1.33253e-06
 Reference value :  1.33295e-06
 Reference value :  1.33337e-06
 Reference value :  1.33375e-06
 Reference value :  1.33417e-06
 Reference value :  1.33456e-06
 Reference value :  1.33483e-06
 Reference value :  1.33511e-06
 Reference value :  1.33538e-06
 Reference value :  1.33562e-06
 Reference value :  1.33591e-06
 Reference value :  1.33622e-06
 Reference value :  1.33654e-06
 Reference value :  1.33688e-06
 Reference value :  1.33718e-06
 Reference value :  1.33745e-06
 Reference value :  1.33768e-06
 Reference value :  1.33794e-06
 Reference value :  1.33817e-06
 Reference value :  1.33842e-06
 Reference value :  1.33859e-06
 Reference value :  1.33884e-06
 Reference value :  1.33926e-06
 Reference value :  1.33968e-06
 Reference value :  1.34010e-06
 Reference value :  1.34051e-06
 Reference value :  1.34086e-06
 Reference value :  1.34113e-06
 Reference value :  1.34133e-06
 Reference value :  1.34153e-06
 Reference value :  1.34195e-06
 Reference value :  1.34236e-06
 Reference value :  1.34277e-06
 Reference value :  1.34319e-06
 Reference value :  1.34360e-06
 Reference value :  1.34388e-06
 Reference value :  1.34421e-06
 Reference value :  1.34463e-06
 Reference value :  1.34502e-06
 Reference value :  1.34540e-06
 Reference value :  1.34581e-06
 Reference value :  1.34623e-06
 Reference value :  1.34665e-06
 Reference value :  1.34707e-06
 Reference value :  1.34748e-06
 Reference value :  1.34790e-06
 Reference value :  1.34832e-06
 Reference value :  1.34874e-06
 Reference value :  1.34915e-06
 Reference value :  1.34957e-06
 Reference value :  1.34999e-06
 Reference value :  1.35040e-06
 Reference value :  1.35074e-06
 Reference value :  1.35101e-06
 Reference value :  1.35130e-06
 Reference value :  1.35161e-06
 Reference value :  1.35192e-06
 Reference value :  1.35219e-06
 Reference value :  1.35244e-06
 Reference value :  1.35251e-06
 Reference value :  1.35268e-06
 Reference value :  1.35289e-06
 Reference value :  1.35315e-06
 Reference value :  1.35335e-06
 Reference value :  1.35375e-06
 Reference value :  1.35417e-06
 Reference value :  1.35459e-06
 Reference value :  1.35501e-06
 Reference value :  1.35542e-06
 Reference value :  1.35584e-06
 Reference value :  1.35615e-06
 Reference value :  1.35639e-06
 Reference value :  1.35660e-06
 Reference value :  1.35682e-06
 Reference value :  1.35704e-06
 Reference value :  1.35744e-06
 Reference value :  1.35786e-06
 Reference value :  1.35826e-06
 Reference value :  1.35857e-06
 Reference value :  1.35874e-06
 Reference value :  1.35891e-06
 Reference value :  1.35911e-06
 Reference value :  1.35933e-06
 Reference value :  1.35937e-06
 Reference value :  1.35959e-06
 Reference value :  1.35974e-06
 Reference value :  1.35975e-06
 Reference value :  1.35986e-06
 Reference value :  1.36004e-06
 Reference value :  1.36020e-06
 Reference value :  1.36034e-06
 Reference value :  1.36052e-06
 Reference value :  1.36064e-06
 Reference value :  1.36080e-06
 Reference value :  1.36086e-06
 Reference value :  1.36086e-06
 Reference value :  1.36086e-06
 Reference value :  1.36087e-06
 Reference value :  1.36087e-06
 Reference value :  1.36087e-06
 Reference value :  1.36088e-06
 Reference value :  1.36088e-06
 Reference value :  1.36088e-06
 Reference value :  1.36088e-06
 Reference value :  1.36091e-06
 Reference value :  1.36106e-06
 Reference value :  1.36114e-06
 Reference value :  1.36126e-06
 Reference value :  1.36143e-06
 Reference value :  1.36147e-06
 Reference value :  1.36147e-06
 Reference value :  1.36157e-06
 Reference value :  1.36171e-06
 Reference value :  1.36171e-06
 Reference value :  1.36172e-06
 Reference value :  1.36172e-06
 Reference value :  1.36172e-06
 Reference value :  1.36172e-06
 Reference value :  1.36178e-06
 Reference value :  1.36207e-06
 Reference value :  1.36240e-06
 Reference value :  1.36270e-06
 Reference value :  1.36282e-06
 Reference value :  1.36294e-06
 Reference value :  1.36309e-06
 Reference value :  1.36331e-06
 Reference value :  1.36348e-06
 Reference value :  1.36366e-06
 Reference value :  1.36388e-06
 Reference value :  1.36408e-06
 Reference value :  1.36408e-06
 Reference value :  1.36408e-06
 Reference value :  1.36408e-06
 Reference value :  1.36430e-06
 Reference value :  1.36450e-06
 Reference value :  1.36471e-06
 Reference value :  1.36492e-06
 Reference value :  1.36515e-06
 Reference value :  1.36535e-06
 Reference value :  1.36536e-06
 Reference value :  1.36558e-06
 Reference value :  1.36582e-06
 Reference value :  1.36597e-06
 Reference value :  1.36598e-06
 Reference value :  1.36616e-06
 Reference value :  1.36640e-06
 Reference value :  1.36656e-06
 Reference value :  1.36669e-06
 Reference value :  1.36688e-06
 Reference value :  1.36712e-06
 Reference value :  1.36733e-06
 Reference value :  1.36748e-06
 Reference value :  1.36772e-06
 Reference value :  1.36792e-06
 Reference value :  1.36816e-06
 Reference value :  1.36839e-06
 Reference value :  1.36862e-06
 Reference value :  1.36870e-06
 Reference value :  1.36887e-06
 Reference value :  1.36908e-06
 Reference value :  1.36927e-06
 Reference value :  1.36951e-06
 Reference value :  1.36975e-06
 Reference value :  1.36999e-06
 Reference value :  1.37011e-06
 Reference value :  1.37011e-06
 Reference value :  1.37026e-06
 Reference value :  1.37042e-06
 Reference value :  1.37042e-06
 Reference value :  1.37063e-06
 Reference value :  1.37085e-06
 Reference value :  1.37097e-06
 Reference value :  1.37097e-06
 Reference value :  1.37122e-06
 Reference value :  1.37143e-06
 Reference value :  1.37154e-06
 Reference value :  1.37154e-06
 Reference value :  1.37165e-06
 Reference value :  1.37189e-06
 Reference value :  1.37205e-06
 Reference value :  1.37205e-06
 Reference value :  1.37205e-06
 Reference value :  1.37217e-06
 Reference value :  1.37243e-06
 Reference value :  1.37265e-06
 Reference value :  1.37277e-06
 Reference value :  1.37277e-06
 Reference value :  1.37296e-06
 Reference value :  1.37317e-06
 Reference value :  1.37338e-06
 Reference value :  1.37352e-06
 Reference value :  1.37377e-06
 Reference value :  1.37399e-06
 Reference value :  1.37411e-06
 Reference value :  1.37411e-06
 Reference value :  1.37412e-06
 Reference value :  1.37433e-06
 Reference value :  1.37457e-06
 Reference value :  1.37479e-06
 Reference value :  1.37479e-06
 Reference value :  1.37484e-06
 Reference value :  1.37506e-06
 Reference value :  1.37530e-06
 Reference value :  1.37542e-06
 Reference value :  1.37542e-06
 Reference value :  1.37557e-06
 Reference value :  1.37563e-06
 Reference value :  1.37564e-06
 Reference value :  1.37564e-06
 Reference value :  1.37564e-06
 Reference value :  1.37565e-06
 Reference value :  1.37565e-06
 Reference value :  1.37565e-06
 Reference value :  1.37565e-06
 Reference value :  1.37566e-06
 Reference value :  1.37571e-06
 Reference value :  1.37592e-06
 Reference value :  1.37607e-06
 Reference value :  1.37620e-06
 Reference value :  1.37658e-06
 Reference value :  1.37700e-06
 Reference value :  1.37741e-06
 Reference value :  1.37769e-06
 Reference value :  1.37808e-06
 Reference value :  1.37850e-06
 Reference value :  1.37879e-06
 Reference value :  1.37887e-06
 Reference value :  1.37909e-06
 Reference value :  1.37931e-06
 Reference value :  1.37954e-06
 Reference value :  1.37977e-06
 Reference value :  1.37977e-06
 Reference value :  1.37977e-06
 Reference value :  1.37977e-06
 Reference value :  1.37978e-06
 Reference value :  1.37978e-06
 Reference value :  1.37978e-06
 Reference value :  1.37979e-06
 Reference value :  1.37979e-06
 Reference value :  1.37979e-06
 Reference value :  1.37980e-06
 Reference value :  1.37980e-06
 Reference value :  1.37980e-06
 Reference value :  1.37980e-06
 Reference value :  1.37981e-06
 Reference value :  1.37997e-06
 Reference value :  1.37998e-06
 Reference value :  1.37998e-06
 Reference value :  1.37998e-06
 Reference value :  1.37999e-06
 Reference value :  1.37999e-06
 Reference value :  1.37999e-06
 Reference value :  1.37999e-06
 Reference value :  1.38000e-06
 Reference value :  1.38000e-06
 Reference value :  1.38000e-06
 Reference value :  1.38000e-06
 Reference value :  1.38001e-06
 Reference value :  1.38001e-06
 Reference value :  1.38001e-06
 Reference value :  1.38001e-06
 Reference value :  1.38002e-06
 Reference value :  1.38002e-06
 Reference value :  1.38002e-06
 Reference value :  1.38003e-06
 Reference value :  1.38003e-06
 Reference value :  1.38003e-06
 Reference value :  1.38003e-06
 Reference value :  1.38004e-06
 Reference value :  1.38004e-06
 Reference value :  1.38004e-06
 Reference value :  1.38005e-06
 Reference value :  1.38005e-06
 Reference value :  1.38007e-06
 Reference value :  1.38029e-06
 Reference value :  1.38052e-06
 Reference value :  1.38078e-06
 Reference value :  1.38100e-06
 Reference value :  1.38108e-06
 Reference value :  1.38108e-06
 Reference value :  1.38125e-06
 Reference value :  1.38147e-06
 Reference value :  1.38171e-06
 Reference value :  1.38194e-06
 Reference value :  1.38207e-06
 Reference value :  1.38229e-06
 Reference value :  1.38251e-06
 Reference value :  1.38259e-06
 Reference value :  1.38282e-06
 Reference value :  1.38293e-06
 Reference value :  1.38294e-06
 Reference value :  1.38294e-06
 Reference value :  1.38315e-06
 Reference value :  1.38338e-06
 Reference value :  1.38356e-06
 Reference value :  1.38371e-06
 Reference value :  1.38394e-06
 Reference value :  1.38417e-06
 Reference value :  1.38437e-06
 Reference value :  1.38461e-06
 Reference value :  1.38484e-06
 Reference value :  1.38507e-06
 Reference value :  1.38531e-06
 Reference value :  1.38558e-06
 Reference value :  1.38573e-06
 Reference value :  1.38595e-06
 Reference value :  1.38631e-06
 Reference value :  1.38673e-06
 Reference value :  1.38715e-06
 Reference value :  1.38758e-06
 Reference value :  1.38796e-06
 Reference value :  1.38829e-06
 Reference value :  1.38871e-06
 Reference value :  1.38912e-06
 Reference value :  1.38954e-06
 Reference value :  1.38996e-06
 Reference value :  1.39038e-06
 Reference value :  1.39079e-06
 Reference value :  1.39121e-06
 Reference value :  1.39163e-06
 Reference value :  1.39205e-06
 Reference value :  1.39247e-06
 Reference value :  1.39289e-06
 Reference value :  1.39322e-06
 Reference value :  1.39364e-06
 Reference value :  1.39406e-06
 Reference value :  1.39447e-06
 Reference value :  1.39489e-06
 Reference value :  1.39530e-06
 Reference value :  1.39572e-06
 Reference value :  1.39612e-06
 Reference value :  1.39644e-06
 Reference value :  1.39685e-06
 Reference value :  1.39727e-06
 Reference value :  1.39769e-06
 Reference value :  1.39811e-06
 Reference value :  1.39854e-06
 Reference value :  1.39896e-06
 Reference value :  1.39924e-06
 Reference value :  1.39966e-06
 Reference value :  1.40009e-06
 Reference value :  1.40051e-06
 Reference value :  1.40093e-06
 Reference value :  1.40135e-06
 Reference value :  1.40177e-06
 Reference value :  1.40219e-06
 Reference value :  1.40262e-06
 Reference value :  1.40304e-06
 Reference value :  1.40346e-06
 Reference value :  1.40382e-06
 Reference value :  1.40425e-06
 Reference value :  1.40467e-06
 Reference value :  1.40509e-06
 Reference value :  1.40551e-06
 Reference value :  1.40593e-06
 Reference value :  1.40636e-06
 Reference value :  1.40678e-06
 Reference value :  1.40710e-06
 Reference value :  1.40735e-06
 Reference value :  1.40760e-06
 Reference value :  1.40791e-06
 Reference value :  1.40827e-06
 Reference value :  1.40869e-06
 Reference value :  1.40909e-06
 Reference value :  1.40952e-06
 Reference value :  1.40993e-06
 Reference value :  1.41036e-06
 Reference value :  1.41078e-06
 Reference value :  1.41120e-06
 Reference value :  1.41162e-06
 Reference value :  1.41204e-06
 Reference value :  1.41243e-06
 Reference value :  1.41285e-06
 Reference value :  1.41327e-06
 Reference value :  1.41356e-06
 Reference value :  1.41397e-06
 Reference value :  1.41439e-06
 Reference value :  1.41481e-06
 Reference value :  1.41519e-06
 Reference value :  1.41546e-06
 Reference value :  1.41572e-06
 Reference value :  1.41596e-06
 Reference value :  1.41620e-06
 Reference value :  1.41646e-06
 Reference value :  1.41677e-06
 Reference value :  1.41707e-06
 Reference value :  1.41731e-06
 Reference value :  1.41760e-06
 Reference value :  1.41782e-06
 Reference value :  1.41803e-06
 Reference value :  1.41833e-06
 Reference value :  1.41855e-06
 Reference value :  1.41877e-06
 Reference value :  1.41896e-06
 Reference value :  1.41930e-06
 Reference value :  1.41972e-06
 Reference value :  1.42014e-06
 Reference value :  1.42056e-06
 Reference value :  1.42098e-06
 Reference value :  1.42121e-06
 Reference value :  1.42143e-06
 Reference value :  1.42170e-06
 Reference value :  1.42212e-06
 Reference value :  1.42254e-06
 Reference value :  1.42296e-06
 Reference value :  1.42338e-06
 Reference value :  1.42380e-06
 Reference value :  1.42422e-06
 Reference value :  1.42446e-06
 Reference value :  1.42471e-06
 Reference value :  1.42489e-06
 Reference value :  1.42532e-06
 Reference value :  1.42574e-06
 Reference value :  1.42615e-06
 Reference value :  1.42658e-06
 Reference value :  1.42699e-06
 Reference value :  1.42728e-06
 Reference value :  1.42747e-06
 Reference value :  1.42772e-06
 Reference value :  1.42812e-06
 Reference value :  1.42854e-06
 Reference value :  1.42896e-06
 Reference value :  1.42933e-06
 Reference value :  1.42969e-06
 Reference value :  1.43011e-06
 Reference value :  1.43032e-06
 Reference value :  1.43063e-06
 Reference value :  1.43105e-06
 Reference value :  1.43146e-06
 Reference value :  1.43188e-06
 Reference value :  1.43230e-06
 Reference value :  1.43271e-06
 Reference value :  1.43314e-06
 Reference value :  1.43356e-06
 Reference value :  1.43398e-06
 Reference value :  1.43437e-06
 Reference value :  1.43468e-06
 Reference value :  1.43510e-06
 Reference value :  1.43552e-06
 Reference value :  1.43595e-06
 Reference value :  1.43633e-06
 Reference value :  1.43674e-06
 Reference value :  1.43715e-06
 Reference value :  1.43756e-06
 Reference value :  1.43798e-06
 Reference value :  1.43840e-06
 Reference value :  1.43882e-06
 Reference value :  1.43924e-06
 Reference value :  1.43963e-06
 Reference value :  1.44005e-06
 Reference value :  1.44045e-06
 Reference value :  1.44087e-06
 Reference value :  1.44129e-06
 Reference value :  1.44171e-06
 Reference value :  1.44213e-06
 Reference value :  1.44255e-06
 Reference value :  1.44284e-06
 Reference value :  1.44324e-06
 Reference value :  1.44361e-06
 Reference value :  1.44403e-06
 Reference value :  1.44445e-06
 Reference value :  1.44487e-06
 Reference value :  1.44529e-06
 Reference value :  1.44571e-06
 Reference value :  1.44612e-06
 Reference value :  1.44652e-06
 Reference value :  1.44695e-06
 Reference value :  1.44736e-06
 Reference value :  1.44778e-06
 Reference value :  1.44820e-06
 Reference value :  1.44862e-06
 Reference value :  1.44899e-06
 Reference value :  1.44939e-06
 Reference value :  1.44981e-06
 Reference value :  1.45021e-06
 Reference value :  1.45063e-06
 Reference value :  1.45105e-06
 Reference value :  1.45147e-06
 Reference value :  1.45189e-06
 Reference value :  1.45231e-06
 Reference value :  1.45273e-06
 Reference value :  1.45315e-06
 Reference value :  1.45357e-06
 Reference value :  1.45398e-06
 Reference value :  1.45440e-06
 Reference value :  1.45482e-06
 Reference value :  1.45524e-06
 Reference value :  1.45566e-06
 Reference value :  1.45608e-06
 Reference value :  1.45650e-06
 Reference value :  1.45692e-06
 Reference value :  1.45733e-06
 Reference value :  1.45775e-06
 Reference value :  1.45817e-06
 Reference value :  1.45859e-06
 Reference value :  1.45901e-06
 Reference value :  1.45943e-06
 Reference value :  1.45985e-06
 Reference value :  1.46027e-06
 Reference value :  1.46057e-06
 Reference value :  1.46098e-06
 Reference value :  1.46140e-06
 Reference value :  1.46182e-06
 Reference value :  1.46222e-06
 Reference value :  1.46264e-06
 Reference value :  1.46306e-06
 Reference value :  1.46349e-06
 Reference value :  1.46391e-06
 Reference value :  1.46433e-06
 Reference value :  1.46475e-06
 Reference value :  1.46517e-06
 Reference value :  1.46559e-06
 Reference value :  1.46601e-06
 Reference value :  1.46643e-06
 Reference value :  1.46685e-06
 Reference value :  1.46727e-06
 Reference value :  1.46769e-06
 Reference value :  1.46811e-06
 Reference value :  1.46853e-06
 Reference value :  1.46890e-06
 Reference value :  1.46924e-06
 Reference value :  1.46966e-06
 Reference value :  1.47008e-06
 Reference value :  1.47050e-06
 Reference value :  1.47092e-06
 Reference value :  1.47132e-06
 Reference value :  1.47173e-06
 Reference value :  1.47214e-06
 Reference value :  1.47257e-06
 Reference value :  1.47298e-06
 Reference value :  1.47340e-06
 Reference value :  1.47382e-06
 Reference value :  1.47424e-06
 Reference value :  1.47466e-06
 Reference value :  1.47507e-06
 Reference value :  1.47549e-06
 Reference value :  1.47587e-06
 Reference value :  1.47629e-06
 Reference value :  1.47669e-06
 Reference value :  1.47712e-06
 Reference value :  1.47754e-06
 Reference value :  1.47791e-06
 Reference value :  1.47832e-06
 Reference value :  1.47874e-06
 Reference value :  1.47916e-06
 Reference value :  1.47958e-06
 Reference value :  1.47999e-06
 Reference value :  1.48041e-06
 Reference value :  1.48083e-06
 Reference value :  1.48125e-06
 Reference value :  1.48167e-06
 Reference value :  1.48208e-06
 Reference value :  1.48251e-06
 Reference value :  1.48293e-06
 Reference value :  1.48335e-06
 Reference value :  1.48377e-06
 Reference value :  1.48419e-06
 Reference value :  1.48461e-06
 Reference value :  1.48503e-06
 Reference value :  1.48545e-06
 Reference value :  1.48587e-06
 Reference value :  1.48628e-06
 Reference value :  1.48665e-06
 Reference value :  1.48694e-06
 Reference value :  1.48736e-06
 Reference value :  1.48778e-06
 Reference value :  1.48820e-06
 Reference value :  1.48862e-06
 Reference value :  1.48904e-06
 Reference value :  1.48946e-06
 Reference value :  1.48988e-06
 Reference value :  1.49030e-06
 Reference value :  1.49069e-06
 Reference value :  1.49111e-06
 Reference value :  1.49153e-06
 Reference value :  1.49195e-06
 Reference value :  1.49237e-06
 Reference value :  1.49279e-06
 Reference value :  1.49316e-06
 Reference value :  1.49359e-06
 Reference value :  1.49401e-06
 Reference value :  1.49443e-06
 Reference value :  1.49485e-06
 Reference value :  1.49516e-06
 Reference value :  1.49555e-06
 Reference value :  1.49597e-06
 Reference value :  1.49639e-06
 Reference value :  1.49681e-06
 Reference value :  1.49723e-06
 Reference value :  1.49765e-06
 Reference value :  1.49807e-06
 Reference value :  1.49849e-06
 Reference value :  1.49891e-06
 Reference value :  1.49932e-06
 Reference value :  1.49974e-06
 Reference value :  1.50017e-06
 Reference value :  1.50059e-06
 Reference value :  1.50099e-06
 Reference value :  1.50141e-06
 Reference value :  1.50183e-06
 Reference value :  1.50225e-06
 Reference value :  1.50267e-06
 Reference value :  1.50310e-06
 Reference value :  1.50352e-06
 Reference value :  1.50393e-06
 Reference value :  1.50435e-06
 Reference value :  1.50477e-06
 Reference value :  1.50519e-06
 Reference value :  1.50561e-06
 Reference value :  1.50602e-06
 Reference value :  1.50644e-06
 Reference value :  1.50686e-06
 Reference value :  1.50728e-06
 Reference value :  1.50770e-06
 Reference value :  1.50810e-06
 Reference value :  1.50850e-06
 Reference value :  1.50892e-06
 Reference value :  1.50934e-06
 Reference value :  1.50976e-06
 Reference value :  1.51003e-06
 Reference value :  1.51029e-06
 Reference value :  1.51063e-06
 Reference value :  1.51094e-06
 Reference value :  1.51124e-06
 Reference value :  1.51152e-06
 Reference value :  1.51179e-06
 Reference value :  1.51198e-06
 Reference value :  1.51229e-06
 Reference value :  1.51252e-06
 Reference value :  1.51276e-06
 Reference value :  1.51303e-06
 Reference value :  1.51326e-06
 Reference value :  1.51339e-06
 Reference value :  1.51375e-06
 Reference value :  1.51417e-06
 Reference value :  1.51458e-06
 Reference value :  1.51499e-06
 Reference value :  1.51541e-06
 Reference value :  1.51582e-06
 Reference value :  1.51623e-06
 Reference value :  1.51665e-06
 Reference value :  1.51706e-06
 Reference value :  1.51748e-06
 Reference value :  1.51789e-06
 Reference value :  1.51825e-06
 Reference value :  1.51848e-06
 Reference value :  1.51869e-06
 Reference value :  1.51899e-06
 Reference value :  1.51941e-06
 Reference value :  1.51982e-06
 Reference value :  1.52024e-06
 Reference value :  1.52065e-06
 Reference value :  1.52107e-06
 Reference value :  1.52148e-06
 Reference value :  1.52189e-06
 Reference value :  1.52231e-06
 Reference value :  1.52272e-06
 Reference value :  1.52313e-06
 Reference value :  1.52334e-06
 Reference value :  1.52363e-06
 Reference value :  1.52383e-06
 Reference value :  1.52424e-06
 Reference value :  1.52466e-06
 Reference value :  1.52507e-06
 Reference value :  1.52549e-06
 Reference value :  1.52590e-06
 Reference value :  1.52632e-06
 Reference value :  1.52673e-06
 Reference value :  1.52714e-06
 Reference value :  1.52742e-06
 Reference value :  1.52774e-06
 Reference value :  1.52816e-06
 Reference value :  1.52857e-06
 Reference value :  1.52898e-06
 Reference value :  1.52939e-06
 Reference value :  1.52981e-06
 Reference value :  1.53022e-06
 Reference value :  1.53063e-06
 Reference value :  1.53105e-06
 Reference value :  1.53146e-06
 Reference value :  1.53184e-06
 Reference value :  1.53225e-06
 Reference value :  1.53267e-06
 Reference value :  1.53308e-06
 Reference value :  1.53349e-06
 Reference value :  1.53391e-06
 Reference value :  1.53432e-06
 Reference value :  1.53474e-06
 Reference value :  1.53502e-06
 Reference value :  1.53539e-06
 Reference value :  1.53581e-06
 Reference value :  1.53618e-06
 Reference value :  1.53660e-06
 Reference value :  1.53701e-06
 Reference value :  1.53741e-06
 Reference value :  1.53783e-06
 Reference value :  1.53824e-06
 Reference value :  1.53865e-06
 Reference value :  1.53907e-06
 Reference value :  1.53948e-06
 Reference value :  1.53988e-06
 Reference value :  1.54029e-06
 Reference value :  1.54068e-06
 Reference value :  1.54109e-06
 Reference value :  1.54151e-06
 Reference value :  1.54192e-06
 Reference value :  1.54233e-06
 Reference value :  1.54274e-06
 Reference value :  1.54307e-06
 Reference value :  1.54344e-06
 Reference value :  1.54385e-06
 Reference value :  1.54427e-06
 Reference value :  1.54468e-06
 Reference value :  1.54510e-06
 Reference value :  1.54551e-06
 Reference value :  1.54593e-06
 Reference value :  1.54632e-06
 Reference value :  1.54673e-06
 Reference value :  1.54714e-06
 Reference value :  1.54755e-06
 Reference value :  1.54795e-06
 Reference value :  1.54837e-06
 Reference value :  1.54879e-06
 Reference value :  1.54920e-06
 Reference value :  1.54961e-06
 Reference value :  1.55003e-06
 Reference value :  1.55044e-06
 Reference value :  1.55086e-06
 Reference value :  1.55127e-06
 Reference value :  1.55169e-06
 Reference value :  1.55210e-06
 Reference value :  1.55251e-06
 Reference value :  1.55292e-06
 Reference value :  1.55330e-06
 Reference value :  1.55371e-06
 Reference value :  1.55412e-06
 Reference value :  1.55454e-06
 Reference value :  1.55495e-06
 Reference value :  1.55537e-06
 Reference value :  1.55578e-06
 Reference value :  1.55610e-06
 Reference value :  1.55632e-06
 Reference value :  1.55659e-06
 Reference value :  1.55684e-06
 Reference value :  1.55710e-06
 Reference value :  1.55736e-06
 Reference value :  1.55763e-06
 Reference value :  1.55788e-06
 Reference value :  1.55815e-06
 Reference value :  1.55840e-06
 Reference value :  1.55867e-06
 Reference value :  1.55880e-06
 Reference value :  1.55916e-06
 Reference value :  1.55958e-06
 Reference value :  1.55997e-06
 Reference value :  1.56038e-06
 Reference value :  1.56080e-06
 Reference value :  1.56121e-06
 Reference value :  1.56163e-06
 Reference value :  1.56204e-06
 Reference value :  1.56246e-06
 Reference value :  1.56287e-06
 Reference value :  1.56322e-06
 Reference value :  1.56350e-06
 Reference value :  1.56392e-06
 Reference value :  1.56433e-06
 Reference value :  1.56474e-06
 Reference value :  1.56516e-06
 Reference value :  1.56557e-06
 Reference value :  1.56595e-06
 Reference value :  1.56636e-06
 Reference value :  1.56668e-06
 Reference value :  1.56706e-06
 Reference value :  1.56747e-06
 Reference value :  1.56789e-06
 Reference value :  1.56831e-06
 Reference value :  1.56872e-06
 Reference value :  1.56913e-06
 Reference value :  1.56955e-06
 Reference value :  1.56997e-06
 Reference value :  1.57038e-06
 Reference value :  1.57079e-06
 Reference value :  1.57119e-06
 Reference value :  1.57161e-06
 Reference value :  1.57202e-06
 Reference value :  1.57244e-06
 Reference value :  1.57285e-06
 Reference value :  1.57327e-06
 Reference value :  1.57369e-06
 Reference value :  1.57410e-06
 Reference value :  1.57452e-06
 Reference value :  1.57493e-06
 Reference value :  1.57535e-06
 Reference value :  1.57576e-06
 Reference value :  1.57617e-06
 Reference value :  1.57658e-06
 Reference value :  1.57700e-06
 Reference value :  1.57742e-06
 Reference value :  1.57783e-06
 Reference value :  1.57825e-06
 Reference value :  1.57866e-06
 Reference value :  1.57908e-06
 Reference value :  1.57949e-06
 Reference value :  1.57991e-06
 Reference value :  1.58032e-06
 Reference value :  1.58074e-06
 Reference value :  1.58115e-06
 Reference value :  1.58157e-06
 Reference value :  1.58198e-06
 Reference value :  1.58239e-06
 Reference value :  1.58281e-06
 Reference value :  1.58323e-06
 Reference value :  1.58364e-06
 Reference value :  1.58403e-06
 Reference value :  1.58438e-06
 Reference value :  1.58472e-06
 Reference value :  1.58513e-06
 Reference value :  1.58554e-06
 Reference value :  1.58596e-06
 Reference value :  1.58638e-06
 Reference value :  1.58679e-06
 Reference value :  1.58719e-06
 Reference value :  1.58761e-06
 Reference value :  1.58803e-06
 Reference value :  1.58842e-06
 Reference value :  1.58882e-06
 Reference value :  1.58924e-06
 Reference value :  1.58966e-06
 Reference value :  1.59006e-06
 Reference value :  1.59048e-06
 Reference value :  1.59089e-06
 Reference value :  1.59131e-06
 Reference value :  1.59172e-06
 Reference value :  1.59214e-06
 Reference value :  1.59251e-06
 Reference value :  1.59284e-06
 Reference value :  1.59322e-06
 Reference value :  1.59363e-06
 Reference value :  1.59404e-06
 Reference value :  1.59445e-06
 Reference value :  1.59487e-06
 Reference value :  1.59528e-06
 Reference value :  1.59570e-06
 Reference value :  1.59611e-06
 Reference value :  1.59653e-06
 Reference value :  1.59693e-06
 Reference value :  1.59734e-06
 Reference value :  1.59773e-06
 Reference value :  1.59814e-06
 Reference value :  1.59855e-06
 Reference value :  1.59893e-06
 Reference value :  1.59935e-06
 Reference value :  1.59976e-06
 Reference value :  1.60018e-06
 Reference value :  1.60059e-06
 Reference value :  1.60100e-06
 Reference value :  1.60141e-06
 Reference value :  1.60182e-06
 Reference value :  1.60223e-06
 Reference value :  1.60264e-06
 Reference value :  1.60306e-06
 Reference value :  1.60347e-06
 Reference value :  1.60389e-06
 Reference value :  1.60430e-06
 Reference value :  1.60471e-06
 Reference value :  1.60494e-06
 Reference value :  1.60516e-06
 Reference value :  1.60542e-06
 Reference value :  1.60570e-06
 Reference value :  1.60589e-06
 Reference value :  1.60610e-06
 Reference value :  1.60636e-06
 Reference value :  1.60661e-06
 Reference value :  1.60681e-06
 Reference value :  1.60711e-06
 Reference value :  1.60733e-06
 Reference value :  1.60752e-06
 Reference value :  1.60769e-06
 Reference value :  1.60810e-06
 Reference value :  1.60851e-06
 Reference value :  1.60893e-06
 Reference value :  1.60934e-06
 Reference value :  1.60975e-06
 Reference value :  1.61017e-06
 Reference value :  1.61058e-06
 Reference value :  1.61100e-06
 Reference value :  1.61137e-06
 Reference value :  1.61159e-06
 Reference value :  1.61197e-06
 Reference value :  1.61239e-06
 Reference value :  1.61280e-06
 Reference value :  1.61321e-06
 Reference value :  1.61362e-06
 Reference value :  1.61404e-06
 Reference value :  1.61446e-06
 Reference value :  1.61487e-06
 Reference value :  1.61529e-06
 Reference value :  1.61560e-06
 Reference value :  1.61598e-06
 Reference value :  1.61639e-06
 Reference value :  1.61681e-06
 Reference value :  1.61722e-06
 Reference value :  1.61764e-06
 Reference value :  1.61805e-06
 Reference value :  1.61830e-06
 Reference value :  1.61854e-06
 Reference value :  1.61875e-06
 Reference value :  1.61901e-06
 Reference value :  1.61928e-06
 Reference value :  1.61956e-06
 Reference value :  1.61986e-06
 Reference value :  1.62015e-06
 Reference value :  1.62036e-06
 Reference value :  1.62063e-06
 Reference value :  1.62087e-06
 Reference value :  1.62114e-06
 Reference value :  1.62134e-06
 Reference value :  1.62175e-06
 Reference value :  1.62214e-06
 Reference value :  1.62256e-06
 Reference value :  1.62297e-06
 Reference value :  1.62339e-06
 Reference value :  1.62379e-06
 Reference value :  1.62418e-06
 Reference value :  1.62459e-06
 Reference value :  1.62500e-06
 Reference value :  1.62542e-06
 Reference value :  1.62583e-06
 Reference value :  1.62625e-06
 Reference value :  1.62666e-06
 Reference value :  1.62702e-06
 Reference value :  1.62743e-06
 Reference value :  1.62784e-06
 Reference value :  1.62825e-06
 Reference value :  1.62867e-06
 Reference value :  1.62906e-06
 Reference value :  1.62948e-06
 Reference value :  1.62987e-06
 Reference value :  1.63029e-06
 Reference value :  1.63059e-06
 Reference value :  1.63079e-06
 Reference value :  1.63101e-06
 Reference value :  1.63140e-06
 Reference value :  1.63182e-06
 Reference value :  1.63223e-06
 Reference value :  1.63265e-06
 Reference value :  1.63306e-06
 Reference value :  1.63346e-06
 Reference value :  1.63384e-06
 Reference value :  1.63426e-06
 Reference value :  1.63468e-06
 Reference value :  1.63509e-06
 Reference value :  1.63550e-06
 Reference value :  1.63591e-06
 Reference value :  1.63633e-06
 Reference value :  1.63674e-06
 Reference value :  1.63715e-06
 Reference value :  1.63757e-06
 Reference value :  1.63798e-06
 Reference value :  1.63835e-06
 Reference value :  1.63868e-06
 Reference value :  1.63909e-06
 Reference value :  1.63951e-06
 Reference value :  1.63992e-06
 Reference value :  1.64033e-06
 Reference value :  1.64075e-06
 Reference value :  1.64116e-06
 Reference value :  1.64158e-06
 Reference value :  1.64198e-06
 Reference value :  1.64239e-06
 Reference value :  1.64281e-06
 Reference value :  1.64323e-06
 Reference value :  1.64364e-06
 Reference value :  1.64406e-06
 Reference value :  1.64435e-06
 Reference value :  1.64460e-06
 Reference value :  1.64486e-06
 Reference value :  1.64512e-06
 Reference value :  1.64553e-06
 Reference value :  1.64595e-06
 Reference value :  1.64637e-06
 Reference value :  1.64678e-06
 Reference value :  1.64721e-06
 Reference value :  1.64763e-06
 Reference value :  1.64800e-06
 Reference value :  1.64828e-06
 Reference value :  1.64870e-06
 Reference value :  1.64912e-06
 Reference value :  1.64954e-06
 Reference value :  1.64996e-06
 Reference value :  1.65034e-06
 Reference value :  1.65076e-06
 Reference value :  1.65118e-06
 Reference value :  1.65160e-06
 Reference value :  1.65202e-06
 Reference value :  1.65244e-06
 Reference value :  1.65286e-06
 Reference value :  1.65328e-06
 Reference value :  1.65370e-06
 Reference value :  1.65411e-06
 Reference value :  1.65452e-06
 Reference value :  1.65491e-06
 Reference value :  1.65531e-06
 Reference value :  1.65562e-06
 Reference value :  1.65604e-06
 Reference value :  1.65646e-06
 Reference value :  1.65688e-06
 Reference value :  1.65730e-06
 Reference value :  1.65772e-06
 Reference value :  1.65810e-06
 Reference value :  1.65851e-06
 Reference value :  1.65892e-06
 Reference value :  1.65934e-06
 Reference value :  1.65976e-06
 Reference value :  1.66017e-06
 Reference value :  1.66059e-06
 Reference value :  1.66101e-06
 Reference value :  1.66143e-06
 Reference value :  1.66185e-06
 Reference value :  1.66222e-06
 Reference value :  1.66255e-06
 Reference value :  1.66297e-06
 Reference value :  1.66334e-06
 Reference value :  1.66349e-06
 Reference value :  1.66378e-06
 Reference value :  1.66419e-06
 Reference value :  1.66460e-06
 Reference value :  1.66486e-06
 Reference value :  1.66511e-06
 Reference value :  1.66536e-06
 Reference value :  1.66562e-06
 Reference value :  1.66593e-06
 Reference value :  1.66621e-06
 Reference value :  1.66647e-06
 Reference value :  1.66672e-06
 Reference value :  1.66696e-06
 Reference value :  1.66732e-06
 Reference value :  1.66754e-06
 Reference value :  1.66779e-06
 Reference value :  1.66805e-06
 Reference value :  1.66831e-06
 Reference value :  1.66850e-06
 Reference value :  1.66878e-06
 Reference value :  1.66902e-06
 Reference value :  1.66930e-06
 Reference value :  1.66954e-06
 Reference value :  1.66966e-06
 Reference value :  1.66966e-06
 Reference value :  1.66966e-06
 Reference value :  1.66966e-06
 Reference value :  1.66967e-06
 Reference value :  1.66967e-06
 Reference value :  1.66967e-06
 Reference value :  1.66984e-06
 Reference value :  1.67007e-06
 Reference value :  1.67030e-06
 Reference value :  1.67050e-06
 Reference value :  1.67070e-06
 Reference value :  1.67092e-06
 Reference value :  1.67112e-06
 Reference value :  1.67130e-06
 Reference value :  1.67146e-06
 Reference value :  1.67161e-06
 Reference value :  1.67177e-06
 Reference value :  1.67179e-06
 Reference value :  1.67179e-06
 Reference value :  1.67205e-06
 Reference value :  1.67234e-06
 Reference value :  1.67248e-06
 Reference value :  1.67289e-06
 Reference value :  1.67323e-06
 Reference value :  1.67359e-06
 Reference value :  1.67400e-06
 Reference value :  1.67440e-06
 Reference value :  1.67480e-06
 Reference value :  1.67522e-06
 Reference value :  1.67563e-06
 Reference value :  1.67605e-06
 Reference value :  1.67647e-06
 Reference value :  1.67688e-06
 Reference value :  1.67730e-06
 Reference value :  1.67771e-06
 Reference value :  1.67813e-06
 Reference value :  1.67855e-06
 Reference value :  1.67897e-06
 Reference value :  1.67939e-06
 Reference value :  1.67978e-06
 Reference value :  1.68017e-06
 Reference value :  1.68057e-06
 Reference value :  1.68098e-06
 Reference value :  1.68140e-06
 Reference value :  1.68181e-06
 Reference value :  1.68222e-06
 Reference value :  1.68264e-06
 Reference value :  1.68306e-06
 Reference value :  1.68348e-06
 Reference value :  1.68390e-06
 Reference value :  1.68432e-06
 Reference value :  1.68473e-06
 Reference value :  1.68513e-06
 Reference value :  1.68555e-06
 Reference value :  1.68597e-06
 Reference value :  1.68639e-06
 Reference value :  1.68672e-06
 Reference value :  1.68709e-06
 Reference value :  1.68751e-06
 Reference value :  1.68793e-06
 Reference value :  1.68834e-06
 Reference value :  1.68874e-06
 Reference value :  1.68916e-06
 Reference value :  1.68957e-06
 Reference value :  1.68999e-06
 Reference value :  1.69041e-06
 Reference value :  1.69083e-06
 Reference value :  1.69125e-06
 Reference value :  1.69167e-06
 Reference value :  1.69209e-06
 Reference value :  1.69251e-06
 Reference value :  1.69290e-06
 Reference value :  1.69332e-06
 Reference value :  1.69374e-06
 Reference value :  1.69414e-06
 Reference value :  1.69456e-06
 Reference value :  1.69498e-06
 Reference value :  1.69529e-06
 Reference value :  1.69568e-06
 Reference value :  1.69609e-06
 Reference value :  1.69651e-06
 Reference value :  1.69693e-06
 Reference value :  1.69735e-06
 Reference value :  1.69776e-06
 Reference value :  1.69818e-06
 Reference value :  1.69859e-06
 Reference value :  1.69901e-06
 Reference value :  1.69943e-06
 Reference value :  1.69985e-06
 Reference value :  1.70025e-06
 Reference value :  1.70067e-06
 Reference value :  1.70109e-06
 Reference value :  1.70151e-06
 Reference value :  1.70193e-06
 Reference value :  1.70231e-06
 Reference value :  1.70273e-06
 Reference value :  1.70315e-06
 Reference value :  1.70356e-06
 Reference value :  1.70398e-06
 Reference value :  1.70440e-06
 Reference value :  1.70482e-06
 Reference value :  1.70507e-06
 Reference value :  1.70536e-06
 Reference value :  1.70563e-06
 Reference value :  1.70592e-06
 Reference value :  1.70622e-06
 Reference value :  1.70647e-06
 Reference value :  1.70674e-06
 Reference value :  1.70697e-06
 Reference value :  1.70726e-06
 Reference value :  1.70751e-06
 Reference value :  1.70778e-06
 Reference value :  1.70798e-06
 Reference value :  1.70827e-06
 Reference value :  1.70869e-06
 Reference value :  1.70911e-06
 Reference value :  1.70952e-06
 Reference value :  1.70994e-06
 Reference value :  1.71035e-06
 Reference value :  1.71070e-06
 Reference value :  1.71104e-06
 Reference value :  1.71144e-06
 Reference value :  1.71186e-06
 Reference value :  1.71227e-06
 Reference value :  1.71269e-06
 Reference value :  1.71310e-06
 Reference value :  1.71352e-06
 Reference value :  1.71392e-06
 Reference value :  1.71434e-06
 Reference value :  1.71475e-06
 Reference value :  1.71517e-06
 Reference value :  1.71559e-06
 Reference value :  1.71600e-06
 Reference value :  1.71640e-06
 Reference value :  1.71681e-06
 Reference value :  1.71721e-06
 Reference value :  1.71746e-06
 Reference value :  1.71773e-06
 Reference value :  1.71794e-06
 Reference value :  1.71818e-06
 Reference value :  1.71834e-06
 Reference value :  1.71861e-06
 Reference value :  1.71888e-06
 Reference value :  1.71912e-06
 Reference value :  1.71933e-06
 Reference value :  1.71957e-06
 Reference value :  1.71979e-06
 Reference value :  1.71998e-06
 Reference value :  1.72008e-06
 Reference value :  1.72019e-06
 Reference value :  1.72035e-06
 Reference value :  1.72076e-06
 Reference value :  1.72116e-06
 Reference value :  1.72158e-06
 Reference value :  1.72192e-06
 Reference value :  1.72217e-06
 Reference value :  1.72258e-06
 Reference value :  1.72299e-06
 Reference value :  1.72340e-06
 Reference value :  1.72381e-06
 Reference value :  1.72407e-06
 Reference value :  1.72431e-06
 Reference value :  1.72471e-06
 Reference value :  1.72509e-06
 Reference value :  1.72551e-06
 Reference value :  1.72592e-06
 Reference value :  1.72633e-06
 Reference value :  1.72674e-06
 Reference value :  1.72715e-06
 Reference value :  1.72756e-06
 Reference value :  1.72797e-06
 Reference value :  1.72838e-06
 Reference value :  1.72879e-06
 Reference value :  1.72921e-06
 Reference value :  1.72961e-06
 Reference value :  1.73003e-06
 Reference value :  1.73044e-06
 Reference value :  1.73086e-06
 Reference value :  1.73127e-06
 Reference value :  1.73168e-06
 Reference value :  1.73210e-06
 Reference value :  1.73243e-06
 Reference value :  1.73277e-06
 Reference value :  1.73318e-06
 Reference value :  1.73359e-06
 Reference value :  1.73400e-06
 Reference value :  1.73439e-06
 Reference value :  1.73480e-06
 Reference value :  1.73521e-06
 Reference value :  1.73562e-06
 Reference value :  1.73603e-06
 Reference value :  1.73645e-06
 Reference value :  1.73686e-06
 Reference value :  1.73728e-06
 Reference value :  1.73767e-06
 Reference value :  1.73808e-06
 Reference value :  1.73850e-06
 Reference value :  1.73891e-06
 Reference value :  1.73933e-06
 Reference value :  1.73974e-06
 Reference value :  1.74012e-06
 Reference value :  1.74054e-06
 Reference value :  1.74085e-06
 Reference value :  1.74123e-06
 Reference value :  1.74164e-06
 Reference value :  1.74206e-06
 Reference value :  1.74246e-06
 Reference value :  1.74287e-06
 Reference value :  1.74329e-06
 Reference value :  1.74370e-06
 Reference value :  1.74408e-06
 Reference value :  1.74450e-06
 Reference value :  1.74491e-06
 Reference value :  1.74532e-06
 Reference value :  1.74573e-06
 Reference value :  1.74606e-06
 Reference value :  1.74647e-06
 Reference value :  1.74688e-06
 Reference value :  1.74730e-06
 Reference value :  1.74771e-06
 Reference value :  1.74812e-06
 Reference value :  1.74852e-06
 Reference value :  1.74893e-06
 Reference value :  1.74935e-06
 Reference value :  1.74962e-06
 Reference value :  1.74987e-06
 Reference value :  1.75006e-06
 Reference value :  1.75021e-06
 Reference value :  1.75036e-06
 Reference value :  1.75051e-06
 Reference value :  1.75064e-06
 Reference value :  1.75081e-06
 Reference value :  1.75111e-06
 Reference value :  1.75141e-06
 Reference value :  1.75161e-06
 Reference value :  1.75179e-06
 Reference value :  1.75218e-06
 Reference value :  1.75252e-06
 Reference value :  1.75283e-06
 Reference value :  1.75324e-06
 Reference value :  1.75366e-06
 Reference value :  1.75407e-06
 Reference value :  1.75449e-06
 Reference value :  1.75490e-06
 Reference value :  1.75518e-06
 Reference value :  1.75559e-06
 Reference value :  1.75601e-06
 Reference value :  1.75638e-06
 Reference value :  1.75680e-06
 Reference value :  1.75722e-06
 Reference value :  1.75762e-06
 Reference value :  1.75804e-06
 Reference value :  1.75846e-06
 Reference value :  1.75884e-06
 Reference value :  1.75926e-06
 Reference value :  1.75959e-06
 Reference value :  1.75983e-06
 Reference value :  1.76025e-06
 Reference value :  1.76067e-06
 Reference value :  1.76108e-06
 Reference value :  1.76150e-06
 Reference value :  1.76192e-06
 Reference value :  1.76234e-06
 Reference value :  1.76276e-06
 Reference value :  1.76310e-06
 Reference value :  1.76346e-06
 Reference value :  1.76388e-06
 Reference value :  1.76429e-06
 Reference value :  1.76471e-06
 Reference value :  1.76513e-06
 Reference value :  1.76555e-06
 Reference value :  1.76598e-06
 Reference value :  1.76640e-06
 Reference value :  1.76682e-06
 Reference value :  1.76724e-06
 Reference value :  1.76766e-06
 Reference value :  1.76808e-06
 Reference value :  1.76850e-06
 Reference value :  1.76891e-06
 Reference value :  1.76933e-06
 Reference value :  1.76975e-06
 Reference value :  1.77016e-06
 Reference value :  1.77058e-06
 Reference value :  1.77100e-06
 Reference value :  1.77142e-06
 Reference value :  1.77185e-06
 Reference value :  1.77227e-06
 Reference value :  1.77267e-06
 Reference value :  1.77309e-06
 Reference value :  1.77351e-06
 Reference value :  1.77393e-06
 Reference value :  1.77435e-06
 Reference value :  1.77476e-06
 Reference value :  1.77518e-06
 Reference value :  1.77560e-06
 Reference value :  1.77602e-06
 Reference value :  1.77644e-06
 Reference value :  1.77685e-06
 Reference value :  1.77726e-06
 Reference value :  1.77765e-06
 Reference value :  1.77807e-06
 Reference value :  1.77849e-06
 Reference value :  1.77891e-06
 Reference value :  1.77933e-06
 Reference value :  1.77972e-06
 Reference value :  1.78013e-06
 Reference value :  1.78055e-06
 Reference value :  1.78088e-06
 Reference value :  1.78125e-06
 Reference value :  1.78167e-06
 Reference value :  1.78209e-06
 Reference value :  1.78251e-06
 Reference value :  1.78293e-06
 Reference value :  1.78335e-06
 Reference value :  1.78377e-06
 Reference value :  1.78419e-06
 Reference value :  1.78452e-06
 Reference value :  1.78490e-06
 Reference value :  1.78528e-06
 Reference value :  1.78568e-06
 Reference value :  1.78609e-06
 Reference value :  1.78651e-06
 Reference value :  1.78692e-06
 Reference value :  1.78734e-06
 Reference value :  1.78776e-06
 Reference value :  1.78818e-06
 Reference value :  1.78859e-06
 Reference value :  1.78898e-06
 Reference value :  1.78928e-06
 Reference value :  1.78969e-06
 Reference value :  1.79011e-06
 Reference value :  1.79053e-06
 Reference value :  1.79095e-06
 Reference value :  1.79137e-06
 Reference value :  1.79179e-06
 Reference value :  1.79222e-06
 Reference value :  1.79260e-06
 Reference value :  1.79302e-06
 Reference value :  1.79342e-06
 Reference value :  1.79384e-06
 Reference value :  1.79426e-06
 Reference value :  1.79469e-06
 Reference value :  1.79511e-06
 Reference value :  1.79552e-06
 Reference value :  1.79593e-06
 Reference value :  1.79635e-06
 Reference value :  1.79677e-06
 Reference value :  1.79719e-06
 Reference value :  1.79761e-06
 Reference value :  1.79802e-06
 Reference value :  1.79841e-06
 Reference value :  1.79883e-06
 Reference value :  1.79922e-06
 Reference value :  1.79964e-06
 Reference value :  1.80006e-06
 Reference value :  1.80047e-06
 Reference value :  1.80089e-06
 Reference value :  1.80131e-06
 Reference value :  1.80173e-06
 Reference value :  1.80215e-06
 Reference value :  1.80257e-06
 Reference value :  1.80299e-06
 Reference value :  1.80341e-06
 Reference value :  1.80383e-06
 Reference value :  1.80425e-06
 Reference value :  1.80467e-06
 Reference value :  1.80509e-06
 Reference value :  1.80542e-06
 Reference value :  1.80582e-06
 Reference value :  1.80625e-06
 Reference value :  1.80661e-06
 Reference value :  1.80694e-06
 Reference value :  1.80736e-06
 Reference value :  1.80778e-06
 Reference value :  1.80820e-06
 Reference value :  1.80861e-06
 Reference value :  1.80903e-06
 Reference value :  1.80945e-06
 Reference value :  1.80988e-06
 Reference value :  1.81029e-06
 Reference value :  1.81070e-06
 Reference value :  1.81097e-06
 Reference value :  1.81125e-06
 Reference value :  1.81152e-06
 Reference value :  1.81181e-06
 Reference value :  1.81208e-06
 Reference value :  1.81235e-06
 Reference value :  1.81266e-06
 Reference value :  1.81294e-06
 Reference value :  1.81322e-06
 Reference value :  1.81348e-06
 Reference value :  1.81374e-06
 Reference value :  1.81414e-06
 Reference value :  1.81455e-06
 Reference value :  1.81498e-06
 Reference value :  1.81540e-06
 Reference value :  1.81582e-06
 Reference value :  1.81624e-06
 Reference value :  1.81666e-06
 Reference value :  1.81708e-06
 Reference value :  1.81749e-06
 Reference value :  1.81791e-06
 Reference value :  1.81833e-06
 Reference value :  1.81872e-06
 Reference value :  1.81914e-06
 Reference value :  1.81956e-06
 Reference value :  1.81997e-06
 Reference value :  1.82040e-06
 Reference value :  1.82082e-06
 Reference value :  1.82124e-06
 Reference value :  1.82166e-06
 Reference value :  1.82207e-06
 Reference value :  1.82249e-06
 Reference value :  1.82291e-06
 Reference value :  1.82331e-06
 Reference value :  1.82373e-06
 Reference value :  1.82415e-06
 Reference value :  1.82457e-06
 Reference value :  1.82499e-06
 Reference value :  1.82541e-06
 Reference value :  1.82583e-06
 Reference value :  1.82625e-06
 Reference value :  1.82667e-06
 Reference value :  1.82708e-06
 Reference value :  1.82750e-06
 Reference value :  1.82792e-06
 Reference value :  1.82834e-06
 Reference value :  1.82876e-06
 Reference value :  1.82918e-06
 Reference value :  1.82961e-06
 Reference value :  1.83003e-06
 Reference value :  1.83045e-06
 Reference value :  1.83087e-06
 Reference value :  1.83127e-06
 Reference value :  1.83158e-06
 Reference value :  1.83200e-06
 Reference value :  1.83242e-06
 Reference value :  1.83284e-06
 Reference value :  1.83326e-06
 Reference value :  1.83368e-06
 Reference value :  1.83409e-06
 Reference value :  1.83451e-06
 Reference value :  1.83475e-06
 Reference value :  1.83502e-06
 Reference value :  1.83530e-06
 Reference value :  1.83556e-06
 Reference value :  1.83584e-06
 Reference value :  1.83612e-06
 Reference value :  1.83638e-06
 Reference value :  1.83663e-06
 Reference value :  1.83688e-06
 Reference value :  1.83710e-06
 Reference value :  1.83725e-06
 Reference value :  1.83765e-06
 Reference value :  1.83796e-06
 Reference value :  1.83834e-06
 Reference value :  1.83875e-06
 Reference value :  1.83917e-06
 Reference value :  1.83943e-06
 Reference value :  1.83975e-06
 Reference value :  1.83995e-06
 Reference value :  1.84023e-06
 Reference value :  1.84065e-06
 Reference value :  1.84107e-06
 Reference value :  1.84149e-06
 Reference value :  1.84191e-06
 Reference value :  1.84233e-06
 Reference value :  1.84274e-06
 Reference value :  1.84316e-06
 Reference value :  1.84358e-06
 Reference value :  1.84400e-06
 Reference value :  1.84437e-06
 Reference value :  1.84470e-06
 Reference value :  1.84500e-06
 Reference value :  1.84542e-06
 Reference value :  1.84584e-06
 Reference value :  1.84619e-06
 Reference value :  1.84660e-06
 Reference value :  1.84701e-06
 Reference value :  1.84743e-06
 Reference value :  1.84785e-06
 Reference value :  1.84827e-06
 Reference value :  1.84869e-06
 Reference value :  1.84909e-06
 Reference value :  1.84950e-06
 Reference value :  1.84992e-06
 Reference value :  1.85034e-06
 Reference value :  1.85076e-06
 Reference value :  1.85118e-06
 Reference value :  1.85161e-06
 Reference value :  1.85203e-06
 Reference value :  1.85241e-06
 Reference value :  1.85283e-06
 Reference value :  1.85325e-06
 Reference value :  1.85367e-06
 Reference value :  1.85403e-06
 Reference value :  1.85437e-06
 Reference value :  1.85473e-06
 Reference value :  1.85514e-06
 Reference value :  1.85556e-06
 Reference value :  1.85598e-06
 Reference value :  1.85640e-06
 Reference value :  1.85682e-06
 Reference value :  1.85724e-06
 Reference value :  1.85765e-06
 Reference value :  1.85807e-06
 Reference value :  1.85843e-06
 Reference value :  1.85871e-06
 Reference value :  1.85899e-06
 Reference value :  1.85926e-06
 Reference value :  1.85954e-06
 Reference value :  1.85983e-06
 Reference value :  1.86013e-06
 Reference value :  1.86044e-06
 Reference value :  1.86072e-06
 Reference value :  1.86085e-06
 Reference value :  1.86107e-06
 Reference value :  1.86123e-06
 Reference value :  1.86158e-06
 Reference value :  1.86199e-06
 Reference value :  1.86241e-06
 Reference value :  1.86283e-06
 Reference value :  1.86325e-06
 Reference value :  1.86355e-06
 Reference value :  1.86376e-06
 Reference value :  1.86399e-06
 Reference value :  1.86441e-06
 Reference value :  1.86483e-06
 Reference value :  1.86524e-06
 Reference value :  1.86566e-06
 Reference value :  1.86608e-06
 Reference value :  1.86634e-06
 Reference value :  1.86674e-06
 Reference value :  1.86716e-06
 Reference value :  1.86756e-06
 Reference value :  1.86798e-06
 Reference value :  1.86840e-06
 Reference value :  1.86882e-06
 Reference value :  1.86924e-06
 Reference value :  1.86965e-06
 Reference value :  1.87007e-06
 Reference value :  1.87049e-06
 Reference value :  1.87091e-06
 Reference value :  1.87133e-06
 Reference value :  1.87175e-06
 Reference value :  1.87217e-06
 Reference value :  1.87258e-06
 Reference value :  1.87300e-06
 Reference value :  1.87342e-06
 Reference value :  1.87384e-06
 Reference value :  1.87426e-06
 Reference value :  1.87468e-06
 Reference value :  1.87510e-06
 Reference value :  1.87552e-06
 Reference value :  1.87594e-06
 Reference value :  1.87636e-06
 Reference value :  1.87678e-06
 Reference value :  1.87718e-06
 Reference value :  1.87757e-06
 Reference value :  1.87784e-06
 Reference value :  1.87824e-06
 Reference value :  1.87866e-06
 Reference value :  1.87908e-06
 Reference value :  1.87950e-06
 Reference value :  1.87992e-06
 Reference value :  1.88034e-06
 Reference value :  1.88074e-06
 Reference value :  1.88116e-06
 Reference value :  1.88158e-06
 Reference value :  1.88200e-06
 Reference value :  1.88242e-06
 Reference value :  1.88284e-06
 Reference value :  1.88325e-06
 Reference value :  1.88367e-06
 Reference value :  1.88409e-06
 Reference value :  1.88451e-06
 Reference value :  1.88493e-06
 Reference value :  1.88534e-06
 Reference value :  1.88576e-06
 Reference value :  1.88614e-06
 Reference value :  1.88647e-06
 Reference value :  1.88689e-06
 Reference value :  1.88731e-06
 Reference value :  1.88772e-06
 Reference value :  1.88814e-06
 Reference value :  1.88856e-06
 Reference value :  1.88897e-06
 Reference value :  1.88939e-06
 Reference value :  1.88981e-06
 Reference value :  1.89023e-06
 Reference value :  1.89065e-06
 Reference value :  1.89107e-06
 Reference value :  1.89149e-06
 Reference value :  1.89191e-06
 Reference value :  1.89233e-06
 Reference value :  1.89275e-06
 Reference value :  1.89317e-06
 Reference value :  1.89357e-06
 Reference value :  1.89398e-06
 Reference value :  1.89440e-06
 Reference value :  1.89482e-06
 Reference value :  1.89523e-06
 Reference value :  1.89557e-06
 Reference value :  1.89574e-06
 Reference value :  1.89590e-06
 Reference value :  1.89609e-06
 Reference value :  1.89627e-06
 Reference value :  1.89647e-06
 Reference value :  1.89664e-06
 Reference value :  1.89682e-06
 Reference value :  1.89701e-06
 Reference value :  1.89713e-06
 Reference value :  1.89724e-06
 Reference value :  1.89739e-06
 Reference value :  1.89762e-06
 Reference value :  1.89788e-06
 Reference value :  1.89816e-06
 Reference value :  1.89844e-06
 Reference value :  1.89865e-06
 Reference value :  1.89903e-06
 Reference value :  1.89939e-06
 Reference value :  1.89972e-06
 Reference value :  1.90014e-06
 Reference value :  1.90053e-06
 Reference value :  1.90076e-06
 Reference value :  1.90113e-06
 Reference value :  1.90152e-06
 Reference value :  1.90194e-06
 Reference value :  1.90236e-06
 Reference value :  1.90272e-06
 Reference value :  1.90298e-06
 Reference value :  1.90318e-06
 Reference value :  1.90338e-06
 Reference value :  1.90379e-06
 Reference value :  1.90420e-06
 Reference value :  1.90461e-06
 Reference value :  1.90503e-06
 Reference value :  1.90543e-06
 Reference value :  1.90585e-06
 Reference value :  1.90627e-06
 Reference value :  1.90665e-06
 Reference value :  1.90695e-06
 Reference value :  1.90736e-06
 Reference value :  1.90778e-06
 Reference value :  1.90816e-06
 Reference value :  1.90858e-06
 Reference value :  1.90899e-06
 Reference value :  1.90940e-06
 Reference value :  1.90970e-06
 Reference value :  1.90995e-06
 Reference value :  1.91009e-06
 Reference value :  1.91029e-06
 Reference value :  1.91052e-06
 Reference value :  1.91071e-06
 Reference value :  1.91112e-06
 Reference value :  1.91151e-06
 Reference value :  1.91193e-06
 Reference value :  1.91232e-06
 Reference value :  1.91274e-06
 Reference value :  1.91309e-06
 Reference value :  1.91326e-06
 Reference value :  1.91366e-06
 Reference value :  1.91408e-06
 Reference value :  1.91449e-06
 Reference value :  1.91490e-06
 Reference value :  1.91532e-06
 Reference value :  1.91573e-06
 Reference value :  1.91615e-06
 Reference value :  1.91655e-06
 Reference value :  1.91696e-06
 Reference value :  1.91738e-06
 Reference value :  1.91780e-06
 Reference value :  1.91822e-06
 Reference value :  1.91863e-06
 Reference value :  1.91900e-06
 Reference value :  1.91941e-06
 Reference value :  1.91978e-06
 Reference value :  1.92019e-06
 Reference value :  1.92060e-06
 Reference value :  1.92102e-06
 Reference value :  1.92143e-06
 Reference value :  1.92185e-06
 Reference value :  1.92226e-06
 Reference value :  1.92257e-06
 Reference value :  1.92295e-06
 Reference value :  1.92337e-06
 Reference value :  1.92379e-06
 Reference value :  1.92418e-06
 Reference value :  1.92457e-06
 Reference value :  1.92495e-06
 Reference value :  1.92537e-06
 Reference value :  1.92579e-06
 Reference value :  1.92620e-06
 Reference value :  1.92661e-06
 Reference value :  1.92702e-06
 Reference value :  1.92743e-06
 Reference value :  1.92785e-06
 Reference value :  1.92826e-06
 Reference value :  1.92868e-06
 Reference value :  1.92902e-06
 Reference value :  1.92943e-06
 Reference value :  1.92985e-06
 Reference value :  1.93026e-06
 Reference value :  1.93066e-06
 Reference value :  1.93096e-06
 Reference value :  1.93137e-06
 Reference value :  1.93179e-06
 Reference value :  1.93220e-06
 Reference value :  1.93261e-06
 Reference value :  1.93303e-06
 Reference value :  1.93345e-06
 Reference value :  1.93382e-06
 Reference value :  1.93424e-06
 Reference value :  1.93464e-06
 Reference value :  1.93506e-06
 Reference value :  1.93548e-06
 Reference value :  1.93589e-06
 Reference value :  1.93631e-06
 Reference value :  1.93672e-06
 Reference value :  1.93712e-06
 Reference value :  1.93753e-06
 Reference value :  1.93795e-06
 Reference value :  1.93837e-06
 Reference value :  1.93878e-06
 Reference value :  1.93919e-06
 Reference value :  1.93961e-06
 Reference value :  1.94002e-06
 Reference value :  1.94044e-06
 Reference value :  1.94086e-06
 Reference value :  1.94127e-06
 Reference value :  1.94168e-06
 Reference value :  1.94210e-06
 Reference value :  1.94252e-06
 Reference value :  1.94293e-06
 Reference value :  1.94335e-06
 Reference value :  1.94377e-06
 Reference value :  1.94419e-06
 Reference value :  1.94460e-06
 Reference value :  1.94502e-06
 Reference value :  1.94544e-06
 Reference value :  1.94585e-06
 Reference value :  1.94627e-06
 Reference value :  1.94669e-06
 Reference value :  1.94710e-06
 Reference value :  1.94751e-06
 Reference value :  1.94793e-06
 Reference value :  1.94830e-06
 Reference value :  1.94862e-06
 Reference value :  1.94903e-06
 Reference value :  1.94945e-06
 Reference value :  1.94985e-06
 Reference value :  1.95027e-06
 Reference value :  1.95069e-06
 Reference value :  1.95110e-06
 Reference value :  1.95152e-06
 Reference value :  1.95193e-06
 Reference value :  1.95233e-06
 Reference value :  1.95275e-06
 Reference value :  1.95316e-06
 Reference value :  1.95358e-06
 Reference value :  1.95399e-06
 Reference value :  1.95441e-06
 Reference value :  1.95482e-06
 Reference value :  1.95520e-06
 Reference value :  1.95562e-06
 Reference value :  1.95603e-06
 Reference value :  1.95645e-06
 Reference value :  1.95677e-06
 Reference value :  1.95712e-06
 Reference value :  1.95754e-06
 Reference value :  1.95795e-06
 Reference value :  1.95837e-06
 Reference value :  1.95879e-06
 Reference value :  1.95920e-06
 Reference value :  1.95962e-06
 Reference value :  1.96004e-06
 Reference value :  1.96045e-06
 Reference value :  1.96086e-06
 Reference value :  1.96128e-06
 Reference value :  1.96170e-06
 Reference value :  1.96211e-06
 Reference value :  1.96253e-06
 Reference value :  1.96293e-06
 Reference value :  1.96335e-06
 Reference value :  1.96376e-06
 Reference value :  1.96418e-06
 Reference value :  1.96459e-06
 Reference value :  1.96501e-06
 Reference value :  1.96542e-06
 Reference value :  1.96584e-06
 Reference value :  1.96624e-06
 Reference value :  1.96666e-06
 Reference value :  1.96707e-06
 Reference value :  1.96748e-06
 Reference value :  1.96790e-06
 Reference value :  1.96832e-06
 Reference value :  1.96873e-06
 Reference value :  1.96915e-06
 Reference value :  1.96957e-06
 Reference value :  1.96998e-06
 Reference value :  1.97036e-06
 Reference value :  1.97078e-06
 Reference value :  1.97119e-06
 Reference value :  1.97161e-06
 Reference value :  1.97202e-06
 Reference value :  1.97244e-06
 Reference value :  1.97286e-06
 Reference value :  1.97327e-06
 Reference value :  1.97368e-06
 Reference value :  1.97410e-06
 Reference value :  1.97442e-06
 Reference value :  1.97480e-06
 Reference value :  1.97522e-06
 Reference value :  1.97562e-06
 Reference value :  1.97600e-06
 Reference value :  1.97641e-06
 Reference value :  1.97683e-06
 Reference value :  1.97722e-06
 Reference value :  1.97764e-06
 Reference value :  1.97805e-06
 Reference value :  1.97847e-06
 Reference value :  1.97888e-06
 Reference value :  1.97930e-06
 Reference value :  1.97971e-06
 Reference value :  1.98012e-06
 Reference value :  1.98051e-06
 Reference value :  1.98092e-06
 Reference value :  1.98132e-06
 Reference value :  1.98174e-06
 Reference value :  1.98215e-06
 Reference value :  1.98241e-06
 Reference value :  1.98272e-06
 Reference value :  1.98313e-06
 Reference value :  1.98354e-06
 Reference value :  1.98396e-06
 Reference value :  1.98437e-06
 Reference value :  1.98479e-06
 Reference value :  1.98519e-06
 Reference value :  1.98560e-06
 Reference value :  1.98600e-06
 Reference value :  1.98642e-06
 Reference value :  1.98683e-06
 Reference value :  1.98725e-06
 Reference value :  1.98759e-06
 Reference value :  1.98785e-06
 Reference value :  1.98812e-06
 Reference value :  1.98834e-06
 Reference value :  1.98861e-06
 Reference value :  1.98890e-06
 Reference value :  1.98917e-06
 Reference value :  1.98944e-06
 Reference value :  1.98968e-06
 Reference value :  1.98990e-06
 Reference value :  1.99019e-06
 Reference value :  1.99042e-06
 Reference value :  1.99063e-06
 Reference value :  1.99090e-06
 Reference value :  1.99110e-06
 Reference value :  1.99131e-06
 Reference value :  1.99156e-06
 Reference value :  1.99170e-06
 Reference value :  1.99194e-06
 Reference value :  1.99236e-06
 Reference value :  1.99277e-06
 Reference value :  1.99318e-06
 Reference value :  1.99360e-06
 Reference value :  1.99398e-06
 Reference value :  1.99439e-06
 Reference value :  1.99480e-06
 Reference value :  1.99521e-06
 Reference value :  1.99555e-06
 Reference value :  1.99573e-06
 Reference value :  1.99584e-06
 Reference value :  1.99608e-06
 Reference value :  1.99634e-06
 Reference value :  1.99658e-06
 Reference value :  1.99691e-06
 Reference value :  1.99719e-06
 Reference value :  1.99745e-06
 Reference value :  1.99767e-06
 Reference value :  1.99785e-06
 Reference value :  1.99787e-06
 Reference value :  1.99814e-06
 Reference value :  1.99842e-06
 Reference value :  1.99853e-06
 Reference value :  1.99874e-06
 Reference value :  1.99915e-06
 Reference value :  1.99954e-06
 Reference value :  1.99987e-06
 Reference value :  2.00029e-06
 Reference value :  2.00071e-06
 Reference value :  2.00113e-06
 Reference value :  2.00144e-06
 Reference value :  2.00184e-06
 Reference value :  2.00221e-06
 Reference value :  2.00245e-06
 Reference value :  2.00268e-06
 Reference value :  2.00295e-06
 Reference value :  2.00336e-06
 Reference value :  2.00377e-06
 Reference value :  2.00419e-06
 Reference value :  2.00461e-06
 Reference value :  2.00504e-06
 Reference value :  2.00546e-06
 Reference value :  2.00586e-06
 Reference value :  2.00623e-06
 Reference value :  2.00657e-06
 Reference value :  2.00684e-06
 Reference value :  2.00708e-06
 Reference value :  2.00734e-06
 Reference value :  2.00776e-06
 Reference value :  2.00818e-06
 Reference value :  2.00857e-06
 Reference value :  2.00898e-06
 Reference value :  2.00941e-06
 Reference value :  2.00982e-06
 Reference value :  2.01023e-06
 Reference value :  2.01062e-06
 Reference value :  2.01104e-06
 Reference value :  2.01133e-06
 Reference value :  2.01159e-06
 Reference value :  2.01182e-06
 Reference value :  2.01213e-06
 Reference value :  2.01255e-06
 Reference value :  2.01297e-06
 Reference value :  2.01340e-06
 Reference value :  2.01382e-06
 Reference value :  2.01419e-06
 Reference value :  2.01444e-06
 Reference value :  2.01471e-06
 Reference value :  2.01489e-06
 Reference value :  2.01505e-06
 Reference value :  2.01520e-06
 Reference value :  2.01542e-06
 Reference value :  2.01562e-06
 Reference value :  2.01587e-06
 Reference value :  2.01616e-06
 Reference value :  2.01645e-06
 Reference value :  2.01661e-06
 Reference value :  2.01684e-06
 Reference value :  2.01718e-06
 Reference value :  2.01726e-06
 Reference value :  2.01768e-06
 Reference value :  2.01810e-06
 Reference value :  2.01851e-06
 Reference value :  2.01892e-06
 Reference value :  2.01934e-06
 Reference value :  2.01976e-06
 Reference value :  2.02018e-06
 Reference value :  2.02060e-06
 Reference value :  2.02103e-06
 Reference value :  2.02144e-06
 Reference value :  2.02183e-06
 Reference value :  2.02223e-06
 Reference value :  2.02254e-06
 Reference value :  2.02296e-06
 Reference value :  2.02338e-06
 Reference value :  2.02380e-06
 Reference value :  2.02422e-06
 Reference value :  2.02463e-06
 Reference value :  2.02493e-06
 Reference value :  2.02521e-06
 Reference value :  2.02542e-06
 Reference value :  2.02563e-06
 Reference value :  2.02605e-06
 Reference value :  2.02644e-06
 Reference value :  2.02686e-06
 Reference value :  2.02728e-06
 Reference value :  2.02767e-06
 Reference value :  2.02809e-06
 Reference value :  2.02851e-06
 Reference value :  2.02892e-06
 Reference value :  2.02934e-06
 Reference value :  2.02976e-06
 Reference value :  2.03018e-06
 Reference value :  2.03060e-06
 Reference value :  2.03101e-06
 Reference value :  2.03143e-06
 Reference value :  2.03176e-06
 Reference value :  2.03204e-06
 Reference value :  2.03233e-06
 Reference value :  2.03265e-06
 Reference value :  2.03283e-06
 Reference value :  2.03305e-06
 Reference value :  2.03334e-06
 Reference value :  2.03339e-06
 Reference value :  2.03354e-06
 Reference value :  2.03381e-06
 Reference value :  2.03406e-06
 Reference value :  2.03424e-06
 Reference value :  2.03459e-06
 Reference value :  2.03490e-06
 Reference value :  2.03513e-06
 Reference value :  2.03528e-06
 Reference value :  2.03569e-06
 Reference value :  2.03593e-06
 Reference value :  2.03628e-06
 Reference value :  2.03650e-06
 Reference value :  2.03670e-06
 Reference value :  2.03677e-06
 Reference value :  2.03696e-06
 Reference value :  2.03738e-06
 Reference value :  2.03777e-06
 Reference value :  2.03817e-06
 Reference value :  2.03859e-06
 Reference value :  2.03899e-06
 Reference value :  2.03931e-06
 Reference value :  2.03960e-06
 Reference value :  2.03983e-06
 Reference value :  2.03999e-06
 Reference value :  2.04035e-06
 Reference value :  2.04076e-06
 Reference value :  2.04118e-06
 Reference value :  2.04157e-06
 Reference value :  2.04187e-06
 Reference value :  2.04228e-06
 Reference value :  2.04262e-06
 Reference value :  2.04271e-06
 Reference value :  2.04297e-06
 Reference value :  2.04339e-06
 Reference value :  2.04380e-06
 Reference value :  2.04421e-06
 Reference value :  2.04462e-06
 Reference value :  2.04493e-06
 Reference value :  2.04513e-06
 Reference value :  2.04524e-06
 Reference value :  2.04566e-06
 Reference value :  2.04609e-06
 Reference value :  2.04650e-06
 Reference value :  2.04693e-06
 Reference value :  2.04733e-06
 Reference value :  2.04775e-06
 Reference value :  2.04816e-06
 Reference value :  2.04857e-06
 Reference value :  2.04879e-06
 Reference value :  2.04894e-06
 Reference value :  2.04930e-06
 Reference value :  2.04973e-06
 Reference value :  2.05015e-06
 Reference value :  2.05056e-06
 Reference value :  2.05098e-06
 Reference value :  2.05140e-06
 Reference value :  2.05182e-06
 Reference value :  2.05224e-06
 Reference value :  2.05241e-06
 Reference value :  2.05256e-06
 Reference value :  2.05292e-06
 Reference value :  2.05334e-06
 Reference value :  2.05375e-06
 Reference value :  2.05417e-06
 Reference value :  2.05441e-06
 Reference value :  2.05459e-06
 Reference value :  2.05491e-06
 Reference value :  2.05532e-06
 Reference value :  2.05572e-06
 Reference value :  2.05610e-06
 Reference value :  2.05640e-06
 Reference value :  2.05682e-06
 Reference value :  2.05724e-06
 Reference value :  2.05761e-06
 Reference value :  2.05771e-06
 Reference value :  2.05792e-06
 Reference value :  2.05834e-06
 Reference value :  2.05876e-06
 Reference value :  2.05918e-06
 Reference value :  2.05959e-06
 Reference value :  2.06001e-06
 Reference value :  2.06037e-06
 Reference value :  2.06077e-06
 Reference value :  2.06119e-06
 Reference value :  2.06161e-06
 Reference value :  2.06203e-06
 Reference value :  2.06240e-06
 Reference value :  2.06283e-06
 Reference value :  2.06325e-06
 Reference value :  2.06367e-06
 Reference value :  2.06400e-06
 Reference value :  2.06438e-06
 Reference value :  2.06481e-06
 Reference value :  2.06522e-06
 Reference value :  2.06564e-06
 Reference value :  2.06607e-06
 Reference value :  2.06649e-06
 Reference value :  2.06691e-06
 Reference value :  2.06734e-06
 Reference value :  2.06773e-06
 Reference value :  2.06816e-06
 Reference value :  2.06858e-06
 Reference value :  2.06900e-06
 Reference value :  2.06943e-06
 Reference value :  2.06985e-06
 Reference value :  2.07027e-06
 Reference value :  2.07069e-06
 Reference value :  2.07111e-06
 Reference value :  2.07153e-06
 Reference value :  2.07195e-06
 Reference value :  2.07237e-06
 Reference value :  2.07279e-06
 Reference value :  2.07322e-06
 Reference value :  2.07364e-06
 Reference value :  2.07407e-06
 Reference value :  2.07449e-06
 Reference value :  2.07491e-06
 Reference value :  2.07534e-06
 Reference value :  2.07572e-06
 Reference value :  2.07614e-06
 Reference value :  2.07657e-06
 Reference value :  2.07699e-06
 Reference value :  2.07742e-06
 Reference value :  2.07784e-06
 Reference value :  2.07826e-06
 Reference value :  2.07868e-06
 Reference value :  2.07910e-06
 Reference value :  2.07953e-06
 Reference value :  2.07995e-06
 Reference value :  2.08037e-06
 Reference value :  2.08080e-06
 Reference value :  2.08120e-06
 Reference value :  2.08161e-06
 Reference value :  2.08191e-06
 Reference value :  2.08234e-06
 Reference value :  2.08276e-06
 Reference value :  2.08318e-06
 Reference value :  2.08360e-06
 Reference value :  2.08402e-06
 Reference value :  2.08442e-06
 Reference value :  2.08485e-06
 Reference value :  2.08527e-06
 Reference value :  2.08569e-06
 Reference value :  2.08611e-06
 Reference value :  2.08654e-06
 Reference value :  2.08696e-06
 Reference value :  2.08738e-06
 Reference value :  2.08780e-06
 Reference value :  2.08823e-06
 Reference value :  2.08865e-06
 Reference value :  2.08908e-06
 Reference value :  2.08950e-06
 Reference value :  2.08992e-06
 Reference value :  2.09030e-06
 Reference value :  2.09063e-06
 Reference value :  2.09104e-06
 Reference value :  2.09145e-06
 Reference value :  2.09188e-06
 Reference value :  2.09230e-06
 Reference value :  2.09273e-06
 Reference value :  2.09315e-06
 Reference value :  2.09357e-06
 Reference value :  2.09397e-06
 Reference value :  2.09436e-06
 Reference value :  2.09478e-06
 Reference value :  2.09520e-06
 Reference value :  2.09563e-06
 Reference value :  2.09605e-06
 Reference value :  2.09647e-06
 Reference value :  2.09685e-06
 Reference value :  2.09717e-06
 Reference value :  2.09744e-06
 Reference value :  2.09772e-06
 Reference value :  2.09802e-06
 Reference value :  2.09830e-06
 Reference value :  2.09858e-06
 Reference value :  2.09885e-06
 Reference value :  2.09911e-06
 Reference value :  2.09939e-06
 Reference value :  2.09968e-06
 Reference value :  2.09987e-06
 Reference value :  2.10012e-06
 Reference value :  2.10054e-06
 Reference value :  2.10095e-06
 Reference value :  2.10136e-06
 Reference value :  2.10176e-06
 Reference value :  2.10218e-06
 Reference value :  2.10260e-06
 Reference value :  2.10299e-06
 Reference value :  2.10341e-06
 Reference value :  2.10383e-06
 Reference value :  2.10425e-06
 Reference value :  2.10468e-06
 Reference value :  2.10501e-06
 Reference value :  2.10542e-06
 Reference value :  2.10582e-06
 Reference value :  2.10614e-06
 Reference value :  2.10655e-06
 Reference value :  2.10697e-06
 Reference value :  2.10740e-06
 Reference value :  2.10781e-06
 Reference value :  2.10818e-06
 Reference value :  2.10845e-06
 Reference value :  2.10886e-06
 Reference value :  2.10928e-06
 Reference value :  2.10968e-06
 Reference value :  2.10983e-06
 Reference value :  2.11013e-06
 Reference value :  2.11055e-06
 Reference value :  2.11097e-06
 Reference value :  2.11139e-06
 Reference value :  2.11169e-06
 Reference value :  2.11194e-06
 Reference value :  2.11220e-06
 Reference value :  2.11251e-06
 Reference value :  2.11280e-06
 Reference value :  2.11309e-06
 Reference value :  2.11333e-06
 Reference value :  2.11359e-06
 Reference value :  2.11375e-06
 Reference value :  2.11413e-06
 Reference value :  2.11436e-06
 Reference value :  2.11461e-06
 Reference value :  2.11482e-06
 Reference value :  2.11495e-06
 Reference value :  2.11505e-06
 Reference value :  2.11522e-06
 Reference value :  2.11546e-06
 Reference value :  2.11571e-06
 Reference value :  2.11596e-06
 Reference value :  2.11615e-06
 Reference value :  2.11638e-06
 Reference value :  2.11660e-06
 Reference value :  2.11680e-06
 Reference value :  2.11703e-06
 Reference value :  2.11725e-06
 Reference value :  2.11748e-06
 Reference value :  2.11767e-06
 Reference value :  2.11767e-06
 Reference value :  2.11768e-06
 Reference value :  2.11768e-06
 Reference value :  2.11770e-06
 Reference value :  2.11770e-06
 Reference value :  2.11770e-06
 Reference value :  2.11771e-06
 Reference value :  2.11779e-06
 Reference value :  2.11801e-06
 Reference value :  2.11816e-06
 Reference value :  2.11833e-06
 Reference value :  2.11837e-06
 Reference value :  2.11852e-06
 Reference value :  2.11874e-06
 Reference value :  2.11897e-06
 Reference value :  2.11928e-06
 Reference value :  2.11940e-06
 Reference value :  2.11968e-06
 Reference value :  2.12003e-06
 Reference value :  2.12039e-06
 Reference value :  2.12075e-06
 Reference value :  2.12117e-06
 Reference value :  2.12157e-06
 Reference value :  2.12198e-06
 Reference value :  2.12220e-06
 Reference value :  2.12256e-06
 Reference value :  2.12298e-06
 Reference value :  2.12339e-06
 Reference value :  2.12381e-06
 Reference value :  2.12423e-06
 Reference value :  2.12461e-06
 Reference value :  2.12502e-06
 Reference value :  2.12543e-06
 Reference value :  2.12576e-06
 Reference value :  2.12617e-06
 Reference value :  2.12659e-06
 Reference value :  2.12700e-06
 Reference value :  2.12741e-06
 Reference value :  2.12782e-06
 Reference value :  2.12824e-06
 Reference value :  2.12866e-06
 Reference value :  2.12907e-06
 Reference value :  2.12947e-06
 Reference value :  2.12975e-06
 Reference value :  2.13013e-06
 Reference value :  2.13055e-06
 Reference value :  2.13088e-06
 Reference value :  2.13121e-06
 Reference value :  2.13156e-06
 Reference value :  2.13191e-06
 Reference value :  2.13232e-06
 Reference value :  2.13273e-06
 Reference value :  2.13314e-06
 Reference value :  2.13354e-06
 Reference value :  2.13396e-06
 Reference value :  2.13437e-06
 Reference value :  2.13479e-06
 Reference value :  2.13521e-06
 Reference value :  2.13563e-06
 Reference value :  2.13604e-06
 Reference value :  2.13646e-06
 Reference value :  2.13688e-06
 Reference value :  2.13729e-06
 Reference value :  2.13770e-06
 Reference value :  2.13811e-06
 Reference value :  2.13853e-06
 Reference value :  2.13895e-06
 Reference value :  2.13936e-06
 Reference value :  2.13977e-06
 Reference value :  2.14019e-06
 Reference value :  2.14061e-06
 Reference value :  2.14103e-06
 Reference value :  2.14144e-06
 Reference value :  2.14186e-06
 Reference value :  2.14224e-06
 Reference value :  2.14265e-06
 Reference value :  2.14301e-06
 Reference value :  2.14341e-06
 Reference value :  2.14381e-06
 Reference value :  2.14410e-06
 Reference value :  2.14451e-06
 Reference value :  2.14493e-06
 Reference value :  2.14534e-06
 Reference value :  2.14576e-06
 Reference value :  2.14618e-06
 Reference value :  2.14659e-06
 Reference value :  2.14700e-06
 Reference value :  2.14742e-06
 Reference value :  2.14783e-06
 Reference value :  2.14825e-06
 Reference value :  2.14867e-06
 Reference value :  2.14908e-06
 Reference value :  2.14950e-06
 Reference value :  2.14991e-06
 Reference value :  2.15033e-06
 Reference value :  2.15075e-06
 Reference value :  2.15117e-06
 Reference value :  2.15158e-06
 Reference value :  2.15199e-06
 Reference value :  2.15240e-06
 Reference value :  2.15282e-06
 Reference value :  2.15324e-06
 Reference value :  2.15365e-06
 Reference value :  2.15407e-06
 Reference value :  2.15448e-06
 Reference value :  2.15485e-06
 Reference value :  2.15527e-06
 Reference value :  2.15567e-06
 Reference value :  2.15608e-06
 Reference value :  2.15649e-06
 Reference value :  2.15690e-06
 Reference value :  2.15732e-06
 Reference value :  2.15761e-06
 Reference value :  2.15799e-06
 Reference value :  2.15841e-06
 Reference value :  2.15883e-06
 Reference value :  2.15924e-06
 Reference value :  2.15966e-06
 Reference value :  2.16007e-06
 Reference value :  2.16049e-06
 Reference value :  2.16090e-06
 Reference value :  2.16132e-06
 Reference value :  2.16174e-06
 Reference value :  2.16216e-06
 Reference value :  2.16255e-06
 Reference value :  2.16297e-06
 Reference value :  2.16339e-06
 Reference value :  2.16380e-06
 Reference value :  2.16422e-06
 Reference value :  2.16464e-06
 Reference value :  2.16505e-06
 Reference value :  2.16547e-06
 Reference value :  2.16588e-06
 Reference value :  2.16630e-06
 Reference value :  2.16672e-06
 Reference value :  2.16713e-06
 Reference value :  2.16753e-06
 Reference value :  2.16795e-06
 Reference value :  2.16836e-06
 Reference value :  2.16878e-06
 Reference value :  2.16920e-06
 Reference value :  2.16961e-06
 Reference value :  2.16992e-06
 Reference value :  2.17014e-06
 Reference value :  2.17052e-06
 Reference value :  2.17094e-06
 Reference value :  2.17135e-06
 Reference value :  2.17176e-06
 Reference value :  2.17218e-06
 Reference value :  2.17256e-06
 Reference value :  2.17297e-06
 Reference value :  2.17339e-06
 Reference value :  2.17380e-06
 Reference value :  2.17422e-06
 Reference value :  2.17460e-06
 Reference value :  2.17496e-06
 Reference value :  2.17528e-06
 Reference value :  2.17568e-06
 Reference value :  2.17607e-06
 Reference value :  2.17632e-06
 Reference value :  2.17656e-06
 Reference value :  2.17695e-06
 Reference value :  2.17736e-06
 Reference value :  2.17778e-06
 Reference value :  2.17819e-06
 Reference value :  2.17860e-06
 Reference value :  2.17902e-06
 Reference value :  2.17941e-06
 Reference value :  2.17982e-06
 Reference value :  2.18024e-06
 Reference value :  2.18066e-06
 Reference value :  2.18108e-06
 Reference value :  2.18150e-06
 Reference value :  2.18191e-06
 Reference value :  2.18232e-06
 Reference value :  2.18263e-06
 Reference value :  2.18302e-06
 Reference value :  2.18343e-06
 Reference value :  2.18384e-06
 Reference value :  2.18425e-06
 Reference value :  2.18467e-06
 Reference value :  2.18508e-06
 Reference value :  2.18550e-06
 Reference value :  2.18592e-06
 Reference value :  2.18634e-06
 Reference value :  2.18675e-06
 Reference value :  2.18714e-06
 Reference value :  2.18755e-06
 Reference value :  2.18797e-06
 Reference value :  2.18838e-06
 Reference value :  2.18880e-06
 Reference value :  2.18922e-06
 Reference value :  2.18963e-06
 Reference value :  2.19005e-06
 Reference value :  2.19046e-06
 Reference value :  2.19072e-06
 Reference value :  2.19095e-06
 Reference value :  2.19122e-06
 Reference value :  2.19148e-06
 Reference value :  2.19178e-06
 Reference value :  2.19205e-06
 Reference value :  2.19235e-06
 Reference value :  2.19264e-06
 Reference value :  2.19289e-06
 Reference value :  2.19312e-06
 Reference value :  2.19335e-06
 Reference value :  2.19360e-06
 Reference value :  2.19390e-06
 Reference value :  2.19416e-06
 Reference value :  2.19438e-06
 Reference value :  2.19457e-06
 Reference value :  2.19493e-06
 Reference value :  2.19534e-06
 Reference value :  2.19575e-06
 Reference value :  2.19617e-06
 Reference value :  2.19659e-06
 Reference value :  2.19684e-06
 Reference value :  2.19708e-06
 Reference value :  2.19748e-06
 Reference value :  2.19790e-06
 Reference value :  2.19831e-06
 Reference value :  2.19873e-06
 Reference value :  2.19914e-06
 Reference value :  2.19956e-06
 Reference value :  2.19997e-06
 Reference value :  2.20039e-06
 Reference value :  2.20081e-06
 Reference value :  2.20123e-06
 Reference value :  2.20165e-06
 Reference value :  2.20204e-06
 Reference value :  2.20246e-06
 Reference value :  2.20288e-06
 Reference value :  2.20330e-06
 Reference value :  2.20371e-06
 Reference value :  2.20413e-06
 Reference value :  2.20455e-06
 Reference value :  2.20497e-06
 Reference value :  2.20536e-06
 Reference value :  2.20567e-06
 Reference value :  2.20608e-06
 Reference value :  2.20650e-06
 Reference value :  2.20691e-06
 Reference value :  2.20733e-06
 Reference value :  2.20775e-06
 Reference value :  2.20815e-06
 Reference value :  2.20857e-06
 Reference value :  2.20899e-06
 Reference value :  2.20940e-06
 Reference value :  2.20982e-06
 Reference value :  2.21023e-06
 Reference value :  2.21065e-06
 Reference value :  2.21107e-06
 Reference value :  2.21149e-06
 Reference value :  2.21190e-06
 Reference value :  2.21226e-06
 Reference value :  2.21255e-06
 Reference value :  2.21284e-06
 Reference value :  2.21313e-06
 Reference value :  2.21340e-06
 Reference value :  2.21372e-06
 Reference value :  2.21401e-06
 Reference value :  2.21433e-06
 Reference value :  2.21467e-06
 Reference value :  2.21494e-06
 Reference value :  2.21523e-06
 Reference value :  2.21550e-06
 Reference value :  2.21572e-06
 Reference value :  2.21593e-06
 Reference value :  2.21634e-06
 Reference value :  2.21676e-06
 Reference value :  2.21715e-06
 Reference value :  2.21756e-06
 Reference value :  2.21798e-06
 Reference value :  2.21840e-06
 Reference value :  2.21882e-06
 Reference value :  2.21923e-06
 Reference value :  2.21951e-06
 Reference value :  2.21990e-06
 Reference value :  2.22032e-06
 Reference value :  2.22071e-06
 Reference value :  2.22113e-06
 Reference value :  2.22155e-06
 Reference value :  2.22197e-06
 Reference value :  2.22236e-06
 Reference value :  2.22277e-06
 Reference value :  2.22319e-06
 Reference value :  2.22360e-06
 Reference value :  2.22402e-06
 Reference value :  2.22444e-06
 Reference value :  2.22486e-06
 Reference value :  2.22526e-06
 Reference value :  2.22567e-06
 Reference value :  2.22609e-06
 Reference value :  2.22651e-06
 Reference value :  2.22692e-06
 Reference value :  2.22734e-06
 Reference value :  2.22776e-06
 Reference value :  2.22818e-06
 Reference value :  2.22856e-06
 Reference value :  2.22898e-06
 Reference value :  2.22938e-06
 Reference value :  2.22968e-06
 Reference value :  2.23009e-06
 Reference value :  2.23050e-06
 Reference value :  2.23089e-06
 Reference value :  2.23130e-06
 Reference value :  2.23172e-06
 Reference value :  2.23214e-06
 Reference value :  2.23256e-06
 Reference value :  2.23297e-06
 Reference value :  2.23339e-06
 Reference value :  2.23379e-06
 Reference value :  2.23421e-06
 Reference value :  2.23453e-06
 Reference value :  2.23495e-06
 Reference value :  2.23536e-06
 Reference value :  2.23575e-06
 Reference value :  2.23616e-06
 Reference value :  2.23658e-06
 Reference value :  2.23700e-06
 Reference value :  2.23742e-06
 Reference value :  2.23783e-06
 Reference value :  2.23824e-06
 Reference value :  2.23865e-06
 Reference value :  2.23907e-06
 Reference value :  2.23948e-06
 Reference value :  2.23990e-06
 Reference value :  2.24031e-06
 Reference value :  2.24073e-06
 Reference value :  2.24098e-06
 Reference value :  2.24124e-06
 Reference value :  2.24153e-06
 Reference value :  2.24180e-06
 Reference value :  2.24206e-06
 Reference value :  2.24233e-06
 Reference value :  2.24260e-06
 Reference value :  2.24287e-06
 Reference value :  2.24297e-06
 Reference value :  2.24323e-06
 Reference value :  2.24346e-06
 Reference value :  2.24366e-06
 Reference value :  2.24386e-06
 Reference value :  2.24406e-06
 Reference value :  2.24431e-06
 Reference value :  2.24462e-06
 Reference value :  2.24503e-06
 Reference value :  2.24544e-06
 Reference value :  2.24586e-06
 Reference value :  2.24627e-06
 Reference value :  2.24669e-06
 Reference value :  2.24710e-06
 Reference value :  2.24752e-06
 Reference value :  2.24791e-06
 Reference value :  2.24832e-06
 Reference value :  2.24874e-06
 Reference value :  2.24916e-06
 Reference value :  2.24957e-06
 Reference value :  2.24999e-06
 Reference value :  2.25041e-06
 Reference value :  2.25082e-06
 Reference value :  2.25124e-06
 Reference value :  2.25165e-06
 Reference value :  2.25207e-06
 Reference value :  2.25241e-06
 Reference value :  2.25275e-06
 Reference value :  2.25317e-06
 Reference value :  2.25357e-06
 Reference value :  2.25398e-06
 Reference value :  2.25440e-06
 Reference value :  2.25482e-06
 Reference value :  2.25523e-06
 Reference value :  2.25565e-06
 Reference value :  2.25606e-06
 Reference value :  2.25648e-06
 Reference value :  2.25689e-06
 Reference value :  2.25731e-06
 Reference value :  2.25773e-06
 Reference value :  2.25814e-06
 Reference value :  2.25855e-06
 Reference value :  2.25897e-06
 Reference value :  2.25937e-06
 Reference value :  2.25978e-06
 Reference value :  2.26009e-06
 Reference value :  2.26038e-06
 Reference value :  2.26068e-06
 Reference value :  2.26097e-06
 Reference value :  2.26125e-06
 Reference value :  2.26156e-06
 Reference value :  2.26185e-06
 Reference value :  2.26216e-06
 Reference value :  2.26247e-06
 Reference value :  2.26273e-06
 Reference value :  2.26297e-06
 Reference value :  2.26320e-06
 Reference value :  2.26338e-06
 Reference value :  2.26380e-06
 Reference value :  2.26421e-06
 Reference value :  2.26463e-06
 Reference value :  2.26504e-06
 Reference value :  2.26546e-06
 Reference value :  2.26587e-06
 Reference value :  2.26628e-06
 Reference value :  2.26649e-06
 Reference value :  2.26689e-06
 Reference value :  2.26730e-06
 Reference value :  2.26771e-06
 Reference value :  2.26813e-06
 Reference value :  2.26854e-06
 Reference value :  2.26895e-06
 Reference value :  2.26937e-06
 Reference value :  2.26978e-06
 Reference value :  2.27020e-06
 Reference value :  2.27061e-06
 Reference value :  2.27103e-06
 Reference value :  2.27143e-06
 Reference value :  2.27183e-06
 Reference value :  2.27208e-06
 Reference value :  2.27245e-06
 Reference value :  2.27286e-06
 Reference value :  2.27320e-06
 Reference value :  2.27352e-06
 Reference value :  2.27394e-06
 Reference value :  2.27435e-06
 Reference value :  2.27477e-06
 Reference value :  2.27518e-06
 Reference value :  2.27559e-06
 Reference value :  2.27589e-06
 Reference value :  2.27627e-06
 Reference value :  2.27669e-06
 Reference value :  2.27710e-06
 Reference value :  2.27752e-06
 Reference value :  2.27794e-06
 Reference value :  2.27835e-06
 Reference value :  2.27873e-06
 Reference value :  2.27915e-06
 Reference value :  2.27957e-06
 Reference value :  2.27998e-06
 Reference value :  2.28040e-06
 Reference value :  2.28079e-06
 Reference value :  2.28121e-06
 Reference value :  2.28163e-06
 Reference value :  2.28204e-06
 Reference value :  2.28246e-06
 Reference value :  2.28287e-06
 Reference value :  2.28329e-06
 Reference value :  2.28368e-06
 Reference value :  2.28410e-06
 Reference value :  2.28451e-06
 Reference value :  2.28492e-06
 Reference value :  2.28534e-06
 Reference value :  2.28575e-06
 Reference value :  2.28616e-06
 Reference value :  2.28658e-06
 Reference value :  2.28696e-06
 Reference value :  2.28737e-06
 Reference value :  2.28779e-06
 Reference value :  2.28820e-06
 Reference value :  2.28861e-06
 Reference value :  2.28899e-06
 Reference value :  2.28941e-06
 Reference value :  2.28982e-06
 Reference value :  2.29024e-06
 Reference value :  2.29065e-06
 Reference value :  2.29106e-06
 Reference value :  2.29148e-06
 Reference value :  2.29189e-06
 Reference value :  2.29230e-06
 Reference value :  2.29267e-06
 Reference value :  2.29308e-06
 Reference value :  2.29348e-06
 Reference value :  2.29390e-06
 Reference value :  2.29432e-06
 Reference value :  2.29471e-06
 Reference value :  2.29512e-06
 Reference value :  2.29553e-06
 Reference value :  2.29594e-06
 Reference value :  2.29634e-06
 Reference value :  2.29676e-06
 Reference value :  2.29718e-06
 Reference value :  2.29759e-06
 Reference value :  2.29800e-06
 Reference value :  2.29842e-06
 Reference value :  2.29883e-06
 Reference value :  2.29924e-06
 Reference value :  2.29966e-06
 Reference value :  2.30003e-06
 Reference value :  2.30044e-06
 Reference value :  2.30085e-06
 Reference value :  2.30126e-06
 Reference value :  2.30166e-06
 Reference value :  2.30197e-06
 Reference value :  2.30237e-06
 Reference value :  2.30279e-06
 Reference value :  2.30320e-06
 Reference value :  2.30362e-06
 Reference value :  2.30400e-06
 Reference value :  2.30441e-06
 Reference value :  2.30482e-06
 Reference value :  2.30519e-06
 Reference value :  2.30543e-06
 Reference value :  2.30569e-06
 Reference value :  2.30596e-06
 Reference value :  2.30623e-06
 Reference value :  2.30649e-06
 Reference value :  2.30677e-06
 Reference value :  2.30706e-06
 Reference value :  2.30732e-06
 Reference value :  2.30752e-06
 Reference value :  2.30779e-06
 Reference value :  2.30801e-06
 Reference value :  2.30822e-06
 Reference value :  2.30843e-06
 Reference value :  2.30864e-06
 Reference value :  2.30899e-06
 Reference value :  2.30940e-06
 Reference value :  2.30977e-06
 Reference value :  2.31019e-06
 Reference value :  2.31061e-06
 Reference value :  2.31101e-06
 Reference value :  2.31143e-06
 Reference value :  2.31177e-06
 Reference value :  2.31202e-06
 Reference value :  2.31243e-06
 Reference value :  2.31284e-06
 Reference value :  2.31325e-06
 Reference value :  2.31366e-06
 Reference value :  2.31408e-06
 Reference value :  2.31449e-06
 Reference value :  2.31491e-06
 Reference value :  2.31532e-06
 Reference value :  2.31574e-06
 Reference value :  2.31615e-06
 Reference value :  2.31656e-06
 Reference value :  2.31698e-06
 Reference value :  2.31739e-06
 Reference value :  2.31781e-06
 Reference value :  2.31822e-06
 Reference value :  2.31864e-06
 Reference value :  2.31904e-06
 Reference value :  2.31945e-06
 Reference value :  2.31987e-06
 Reference value :  2.32029e-06
 Reference value :  2.32070e-06
 Reference value :  2.32112e-06
 Reference value :  2.32153e-06
 Reference value :  2.32195e-06
 Reference value :  2.32235e-06
 Reference value :  2.32276e-06
 Reference value :  2.32318e-06
 Reference value :  2.32358e-06
 Reference value :  2.32400e-06
 Reference value :  2.32442e-06
 Reference value :  2.32479e-06
 Reference value :  2.32510e-06
 Reference value :  2.32552e-06
 Reference value :  2.32594e-06
 Reference value :  2.32635e-06
 Reference value :  2.32677e-06
 Reference value :  2.32718e-06
 Reference value :  2.32759e-06
 Reference value :  2.32801e-06
 Reference value :  2.32842e-06
 Reference value :  2.32883e-06
 Reference value :  2.32925e-06
 Reference value :  2.32967e-06
 Reference value :  2.33008e-06
 Reference value :  2.33049e-06
 Reference value :  2.33091e-06
 Reference value :  2.33133e-06
 Reference value :  2.33172e-06
 Reference value :  2.33213e-06
 Reference value :  2.33255e-06
 Reference value :  2.33295e-06
 Reference value :  2.33336e-06
 Reference value :  2.33378e-06
 Reference value :  2.33419e-06
 Reference value :  2.33461e-06
 Reference value :  2.33502e-06
 Reference value :  2.33544e-06
 Reference value :  2.33585e-06
 Reference value :  2.33626e-06
 Reference value :  2.33667e-06
 Reference value :  2.33709e-06
 Reference value :  2.33750e-06
 Reference value :  2.33791e-06
 Reference value :  2.33832e-06
 Reference value :  2.33873e-06
 Reference value :  2.33915e-06
 Reference value :  2.33957e-06
 Reference value :  2.33998e-06
 Reference value :  2.34040e-06
 Reference value :  2.34081e-06
 Reference value :  2.34122e-06
 Reference value :  2.34164e-06
 Reference value :  2.34205e-06
 Reference value :  2.34247e-06
 Reference value :  2.34288e-06
 Reference value :  2.34330e-06
 Reference value :  2.34371e-06
 Reference value :  2.34408e-06
 Reference value :  2.34449e-06
 Reference value :  2.34490e-06
 Reference value :  2.34531e-06
 Reference value :  2.34573e-06
 Reference value :  2.34614e-06
 Reference value :  2.34655e-06
 Reference value :  2.34697e-06
 Reference value :  2.34738e-06
 Reference value :  2.34778e-06
 Reference value :  2.34818e-06
 Reference value :  2.34859e-06
 Reference value :  2.34900e-06
 Reference value :  2.34942e-06
 Reference value :  2.34983e-06
 Reference value :  2.35021e-06
 Reference value :  2.35063e-06
 Reference value :  2.35096e-06
 Reference value :  2.35131e-06
 Reference value :  2.35173e-06
 Reference value :  2.35215e-06
 Reference value :  2.35256e-06
 Reference value :  2.35297e-06
 Reference value :  2.35339e-06
 Reference value :  2.35380e-06
 Reference value :  2.35422e-06
 Reference value :  2.35461e-06
 Reference value :  2.35502e-06
 Reference value :  2.35528e-06
 Reference value :  2.35554e-06
 Reference value :  2.35576e-06
 Reference value :  2.35598e-06
 Reference value :  2.35623e-06
 Reference value :  2.35650e-06
 Reference value :  2.35681e-06
 Reference value :  2.35686e-06
 Reference value :  2.35702e-06
 Reference value :  2.35729e-06
 Reference value :  2.35756e-06
 Reference value :  2.35769e-06
 Reference value :  2.35784e-06
 Reference value :  2.35793e-06
 Reference value :  2.35812e-06
 Reference value :  2.35828e-06
 Reference value :  2.35841e-06
 Reference value :  2.35868e-06
 Reference value :  2.35895e-06
 Reference value :  2.35920e-06
 Reference value :  2.35957e-06
 Reference value :  2.35981e-06
 Reference value :  2.36004e-06
 Reference value :  2.36027e-06
 Reference value :  2.36044e-06
 Reference value :  2.36062e-06
 Reference value :  2.36086e-06
 Reference value :  2.36113e-06
 Reference value :  2.36125e-06
 Reference value :  2.36125e-06
 Reference value :  2.36126e-06
 Reference value :  2.36126e-06
 Reference value :  2.36126e-06
 Reference value :  2.36126e-06
 Reference value :  2.36127e-06
 Reference value :  2.36127e-06
 Reference value :  2.36131e-06
 Reference value :  2.36151e-06
 Reference value :  2.36163e-06
 Reference value :  2.36168e-06
 Reference value :  2.36169e-06
 Reference value :  2.36180e-06
 Reference value :  2.36201e-06
 Reference value :  2.36211e-06
 Reference value :  2.36231e-06
 Reference value :  2.36249e-06
 Reference value :  2.36260e-06
 Reference value :  2.36264e-06
 Reference value :  2.36282e-06
 Reference value :  2.36319e-06
 Reference value :  2.36353e-06
 Reference value :  2.36391e-06
 Reference value :  2.36428e-06
 Reference value :  2.36461e-06
 Reference value :  2.36502e-06
 Reference value :  2.36543e-06
 Reference value :  2.36584e-06
 Reference value :  2.36625e-06
 Reference value :  2.36666e-06
 Reference value :  2.36708e-06
 Reference value :  2.36749e-06
 Reference value :  2.36791e-06
 Reference value :  2.36830e-06
 Reference value :  2.36871e-06
 Reference value :  2.36913e-06
 Reference value :  2.36954e-06
 Reference value :  2.36996e-06
 Reference value :  2.37037e-06
 Reference value :  2.37078e-06
 Reference value :  2.37120e-06
 Reference value :  2.37161e-06
 Reference value :  2.37203e-06
 Reference value :  2.37243e-06
 Reference value :  2.37284e-06
 Reference value :  2.37326e-06
 Reference value :  2.37367e-06
 Reference value :  2.37409e-06
 Reference value :  2.37450e-06
 Reference value :  2.37491e-06
 Reference value :  2.37533e-06
 Reference value :  2.37574e-06
 Reference value :  2.37613e-06
 Reference value :  2.37654e-06
 Reference value :  2.37696e-06
 Reference value :  2.37737e-06
 Reference value :  2.37778e-06
 Reference value :  2.37820e-06
 Reference value :  2.37852e-06
 Reference value :  2.37888e-06
 Reference value :  2.37929e-06
 Reference value :  2.37971e-06
 Reference value :  2.38012e-06
 Reference value :  2.38053e-06
 Reference value :  2.38092e-06
 Reference value :  2.38134e-06
 Reference value :  2.38175e-06
 Reference value :  2.38217e-06
 Reference value :  2.38258e-06
 Reference value :  2.38299e-06
 Reference value :  2.38340e-06
 Reference value :  2.38382e-06
 Reference value :  2.38424e-06
 Reference value :  2.38465e-06
 Reference value :  2.38506e-06
 Reference value :  2.38547e-06
 Reference value :  2.38589e-06
 Reference value :  2.38630e-06
 Reference value :  2.38671e-06
 Reference value :  2.38713e-06
 Reference value :  2.38754e-06
 Reference value :  2.38788e-06
 Reference value :  2.38823e-06
 Reference value :  2.38864e-06
 Reference value :  2.38906e-06
 Reference value :  2.38947e-06
 Reference value :  2.38989e-06
 Reference value :  2.39030e-06
 Reference value :  2.39071e-06
 Reference value :  2.39112e-06
 Reference value :  2.39152e-06
 Reference value :  2.39194e-06
 Reference value :  2.39217e-06
 Reference value :  2.39258e-06
 Reference value :  2.39297e-06
 Reference value :  2.39334e-06
 Reference value :  2.39359e-06
 Reference value :  2.39384e-06
 Reference value :  2.39412e-06
 Reference value :  2.39451e-06
 Reference value :  2.39484e-06
 Reference value :  2.39507e-06
 Reference value :  2.39529e-06
 Reference value :  2.39561e-06
 Reference value :  2.39590e-06
 Reference value :  2.39618e-06
 Reference value :  2.39647e-06
 Reference value :  2.39670e-06
 Reference value :  2.39693e-06
 Reference value :  2.39727e-06
 Reference value :  2.39759e-06
 Reference value :  2.39783e-06
 Reference value :  2.39805e-06
 Reference value :  2.39829e-06
 Reference value :  2.39854e-06
 Reference value :  2.39879e-06
 Reference value :  2.39905e-06
 Reference value :  2.39933e-06
 Reference value :  2.39960e-06
 Reference value :  2.39983e-06
No. of Data Rows : 3120011
tk                  =  4.52828e-09
tk                  =  7.27534e-09
tk                  =  1.00227e-08
tk                  =  1.27694e-08
tk                  =  1.55171e-08
tk                  =  1.82646e-08
tk                  =  2.10113e-08
tk                  =  2.37578e-08
tk                  =  2.65055e-08
tk                  =  2.92521e-08
tk                  =  3.19999e-08
tk                  =  3.47464e-08
tk                  =  3.74942e-08
tk                  =  4.02406e-08
tk                  =  4.29878e-08
tk                  =  4.57347e-08
tk                  =  4.84815e-08
tk                  =  5.12292e-08
tk                  =  5.39759e-08
tk                  =  5.67218e-08
tk                  =  5.94685e-08
tk                  =  6.22162e-08
tk                  =  6.49636e-08
tk                  =  6.77107e-08
tk                  =  7.04572e-08
tk                  =  7.32050e-08
tk                  =  7.59518e-08
tk                  =  7.86982e-08
tk                  =  8.14453e-08
tk                  =  8.41926e-08
tk                  =  8.69396e-08
tk                  =  8.96867e-08
tk                  =  9.24341e-08
tk                  =  9.51811e-08
tk                  =  9.79279e-08
tk                  =  1.00675e-07
tk                  =  1.03422e-07
tk                  =  1.06170e-07
tk                  =  1.08917e-07
tk                  =  1.11664e-07
tk                  =  1.14410e-07
tk                  =  1.17157e-07
tk                  =  1.19905e-07
tk                  =  1.22652e-07
tk                  =  1.25399e-07
tk                  =  1.28147e-07
tk                  =  1.30894e-07
tk                  =  1.33641e-07
tk                  =  1.36389e-07
tk                  =  1.39137e-07
tk                  =  1.41883e-07
tk                  =  1.44632e-07
tk                  =  1.47380e-07
tk                  =  1.50127e-07
tk                  =  1.52874e-07
tk                  =  1.55621e-07
tk                  =  1.58368e-07
tk                  =  1.61115e-07
tk                  =  1.63862e-07
tk                  =  1.66610e-07
tk                  =  1.69356e-07
tk                  =  1.72104e-07
tk                  =  1.74851e-07
tk                  =  1.77598e-07
tk                  =  1.80344e-07
tk                  =  1.83092e-07
tk                  =  1.85840e-07
tk                  =  1.88587e-07
tk                  =  1.91334e-07
tk                  =  1.94082e-07
tk                  =  1.96829e-07
tk                  =  1.99576e-07
tk                  =  2.02323e-07
tk                  =  2.05070e-07
tk                  =  2.07816e-07
tk                  =  2.10565e-07
tk                  =  2.13311e-07
tk                  =  2.16058e-07
tk                  =  2.18806e-07
tk                  =  2.21552e-07
tk                  =  2.24300e-07
tk                  =  2.27047e-07
tk                  =  2.29793e-07
tk                  =  2.32541e-07
tk                  =  2.35288e-07
tk                  =  2.38036e-07
tk                  =  2.40783e-07
tk                  =  2.43529e-07
tk                  =  2.46275e-07
tk                  =  2.49023e-07
tk                  =  2.51770e-07
tk                  =  2.54518e-07
tk                  =  2.57265e-07
tk                  =  2.60012e-07
tk                  =  2.62761e-07
tk                  =  2.65507e-07
tk                  =  2.68255e-07
tk                  =  2.71001e-07
tk                  =  2.73749e-07
tk                  =  2.76496e-07
tk                  =  2.79243e-07
tk                  =  2.81990e-07
tk                  =  2.84737e-07
tk                  =  2.87485e-07
tk                  =  2.90232e-07
tk                  =  2.92979e-07
tk                  =  2.95726e-07
tk                  =  2.98473e-07
tk                  =  3.01220e-07
tk                  =  3.03967e-07
tk                  =  3.06714e-07
tk                  =  3.09461e-07
tk                  =  3.12208e-07
tk                  =  3.14956e-07
tk                  =  3.17704e-07
tk                  =  3.20451e-07
tk                  =  3.23198e-07
tk                  =  3.25945e-07
tk                  =  3.28693e-07
tk                  =  3.31440e-07
tk                  =  3.34188e-07
tk                  =  3.36935e-07
tk                  =  3.39682e-07
tk                  =  3.42430e-07
tk                  =  3.45177e-07
tk                  =  3.47924e-07
tk                  =  3.50671e-07
tk                  =  3.53418e-07
tk                  =  3.56165e-07
tk                  =  3.58913e-07
tk                  =  3.61661e-07
tk                  =  3.64408e-07
tk                  =  3.67156e-07
tk                  =  3.69903e-07
tk                  =  3.72650e-07
tk                  =  3.75398e-07
tk                  =  3.78145e-07
tk                  =  3.80892e-07
tk                  =  3.83640e-07
tk                  =  3.86388e-07
tk                  =  3.89134e-07
tk                  =  3.91882e-07
tk                  =  3.94629e-07
tk                  =  3.97376e-07
tk                  =  4.00124e-07
tk                  =  4.02872e-07
tk                  =  4.05618e-07
tk                  =  4.08366e-07
tk                  =  4.11113e-07
tk                  =  4.13860e-07
tk                  =  4.16606e-07
tk                  =  4.19353e-07
tk                  =  4.22101e-07
tk                  =  4.24848e-07
tk                  =  4.27596e-07
tk                  =  4.30343e-07
tk                  =  4.33091e-07
tk                  =  4.35838e-07
tk                  =  4.38585e-07
tk                  =  4.41333e-07
tk                  =  4.44080e-07
tk                  =  4.46827e-07
tk                  =  4.49574e-07
tk                  =  4.52322e-07
tk                  =  4.55069e-07
tk                  =  4.57816e-07
tk                  =  4.60563e-07
tk                  =  4.63309e-07
tk                  =  4.66057e-07
tk                  =  4.68803e-07
tk                  =  4.71551e-07
tk                  =  4.74298e-07
tk                  =  4.77044e-07
tk                  =  4.79792e-07
tk                  =  4.82539e-07
tk                  =  4.85285e-07
tk                  =  4.88032e-07
tk                  =  4.90780e-07
tk                  =  4.93527e-07
tk                  =  4.96274e-07
tk                  =  4.99020e-07
tk                  =  5.01768e-07
tk                  =  5.04516e-07
tk                  =  5.07262e-07
tk                  =  5.10010e-07
tk                  =  5.12757e-07
tk                  =  5.15504e-07
tk                  =  5.18251e-07
tk                  =  5.20998e-07
tk                  =  5.23745e-07
tk                  =  5.26492e-07
tk                  =  5.29239e-07
tk                  =  5.31985e-07
tk                  =  5.34733e-07
tk                  =  5.37479e-07
tk                  =  5.40227e-07
tk                  =  5.42975e-07
tk                  =  5.45723e-07
tk                  =  5.48470e-07
tk                  =  5.51218e-07
tk                  =  5.53965e-07
tk                  =  5.56712e-07
tk                  =  5.59459e-07
tk                  =  5.62207e-07
tk                  =  5.64954e-07
tk                  =  5.67701e-07
tk                  =  5.70448e-07
tk                  =  5.73195e-07
tk                  =  5.75943e-07
tk                  =  5.78689e-07
tk                  =  5.81437e-07
tk                  =  5.84185e-07
tk                  =  5.86933e-07
tk                  =  5.89680e-07
tk                  =  5.92427e-07
tk                  =  5.95174e-07
tk                  =  5.97921e-07
tk                  =  6.00668e-07
tk                  =  6.03414e-07
tk                  =  6.06162e-07
tk                  =  6.08909e-07
tk                  =  6.11656e-07
tk                  =  6.14404e-07
tk                  =  6.17152e-07
tk                  =  6.19900e-07
tk                  =  6.22648e-07
tk                  =  6.25395e-07
tk                  =  6.28142e-07
tk                  =  6.30888e-07
tk                  =  6.33636e-07
tk                  =  6.36383e-07
tk                  =  6.39130e-07
tk                  =  6.41878e-07
tk                  =  6.44625e-07
tk                  =  6.47371e-07
tk                  =  6.50118e-07
tk                  =  6.52866e-07
tk                  =  6.55613e-07
tk                  =  6.58359e-07
tk                  =  6.61107e-07
tk                  =  6.63855e-07
tk                  =  6.66602e-07
tk                  =  6.69349e-07
tk                  =  6.72098e-07
tk                  =  6.74845e-07
tk                  =  6.77593e-07
tk                  =  6.80339e-07
tk                  =  6.83087e-07
tk                  =  6.85834e-07
tk                  =  6.88581e-07
tk                  =  6.91328e-07
tk                  =  6.94076e-07
tk                  =  6.96824e-07
tk                  =  6.99571e-07
tk                  =  7.02318e-07
tk                  =  7.05065e-07
tk                  =  7.07812e-07
tk                  =  7.10561e-07
tk                  =  7.13307e-07
tk                  =  7.16054e-07
tk                  =  7.18802e-07
tk                  =  7.21548e-07
tk                  =  7.24295e-07
tk                  =  7.27042e-07
tk                  =  7.29791e-07
tk                  =  7.32537e-07
tk                  =  7.35285e-07
tk                  =  7.38032e-07
tk                  =  7.40780e-07
tk                  =  7.43527e-07
tk                  =  7.46273e-07
tk                  =  7.49021e-07
tk                  =  7.51768e-07
tk                  =  7.54515e-07
tk                  =  7.57262e-07
tk                  =  7.60009e-07
tk                  =  7.62757e-07
tk                  =  7.65504e-07
tk                  =  7.68251e-07
tk                  =  7.70999e-07
tk                  =  7.73746e-07
tk                  =  7.76492e-07
tk                  =  7.79239e-07
tk                  =  7.81986e-07
tk                  =  7.84734e-07
tk                  =  7.87481e-07
tk                  =  7.90227e-07
tk                  =  7.92974e-07
tk                  =  7.95722e-07
tk                  =  7.98469e-07
tk                  =  8.01215e-07
tk                  =  8.03963e-07
tk                  =  8.06709e-07
tk                  =  8.09458e-07
tk                  =  8.12204e-07
tk                  =  8.14952e-07
tk                  =  8.17700e-07
tk                  =  8.20446e-07
tk                  =  8.23194e-07
tk                  =  8.25942e-07
tk                  =  8.28687e-07
tk                  =  8.31434e-07
tk                  =  8.34181e-07
tk                  =  8.36928e-07
tk                  =  8.39675e-07
tk                  =  8.42422e-07
tk                  =  8.45169e-07
tk                  =  8.47916e-07
tk                  =  8.50664e-07
tk                  =  8.53411e-07
tk                  =  8.56159e-07
tk                  =  8.58906e-07
tk                  =  8.61652e-07
tk                  =  8.64400e-07
tk                  =  8.67146e-07
tk                  =  8.69894e-07
tk                  =  8.72641e-07
tk                  =  8.75388e-07
tk                  =  8.78136e-07
tk                  =  8.80884e-07
tk                  =  8.83631e-07
tk                  =  8.86378e-07
tk                  =  8.89125e-07
tk                  =  8.91872e-07
tk                  =  8.94620e-07
tk                  =  8.97366e-07
tk                  =  9.00113e-07
tk                  =  9.02861e-07
tk                  =  9.05608e-07
tk                  =  9.08355e-07
tk                  =  9.11102e-07
tk                  =  9.13849e-07
tk                  =  9.16596e-07
tk                  =  9.19344e-07
tk                  =  9.22090e-07
tk                  =  9.24838e-07
tk                  =  9.27586e-07
tk                  =  9.30333e-07
tk                  =  9.33080e-07
tk                  =  9.35826e-07
tk                  =  9.38575e-07
tk                  =  9.41321e-07
tk                  =  9.44068e-07
tk                  =  9.46816e-07
tk                  =  9.49563e-07
tk                  =  9.52311e-07
tk                  =  9.55058e-07
tk                  =  9.57805e-07
tk                  =  9.60552e-07
tk                  =  9.63300e-07
tk                  =  9.66048e-07
tk                  =  9.68795e-07
tk                  =  9.71542e-07
tk                  =  9.74289e-07
tk                  =  9.77037e-07
tk                  =  9.79784e-07
tk                  =  9.82532e-07
tk                  =  9.85279e-07
tk                  =  9.88025e-07
tk                  =  9.90772e-07
tk                  =  9.93518e-07
tk                  =  9.96266e-07
tk                  =  9.99013e-07
tk                  =  1.00176e-06
tk                  =  1.00451e-06
tk                  =  1.00725e-06
tk                  =  1.01000e-06
tk                  =  1.01275e-06
tk                  =  1.01549e-06
tk                  =  1.01824e-06
tk                  =  1.02099e-06
tk                  =  1.02374e-06
tk                  =  1.02648e-06
tk                  =  1.02923e-06
tk                  =  1.03198e-06
tk                  =  1.03473e-06
tk                  =  1.03747e-06
tk                  =  1.04022e-06
tk                  =  1.04297e-06
tk                  =  1.04572e-06
tk                  =  1.04846e-06
tk                  =  1.05121e-06
tk                  =  1.05396e-06
tk                  =  1.05671e-06
tk                  =  1.05945e-06
tk                  =  1.06220e-06
tk                  =  1.06495e-06
tk                  =  1.06770e-06
tk                  =  1.07044e-06
tk                  =  1.07319e-06
tk                  =  1.07594e-06
tk                  =  1.07868e-06
tk                  =  1.08143e-06
tk                  =  1.08418e-06
tk                  =  1.08693e-06
tk                  =  1.08967e-06
tk                  =  1.09242e-06
tk                  =  1.09517e-06
tk                  =  1.09792e-06
tk                  =  1.10066e-06
tk                  =  1.10341e-06
tk                  =  1.10616e-06
tk                  =  1.10890e-06
tk                  =  1.11165e-06
tk                  =  1.11440e-06
tk                  =  1.11715e-06
tk                  =  1.11989e-06
tk                  =  1.12264e-06
tk                  =  1.12539e-06
tk                  =  1.12814e-06
tk                  =  1.13088e-06
tk                  =  1.13363e-06
tk                  =  1.13638e-06
tk                  =  1.13913e-06
tk                  =  1.14187e-06
tk                  =  1.14462e-06
tk                  =  1.14737e-06
tk                  =  1.15011e-06
tk                  =  1.15286e-06
tk                  =  1.15561e-06
tk                  =  1.15835e-06
tk                  =  1.16110e-06
tk                  =  1.16385e-06
tk                  =  1.16660e-06
tk                  =  1.16934e-06
tk                  =  1.17209e-06
tk                  =  1.17484e-06
tk                  =  1.17758e-06
tk                  =  1.18033e-06
tk                  =  1.18308e-06
tk                  =  1.18582e-06
tk                  =  1.18857e-06
tk                  =  1.19132e-06
tk                  =  1.19407e-06
tk                  =  1.19681e-06
tk                  =  1.19956e-06
tk                  =  1.20231e-06
tk                  =  1.20505e-06
tk                  =  1.20780e-06
tk                  =  1.21055e-06
tk                  =  1.21330e-06
tk                  =  1.21604e-06
tk                  =  1.21879e-06
tk                  =  1.22154e-06
tk                  =  1.22428e-06
tk                  =  1.22703e-06
tk                  =  1.22978e-06
tk                  =  1.23253e-06
tk                  =  1.23527e-06
tk                  =  1.23802e-06
tk                  =  1.24077e-06
tk                  =  1.24351e-06
tk                  =  1.24626e-06
tk                  =  1.24901e-06
tk                  =  1.25175e-06
tk                  =  1.25450e-06
tk                  =  1.25725e-06
tk                  =  1.26000e-06
tk                  =  1.26274e-06
tk                  =  1.26549e-06
tk                  =  1.26824e-06
tk                  =  1.27099e-06
tk                  =  1.27373e-06
tk                  =  1.27648e-06
tk                  =  1.27923e-06
tk                  =  1.28197e-06
tk                  =  1.28472e-06
tk                  =  1.28747e-06
tk                  =  1.29021e-06
tk                  =  1.29296e-06
tk                  =  1.29571e-06
tk                  =  1.29846e-06
tk                  =  1.30120e-06
tk                  =  1.30395e-06
tk                  =  1.30670e-06
tk                  =  1.30944e-06
tk                  =  1.31219e-06
tk                  =  1.31494e-06
tk                  =  1.31769e-06
tk                  =  1.32043e-06
tk                  =  1.32318e-06
tk                  =  1.32593e-06
tk                  =  1.32867e-06
tk                  =  1.33142e-06
tk                  =  1.33417e-06
tk                  =  1.33691e-06
tk                  =  1.33966e-06
tk                  =  1.34241e-06
tk                  =  1.34515e-06
tk                  =  1.34790e-06
tk                  =  1.35065e-06
tk                  =  1.35340e-06
tk                  =  1.35614e-06
tk                  =  1.35889e-06
tk                  =  1.36164e-06
tk                  =  1.36438e-06
tk                  =  1.36713e-06
tk                  =  1.36988e-06
tk                  =  1.37262e-06
tk                  =  1.37537e-06
tk                  =  1.37812e-06
tk                  =  1.38087e-06
tk                  =  1.38361e-06
tk                  =  1.38636e-06
tk                  =  1.38911e-06
tk                  =  1.39186e-06
tk                  =  1.39460e-06
tk                  =  1.39735e-06
tk                  =  1.40010e-06
tk                  =  1.40285e-06
tk                  =  1.40559e-06
tk                  =  1.40834e-06
tk                  =  1.41109e-06
tk                  =  1.41383e-06
tk                  =  1.41658e-06
tk                  =  1.41933e-06
tk                  =  1.42208e-06
tk                  =  1.42482e-06
tk                  =  1.42757e-06
tk                  =  1.43032e-06
tk                  =  1.43306e-06
tk                  =  1.43581e-06
tk                  =  1.43856e-06
tk                  =  1.44131e-06
tk                  =  1.44405e-06
tk                  =  1.44680e-06
tk                  =  1.44955e-06
tk                  =  1.45229e-06
tk                  =  1.45504e-06
tk                  =  1.45779e-06
tk                  =  1.46054e-06
tk                  =  1.46328e-06
tk                  =  1.46603e-06
tk                  =  1.46878e-06
tk                  =  1.47152e-06
tk                  =  1.47427e-06
tk                  =  1.47702e-06
tk                  =  1.47977e-06
tk                  =  1.48251e-06
tk                  =  1.48526e-06
tk                  =  1.48801e-06
tk                  =  1.49076e-06
tk                  =  1.49350e-06
tk                  =  1.49625e-06
tk                  =  1.49900e-06
tk                  =  1.50174e-06
tk                  =  1.50449e-06
tk                  =  1.50724e-06
tk                  =  1.50998e-06
tk                  =  1.51273e-06
tk                  =  1.51548e-06
tk                  =  1.51823e-06
tk                  =  1.52098e-06
tk                  =  1.52372e-06
tk                  =  1.52647e-06
tk                  =  1.52921e-06
tk                  =  1.53196e-06
tk                  =  1.53471e-06
tk                  =  1.53746e-06
tk                  =  1.54020e-06
tk                  =  1.54295e-06
tk                  =  1.54570e-06
tk                  =  1.54844e-06
tk                  =  1.55119e-06
tk                  =  1.55394e-06
tk                  =  1.55669e-06
tk                  =  1.55944e-06
tk                  =  1.56218e-06
tk                  =  1.56493e-06
tk                  =  1.56768e-06
tk                  =  1.57042e-06
tk                  =  1.57317e-06
tk                  =  1.57592e-06
tk                  =  1.57866e-06
tk                  =  1.58141e-06
tk                  =  1.58416e-06
tk                  =  1.58690e-06
tk                  =  1.58965e-06
tk                  =  1.59240e-06
tk                  =  1.59515e-06
tk                  =  1.59789e-06
tk                  =  1.60064e-06
tk                  =  1.60339e-06
tk                  =  1.60614e-06
tk                  =  1.60888e-06
tk                  =  1.61163e-06
tk                  =  1.61438e-06
tk                  =  1.61712e-06
tk                  =  1.61987e-06
tk                  =  1.62262e-06
tk                  =  1.62537e-06
tk                  =  1.62811e-06
tk                  =  1.63086e-06
tk                  =  1.63361e-06
tk                  =  1.63635e-06
tk                  =  1.63910e-06
tk                  =  1.64185e-06
tk                  =  1.64460e-06
tk                  =  1.64734e-06
tk                  =  1.65009e-06
tk                  =  1.65284e-06
tk                  =  1.65558e-06
tk                  =  1.65833e-06
tk                  =  1.66108e-06
tk                  =  1.66382e-06
tk                  =  1.66657e-06
tk                  =  1.66932e-06
tk                  =  1.67207e-06
tk                  =  1.67481e-06
tk                  =  1.67756e-06
tk                  =  1.68031e-06
tk                  =  1.68306e-06
tk                  =  1.68580e-06
tk                  =  1.68855e-06
tk                  =  1.69130e-06
tk                  =  1.69404e-06
tk                  =  1.69679e-06
tk                  =  1.69954e-06
tk                  =  1.70229e-06
tk                  =  1.70503e-06
tk                  =  1.70778e-06
tk                  =  1.71053e-06
tk                  =  1.71328e-06
tk                  =  1.71602e-06
tk                  =  1.71877e-06
tk                  =  1.72152e-06
tk                  =  1.72426e-06
tk                  =  1.72701e-06
tk                  =  1.72976e-06
tk                  =  1.73251e-06
tk                  =  1.73525e-06
tk                  =  1.73800e-06
tk                  =  1.74075e-06
tk                  =  1.74349e-06
tk                  =  1.74624e-06
tk                  =  1.74899e-06
tk                  =  1.75173e-06
tk                  =  1.75448e-06
tk                  =  1.75723e-06
tk                  =  1.75998e-06
tk                  =  1.76272e-06
tk                  =  1.76547e-06
tk                  =  1.76822e-06
tk                  =  1.77096e-06
tk                  =  1.77371e-06
tk                  =  1.77646e-06
tk                  =  1.77921e-06
tk                  =  1.78195e-06
tk                  =  1.78470e-06
tk                  =  1.78745e-06
tk                  =  1.79019e-06
tk                  =  1.79294e-06
tk                  =  1.79569e-06
tk                  =  1.79844e-06
tk                  =  1.80118e-06
tk                  =  1.80393e-06
tk                  =  1.80668e-06
tk                  =  1.80942e-06
tk                  =  1.81217e-06
tk                  =  1.81492e-06
tk                  =  1.81766e-06
tk                  =  1.82041e-06
tk                  =  1.82316e-06
tk                  =  1.82591e-06
tk                  =  1.82865e-06
tk                  =  1.83140e-06
tk                  =  1.83415e-06
tk                  =  1.83689e-06
tk                  =  1.83964e-06
tk                  =  1.84239e-06
tk                  =  1.84514e-06
tk                  =  1.84788e-06
tk                  =  1.85063e-06
tk                  =  1.85338e-06
tk                  =  1.85612e-06
tk                  =  1.85887e-06
tk                  =  1.86162e-06
tk                  =  1.86436e-06
tk                  =  1.86711e-06
tk                  =  1.86986e-06
tk                  =  1.87261e-06
tk                  =  1.87535e-06
tk                  =  1.87810e-06
tk                  =  1.88085e-06
tk                  =  1.88359e-06
tk                  =  1.88634e-06
tk                  =  1.88909e-06
tk                  =  1.89184e-06
tk                  =  1.89458e-06
tk                  =  1.89733e-06
tk                  =  1.90008e-06
tk                  =  1.90282e-06
tk                  =  1.90557e-06
tk                  =  1.90832e-06
tk                  =  1.91107e-06
tk                  =  1.91381e-06
tk                  =  1.91656e-06
tk                  =  1.91931e-06
tk                  =  1.92205e-06
tk                  =  1.92480e-06
tk                  =  1.92755e-06
tk                  =  1.93029e-06
tk                  =  1.93304e-06
tk                  =  1.93579e-06
tk                  =  1.93854e-06
tk                  =  1.94128e-06
tk                  =  1.94403e-06
tk                  =  1.94678e-06
tk                  =  1.94952e-06
tk                  =  1.95227e-06
tk                  =  1.95502e-06
tk                  =  1.95777e-06
tk                  =  1.96051e-06
tk                  =  1.96326e-06
tk                  =  1.96601e-06
tk                  =  1.96875e-06
tk                  =  1.97150e-06
tk                  =  1.97425e-06
tk                  =  1.97700e-06
tk                  =  1.97974e-06
tk                  =  1.98249e-06
tk                  =  1.98524e-06
tk                  =  1.98798e-06
tk                  =  1.99073e-06
tk                  =  1.99348e-06
tk                  =  1.99622e-06
tk                  =  1.99897e-06
tk                  =  2.00172e-06
tk                  =  2.00447e-06
tk                  =  2.00721e-06
tk                  =  2.00996e-06
tk                  =  2.01271e-06
tk                  =  2.01546e-06
tk                  =  2.01820e-06
tk                  =  2.02095e-06
tk                  =  2.02370e-06
tk                  =  2.02645e-06
tk                  =  2.02919e-06
tk                  =  2.03194e-06
tk                  =  2.03469e-06
tk                  =  2.03743e-06
tk                  =  2.04018e-06
tk                  =  2.04293e-06
tk                  =  2.04568e-06
tk                  =  2.04842e-06
tk                  =  2.05117e-06
tk                  =  2.05392e-06
tk                  =  2.05666e-06
tk                  =  2.05941e-06
tk                  =  2.06216e-06
tk                  =  2.06490e-06
tk                  =  2.06765e-06
tk                  =  2.07040e-06
tk                  =  2.07314e-06
tk                  =  2.07589e-06
tk                  =  2.07864e-06
tk                  =  2.08139e-06
tk                  =  2.08413e-06
tk                  =  2.08688e-06
tk                  =  2.08963e-06
tk                  =  2.09237e-06
tk                  =  2.09512e-06
tk                  =  2.09787e-06
tk                  =  2.10062e-06
tk                  =  2.10336e-06
tk                  =  2.10611e-06
tk                  =  2.10886e-06
tk                  =  2.11160e-06
tk                  =  2.11435e-06
qw0                 =  -1.34062e-02
qw1                 =  -4.00631e-02
m_period = 2.7471460938e-09
m_f_osc = 3.6401413171e+08
m_period_startup16 = 2.7470751875e-09
m_period_b00 = 2.7470942292e-09
m_period_b01 = 2.7472062500e-09
m_period_b02 = 2.7472708333e-09
m_period_b03 = 2.7471145833e-09
m_period_b04 = 2.7472854167e-09
m_period_b05 = 2.7472208333e-09
m_period_b06 = 2.7471687500e-09
m_period_b07 = 2.7472583333e-09
m_period_b08 = 2.7471875000e-09
m_period_b09 = 2.7470833333e-09
m_period_b10 = 2.7471458333e-09
m_period_b11 = 2.7471250000e-09
m_period_b12 = 2.7471875000e-09
m_period_b13 = 2.7471041667e-09
m_period_b14 = 2.7470833333e-09
m_period_b15 = 2.7471041667e-09
m_sigma_1 = 6.6313639448e-13
m_sigma_2 = 7.8961207986e-13
m_sigma_4 = 9.8035896305e-13
m_sigma_8 = 1.3034776500e-12
m_sigma_16 = 1.6695355439e-12
m_sigma_32 = 2.3537990701e-12
m_sigma_64 = 3.6045654580e-12
m_sigma_128 = 5.3365196110e-12
m_sigma_startup16_1 = 5.3374765808e-13
m_sigma_startup16_2 = 4.6660680781e-13
m_sigma_startup16_4 = 6.1219858622e-13
m_sigma_startup16_8 = 6.7232767309e-13
m_i_ring_a = 1.8952068724e-05
m_p_active_w = 6.2541826788e-05
m_e_per_cycle_j = 1.7181153516e-13
m_c_eff_node_f = 3.1554000947e-15
m_vsup_v = 3.3000000000e+00
Note: Simulation executed from .control section 

